#VRML V2.0 utf8
WorldInfo {
  title "Exported triangle mesh to VRML97"
  info ["Created by FreeCAD"
        "<https://www.freecad.org>"]
}

Transform {
  scale 1 1 1
  rotation 0 0 1 0
  scaleOrientation 0 0 1 0
  center 0.000 0.000 0.000
  translation 0.000 0.000 0.000
  children
    Shape { 
      appearance
      Appearance {
        material
        Material {
          diffuseColor 0.8 0.8 0.8
        }
      }
      geometry
      IndexedFaceSet {
        coord
        Coordinate {
          point [
            -3.757 7.068 11.879,
            -3.914 6.764 11.724,
            -3.765 6.764 11.879,
            -3.906 7.080 11.724,
            -3.735 7.372 11.879,
            -3.883 7.396 11.724,
            -3.697 7.674 11.879,
            -3.843 7.710 11.724,
            -3.645 7.973 11.879,
            -3.788 8.022 11.724,
            -3.579 8.270 11.879,
            -3.718 8.331 11.724,
            -3.498 8.564 11.879,
            -3.632 8.636 11.724,
            -3.402 8.853 11.879,
            -3.531 8.936 11.724,
            -3.293 9.137 11.879,
            -3.416 9.230 11.724,
            -3.169 9.415 11.879,
            -3.286 9.519 11.724,
            -3.032 9.687 11.879,
            -3.141 9.801 11.724,
            -2.882 9.951 11.879,
            -2.983 10.075 11.724,
            -2.720 10.208 11.879,
            -2.811 10.341 11.724,
            -2.544 10.457 11.879,
            -2.626 10.598 11.724,
            -2.357 10.697 11.879,
            -2.429 10.846 11.724,
            -2.158 10.928 11.879,
            -2.219 11.083 11.724,
            -1.949 11.148 11.879,
            -1.998 11.310 11.724,
            -1.728 11.358 11.879,
            -1.766 11.525 11.724,
            -1.498 11.557 11.879,
            -1.524 11.728 11.724,
            -1.258 11.744 11.879,
            -1.271 11.920 11.724,
            -1.009 11.919 11.879,
            -1.010 12.098 11.724,
            -0.752 12.082 11.879,
            -0.739 12.263 11.724,
            -0.487 12.232 11.879,
            -0.461 12.415 11.724,
            -0.215 12.369 11.879,
            -0.176 12.552 11.724,
            0.063 12.492 11.879,
            0.116 12.675 11.724,
            0.347 12.602 11.879,
            0.413 12.783 11.724,
            0.636 12.697 11.879,
            0.716 12.876 11.724,
            0.929 12.778 11.879,
            1.023 12.955 11.724,
            1.226 12.845 11.879,
            1.333 13.017 11.724,
            1.526 12.897 11.879,
            1.646 13.065 11.724,
            1.828 12.934 11.879,
            1.961 13.096 11.724,
            2.131 12.956 11.879,
            2.277 13.112 11.724,
            2.436 12.964 11.879,
            2.594 13.112 11.724,
            2.740 12.956 11.879,
            2.910 13.096 11.724,
            3.043 12.934 11.879,
            3.225 13.065 11.724,
            3.345 12.897 11.879,
            3.538 13.017 11.724,
            3.645 12.845 11.879,
            3.849 12.955 11.724,
            3.942 12.778 11.879,
            4.155 12.876 11.724,
            4.235 12.697 11.879,
            4.458 12.783 11.724,
            4.524 12.602 11.879,
            4.756 12.675 11.724,
            4.808 12.492 11.879,
            5.047 12.552 11.724,
            5.087 12.369 11.879,
            5.333 12.415 11.724,
            5.358 12.232 11.879,
            5.611 12.263 11.724,
            5.623 12.082 11.879,
            5.881 12.098 11.724,
            5.880 11.919 11.879,
            6.142 11.920 11.724,
            6.129 11.744 11.879,
            6.395 11.728 11.724,
            6.369 11.557 11.879,
            6.637 11.525 11.724,
            6.599 11.358 11.879,
            6.869 11.310 11.724,
            6.820 11.148 11.879,
            7.090 11.083 11.724,
            7.030 10.928 11.879,
            7.300 10.846 11.724,
            7.228 10.697 11.879,
            7.497 10.598 11.724,
            7.416 10.457 11.879,
            7.682 10.341 11.724,
            7.591 10.208 11.879,
            7.854 10.075 11.724,
            7.754 9.951 11.879,
            8.012 9.801 11.724,
            7.904 9.687 11.879,
            8.157 9.519 11.724,
            8.040 9.415 11.879,
            8.287 9.230 11.724,
            8.164 9.137 11.879,
            8.403 8.936 11.724,
            8.273 8.853 11.879,
            8.503 8.636 11.724,
            8.369 8.564 11.879,
            8.589 8.331 11.724,
            8.450 8.270 11.879,
            8.660 8.022 11.724,
            8.517 7.973 11.879,
            8.715 7.710 11.724,
            8.569 7.674 11.879,
            8.754 7.396 11.724,
            8.606 7.372 11.879,
            8.778 7.080 11.724,
            8.628 7.068 11.879,
            8.786 6.764 11.724,
            8.636 6.764 11.879,
            8.628 7.073 9.772,
            8.786 6.764 9.922,
            8.636 6.764 9.772,
            8.778 7.080 9.922,
            8.605 7.381 9.772,
            8.754 7.396 9.922,
            8.566 7.688 9.772,
            8.715 7.710 9.922,
            8.513 7.992 9.772,
            8.660 8.022 9.922,
            8.444 8.294 9.772,
            8.589 8.331 9.922,
            8.360 8.591 9.772,
            8.503 8.636 9.922,
            8.262 8.884 9.772,
            8.403 8.936 9.922,
            8.149 9.172 9.772,
            8.287 9.230 9.922,
            8.022 9.454 9.772,
            8.157 9.519 9.922,
            7.881 9.729 9.772,
            8.012 9.801 9.922,
            7.726 9.997 9.772,
            7.854 10.075 9.922,
            7.558 10.256 9.772,
            7.682 10.341 9.922,
            7.378 10.507 9.772,
            7.497 10.598 9.922,
            7.185 10.749 9.772,
            7.300 10.846 9.922,
            6.981 10.981 9.772,
            7.090 11.083 9.922,
            6.765 11.202 9.772,
            6.869 11.310 9.922,
            6.538 11.412 9.772,
            6.637 11.525 9.922,
            6.301 11.611 9.772,
            6.395 11.728 9.922,
            6.055 11.798 9.772,
            6.142 11.920 9.922,
            5.799 11.972 9.772,
            5.881 12.098 9.922,
            5.536 12.133 9.772,
            5.611 12.263 9.922,
            5.264 12.281 9.772,
            5.333 12.415 9.922,
            4.986 12.415 9.772,
            5.047 12.552 9.922,
            4.701 12.535 9.772,
            4.756 12.675 9.922,
            4.410 12.641 9.772,
            4.458 12.783 9.922,
            4.115 12.732 9.772,
            4.155 12.876 9.922,
            3.815 12.808 9.772,
            3.849 12.955 9.922,
            3.512 12.870 9.772,
            3.538 13.017 9.922,
            3.207 12.916 9.772,
            3.225 13.065 9.922,
            2.899 12.946 9.772,
            2.910 13.096 9.922,
            2.590 12.962 9.772,
            2.594 13.112 9.922,
            2.281 12.962 9.772,
            2.277 13.112 9.922,
            1.972 12.946 9.772,
            1.961 13.096 9.922,
            1.665 12.916 9.772,
            1.646 13.065 9.922,
            1.359 12.870 9.772,
            1.333 13.017 9.922,
            1.056 12.808 9.772,
            1.023 12.955 9.922,
            0.756 12.732 9.772,
            0.716 12.876 9.922,
            0.461 12.641 9.772,
            0.413 12.783 9.922,
            0.170 12.535 9.772,
            0.116 12.675 9.922,
            -0.176 12.552 9.922,
            -0.114 12.415 9.772,
            -0.393 12.281 9.772,
            -0.461 12.415 9.922,
            -0.739 12.263 9.922,
            -0.664 12.133 9.772,
            -0.928 11.972 9.772,
            -1.010 12.098 9.922,
            -1.184 11.798 9.772,
            -1.271 11.920 9.922,
            -1.430 11.611 9.772,
            -1.524 11.728 9.922,
            -1.766 11.525 9.922,
            -1.667 11.412 9.772,
            -1.893 11.202 9.772,
            -1.998 11.310 9.922,
            -2.219 11.083 9.922,
            -2.109 10.981 9.772,
            -2.314 10.749 9.772,
            -2.429 10.846 9.922,
            -2.626 10.598 9.922,
            -2.507 10.507 9.772,
            -2.687 10.256 9.772,
            -2.811 10.341 9.922,
            -2.983 10.075 9.922,
            -2.855 9.997 9.772,
            -3.141 9.801 9.922,
            -3.009 9.729 9.772,
            -3.150 9.454 9.772,
            -3.286 9.519 9.922,
            -3.416 9.230 9.922,
            -3.278 9.172 9.772,
            -3.531 8.936 9.922,
            -3.390 8.884 9.772,
            -3.632 8.636 9.922,
            -3.489 8.591 9.772,
            -3.718 8.331 9.922,
            -3.573 8.294 9.772,
            -3.788 8.022 9.922,
            -3.641 7.992 9.772,
            -3.843 7.710 9.922,
            -3.695 7.688 9.772,
            -3.883 7.396 9.922,
            -3.734 7.381 9.772,
            -3.906 7.080 9.922,
            -3.757 7.073 9.772,
            -3.914 6.764 9.922,
            -3.764 6.764 9.772,
            2.436 2.630 11.931,
            0.929 0.750 11.879,
            1.226 0.683 11.879,
            1.526 0.631 11.879,
            1.828 0.594 11.879,
            2.131 0.571 11.879,
            2.436 0.564 11.879,
            0.636 0.831 11.879,
            0.347 0.926 11.879,
            0.063 1.036 11.879,
            -0.215 1.159 11.879,
            -0.487 1.296 11.879,
            -0.752 1.446 11.879,
            -1.009 1.609 11.879,
            2.436 4.697 11.962,
            -1.258 1.784 11.879,
            -1.498 1.971 11.879,
            -1.728 2.170 11.879,
            -1.949 2.380 11.879,
            -2.158 2.600 11.879,
            -2.357 2.831 11.879,
            -2.544 3.070 11.879,
            -2.720 3.319 11.879,
            -2.882 3.576 11.879,
            -3.032 3.841 11.879,
            -3.169 4.113 11.879,
            -3.293 4.391 11.879,
            -3.402 4.675 11.879,
            2.436 6.764 11.972,
            -3.498 4.964 11.879,
            -3.579 5.257 11.879,
            -3.645 5.554 11.879,
            -3.697 5.854 11.879,
            -3.735 6.156 11.879,
            -3.757 6.460 11.879,
            2.436 10.898 11.931,
            2.436 8.831 11.962,
            5.251 12.455 10.522,
            5.176 12.492 10.522,
            5.100 12.528 10.522,
            5.251 12.455 11.051,
            5.209 12.476 11.051,
            5.209 12.476 10.576,
            5.147 12.506 10.576,
            5.086 12.534 10.576,
            5.024 12.562 10.522,
            5.024 12.562 10.576,
            4.981 12.581 10.522,
            4.965 12.588 10.522,
            5.237 12.462 11.051,
            5.223 12.469 11.051,
            4.949 12.595 10.522,
            4.933 12.602 10.522,
            4.785 12.663 10.692,
            4.859 12.633 10.692,
            4.710 12.692 10.692,
            4.562 12.747 10.522,
            4.636 12.721 10.692,
            4.546 12.753 10.522,
            4.530 12.759 10.522,
            4.513 12.764 10.522,
            4.749 12.678 11.051,
            4.747 12.678 11.051,
            4.745 12.679 11.051,
            4.742 12.680 11.051,
            4.326 12.826 10.522,
            4.311 12.830 10.522,
            4.296 12.835 10.522,
            4.281 12.840 10.522,
            4.404 12.801 10.997,
            4.378 12.809 10.997,
            4.352 12.818 10.997,
            4.326 12.826 10.997,
            4.374 12.811 11.051,
            4.343 12.820 11.051,
            4.312 12.830 11.051,
            4.055 12.904 10.611,
            4.051 12.905 10.600,
            4.061 12.902 10.629,
            4.046 12.906 10.588,
            4.064 12.901 10.649,
            4.037 12.909 10.575,
            4.065 12.901 10.659,
            4.066 12.901 10.670,
            4.026 12.912 10.560,
            4.018 12.913 10.552,
            4.064 12.901 10.688,
            4.281 12.840 11.051,
            4.010 12.916 10.544,
            4.063 12.902 10.701,
            4.060 12.902 10.712,
            4.000 12.918 10.537,
            4.058 12.903 10.722,
            3.988 12.921 10.529,
            4.052 12.905 10.741,
            3.975 12.925 10.522,
            4.047 12.906 10.754,
            3.960 12.928 10.516,
            4.039 12.908 10.771,
            3.943 12.932 10.512,
            4.028 12.911 10.791,
            3.928 12.936 10.510,
            3.910 12.940 10.508,
            3.891 12.945 10.510,
            3.875 12.949 10.512,
            3.859 12.952 10.517,
            3.849 12.955 10.520,
            3.837 12.957 10.526,
            3.824 12.960 10.533,
            3.808 12.964 10.544,
            3.801 12.965 10.550,
            4.019 12.913 10.807,
            4.008 12.916 10.823,
            3.696 12.988 10.522,
            3.749 12.977 10.671,
            3.750 12.976 10.652,
            3.752 12.976 10.636,
            3.756 12.975 10.619,
            3.762 12.974 10.603,
            3.769 12.972 10.589,
            3.777 12.971 10.577,
            3.785 12.969 10.566,
            3.793 12.967 10.557,
            3.750 12.976 10.682,
            3.855 12.953 11.065,
            3.819 12.961 11.036,
            3.854 12.953 10.820,
            3.839 12.957 10.814,
            3.826 12.960 10.808,
            3.815 12.962 10.800,
            3.805 12.964 10.793,
            3.796 12.966 10.785,
            3.789 12.968 10.777,
            3.782 12.969 10.769,
            3.578 13.010 10.522,
            3.676 12.992 10.888,
            3.772 12.972 10.754,
            3.765 12.973 10.742,
            3.760 12.974 10.731,
            3.754 12.975 10.713,
            3.752 12.976 10.703,
            3.751 12.976 10.693,
            3.675 12.992 10.905,
            3.673 12.992 10.916,
            3.660 12.995 10.888,
            3.672 12.992 10.926,
            3.670 12.993 10.936,
            3.645 12.998 10.888,
            3.665 12.994 10.952,
            3.658 12.995 10.968,
            3.626 13.001 10.910,
            3.628 13.001 10.899,
            3.629 13.001 10.888,
            3.651 12.997 10.982,
            3.621 13.002 10.929,
            3.643 12.998 10.994,
            3.614 13.003 10.946,
            3.460 13.031 10.522,
            3.609 13.004 10.956,
            3.602 13.006 10.966,
            3.593 13.008 10.977,
            3.635 13.000 11.005,
            3.578 13.010 10.990,
            3.494 13.025 10.741,
            3.569 13.012 10.995,
            3.559 13.014 11.001,
            3.548 13.016 11.005,
            3.535 13.018 11.008,
            3.522 13.020 11.010,
            3.423 13.037 10.753,
            3.454 13.032 10.718,
            3.423 13.037 10.576,
            3.342 13.049 10.522,
            3.509 13.023 11.011,
            3.498 13.024 11.010,
            3.488 13.026 11.009,
            3.450 13.032 10.789,
            3.398 13.040 10.782,
            3.342 13.049 10.576,
            3.470 13.029 11.004,
            3.386 13.042 10.799,
            3.453 13.032 10.997,
            3.444 13.033 10.992,
            3.434 13.035 10.808,
            3.433 13.035 10.983,
            3.426 13.036 10.819,
            3.374 13.044 10.816,
            3.421 13.037 10.971,
            3.417 13.038 10.832,
            3.411 13.039 10.843,
            3.369 13.045 10.826,
            3.410 13.039 10.956,
            3.402 13.040 10.862,
            3.397 13.041 10.923,
            3.397 13.041 10.881,
            3.396 13.041 10.892,
            3.395 13.041 10.903,
            3.405 13.039 10.946,
            3.401 13.040 10.935,
            3.272 13.058 10.626,
            3.276 13.058 10.637,
            3.266 13.059 10.611,
            3.282 13.057 10.656,
            3.259 13.060 10.596,
            3.286 13.057 10.674,
            3.250 13.061 10.581,
            3.289 13.056 10.694,
            3.239 13.063 10.566,
            3.292 13.056 10.719,
            3.226 13.065 10.551,
            3.294 13.056 10.751,
            3.358 13.046 10.849,
            3.363 13.046 10.837,
            3.218 13.065 10.544,
            3.209 13.067 10.538,
            3.295 13.055 10.786,
            3.354 13.047 10.862,
            3.201 13.068 10.532,
            3.192 13.069 10.527,
            3.294 13.056 10.821,
            3.351 13.047 10.877,
            3.183 13.070 10.522,
            3.292 13.056 10.853,
            3.348 13.048 10.907,
            3.349 13.048 10.892,
            3.174 13.071 10.518,
            3.164 13.072 10.515,
            3.289 13.056 10.878,
            3.154 13.073 10.513,
            3.286 13.057 10.897,
            3.350 13.048 10.930,
            3.349 13.048 10.919,
            3.144 13.074 10.511,
            3.283 13.057 10.915,
            3.352 13.047 10.941,
            3.280 13.057 10.925,
            3.354 13.047 10.951,
            3.132 13.076 10.509,
            3.274 13.058 10.944,
            3.360 13.046 10.969,
            3.119 13.077 10.508,
            3.626 13.001 11.015,
            3.618 13.003 11.023,
            3.610 13.004 11.030,
            3.594 13.007 11.041,
            3.581 13.010 11.048,
            3.570 13.012 11.053,
            3.561 13.013 11.056,
            3.544 13.016 11.061,
            3.526 13.020 11.064,
            3.506 13.023 11.065,
            3.488 13.026 11.064,
            3.472 13.029 11.062,
            3.456 13.031 11.058,
            3.441 13.034 11.053,
            3.428 13.036 11.046,
            3.416 13.038 11.039,
            3.268 13.059 10.960,
            3.100 13.079 10.510,
            3.261 13.060 10.974,
            3.365 13.045 10.979,
            3.254 13.061 10.987,
            3.372 13.044 10.992,
            3.082 13.081 10.513,
            3.246 13.062 10.998,
            3.064 13.083 10.518,
            3.055 13.084 10.522,
            3.043 13.085 10.528,
            3.030 13.086 10.536,
            3.015 13.087 10.547,
            3.008 13.088 10.554,
            3.000 13.089 10.562,
            2.992 13.089 10.572,
            2.984 13.090 10.583,
            2.976 13.091 10.596,
            2.968 13.091 10.611,
            2.890 13.098 10.698,
            2.938 13.094 10.751,
            2.940 13.094 10.720,
            2.943 13.094 10.699,
            2.946 13.093 10.680,
            2.950 13.093 10.661,
            2.955 13.093 10.643,
            2.962 13.092 10.626,
            2.890 13.098 10.753,
            2.937 13.094 10.786,
            2.944 13.093 10.881,
            2.941 13.094 10.862,
            2.939 13.094 10.834,
            2.938 13.094 10.811,
            3.406 13.039 11.031,
            3.397 13.041 11.023,
            3.389 13.042 11.015,
            3.383 13.043 11.007,
            3.239 13.063 11.007,
            3.231 13.064 11.016,
            3.224 13.065 11.023,
            3.209 13.067 11.036,
            3.196 13.068 11.044,
            3.184 13.070 11.050,
            3.174 13.071 11.055,
            3.157 13.073 11.060,
            3.139 13.075 11.063,
            3.119 13.077 11.065,
            3.106 13.078 11.064,
            3.094 13.080 11.063,
            3.083 13.081 11.061,
            2.822 13.102 10.698,
            2.822 13.102 10.753,
            2.956 13.093 10.930,
            2.952 13.093 10.919,
            2.948 13.093 10.901,
            2.754 13.106 10.698,
            2.598 13.112 10.522,
            2.687 13.109 10.698,
            2.687 13.109 10.753,
            2.551 13.113 10.522,
            2.503 13.113 10.522,
            2.754 13.106 10.753,
            3.073 13.082 11.058,
            3.063 13.083 11.055,
            3.054 13.084 11.051,
            3.045 13.085 11.046,
            3.036 13.085 11.041,
            3.028 13.086 11.036,
            3.019 13.087 11.029,
            3.011 13.088 11.022,
            3.004 13.088 11.015,
            2.991 13.090 11.000,
            2.980 13.090 10.984,
            2.971 13.091 10.968,
            2.965 13.092 10.955,
            2.960 13.092 10.942,
            2.455 13.114 10.522,
            2.435 13.114 10.523,
            2.417 13.114 10.525,
            2.598 13.112 11.051,
            2.399 13.114 10.529,
            2.389 13.114 10.532,
            2.377 13.114 10.536,
            2.365 13.113 10.542,
            2.350 13.113 10.551,
            2.335 13.113 10.563,
            2.326 13.113 10.572,
            2.317 13.113 10.582,
            2.309 13.113 10.593,
            2.301 13.112 10.607,
            2.371 13.114 10.820,
            2.388 13.114 10.808,
            2.369 13.113 10.800,
            2.295 13.112 10.622,
            2.359 13.113 10.831,
            2.359 13.113 10.795,
            2.349 13.113 10.789,
            2.290 13.112 10.638,
            2.347 13.113 10.847,
            2.340 13.113 10.783,
            2.341 13.113 10.857,
            2.331 13.113 10.776,
            2.336 13.113 10.869,
            2.318 13.113 10.762,
            2.332 13.113 10.884,
            2.329 13.113 10.901,
            2.308 13.113 10.750,
            2.302 13.112 10.739,
            2.327 13.113 10.920,
            2.298 13.112 10.729,
            2.292 13.112 10.712,
            2.328 13.113 10.931,
            2.564 13.113 11.051,
            2.530 13.113 11.051,
            2.495 13.114 11.051,
            2.473 13.114 11.051,
            2.454 13.114 11.049,
            2.439 13.114 11.047,
            1.869 13.088 10.366,
            1.880 13.089 10.366,
            1.857 13.087 10.366,
            1.846 13.086 10.366,
            1.988 13.098 10.868,
            2.288 13.112 10.693,
            2.287 13.112 10.683,
            2.286 13.112 10.672,
            2.288 13.112 10.654,
            1.988 13.098 10.896,
            2.329 13.113 10.941,
            2.423 13.114 11.044,
            2.409 13.114 11.040,
            2.397 13.114 11.035,
            2.387 13.114 11.030,
            2.378 13.114 11.024,
            2.363 13.113 11.011,
            2.353 13.113 10.999,
            2.345 13.113 10.988,
            2.340 13.113 10.979,
            2.333 13.113 10.961,
            1.966 13.096 10.879,
            1.947 13.095 10.890,
            1.929 13.094 10.901,
            1.909 13.092 10.914,
            1.872 13.089 11.044,
            1.882 13.090 11.024,
            1.877 13.089 11.034,
            1.816 13.084 10.912,
            1.832 13.085 10.924,
            1.801 13.082 10.901,
            1.782 13.080 10.890,
            1.761 13.078 10.879,
            1.738 13.075 10.868,
            1.952 13.095 10.932,
            1.930 13.094 10.955,
            1.914 13.092 10.975,
            1.903 13.091 10.990,
            1.892 13.091 11.005,
            1.887 13.090 11.014,
            1.867 13.088 11.044,
            1.862 13.088 11.044,
            1.857 13.087 11.044,
            1.321 13.015 10.663,
            1.325 13.016 10.673,
            1.328 13.017 10.684,
            1.332 13.017 10.696,
            1.314 13.014 10.645,
            1.335 13.018 10.708,
            1.307 13.013 10.631,
            1.338 13.018 10.727,
            1.300 13.012 10.620,
            1.294 13.010 10.611,
            1.340 13.019 10.747,
            1.284 13.009 10.597,
            1.341 13.019 10.766,
            1.341 13.019 10.779,
            1.273 13.006 10.583,
            1.340 13.019 10.798,
            1.738 13.075 10.896,
            1.260 13.004 10.570,
            1.337 13.018 10.817,
            1.248 13.002 10.559,
            1.239 13.000 10.552,
            1.848 13.087 11.028,
            1.839 13.086 11.012,
            1.829 13.085 10.997,
            1.818 13.084 10.981,
            1.805 13.082 10.964,
            1.788 13.081 10.945,
            1.765 13.078 10.921,
            1.334 13.017 10.835,
            1.231 12.999 10.547,
            1.329 13.017 10.853,
            1.215 12.995 10.537,
            1.201 12.993 10.530,
            1.190 12.990 10.524,
            1.179 12.988 10.520,
            1.162 12.985 10.514,
            1.143 12.981 10.510,
            1.124 12.977 10.506,
            1.105 12.973 10.504,
            1.094 12.970 10.504,
            1.082 12.968 10.503,
            1.070 12.965 10.504,
            1.058 12.963 10.504,
            1.043 12.959 10.506,
            1.028 12.956 10.509,
            1.012 12.952 10.513,
            0.994 12.948 10.518,
            0.977 12.944 10.524,
            0.965 12.941 10.529,
            0.947 12.937 10.538,
            0.930 12.933 10.547,
            1.279 13.008 10.945,
            1.267 13.005 10.958,
            1.286 13.009 10.935,
            1.294 13.010 10.925,
            1.300 13.011 10.916,
            1.305 13.012 10.907,
            1.314 13.014 10.890,
            1.320 13.015 10.876,
            1.325 13.016 10.864,
            1.166 12.986 11.025,
            1.156 12.983 11.029,
            1.175 12.988 11.021,
            1.192 12.991 11.014,
            1.206 12.994 11.006,
            1.217 12.996 11.000,
            1.225 12.997 10.994,
            1.240 13.000 10.983,
            1.254 13.003 10.971,
            0.913 12.929 10.557,
            0.894 12.924 10.570,
            0.874 12.919 10.586,
            0.853 12.913 10.604,
            0.823 12.906 10.632,
            0.786 12.896 10.669,
            0.728 12.880 10.664,
            0.759 12.889 10.696,
            0.689 12.869 10.625,
            0.657 12.860 10.595,
            0.632 12.852 10.575,
            1.114 12.975 11.039,
            1.096 12.971 11.041,
            1.126 12.977 11.036,
            1.144 12.981 11.032,
            1.052 12.961 11.041,
            1.033 12.957 11.039,
            1.064 12.964 11.042,
            1.080 12.967 11.042,
            0.926 12.932 10.997,
            0.908 12.927 10.986,
            0.937 12.934 11.004,
            0.952 12.938 11.012,
            0.968 12.942 11.020,
            0.979 12.944 11.024,
            0.997 12.949 11.031,
            1.015 12.953 11.036,
            0.733 12.881 10.877,
            0.789 12.897 10.880,
            0.759 12.889 10.849,
            0.613 12.847 10.561,
            0.596 12.842 10.549,
            0.586 12.838 10.543,
            0.707 12.874 10.902,
            0.827 12.907 10.917,
            0.571 12.834 10.534,
            0.555 12.829 10.527,
            0.545 12.826 10.522,
            0.527 12.820 10.516,
            0.509 12.814 10.510,
            0.491 12.809 10.506,
            0.475 12.803 10.505,
            0.464 12.800 10.504,
            0.452 12.796 10.504,
            0.429 12.788 10.505,
            0.412 12.783 10.506,
            0.394 12.777 10.510,
            0.383 12.773 10.513,
            0.371 12.769 10.516,
            0.361 12.765 10.520,
            0.352 12.762 10.523,
            0.336 12.757 10.531,
            0.323 12.752 10.538,
            0.631 12.852 10.970,
            0.612 12.846 10.984,
            0.648 12.857 10.957,
            0.666 12.862 10.942,
            0.889 12.923 10.972,
            0.864 12.916 10.952,
            0.847 12.912 10.936,
            0.685 12.868 10.924,
            0.562 12.831 11.014,
            0.545 12.826 11.021,
            0.571 12.834 11.009,
            0.579 12.836 11.005,
            0.594 12.841 10.996,
            0.312 12.748 10.545,
            0.303 12.745 10.551,
            0.290 12.740 10.562,
            0.276 12.735 10.574,
            0.263 12.731 10.587,
            0.251 12.726 10.601,
            0.244 12.724 10.611,
            0.238 12.721 10.620,
            0.233 12.719 10.628,
            0.224 12.716 10.644,
            0.217 12.714 10.658,
            0.212 12.712 10.670,
            0.208 12.710 10.680,
            0.203 12.708 10.698,
            0.198 12.707 10.716,
            0.195 12.705 10.734,
            0.193 12.705 10.751,
            0.193 12.704 10.768,
            0.193 12.705 10.786,
            0.426 12.787 11.042,
            0.408 12.781 11.040,
            0.443 12.793 11.042,
            0.455 12.797 11.042,
            0.467 12.801 11.041,
            0.319 12.751 11.012,
            0.303 12.745 11.002,
            0.332 12.755 11.019,
            0.344 12.759 11.024,
            0.354 12.763 11.028,
            0.371 12.769 11.033,
            0.389 12.775 11.037,
            0.481 12.806 11.039,
            0.495 12.810 11.036,
            0.511 12.815 11.032,
            0.528 12.821 11.027,
            0.277 12.736 10.982,
            0.264 12.731 10.969,
            0.286 12.739 10.990,
            0.295 12.742 10.996,
            0.228 12.718 10.919,
            0.219 12.715 10.902,
            0.234 12.720 10.929,
            0.243 12.723 10.943,
            0.253 12.727 10.956,
            0.199 12.707 10.836,
            0.196 12.706 10.824,
            0.201 12.708 10.848,
            0.206 12.710 10.866,
            0.212 12.712 10.885,
            0.194 12.705 10.806,
            1.846 13.086 10.936,
            1.880 13.089 10.936,
            3.585 13.009 10.576,
            3.504 13.023 10.576,
            3.955 12.929 10.822,
            3.936 12.934 10.825,
            3.919 12.938 10.827,
            3.902 12.942 10.827,
            3.885 12.946 10.826,
            3.870 12.950 10.824,
            1.088 12.969 10.613,
            1.131 12.978 10.621,
            1.120 12.976 10.618,
            1.104 12.973 10.614,
            1.071 12.965 10.612,
            1.051 12.961 10.614,
            1.039 12.958 10.617,
            1.147 12.982 10.629,
            1.020 12.954 10.622,
            1.157 12.984 10.634,
            1.002 12.950 10.628,
            1.166 12.986 10.641,
            0.993 12.948 10.632,
            1.175 12.987 10.648,
            0.984 12.946 10.637,
            1.184 12.989 10.656,
            0.968 12.942 10.646,
            1.197 12.992 10.671,
            0.953 12.938 10.657,
            1.207 12.994 10.686,
            0.936 12.934 10.669,
            1.215 12.995 10.702,
            0.918 12.930 10.683,
            1.223 12.997 10.726,
            1.219 12.996 10.713,
            0.900 12.925 10.698,
            1.226 12.998 10.740,
            0.878 12.920 10.720,
            1.229 12.998 10.776,
            1.229 12.998 10.766,
            1.228 12.998 10.756,
            0.839 12.910 10.783,
            0.844 12.911 10.755,
            0.829 12.907 10.773,
            0.866 12.917 10.811,
            1.227 12.998 10.796,
            1.089 12.969 10.932,
            1.099 12.972 10.931,
            1.110 12.974 10.929,
            1.075 12.966 10.933,
            1.122 12.977 10.925,
            1.135 12.979 10.920,
            0.904 12.926 10.849,
            1.215 12.995 10.839,
            1.220 12.996 10.826,
            1.223 12.997 10.815,
            0.927 12.932 10.870,
            1.207 12.994 10.854,
            1.045 12.960 10.931,
            1.055 12.962 10.933,
            0.945 12.936 10.884,
            1.196 12.992 10.870,
            1.029 12.956 10.928,
            0.953 12.938 10.890,
            1.190 12.990 10.879,
            0.961 12.940 10.896,
            1.182 12.989 10.887,
            1.012 12.952 10.922,
            1.148 12.982 10.913,
            0.974 12.943 10.904,
            1.172 12.987 10.896,
            0.996 12.948 10.916,
            1.161 12.985 10.905,
            0.986 12.946 10.911,
            0.444 12.794 10.615,
            0.471 12.802 10.616,
            0.461 12.799 10.615,
            0.428 12.788 10.617,
            0.483 12.806 10.618,
            0.411 12.783 10.620,
            0.396 12.777 10.626,
            0.497 12.811 10.622,
            0.385 12.774 10.631,
            0.513 12.816 10.627,
            0.372 12.769 10.639,
            0.530 12.821 10.636,
            0.659 12.860 10.803,
            0.688 12.869 10.773,
            0.661 12.861 10.746,
            0.359 12.765 10.649,
            0.555 12.829 10.650,
            0.540 12.824 10.641,
            0.346 12.760 10.661,
            0.338 12.757 10.670,
            0.570 12.833 10.661,
            0.634 12.853 10.828,
            0.331 12.755 10.679,
            0.585 12.838 10.673,
            0.325 12.753 10.688,
            0.317 12.750 10.704,
            0.599 12.842 10.685,
            0.310 12.748 10.721,
            0.616 12.848 10.701,
            0.305 12.746 10.740,
            0.303 12.745 10.753,
            0.302 12.745 10.766,
            0.302 12.745 10.779,
            0.303 12.745 10.794,
            0.306 12.746 10.810,
            0.612 12.846 10.849,
            0.310 12.747 10.826,
            0.593 12.841 10.866,
            0.315 12.749 10.841,
            0.584 12.838 10.874,
            0.320 12.751 10.852,
            0.574 12.835 10.881,
            0.325 12.753 10.861,
            0.559 12.830 10.892,
            0.334 12.756 10.875,
            0.344 12.760 10.888,
            0.534 12.822 10.907,
            0.543 12.825 10.902,
            0.414 12.783 10.927,
            0.432 12.789 10.930,
            0.445 12.794 10.931,
            0.460 12.799 10.930,
            0.476 12.804 10.928,
            0.357 12.764 10.899,
            0.522 12.819 10.913,
            0.398 12.778 10.922,
            0.486 12.807 10.925,
            0.372 12.769 10.910,
            0.505 12.813 10.920,
            0.382 12.773 10.916,
            0.496 12.810 10.923,
            -3.906 6.447 11.724,
            -3.906 6.447 9.922,
            -3.883 6.132 11.724,
            -3.883 6.132 9.922,
            -3.843 5.817 11.724,
            -3.843 5.817 9.922,
            -3.788 5.506 11.724,
            -3.788 5.506 9.922,
            -3.718 5.197 11.724,
            -3.718 5.197 9.922,
            -3.632 4.892 11.724,
            -3.632 4.892 9.922,
            -3.531 4.592 11.724,
            -3.531 4.592 9.922,
            -3.416 4.297 11.724,
            -3.416 4.297 9.922,
            -3.286 4.009 11.724,
            -3.286 4.009 9.922,
            -3.141 3.727 11.724,
            -3.141 3.727 9.922,
            -2.983 3.453 11.724,
            -2.983 3.453 9.922,
            -2.811 3.187 11.724,
            -2.811 3.187 9.922,
            -2.626 2.930 11.724,
            -2.626 2.930 9.922,
            -2.429 2.682 11.724,
            -2.429 2.682 9.922,
            -2.219 2.445 11.724,
            -2.219 2.445 9.922,
            -1.998 2.218 11.724,
            -1.998 2.218 9.922,
            -1.766 2.003 11.724,
            -1.766 2.003 9.922,
            -1.524 1.799 11.724,
            -1.524 1.799 9.922,
            -1.271 1.608 11.724,
            -1.271 1.608 9.922,
            -1.010 1.430 11.724,
            -1.010 1.430 9.922,
            -0.739 1.265 11.724,
            -0.739 1.265 9.922,
            -0.461 1.113 11.724,
            -0.461 1.113 9.922,
            -0.176 0.976 11.724,
            -0.176 0.976 9.922,
            0.116 0.853 11.724,
            0.116 0.853 9.922,
            0.413 0.744 11.724,
            0.413 0.744 9.922,
            0.716 0.651 11.724,
            0.716 0.651 9.922,
            1.023 0.573 11.724,
            1.023 0.573 9.922,
            1.333 0.510 11.724,
            1.333 0.510 9.922,
            1.646 0.463 11.724,
            1.646 0.463 9.922,
            1.961 0.432 11.724,
            1.961 0.432 9.922,
            2.277 0.416 11.724,
            2.277 0.416 9.922,
            2.594 0.416 11.724,
            2.594 0.416 9.922,
            2.910 0.432 11.724,
            2.910 0.432 9.922,
            3.225 0.463 11.724,
            3.225 0.463 9.922,
            3.538 0.510 11.724,
            3.538 0.510 9.922,
            3.849 0.573 11.724,
            3.849 0.573 9.922,
            4.155 0.651 11.724,
            4.155 0.651 9.922,
            4.458 0.744 11.724,
            4.458 0.744 9.922,
            4.756 0.853 11.724,
            4.756 0.853 9.922,
            5.047 0.976 11.724,
            5.047 0.976 9.922,
            5.333 1.113 11.724,
            5.333 1.113 9.922,
            5.611 1.265 11.724,
            5.611 1.265 9.922,
            5.881 1.430 11.724,
            5.881 1.430 9.922,
            6.142 1.608 11.724,
            6.142 1.608 9.922,
            6.395 1.799 11.724,
            6.395 1.799 9.922,
            6.637 2.003 11.724,
            6.637 2.003 9.922,
            6.869 2.218 11.724,
            6.869 2.218 9.922,
            7.090 2.445 11.724,
            7.090 2.445 9.922,
            7.300 2.682 11.724,
            7.300 2.682 9.922,
            7.497 2.930 11.724,
            7.497 2.930 9.922,
            7.682 3.187 11.724,
            7.682 3.187 9.922,
            7.854 3.453 11.724,
            7.854 3.453 9.922,
            8.012 3.727 11.724,
            8.012 3.727 9.922,
            8.157 4.009 11.724,
            8.157 4.009 9.922,
            8.287 4.297 11.724,
            8.287 4.297 9.922,
            8.403 4.592 11.724,
            8.403 4.592 9.922,
            8.503 4.892 11.724,
            8.503 4.892 9.922,
            8.589 5.197 11.724,
            8.589 5.197 9.922,
            8.660 5.506 11.724,
            8.660 5.506 9.922,
            8.715 5.817 11.724,
            8.715 5.817 9.922,
            8.754 6.132 11.724,
            8.754 6.132 9.922,
            8.778 6.447 11.724,
            8.778 6.447 9.922,
            4.746 12.679 10.948,
            4.835 12.643 10.746,
            4.777 12.667 10.746,
            4.718 12.689 10.746,
            4.659 12.712 10.746,
            3.888 12.945 10.564,
            3.928 12.936 10.564,
            3.908 12.941 10.563,
            3.876 12.948 10.567,
            3.946 12.932 10.569,
            3.866 12.951 10.570,
            3.962 12.928 10.575,
            3.856 12.953 10.574,
            3.971 12.925 10.581,
            3.840 12.957 10.584,
            3.982 12.923 10.589,
            3.827 12.960 10.595,
            3.994 12.920 10.601,
            3.818 12.962 10.605,
            4.006 12.917 10.616,
            3.811 12.963 10.614,
            4.010 12.915 10.625,
            3.803 12.965 10.630,
            4.015 12.914 10.636,
            3.798 12.966 10.648,
            4.020 12.913 10.668,
            4.018 12.914 10.648,
            3.795 12.967 10.668,
            4.019 12.913 10.679,
            3.798 12.966 10.688,
            4.018 12.914 10.689,
            3.801 12.965 10.700,
            4.012 12.915 10.708,
            3.805 12.964 10.711,
            3.811 12.963 10.720,
            4.004 12.917 10.725,
            3.823 12.960 10.736,
            3.987 12.921 10.745,
            3.997 12.919 10.735,
            3.836 12.958 10.747,
            3.901 12.942 10.772,
            3.912 12.940 10.773,
            3.924 12.937 10.772,
            3.847 12.955 10.755,
            3.974 12.925 10.756,
            3.892 12.945 10.771,
            3.935 12.934 10.771,
            3.947 12.931 10.768,
            3.856 12.953 10.761,
            3.957 12.929 10.765,
            3.873 12.949 10.767,
            3.100 13.079 10.564,
            3.137 13.075 10.565,
            3.117 13.077 10.563,
            3.089 13.080 10.566,
            3.080 13.081 10.570,
            3.155 13.073 10.570,
            3.062 13.083 10.578,
            3.181 13.070 10.584,
            3.171 13.071 10.578,
            3.048 13.084 10.588,
            3.192 13.069 10.592,
            3.039 13.085 10.596,
            3.203 13.067 10.604,
            3.031 13.086 10.604,
            3.021 13.087 10.618,
            3.220 13.065 10.628,
            3.214 13.066 10.619,
            3.012 13.088 10.635,
            3.225 13.065 10.639,
            3.004 13.088 10.654,
            3.233 13.064 10.659,
            3.229 13.064 10.649,
            2.999 13.089 10.672,
            3.239 13.063 10.685,
            3.236 13.063 10.671,
            2.994 13.089 10.690,
            3.243 13.062 10.705,
            2.990 13.090 10.709,
            3.245 13.062 10.728,
            2.988 13.090 10.727,
            2.986 13.090 10.749,
            3.247 13.062 10.756,
            2.985 13.090 10.767,
            3.247 13.062 10.787,
            2.984 13.090 10.787,
            2.985 13.090 10.814,
            3.247 13.062 10.818,
            2.987 13.090 10.839,
            3.245 13.062 10.847,
            2.989 13.090 10.859,
            3.242 13.062 10.869,
            2.991 13.089 10.871,
            2.995 13.089 10.889,
            3.239 13.063 10.889,
            2.999 13.089 10.905,
            3.236 13.063 10.905,
            3.004 13.088 10.918,
            3.230 13.064 10.921,
            3.008 13.088 10.930,
            3.226 13.064 10.932,
            3.013 13.087 10.941,
            3.220 13.065 10.944,
            3.019 13.087 10.950,
            3.212 13.066 10.958,
            3.099 13.079 11.008,
            3.117 13.077 11.011,
            3.134 13.075 11.009,
            3.144 13.074 11.007,
            3.024 13.086 10.959,
            3.203 13.067 10.970,
            3.081 13.081 11.004,
            3.162 13.072 11.001,
            3.036 13.085 10.973,
            3.191 13.069 10.982,
            3.066 13.083 10.997,
            3.177 13.070 10.993,
            3.047 13.084 10.984,
            3.057 13.083 10.992,
            2.551 13.113 10.576,
            2.528 13.113 10.576,
            2.506 13.113 10.576,
            2.483 13.114 10.576,
            2.450 13.114 10.577,
            2.433 13.114 10.579,
            2.419 13.114 10.581,
            2.408 13.114 10.584,
            2.390 13.114 10.590,
            2.374 13.114 10.598,
            2.363 13.113 10.607,
            2.551 13.113 10.773,
            2.355 13.113 10.616,
            2.344 13.113 10.632,
            2.551 13.113 10.827,
            2.540 13.113 10.773,
            2.540 13.113 10.827,
            2.530 13.113 10.773,
            2.530 13.113 10.827,
            2.519 13.113 10.773,
            2.519 13.113 10.827,
            2.337 13.113 10.651,
            2.335 13.113 10.661,
            2.487 13.114 10.828,
            2.485 13.114 10.773,
            2.334 13.113 10.672,
            2.471 13.114 10.830,
            2.456 13.114 10.771,
            2.335 13.113 10.688,
            2.457 13.114 10.832,
            2.436 13.114 10.769,
            2.338 13.113 10.698,
            2.446 13.114 10.834,
            2.345 13.113 10.715,
            2.420 13.114 10.767,
            2.401 13.114 10.761,
            2.428 13.114 10.840,
            2.354 13.113 10.728,
            2.386 13.114 10.754,
            2.362 13.113 10.738,
            2.371 13.114 10.745,
            2.414 13.114 10.848,
            2.403 13.114 10.856,
            2.395 13.114 10.865,
            2.551 13.113 10.997,
            2.384 13.114 10.880,
            2.377 13.114 10.899,
            2.529 13.113 10.997,
            2.508 13.113 10.997,
            2.375 13.114 10.909,
            2.486 13.114 10.997,
            2.375 13.114 10.919,
            2.467 13.114 10.996,
            2.377 13.114 10.938,
            2.449 13.114 10.994,
            2.380 13.114 10.949,
            2.434 13.114 10.991,
            2.390 13.114 10.966,
            2.414 13.114 10.984,
            2.403 13.114 10.978,
            2.740 0.571 11.879,
            3.043 0.594 11.879,
            3.345 0.631 11.879,
            3.645 0.683 11.879,
            3.942 0.750 11.879,
            4.235 0.831 11.879,
            4.524 0.926 11.879,
            4.808 1.036 11.879,
            5.087 1.159 11.879,
            5.358 1.296 11.879,
            5.623 1.446 11.879,
            5.880 1.609 11.879,
            6.129 1.784 11.879,
            6.369 1.971 11.879,
            6.599 2.170 11.879,
            6.820 2.380 11.879,
            7.030 2.600 11.879,
            7.228 2.831 11.879,
            7.416 3.070 11.879,
            7.591 3.319 11.879,
            7.754 3.576 11.879,
            7.904 3.841 11.879,
            8.040 4.113 11.879,
            8.164 4.391 11.879,
            8.273 4.675 11.879,
            8.369 4.964 11.879,
            8.450 5.257 11.879,
            8.517 5.554 11.879,
            8.569 5.854 11.879,
            8.606 6.156 11.879,
            8.628 6.460 11.879,
            -1.667 2.115 9.772,
            -1.184 1.730 9.772,
            -1.430 1.916 9.772,
            -1.893 2.325 9.772,
            -2.109 2.547 9.772,
            -2.855 3.531 9.772,
            -2.314 2.779 9.772,
            -2.507 3.020 9.772,
            -2.687 3.271 9.772,
            -0.928 1.556 9.772,
            -0.393 1.247 9.772,
            -0.664 1.394 9.772,
            0.170 0.992 9.772,
            -0.114 1.112 9.772,
            -3.278 4.356 9.772,
            -3.390 4.643 9.772,
            -3.150 4.074 9.772,
            0.461 0.887 9.772,
            0.756 0.796 9.772,
            1.359 0.658 9.772,
            1.056 0.719 9.772,
            -3.489 4.936 9.772,
            -3.695 5.840 9.772,
            -3.573 5.234 9.772,
            -3.641 5.535 9.772,
            1.665 0.612 9.772,
            -3.734 6.147 9.772,
            -3.757 6.455 9.772,
            2.281 0.566 9.772,
            1.972 0.581 9.772,
            -3.009 3.799 9.772,
            2.899 0.581 9.772,
            2.590 0.566 9.772,
            3.512 0.658 9.772,
            3.207 0.612 9.772,
            4.115 0.796 9.772,
            3.815 0.719 9.772,
            4.701 0.992 9.772,
            4.410 0.887 9.772,
            5.264 1.247 9.772,
            4.986 1.112 9.772,
            5.536 1.394 9.772,
            6.055 1.730 9.772,
            5.799 1.556 9.772,
            6.301 1.916 9.772,
            6.538 2.115 9.772,
            6.981 2.547 9.772,
            6.765 2.325 9.772,
            7.378 3.020 9.772,
            7.185 2.779 9.772,
            7.881 3.799 9.772,
            7.558 3.271 9.772,
            7.726 3.531 9.772,
            8.149 4.356 9.772,
            8.022 4.074 9.772,
            8.360 4.936 9.772,
            8.262 4.643 9.772,
            8.605 6.147 9.772,
            8.628 6.455 9.772,
            8.566 5.840 9.772,
            8.513 5.535 9.772,
            8.444 5.234 9.772
          ]
        }
        coordIndex [
          0, 1, 2, -1,
          3, 1, 0, -1,
          4, 3, 0, -1,
          5, 3, 4, -1,
          6, 5, 4, -1,
          7, 5, 6, -1,
          8, 7, 6, -1,
          9, 7, 8, -1,
          10, 9, 8, -1,
          11, 9, 10, -1,
          12, 11, 10, -1,
          13, 11, 12, -1,
          14, 13, 12, -1,
          15, 13, 14, -1,
          16, 15, 14, -1,
          17, 15, 16, -1,
          18, 17, 16, -1,
          19, 17, 18, -1,
          20, 19, 18, -1,
          21, 19, 20, -1,
          22, 21, 20, -1,
          23, 21, 22, -1,
          24, 23, 22, -1,
          25, 23, 24, -1,
          26, 25, 24, -1,
          27, 25, 26, -1,
          28, 27, 26, -1,
          29, 27, 28, -1,
          30, 29, 28, -1,
          31, 29, 30, -1,
          32, 31, 30, -1,
          33, 31, 32, -1,
          34, 33, 32, -1,
          35, 33, 34, -1,
          36, 35, 34, -1,
          37, 35, 36, -1,
          38, 37, 36, -1,
          39, 37, 38, -1,
          39, 38, 40, -1,
          41, 40, 42, -1,
          41, 39, 40, -1,
          43, 42, 44, -1,
          43, 41, 42, -1,
          45, 44, 46, -1,
          45, 43, 44, -1,
          47, 46, 48, -1,
          47, 45, 46, -1,
          49, 48, 50, -1,
          49, 47, 48, -1,
          51, 50, 52, -1,
          51, 49, 50, -1,
          53, 52, 54, -1,
          53, 51, 52, -1,
          55, 54, 56, -1,
          55, 53, 54, -1,
          57, 56, 58, -1,
          57, 55, 56, -1,
          59, 57, 58, -1,
          59, 58, 60, -1,
          61, 59, 60, -1,
          61, 60, 62, -1,
          63, 61, 62, -1,
          63, 62, 64, -1,
          65, 64, 66, -1,
          65, 63, 64, -1,
          67, 66, 68, -1,
          67, 65, 66, -1,
          69, 68, 70, -1,
          69, 67, 68, -1,
          71, 70, 72, -1,
          71, 69, 70, -1,
          73, 72, 74, -1,
          73, 71, 72, -1,
          75, 74, 76, -1,
          75, 73, 74, -1,
          77, 76, 78, -1,
          77, 75, 76, -1,
          79, 78, 80, -1,
          79, 77, 78, -1,
          81, 80, 82, -1,
          81, 79, 80, -1,
          83, 82, 84, -1,
          83, 81, 82, -1,
          85, 84, 86, -1,
          85, 83, 84, -1,
          87, 86, 88, -1,
          87, 85, 86, -1,
          89, 87, 88, -1,
          89, 88, 90, -1,
          91, 89, 90, -1,
          91, 90, 92, -1,
          93, 91, 92, -1,
          93, 92, 94, -1,
          95, 94, 96, -1,
          95, 93, 94, -1,
          97, 96, 98, -1,
          97, 95, 96, -1,
          99, 98, 100, -1,
          99, 97, 98, -1,
          101, 100, 102, -1,
          101, 99, 100, -1,
          103, 102, 104, -1,
          103, 101, 102, -1,
          105, 104, 106, -1,
          105, 103, 104, -1,
          107, 106, 108, -1,
          107, 105, 106, -1,
          109, 108, 110, -1,
          109, 107, 108, -1,
          111, 110, 112, -1,
          111, 109, 110, -1,
          113, 112, 114, -1,
          113, 111, 112, -1,
          115, 114, 116, -1,
          115, 113, 114, -1,
          117, 116, 118, -1,
          117, 115, 116, -1,
          119, 118, 120, -1,
          119, 117, 118, -1,
          121, 120, 122, -1,
          121, 119, 120, -1,
          123, 122, 124, -1,
          123, 121, 122, -1,
          125, 124, 126, -1,
          125, 123, 124, -1,
          127, 126, 128, -1,
          127, 125, 126, -1,
          129, 130, 131, -1,
          132, 130, 129, -1,
          133, 132, 129, -1,
          134, 132, 133, -1,
          135, 134, 133, -1,
          136, 134, 135, -1,
          137, 136, 135, -1,
          138, 136, 137, -1,
          139, 138, 137, -1,
          140, 138, 139, -1,
          141, 140, 139, -1,
          142, 140, 141, -1,
          143, 142, 141, -1,
          144, 142, 143, -1,
          145, 144, 143, -1,
          146, 144, 145, -1,
          147, 146, 145, -1,
          148, 146, 147, -1,
          149, 148, 147, -1,
          150, 148, 149, -1,
          151, 150, 149, -1,
          152, 150, 151, -1,
          153, 152, 151, -1,
          154, 152, 153, -1,
          155, 154, 153, -1,
          156, 154, 155, -1,
          157, 156, 155, -1,
          158, 156, 157, -1,
          159, 158, 157, -1,
          160, 158, 159, -1,
          161, 160, 159, -1,
          162, 160, 161, -1,
          163, 162, 161, -1,
          164, 162, 163, -1,
          165, 164, 163, -1,
          166, 164, 165, -1,
          167, 166, 165, -1,
          168, 166, 167, -1,
          169, 168, 167, -1,
          170, 168, 169, -1,
          171, 170, 169, -1,
          172, 170, 171, -1,
          173, 172, 171, -1,
          174, 172, 173, -1,
          175, 174, 173, -1,
          176, 174, 175, -1,
          177, 176, 175, -1,
          178, 176, 177, -1,
          179, 178, 177, -1,
          180, 178, 179, -1,
          181, 180, 179, -1,
          182, 180, 181, -1,
          183, 182, 181, -1,
          184, 182, 183, -1,
          185, 184, 183, -1,
          186, 184, 185, -1,
          187, 186, 185, -1,
          188, 186, 187, -1,
          189, 188, 187, -1,
          190, 188, 189, -1,
          191, 190, 189, -1,
          192, 190, 191, -1,
          193, 192, 191, -1,
          194, 192, 193, -1,
          195, 194, 193, -1,
          196, 194, 195, -1,
          197, 196, 195, -1,
          198, 196, 197, -1,
          199, 198, 197, -1,
          200, 198, 199, -1,
          201, 200, 199, -1,
          202, 200, 201, -1,
          203, 202, 201, -1,
          204, 202, 203, -1,
          205, 204, 203, -1,
          206, 204, 205, -1,
          207, 206, 205, -1,
          208, 206, 207, -1,
          209, 207, 210, -1,
          209, 208, 207, -1,
          211, 209, 210, -1,
          212, 209, 211, -1,
          213, 211, 214, -1,
          213, 212, 211, -1,
          215, 213, 214, -1,
          216, 213, 215, -1,
          217, 216, 215, -1,
          218, 216, 217, -1,
          219, 218, 217, -1,
          220, 218, 219, -1,
          221, 220, 219, -1,
          221, 219, 222, -1,
          223, 221, 222, -1,
          224, 221, 223, -1,
          225, 223, 226, -1,
          225, 224, 223, -1,
          227, 225, 226, -1,
          228, 225, 227, -1,
          229, 227, 230, -1,
          229, 228, 227, -1,
          231, 229, 230, -1,
          232, 229, 231, -1,
          233, 231, 234, -1,
          233, 232, 231, -1,
          235, 234, 236, -1,
          235, 233, 234, -1,
          237, 235, 236, -1,
          238, 235, 237, -1,
          239, 237, 240, -1,
          239, 238, 237, -1,
          241, 240, 242, -1,
          241, 239, 240, -1,
          243, 242, 244, -1,
          243, 241, 242, -1,
          245, 244, 246, -1,
          245, 243, 244, -1,
          247, 246, 248, -1,
          247, 245, 246, -1,
          249, 248, 250, -1,
          249, 247, 248, -1,
          251, 250, 252, -1,
          251, 249, 250, -1,
          253, 252, 254, -1,
          253, 251, 252, -1,
          255, 254, 256, -1,
          255, 253, 254, -1,
          257, 258, 259, -1,
          257, 259, 260, -1,
          257, 260, 261, -1,
          257, 261, 262, -1,
          257, 262, 263, -1,
          264, 258, 257, -1,
          265, 264, 257, -1,
          266, 265, 257, -1,
          267, 266, 257, -1,
          268, 267, 257, -1,
          269, 268, 257, -1,
          270, 257, 271, -1,
          270, 269, 257, -1,
          272, 270, 271, -1,
          273, 272, 271, -1,
          274, 273, 271, -1,
          275, 274, 271, -1,
          276, 275, 271, -1,
          277, 276, 271, -1,
          278, 277, 271, -1,
          279, 278, 271, -1,
          280, 279, 271, -1,
          281, 280, 271, -1,
          282, 281, 271, -1,
          283, 282, 271, -1,
          284, 283, 271, -1,
          284, 271, 285, -1,
          286, 284, 285, -1,
          287, 286, 285, -1,
          288, 287, 285, -1,
          289, 288, 285, -1,
          290, 289, 285, -1,
          291, 290, 285, -1,
          2, 291, 285, -1,
          62, 292, 64, -1,
          0, 2, 285, -1,
          60, 292, 62, -1,
          4, 0, 285, -1,
          58, 292, 60, -1,
          6, 4, 285, -1,
          56, 292, 58, -1,
          8, 6, 285, -1,
          54, 292, 56, -1,
          10, 8, 285, -1,
          52, 292, 54, -1,
          12, 10, 285, -1,
          50, 292, 52, -1,
          14, 285, 293, -1,
          14, 12, 285, -1,
          48, 292, 50, -1,
          16, 14, 293, -1,
          46, 292, 48, -1,
          18, 16, 293, -1,
          44, 292, 46, -1,
          20, 18, 293, -1,
          42, 292, 44, -1,
          22, 20, 293, -1,
          40, 293, 292, -1,
          40, 292, 42, -1,
          24, 22, 293, -1,
          38, 293, 40, -1,
          26, 24, 293, -1,
          36, 293, 38, -1,
          28, 26, 293, -1,
          34, 293, 36, -1,
          30, 28, 293, -1,
          32, 293, 34, -1,
          32, 30, 293, -1,
          125, 130, 132, -1,
          125, 127, 130, -1,
          123, 132, 134, -1,
          123, 125, 132, -1,
          121, 123, 134, -1,
          121, 134, 136, -1,
          119, 136, 138, -1,
          119, 121, 136, -1,
          117, 138, 140, -1,
          117, 119, 138, -1,
          115, 140, 142, -1,
          115, 117, 140, -1,
          113, 142, 144, -1,
          113, 115, 142, -1,
          111, 144, 146, -1,
          111, 113, 144, -1,
          109, 146, 148, -1,
          109, 111, 146, -1,
          107, 148, 150, -1,
          107, 109, 148, -1,
          105, 150, 152, -1,
          105, 107, 150, -1,
          103, 152, 154, -1,
          103, 105, 152, -1,
          101, 154, 156, -1,
          101, 103, 154, -1,
          99, 156, 158, -1,
          99, 101, 156, -1,
          97, 158, 160, -1,
          97, 160, 162, -1,
          97, 99, 158, -1,
          95, 97, 162, -1,
          93, 162, 164, -1,
          93, 164, 166, -1,
          93, 95, 162, -1,
          91, 93, 166, -1,
          89, 166, 168, -1,
          89, 168, 170, -1,
          89, 91, 166, -1,
          87, 89, 170, -1,
          294, 172, 174, -1,
          85, 170, 172, -1,
          85, 87, 170, -1,
          295, 174, 176, -1,
          295, 294, 174, -1,
          296, 295, 176, -1,
          297, 172, 294, -1,
          297, 85, 172, -1,
          298, 299, 300, -1,
          298, 300, 301, -1,
          302, 296, 176, -1,
          303, 298, 301, -1,
          304, 302, 176, -1,
          304, 303, 302, -1,
          305, 304, 176, -1,
          83, 297, 306, -1,
          83, 306, 307, -1,
          83, 307, 298, -1,
          83, 85, 297, -1,
          308, 305, 176, -1,
          309, 176, 178, -1,
          309, 308, 176, -1,
          310, 309, 178, -1,
          310, 311, 309, -1,
          81, 83, 298, -1,
          81, 298, 303, -1,
          312, 310, 178, -1,
          313, 178, 180, -1,
          313, 312, 178, -1,
          313, 314, 312, -1,
          315, 313, 180, -1,
          316, 315, 180, -1,
          317, 316, 180, -1,
          79, 81, 318, -1,
          79, 318, 319, -1,
          79, 319, 320, -1,
          79, 320, 321, -1,
          322, 317, 180, -1,
          323, 180, 182, -1,
          323, 322, 180, -1,
          324, 323, 182, -1,
          325, 324, 182, -1,
          326, 317, 322, -1,
          327, 326, 322, -1,
          328, 327, 322, -1,
          329, 328, 322, -1,
          77, 79, 321, -1,
          77, 326, 330, -1,
          77, 330, 331, -1,
          77, 331, 332, -1,
          77, 321, 326, -1,
          333, 325, 182, -1,
          334, 333, 182, -1,
          335, 325, 333, -1,
          336, 334, 182, -1,
          337, 325, 335, -1,
          338, 336, 182, -1,
          339, 325, 337, -1,
          340, 325, 339, -1,
          341, 338, 182, -1,
          342, 341, 182, -1,
          343, 325, 340, -1,
          343, 344, 325, -1,
          345, 342, 182, -1,
          346, 344, 343, -1,
          347, 344, 346, -1,
          348, 345, 182, -1,
          349, 344, 347, -1,
          350, 348, 182, -1,
          351, 344, 349, -1,
          352, 350, 182, -1,
          352, 182, 184, -1,
          353, 344, 351, -1,
          354, 352, 184, -1,
          355, 344, 353, -1,
          356, 354, 184, -1,
          357, 344, 355, -1,
          358, 356, 184, -1,
          359, 358, 184, -1,
          360, 359, 184, -1,
          361, 360, 184, -1,
          362, 361, 184, -1,
          363, 362, 184, -1,
          364, 363, 184, -1,
          365, 364, 184, -1,
          366, 365, 184, -1,
          367, 366, 184, -1,
          75, 368, 369, -1,
          75, 344, 357, -1,
          75, 332, 344, -1,
          75, 77, 332, -1,
          75, 357, 368, -1,
          370, 371, 372, -1,
          370, 372, 373, -1,
          370, 373, 374, -1,
          370, 184, 186, -1,
          370, 374, 375, -1,
          370, 375, 376, -1,
          370, 376, 377, -1,
          370, 377, 378, -1,
          370, 378, 379, -1,
          370, 379, 367, -1,
          370, 367, 184, -1,
          380, 371, 370, -1,
          381, 75, 369, -1,
          382, 383, 384, -1,
          382, 384, 385, -1,
          382, 385, 386, -1,
          382, 386, 387, -1,
          382, 387, 388, -1,
          382, 388, 389, -1,
          382, 389, 390, -1,
          391, 370, 186, -1,
          392, 393, 394, -1,
          392, 394, 395, -1,
          392, 395, 396, -1,
          392, 396, 397, -1,
          392, 397, 398, -1,
          392, 398, 380, -1,
          392, 380, 370, -1,
          399, 390, 393, -1,
          399, 393, 392, -1,
          399, 382, 390, -1,
          400, 382, 399, -1,
          401, 392, 370, -1,
          402, 382, 400, -1,
          403, 382, 402, -1,
          404, 401, 370, -1,
          405, 382, 403, -1,
          406, 382, 405, -1,
          407, 408, 409, -1,
          410, 382, 406, -1,
          411, 407, 409, -1,
          412, 382, 410, -1,
          413, 411, 409, -1,
          414, 391, 186, -1,
          415, 413, 409, -1,
          416, 415, 409, -1,
          417, 416, 409, -1,
          73, 381, 382, -1,
          73, 75, 381, -1,
          73, 412, 418, -1,
          73, 382, 412, -1,
          419, 417, 420, -1,
          421, 419, 420, -1,
          422, 421, 420, -1,
          423, 422, 420, -1,
          424, 423, 420, -1,
          425, 424, 420, -1,
          426, 427, 428, -1,
          429, 186, 188, -1,
          429, 414, 186, -1,
          430, 425, 420, -1,
          431, 430, 420, -1,
          432, 431, 420, -1,
          432, 420, 433, -1,
          434, 426, 428, -1,
          434, 428, 435, -1,
          436, 432, 433, -1,
          437, 434, 435, -1,
          438, 436, 433, -1,
          439, 438, 433, -1,
          439, 433, 440, -1,
          441, 439, 440, -1,
          441, 440, 442, -1,
          443, 437, 435, -1,
          444, 441, 442, -1,
          444, 442, 445, -1,
          444, 445, 446, -1,
          447, 443, 435, -1,
          448, 444, 446, -1,
          448, 446, 449, -1,
          450, 451, 452, -1,
          450, 452, 453, -1,
          454, 448, 449, -1,
          455, 454, 449, -1,
          455, 451, 450, -1,
          455, 449, 451, -1,
          456, 435, 429, -1,
          456, 457, 435, -1,
          458, 456, 429, -1,
          459, 435, 457, -1,
          460, 458, 429, -1,
          461, 435, 459, -1,
          462, 460, 429, -1,
          463, 435, 461, -1,
          464, 462, 429, -1,
          465, 435, 463, -1,
          466, 464, 429, -1,
          466, 429, 188, -1,
          467, 447, 435, -1,
          467, 468, 469, -1,
          467, 469, 447, -1,
          467, 435, 465, -1,
          470, 466, 188, -1,
          471, 470, 188, -1,
          472, 468, 467, -1,
          472, 473, 468, -1,
          474, 471, 188, -1,
          475, 474, 188, -1,
          476, 473, 472, -1,
          476, 477, 473, -1,
          478, 475, 188, -1,
          479, 477, 476, -1,
          479, 480, 481, -1,
          479, 481, 477, -1,
          482, 478, 188, -1,
          483, 482, 188, -1,
          484, 480, 479, -1,
          485, 483, 188, -1,
          486, 487, 488, -1,
          486, 488, 480, -1,
          486, 480, 484, -1,
          489, 485, 188, -1,
          490, 491, 487, -1,
          490, 487, 486, -1,
          492, 493, 491, -1,
          492, 491, 490, -1,
          494, 489, 188, -1,
          495, 493, 492, -1,
          495, 496, 493, -1,
          497, 494, 188, -1,
          71, 418, 498, -1,
          71, 498, 499, -1,
          71, 499, 500, -1,
          71, 500, 501, -1,
          71, 501, 502, -1,
          71, 502, 503, -1,
          71, 503, 504, -1,
          71, 504, 505, -1,
          71, 505, 506, -1,
          71, 506, 507, -1,
          71, 507, 508, -1,
          71, 508, 509, -1,
          71, 509, 510, -1,
          71, 510, 511, -1,
          71, 511, 512, -1,
          71, 512, 513, -1,
          71, 73, 418, -1,
          514, 496, 495, -1,
          515, 497, 188, -1,
          516, 517, 496, -1,
          516, 496, 514, -1,
          518, 517, 516, -1,
          518, 519, 517, -1,
          520, 188, 190, -1,
          520, 515, 188, -1,
          521, 519, 518, -1,
          522, 520, 190, -1,
          523, 522, 190, -1,
          524, 523, 190, -1,
          525, 524, 190, -1,
          526, 525, 190, -1,
          527, 526, 190, -1,
          528, 527, 190, -1,
          529, 528, 190, -1,
          530, 529, 190, -1,
          531, 530, 190, -1,
          532, 531, 190, -1,
          533, 534, 535, -1,
          533, 535, 536, -1,
          533, 536, 537, -1,
          533, 537, 538, -1,
          533, 538, 539, -1,
          533, 539, 540, -1,
          533, 540, 532, -1,
          533, 532, 190, -1,
          541, 542, 534, -1,
          541, 534, 533, -1,
          541, 543, 544, -1,
          541, 544, 545, -1,
          541, 545, 546, -1,
          541, 546, 542, -1,
          69, 519, 521, -1,
          69, 513, 547, -1,
          69, 547, 548, -1,
          69, 548, 549, -1,
          69, 549, 550, -1,
          69, 550, 519, -1,
          69, 521, 551, -1,
          69, 551, 552, -1,
          69, 552, 553, -1,
          69, 553, 554, -1,
          69, 554, 555, -1,
          69, 555, 556, -1,
          69, 556, 557, -1,
          69, 557, 558, -1,
          69, 558, 559, -1,
          69, 559, 560, -1,
          69, 560, 561, -1,
          69, 561, 562, -1,
          69, 562, 563, -1,
          69, 71, 513, -1,
          564, 533, 190, -1,
          565, 543, 541, -1,
          565, 566, 567, -1,
          565, 567, 568, -1,
          565, 568, 543, -1,
          569, 190, 192, -1,
          569, 564, 190, -1,
          570, 571, 569, -1,
          570, 572, 571, -1,
          570, 569, 192, -1,
          573, 570, 192, -1,
          574, 573, 192, -1,
          67, 565, 575, -1,
          67, 69, 563, -1,
          67, 563, 576, -1,
          67, 576, 577, -1,
          67, 577, 578, -1,
          67, 578, 579, -1,
          67, 579, 580, -1,
          67, 580, 581, -1,
          67, 581, 582, -1,
          67, 582, 583, -1,
          67, 583, 584, -1,
          67, 584, 585, -1,
          67, 585, 586, -1,
          67, 586, 587, -1,
          67, 587, 588, -1,
          67, 588, 589, -1,
          67, 589, 566, -1,
          67, 566, 565, -1,
          590, 574, 192, -1,
          591, 192, 194, -1,
          591, 590, 192, -1,
          592, 591, 194, -1,
          593, 575, 572, -1,
          593, 67, 575, -1,
          593, 572, 570, -1,
          594, 592, 194, -1,
          595, 594, 194, -1,
          596, 595, 194, -1,
          597, 596, 194, -1,
          598, 597, 194, -1,
          599, 598, 194, -1,
          600, 599, 194, -1,
          601, 600, 194, -1,
          602, 601, 194, -1,
          603, 602, 194, -1,
          604, 605, 606, -1,
          607, 603, 194, -1,
          608, 606, 609, -1,
          608, 609, 610, -1,
          608, 604, 606, -1,
          611, 607, 194, -1,
          612, 610, 613, -1,
          612, 608, 610, -1,
          614, 612, 613, -1,
          614, 613, 615, -1,
          616, 614, 615, -1,
          616, 615, 617, -1,
          618, 616, 617, -1,
          619, 618, 617, -1,
          619, 617, 620, -1,
          619, 620, 621, -1,
          622, 619, 621, -1,
          622, 621, 623, -1,
          622, 623, 624, -1,
          625, 622, 624, -1,
          196, 611, 194, -1,
          65, 67, 593, -1,
          65, 593, 626, -1,
          65, 626, 627, -1,
          65, 627, 628, -1,
          65, 628, 629, -1,
          65, 629, 630, -1,
          65, 630, 631, -1,
          632, 633, 196, -1,
          634, 632, 196, -1,
          635, 634, 196, -1,
          636, 196, 633, -1,
          636, 611, 196, -1,
          636, 637, 638, -1,
          636, 638, 639, -1,
          636, 639, 640, -1,
          636, 640, 611, -1,
          641, 625, 624, -1,
          641, 637, 636, -1,
          641, 642, 625, -1,
          641, 624, 637, -1,
          198, 635, 196, -1,
          63, 631, 643, -1,
          63, 643, 644, -1,
          63, 644, 645, -1,
          63, 645, 646, -1,
          63, 646, 647, -1,
          63, 647, 648, -1,
          63, 648, 649, -1,
          63, 649, 650, -1,
          63, 650, 651, -1,
          63, 651, 652, -1,
          63, 652, 642, -1,
          63, 642, 641, -1,
          63, 65, 631, -1,
          653, 636, 633, -1,
          654, 653, 633, -1,
          655, 654, 633, -1,
          656, 655, 633, -1,
          657, 658, 659, -1,
          660, 661, 635, -1,
          662, 660, 635, -1,
          663, 662, 635, -1,
          664, 663, 635, -1,
          665, 664, 635, -1,
          665, 635, 198, -1,
          61, 641, 666, -1,
          61, 666, 667, -1,
          61, 667, 668, -1,
          61, 668, 669, -1,
          61, 669, 670, -1,
          61, 670, 671, -1,
          61, 671, 658, -1,
          61, 657, 672, -1,
          61, 672, 673, -1,
          61, 673, 674, -1,
          61, 63, 641, -1,
          61, 658, 657, -1,
          675, 676, 200, -1,
          677, 198, 200, -1,
          677, 200, 676, -1,
          678, 198, 677, -1,
          679, 675, 200, -1,
          680, 198, 678, -1,
          681, 679, 200, -1,
          682, 665, 198, -1,
          682, 198, 680, -1,
          683, 681, 200, -1,
          684, 683, 200, -1,
          685, 665, 682, -1,
          686, 684, 200, -1,
          687, 665, 685, -1,
          688, 665, 687, -1,
          689, 686, 200, -1,
          690, 691, 665, -1,
          690, 665, 688, -1,
          692, 689, 200, -1,
          693, 691, 690, -1,
          694, 692, 200, -1,
          695, 694, 200, -1,
          59, 61, 674, -1,
          59, 674, 696, -1,
          59, 696, 697, -1,
          59, 697, 698, -1,
          59, 698, 699, -1,
          59, 699, 700, -1,
          59, 700, 701, -1,
          59, 701, 702, -1,
          59, 702, 691, -1,
          703, 59, 691, -1,
          703, 691, 693, -1,
          704, 695, 200, -1,
          705, 59, 703, -1,
          706, 704, 200, -1,
          707, 706, 200, -1,
          708, 707, 200, -1,
          709, 708, 200, -1,
          710, 200, 202, -1,
          710, 709, 200, -1,
          711, 710, 202, -1,
          712, 711, 202, -1,
          713, 712, 202, -1,
          714, 713, 202, -1,
          715, 714, 202, -1,
          716, 715, 202, -1,
          717, 716, 202, -1,
          718, 717, 202, -1,
          719, 718, 202, -1,
          720, 719, 202, -1,
          721, 720, 202, -1,
          722, 721, 202, -1,
          723, 722, 202, -1,
          724, 723, 202, -1,
          725, 724, 202, -1,
          57, 726, 727, -1,
          57, 728, 726, -1,
          57, 729, 728, -1,
          57, 730, 729, -1,
          57, 731, 730, -1,
          57, 732, 731, -1,
          57, 733, 732, -1,
          57, 734, 733, -1,
          57, 705, 734, -1,
          57, 735, 736, -1,
          57, 737, 735, -1,
          57, 738, 737, -1,
          57, 739, 738, -1,
          57, 740, 739, -1,
          57, 741, 740, -1,
          57, 742, 741, -1,
          57, 743, 742, -1,
          57, 727, 743, -1,
          57, 59, 705, -1,
          744, 202, 204, -1,
          744, 725, 202, -1,
          745, 744, 204, -1,
          746, 745, 204, -1,
          747, 746, 204, -1,
          748, 747, 204, -1,
          749, 748, 204, -1,
          750, 749, 204, -1,
          750, 751, 749, -1,
          752, 750, 204, -1,
          753, 752, 204, -1,
          754, 753, 204, -1,
          55, 57, 736, -1,
          55, 755, 756, -1,
          55, 757, 755, -1,
          55, 758, 757, -1,
          55, 736, 758, -1,
          55, 759, 760, -1,
          55, 761, 759, -1,
          55, 762, 761, -1,
          55, 756, 762, -1,
          55, 763, 764, -1,
          55, 765, 763, -1,
          55, 766, 765, -1,
          55, 767, 766, -1,
          55, 768, 767, -1,
          55, 769, 768, -1,
          55, 770, 769, -1,
          55, 760, 770, -1,
          771, 772, 773, -1,
          774, 754, 204, -1,
          775, 774, 204, -1,
          776, 775, 204, -1,
          777, 772, 771, -1,
          777, 778, 772, -1,
          779, 776, 204, -1,
          780, 779, 204, -1,
          781, 204, 206, -1,
          781, 780, 204, -1,
          782, 781, 206, -1,
          783, 782, 206, -1,
          784, 783, 206, -1,
          785, 784, 206, -1,
          786, 785, 206, -1,
          787, 786, 206, -1,
          788, 787, 206, -1,
          789, 788, 206, -1,
          790, 789, 206, -1,
          791, 790, 206, -1,
          792, 791, 206, -1,
          793, 792, 206, -1,
          794, 793, 206, -1,
          795, 794, 206, -1,
          796, 795, 206, -1,
          53, 797, 798, -1,
          53, 799, 797, -1,
          53, 800, 799, -1,
          53, 778, 777, -1,
          53, 801, 802, -1,
          53, 764, 801, -1,
          53, 803, 778, -1,
          53, 802, 803, -1,
          53, 804, 800, -1,
          53, 777, 804, -1,
          53, 55, 764, -1,
          53, 805, 806, -1,
          53, 807, 805, -1,
          53, 808, 807, -1,
          53, 809, 808, -1,
          53, 798, 809, -1,
          810, 796, 206, -1,
          811, 810, 206, -1,
          811, 206, 208, -1,
          812, 811, 208, -1,
          813, 812, 208, -1,
          814, 813, 208, -1,
          815, 814, 208, -1,
          816, 815, 208, -1,
          817, 816, 208, -1,
          818, 817, 208, -1,
          819, 818, 208, -1,
          820, 819, 208, -1,
          821, 820, 208, -1,
          822, 821, 208, -1,
          823, 822, 208, -1,
          824, 823, 208, -1,
          825, 824, 208, -1,
          209, 825, 208, -1,
          209, 826, 825, -1,
          209, 827, 826, -1,
          209, 828, 827, -1,
          51, 829, 830, -1,
          51, 831, 829, -1,
          51, 832, 831, -1,
          51, 833, 832, -1,
          51, 834, 835, -1,
          51, 53, 806, -1,
          51, 836, 834, -1,
          51, 837, 836, -1,
          51, 838, 837, -1,
          51, 839, 838, -1,
          51, 840, 839, -1,
          51, 830, 840, -1,
          51, 841, 833, -1,
          51, 842, 841, -1,
          51, 843, 842, -1,
          51, 844, 843, -1,
          51, 806, 844, -1,
          49, 845, 846, -1,
          49, 847, 845, -1,
          49, 848, 847, -1,
          49, 835, 848, -1,
          49, 849, 850, -1,
          49, 851, 849, -1,
          49, 852, 851, -1,
          49, 853, 852, -1,
          49, 846, 853, -1,
          49, 854, 855, -1,
          49, 856, 854, -1,
          49, 857, 856, -1,
          49, 858, 857, -1,
          49, 850, 858, -1,
          49, 51, 835, -1,
          47, 828, 209, -1,
          47, 855, 859, -1,
          47, 859, 828, -1,
          47, 49, 855, -1,
          45, 47, 209, -1,
          45, 209, 212, -1,
          43, 45, 212, -1,
          43, 212, 213, -1,
          41, 43, 213, -1,
          41, 213, 216, -1,
          39, 41, 216, -1,
          39, 216, 218, -1,
          39, 218, 220, -1,
          37, 39, 220, -1,
          37, 220, 221, -1,
          35, 37, 221, -1,
          33, 35, 221, -1,
          33, 221, 224, -1,
          31, 33, 224, -1,
          31, 224, 225, -1,
          29, 31, 225, -1,
          29, 225, 228, -1,
          27, 228, 229, -1,
          27, 29, 228, -1,
          25, 229, 232, -1,
          25, 27, 229, -1,
          23, 232, 233, -1,
          23, 25, 232, -1,
          21, 233, 235, -1,
          21, 23, 233, -1,
          19, 235, 238, -1,
          19, 21, 235, -1,
          17, 238, 239, -1,
          17, 19, 238, -1,
          15, 239, 241, -1,
          15, 17, 239, -1,
          13, 241, 243, -1,
          13, 15, 241, -1,
          11, 243, 245, -1,
          11, 245, 247, -1,
          11, 13, 243, -1,
          9, 11, 247, -1,
          7, 247, 249, -1,
          7, 9, 247, -1,
          5, 249, 251, -1,
          5, 251, 253, -1,
          5, 7, 249, -1,
          3, 5, 253, -1,
          1, 3, 253, -1,
          1, 253, 255, -1,
          860, 635, 661, -1,
          633, 861, 656, -1,
          427, 862, 863, -1,
          863, 428, 427, -1,
          370, 420, 409, -1,
          409, 420, 417, -1,
          370, 409, 404, -1,
          382, 864, 865, -1,
          382, 865, 866, -1,
          382, 866, 867, -1,
          382, 867, 868, -1,
          382, 868, 869, -1,
          382, 869, 383, -1,
          304, 318, 303, -1,
          303, 318, 81, -1,
          321, 317, 326, -1,
          870, 871, 872, -1,
          870, 872, 873, -1,
          874, 871, 870, -1,
          875, 871, 874, -1,
          876, 877, 871, -1,
          876, 871, 875, -1,
          878, 879, 877, -1,
          878, 877, 876, -1,
          880, 881, 879, -1,
          880, 879, 878, -1,
          882, 881, 880, -1,
          882, 883, 881, -1,
          884, 883, 882, -1,
          884, 885, 883, -1,
          886, 885, 884, -1,
          886, 887, 885, -1,
          888, 887, 886, -1,
          888, 889, 887, -1,
          890, 889, 888, -1,
          890, 891, 889, -1,
          892, 891, 890, -1,
          892, 893, 894, -1,
          892, 894, 891, -1,
          895, 893, 892, -1,
          895, 896, 893, -1,
          897, 898, 899, -1,
          897, 899, 900, -1,
          897, 900, 896, -1,
          897, 896, 895, -1,
          901, 902, 903, -1,
          904, 905, 898, -1,
          904, 902, 901, -1,
          904, 897, 902, -1,
          904, 898, 897, -1,
          906, 907, 908, -1,
          909, 908, 910, -1,
          909, 910, 911, -1,
          909, 906, 908, -1,
          912, 913, 914, -1,
          912, 914, 915, -1,
          912, 915, 905, -1,
          912, 905, 904, -1,
          916, 917, 913, -1,
          916, 913, 912, -1,
          918, 919, 909, -1,
          920, 921, 917, -1,
          920, 917, 916, -1,
          922, 909, 911, -1,
          922, 918, 909, -1,
          923, 924, 921, -1,
          923, 921, 920, -1,
          925, 926, 924, -1,
          925, 924, 923, -1,
          927, 911, 928, -1,
          927, 922, 911, -1,
          929, 930, 926, -1,
          929, 926, 925, -1,
          931, 928, 932, -1,
          931, 927, 928, -1,
          933, 932, 930, -1,
          933, 931, 932, -1,
          933, 930, 929, -1,
          934, 935, 936, -1,
          937, 938, 935, -1,
          937, 935, 934, -1,
          939, 938, 937, -1,
          940, 941, 938, -1,
          940, 938, 939, -1,
          942, 943, 941, -1,
          942, 941, 940, -1,
          944, 945, 943, -1,
          944, 943, 942, -1,
          946, 947, 948, -1,
          949, 950, 951, -1,
          949, 951, 945, -1,
          949, 945, 944, -1,
          952, 950, 949, -1,
          953, 950, 952, -1,
          953, 954, 950, -1,
          955, 946, 948, -1,
          956, 954, 953, -1,
          956, 957, 954, -1,
          958, 957, 956, -1,
          959, 960, 957, -1,
          959, 957, 958, -1,
          961, 960, 959, -1,
          961, 962, 960, -1,
          963, 962, 961, -1,
          964, 962, 963, -1,
          965, 955, 948, -1,
          965, 962, 964, -1,
          965, 948, 962, -1,
          966, 955, 965, -1,
          967, 955, 966, -1,
          968, 969, 955, -1,
          968, 955, 967, -1,
          970, 969, 968, -1,
          970, 971, 969, -1,
          972, 973, 971, -1,
          972, 971, 970, -1,
          974, 975, 973, -1,
          974, 973, 972, -1,
          976, 977, 975, -1,
          976, 975, 974, -1,
          978, 977, 976, -1,
          979, 980, 981, -1,
          979, 981, 977, -1,
          979, 977, 978, -1,
          982, 983, 984, -1,
          982, 984, 985, -1,
          982, 985, 986, -1,
          987, 988, 980, -1,
          987, 980, 979, -1,
          989, 986, 990, -1,
          989, 982, 986, -1,
          991, 992, 988, -1,
          991, 988, 987, -1,
          993, 990, 994, -1,
          993, 994, 992, -1,
          993, 992, 991, -1,
          993, 989, 990, -1,
          883, 689, 692, -1,
          881, 883, 692, -1,
          881, 692, 694, -1,
          881, 694, 695, -1,
          885, 689, 883, -1,
          885, 684, 686, -1,
          885, 686, 689, -1,
          879, 881, 695, -1,
          879, 695, 704, -1,
          887, 684, 885, -1,
          887, 681, 683, -1,
          887, 683, 684, -1,
          877, 879, 704, -1,
          877, 704, 706, -1,
          877, 706, 707, -1,
          889, 681, 887, -1,
          889, 675, 679, -1,
          889, 679, 681, -1,
          871, 877, 707, -1,
          871, 707, 708, -1,
          871, 708, 709, -1,
          871, 709, 710, -1,
          872, 871, 710, -1,
          872, 710, 711, -1,
          891, 677, 676, -1,
          891, 676, 675, -1,
          891, 675, 889, -1,
          894, 677, 891, -1,
          894, 678, 677, -1,
          873, 711, 712, -1,
          873, 712, 713, -1,
          873, 872, 711, -1,
          893, 680, 678, -1,
          893, 678, 894, -1,
          870, 713, 714, -1,
          870, 714, 715, -1,
          870, 873, 713, -1,
          896, 680, 893, -1,
          896, 685, 682, -1,
          896, 682, 680, -1,
          874, 715, 716, -1,
          874, 716, 717, -1,
          874, 717, 718, -1,
          874, 870, 715, -1,
          900, 685, 896, -1,
          900, 687, 685, -1,
          899, 687, 900, -1,
          875, 718, 719, -1,
          875, 719, 720, -1,
          875, 874, 718, -1,
          898, 687, 899, -1,
          898, 690, 688, -1,
          898, 688, 687, -1,
          876, 720, 721, -1,
          876, 875, 720, -1,
          905, 690, 898, -1,
          905, 693, 690, -1,
          878, 721, 722, -1,
          878, 876, 721, -1,
          878, 722, 723, -1,
          915, 693, 905, -1,
          915, 705, 703, -1,
          915, 703, 693, -1,
          880, 723, 724, -1,
          880, 878, 723, -1,
          914, 705, 915, -1,
          914, 734, 705, -1,
          882, 724, 725, -1,
          882, 880, 724, -1,
          884, 725, 744, -1,
          884, 882, 725, -1,
          913, 734, 914, -1,
          913, 732, 733, -1,
          913, 733, 734, -1,
          886, 744, 745, -1,
          886, 884, 744, -1,
          917, 732, 913, -1,
          917, 731, 732, -1,
          888, 745, 746, -1,
          888, 886, 745, -1,
          921, 731, 917, -1,
          921, 729, 730, -1,
          921, 730, 731, -1,
          924, 726, 728, -1,
          924, 729, 921, -1,
          924, 728, 729, -1,
          890, 888, 746, -1,
          926, 727, 726, -1,
          926, 726, 924, -1,
          747, 890, 746, -1,
          930, 727, 926, -1,
          743, 727, 930, -1,
          892, 890, 747, -1,
          932, 743, 930, -1,
          742, 743, 932, -1,
          748, 892, 747, -1,
          748, 895, 892, -1,
          741, 932, 928, -1,
          741, 742, 932, -1,
          740, 741, 928, -1,
          897, 895, 748, -1,
          739, 928, 911, -1,
          739, 740, 928, -1,
          738, 739, 911, -1,
          749, 897, 748, -1,
          737, 738, 911, -1,
          737, 911, 910, -1,
          735, 737, 910, -1,
          902, 897, 749, -1,
          736, 735, 910, -1,
          736, 910, 908, -1,
          751, 902, 749, -1,
          758, 736, 908, -1,
          758, 908, 907, -1,
          903, 902, 751, -1,
          757, 758, 907, -1,
          755, 907, 906, -1,
          755, 757, 907, -1,
          756, 906, 909, -1,
          756, 755, 906, -1,
          762, 756, 909, -1,
          761, 762, 909, -1,
          761, 909, 919, -1,
          759, 761, 919, -1,
          760, 919, 918, -1,
          760, 759, 919, -1,
          770, 760, 918, -1,
          769, 770, 918, -1,
          769, 918, 922, -1,
          960, 752, 753, -1,
          957, 960, 753, -1,
          962, 750, 752, -1,
          962, 752, 960, -1,
          954, 957, 753, -1,
          954, 753, 754, -1,
          950, 954, 754, -1,
          950, 754, 774, -1,
          768, 769, 922, -1,
          768, 922, 927, -1,
          948, 751, 750, -1,
          948, 750, 962, -1,
          951, 774, 775, -1,
          951, 950, 774, -1,
          947, 751, 948, -1,
          947, 903, 751, -1,
          767, 768, 927, -1,
          945, 775, 776, -1,
          945, 951, 775, -1,
          766, 767, 927, -1,
          766, 927, 931, -1,
          943, 776, 779, -1,
          943, 779, 780, -1,
          943, 945, 776, -1,
          765, 766, 931, -1,
          773, 903, 947, -1,
          773, 901, 903, -1,
          773, 904, 901, -1,
          763, 765, 931, -1,
          763, 931, 933, -1,
          941, 943, 780, -1,
          941, 780, 781, -1,
          941, 781, 782, -1,
          772, 904, 773, -1,
          772, 912, 904, -1,
          764, 763, 933, -1,
          764, 933, 929, -1,
          778, 912, 772, -1,
          778, 916, 912, -1,
          801, 764, 929, -1,
          801, 925, 923, -1,
          801, 929, 925, -1,
          803, 916, 778, -1,
          802, 801, 923, -1,
          802, 916, 803, -1,
          802, 920, 916, -1,
          802, 923, 920, -1,
          938, 782, 783, -1,
          938, 941, 782, -1,
          935, 783, 784, -1,
          935, 784, 785, -1,
          935, 938, 783, -1,
          936, 935, 785, -1,
          936, 785, 786, -1,
          936, 786, 787, -1,
          946, 773, 947, -1,
          934, 787, 788, -1,
          934, 936, 787, -1,
          771, 773, 946, -1,
          937, 788, 789, -1,
          937, 789, 790, -1,
          937, 790, 791, -1,
          937, 934, 788, -1,
          939, 791, 792, -1,
          939, 792, 793, -1,
          939, 793, 794, -1,
          939, 937, 791, -1,
          955, 771, 946, -1,
          777, 771, 955, -1,
          940, 794, 795, -1,
          940, 939, 794, -1,
          942, 795, 796, -1,
          942, 796, 810, -1,
          942, 940, 795, -1,
          969, 777, 955, -1,
          944, 810, 811, -1,
          944, 811, 812, -1,
          944, 942, 810, -1,
          804, 777, 969, -1,
          949, 812, 813, -1,
          949, 944, 812, -1,
          971, 804, 969, -1,
          800, 804, 971, -1,
          973, 800, 971, -1,
          814, 952, 949, -1,
          814, 949, 813, -1,
          815, 952, 814, -1,
          815, 953, 952, -1,
          799, 800, 973, -1,
          799, 973, 975, -1,
          977, 799, 975, -1,
          816, 953, 815, -1,
          797, 799, 977, -1,
          817, 953, 816, -1,
          817, 956, 953, -1,
          818, 956, 817, -1,
          818, 958, 956, -1,
          798, 797, 977, -1,
          798, 981, 980, -1,
          798, 977, 981, -1,
          819, 958, 818, -1,
          809, 798, 980, -1,
          809, 980, 988, -1,
          820, 959, 958, -1,
          820, 958, 819, -1,
          821, 959, 820, -1,
          808, 809, 988, -1,
          822, 961, 959, -1,
          822, 959, 821, -1,
          807, 808, 988, -1,
          807, 988, 992, -1,
          805, 807, 992, -1,
          823, 961, 822, -1,
          806, 805, 992, -1,
          806, 992, 994, -1,
          824, 963, 961, -1,
          824, 961, 823, -1,
          844, 806, 994, -1,
          844, 994, 990, -1,
          825, 964, 963, -1,
          825, 963, 824, -1,
          843, 844, 990, -1,
          843, 990, 986, -1,
          826, 965, 964, -1,
          826, 964, 825, -1,
          842, 843, 986, -1,
          842, 986, 985, -1,
          827, 965, 826, -1,
          827, 966, 965, -1,
          841, 842, 985, -1,
          828, 966, 827, -1,
          828, 967, 966, -1,
          833, 841, 985, -1,
          859, 967, 828, -1,
          832, 985, 984, -1,
          832, 833, 985, -1,
          831, 832, 984, -1,
          855, 968, 967, -1,
          855, 967, 859, -1,
          854, 970, 968, -1,
          854, 968, 855, -1,
          829, 984, 983, -1,
          829, 831, 984, -1,
          856, 970, 854, -1,
          830, 983, 982, -1,
          830, 829, 983, -1,
          857, 972, 970, -1,
          857, 970, 856, -1,
          840, 830, 982, -1,
          858, 974, 972, -1,
          858, 972, 857, -1,
          839, 982, 989, -1,
          839, 840, 982, -1,
          850, 976, 974, -1,
          850, 974, 858, -1,
          838, 839, 989, -1,
          849, 978, 976, -1,
          849, 976, 850, -1,
          837, 838, 989, -1,
          851, 978, 849, -1,
          836, 989, 993, -1,
          836, 837, 989, -1,
          852, 979, 978, -1,
          852, 978, 851, -1,
          834, 836, 993, -1,
          853, 979, 852, -1,
          835, 993, 991, -1,
          835, 834, 993, -1,
          848, 835, 991, -1,
          846, 987, 979, -1,
          846, 979, 853, -1,
          847, 991, 987, -1,
          847, 848, 991, -1,
          845, 847, 987, -1,
          845, 987, 846, -1,
          995, 1, 255, -1,
          995, 255, 996, -1,
          997, 996, 998, -1,
          997, 995, 996, -1,
          999, 998, 1000, -1,
          999, 997, 998, -1,
          1001, 1000, 1002, -1,
          1001, 999, 1000, -1,
          1003, 1002, 1004, -1,
          1003, 1001, 1002, -1,
          1005, 1004, 1006, -1,
          1005, 1003, 1004, -1,
          1007, 1006, 1008, -1,
          1007, 1005, 1006, -1,
          1009, 1008, 1010, -1,
          1009, 1007, 1008, -1,
          1011, 1010, 1012, -1,
          1011, 1009, 1010, -1,
          1013, 1012, 1014, -1,
          1013, 1011, 1012, -1,
          1015, 1014, 1016, -1,
          1015, 1013, 1014, -1,
          1017, 1016, 1018, -1,
          1017, 1015, 1016, -1,
          1019, 1018, 1020, -1,
          1019, 1017, 1018, -1,
          1021, 1020, 1022, -1,
          1021, 1019, 1020, -1,
          1023, 1022, 1024, -1,
          1023, 1021, 1022, -1,
          1025, 1024, 1026, -1,
          1025, 1023, 1024, -1,
          1027, 1026, 1028, -1,
          1027, 1025, 1026, -1,
          1029, 1028, 1030, -1,
          1029, 1027, 1028, -1,
          1031, 1029, 1030, -1,
          1031, 1030, 1032, -1,
          1033, 1031, 1032, -1,
          1033, 1032, 1034, -1,
          1035, 1033, 1034, -1,
          1035, 1034, 1036, -1,
          1037, 1035, 1036, -1,
          1037, 1036, 1038, -1,
          1039, 1038, 1040, -1,
          1039, 1037, 1038, -1,
          1041, 1040, 1042, -1,
          1041, 1039, 1040, -1,
          1043, 1042, 1044, -1,
          1043, 1041, 1042, -1,
          1045, 1044, 1046, -1,
          1045, 1043, 1044, -1,
          1047, 1046, 1048, -1,
          1047, 1045, 1046, -1,
          1049, 1048, 1050, -1,
          1049, 1047, 1048, -1,
          1051, 1050, 1052, -1,
          1051, 1049, 1050, -1,
          1053, 1052, 1054, -1,
          1053, 1051, 1052, -1,
          1055, 1054, 1056, -1,
          1055, 1053, 1054, -1,
          1057, 1056, 1058, -1,
          1057, 1055, 1056, -1,
          1059, 1058, 1060, -1,
          1059, 1057, 1058, -1,
          1061, 1060, 1062, -1,
          1061, 1059, 1060, -1,
          1063, 1062, 1064, -1,
          1063, 1061, 1062, -1,
          1065, 1064, 1066, -1,
          1065, 1063, 1064, -1,
          1067, 1066, 1068, -1,
          1067, 1065, 1066, -1,
          1069, 1068, 1070, -1,
          1069, 1067, 1068, -1,
          1071, 1070, 1072, -1,
          1071, 1069, 1070, -1,
          1073, 1072, 1074, -1,
          1073, 1071, 1072, -1,
          1075, 1074, 1076, -1,
          1075, 1073, 1074, -1,
          1077, 1076, 1078, -1,
          1077, 1075, 1076, -1,
          1079, 1077, 1078, -1,
          1079, 1078, 1080, -1,
          1081, 1079, 1080, -1,
          1081, 1080, 1082, -1,
          1083, 1081, 1082, -1,
          1083, 1082, 1084, -1,
          1085, 1083, 1084, -1,
          1085, 1084, 1086, -1,
          1087, 1085, 1086, -1,
          1087, 1086, 1088, -1,
          1089, 1087, 1088, -1,
          1089, 1088, 1090, -1,
          1091, 1089, 1090, -1,
          1091, 1090, 1092, -1,
          1093, 1091, 1092, -1,
          1093, 1092, 1094, -1,
          1095, 1093, 1094, -1,
          1095, 1094, 1096, -1,
          1097, 1095, 1096, -1,
          1097, 1096, 1098, -1,
          1099, 1097, 1098, -1,
          1099, 1098, 1100, -1,
          1101, 1099, 1100, -1,
          1101, 1100, 1102, -1,
          1103, 1101, 1102, -1,
          1103, 1102, 1104, -1,
          1105, 1103, 1104, -1,
          1105, 1104, 1106, -1,
          1107, 1106, 1108, -1,
          1107, 1105, 1106, -1,
          1109, 1108, 1110, -1,
          1109, 1107, 1108, -1,
          1111, 1110, 1112, -1,
          1111, 1109, 1110, -1,
          1113, 1112, 1114, -1,
          1113, 1111, 1112, -1,
          1115, 1114, 1116, -1,
          1115, 1113, 1114, -1,
          1117, 1116, 1118, -1,
          1117, 1115, 1116, -1,
          127, 1118, 130, -1,
          127, 1117, 1118, -1,
          1119, 1120, 1121, -1,
          1119, 1121, 1122, -1,
          1119, 1122, 1123, -1,
          299, 294, 295, -1,
          300, 295, 296, -1,
          300, 299, 295, -1,
          301, 300, 296, -1,
          302, 301, 296, -1,
          303, 301, 302, -1,
          297, 294, 299, -1,
          306, 297, 299, -1,
          307, 306, 299, -1,
          298, 307, 299, -1,
          311, 304, 305, -1,
          311, 305, 308, -1,
          311, 308, 309, -1,
          1120, 311, 310, -1,
          1120, 304, 311, -1,
          1121, 1120, 310, -1,
          312, 1121, 310, -1,
          1122, 1121, 312, -1,
          314, 313, 315, -1,
          314, 315, 316, -1,
          314, 316, 317, -1,
          1123, 312, 314, -1,
          1123, 314, 317, -1,
          1123, 1122, 312, -1,
          318, 1120, 1119, -1,
          318, 304, 1120, -1,
          319, 318, 1119, -1,
          320, 319, 1119, -1,
          321, 1119, 1123, -1,
          321, 320, 1119, -1,
          321, 1123, 317, -1,
          1124, 1125, 1126, -1,
          1127, 1128, 1125, -1,
          1127, 1125, 1124, -1,
          1129, 1130, 1128, -1,
          1129, 1128, 1127, -1,
          1131, 1132, 1130, -1,
          1131, 1130, 1129, -1,
          1133, 1134, 1132, -1,
          1133, 1132, 1131, -1,
          1135, 1136, 1134, -1,
          1135, 1134, 1133, -1,
          1137, 1138, 1136, -1,
          1137, 1136, 1135, -1,
          1139, 1140, 1138, -1,
          1139, 1138, 1137, -1,
          1141, 1142, 1140, -1,
          1141, 1140, 1139, -1,
          1143, 1144, 1145, -1,
          1143, 1145, 1142, -1,
          1143, 1142, 1141, -1,
          1146, 1147, 1144, -1,
          1146, 1144, 1143, -1,
          1148, 1149, 1147, -1,
          1148, 1147, 1146, -1,
          1150, 1149, 1148, -1,
          1150, 1151, 1149, -1,
          1152, 1151, 1150, -1,
          1153, 1151, 1152, -1,
          1153, 1154, 1151, -1,
          1155, 1154, 1153, -1,
          1155, 1156, 1157, -1,
          1155, 1157, 1154, -1,
          1158, 1156, 1155, -1,
          1159, 1160, 1161, -1,
          1162, 1156, 1158, -1,
          1162, 1163, 1156, -1,
          1164, 1161, 1165, -1,
          1164, 1165, 1166, -1,
          1164, 1159, 1161, -1,
          1167, 1168, 1163, -1,
          1167, 1163, 1162, -1,
          1169, 1168, 1167, -1,
          1169, 1166, 1168, -1,
          1169, 1164, 1166, -1,
          329, 322, 323, -1,
          329, 323, 324, -1,
          329, 324, 325, -1,
          330, 326, 327, -1,
          330, 327, 328, -1,
          331, 328, 329, -1,
          331, 330, 328, -1,
          332, 331, 329, -1,
          344, 329, 325, -1,
          344, 332, 329, -1,
          1134, 342, 345, -1,
          1134, 341, 342, -1,
          1136, 338, 341, -1,
          1136, 336, 338, -1,
          1136, 341, 1134, -1,
          1132, 345, 348, -1,
          1132, 1134, 345, -1,
          1130, 350, 352, -1,
          1130, 348, 350, -1,
          1130, 1132, 348, -1,
          1138, 334, 336, -1,
          1138, 336, 1136, -1,
          1140, 333, 334, -1,
          1140, 334, 1138, -1,
          1128, 352, 354, -1,
          1128, 1130, 352, -1,
          1142, 335, 333, -1,
          1142, 333, 1140, -1,
          1125, 356, 358, -1,
          1125, 354, 356, -1,
          1125, 1128, 354, -1,
          1145, 337, 335, -1,
          1145, 339, 337, -1,
          1145, 335, 1142, -1,
          1126, 358, 359, -1,
          1126, 359, 360, -1,
          1126, 1125, 358, -1,
          1144, 340, 339, -1,
          1144, 339, 1145, -1,
          1147, 343, 340, -1,
          1147, 340, 1144, -1,
          1124, 360, 361, -1,
          1124, 1126, 360, -1,
          1149, 346, 343, -1,
          1149, 347, 346, -1,
          1149, 343, 1147, -1,
          1127, 362, 363, -1,
          1127, 361, 362, -1,
          1127, 1124, 361, -1,
          1129, 363, 364, -1,
          1129, 1127, 363, -1,
          1151, 349, 347, -1,
          1151, 351, 349, -1,
          1151, 347, 1149, -1,
          1131, 364, 365, -1,
          1131, 1129, 364, -1,
          366, 1131, 365, -1,
          1154, 353, 351, -1,
          1154, 351, 1151, -1,
          1133, 1131, 366, -1,
          367, 1133, 366, -1,
          1157, 355, 353, -1,
          1157, 353, 1154, -1,
          379, 1133, 367, -1,
          1135, 1133, 379, -1,
          1156, 355, 1157, -1,
          378, 1135, 379, -1,
          357, 355, 1156, -1,
          377, 1135, 378, -1,
          377, 1137, 1135, -1,
          1163, 357, 1156, -1,
          368, 357, 1163, -1,
          376, 1137, 377, -1,
          376, 1139, 1137, -1,
          1168, 368, 1163, -1,
          375, 1139, 376, -1,
          375, 1141, 1139, -1,
          374, 1141, 375, -1,
          373, 1141, 374, -1,
          373, 1143, 1141, -1,
          864, 1166, 1165, -1,
          864, 1168, 1166, -1,
          864, 369, 368, -1,
          864, 368, 1168, -1,
          372, 1143, 373, -1,
          372, 1146, 1143, -1,
          865, 1165, 1161, -1,
          865, 864, 1165, -1,
          371, 1146, 372, -1,
          866, 1161, 1160, -1,
          866, 865, 1161, -1,
          380, 1148, 1146, -1,
          380, 1146, 371, -1,
          867, 1160, 1159, -1,
          867, 866, 1160, -1,
          398, 1148, 380, -1,
          397, 1148, 398, -1,
          397, 1150, 1148, -1,
          868, 867, 1159, -1,
          868, 1159, 1164, -1,
          396, 1152, 1150, -1,
          396, 1150, 397, -1,
          869, 868, 1164, -1,
          869, 1164, 1169, -1,
          395, 1152, 396, -1,
          395, 1153, 1152, -1,
          383, 869, 1169, -1,
          394, 1153, 395, -1,
          384, 383, 1169, -1,
          384, 1169, 1167, -1,
          393, 1153, 394, -1,
          393, 1155, 1153, -1,
          385, 384, 1167, -1,
          390, 1155, 393, -1,
          386, 385, 1167, -1,
          386, 1167, 1162, -1,
          389, 1155, 390, -1,
          389, 1158, 1155, -1,
          388, 1158, 389, -1,
          387, 386, 1162, -1,
          387, 1158, 388, -1,
          387, 1162, 1158, -1,
          381, 369, 864, -1,
          864, 382, 381, -1,
          1170, 1171, 1172, -1,
          1173, 1171, 1170, -1,
          1174, 1175, 1171, -1,
          1174, 1171, 1173, -1,
          1176, 1177, 1178, -1,
          1176, 1178, 1175, -1,
          1176, 1175, 1174, -1,
          1179, 1180, 1177, -1,
          1179, 1177, 1176, -1,
          1181, 1180, 1179, -1,
          1181, 1182, 1180, -1,
          1183, 1182, 1181, -1,
          1184, 1182, 1183, -1,
          1184, 1185, 1186, -1,
          1184, 1186, 1182, -1,
          1187, 1185, 1184, -1,
          1187, 1188, 1185, -1,
          1189, 1188, 1187, -1,
          1189, 1190, 1191, -1,
          1189, 1191, 1188, -1,
          1192, 1190, 1189, -1,
          1192, 1193, 1194, -1,
          1192, 1194, 1190, -1,
          1195, 1193, 1192, -1,
          1195, 1196, 1193, -1,
          1197, 1196, 1195, -1,
          1197, 1198, 1196, -1,
          1199, 1198, 1197, -1,
          1200, 1198, 1199, -1,
          1200, 1201, 1198, -1,
          1202, 1201, 1200, -1,
          1202, 1203, 1201, -1,
          1204, 1203, 1202, -1,
          1205, 1206, 1203, -1,
          1205, 1203, 1204, -1,
          1207, 1208, 1206, -1,
          1207, 1206, 1205, -1,
          1209, 1210, 1208, -1,
          1209, 1208, 1207, -1,
          1211, 1210, 1209, -1,
          1212, 1213, 1210, -1,
          1212, 1210, 1211, -1,
          1214, 1215, 1213, -1,
          1214, 1213, 1212, -1,
          1216, 1217, 1215, -1,
          1216, 1215, 1214, -1,
          1218, 1219, 1217, -1,
          1218, 1217, 1216, -1,
          1220, 1221, 1219, -1,
          1220, 1219, 1218, -1,
          1222, 1223, 1221, -1,
          1222, 1221, 1220, -1,
          1224, 1225, 1226, -1,
          1224, 1226, 1227, -1,
          1228, 1229, 1223, -1,
          1228, 1223, 1222, -1,
          1230, 1227, 1231, -1,
          1230, 1224, 1227, -1,
          1232, 1233, 1229, -1,
          1232, 1229, 1228, -1,
          1234, 1231, 1235, -1,
          1234, 1230, 1231, -1,
          1236, 1235, 1233, -1,
          1236, 1233, 1232, -1,
          1237, 1234, 1235, -1,
          1237, 1235, 1236, -1,
          862, 370, 391, -1,
          863, 862, 391, -1,
          863, 391, 414, -1,
          428, 863, 414, -1,
          429, 428, 414, -1,
          435, 428, 429, -1,
          399, 392, 401, -1,
          404, 399, 401, -1,
          400, 399, 404, -1,
          408, 404, 409, -1,
          407, 400, 404, -1,
          407, 404, 408, -1,
          407, 402, 400, -1,
          426, 420, 427, -1,
          411, 402, 407, -1,
          411, 403, 402, -1,
          411, 405, 403, -1,
          433, 420, 426, -1,
          413, 405, 411, -1,
          413, 406, 405, -1,
          415, 406, 413, -1,
          415, 410, 406, -1,
          434, 440, 433, -1,
          434, 433, 426, -1,
          416, 410, 415, -1,
          416, 412, 410, -1,
          417, 412, 416, -1,
          417, 418, 412, -1,
          437, 442, 440, -1,
          437, 440, 434, -1,
          445, 442, 437, -1,
          498, 418, 417, -1,
          419, 498, 417, -1,
          419, 499, 498, -1,
          443, 446, 445, -1,
          443, 445, 437, -1,
          500, 499, 419, -1,
          421, 500, 419, -1,
          447, 446, 443, -1,
          469, 449, 446, -1,
          469, 446, 447, -1,
          501, 421, 422, -1,
          501, 500, 421, -1,
          468, 449, 469, -1,
          502, 422, 423, -1,
          502, 501, 422, -1,
          473, 449, 468, -1,
          473, 451, 449, -1,
          503, 502, 423, -1,
          504, 503, 423, -1,
          504, 423, 424, -1,
          477, 451, 473, -1,
          477, 452, 451, -1,
          481, 452, 477, -1,
          481, 453, 452, -1,
          505, 424, 425, -1,
          505, 504, 424, -1,
          480, 453, 481, -1,
          506, 425, 430, -1,
          506, 505, 425, -1,
          488, 450, 453, -1,
          488, 453, 480, -1,
          507, 430, 431, -1,
          507, 506, 430, -1,
          487, 450, 488, -1,
          491, 455, 450, -1,
          491, 450, 487, -1,
          508, 431, 432, -1,
          508, 507, 431, -1,
          493, 454, 455, -1,
          493, 455, 491, -1,
          509, 508, 432, -1,
          496, 448, 454, -1,
          496, 454, 493, -1,
          510, 509, 432, -1,
          510, 432, 436, -1,
          517, 448, 496, -1,
          519, 444, 448, -1,
          519, 448, 517, -1,
          511, 510, 436, -1,
          550, 441, 444, -1,
          550, 444, 519, -1,
          512, 436, 438, -1,
          512, 511, 436, -1,
          549, 441, 550, -1,
          513, 438, 439, -1,
          513, 512, 438, -1,
          548, 439, 441, -1,
          548, 441, 549, -1,
          547, 513, 439, -1,
          547, 439, 548, -1,
          420, 370, 862, -1,
          862, 427, 420, -1,
          1180, 464, 466, -1,
          1177, 470, 471, -1,
          1177, 466, 470, -1,
          1177, 1180, 466, -1,
          1182, 462, 464, -1,
          1182, 464, 1180, -1,
          1178, 474, 475, -1,
          1178, 471, 474, -1,
          1178, 1177, 471, -1,
          1186, 462, 1182, -1,
          1186, 460, 462, -1,
          1186, 458, 460, -1,
          1175, 482, 483, -1,
          1175, 478, 482, -1,
          1175, 475, 478, -1,
          1175, 1178, 475, -1,
          1185, 458, 1186, -1,
          1188, 458, 1185, -1,
          1188, 456, 458, -1,
          1171, 489, 494, -1,
          1171, 485, 489, -1,
          1171, 483, 485, -1,
          1171, 1175, 483, -1,
          1191, 457, 456, -1,
          1191, 456, 1188, -1,
          1190, 459, 457, -1,
          1190, 457, 1191, -1,
          1172, 1171, 494, -1,
          1172, 494, 497, -1,
          1172, 497, 515, -1,
          1194, 461, 459, -1,
          1194, 459, 1190, -1,
          1193, 463, 461, -1,
          1193, 461, 1194, -1,
          1170, 515, 520, -1,
          1170, 1172, 515, -1,
          1173, 1170, 520, -1,
          1173, 520, 522, -1,
          1196, 463, 1193, -1,
          1196, 465, 463, -1,
          1174, 1173, 522, -1,
          1174, 523, 524, -1,
          1174, 522, 523, -1,
          1198, 467, 465, -1,
          1198, 465, 1196, -1,
          1176, 1174, 524, -1,
          1176, 524, 525, -1,
          526, 1176, 525, -1,
          1201, 472, 467, -1,
          1201, 467, 1198, -1,
          1179, 1176, 526, -1,
          527, 1179, 526, -1,
          528, 1179, 527, -1,
          1181, 1179, 528, -1,
          1203, 472, 1201, -1,
          529, 1181, 528, -1,
          529, 1183, 1181, -1,
          530, 1183, 529, -1,
          1184, 1183, 530, -1,
          1206, 476, 472, -1,
          1206, 472, 1203, -1,
          531, 1184, 530, -1,
          1208, 479, 476, -1,
          1208, 476, 1206, -1,
          532, 1187, 1184, -1,
          532, 1184, 531, -1,
          1210, 484, 479, -1,
          1210, 479, 1208, -1,
          540, 1189, 1187, -1,
          540, 1187, 532, -1,
          1213, 486, 484, -1,
          1213, 484, 1210, -1,
          539, 1192, 1189, -1,
          539, 1189, 540, -1,
          1215, 486, 1213, -1,
          1215, 490, 486, -1,
          1215, 492, 490, -1,
          538, 1192, 539, -1,
          1217, 492, 1215, -1,
          1217, 495, 492, -1,
          537, 1192, 538, -1,
          537, 1195, 1192, -1,
          1219, 495, 1217, -1,
          1219, 514, 495, -1,
          536, 1197, 1195, -1,
          536, 1195, 537, -1,
          1221, 514, 1219, -1,
          1221, 516, 514, -1,
          1223, 516, 1221, -1,
          1223, 518, 516, -1,
          535, 1199, 1197, -1,
          535, 1200, 1199, -1,
          535, 1197, 536, -1,
          1229, 518, 1223, -1,
          1229, 521, 518, -1,
          551, 521, 1229, -1,
          534, 1202, 1200, -1,
          534, 1200, 535, -1,
          1233, 551, 1229, -1,
          1233, 552, 551, -1,
          553, 552, 1233, -1,
          1235, 553, 1233, -1,
          542, 1204, 1202, -1,
          542, 1202, 534, -1,
          554, 553, 1235, -1,
          546, 1204, 542, -1,
          546, 1205, 1204, -1,
          555, 554, 1235, -1,
          555, 1235, 1231, -1,
          545, 1207, 1205, -1,
          545, 1205, 546, -1,
          556, 555, 1231, -1,
          557, 556, 1231, -1,
          557, 1231, 1227, -1,
          544, 1209, 1207, -1,
          544, 1211, 1209, -1,
          544, 1207, 545, -1,
          558, 1227, 1226, -1,
          558, 557, 1227, -1,
          543, 1212, 1211, -1,
          543, 1211, 544, -1,
          559, 558, 1226, -1,
          559, 1226, 1225, -1,
          568, 1214, 1212, -1,
          568, 1212, 543, -1,
          560, 559, 1225, -1,
          567, 1216, 1214, -1,
          567, 1214, 568, -1,
          566, 1216, 567, -1,
          561, 560, 1225, -1,
          589, 1218, 1216, -1,
          589, 1216, 566, -1,
          562, 1225, 1224, -1,
          562, 561, 1225, -1,
          588, 1220, 1218, -1,
          588, 1218, 589, -1,
          563, 562, 1224, -1,
          587, 1222, 1220, -1,
          587, 1228, 1222, -1,
          587, 1220, 588, -1,
          576, 1224, 1230, -1,
          576, 563, 1224, -1,
          577, 576, 1230, -1,
          586, 1232, 1228, -1,
          586, 1228, 587, -1,
          578, 577, 1230, -1,
          579, 1230, 1234, -1,
          579, 578, 1230, -1,
          585, 1232, 586, -1,
          580, 579, 1234, -1,
          581, 1234, 1237, -1,
          581, 580, 1234, -1,
          584, 1236, 1232, -1,
          584, 1232, 585, -1,
          582, 581, 1237, -1,
          583, 1237, 1236, -1,
          583, 1236, 584, -1,
          583, 582, 1237, -1,
          1238, 570, 573, -1,
          1239, 573, 574, -1,
          1239, 1238, 573, -1,
          1240, 1239, 574, -1,
          1241, 574, 590, -1,
          1241, 1240, 574, -1,
          1242, 590, 591, -1,
          1242, 1241, 590, -1,
          1243, 591, 592, -1,
          1243, 1242, 591, -1,
          1244, 592, 594, -1,
          1244, 1243, 592, -1,
          1245, 596, 597, -1,
          1245, 595, 596, -1,
          1245, 594, 595, -1,
          1245, 1244, 594, -1,
          1246, 597, 598, -1,
          1246, 1245, 597, -1,
          1247, 598, 599, -1,
          1247, 1246, 598, -1,
          600, 1247, 599, -1,
          1248, 1247, 600, -1,
          1249, 570, 1238, -1,
          601, 1248, 600, -1,
          1250, 1248, 601, -1,
          602, 1250, 601, -1,
          603, 1251, 1250, -1,
          603, 1250, 602, -1,
          1252, 1249, 1253, -1,
          607, 1251, 603, -1,
          1254, 1253, 1255, -1,
          1254, 1252, 1253, -1,
          1256, 1255, 1257, -1,
          1256, 1254, 1255, -1,
          1258, 1256, 1257, -1,
          611, 1259, 1251, -1,
          611, 1251, 607, -1,
          640, 1259, 611, -1,
          640, 1260, 1259, -1,
          1261, 1258, 1257, -1,
          1261, 1257, 1262, -1,
          639, 1263, 1260, -1,
          639, 1260, 640, -1,
          1264, 1261, 1262, -1,
          1264, 1262, 1265, -1,
          638, 1263, 639, -1,
          638, 1266, 1263, -1,
          1267, 1264, 1265, -1,
          1267, 1265, 1268, -1,
          637, 1266, 638, -1,
          637, 1269, 1266, -1,
          1270, 1267, 1268, -1,
          624, 1269, 637, -1,
          624, 1271, 1269, -1,
          623, 1271, 624, -1,
          605, 1272, 1273, -1,
          605, 1270, 1268, -1,
          605, 1274, 1270, -1,
          605, 1268, 1272, -1,
          621, 1271, 623, -1,
          621, 1275, 1271, -1,
          606, 1273, 1276, -1,
          606, 605, 1273, -1,
          620, 1275, 621, -1,
          609, 606, 1276, -1,
          617, 1277, 1275, -1,
          617, 1275, 620, -1,
          610, 609, 1276, -1,
          613, 1276, 1278, -1,
          613, 610, 1276, -1,
          615, 1278, 1277, -1,
          615, 1277, 617, -1,
          615, 613, 1278, -1,
          1279, 1274, 605, -1,
          604, 1279, 605, -1,
          1280, 1279, 604, -1,
          608, 1280, 604, -1,
          1281, 1280, 608, -1,
          593, 1252, 1282, -1,
          612, 1281, 608, -1,
          614, 1283, 1281, -1,
          614, 1281, 612, -1,
          626, 593, 1282, -1,
          616, 1283, 614, -1,
          618, 1283, 616, -1,
          618, 1284, 1283, -1,
          627, 1282, 1285, -1,
          627, 1285, 1286, -1,
          627, 626, 1282, -1,
          619, 1284, 618, -1,
          619, 1287, 1284, -1,
          628, 627, 1286, -1,
          628, 1286, 1288, -1,
          622, 1287, 619, -1,
          622, 1289, 1287, -1,
          629, 628, 1288, -1,
          629, 1288, 1290, -1,
          625, 1289, 622, -1,
          625, 1291, 1289, -1,
          642, 1291, 625, -1,
          630, 629, 1290, -1,
          630, 1290, 1292, -1,
          631, 630, 1292, -1,
          652, 1291, 642, -1,
          652, 1293, 1291, -1,
          643, 631, 1292, -1,
          643, 1292, 1294, -1,
          651, 1293, 652, -1,
          651, 1295, 1293, -1,
          644, 643, 1294, -1,
          650, 1295, 651, -1,
          645, 644, 1294, -1,
          645, 1294, 1296, -1,
          649, 1295, 650, -1,
          649, 1297, 1295, -1,
          646, 645, 1296, -1,
          648, 1297, 649, -1,
          647, 646, 1296, -1,
          647, 1297, 648, -1,
          647, 1296, 1297, -1,
          593, 570, 1249, -1,
          593, 1249, 1252, -1,
          1245, 1242, 1243, -1,
          1245, 1243, 1244, -1,
          1246, 1242, 1245, -1,
          1247, 1241, 1242, -1,
          1247, 1242, 1246, -1,
          1248, 1240, 1241, -1,
          1248, 1241, 1247, -1,
          1250, 1239, 1240, -1,
          1250, 1240, 1248, -1,
          1251, 1238, 1239, -1,
          1251, 1239, 1250, -1,
          1259, 1238, 1251, -1,
          1260, 1238, 1259, -1,
          1263, 1238, 1260, -1,
          1249, 1263, 1266, -1,
          1249, 1266, 1269, -1,
          1249, 1238, 1263, -1,
          1271, 1249, 1269, -1,
          1275, 1253, 1249, -1,
          1275, 1255, 1253, -1,
          1275, 1249, 1271, -1,
          1277, 1257, 1255, -1,
          1277, 1255, 1275, -1,
          1278, 1262, 1257, -1,
          1278, 1257, 1277, -1,
          1276, 1265, 1262, -1,
          1276, 1262, 1278, -1,
          1273, 1268, 1265, -1,
          1273, 1265, 1276, -1,
          1272, 1268, 1273, -1,
          565, 541, 533, -1,
          565, 533, 564, -1,
          575, 564, 569, -1,
          575, 565, 564, -1,
          572, 569, 571, -1,
          572, 575, 569, -1,
          1270, 1261, 1264, -1,
          1270, 1264, 1267, -1,
          1274, 1258, 1261, -1,
          1274, 1261, 1270, -1,
          1279, 1254, 1256, -1,
          1279, 1256, 1258, -1,
          1279, 1258, 1274, -1,
          1280, 1252, 1254, -1,
          1280, 1254, 1279, -1,
          1281, 1252, 1280, -1,
          1283, 1252, 1281, -1,
          1284, 1252, 1283, -1,
          1287, 1252, 1284, -1,
          1282, 1287, 1289, -1,
          1282, 1289, 1291, -1,
          1282, 1291, 1293, -1,
          1282, 1252, 1287, -1,
          1295, 1285, 1282, -1,
          1295, 1282, 1293, -1,
          1297, 1286, 1285, -1,
          1297, 1285, 1295, -1,
          1296, 1288, 1286, -1,
          1296, 1286, 1297, -1,
          1294, 1292, 1290, -1,
          1294, 1290, 1288, -1,
          1294, 1288, 1296, -1,
          257, 263, 1298, -1,
          257, 1298, 1299, -1,
          257, 1299, 1300, -1,
          257, 1300, 1301, -1,
          257, 1301, 1302, -1,
          257, 1302, 1303, -1,
          257, 1303, 1304, -1,
          257, 1304, 1305, -1,
          257, 1305, 1306, -1,
          257, 1306, 1307, -1,
          257, 1307, 1308, -1,
          257, 1308, 1309, -1,
          271, 1309, 1310, -1,
          271, 1310, 1311, -1,
          271, 1311, 1312, -1,
          271, 1312, 1313, -1,
          271, 1313, 1314, -1,
          271, 1314, 1315, -1,
          271, 1315, 1316, -1,
          271, 1316, 1317, -1,
          271, 1317, 1318, -1,
          271, 257, 1309, -1,
          271, 1318, 1319, -1,
          271, 1319, 1320, -1,
          271, 1320, 1321, -1,
          271, 1321, 1322, -1,
          285, 1322, 1323, -1,
          285, 1323, 1324, -1,
          285, 1324, 1325, -1,
          285, 1325, 1326, -1,
          285, 1326, 1327, -1,
          285, 1327, 1328, -1,
          285, 1328, 128, -1,
          285, 128, 126, -1,
          285, 126, 124, -1,
          285, 124, 122, -1,
          285, 122, 120, -1,
          285, 120, 118, -1,
          285, 118, 116, -1,
          285, 116, 114, -1,
          285, 271, 1322, -1,
          293, 114, 112, -1,
          293, 112, 110, -1,
          293, 110, 108, -1,
          293, 108, 106, -1,
          293, 106, 104, -1,
          293, 104, 102, -1,
          293, 102, 100, -1,
          293, 100, 98, -1,
          293, 98, 96, -1,
          293, 96, 94, -1,
          293, 94, 92, -1,
          293, 92, 90, -1,
          293, 90, 88, -1,
          293, 285, 114, -1,
          292, 88, 86, -1,
          292, 86, 84, -1,
          292, 84, 82, -1,
          292, 82, 80, -1,
          292, 80, 78, -1,
          292, 78, 76, -1,
          292, 293, 88, -1,
          74, 292, 76, -1,
          72, 292, 74, -1,
          70, 292, 72, -1,
          68, 292, 70, -1,
          66, 292, 68, -1,
          64, 292, 66, -1,
          653, 641, 636, -1,
          654, 641, 653, -1,
          666, 654, 655, -1,
          666, 641, 654, -1,
          656, 666, 655, -1,
          667, 666, 656, -1,
          861, 667, 656, -1,
          668, 667, 861, -1,
          669, 668, 861, -1,
          670, 669, 861, -1,
          701, 660, 662, -1,
          701, 661, 660, -1,
          702, 663, 664, -1,
          702, 662, 663, -1,
          702, 701, 662, -1,
          700, 860, 661, -1,
          700, 661, 701, -1,
          699, 860, 700, -1,
          691, 664, 665, -1,
          691, 702, 664, -1,
          698, 860, 699, -1,
          698, 861, 860, -1,
          698, 670, 861, -1,
          697, 671, 670, -1,
          697, 658, 671, -1,
          697, 670, 698, -1,
          672, 657, 659, -1,
          696, 658, 697, -1,
          696, 659, 658, -1,
          673, 672, 659, -1,
          673, 659, 696, -1,
          674, 673, 696, -1,
          861, 633, 632, -1,
          861, 632, 860, -1,
          635, 860, 634, -1,
          634, 860, 632, -1,
          1329, 1330, 1331, -1,
          1332, 1330, 1329, -1,
          1333, 1334, 1332, -1,
          1335, 1334, 1333, -1,
          1336, 1334, 1335, -1,
          1337, 1334, 1336, -1,
          1338, 1339, 1340, -1,
          1339, 1341, 1342, -1,
          1338, 1341, 1339, -1,
          1343, 1344, 1345, -1,
          1338, 1346, 1341, -1,
          1330, 1347, 1338, -1,
          1338, 1347, 1346, -1,
          1347, 1348, 1349, -1,
          1350, 1351, 1344, -1,
          1352, 1351, 1350, -1,
          1353, 1351, 1352, -1,
          1347, 1354, 1348, -1,
          1355, 1356, 1351, -1,
          1354, 1357, 1358, -1,
          256, 254, 1356, -1,
          1356, 254, 1351, -1,
          1359, 1360, 1334, -1,
          1332, 1360, 1330, -1,
          1334, 1360, 1332, -1,
          1330, 1360, 1347, -1,
          1347, 1360, 1354, -1,
          1354, 1360, 1357, -1,
          1357, 1360, 1361, -1,
          1360, 1362, 1363, -1,
          250, 248, 252, -1,
          248, 246, 252, -1,
          1360, 1364, 1362, -1,
          1345, 1364, 1359, -1,
          1362, 1364, 1365, -1,
          1359, 1364, 1360, -1,
          244, 242, 246, -1,
          246, 242, 252, -1,
          1364, 1366, 1367, -1,
          242, 237, 252, -1,
          240, 237, 242, -1,
          1345, 1368, 1364, -1,
          1364, 1368, 1366, -1,
          1366, 1368, 1369, -1,
          252, 231, 254, -1,
          236, 231, 237, -1,
          234, 231, 236, -1,
          237, 231, 252, -1,
          1344, 231, 1345, -1,
          1351, 231, 1344, -1,
          254, 231, 1351, -1,
          1370, 1371, 1372, -1,
          1370, 1373, 1371, -1,
          1368, 1373, 1370, -1,
          1368, 1374, 1373, -1,
          230, 226, 231, -1,
          227, 226, 230, -1,
          1368, 1375, 1374, -1,
          1374, 1375, 1376, -1,
          222, 219, 223, -1,
          1375, 1377, 1378, -1,
          1375, 1379, 1377, -1,
          1380, 1379, 1381, -1,
          1377, 1379, 1380, -1,
          223, 210, 226, -1,
          217, 210, 219, -1,
          215, 210, 217, -1,
          214, 210, 215, -1,
          211, 210, 214, -1,
          226, 210, 231, -1,
          219, 210, 223, -1,
          1375, 1382, 1379, -1,
          1379, 1382, 1383, -1,
          207, 205, 210, -1,
          1345, 1384, 1368, -1,
          1368, 1384, 1375, -1,
          1382, 1384, 1385, -1,
          1375, 1384, 1382, -1,
          203, 199, 205, -1,
          201, 199, 203, -1,
          197, 195, 199, -1,
          199, 193, 205, -1,
          195, 193, 199, -1,
          1386, 131, 1387, -1,
          1388, 131, 1386, -1,
          1389, 131, 1388, -1,
          1390, 131, 1389, -1,
          1384, 131, 1390, -1,
          1384, 129, 131, -1,
          191, 189, 193, -1,
          189, 187, 193, -1,
          187, 185, 193, -1,
          133, 137, 135, -1,
          133, 141, 137, -1,
          137, 141, 139, -1,
          183, 179, 185, -1,
          181, 179, 183, -1,
          185, 177, 193, -1,
          179, 177, 185, -1,
          133, 145, 141, -1,
          141, 145, 143, -1,
          1384, 147, 129, -1,
          133, 147, 145, -1,
          231, 147, 1345, -1,
          1345, 147, 1384, -1,
          129, 147, 133, -1,
          175, 171, 177, -1,
          173, 171, 175, -1,
          177, 171, 193, -1,
          147, 151, 149, -1,
          147, 153, 151, -1,
          147, 155, 153, -1,
          167, 165, 169, -1,
          193, 161, 205, -1,
          231, 161, 147, -1,
          169, 161, 171, -1,
          165, 161, 169, -1,
          163, 161, 165, -1,
          210, 161, 231, -1,
          157, 161, 159, -1,
          155, 161, 157, -1,
          147, 161, 155, -1,
          171, 161, 193, -1,
          205, 161, 210, -1,
          1356, 255, 256, -1,
          996, 255, 1356, -1,
          1355, 996, 1356, -1,
          998, 996, 1355, -1,
          1351, 998, 1355, -1,
          1000, 998, 1351, -1,
          1353, 1000, 1351, -1,
          1002, 1000, 1353, -1,
          1352, 1002, 1353, -1,
          1004, 1002, 1352, -1,
          1350, 1004, 1352, -1,
          1006, 1004, 1350, -1,
          1344, 1006, 1350, -1,
          1008, 1006, 1344, -1,
          1343, 1008, 1344, -1,
          1010, 1008, 1343, -1,
          1345, 1010, 1343, -1,
          1012, 1010, 1345, -1,
          1359, 1012, 1345, -1,
          1014, 1012, 1359, -1,
          1334, 1014, 1359, -1,
          1016, 1014, 1334, -1,
          1337, 1016, 1334, -1,
          1018, 1016, 1337, -1,
          1336, 1018, 1337, -1,
          1020, 1018, 1336, -1,
          1335, 1020, 1336, -1,
          1022, 1020, 1335, -1,
          1333, 1022, 1335, -1,
          1024, 1022, 1333, -1,
          1332, 1024, 1333, -1,
          1026, 1024, 1332, -1,
          1329, 1026, 1332, -1,
          1028, 1026, 1329, -1,
          1331, 1028, 1329, -1,
          1030, 1028, 1331, -1,
          1330, 1030, 1331, -1,
          1032, 1030, 1330, -1,
          1338, 1032, 1330, -1,
          1034, 1032, 1338, -1,
          1340, 1034, 1338, -1,
          1036, 1034, 1340, -1,
          1339, 1036, 1340, -1,
          1038, 1036, 1339, -1,
          1342, 1038, 1339, -1,
          1040, 1038, 1342, -1,
          1042, 1040, 1342, -1,
          1042, 1342, 1341, -1,
          1346, 1042, 1341, -1,
          1044, 1042, 1346, -1,
          1347, 1044, 1346, -1,
          1046, 1044, 1347, -1,
          1349, 1046, 1347, -1,
          1048, 1046, 1349, -1,
          1348, 1048, 1349, -1,
          1050, 1048, 1348, -1,
          1052, 1348, 1354, -1,
          1052, 1050, 1348, -1,
          1358, 1052, 1354, -1,
          1054, 1052, 1358, -1,
          1357, 1054, 1358, -1,
          1056, 1054, 1357, -1,
          1058, 1357, 1361, -1,
          1058, 1056, 1357, -1,
          1360, 1058, 1361, -1,
          1060, 1058, 1360, -1,
          1363, 1060, 1360, -1,
          1062, 1060, 1363, -1,
          1064, 1363, 1362, -1,
          1064, 1062, 1363, -1,
          1365, 1064, 1362, -1,
          1066, 1064, 1365, -1,
          1068, 1365, 1364, -1,
          1068, 1066, 1365, -1,
          1367, 1068, 1364, -1,
          1070, 1068, 1367, -1,
          1366, 1070, 1367, -1,
          1072, 1070, 1366, -1,
          1369, 1072, 1366, -1,
          1074, 1072, 1369, -1,
          1368, 1074, 1369, -1,
          1076, 1074, 1368, -1,
          1078, 1368, 1370, -1,
          1078, 1076, 1368, -1,
          1372, 1078, 1370, -1,
          1080, 1078, 1372, -1,
          1371, 1080, 1372, -1,
          1082, 1080, 1371, -1,
          1373, 1082, 1371, -1,
          1084, 1082, 1373, -1,
          1374, 1084, 1373, -1,
          1086, 1084, 1374, -1,
          1376, 1086, 1374, -1,
          1088, 1086, 1376, -1,
          1090, 1376, 1375, -1,
          1090, 1088, 1376, -1,
          1378, 1090, 1375, -1,
          1092, 1090, 1378, -1,
          1094, 1378, 1377, -1,
          1094, 1092, 1378, -1,
          1096, 1377, 1380, -1,
          1096, 1094, 1377, -1,
          1381, 1096, 1380, -1,
          1098, 1096, 1381, -1,
          1379, 1098, 1381, -1,
          1100, 1098, 1379, -1,
          1102, 1379, 1383, -1,
          1102, 1100, 1379, -1,
          1382, 1102, 1383, -1,
          1104, 1102, 1382, -1,
          1385, 1104, 1382, -1,
          1106, 1104, 1385, -1,
          1108, 1385, 1384, -1,
          1108, 1106, 1385, -1,
          1390, 1108, 1384, -1,
          1110, 1108, 1390, -1,
          1389, 1110, 1390, -1,
          1112, 1110, 1389, -1,
          1114, 1389, 1388, -1,
          1114, 1112, 1389, -1,
          1386, 1114, 1388, -1,
          1116, 1114, 1386, -1,
          1387, 1116, 1386, -1,
          1118, 1116, 1387, -1,
          130, 1387, 131, -1,
          130, 1118, 1387, -1,
          1328, 127, 128, -1,
          1117, 127, 1328, -1,
          1327, 1117, 1328, -1,
          1115, 1117, 1327, -1,
          1326, 1115, 1327, -1,
          1113, 1115, 1326, -1,
          1325, 1113, 1326, -1,
          1111, 1113, 1325, -1,
          1324, 1111, 1325, -1,
          1109, 1111, 1324, -1,
          1323, 1109, 1324, -1,
          1107, 1109, 1323, -1,
          1322, 1107, 1323, -1,
          1105, 1107, 1322, -1,
          1321, 1105, 1322, -1,
          1103, 1105, 1321, -1,
          1320, 1103, 1321, -1,
          1101, 1103, 1320, -1,
          1319, 1101, 1320, -1,
          1099, 1101, 1319, -1,
          1318, 1099, 1319, -1,
          1097, 1099, 1318, -1,
          1317, 1097, 1318, -1,
          1095, 1097, 1317, -1,
          1316, 1095, 1317, -1,
          1093, 1095, 1316, -1,
          1315, 1093, 1316, -1,
          1091, 1093, 1315, -1,
          1314, 1091, 1315, -1,
          1089, 1091, 1314, -1,
          1313, 1089, 1314, -1,
          1087, 1089, 1313, -1,
          1312, 1087, 1313, -1,
          1085, 1087, 1312, -1,
          1311, 1085, 1312, -1,
          1083, 1085, 1311, -1,
          1310, 1083, 1311, -1,
          1081, 1083, 1310, -1,
          1081, 1310, 1309, -1,
          1079, 1309, 1308, -1,
          1079, 1081, 1309, -1,
          1077, 1308, 1307, -1,
          1077, 1079, 1308, -1,
          1075, 1307, 1306, -1,
          1075, 1077, 1307, -1,
          1073, 1306, 1305, -1,
          1073, 1075, 1306, -1,
          1071, 1305, 1304, -1,
          1071, 1073, 1305, -1,
          1069, 1304, 1303, -1,
          1069, 1071, 1304, -1,
          1067, 1303, 1302, -1,
          1067, 1069, 1303, -1,
          1065, 1302, 1301, -1,
          1065, 1067, 1302, -1,
          1063, 1301, 1300, -1,
          1063, 1065, 1301, -1,
          1061, 1300, 1299, -1,
          1061, 1063, 1300, -1,
          1059, 1299, 1298, -1,
          1059, 1061, 1299, -1,
          1057, 1298, 263, -1,
          1057, 1059, 1298, -1,
          1055, 1057, 263, -1,
          1055, 263, 262, -1,
          1053, 262, 261, -1,
          1053, 1055, 262, -1,
          1051, 261, 260, -1,
          1051, 1053, 261, -1,
          1049, 260, 259, -1,
          1049, 1051, 260, -1,
          1047, 259, 258, -1,
          1047, 1049, 259, -1,
          1045, 258, 264, -1,
          1045, 1047, 258, -1,
          1043, 264, 265, -1,
          1043, 1045, 264, -1,
          1041, 265, 266, -1,
          1041, 1043, 265, -1,
          1039, 266, 267, -1,
          1039, 1041, 266, -1,
          1037, 267, 268, -1,
          1037, 1039, 267, -1,
          1035, 1037, 268, -1,
          1035, 268, 269, -1,
          1033, 269, 270, -1,
          1033, 1035, 269, -1,
          1031, 1033, 270, -1,
          1031, 270, 272, -1,
          1029, 1031, 272, -1,
          1029, 272, 273, -1,
          1027, 1029, 273, -1,
          1027, 273, 274, -1,
          1025, 1027, 274, -1,
          1025, 274, 275, -1,
          1023, 1025, 275, -1,
          1023, 275, 276, -1,
          1021, 1023, 276, -1,
          1021, 276, 277, -1,
          1019, 1021, 277, -1,
          1019, 277, 278, -1,
          1017, 1019, 278, -1,
          1017, 278, 279, -1,
          1015, 1017, 279, -1,
          1015, 279, 280, -1,
          1013, 1015, 280, -1,
          1013, 280, 281, -1,
          1011, 281, 282, -1,
          1011, 1013, 281, -1,
          1009, 282, 283, -1,
          1009, 1011, 282, -1,
          1007, 283, 284, -1,
          1007, 1009, 283, -1,
          1005, 284, 286, -1,
          1005, 1007, 284, -1,
          1003, 286, 287, -1,
          1003, 1005, 286, -1,
          1001, 287, 288, -1,
          1001, 1003, 287, -1,
          999, 288, 289, -1,
          999, 1001, 288, -1,
          997, 289, 290, -1,
          997, 999, 289, -1,
          995, 290, 291, -1,
          995, 997, 290, -1,
          1, 291, 2, -1,
          1, 995, 291, -1
        ]
      }
    }
}
