#VRML V2.0 utf8
WorldInfo {
  title "Exported triangle mesh to VRML97"
  info ["Created by FreeCAD"
        "<https://www.freecad.org>"]
}

Transform {
  scale 1 1 1
  rotation 0 0 1 0
  scaleOrientation 0 0 1 0
  center 0.000 0.000 0.000
  translation 0.000 0.000 0.000
  children
    Shape { 
      appearance
      Appearance {
        material
        Material {
          diffuseColor 0.8 0.8 0.8
        }
      }
      geometry
      IndexedFaceSet {
        coord
        Coordinate {
          point [
            0.528 0.000 -11.709,
            0.782 -1.989 -11.281,
            0.782 0.000 -11.455,
            0.528 -2.033 -11.532,
            0.782 -3.918 -10.765,
            0.528 -4.005 -11.003,
            0.782 -5.728 -9.921,
            0.528 -5.855 -10.141,
            0.782 -7.363 -8.775,
            0.528 -7.527 -8.970,
            0.782 -8.775 -7.363,
            0.528 -8.970 -7.527,
            0.782 -9.921 -5.728,
            0.528 -10.141 -5.855,
            0.782 -10.765 -3.918,
            0.528 -11.003 -4.005,
            0.782 -11.281 -1.989,
            0.528 -11.532 -2.033,
            0.782 -11.455 -0.000,
            0.528 -11.709 0.000,
            0.782 -11.281 1.989,
            0.528 -11.532 2.033,
            0.782 -10.765 3.918,
            0.528 -11.003 4.005,
            0.782 -9.921 5.728,
            0.528 -10.141 5.855,
            0.782 -8.775 7.363,
            0.528 -8.970 7.527,
            0.782 -7.363 8.775,
            0.528 -7.527 8.970,
            0.782 -5.728 9.921,
            0.528 -5.855 10.141,
            0.782 -3.918 10.765,
            0.528 -4.005 11.003,
            0.528 -2.033 11.532,
            0.782 -1.989 11.281,
            0.782 0.000 11.455,
            0.528 0.000 11.709,
            2.560 0.000 -11.709,
            2.306 1.918 -11.294,
            2.306 0.000 -11.455,
            2.560 1.990 -11.539,
            2.306 3.781 -10.813,
            2.560 3.922 -11.033,
            2.306 5.538 -10.028,
            2.560 5.740 -10.206,
            2.306 7.138 -8.959,
            2.560 7.391 -9.082,
            2.306 8.537 -7.638,
            2.560 8.827 -7.694,
            2.306 9.696 -6.101,
            2.560 10.006 -6.082,
            2.306 10.580 -4.392,
            2.560 10.894 -4.294,
            2.306 11.166 -2.559,
            2.560 11.465 -2.380,
            2.306 11.437 -0.654,
            2.560 11.703 -0.397,
            2.560 11.703 -0.397,
            2.121 -12.879 2.629,
            2.560 -12.884 0.397,
            2.560 -12.629 2.585,
            2.121 -13.139 0.397,
            2.121 -12.243 4.785,
            2.560 -12.004 4.698,
            2.121 -11.249 6.800,
            2.560 -11.029 6.673,
            2.121 -9.926 8.617,
            2.560 -9.732 8.454,
            2.121 -8.313 10.182,
            2.560 -8.150 9.987,
            2.121 -6.457 11.449,
            2.560 -6.330 11.229,
            2.121 -4.413 12.382,
            2.560 -4.326 12.143,
            2.121 -2.239 12.952,
            2.560 -2.195 12.702,
            2.121 0.000 13.144,
            2.560 0.000 12.891,
            0.968 2.283 -12.945,
            0.528 0.000 -12.891,
            0.528 2.238 -12.695,
            0.968 0.000 -13.144,
            0.968 4.496 -12.352,
            0.528 4.409 -12.113,
            0.968 6.572 -11.383,
            0.528 6.445 -11.164,
            0.968 8.449 -10.069,
            0.528 8.286 -9.875,
            0.968 10.069 -8.449,
            0.528 9.875 -8.286,
            0.968 11.383 -6.572,
            0.528 11.164 -6.445,
            0.968 12.352 -4.496,
            0.528 12.113 -4.409,
            0.968 12.945 -2.283,
            0.528 12.695 -2.238,
            0.968 13.144 -0.000,
            0.528 12.891 0.000,
            0.968 12.945 2.283,
            0.528 12.695 2.238,
            0.968 12.352 4.496,
            0.528 12.113 4.409,
            0.968 11.383 6.572,
            0.528 11.164 6.445,
            0.968 10.069 8.449,
            0.528 9.875 8.286,
            0.968 8.449 10.069,
            0.528 8.286 9.875,
            0.968 6.572 11.383,
            0.528 6.445 11.164,
            0.968 4.496 12.352,
            0.528 4.409 12.113,
            0.968 2.283 12.945,
            0.528 2.238 12.695,
            0.968 0.000 13.144,
            0.528 0.000 12.891,
            2.306 0.000 11.455,
            2.306 -1.918 11.294,
            2.306 -3.781 10.813,
            2.306 -5.538 10.028,
            2.306 -7.138 8.959,
            2.306 -8.537 7.638,
            2.306 -9.696 6.101,
            2.306 -10.580 4.392,
            2.306 -11.166 2.559,
            1.671 -11.437 0.654,
            1.671 -11.453 0.218,
            1.671 -11.453 -0.218,
            1.671 -11.437 -0.654,
            2.306 -11.437 0.654,
            2.306 -11.437 -0.654,
            2.306 -11.166 -2.559,
            2.306 -10.580 -4.392,
            2.306 -9.696 -6.101,
            2.306 -8.537 -7.638,
            2.306 -7.138 -8.959,
            2.306 -5.538 -10.028,
            2.306 -3.781 -10.813,
            2.306 -1.918 -11.294,
            2.121 2.239 -12.952,
            2.121 0.000 -13.144,
            2.121 4.413 -12.382,
            2.121 6.457 -11.449,
            2.121 8.313 -10.182,
            2.121 9.926 -8.617,
            2.121 11.249 -6.800,
            2.121 12.243 -4.785,
            2.121 12.879 -2.629,
            1.925 13.139 -0.397,
            1.925 13.144 -0.132,
            1.925 13.144 0.132,
            2.121 13.139 -0.397,
            1.925 13.139 0.397,
            2.121 12.879 2.629,
            2.121 13.139 0.397,
            2.121 12.243 4.785,
            2.121 11.249 6.800,
            2.121 9.926 8.617,
            2.121 8.313 10.182,
            2.121 6.457 11.449,
            2.121 4.413 12.382,
            2.121 2.239 12.952,
            0.968 -2.283 12.945,
            0.968 -4.496 12.352,
            0.968 -6.572 11.383,
            0.968 -8.449 10.069,
            0.968 -10.069 8.449,
            0.968 -11.383 6.572,
            0.968 -12.352 4.496,
            0.968 -12.945 2.283,
            1.925 -13.139 0.397,
            0.968 -13.144 0.000,
            1.925 -13.144 0.132,
            1.925 -13.144 -0.132,
            1.925 -13.139 -0.397,
            0.968 -12.945 -2.283,
            2.121 -12.879 -2.629,
            0.968 -12.352 -4.496,
            2.121 -13.139 -0.397,
            2.121 -12.243 -4.785,
            0.968 -11.383 -6.572,
            2.121 -11.249 -6.800,
            0.968 -10.069 -8.449,
            2.121 -9.926 -8.617,
            0.968 -8.449 -10.069,
            2.121 -8.313 -10.182,
            0.968 -6.572 -11.383,
            2.121 -6.457 -11.449,
            0.968 -4.496 -12.352,
            2.121 -4.413 -12.382,
            0.968 -2.283 -12.945,
            2.121 -2.239 -12.952,
            0.782 1.989 -11.281,
            0.782 3.918 -10.765,
            0.782 5.728 -9.921,
            0.782 7.363 -8.775,
            0.782 8.775 -7.363,
            0.782 9.921 -5.728,
            0.782 10.765 -3.918,
            0.782 11.281 -1.989,
            1.671 11.437 -0.654,
            0.782 11.455 0.000,
            1.671 11.453 -0.218,
            1.671 11.453 0.218,
            1.671 11.437 0.654,
            0.782 11.281 1.989,
            2.306 11.437 0.654,
            2.306 11.166 2.559,
            0.782 10.765 3.918,
            2.306 10.580 4.392,
            0.782 9.921 5.728,
            2.306 9.696 6.101,
            0.782 8.775 7.363,
            2.306 8.537 7.638,
            0.782 7.363 8.775,
            2.306 7.138 8.959,
            0.782 5.728 9.921,
            2.306 5.538 10.028,
            0.782 3.918 10.765,
            2.306 3.781 10.813,
            0.782 1.989 11.281,
            2.306 1.918 11.294,
            2.560 -11.703 0.397,
            2.560 -11.465 2.380,
            2.560 -10.894 4.294,
            2.560 -10.006 6.082,
            2.560 -8.827 7.694,
            2.560 -7.391 9.082,
            2.560 -5.740 10.206,
            2.560 -3.922 11.033,
            2.560 -1.990 11.539,
            2.560 -0.000 11.709,
            2.560 1.990 11.539,
            2.560 2.195 12.702,
            2.560 3.922 11.033,
            2.560 12.884 0.397,
            2.560 12.629 2.585,
            2.560 11.703 0.397,
            2.560 11.465 2.380,
            2.560 5.740 10.206,
            2.560 4.326 12.143,
            2.560 12.004 4.698,
            2.560 10.894 4.294,
            2.560 7.391 9.082,
            2.560 6.330 11.229,
            2.560 11.029 6.673,
            2.560 10.006 6.082,
            2.560 8.150 9.987,
            2.560 8.827 7.694,
            2.560 9.732 8.454,
            2.560 -8.150 -9.987,
            2.560 -8.827 -7.694,
            2.560 -9.732 -8.454,
            2.560 -6.330 -11.229,
            2.560 -7.391 -9.082,
            2.560 -10.006 -6.082,
            2.560 -11.029 -6.673,
            2.560 -4.326 -12.143,
            2.560 -5.740 -10.206,
            2.560 -10.894 -4.294,
            2.560 -12.004 -4.698,
            2.560 -3.922 -11.033,
            2.560 -2.195 -12.702,
            2.560 -11.465 -2.380,
            2.560 -12.629 -2.585,
            2.560 -1.990 -11.539,
            2.560 -0.000 -12.891,
            2.560 -11.703 -0.397,
            2.560 -12.884 -0.397,
            2.560 2.195 -12.702,
            2.560 4.326 -12.143,
            2.560 6.330 -11.229,
            2.560 8.150 -9.987,
            2.560 9.732 -8.454,
            2.560 11.029 -6.673,
            2.560 12.004 -4.698,
            2.560 12.629 -2.585,
            2.560 12.884 -0.397,
            0.528 -9.875 -8.286,
            0.528 -11.164 -6.445,
            0.528 -8.286 -9.875,
            0.528 -6.445 -11.164,
            0.528 -12.113 -4.409,
            0.528 -4.409 -12.113,
            0.528 -12.695 -2.238,
            0.528 -2.238 -12.695,
            0.528 -12.891 -0.000,
            0.528 -12.695 2.238,
            0.528 2.033 -11.532,
            0.528 -12.113 4.409,
            0.528 4.005 -11.003,
            0.528 -11.164 6.445,
            0.528 5.855 -10.141,
            0.528 -9.875 8.286,
            0.528 7.527 -8.970,
            0.528 8.970 -7.527,
            0.528 -8.286 9.875,
            0.528 10.141 -5.855,
            0.528 -6.445 11.164,
            0.528 11.003 -4.005,
            0.528 -4.409 12.113,
            0.528 -2.238 12.695,
            0.528 11.532 -2.033,
            0.528 11.709 -0.000,
            0.528 2.033 11.532,
            0.528 11.532 2.033,
            0.528 11.003 4.005,
            0.528 4.005 11.003,
            0.528 10.141 5.855,
            0.528 8.970 7.527,
            0.528 5.855 10.141,
            0.528 7.527 8.970,
            1.925 -11.703 -0.397,
            2.560 -11.703 -0.397,
            1.925 -11.703 -0.397,
            1.925 -11.703 0.397,
            2.560 -11.703 0.397,
            1.925 -11.703 0.397,
            1.925 -11.709 -0.132,
            1.925 -11.709 0.132,
            1.925 11.703 0.397,
            2.560 11.703 0.397,
            1.925 11.703 0.397,
            1.925 11.703 -0.397,
            1.925 11.703 -0.397,
            1.925 11.709 -0.132,
            1.925 11.709 0.132,
            2.592 0.000 15.230,
            1.585 0.000 15.230,
            1.624 -0.036 15.230,
            1.665 -0.069 15.230,
            1.739 -0.117 15.230,
            1.830 -0.157 15.229,
            2.522 -0.063 15.230,
            2.445 -0.114 15.230,
            2.360 -0.152 15.229,
            2.270 -0.179 15.229,
            2.187 -0.192 15.229,
            2.086 -0.198 15.229,
            1.938 -0.185 15.229,
            0.254 -0.264 15.228,
            0.254 -0.396 15.225,
            0.978 -0.004 15.230,
            0.254 -0.132 15.229,
            0.254 0.000 15.230,
            0.985 0.000 15.230,
            8.255 0.000 13.056,
            7.815 -2.223 12.607,
            7.815 0.000 12.802,
            8.255 -2.267 12.857,
            7.815 -4.378 12.030,
            8.255 -4.465 12.268,
            7.815 -6.401 11.087,
            8.255 -6.528 11.306,
            7.815 -8.229 9.807,
            8.255 -8.392 10.001,
            7.815 -9.807 8.229,
            8.255 -10.001 8.392,
            7.815 -11.087 6.401,
            8.255 -11.306 6.528,
            7.815 -12.030 4.378,
            8.255 -12.268 4.465,
            7.815 -12.607 2.223,
            8.255 -12.857 2.267,
            7.815 -12.802 0.000,
            8.255 -13.056 -0.000,
            7.815 -12.607 -2.223,
            8.255 -12.857 -2.267,
            7.815 -12.030 -4.378,
            8.255 -12.268 -4.465,
            7.815 -11.087 -6.401,
            8.255 -11.306 -6.528,
            8.255 -10.001 -8.392,
            7.815 -9.807 -8.229,
            7.815 -8.229 -9.807,
            8.255 -8.392 -10.001,
            7.815 -6.401 -11.087,
            8.255 -6.528 -11.306,
            8.255 -4.465 -12.268,
            7.815 -4.378 -12.030,
            8.255 -2.267 -12.857,
            7.815 -2.223 -12.607,
            8.255 0.000 -13.056,
            7.815 0.000 -12.802,
            -5.969 2.344 13.295,
            -5.588 0.000 13.043,
            -5.588 2.265 12.845,
            -5.969 0.000 13.500,
            -5.969 4.617 12.686,
            -5.588 4.461 12.256,
            -5.969 6.750 11.691,
            -5.588 6.521 11.295,
            -5.969 8.678 10.342,
            -5.588 8.384 9.991,
            -5.969 10.342 8.678,
            -5.588 9.991 8.384,
            -5.588 11.295 6.521,
            -5.969 11.691 6.750,
            -5.969 12.686 4.617,
            -5.588 12.256 4.461,
            -5.969 13.295 2.344,
            -5.588 12.845 2.265,
            -5.588 13.043 0.000,
            -5.969 13.500 0.000,
            -5.969 13.295 -2.344,
            -5.588 12.845 -2.265,
            -5.588 12.256 -4.461,
            -5.969 12.686 -4.617,
            -5.969 11.691 -6.750,
            -5.588 11.295 -6.521,
            -5.969 10.342 -8.678,
            -5.588 9.991 -8.384,
            -5.969 8.678 -10.342,
            -5.588 8.384 -9.991,
            -5.969 6.750 -11.691,
            -5.588 6.521 -11.295,
            -5.969 4.617 -12.686,
            -5.588 4.461 -12.256,
            -5.969 2.344 -13.295,
            -5.588 2.265 -12.845,
            -5.969 0.000 -13.500,
            -5.588 0.000 -13.043,
            -5.207 2.344 -13.295,
            -5.207 0.000 -13.500,
            -5.207 4.617 -12.686,
            -5.207 6.750 -11.691,
            -5.207 8.678 -10.342,
            -5.207 10.342 -8.678,
            -5.207 11.691 -6.750,
            -5.207 12.686 -4.617,
            -5.207 13.295 -2.344,
            -5.207 13.500 0.000,
            -5.207 13.295 2.344,
            -5.207 12.686 4.617,
            -5.207 11.691 6.750,
            -5.207 10.342 8.678,
            -5.207 8.678 10.342,
            -5.207 6.750 11.691,
            -5.207 4.617 12.686,
            -5.207 2.344 13.295,
            -5.207 0.000 13.500,
            -8.001 2.344 -13.295,
            -8.255 0.000 -13.246,
            -8.255 2.300 -13.045,
            -8.001 0.000 -13.500,
            -8.001 4.617 -12.686,
            -8.255 4.530 -12.447,
            -8.001 6.750 -11.691,
            -8.255 6.623 -11.471,
            -8.001 8.678 -10.342,
            -8.255 8.514 -10.147,
            -8.001 10.342 -8.678,
            -8.255 10.147 -8.514,
            -8.001 11.691 -6.750,
            -8.255 11.471 -6.623,
            -8.001 12.686 -4.617,
            -8.255 12.447 -4.530,
            -8.001 13.295 -2.344,
            -8.255 13.045 -2.300,
            -8.001 13.500 -0.000,
            -8.255 13.246 0.000,
            -8.001 13.295 2.344,
            -8.255 13.045 2.300,
            -8.001 12.686 4.617,
            -8.255 12.447 4.530,
            -8.001 11.691 6.750,
            -8.255 11.471 6.623,
            -8.001 10.342 8.678,
            -8.255 10.147 8.514,
            -8.001 8.678 10.342,
            -8.255 8.514 10.147,
            -8.001 6.750 11.691,
            -8.255 6.623 11.471,
            -8.001 4.617 12.686,
            -8.255 4.530 12.447,
            -8.001 2.344 13.295,
            -8.255 2.300 13.045,
            -8.001 0.000 13.500,
            -8.255 0.000 13.246,
            8.001 2.646 15.008,
            8.255 0.000 14.986,
            8.255 2.602 14.758,
            8.001 0.000 15.240,
            8.001 5.212 14.321,
            8.255 5.126 14.082,
            8.001 7.620 13.198,
            8.255 7.493 12.978,
            8.001 9.796 11.675,
            8.255 9.633 11.480,
            8.001 11.675 9.796,
            8.255 11.480 9.633,
            8.001 13.198 7.620,
            8.255 12.978 7.493,
            8.001 14.321 5.212,
            8.255 14.082 5.126,
            8.001 15.008 2.646,
            8.255 14.758 2.602,
            8.001 15.240 0.000,
            8.255 14.986 -0.000,
            8.001 15.008 -2.646,
            8.255 14.758 -2.602,
            8.001 14.321 -5.212,
            8.255 14.082 -5.126,
            8.001 13.198 -7.620,
            8.255 12.978 -7.493,
            8.001 11.675 -9.796,
            8.255 11.480 -9.633,
            8.001 9.796 -11.675,
            8.255 9.633 -11.480,
            8.001 7.620 -13.198,
            8.255 7.493 -12.978,
            8.001 5.212 -14.321,
            8.255 5.126 -14.082,
            8.001 2.646 -15.008,
            8.255 2.602 -14.758,
            8.001 0.000 -15.240,
            8.255 0.000 -14.986,
            -4.953 2.646 -15.008,
            -5.207 0.000 -14.986,
            -5.207 2.602 -14.758,
            -4.953 0.000 -15.240,
            -4.953 5.212 -14.321,
            -5.207 5.126 -14.082,
            -4.953 7.620 -13.198,
            -5.207 7.493 -12.978,
            -4.953 9.796 -11.675,
            -5.207 9.633 -11.480,
            -4.953 11.675 -9.796,
            -5.207 11.480 -9.633,
            -4.953 13.198 -7.620,
            -5.207 12.978 -7.493,
            -4.953 14.321 -5.212,
            -5.207 14.082 -5.126,
            -4.953 15.008 -2.646,
            -5.207 14.758 -2.602,
            -4.953 15.240 -0.000,
            -5.207 14.986 0.000,
            -4.953 15.008 2.646,
            -5.207 14.758 2.602,
            -4.953 14.321 5.212,
            -5.207 14.082 5.126,
            -4.953 13.198 7.620,
            -5.207 12.978 7.493,
            -4.953 11.675 9.796,
            -5.207 11.480 9.633,
            -4.953 9.796 11.675,
            -5.207 9.633 11.480,
            -4.953 7.620 13.198,
            -5.207 7.493 12.978,
            -4.953 5.212 14.321,
            -5.207 5.126 14.082,
            -4.953 2.646 15.008,
            -5.207 2.602 14.758,
            -4.953 0.000 15.240,
            -5.207 0.000 14.986,
            -8.255 0.000 -12.255,
            -8.001 -2.084 -11.819,
            -8.001 0.000 -12.002,
            -8.255 -2.128 -12.069,
            -8.001 -4.105 -11.278,
            -8.255 -4.192 -11.516,
            -8.001 -6.001 -10.394,
            -8.255 -6.128 -10.614,
            -8.001 -7.714 -9.194,
            -8.255 -7.878 -9.388,
            -8.001 -9.194 -7.714,
            -8.255 -9.388 -7.878,
            -8.001 -10.394 -6.001,
            -8.255 -10.614 -6.128,
            -8.001 -11.278 -4.105,
            -8.255 -11.516 -4.192,
            -8.001 -11.819 -2.084,
            -8.255 -12.069 -2.128,
            -8.001 -12.002 -0.000,
            -8.255 -12.255 0.000,
            -8.001 -11.819 2.084,
            -8.255 -12.069 2.128,
            -8.255 -11.516 4.192,
            -8.001 -11.278 4.105,
            -8.001 -10.394 6.001,
            -8.255 -10.614 6.128,
            -8.001 -9.194 7.714,
            -8.255 -9.388 7.878,
            -8.001 -7.714 9.194,
            -8.255 -7.878 9.388,
            -8.001 -6.001 10.394,
            -8.255 -6.128 10.614,
            -8.255 -4.192 11.516,
            -8.001 -4.105 11.278,
            -8.255 -2.128 12.069,
            -8.001 -2.084 11.819,
            -8.255 0.000 12.255,
            -8.001 0.000 12.002,
            -4.445 0.000 12.802,
            -4.445 -2.223 12.607,
            -4.445 -4.378 12.030,
            -4.445 -6.401 11.087,
            -4.445 -8.229 9.807,
            -4.445 -9.807 8.229,
            -4.445 -11.087 6.401,
            -4.445 -12.030 4.378,
            -4.445 -12.607 2.223,
            -4.445 -12.802 0.000,
            -4.445 -12.607 -2.223,
            -4.445 -12.030 -4.378,
            -4.445 -11.087 -6.401,
            -4.445 -9.807 -8.229,
            -4.445 -8.229 -9.807,
            -4.445 -6.401 -11.087,
            -4.445 -4.378 -12.030,
            -4.445 -2.223 -12.607,
            -4.445 0.000 -12.802,
            2.646 0.064 15.240,
            2.592 -0.000 15.240,
            2.689 0.133 15.239,
            2.732 0.237 15.238,
            2.772 0.417 15.234,
            2.794 0.793 15.219,
            2.794 1.231 15.190,
            2.794 1.669 15.148,
            2.794 2.104 15.094,
            0.254 1.318 15.183,
            0.254 0.497 15.232,
            1.024 0.914 15.213,
            1.128 0.976 15.209,
            1.180 1.015 15.206,
            1.218 1.056 15.203,
            1.250 1.114 15.199,
            1.269 1.171 15.195,
            1.274 1.206 15.192,
            1.277 1.248 15.189,
            1.277 1.272 15.187,
            1.277 1.295 15.185,
            1.277 1.318 15.183,
            2.018 2.591 15.018,
            2.183 2.654 15.007,
            2.336 2.740 14.992,
            1.844 2.552 15.025,
            1.693 2.533 15.028,
            2.471 2.849 14.971,
            1.543 2.528 15.029,
            2.585 2.977 14.946,
            0.254 2.104 15.094,
            1.355 2.536 15.028,
            0.254 0.000 15.240,
            0.254 0.166 15.239,
            0.254 0.332 15.236,
            2.676 3.122 14.917,
            1.189 2.556 15.024,
            1.022 2.595 15.017,
            2.751 3.299 14.879,
            0.840 2.665 15.005,
            2.803 3.515 14.829,
            0.690 2.755 14.989,
            0.569 2.855 14.970,
            2.827 3.822 14.753,
            0.465 2.971 14.948,
            2.821 3.977 14.712,
            2.801 4.133 14.669,
            2.761 4.295 14.622,
            2.700 4.452 14.575,
            2.616 4.595 14.531,
            2.794 5.482 14.220,
            1.838 5.056 14.377,
            2.060 5.002 14.396,
            2.235 4.928 14.421,
            2.383 4.836 14.453,
            2.511 4.723 14.490,
            1.522 5.080 14.368,
            0.379 3.101 14.921,
            0.312 3.246 14.890,
            0.266 3.392 14.858,
            0.236 3.550 14.821,
            0.225 3.669 14.792,
            0.221 3.792 14.761,
            0.254 1.581 15.158,
            0.254 1.843 15.128,
            2.794 5.727 14.123,
            2.794 5.971 14.022,
            2.794 6.213 13.916,
            0.254 5.482 14.220,
            0.436 4.608 14.527,
            0.531 4.720 14.491,
            0.640 4.817 14.459,
            0.762 4.900 14.431,
            0.894 4.967 14.408,
            1.033 5.017 14.391,
            1.176 5.050 14.379,
            1.351 5.073 14.371,
            1.903 6.473 13.797,
            1.903 6.213 13.916,
            2.794 6.986 13.545,
            1.903 6.731 13.673,
            0.254 6.213 13.916,
            1.277 6.213 13.916,
            1.277 6.473 13.797,
            2.794 7.219 13.422,
            1.903 6.986 13.545,
            2.794 7.451 13.295,
            2.794 7.680 13.163,
            0.254 6.986 13.545,
            1.277 6.731 13.673,
            1.277 6.986 13.545,
            2.794 7.991 12.977,
            0.254 5.727 14.123,
            0.254 5.971 14.022,
            0.249 4.138 14.667,
            0.287 4.301 14.620,
            0.356 4.477 14.567,
            2.200 7.991 12.977,
            0.254 7.680 13.163,
            2.200 8.215 12.837,
            2.794 8.654 12.544,
            2.794 9.294 12.078,
            0.254 8.654 12.544,
            2.200 8.436 12.692,
            2.200 8.654 12.544,
            2.794 9.908 11.579,
            0.254 9.294 12.078,
            2.200 9.294 12.078,
            2.200 9.502 11.915,
            2.200 9.706 11.749,
            2.200 9.908 11.579,
            0.254 7.219 13.422,
            0.254 7.451 13.295,
            0.254 8.870 12.393,
            0.254 9.083 12.237,
            0.797 12.736 -8.370,
            0.854 12.724 -8.388,
            0.885 12.714 -8.404,
            0.728 12.743 -8.360,
            0.918 12.698 -8.428,
            0.661 12.744 -8.357,
            0.954 12.673 -8.464,
            0.578 12.742 -8.360,
            0.982 12.643 -8.509,
            0.993 12.624 -8.538,
            0.999 12.594 -8.581,
            0.995 12.570 -8.618,
            0.983 12.547 -8.651,
            0.822 12.391 -8.872,
            0.764 12.416 -8.838,
            0.856 12.457 -8.779,
            0.870 12.366 -8.907,
            0.904 12.482 -8.744,
            0.913 12.337 -8.948,
            0.940 12.504 -8.712,
            0.941 12.308 -8.987,
            0.966 12.526 -8.681,
            0.955 12.282 -9.022,
            0.960 12.256 -9.058,
            0.450 12.374 -8.897,
            0.401 12.483 -8.743,
            0.451 12.457 -8.779,
            0.544 12.416 -8.838,
            0.951 12.222 -9.104,
            0.403 12.344 -8.938,
            0.366 12.504 -8.712,
            0.926 12.192 -9.144,
            0.372 12.316 -8.977,
            0.340 12.526 -8.681,
            0.353 12.286 -9.017,
            0.323 12.547 -8.651,
            0.501 12.734 -8.373,
            0.446 12.722 -8.391,
            0.396 12.702 -8.421,
            0.372 12.688 -8.443,
            0.338 12.659 -8.485,
            0.316 12.628 -8.531,
            0.308 12.594 -8.581,
            0.312 12.569 -8.618,
            0.837 11.600 -9.885,
            0.838 12.144 -9.207,
            0.887 12.166 -9.178,
            0.653 12.117 -9.244,
            0.726 12.120 -9.239,
            0.785 12.129 -9.227,
            0.756 11.600 -9.885,
            0.539 12.126 -9.231,
            0.593 12.119 -9.240,
            1.268 11.391 -10.125,
            1.127 11.440 -10.069,
            0.985 11.509 -9.990,
            1.268 11.381 -10.135,
            1.268 11.372 -10.146,
            1.268 11.362 -10.157,
            1.038 11.272 -10.257,
            1.159 11.327 -10.196,
            0.838 11.152 -10.387,
            -0.574 11.410 -10.103,
            0.836 11.511 -9.988,
            0.896 11.457 -10.049,
            0.393 12.182 -9.157,
            0.437 12.157 -9.190,
            0.484 12.139 -9.214,
            -0.574 11.347 -10.174,
            0.849 11.255 -10.275,
            0.759 11.152 -10.387,
            0.888 10.557 -10.991,
            0.833 10.575 -10.974,
            0.763 10.588 -10.961,
            0.927 10.537 -11.010,
            0.705 10.594 -10.956,
            0.967 10.505 -11.041,
            0.642 10.595 -10.954,
            0.984 10.484 -11.061,
            0.999 10.460 -11.084,
            1.012 10.425 -11.117,
            1.019 10.370 -11.168,
            0.698 10.461 -11.083,
            0.736 10.454 -11.090,
            0.764 10.444 -11.098,
            0.569 10.467 -11.077,
            0.806 10.417 -11.124,
            1.014 10.331 -11.204,
            0.833 10.380 -11.159,
            1.001 10.291 -11.240,
            0.841 10.339 -11.197,
            -0.127 10.595 -10.954,
            0.836 10.300 -11.232,
            0.885 10.118 -11.397,
            0.850 10.130 -11.386,
            0.889 10.181 -11.341,
            0.810 10.141 -11.377,
            0.930 10.094 -11.418,
            0.941 10.218 -11.307,
            0.970 10.062 -11.446,
            0.960 10.235 -11.291,
            0.977 10.255 -11.273,
            0.598 10.165 -11.355,
            0.725 10.193 -11.330,
            0.674 10.176 -11.345,
            0.997 10.026 -11.478,
            0.515 10.161 -11.358,
            0.826 10.278 -11.253,
            0.796 10.238 -11.289,
            0.761 10.210 -11.314,
            -0.127 10.467 -11.077,
            1.013 9.986 -11.513,
            -0.574 11.389 -10.126,
            -0.574 11.368 -10.150,
            0.347 12.256 -9.058,
            0.353 12.228 -9.096,
            0.363 12.210 -9.120,
            1.019 9.935 -11.556,
            0.686 10.023 -11.481,
            0.746 10.010 -11.492,
            0.774 10.000 -11.501,
            0.591 10.028 -11.476,
            0.813 9.973 -11.524,
            1.014 9.892 -11.593,
            0.834 9.939 -11.553,
            0.841 9.897 -11.589,
            -0.127 10.161 -11.358,
            0.834 9.854 -11.626,
            0.999 9.712 -11.745,
            0.936 9.777 -11.691,
            0.972 9.812 -11.661,
            0.998 9.851 -11.629,
            0.886 9.742 -11.720,
            0.999 9.666 -11.782,
            0.823 9.712 -11.745,
            0.999 9.620 -11.820,
            0.629 9.723 -11.735,
            0.709 9.743 -11.719,
            0.680 9.734 -11.727,
            0.568 9.716 -11.741,
            0.782 9.782 -11.686,
            0.738 9.754 -11.709,
            0.999 9.574 -11.857,
            0.447 9.712 -11.745,
            -0.127 10.028 -11.476,
            0.820 9.826 -11.650,
            0.803 9.802 -11.669,
            -0.127 9.712 -11.745,
            0.888 9.347 -12.037,
            0.833 9.367 -12.022,
            0.763 9.381 -12.010,
            0.927 9.325 -12.054,
            0.705 9.387 -12.006,
            0.967 9.290 -12.081,
            0.642 9.389 -12.005,
            0.984 9.267 -12.098,
            0.999 9.241 -12.119,
            1.012 9.202 -12.148,
            1.019 9.142 -12.193,
            0.698 9.241 -12.118,
            0.736 9.234 -12.124,
            0.764 9.223 -12.132,
            0.569 9.248 -12.113,
            0.806 9.194 -12.154,
            1.014 9.099 -12.225,
            0.833 9.153 -12.185,
            1.001 9.057 -12.257,
            0.841 9.109 -12.219,
            -0.127 9.389 -12.005,
            -0.127 9.574 -11.857,
            0.836 9.066 -12.250,
            0.885 8.867 -12.395,
            0.850 8.881 -12.385,
            0.889 8.936 -12.345,
            0.810 8.892 -12.377,
            0.930 8.842 -12.413,
            0.941 8.976 -12.316,
            0.970 8.807 -12.437,
            0.960 8.996 -12.302,
            0.977 9.017 -12.286,
            0.598 8.919 -12.358,
            0.725 8.949 -12.336,
            0.674 8.931 -12.349,
            0.997 8.767 -12.466,
            0.515 8.915 -12.361,
            -0.127 9.248 -12.113,
            0.826 9.042 -12.268,
            0.796 8.999 -12.300,
            0.761 8.968 -12.322,
            1.013 8.724 -12.496,
            1.019 8.670 -12.534,
            0.686 8.764 -12.468,
            0.746 8.750 -12.477,
            0.774 8.739 -12.485,
            0.591 8.770 -12.464,
            0.813 8.710 -12.506,
            1.014 8.623 -12.566,
            0.834 8.674 -12.531,
            0.841 8.628 -12.562,
            -0.127 8.915 -12.361,
            0.834 8.581 -12.595,
            0.999 8.428 -12.698,
            0.936 8.497 -12.651,
            0.972 8.536 -12.625,
            0.998 8.577 -12.597,
            0.886 8.460 -12.676,
            0.823 8.428 -12.698,
            0.629 8.440 -12.690,
            0.709 8.461 -12.676,
            0.680 8.451 -12.682,
            0.568 8.432 -12.695,
            0.782 8.503 -12.647,
            0.738 8.473 -12.667,
            0.447 8.428 -12.698,
            -0.127 8.770 -12.464,
            0.820 8.551 -12.615,
            0.803 8.525 -12.633,
            1.394 7.961 -12.995,
            0.999 8.378 -12.730,
            0.999 8.329 -12.763,
            0.999 8.279 -12.795,
            1.394 7.922 -13.019,
            -0.127 8.428 -12.698,
            1.394 7.882 -13.043,
            1.394 7.843 -13.067,
            0.446 8.112 -12.901,
            0.446 8.062 -12.933,
            0.446 8.012 -12.964,
            -0.127 10.117 -11.397,
            -0.127 10.073 -11.437,
            -0.127 9.342 -12.041,
            -0.127 9.295 -12.077,
            -0.127 9.666 -11.782,
            -0.127 9.620 -11.820,
            -0.127 8.867 -12.395,
            -0.127 8.818 -12.429,
            -0.127 10.553 -10.996,
            -0.127 10.510 -11.036,
            0.446 7.961 -12.995,
            -0.127 7.961 -12.995,
            0.248 8.112 -12.901,
            0.248 8.062 -12.933,
            0.248 8.012 -12.964,
            0.248 7.961 -12.995,
            -0.127 8.279 -12.795,
            0.248 7.633 -13.191,
            -0.127 7.809 -13.087,
            0.248 7.809 -13.087,
            0.248 7.456 -13.292,
            1.394 6.644 -13.715,
            0.446 7.277 -13.390,
            0.071 7.103 -13.484,
            0.248 7.277 -13.390,
            1.197 6.644 -13.715,
            0.071 7.050 -13.511,
            -0.127 7.103 -13.484,
            0.071 6.998 -13.538,
            1.394 6.442 -13.811,
            0.700 6.646 -13.714,
            0.629 6.679 -13.699,
            0.551 6.701 -13.688,
            0.071 6.945 -13.566,
            0.475 6.712 -13.682,
            0.760 6.607 -13.733,
            0.401 6.715 -13.681,
            0.811 6.560 -13.756,
            1.197 6.486 -13.791,
            0.848 6.513 -13.778,
            0.274 6.706 -13.685,
            0.874 6.467 -13.800,
            0.212 6.692 -13.692,
            -0.127 6.945 -13.566,
            1.394 6.239 -13.905,
            0.892 6.411 -13.826,
            1.197 6.328 -13.864,
            0.123 6.662 -13.707,
            0.390 6.555 -13.758,
            0.473 6.550 -13.761,
            0.540 6.536 -13.767,
            0.328 6.552 -13.760,
            0.579 6.521 -13.774,
            0.900 6.337 -13.860,
            0.040 6.618 -13.728,
            0.894 6.278 -13.887,
            1.197 6.168 -13.936,
            0.213 6.529 -13.771,
            0.274 6.545 -13.763,
            0.622 6.498 -13.785,
            -0.014 6.578 -13.747,
            0.162 6.506 -13.781,
            0.655 6.472 -13.797,
            0.877 6.222 -13.912,
            0.113 6.473 -13.797,
            0.677 6.447 -13.809,
            -0.062 6.531 -13.770,
            0.847 6.167 -13.937,
            0.074 6.433 -13.816,
            0.704 6.400 -13.831,
            -0.100 6.477 -13.795,
            0.059 6.409 -13.827,
            0.798 6.104 -13.964,
            0.045 6.379 -13.841,
            0.718 6.349 -13.855,
            0.036 6.345 -13.856,
            0.723 6.294 -13.880,
            0.031 6.293 -13.880,
            0.035 6.244 -13.902,
            0.716 6.234 -13.907,
            0.050 6.197 -13.923,
            0.705 6.195 -13.924,
            0.076 6.156 -13.941,
            0.675 6.147 -13.946,
            0.098 6.134 -13.951,
            0.308 6.052 -13.987,
            0.635 6.105 -13.964,
            0.584 6.070 -13.979,
            0.127 6.111 -13.961,
            0.235 6.066 -13.981,
            0.177 6.085 -13.973,
            0.604 5.906 -14.049,
            2.083 5.328 -14.278,
            1.394 6.034 -13.995,
            1.110 5.674 -14.144,
            1.172 5.655 -14.152,
            1.236 5.623 -14.165,
            1.053 5.683 -14.141,
            1.288 5.586 -14.179,
            0.989 5.687 -14.139,
            1.333 5.542 -14.197,
            0.898 5.680 -14.142,
            1.366 5.495 -14.215,
            1.905 5.328 -14.278,
            0.288 5.888 -14.057,
            1.390 5.443 -14.235,
            0.808 5.659 -14.150,
            3.446 4.637 -14.517,
            1.406 5.383 -14.258,
            0.728 5.627 -14.163,
            3.446 4.568 -14.539,
            2.083 5.099 -14.362,
            0.948 5.519 -14.206,
            0.988 5.522 -14.205,
            1.048 5.516 -14.207,
            1.083 5.507 -14.210,
            0.911 5.513 -14.208,
            1.126 5.487 -14.218,
            1.414 5.299 -14.289,
            3.446 4.499 -14.561,
            0.851 5.494 -14.215,
            1.169 5.455 -14.230,
            -0.124 6.425 -13.819,
            -0.142 6.358 -13.850,
            -0.127 8.378 -12.730,
            -0.127 8.329 -12.763,
            -0.127 7.050 -13.511,
            -0.127 6.998 -13.538,
            -0.127 7.911 -13.026,
            -0.127 7.860 -13.057,
            1.408 5.224 -14.317,
            3.446 4.430 -14.582,
            0.786 5.462 -14.228,
            1.190 5.432 -14.239,
            1.217 5.390 -14.255,
            0.071 5.705 -14.132,
            0.645 5.581 -14.181,
            0.149 5.914 -14.046,
            0.196 5.901 -14.051,
            2.083 4.869 -14.441,
            -0.127 5.705 -14.132,
            -0.122 6.148 -13.945,
            -0.096 6.096 -13.968,
            -0.063 6.050 -13.988,
            -0.013 6.000 -14.009,
            0.040 5.962 -14.025,
            0.106 5.929 -14.039,
            0.670 5.379 -14.259,
            1.230 5.347 -14.271,
            1.236 5.295 -14.290,
            1.230 5.238 -14.312,
            1.221 5.207 -14.323,
            1.366 5.095 -14.363,
            1.392 5.153 -14.342,
            1.905 5.031 -14.386,
            1.335 5.050 -14.379,
            0.071 5.501 -14.213,
            0.495 5.467 -14.226,
            1.292 5.004 -14.395,
            0.356 5.338 -14.275,
            1.030 5.065 -14.374,
            1.091 5.081 -14.368,
            1.061 5.071 -14.372,
            3.446 4.107 -14.676,
            1.243 4.967 -14.408,
            2.083 4.637 -14.517,
            0.960 5.059 -14.376,
            1.197 5.162 -14.339,
            1.168 5.129 -14.351,
            1.140 5.106 -14.359,
            1.182 4.936 -14.419,
            1.905 4.731 -14.487,
            0.451 5.179 -14.333,
            3.446 4.003 -14.705,
            1.092 4.907 -14.428,
            0.222 5.205 -14.324,
            0.071 5.295 -14.290,
            0.979 4.891 -14.434,
            0.387 5.115 -14.356,
            3.446 3.899 -14.733,
            0.317 5.052 -14.378,
            1.905 4.430 -14.582,
            3.446 3.794 -14.760,
            0.226 4.984 -14.402,
            0.121 4.928 -14.421,
            0.010 4.888 -14.435,
            1.905 4.107 -14.676,
            0.960 4.193 -14.652,
            1.905 4.037 -14.695,
            0.762 4.193 -14.652,
            0.505 4.193 -14.652,
            3.446 2.984 -14.945,
            2.383 3.463 -14.841,
            0.308 4.193 -14.652,
            -0.127 4.872 -14.440,
            -0.058 4.875 -14.439,
            0.960 3.901 -14.732,
            1.905 3.968 -14.714,
            1.905 3.898 -14.733,
            2.365 3.322 -14.874,
            3.446 2.878 -14.966,
            2.138 3.389 -14.858,
            0.762 3.901 -14.732,
            3.446 2.770 -14.986,
            0.505 3.901 -14.732,
            3.446 2.663 -15.005,
            0.960 3.607 -14.807,
            1.905 3.499 -14.833,
            1.905 3.425 -14.850,
            0.505 3.607 -14.807,
            0.762 3.607 -14.807,
            0.960 3.312 -14.876,
            1.905 3.351 -14.867,
            1.905 3.277 -14.883,
            1.905 2.877 -14.966,
            0.762 3.312 -14.876,
            0.505 3.312 -14.876,
            2.359 2.449 -15.042,
            1.905 2.663 -15.005,
            2.537 2.449 -15.042,
            1.414 2.778 -14.985,
            1.905 2.806 -14.979,
            1.905 2.735 -14.993,
            2.537 2.260 -15.071,
            1.428 2.702 -14.998,
            -0.127 5.430 -14.240,
            -0.127 5.152 -14.343,
            -0.147 6.292 -13.881,
            -0.139 6.207 -13.919,
            0.308 3.901 -14.732,
            1.246 2.753 -14.989,
            1.434 2.623 -15.013,
            1.430 2.569 -15.022,
            1.423 2.529 -15.029,
            2.537 2.071 -15.099,
            0.999 2.692 -15.000,
            1.253 2.704 -14.998,
            1.256 2.656 -15.007,
            1.408 2.483 -15.036,
            0.999 2.634 -15.011,
            1.250 2.600 -15.017,
            0.821 2.692 -15.000,
            0.308 3.312 -14.876,
            1.386 2.445 -15.043,
            2.359 2.260 -15.071,
            0.999 2.576 -15.021,
            1.236 2.566 -15.023,
            1.200 2.535 -15.028,
            1.150 2.521 -15.030,
            1.094 2.517 -15.031,
            1.349 2.404 -15.049,
            0.999 2.517 -15.031,
            1.315 2.379 -15.053,
            1.275 2.360 -15.056,
            2.359 2.071 -15.099,
            3.446 1.430 -15.173,
            2.537 1.882 -15.123,
            3.446 1.388 -15.177,
            3.446 1.346 -15.180,
            3.446 1.304 -15.184,
            0.999 2.296 -15.066,
            0.999 2.342 -15.059,
            1.114 2.342 -15.059,
            0.999 2.251 -15.073,
            1.195 2.345 -15.059,
            3.357 1.249 -15.189,
            3.395 1.275 -15.187,
            0.999 2.205 -15.080,
            2.359 1.882 -15.123,
            1.237 2.350 -15.058,
            3.276 1.179 -15.194,
            -0.127 2.517 -15.031,
            0.821 2.634 -15.011,
            0.821 2.576 -15.021,
            0.821 2.517 -15.031,
            -0.127 2.342 -15.059,
            0.821 2.342 -15.059,
            0.821 2.296 -15.066,
            0.821 2.251 -15.073,
            0.821 2.205 -15.080,
            1.905 1.430 -15.173,
            1.905 1.365 -15.179,
            1.905 1.299 -15.185,
            1.905 1.233 -15.190,
            3.061 1.185 -15.194,
            3.016 1.126 -15.198,
            2.940 1.005 -15.207,
            2.879 0.879 -15.215,
            3.426 0.464 -15.233,
            3.061 0.879 -15.215,
            3.160 1.045 -15.204,
            3.229 0.464 -15.233,
            3.426 0.309 -15.237,
            2.623 0.514 -15.231,
            2.690 0.485 -15.232,
            2.751 0.447 -15.233,
            2.536 0.535 -15.231,
            2.490 0.541 -15.230,
            3.426 0.155 -15.239,
            2.802 0.404 -15.235,
            2.433 0.543 -15.230,
            2.854 0.343 -15.236,
            3.229 0.309 -15.237,
            2.318 0.533 -15.231,
            2.889 0.285 -15.237,
            2.227 0.510 -15.231,
            2.914 0.221 -15.238,
            3.229 0.155 -15.239,
            3.426 0.000 -15.240,
            2.928 0.158 -15.239,
            2.147 0.474 -15.233,
            2.110 0.452 -15.233,
            2.932 0.091 -15.240,
            3.229 0.000 -15.240,
            2.072 0.425 -15.234,
            2.930 0.045 -15.240,
            2.922 0.000 -15.240,
            0.308 3.607 -14.807,
            -0.127 2.459 -15.040,
            -0.127 2.400 -15.050,
            -0.127 -0.000 -15.240,
            2.016 0.376 -15.235,
            1.968 0.318 -15.237,
            1.931 0.253 -15.238,
            1.905 0.184 -15.239,
            1.890 0.108 -15.240,
            1.885 0.034 -15.240,
            1.886 -0.000 -15.240,
            3.209 3.898 -14.733,
            3.209 2.877 -14.966,
            3.106 1.233 -15.190,
            0.071 5.089 -14.365,
            0.145 5.138 -14.348,
            0.962 11.410 -10.103,
            0.962 11.347 -10.174,
            3.426 -0.089 -15.240,
            3.426 -0.178 -15.239,
            3.426 -0.267 -15.238,
            2.074 -0.052 -15.240,
            2.065 -0.000 -15.240,
            2.753 -0.000 -15.240,
            2.744 -0.057 -15.240,
            2.095 -0.104 -15.240,
            2.730 -0.096 -15.240,
            2.128 -0.150 -15.239,
            2.701 -0.146 -15.239,
            2.340 -0.247 -15.238,
            2.662 -0.192 -15.239,
            2.616 -0.227 -15.238,
            2.152 -0.172 -15.239,
            2.289 -0.237 -15.238,
            2.201 -0.205 -15.239,
            2.252 -0.226 -15.238,
            2.636 -0.425 -15.234,
            3.080 -0.684 -15.225,
            3.144 -0.708 -15.224,
            3.205 -0.739 -15.222,
            2.992 -0.664 -15.226,
            3.263 -0.779 -15.220,
            3.314 -0.825 -15.218,
            2.861 -0.648 -15.226,
            1.414 -0.059 -15.240,
            1.897 -0.088 -15.240,
            2.320 -0.444 -15.234,
            3.357 -0.877 -15.215,
            2.707 -0.642 -15.226,
            3.393 -0.935 -15.211,
            1.414 -0.141 -15.239,
            1.918 -0.160 -15.239,
            3.420 -0.999 -15.207,
            1.414 -0.224 -15.238,
            1.949 -0.222 -15.238,
            3.439 -1.073 -15.202,
            2.405 -0.664 -15.226,
            2.265 -0.437 -15.234,
            1.414 -0.306 -15.237,
            1.988 -0.279 -15.237,
            2.037 -0.330 -15.236,
            2.092 -0.371 -15.235,
            3.446 -1.156 -15.196,
            2.254 -0.700 -15.224,
            2.154 -0.404 -15.235,
            2.220 -0.427 -15.234,
            2.582 -0.881 -15.215,
            2.493 -0.844 -15.217,
            2.602 -0.838 -15.217,
            2.640 -0.839 -15.217,
            3.440 -1.235 -15.190,
            8.001 -2.646 -15.008,
            2.157 -0.741 -15.222,
            2.385 -0.863 -15.216,
            2.534 -0.931 -15.212,
            3.425 -1.304 -15.184,
            3.401 -1.364 -15.179,
            2.241 -0.907 -15.213,
            2.493 -0.990 -15.208,
            2.184 -0.936 -15.211,
            3.365 -1.424 -15.173,
            2.155 -0.959 -15.210,
            1.027 -0.542 -15.230,
            2.082 -0.787 -15.220,
            2.115 -1.003 -15.207,
            2.463 -1.053 -15.204,
            2.086 -1.055 -15.203,
            2.445 -1.115 -15.199,
            2.069 -1.110 -15.200,
            2.441 -1.149 -15.197,
            0.870 -0.637 -15.227,
            0.945 -0.660 -15.226,
            1.014 -0.700 -15.224,
            2.019 -0.840 -15.217,
            2.063 -1.173 -15.195,
            2.438 -1.191 -15.193,
            1.414 -0.945 -15.211,
            1.971 -0.898 -15.214,
            1.936 -0.958 -15.210,
            1.909 -1.024 -15.206,
            2.068 -1.229 -15.190,
            2.444 -1.264 -15.187,
            2.089 -1.285 -15.186,
            1.414 -1.024 -15.206,
            1.893 -1.089 -15.201,
            2.122 -1.331 -15.182,
            2.461 -1.329 -15.182,
            2.300 -1.411 -15.175,
            2.486 -1.387 -15.177,
            2.523 -1.444 -15.171,
            2.571 -1.497 -15.166,
            2.145 -1.351 -15.180,
            2.176 -1.371 -15.178,
            2.231 -1.394 -15.176,
            0.405 -0.673 -15.225,
            -0.127 -0.240 -15.238,
            0.406 -0.567 -15.229,
            0.493 -0.620 -15.227,
            1.414 -1.104 -15.200,
            1.888 -1.133 -15.198,
            1.414 -1.184 -15.194,
            1.885 -1.183 -15.194,
            1.892 -1.270 -15.187,
            2.280 -1.607 -15.155,
            2.626 -1.541 -15.162,
            2.685 -1.576 -15.158,
            2.752 -1.601 -15.156,
            2.818 -1.617 -15.154,
            3.446 -2.117 -15.092,
            2.872 -1.624 -15.153,
            2.934 -1.627 -15.153,
            3.052 -1.617 -15.154,
            3.134 -1.596 -15.156,
            3.207 -1.564 -15.160,
            3.265 -1.527 -15.163,
            3.320 -1.478 -15.168,
            3.446 -2.159 -15.086,
            3.446 -2.201 -15.080,
            1.414 -1.381 -15.177,
            1.909 -1.338 -15.181,
            1.935 -1.397 -15.176,
            1.967 -1.446 -15.171,
            2.011 -1.494 -15.167,
            3.446 -2.243 -15.074,
            1.236 -1.381 -15.177,
            3.357 -2.297 -15.066,
            3.395 -2.271 -15.070,
            3.276 -2.366 -15.055,
            -0.127 -0.997 -15.207,
            0.762 -1.440 -15.172,
            1.414 -1.709 -15.144,
            2.058 -1.531 -15.163,
            2.122 -1.566 -15.159,
            2.200 -1.592 -15.157,
            1.236 -1.643 -15.151,
            3.160 -2.499 -15.034,
            1.905 -2.117 -15.092,
            0.762 -1.682 -15.147,
            -0.127 -1.342 -15.181,
            -0.127 -1.243 -15.189,
            0.051 -1.342 -15.181,
            1.236 -1.905 -15.120,
            3.061 -2.663 -15.005,
            1.414 -2.035 -15.103,
            1.905 -2.182 -15.083,
            1.905 -2.312 -15.064,
            3.061 -2.361 -15.056,
            3.016 -2.419 -15.047,
            2.940 -2.538 -15.027,
            2.879 -2.663 -15.005,
            0.051 -1.617 -15.154,
            0.584 -1.440 -15.172,
            0.584 -1.682 -15.147,
            0.762 -1.924 -15.118,
            1.236 -2.166 -15.085,
            1.414 -2.361 -15.056,
            1.905 -2.247 -15.073,
            0.762 -2.166 -15.085,
            0.051 -1.892 -15.122,
            0.584 -1.924 -15.118,
            1.414 -2.500 -15.034,
            1.414 -2.571 -15.022,
            -0.127 -0.080 -15.240,
            -0.127 -0.160 -15.239,
            -0.127 -1.079 -15.202,
            -0.127 -1.161 -15.196,
            3.446 -3.482 -14.837,
            1.905 -2.883 -14.965,
            1.414 -2.641 -15.009,
            1.414 -2.712 -14.997,
            0.051 -2.166 -15.085,
            0.584 -2.166 -15.085,
            3.446 -3.561 -14.818,
            1.905 -2.959 -14.950,
            3.446 -3.640 -14.799,
            1.905 -3.034 -14.935,
            3.446 -3.720 -14.779,
            8.001 -5.212 -14.321,
            0.309 -3.076 -14.926,
            1.905 -3.109 -14.919,
            1.414 -3.582 -14.813,
            2.379 -3.281 -14.883,
            2.379 -3.494 -14.834,
            2.379 -3.707 -14.782,
            1.414 -3.651 -14.796,
            0.309 -3.221 -14.896,
            0.061 -3.148 -14.911,
            1.414 -3.721 -14.779,
            1.414 -3.790 -14.761,
            2.379 -3.919 -14.727,
            1.414 -3.926 -14.726,
            1.905 -4.088 -14.681,
            1.414 -3.990 -14.708,
            1.414 -4.053 -14.691,
            1.414 -4.117 -14.673,
            1.905 -4.162 -14.661,
            1.905 -4.236 -14.639,
            1.905 -4.310 -14.618,
            1.905 -4.335 -14.610,
            2.083 -4.335 -14.610,
            3.446 -5.031 -14.386,
            3.446 -5.099 -14.362,
            2.083 -4.568 -14.539,
            3.446 -5.167 -14.337,
            3.446 -5.235 -14.313,
            2.083 -4.800 -14.464,
            1.414 -4.749 -14.481,
            1.905 -4.637 -14.517,
            2.083 -5.031 -14.386,
            1.414 -4.881 -14.437,
            1.414 -4.815 -14.459,
            1.905 -4.937 -14.418,
            1.414 -4.947 -14.415,
            8.001 -7.620 -13.198,
            -4.953 -2.646 -15.008,
            -0.127 -3.252 -14.889,
            -0.127 -3.926 -14.726,
            -0.127 -1.682 -15.147,
            -0.127 -2.022 -15.105,
            -0.127 -2.361 -15.056,
            -0.127 -3.023 -14.937,
            -0.127 -3.100 -14.921,
            -0.127 -3.176 -14.905,
            1.043 -5.278 -14.297,
            1.905 -5.235 -14.313,
            1.111 -5.308 -14.286,
            0.944 -5.245 -14.309,
            1.173 -5.344 -14.272,
            0.849 -5.224 -14.317,
            1.233 -5.388 -14.256,
            0.750 -5.212 -14.321,
            1.287 -5.439 -14.236,
            1.334 -5.496 -14.215,
            1.373 -5.558 -14.191,
            0.451 -5.222 -14.317,
            -0.127 -4.947 -14.415,
            0.641 -5.207 -14.323,
            1.405 -5.631 -14.162,
            0.302 -5.256 -14.305,
            1.427 -5.718 -14.127,
            0.171 -5.310 -14.285,
            1.434 -5.805 -14.091,
            1.431 -5.864 -14.066,
            0.085 -5.363 -14.265,
            1.423 -5.917 -14.045,
            0.014 -5.423 -14.243,
            1.404 -5.987 -14.015,
            -0.039 -5.485 -14.219,
            1.375 -6.052 -13.987,
            1.332 -6.119 -13.958,
            1.045 -6.624 -13.725,
            1.093 -6.306 -13.874,
            1.098 -6.641 -13.717,
            0.972 -6.351 -13.854,
            1.160 -6.668 -13.704,
            1.191 -6.251 -13.899,
            0.986 -6.609 -13.733,
            0.623 -6.394 -13.834,
            0.817 -6.383 -13.839,
            1.226 -6.705 -13.686,
            1.271 -6.187 -13.928,
            1.284 -6.747 -13.665,
            1.334 -6.797 -13.640,
            1.375 -6.854 -13.612,
            1.405 -6.915 -13.581,
            0.366 -6.573 -13.750,
            0.347 -6.359 -13.850,
            0.437 -6.379 -13.841,
            0.527 -6.390 -13.836,
            0.939 -6.786 -13.646,
            1.018 -6.808 -13.635,
            1.098 -6.842 -13.618,
            1.425 -6.986 -13.545,
            0.232 -6.609 -13.732,
            0.170 -6.292 -13.880,
            0.253 -6.329 -13.864,
            1.434 -7.075 -13.498,
            0.417 -6.751 -13.663,
            1.431 -7.127 -13.471,
            0.120 -6.656 -13.710,
            0.096 -6.248 -13.900,
            1.424 -7.174 -13.446,
            0.308 -6.776 -13.651,
            0.038 -6.707 -13.685,
            0.024 -6.192 -13.926,
            0.260 -6.792 -13.643,
            0.215 -6.813 -13.633,
            1.403 -7.246 -13.407,
            -0.025 -6.763 -13.657,
            -0.036 -6.127 -13.954,
            0.158 -6.846 -13.616,
            1.370 -7.314 -13.370,
            0.113 -6.885 -13.596,
            1.152 -6.875 -13.601,
            -0.073 -6.822 -13.628,
            1.325 -7.378 -13.335,
            0.078 -6.929 -13.574,
            1.191 -6.910 -13.583,
            1.222 -6.952 -13.562,
            0.054 -6.973 -13.551,
            1.238 -6.983 -13.546,
            1.271 -7.435 -13.303,
            0.038 -7.022 -13.526,
            1.248 -7.016 -13.529,
            1.253 -7.046 -13.514,
            -4.953 -5.212 -14.321,
            -0.084 -5.555 -14.191,
            -0.117 -5.630 -14.162,
            -0.138 -5.708 -14.131,
            -0.144 -5.753 -14.112,
            -0.147 -5.806 -14.091,
            -0.140 -5.892 -14.055,
            -0.120 -5.975 -14.020,
            -0.084 -6.055 -13.986,
            -0.127 -4.127 -14.670,
            -0.127 -4.759 -14.478,
            -0.127 -3.993 -14.707,
            -0.127 -4.060 -14.689,
            -0.127 -4.822 -14.457,
            -0.127 -4.884 -14.436,
            0.031 -7.086 -13.493,
            1.256 -7.084 -13.494,
            0.899 -7.426 -13.308,
            1.081 -7.365 -13.342,
            1.014 -7.395 -13.326,
            0.036 -7.141 -13.463,
            1.250 -7.147 -13.460,
            0.043 -7.168 -13.449,
            1.236 -7.199 -13.433,
            0.053 -7.197 -13.434,
            0.656 -7.450 -13.295,
            0.775 -7.444 -13.298,
            0.079 -7.246 -13.407,
            1.213 -7.245 -13.408,
            1.182 -7.286 -13.385,
            0.115 -7.292 -13.382,
            1.138 -7.327 -13.363,
            0.154 -7.329 -13.362,
            0.453 -7.436 -13.302,
            0.204 -7.362 -13.344,
            0.276 -7.394 -13.326,
            0.346 -7.416 -13.314,
            0.505 -7.758 -13.118,
            0.520 -7.616 -13.201,
            0.655 -7.622 -13.197,
            0.842 -7.610 -13.204,
            0.327 -7.758 -13.118,
            0.048 -7.465 -13.286,
            0.114 -7.505 -13.264,
            0.181 -7.536 -13.246,
            0.279 -7.571 -13.227,
            0.392 -7.598 -13.211,
            0.505 -7.905 -13.030,
            0.992 -7.580 -13.221,
            0.327 -7.905 -13.030,
            0.505 -8.051 -12.940,
            1.043 -8.408 -12.711,
            1.109 -7.538 -13.245,
            1.111 -8.435 -12.693,
            0.944 -8.378 -12.730,
            1.173 -8.466 -12.672,
            1.202 -7.488 -13.274,
            0.849 -8.360 -12.742,
            0.505 -8.196 -12.849,
            1.233 -8.506 -12.646,
            0.750 -8.349 -12.749,
            1.287 -8.551 -12.615,
            0.641 -8.345 -12.752,
            1.334 -8.601 -12.581,
            1.373 -8.656 -12.543,
            0.451 -8.358 -12.744,
            0.327 -8.196 -12.849,
            1.405 -8.720 -12.499,
            0.302 -8.389 -12.724,
            1.427 -8.797 -12.445,
            8.001 -9.796 -11.675,
            0.171 -8.436 -12.692,
            1.434 -8.874 -12.390,
            1.431 -8.926 -12.352,
            0.085 -8.483 -12.661,
            0.327 -8.051 -12.940,
            1.423 -8.972 -12.319,
            1.404 -9.034 -12.274,
            1.375 -9.091 -12.232,
            1.414 -9.590 -11.845,
            0.817 -9.378 -12.013,
            0.972 -9.351 -12.034,
            1.093 -9.312 -12.064,
            1.191 -9.264 -12.101,
            1.271 -9.208 -12.144,
            1.332 -9.149 -12.188,
            1.414 -9.641 -11.803,
            0.623 -9.389 -12.005,
            1.414 -9.692 -11.761,
            1.414 -9.742 -11.719,
            -4.953 -7.620 -13.198,
            -0.106 -6.880 -13.599,
            -0.129 -6.940 -13.568,
            -0.142 -7.001 -13.537,
            -0.147 -7.070 -13.501,
            -0.141 -7.155 -13.456,
            -0.123 -7.240 -13.410,
            -0.094 -7.309 -13.373,
            -0.057 -7.367 -13.341,
            -0.010 -7.419 -13.312,
            0.014 -8.536 -12.625,
            -0.039 -8.591 -12.588,
            -0.084 -8.654 -12.545,
            -0.117 -8.720 -12.499,
            -0.138 -8.789 -12.451,
            -0.127 -9.590 -11.845,
            -0.084 -9.093 -12.230,
            -0.036 -9.156 -12.183,
            0.024 -9.212 -12.140,
            0.096 -9.262 -12.103,
            0.170 -9.300 -12.073,
            0.253 -9.332 -12.049,
            0.347 -9.358 -12.029,
            0.437 -9.375 -12.015,
            0.527 -9.385 -12.007,
            1.414 -10.241 -11.286,
            1.414 -10.293 -11.239,
            1.414 -10.344 -11.192,
            1.414 -10.395 -11.145,
            1.414 -10.902 -10.650,
            8.001 -11.675 -9.796,
            1.414 -10.953 -10.597,
            1.414 -11.004 -10.543,
            1.414 -11.055 -10.490,
            0.347 -10.912 -10.639,
            -0.127 -10.666 -10.885,
            0.347 -10.776 -10.777,
            -4.953 -9.796 -11.675,
            -0.144 -8.828 -12.422,
            -0.147 -8.875 -12.389,
            -0.140 -8.951 -12.335,
            -0.120 -9.023 -12.282,
            -0.127 -9.751 -11.712,
            -0.127 -10.249 -11.279,
            -0.127 -10.395 -11.145,
            -0.127 -10.515 -11.032,
            -0.127 -9.644 -11.801,
            -0.127 -9.697 -11.757,
            -0.127 -10.298 -11.234,
            -0.127 -10.346 -11.190,
            -0.127 -10.565 -10.983,
            -0.127 -10.616 -10.934,
            -0.127 -11.283 -10.245,
            0.347 -11.046 -10.500,
            0.347 -11.178 -10.359,
            -0.127 -11.441 -10.068,
            -0.127 -11.423 -10.089,
            0.051 -11.441 -10.068,
            1.414 -11.861 -9.570,
            1.414 -11.902 -9.519,
            0.051 -11.583 -9.904,
            1.414 -11.943 -9.467,
            1.414 -11.984 -9.415,
            0.051 -11.723 -9.738,
            0.051 -11.861 -9.570,
            1.228 -12.180 -9.160,
            1.168 -12.162 -9.184,
            1.090 -12.148 -9.202,
            1.278 -12.200 -9.133,
            1.034 -12.143 -9.209,
            1.319 -12.224 -9.101,
            0.971 -12.141 -9.212,
            1.354 -12.253 -9.062,
            0.866 -12.146 -9.205,
            1.379 -12.284 -9.020,
            1.399 -12.328 -8.959,
            -0.127 -11.984 -9.415,
            0.775 -12.160 -9.187,
            0.707 -12.179 -9.162,
            1.411 -12.388 -8.877,
            0.646 -12.202 -9.130,
            0.604 -12.226 -9.099,
            1.414 -12.448 -8.793,
            8.001 -13.198 -7.620,
            0.570 -12.253 -9.062,
            0.543 -12.287 -9.016,
            1.414 -12.544 -8.654,
            0.519 -12.338 -8.946,
            1.414 -12.640 -8.514,
            1.414 -12.734 -8.373,
            -0.127 -12.624 -8.538,
            0.509 -12.383 -8.884,
            0.505 -12.432 -8.815,
            0.505 -12.497 -8.723,
            0.505 -12.561 -8.631,
            0.505 -12.624 -8.538,
            8.001 -14.321 -5.212,
            -4.953 -11.675 -9.796,
            -0.127 -11.330 -10.193,
            -0.127 -11.376 -10.141,
            -0.127 -11.626 -9.854,
            -0.127 -11.807 -9.636,
            -4.953 -13.198 -7.620,
            -0.127 -12.661 -8.483,
            -0.127 -12.697 -8.428,
            -0.127 -12.734 -8.373,
            -4.953 -14.321 -5.212,
            8.001 -15.008 -2.646,
            -4.953 -15.008 -2.646,
            8.001 -15.240 -0.000,
            -4.953 -15.240 0.000,
            8.001 -15.008 2.646,
            -4.953 -15.008 2.646,
            -4.953 -14.321 5.212,
            8.001 -14.321 5.212,
            8.001 -13.198 7.620,
            -4.953 -13.198 7.620,
            2.331 -9.761 11.703,
            8.001 -11.675 9.796,
            8.001 -9.796 11.675,
            2.420 -9.730 11.730,
            2.233 -9.786 11.683,
            2.160 -9.798 11.673,
            2.506 -9.688 11.764,
            2.079 -9.808 11.665,
            2.581 -9.637 11.806,
            2.650 -9.572 11.859,
            2.713 -9.488 11.926,
            -4.953 -11.675 9.796,
            1.326 -9.854 11.625,
            1.387 -9.835 11.641,
            1.483 -9.795 11.675,
            1.233 -9.873 11.609,
            2.767 -9.375 12.016,
            1.167 -9.880 11.603,
            1.564 -9.745 11.717,
            1.086 -9.883 11.601,
            1.644 -9.676 11.774,
            0.955 -9.876 11.607,
            0.823 -9.850 11.629,
            2.814 -9.185 12.161,
            2.827 -8.990 12.306,
            2.818 -8.812 12.434,
            8.001 -7.620 13.198,
            1.964 -8.970 12.321,
            2.035 -9.189 12.158,
            2.122 -9.174 12.170,
            2.192 -9.153 12.185,
            2.244 -9.129 12.203,
            2.282 -9.104 12.222,
            2.317 -9.067 12.249,
            2.342 -9.027 12.279,
            2.352 -9.000 12.299,
            2.360 -8.970 12.321,
            2.365 -8.911 12.364,
            0.931 -9.264 12.101,
            0.977 -9.268 12.098,
            1.028 -9.263 12.102,
            2.787 -8.636 12.557,
            0.901 -9.258 12.106,
            1.072 -9.253 12.110,
            0.867 -9.247 12.114,
            1.112 -9.236 12.123,
            1.998 -8.859 12.401,
            2.358 -8.844 12.411,
            0.832 -9.229 12.128,
            1.153 -9.210 12.142,
            2.028 -8.794 12.447,
            2.343 -8.805 12.439,
            2.325 -8.778 12.458,
            0.790 -9.198 12.151,
            1.180 -9.184 12.162,
            2.751 -8.530 12.629,
            2.057 -8.756 12.474,
            2.305 -8.758 12.472,
            2.265 -8.731 12.491,
            2.105 -8.722 12.498,
            2.218 -8.714 12.503,
            2.134 -8.712 12.504,
            2.166 -8.708 12.507,
            0.755 -9.158 12.181,
            1.203 -9.151 12.187,
            0.734 -9.118 12.211,
            1.247 -9.062 12.253,
            2.703 -8.438 12.691,
            0.722 -9.074 12.244,
            2.656 -8.369 12.736,
            0.716 -9.012 12.290,
            0.720 -8.964 12.325,
            1.300 -8.898 12.372,
            2.602 -8.307 12.777,
            0.728 -8.925 12.353,
            0.747 -8.877 12.388,
            2.539 -8.252 12.812,
            0.761 -8.855 12.404,
            0.777 -8.833 12.419,
            0.814 -8.794 12.447,
            1.145 -8.681 12.526,
            1.398 -8.614 12.572,
            0.836 -8.777 12.459,
            0.869 -8.755 12.474,
            1.017 -8.701 12.512,
            0.915 -8.733 12.490,
            0.953 -8.718 12.500,
            2.367 -7.627 13.194,
            2.307 -8.135 12.887,
            2.391 -8.166 12.868,
            2.443 -7.599 13.210,
            2.469 -8.205 12.843,
            2.285 -7.644 13.184,
            2.212 -8.113 12.901,
            2.515 -7.562 13.231,
            2.237 -7.649 13.181,
            2.091 -8.103 12.907,
            2.585 -7.512 13.260,
            2.180 -7.651 13.180,
            1.098 -8.019 12.960,
            1.669 -8.235 12.823,
            1.742 -8.188 12.854,
            1.823 -8.150 12.878,
            1.909 -8.123 12.894,
            1.999 -8.108 12.904,
            2.093 -7.646 13.183,
            2.653 -7.444 13.298,
            2.705 -7.371 13.339,
            2.748 -7.281 13.388,
            1.285 -7.715 13.143,
            1.214 -7.738 13.129,
            1.352 -7.683 13.161,
            2.003 -7.628 13.194,
            -4.953 -9.796 11.675,
            0.715 -9.815 11.659,
            0.621 -9.771 11.696,
            0.537 -9.720 11.738,
            0.464 -9.660 11.787,
            0.400 -9.594 11.841,
            0.349 -9.524 11.897,
            0.307 -9.448 11.958,
            0.273 -9.364 12.024,
            0.244 -9.253 12.110,
            0.226 -9.125 12.207,
            0.221 -8.999 12.299,
            0.246 -8.699 12.513,
            1.139 -7.754 13.120,
            1.414 -7.644 13.184,
            1.929 -7.601 13.209,
            2.782 -7.152 13.457,
            1.074 -7.762 13.115,
            0.995 -7.765 13.113,
            1.010 -8.029 12.954,
            1.472 -7.595 13.213,
            1.864 -7.568 13.228,
            1.837 -7.550 13.238,
            0.872 -7.758 13.118,
            0.820 -8.069 12.929,
            0.932 -8.041 12.946,
            1.532 -7.523 13.254,
            1.805 -7.526 13.252,
            1.741 -7.463 13.288,
            0.763 -7.736 13.131,
            0.713 -8.108 12.904,
            2.794 -6.990 13.542,
            1.595 -7.410 13.318,
            1.690 -7.387 13.330,
            0.670 -7.704 13.149,
            0.614 -8.157 12.873,
            1.665 -7.338 13.357,
            0.584 -7.662 13.174,
            0.520 -8.218 12.835,
            1.640 -7.280 13.389,
            0.505 -7.608 13.205,
            0.436 -8.288 12.789,
            0.435 -7.544 13.242,
            2.794 -6.555 13.758,
            8.001 -5.212 14.321,
            2.794 -6.114 13.960,
            2.794 -5.666 14.147,
            -4.953 -7.620 13.198,
            0.409 -7.513 13.259,
            0.375 -7.469 13.284,
            0.337 -7.396 13.325,
            0.310 -7.309 13.373,
            0.290 -7.208 13.428,
            0.254 -6.897 13.590,
            0.254 -6.492 13.788,
            0.287 -8.539 12.623,
            0.333 -8.431 12.695,
            0.375 -8.361 12.741,
            2.794 -4.526 14.553,
            0.254 -5.420 14.243,
            0.254 -5.666 14.147,
            2.794 -4.241 14.638,
            2.794 -3.954 14.718,
            8.001 -2.646 15.008,
            2.794 -3.665 14.793,
            0.683 -4.236 14.639,
            0.254 -4.641 14.516,
            0.683 -4.519 14.555,
            0.254 -3.542 14.823,
            0.683 -3.952 14.719,
            0.683 -3.667 14.792,
            -4.953 -5.212 14.321,
            0.254 -6.082 13.974,
            0.254 -5.162 14.339,
            0.254 -4.903 14.430,
            0.254 -2.658 15.006,
            0.254 -2.756 14.989,
            0.881 -2.658 15.006,
            2.794 -1.449 15.171,
            0.881 -2.257 15.072,
            2.794 -1.186 15.194,
            0.881 -1.854 15.127,
            2.794 -0.923 15.212,
            0.881 -1.449 15.171,
            2.794 -0.660 15.226,
            2.445 -0.113 15.240,
            2.360 -0.152 15.239,
            2.270 -0.179 15.239,
            2.523 -0.063 15.240,
            2.187 -0.192 15.239,
            2.086 -0.198 15.239,
            1.937 -0.185 15.239,
            0.254 -0.660 15.226,
            1.831 -0.157 15.239,
            -4.953 -2.646 15.008,
            0.254 -3.281 14.883,
            0.254 -3.019 14.938,
            0.254 -1.995 15.109,
            0.254 -1.329 15.182,
            0.254 -0.396 15.235,
            1.740 -0.117 15.240,
            0.978 -0.004 15.240,
            1.665 -0.069 15.240,
            1.624 -0.036 15.240,
            0.985 0.000 15.240,
            1.585 0.000 15.240,
            0.254 -0.264 15.238,
            0.254 -0.132 15.239,
            0.695 -0.744 -15.222,
            0.689 -0.501 -15.232,
            0.276 -4.117 -14.673,
            1.011 -4.759 -14.478,
            0.276 -9.742 -11.719,
            1.011 -10.249 -11.279,
            3.106 -2.312 -15.064,
            1.501 -8.418 12.704,
            1.548 -8.354 12.746,
            1.605 -8.290 12.788,
            1.823 -9.397 11.998,
            1.728 -9.574 11.857,
            2.731 0.175 -15.239,
            2.742 0.142 -15.239,
            2.749 0.108 -15.240,
            2.755 0.036 -15.240,
            2.703 0.226 -15.238,
            2.664 0.268 -15.238,
            2.623 0.298 -15.237,
            2.571 0.322 -15.237,
            2.063 0.035 -15.240,
            2.069 0.100 -15.240,
            2.084 0.157 -15.239,
            2.099 0.187 -15.239,
            2.131 0.233 -15.238,
            2.170 0.270 -15.238,
            2.220 0.302 -15.237,
            2.273 0.324 -15.237,
            2.508 0.339 -15.236,
            2.422 0.346 -15.236,
            2.345 0.341 -15.236,
            3.229 -0.035 -15.240,
            3.229 -0.070 -15.240,
            3.229 -0.105 -15.240,
            2.830 -0.184 -15.239,
            2.870 -0.125 -15.239,
            2.900 -0.065 -15.240,
            -4.445 0.000 -12.002,
            -4.445 -2.084 -11.819,
            -4.445 -4.105 -11.278,
            -4.445 -6.001 -10.394,
            -4.445 -7.714 -9.194,
            -4.445 -9.194 -7.714,
            -4.445 -10.394 -6.001,
            -4.445 -11.278 -4.105,
            -4.445 -11.819 -2.084,
            -4.445 -12.002 -0.000,
            -4.445 -11.819 2.084,
            -4.445 -11.278 4.105,
            -4.445 -10.394 6.001,
            -4.445 -9.194 7.714,
            -4.445 -7.714 9.194,
            -4.445 -6.001 10.394,
            -4.445 -4.105 11.278,
            -4.445 -2.084 11.819,
            -4.445 0.000 12.002,
            -5.969 -2.344 -13.295,
            -8.001 -2.344 -13.295,
            -5.969 -4.617 -12.686,
            -8.001 -4.617 -12.686,
            -5.969 -6.750 -11.691,
            -8.001 -6.750 -11.691,
            -5.969 -8.678 -10.342,
            -8.001 -8.678 -10.342,
            -5.969 -10.342 -8.678,
            -8.001 -10.342 -8.678,
            -5.969 -11.691 -6.750,
            -8.001 -11.691 -6.750,
            -5.969 -12.686 -4.617,
            -8.001 -12.686 -4.617,
            -5.969 -13.295 -2.344,
            -8.001 -13.295 -2.344,
            -5.969 -13.500 -0.000,
            -8.001 -13.500 0.000,
            -5.969 -13.295 2.344,
            -8.001 -13.295 2.344,
            -5.969 -12.686 4.617,
            -8.001 -12.686 4.617,
            -5.969 -11.691 6.750,
            -8.001 -11.691 6.750,
            -5.969 -10.342 8.678,
            -8.001 -10.342 8.678,
            -5.969 -8.678 10.342,
            -8.001 -8.678 10.342,
            -5.969 -6.750 11.691,
            -8.001 -6.750 11.691,
            -5.969 -4.617 12.686,
            -8.001 -4.617 12.686,
            -5.969 -2.344 13.295,
            -8.001 -2.344 13.295,
            -8.001 2.084 11.819,
            -4.445 2.084 11.819,
            -8.001 4.105 11.278,
            -4.445 4.105 11.278,
            -8.001 6.001 10.394,
            -4.445 6.001 10.394,
            -4.445 7.714 9.194,
            -8.001 7.714 9.194,
            -8.001 9.194 7.714,
            -4.445 9.194 7.714,
            -8.001 10.394 6.001,
            -4.445 10.394 6.001,
            -4.445 11.278 4.105,
            -8.001 11.278 4.105,
            -8.001 11.819 2.084,
            -4.445 11.819 2.084,
            -8.001 12.002 0.000,
            -4.445 12.002 0.000,
            -8.001 11.819 -2.084,
            -4.445 11.819 -2.084,
            -4.445 11.278 -4.105,
            -8.001 11.278 -4.105,
            -8.001 10.394 -6.001,
            -4.445 10.394 -6.001,
            -4.445 9.194 -7.714,
            -8.001 9.194 -7.714,
            -4.445 7.714 -9.194,
            -8.001 7.714 -9.194,
            -8.001 6.001 -10.394,
            -4.445 6.001 -10.394,
            -8.001 4.105 -11.278,
            -4.445 4.105 -11.278,
            -8.001 2.084 -11.819,
            -4.445 2.084 -11.819,
            -8.255 -8.514 10.147,
            -8.255 -10.147 8.514,
            -8.255 -6.623 11.471,
            -8.255 -11.471 6.623,
            -8.255 -4.530 12.447,
            -8.255 -12.447 4.530,
            -8.255 -2.300 13.045,
            -8.255 -13.045 2.300,
            -8.255 -13.246 -0.000,
            -8.255 -13.045 -2.300,
            -8.255 2.128 12.069,
            -8.255 -12.447 -4.530,
            -8.255 4.192 11.516,
            -8.255 -11.471 -6.623,
            -8.255 6.128 10.614,
            -8.255 -10.147 -8.514,
            -8.255 7.878 9.388,
            -8.255 9.388 7.878,
            -8.255 -8.514 -10.147,
            -8.255 10.614 6.128,
            -8.255 -6.623 -11.471,
            -8.255 11.516 4.192,
            -8.255 -4.530 -12.447,
            -8.255 12.069 2.128,
            -8.255 -2.300 -13.045,
            -8.255 12.255 -0.000,
            -8.255 2.128 -12.069,
            -8.255 12.069 -2.128,
            -8.255 4.192 -11.516,
            -8.255 11.516 -4.192,
            -8.255 6.128 -10.614,
            -8.255 10.614 -6.128,
            -8.255 7.878 -9.388,
            -8.255 9.388 -7.878,
            8.255 -9.633 -11.480,
            8.255 -11.480 -9.633,
            8.255 -7.493 -12.978,
            8.255 -12.978 -7.493,
            8.255 -5.126 -14.082,
            8.255 -14.082 -5.126,
            8.255 -2.602 -14.758,
            8.255 -14.758 -2.602,
            8.255 -14.986 0.000,
            8.255 -14.758 2.602,
            8.255 2.267 -12.857,
            8.255 -14.082 5.126,
            8.255 4.465 -12.268,
            8.255 -12.978 7.493,
            8.255 6.528 -11.306,
            8.255 -11.480 9.633,
            8.255 8.392 -10.001,
            8.255 10.001 -8.392,
            8.255 -9.633 11.480,
            8.255 11.306 -6.528,
            8.255 -7.493 12.978,
            8.255 12.268 -4.465,
            8.255 -5.126 14.082,
            8.255 12.857 -2.267,
            8.255 -2.602 14.758,
            8.255 13.056 0.000,
            8.255 2.267 12.857,
            8.255 12.857 2.267,
            8.255 4.465 12.268,
            8.255 12.268 4.465,
            8.255 6.528 11.306,
            8.255 11.306 6.528,
            8.255 8.392 10.001,
            8.255 10.001 8.392,
            1.329 0.328 15.236,
            1.427 0.239 15.238,
            1.397 0.326 15.237,
            1.369 0.432 15.234,
            1.304 0.277 15.237,
            1.274 0.230 15.238,
            1.523 0.071 15.240,
            1.104 0.079 15.240,
            1.470 0.149 15.239,
            1.227 0.179 15.239,
            -5.207 -9.633 11.480,
            -5.207 -8.678 10.342,
            -5.207 -11.480 9.633,
            -5.207 -10.342 8.678,
            -5.207 -12.978 7.493,
            -5.207 -7.493 12.978,
            -5.207 -6.750 11.691,
            -5.207 -11.691 6.750,
            -5.207 -14.082 5.126,
            -5.207 -5.126 14.082,
            -5.207 -4.617 12.686,
            -5.207 -12.686 4.617,
            -5.207 -14.758 2.602,
            -5.207 -2.602 14.758,
            -5.207 -2.344 13.295,
            -5.207 -13.295 2.344,
            -5.207 -14.986 -0.000,
            -5.207 -13.500 -0.000,
            -5.207 -14.758 -2.602,
            -5.207 -13.295 -2.344,
            -5.207 -14.082 -5.126,
            -5.207 -12.686 -4.617,
            -5.207 -12.978 -7.493,
            -5.207 -11.691 -6.750,
            -5.207 -10.342 -8.678,
            -5.207 -11.480 -9.633,
            -5.207 -8.678 -10.342,
            -5.207 -9.633 -11.480,
            -5.207 -6.750 -11.691,
            -5.207 -7.493 -12.978,
            -5.207 -5.126 -14.082,
            -5.207 -4.617 -12.686,
            -5.207 -2.344 -13.295,
            -5.207 -2.602 -14.758,
            -4.445 2.223 12.607,
            -4.445 4.378 12.030,
            -4.445 6.401 11.087,
            -4.445 8.229 9.807,
            -4.445 9.807 8.229,
            -4.445 11.087 6.401,
            -4.445 12.030 4.378,
            -4.445 12.607 2.223,
            -4.445 12.802 -0.000,
            -4.445 12.607 -2.223,
            -4.445 2.223 -12.607,
            -4.445 12.030 -4.378,
            -4.445 4.378 -12.030,
            -4.445 6.401 -11.087,
            -4.445 11.087 -6.401,
            -4.445 8.229 -9.807,
            -4.445 9.807 -8.229,
            7.815 2.223 -12.607,
            7.815 4.378 -12.030,
            7.815 6.401 -11.087,
            7.815 8.229 -9.807,
            7.815 9.807 -8.229,
            7.815 11.087 -6.401,
            7.815 12.030 -4.378,
            7.815 12.607 -2.223,
            7.815 12.802 -0.000,
            7.815 12.607 2.223,
            7.815 12.030 4.378,
            7.815 11.087 6.401,
            7.815 9.807 8.229,
            7.815 8.229 9.807,
            7.815 6.401 11.087,
            7.815 4.378 12.030,
            7.815 2.223 12.607,
            -5.588 -2.265 12.845,
            -5.588 -4.461 12.256,
            -5.588 -6.521 11.295,
            -5.588 -8.384 9.991,
            -5.588 -9.991 8.384,
            -5.588 -11.295 6.521,
            -5.588 -12.256 4.461,
            -5.588 -12.845 2.265,
            -5.588 -13.043 -0.000,
            -5.588 -12.845 -2.265,
            -5.588 -12.256 -4.461,
            -5.588 -11.295 -6.521,
            -5.588 -9.991 -8.384,
            -5.588 -8.384 -9.991,
            -5.588 -6.521 -11.295,
            -5.588 -4.461 -12.256,
            -5.588 -2.265 -12.845,
            2.794 7.986 12.968,
            2.200 7.986 12.968,
            2.200 8.209 12.828,
            2.200 8.430 12.684,
            2.200 8.648 12.536,
            0.254 8.648 12.536,
            0.254 8.864 12.385,
            0.254 9.077 12.229,
            0.254 9.288 12.070,
            2.200 9.288 12.070,
            2.200 9.495 11.908,
            2.200 9.700 11.741,
            2.200 9.902 11.572,
            2.794 9.902 11.572,
            2.794 8.648 12.536,
            2.794 9.288 12.070,
            2.794 6.981 13.536,
            1.903 6.981 13.536,
            1.903 6.209 13.907,
            1.903 6.469 13.788,
            1.903 6.726 13.664,
            2.794 6.209 13.907,
            2.794 5.479 14.211,
            2.794 5.724 14.114,
            2.794 5.967 14.012,
            0.254 5.479 14.211,
            0.254 5.724 14.114,
            0.254 5.967 14.012,
            0.254 6.209 13.907,
            1.277 6.209 13.907,
            1.277 6.469 13.788,
            1.277 6.726 13.664,
            1.277 6.981 13.536,
            0.254 6.981 13.536,
            0.254 7.215 13.413,
            0.254 7.446 13.286,
            0.254 7.675 13.155,
            2.794 7.675 13.155,
            2.794 7.215 13.413,
            2.794 7.446 13.286,
            2.827 3.820 14.743,
            2.803 3.513 14.819,
            2.751 3.297 14.869,
            2.676 3.120 14.907,
            2.584 2.975 14.937,
            2.471 2.847 14.961,
            2.336 2.739 14.982,
            2.183 2.652 14.997,
            2.018 2.590 15.008,
            1.845 2.550 15.015,
            1.693 2.532 15.018,
            1.543 2.527 15.019,
            1.355 2.534 15.018,
            1.189 2.555 15.014,
            1.022 2.593 15.008,
            0.841 2.663 14.995,
            0.690 2.753 14.979,
            0.569 2.853 14.960,
            0.464 2.970 14.938,
            0.377 3.102 14.911,
            0.311 3.244 14.881,
            0.266 3.390 14.848,
            0.236 3.547 14.811,
            0.225 3.667 14.782,
            0.221 3.790 14.751,
            0.249 4.136 14.658,
            0.287 4.298 14.611,
            0.356 4.475 14.558,
            0.436 4.605 14.517,
            0.530 4.717 14.481,
            0.639 4.814 14.449,
            0.762 4.897 14.421,
            0.894 4.964 14.398,
            1.033 5.013 14.381,
            1.177 5.047 14.369,
            1.351 5.070 14.361,
            1.522 5.077 14.359,
            1.838 5.052 14.368,
            2.060 4.999 14.386,
            2.234 4.925 14.412,
            2.383 4.832 14.443,
            2.512 4.719 14.481,
            2.620 4.587 14.523,
            2.704 4.439 14.569,
            2.765 4.279 14.617,
            2.804 4.112 14.665,
            2.822 3.965 14.705,
            2.179 3.578 14.804,
            2.207 3.646 14.787,
            2.140 3.517 14.818,
            2.224 3.716 14.770,
            2.091 3.461 14.831,
            2.231 3.767 14.757,
            2.034 3.415 14.842,
            2.233 3.822 14.743,
            1.971 3.378 14.851,
            2.228 3.902 14.722,
            2.209 3.981 14.700,
            1.871 3.341 14.859,
            2.181 4.049 14.682,
            1.722 3.312 14.866,
            2.147 4.104 14.667,
            1.556 3.303 14.868,
            2.104 4.154 14.653,
            2.054 4.198 14.640,
            1.383 3.310 14.866,
            1.998 4.234 14.630,
            1.937 4.262 14.622,
            1.853 4.289 14.614,
            1.204 3.336 14.860,
            1.114 3.362 14.854,
            1.057 3.386 14.849,
            1.752 4.309 14.608,
            1.640 4.321 14.604,
            0.999 3.420 14.841,
            0.946 3.464 14.831,
            0.901 3.517 14.818,
            0.865 3.576 14.804,
            0.838 3.648 14.787,
            1.522 4.324 14.603,
            0.820 3.731 14.766,
            1.355 4.317 14.605,
            1.182 4.286 14.615,
            1.103 4.260 14.622,
            1.029 4.223 14.633,
            0.815 3.815 14.744,
            0.975 4.184 14.644,
            0.925 4.134 14.658,
            0.884 4.079 14.674,
            0.852 4.018 14.690,
            0.819 3.889 14.725,
            0.831 3.953 14.708,
            0.815 3.817 14.754,
            0.820 3.733 14.776,
            0.838 3.649 14.797,
            0.865 3.579 14.814,
            0.901 3.519 14.828,
            0.946 3.466 14.841,
            0.999 3.422 14.851,
            1.057 3.388 14.859,
            1.114 3.364 14.864,
            1.204 3.339 14.870,
            1.383 3.312 14.876,
            1.556 3.305 14.877,
            1.722 3.314 14.875,
            1.871 3.343 14.869,
            1.971 3.381 14.860,
            2.034 3.417 14.852,
            2.091 3.464 14.841,
            2.140 3.519 14.828,
            2.179 3.581 14.813,
            2.207 3.648 14.797,
            2.224 3.719 14.779,
            2.231 3.769 14.767,
            2.233 3.824 14.752,
            2.228 3.906 14.731,
            2.209 3.985 14.710,
            2.181 4.051 14.692,
            2.147 4.107 14.676,
            2.104 4.157 14.662,
            2.054 4.200 14.650,
            1.999 4.236 14.639,
            1.941 4.263 14.632,
            1.874 4.286 14.625,
            1.785 4.306 14.619,
            1.654 4.323 14.614,
            1.522 4.327 14.613,
            1.355 4.319 14.615,
            1.182 4.289 14.624,
            1.103 4.262 14.632,
            1.029 4.226 14.642,
            0.969 4.181 14.655,
            0.920 4.131 14.669,
            0.880 4.075 14.685,
            0.850 4.014 14.702,
            0.829 3.949 14.719,
            0.819 3.888 14.736,
            2.794 0.792 15.209,
            2.794 1.230 15.180,
            2.794 1.667 15.138,
            2.794 2.103 15.084,
            2.772 0.417 15.224,
            2.732 0.237 15.228,
            2.689 0.133 15.229,
            2.646 0.064 15.230,
            1.523 0.071 15.230,
            1.470 0.149 15.229,
            1.427 0.238 15.228,
            1.397 0.325 15.227,
            1.369 0.432 15.224,
            1.329 0.327 15.226,
            1.304 0.277 15.227,
            1.274 0.230 15.228,
            1.226 0.178 15.229,
            1.104 0.079 15.230,
            0.254 0.166 15.229,
            0.254 0.331 15.226,
            0.254 0.497 15.222,
            1.024 0.914 15.203,
            1.128 0.976 15.199,
            1.180 1.014 15.196,
            1.218 1.056 15.193,
            1.250 1.113 15.189,
            1.269 1.170 15.185,
            1.274 1.206 15.182,
            1.277 1.248 15.179,
            1.277 1.271 15.177,
            1.277 1.294 15.175,
            1.277 1.317 15.173,
            0.254 1.317 15.173,
            0.254 1.579 15.148,
            0.254 1.842 15.118,
            0.254 2.103 15.084,
            2.212 0.684 15.215,
            2.233 0.727 15.213,
            2.251 0.787 15.210,
            2.173 0.642 15.216,
            2.147 0.623 15.217,
            2.263 0.876 15.205,
            2.115 0.608 15.218,
            2.266 0.969 15.199,
            2.081 0.599 15.218,
            2.266 1.085 15.191,
            2.266 1.201 15.183,
            2.266 1.317 15.173,
            2.022 0.593 15.218,
            1.970 0.599 15.218,
            1.921 0.617 15.217,
            1.877 0.646 15.216,
            1.854 0.668 15.215,
            1.832 0.698 15.214,
            1.816 0.732 15.212,
            1.804 0.772 15.210,
            1.784 0.877 15.205,
            1.771 0.983 15.198,
            1.771 1.317 15.173,
            1.771 1.094 15.191,
            1.771 1.206 15.182,
            1.784 0.877 15.215,
            1.771 0.983 15.208,
            1.804 0.773 15.220,
            1.816 0.733 15.222,
            1.832 0.699 15.224,
            1.854 0.669 15.225,
            1.877 0.647 15.226,
            1.921 0.618 15.227,
            1.970 0.599 15.228,
            2.022 0.594 15.228,
            2.080 0.599 15.228,
            2.115 0.609 15.228,
            2.147 0.624 15.227,
            2.173 0.642 15.226,
            2.212 0.685 15.225,
            2.233 0.727 15.223,
            2.251 0.788 15.220,
            2.263 0.876 15.215,
            2.266 0.969 15.209,
            2.266 1.086 15.201,
            2.266 1.202 15.193,
            2.266 1.318 15.183,
            1.771 1.318 15.183,
            1.771 1.095 15.201,
            1.771 1.206 15.192,
            2.794 -1.448 15.161,
            0.881 -1.448 15.161,
            0.881 -2.657 14.997,
            0.881 -2.255 15.062,
            0.881 -1.852 15.117,
            0.254 -2.657 14.997,
            0.254 -1.994 15.099,
            0.254 -1.328 15.172,
            0.254 -0.659 15.216,
            2.794 -0.659 15.216,
            2.794 -1.186 15.184,
            2.794 -0.922 15.202,
            0.254 -3.540 14.813,
            0.683 -3.665 14.783,
            0.254 -3.279 14.873,
            0.254 -3.017 14.928,
            0.254 -2.754 14.979,
            2.794 -3.663 14.783,
            2.794 -4.523 14.543,
            2.794 -4.238 14.629,
            2.794 -3.951 14.709,
            0.254 -5.417 14.234,
            0.254 -5.159 14.330,
            0.254 -4.899 14.420,
            0.254 -4.638 14.507,
            0.683 -4.516 14.545,
            0.683 -4.234 14.630,
            0.683 -3.950 14.709,
            2.145 -4.086 14.672,
            1.244 -4.355 14.594,
            1.244 -3.827 14.741,
            1.244 -4.180 14.645,
            1.244 -4.004 14.694,
            2.145 -4.089 14.681,
            1.244 -4.358 14.604,
            1.244 -4.182 14.655,
            1.244 -4.006 14.704,
            1.244 -3.829 14.751,
            2.794 -6.986 13.534,
            2.782 -7.148 13.449,
            2.748 -7.276 13.380,
            2.705 -7.366 13.330,
            2.653 -7.439 13.290,
            2.585 -7.507 13.251,
            2.515 -7.557 13.223,
            2.443 -7.594 13.202,
            2.367 -7.622 13.186,
            2.285 -7.639 13.176,
            2.237 -7.644 13.173,
            2.180 -7.646 13.171,
            2.093 -7.641 13.175,
            2.003 -7.623 13.185,
            1.929 -7.596 13.200,
            1.864 -7.563 13.220,
            1.837 -7.545 13.230,
            1.805 -7.521 13.243,
            1.741 -7.458 13.279,
            1.690 -7.382 13.321,
            1.665 -7.333 13.348,
            1.640 -7.275 13.380,
            1.595 -7.405 13.309,
            1.532 -7.518 13.245,
            1.472 -7.590 13.204,
            1.414 -7.639 13.176,
            1.353 -7.678 13.153,
            1.285 -7.710 13.134,
            1.214 -7.733 13.121,
            1.139 -7.749 13.111,
            1.074 -7.757 13.107,
            0.995 -7.760 13.105,
            0.872 -7.753 13.109,
            0.763 -7.731 13.122,
            0.670 -7.699 13.141,
            0.584 -7.657 13.166,
            0.505 -7.603 13.196,
            0.435 -7.539 13.233,
            0.409 -7.508 13.251,
            0.375 -7.464 13.276,
            0.337 -7.392 13.316,
            0.310 -7.304 13.364,
            0.290 -7.203 13.419,
            0.254 -6.892 13.581,
            0.254 -6.488 13.779,
            0.254 -6.078 13.965,
            0.254 -5.663 14.138,
            2.794 -5.663 14.138,
            2.794 -6.551 13.749,
            2.794 -6.110 13.951,
            2.227 -6.870 13.592,
            2.249 -6.820 13.618,
            2.201 -6.902 13.576,
            2.262 -6.756 13.650,
            2.161 -6.930 13.562,
            2.266 -6.682 13.686,
            2.113 -6.947 13.553,
            2.266 -6.585 13.733,
            2.056 -6.952 13.551,
            2.266 -6.487 13.779,
            2.001 -6.947 13.553,
            2.266 -6.389 13.825,
            1.947 -6.930 13.562,
            1.902 -6.901 13.577,
            1.881 -6.877 13.589,
            1.864 -6.847 13.604,
            1.848 -6.797 13.629,
            1.841 -6.749 13.653,
            1.837 -6.389 13.825,
            1.307 -6.952 13.551,
            1.285 -6.988 13.532,
            1.325 -6.900 13.577,
            1.248 -7.024 13.513,
            1.339 -6.825 13.615,
            1.223 -7.041 13.505,
            1.192 -7.054 13.498,
            1.343 -6.744 13.656,
            1.837 -6.678 13.688,
            1.159 -7.064 13.493,
            1.343 -6.626 13.713,
            1.837 -6.582 13.734,
            1.103 -7.069 13.490,
            1.343 -6.508 13.770,
            1.837 -6.486 13.780,
            1.046 -7.064 13.493,
            0.995 -7.050 13.500,
            1.343 -6.389 13.825,
            0.948 -7.024 13.514,
            0.924 -7.004 13.524,
            0.900 -6.976 13.539,
            0.876 -6.931 13.562,
            0.858 -6.868 13.593,
            0.848 -6.745 13.655,
            0.848 -6.627 13.713,
            0.848 -6.508 13.769,
            0.848 -6.389 13.825,
            1.837 -6.682 13.697,
            1.841 -6.753 13.662,
            1.848 -6.801 13.638,
            1.860 -6.840 13.619,
            1.875 -6.872 13.603,
            1.895 -6.898 13.589,
            1.941 -6.932 13.572,
            1.997 -6.951 13.562,
            2.056 -6.957 13.560,
            2.113 -6.951 13.562,
            2.161 -6.934 13.571,
            2.201 -6.906 13.585,
            2.227 -6.874 13.601,
            2.249 -6.824 13.627,
            2.262 -6.760 13.659,
            2.266 -6.687 13.695,
            2.266 -6.589 13.742,
            2.266 -6.491 13.788,
            2.266 -6.393 13.834,
            1.837 -6.393 13.834,
            1.837 -6.586 13.743,
            1.837 -6.490 13.789,
            0.848 -6.749 13.664,
            0.858 -6.873 13.602,
            0.876 -6.935 13.570,
            0.900 -6.980 13.547,
            0.924 -7.009 13.533,
            0.948 -7.029 13.522,
            0.995 -7.054 13.509,
            1.046 -7.069 13.501,
            1.103 -7.074 13.499,
            1.159 -7.068 13.502,
            1.192 -7.059 13.507,
            1.223 -7.045 13.514,
            1.248 -7.029 13.522,
            1.285 -6.992 13.541,
            1.307 -6.956 13.560,
            1.325 -6.905 13.586,
            1.339 -6.830 13.624,
            1.343 -6.748 13.665,
            1.343 -6.630 13.722,
            1.343 -6.512 13.779,
            1.343 -6.393 13.834,
            0.848 -6.393 13.834,
            0.848 -6.631 13.722,
            0.848 -6.512 13.778,
            1.145 -8.676 12.518,
            1.017 -8.695 12.504,
            0.953 -8.713 12.492,
            0.915 -8.727 12.482,
            0.869 -8.749 12.466,
            0.814 -8.788 12.438,
            0.777 -8.827 12.411,
            0.761 -8.849 12.396,
            0.747 -8.871 12.380,
            0.728 -8.919 12.345,
            0.720 -8.958 12.317,
            0.716 -9.006 12.282,
            0.722 -9.068 12.236,
            0.728 -9.093 12.218,
            0.736 -9.117 12.200,
            0.758 -9.156 12.171,
            0.793 -9.194 12.142,
            0.834 -9.224 12.119,
            0.869 -9.241 12.106,
            0.902 -9.252 12.097,
            0.932 -9.258 12.093,
            0.977 -9.262 12.090,
            1.028 -9.257 12.094,
            1.072 -9.247 12.102,
            1.111 -9.230 12.114,
            1.153 -9.204 12.134,
            1.180 -9.178 12.154,
            1.203 -9.145 12.179,
            1.247 -9.056 12.245,
            1.300 -8.893 12.364,
            1.398 -8.608 12.564,
            1.501 -8.413 12.696,
            1.548 -8.348 12.738,
            1.605 -8.285 12.779,
            1.669 -8.230 12.815,
            1.742 -8.182 12.845,
            1.823 -8.145 12.869,
            1.909 -8.118 12.886,
            1.999 -8.103 12.896,
            2.091 -8.098 12.899,
            2.211 -8.107 12.893,
            2.317 -8.133 12.877,
            2.407 -8.168 12.855,
            2.489 -8.212 12.826,
            2.563 -8.266 12.792,
            2.627 -8.328 12.751,
            2.682 -8.399 12.705,
            2.727 -8.474 12.655,
            2.760 -8.548 12.605,
            2.792 -8.652 12.534,
            2.819 -8.818 12.418,
            2.827 -8.984 12.298,
            2.814 -9.179 12.153,
            2.767 -9.368 12.008,
            2.713 -9.482 11.918,
            2.650 -9.566 11.851,
            2.581 -9.631 11.798,
            2.506 -9.682 11.757,
            2.420 -9.724 11.722,
            2.331 -9.755 11.696,
            2.233 -9.779 11.675,
            2.160 -9.792 11.665,
            2.079 -9.801 11.657,
            2.035 -9.183 12.150,
            2.122 -9.168 12.162,
            2.192 -9.147 12.177,
            2.244 -9.123 12.195,
            2.282 -9.098 12.214,
            2.317 -9.061 12.241,
            2.332 -9.040 12.257,
            2.344 -9.017 12.274,
            2.354 -8.990 12.293,
            2.360 -8.962 12.314,
            2.365 -8.905 12.355,
            2.358 -8.838 12.403,
            2.342 -8.799 12.431,
            2.325 -8.772 12.450,
            2.305 -8.752 12.464,
            2.265 -8.725 12.483,
            2.218 -8.708 12.495,
            2.166 -8.703 12.499,
            2.134 -8.706 12.496,
            2.105 -8.716 12.489,
            2.057 -8.750 12.466,
            2.028 -8.789 12.438,
            1.998 -8.853 12.392,
            1.964 -8.964 12.313,
            1.823 -9.391 11.990,
            1.728 -9.568 11.849,
            1.644 -9.670 11.766,
            1.564 -9.739 11.709,
            1.482 -9.789 11.668,
            1.387 -9.829 11.634,
            1.326 -9.848 11.618,
            1.233 -9.867 11.602,
            1.167 -9.874 11.596,
            1.086 -9.877 11.593,
            0.954 -9.869 11.600,
            0.823 -9.844 11.621,
            0.715 -9.808 11.651,
            0.620 -9.764 11.688,
            0.537 -9.713 11.730,
            0.463 -9.654 11.780,
            0.400 -9.587 11.834,
            0.349 -9.518 11.890,
            0.307 -9.441 11.950,
            0.273 -9.358 12.016,
            0.244 -9.245 12.103,
            0.226 -9.119 12.198,
            0.221 -8.994 12.291,
            0.246 -8.694 12.505,
            0.287 -8.533 12.615,
            0.333 -8.426 12.687,
            0.375 -8.356 12.733,
            0.436 -8.283 12.780,
            0.520 -8.212 12.826,
            0.614 -8.151 12.865,
            0.713 -8.102 12.896,
            0.820 -8.064 12.920,
            0.932 -8.036 12.937,
            1.010 -8.023 12.945,
            1.098 -8.014 12.951,
            3.446 4.496 -14.551,
            3.446 4.427 -14.572,
            3.446 4.565 -14.530,
            3.446 4.634 -14.508,
            2.083 4.634 -14.508,
            2.083 4.865 -14.432,
            2.083 5.096 -14.352,
            2.083 5.324 -14.269,
            1.905 5.324 -14.269,
            1.905 4.728 -14.478,
            1.905 4.427 -14.572,
            1.905 5.027 -14.376,
            3.446 2.769 -14.976,
            3.446 2.661 -14.996,
            3.446 2.876 -14.956,
            3.446 2.983 -14.935,
            2.365 3.319 -14.864,
            2.138 3.387 -14.849,
            2.383 3.461 -14.832,
            3.446 3.792 -14.750,
            3.446 3.896 -14.723,
            3.446 4.001 -14.695,
            3.446 4.105 -14.666,
            1.905 4.105 -14.666,
            1.905 3.965 -14.705,
            1.905 3.895 -14.724,
            1.905 4.035 -14.686,
            3.209 3.895 -14.724,
            1.905 3.496 -14.823,
            1.905 3.349 -14.857,
            1.905 3.275 -14.874,
            1.905 3.423 -14.840,
            3.209 2.875 -14.956,
            1.905 2.875 -14.956,
            1.905 2.733 -14.983,
            1.905 2.661 -14.996,
            1.905 2.804 -14.970,
            2.537 2.070 -15.089,
            2.537 1.881 -15.113,
            2.537 2.259 -15.062,
            2.537 2.447 -15.032,
            2.359 2.447 -15.032,
            2.359 2.070 -15.089,
            2.359 1.881 -15.113,
            2.359 2.259 -15.062,
            1.905 1.233 -15.180,
            3.106 1.233 -15.180,
            3.024 1.136 -15.188,
            2.955 1.031 -15.195,
            2.914 0.957 -15.200,
            2.879 0.878 -15.205,
            3.061 0.878 -15.205,
            3.160 1.044 -15.194,
            3.275 1.177 -15.184,
            3.356 1.248 -15.179,
            3.396 1.275 -15.177,
            3.446 1.303 -15.174,
            3.446 1.345 -15.171,
            3.446 1.387 -15.167,
            3.446 1.429 -15.163,
            1.905 1.429 -15.163,
            1.905 1.298 -15.175,
            1.905 1.364 -15.169,
            2.340 -0.247 -15.228,
            2.269 -0.231 -15.228,
            2.206 -0.207 -15.229,
            2.172 -0.187 -15.229,
            2.128 -0.150 -15.229,
            2.107 -0.124 -15.229,
            2.082 -0.074 -15.230,
            2.067 -0.020 -15.230,
            2.063 0.035 -15.230,
            2.069 0.100 -15.230,
            2.084 0.157 -15.229,
            2.099 0.187 -15.229,
            2.130 0.233 -15.228,
            2.170 0.270 -15.228,
            2.220 0.302 -15.227,
            2.272 0.324 -15.227,
            2.346 0.340 -15.226,
            2.422 0.345 -15.226,
            2.499 0.340 -15.226,
            2.562 0.325 -15.227,
            2.618 0.301 -15.227,
            2.662 0.270 -15.228,
            2.701 0.228 -15.228,
            2.730 0.176 -15.229,
            2.747 0.121 -15.230,
            2.752 0.084 -15.230,
            2.755 0.036 -15.230,
            2.749 -0.034 -15.230,
            2.731 -0.093 -15.230,
            2.703 -0.144 -15.229,
            2.663 -0.190 -15.229,
            2.616 -0.227 -15.228,
            2.636 -0.424 -15.224,
            3.426 -0.267 -15.228,
            3.426 -0.023 -15.230,
            3.426 0.220 -15.228,
            3.426 0.464 -15.223,
            3.229 0.464 -15.223,
            3.229 -0.105 -15.230,
            3.229 0.085 -15.230,
            3.229 0.274 -15.228,
            2.830 -0.184 -15.229,
            2.862 -0.137 -15.229,
            2.884 -0.100 -15.230,
            2.912 -0.034 -15.230,
            2.927 0.029 -15.230,
            2.932 0.091 -15.230,
            2.928 0.158 -15.229,
            2.914 0.220 -15.228,
            2.889 0.284 -15.227,
            2.854 0.343 -15.226,
            2.802 0.403 -15.225,
            2.751 0.447 -15.223,
            2.684 0.488 -15.222,
            2.615 0.516 -15.221,
            2.528 0.536 -15.221,
            2.486 0.540 -15.220,
            2.433 0.543 -15.220,
            2.318 0.533 -15.221,
            2.227 0.509 -15.221,
            2.147 0.474 -15.223,
            2.110 0.452 -15.223,
            2.072 0.425 -15.224,
            2.016 0.376 -15.225,
            1.968 0.318 -15.227,
            1.931 0.253 -15.228,
            1.905 0.184 -15.229,
            1.890 0.108 -15.230,
            1.885 0.034 -15.230,
            1.895 -0.073 -15.230,
            1.914 -0.149 -15.229,
            1.944 -0.215 -15.228,
            1.980 -0.269 -15.228,
            2.024 -0.318 -15.227,
            2.074 -0.359 -15.226,
            2.131 -0.393 -15.225,
            2.190 -0.417 -15.224,
            2.251 -0.434 -15.224,
            2.320 -0.444 -15.224,
            2.231 -1.393 -15.166,
            2.300 -1.410 -15.165,
            2.176 -1.370 -15.168,
            2.145 -1.351 -15.170,
            2.122 -1.330 -15.172,
            2.088 -1.284 -15.176,
            2.069 -1.229 -15.180,
            2.063 -1.172 -15.185,
            2.069 -1.109 -15.190,
            2.086 -1.054 -15.193,
            2.115 -1.003 -15.197,
            2.155 -0.958 -15.200,
            2.184 -0.936 -15.201,
            2.241 -0.907 -15.203,
            2.384 -0.862 -15.206,
            2.493 -0.844 -15.207,
            2.602 -0.838 -15.207,
            2.640 -0.839 -15.207,
            2.579 -0.883 -15.204,
            2.531 -0.934 -15.201,
            2.496 -0.984 -15.198,
            2.468 -1.039 -15.194,
            2.449 -1.098 -15.190,
            2.441 -1.144 -15.187,
            2.438 -1.190 -15.183,
            2.444 -1.263 -15.178,
            2.460 -1.328 -15.172,
            2.486 -1.387 -15.167,
            2.523 -1.443 -15.161,
            2.571 -1.496 -15.156,
            2.626 -1.540 -15.152,
            2.685 -1.575 -15.148,
            2.752 -1.600 -15.146,
            2.818 -1.616 -15.144,
            2.872 -1.623 -15.143,
            2.934 -1.626 -15.143,
            3.052 -1.616 -15.144,
            3.134 -1.595 -15.146,
            3.207 -1.563 -15.150,
            3.266 -1.525 -15.153,
            3.320 -1.477 -15.158,
            3.365 -1.423 -15.163,
            3.401 -1.363 -15.169,
            3.425 -1.303 -15.174,
            3.440 -1.234 -15.180,
            3.446 -1.156 -15.186,
            3.439 -1.072 -15.192,
            3.418 -0.990 -15.198,
            3.385 -0.920 -15.202,
            3.348 -0.863 -15.206,
            3.303 -0.813 -15.208,
            3.251 -0.768 -15.211,
            3.191 -0.731 -15.212,
            3.129 -0.701 -15.214,
            3.066 -0.680 -15.215,
            2.975 -0.660 -15.216,
            2.852 -0.647 -15.216,
            2.707 -0.641 -15.216,
            2.405 -0.663 -15.216,
            2.254 -0.700 -15.214,
            2.157 -0.740 -15.212,
            2.082 -0.786 -15.210,
            2.019 -0.840 -15.207,
            1.971 -0.898 -15.204,
            1.936 -0.957 -15.200,
            1.909 -1.022 -15.196,
            1.893 -1.088 -15.191,
            1.888 -1.132 -15.188,
            1.885 -1.182 -15.184,
            1.892 -1.269 -15.177,
            1.909 -1.337 -15.171,
            1.935 -1.396 -15.166,
            1.971 -1.450 -15.161,
            2.015 -1.497 -15.156,
            2.066 -1.535 -15.152,
            2.125 -1.566 -15.149,
            2.186 -1.588 -15.147,
            2.229 -1.598 -15.146,
            2.280 -1.606 -15.145,
            3.239 -0.994 -15.198,
            3.260 -1.051 -15.194,
            3.266 -1.086 -15.191,
            3.268 -1.126 -15.188,
            3.208 -0.947 -15.201,
            3.263 -1.187 -15.184,
            3.180 -0.919 -15.202,
            3.246 -1.241 -15.179,
            3.133 -0.884 -15.204,
            3.079 -0.860 -15.206,
            3.219 -1.292 -15.175,
            3.021 -0.845 -15.207,
            3.182 -1.335 -15.171,
            3.137 -1.371 -15.168,
            2.939 -0.839 -15.207,
            3.084 -1.399 -15.166,
            2.870 -0.844 -15.207,
            2.835 -0.850 -15.206,
            3.028 -1.418 -15.164,
            2.978 -1.427 -15.163,
            2.803 -0.860 -15.206,
            2.749 -0.885 -15.204,
            2.924 -1.429 -15.163,
            2.705 -0.918 -15.202,
            2.852 -1.423 -15.163,
            2.670 -0.956 -15.200,
            2.640 -1.008 -15.197,
            2.795 -1.407 -15.165,
            2.616 -1.130 -15.188,
            2.622 -1.065 -15.193,
            2.743 -1.381 -15.167,
            2.697 -1.343 -15.171,
            2.671 -1.313 -15.173,
            2.642 -1.263 -15.178,
            2.623 -1.205 -15.182,
            2.618 -1.171 -15.185,
            3.263 -1.187 -15.194,
            3.268 -1.126 -15.198,
            3.246 -1.242 -15.189,
            3.219 -1.293 -15.185,
            3.181 -1.336 -15.181,
            3.137 -1.372 -15.178,
            3.084 -1.400 -15.176,
            3.028 -1.419 -15.174,
            2.978 -1.427 -15.173,
            2.924 -1.430 -15.173,
            2.852 -1.424 -15.173,
            2.795 -1.408 -15.175,
            2.743 -1.382 -15.177,
            2.697 -1.344 -15.181,
            2.671 -1.314 -15.183,
            2.642 -1.264 -15.187,
            2.623 -1.206 -15.192,
            2.618 -1.172 -15.195,
            2.616 -1.131 -15.198,
            2.622 -1.065 -15.203,
            2.640 -1.009 -15.207,
            2.670 -0.957 -15.210,
            2.708 -0.916 -15.212,
            2.740 -0.891 -15.214,
            2.790 -0.865 -15.215,
            2.848 -0.848 -15.216,
            2.890 -0.842 -15.217,
            2.939 -0.839 -15.217,
            3.022 -0.846 -15.217,
            3.079 -0.861 -15.216,
            3.133 -0.885 -15.214,
            3.180 -0.919 -15.212,
            3.207 -0.947 -15.211,
            3.239 -0.995 -15.207,
            3.260 -1.051 -15.204,
            3.266 -1.087 -15.201,
            1.905 -2.311 -15.054,
            3.106 -2.311 -15.054,
            3.024 -2.406 -15.039,
            2.955 -2.511 -15.022,
            2.914 -2.584 -15.009,
            2.879 -2.661 -14.996,
            3.061 -2.661 -14.996,
            3.160 -2.497 -15.024,
            3.275 -2.366 -15.045,
            3.356 -2.296 -15.056,
            3.396 -2.269 -15.060,
            3.446 -2.241 -15.064,
            3.446 -2.199 -15.070,
            3.446 -2.157 -15.076,
            3.446 -2.116 -15.082,
            1.905 -2.116 -15.082,
            1.905 -2.246 -15.064,
            1.905 -2.181 -15.073,
            3.446 -3.638 -14.789,
            3.446 -3.717 -14.769,
            3.446 -3.559 -14.808,
            3.446 -3.479 -14.827,
            1.905 -2.881 -14.955,
            1.905 -3.032 -14.925,
            1.905 -3.107 -14.910,
            1.905 -2.957 -14.940,
            2.379 -3.279 -14.873,
            2.379 -3.705 -14.773,
            2.379 -3.917 -14.718,
            2.379 -3.492 -14.824,
            1.905 -4.086 -14.672,
            1.905 -4.233 -14.630,
            1.905 -4.307 -14.608,
            1.905 -4.160 -14.651,
            3.268 -3.598 -14.799,
            3.140 -3.634 -14.790,
            3.059 -3.665 -14.782,
            2.962 -3.488 -14.825,
            2.557 -3.343 -14.859,
            2.557 -3.513 -14.819,
            2.557 -3.683 -14.778,
            2.557 -3.853 -14.734,
            2.984 -3.701 -14.774,
            2.557 -3.345 -14.868,
            2.962 -3.491 -14.835,
            3.268 -3.601 -14.809,
            3.140 -3.637 -14.800,
            3.059 -3.668 -14.792,
            2.984 -3.703 -14.783,
            2.557 -3.856 -14.744,
            2.557 -3.686 -14.788,
            2.557 -3.516 -14.829,
            3.446 -5.232 -14.303,
            3.446 -5.164 -14.328,
            3.446 -5.096 -14.352,
            3.446 -5.027 -14.376,
            2.083 -5.027 -14.376,
            2.083 -4.797 -14.455,
            2.083 -4.565 -14.530,
            2.083 -4.332 -14.601,
            1.905 -4.332 -14.601,
            1.905 -4.934 -14.409,
            1.905 -5.232 -14.303,
            1.905 -4.634 -14.508,
            1.414 -12.632 -8.509,
            1.414 -12.725 -8.368,
            1.414 -12.536 -8.648,
            1.414 -12.439 -8.787,
            1.411 -12.380 -8.871,
            1.399 -12.320 -8.953,
            1.379 -12.276 -9.015,
            1.354 -12.245 -9.056,
            1.320 -12.216 -9.095,
            1.278 -12.192 -9.127,
            1.222 -12.170 -9.157,
            1.149 -12.150 -9.183,
            1.106 -12.142 -9.193,
            1.061 -12.137 -9.201,
            0.971 -12.133 -9.206,
            0.866 -12.138 -9.199,
            0.775 -12.152 -9.181,
            0.706 -12.171 -9.156,
            0.646 -12.194 -9.124,
            0.604 -12.218 -9.093,
            0.570 -12.245 -9.056,
            0.543 -12.279 -9.010,
            0.519 -12.330 -8.940,
            0.509 -12.374 -8.878,
            0.505 -12.424 -8.809,
            0.505 -12.552 -8.625,
            0.505 -12.616 -8.532,
            0.505 -12.488 -8.717,
            -0.127 -12.616 -8.532,
            -0.127 -12.689 -8.423,
            -0.127 -12.725 -8.368,
            -0.127 -12.652 -8.478,
            1.223 -12.338 -8.929,
            1.230 -12.359 -8.900,
            1.234 -12.384 -8.865,
            1.191 -12.304 -8.975,
            1.168 -12.291 -8.994,
            1.236 -12.430 -8.801,
            1.142 -12.279 -9.010,
            1.236 -12.492 -8.712,
            1.236 -12.554 -8.622,
            1.091 -12.264 -9.031,
            1.236 -12.616 -8.532,
            1.037 -12.255 -9.043,
            0.965 -12.251 -9.048,
            0.922 -12.252 -9.046,
            0.883 -12.256 -9.042,
            0.826 -12.265 -9.028,
            0.775 -12.283 -9.005,
            0.749 -12.296 -8.986,
            0.723 -12.317 -8.958,
            0.701 -12.348 -8.915,
            0.688 -12.382 -8.868,
            0.683 -12.428 -8.804,
            0.683 -12.491 -8.714,
            0.683 -12.554 -8.623,
            0.683 -12.616 -8.532,
            0.688 -12.390 -8.874,
            0.683 -12.436 -8.810,
            0.701 -12.356 -8.921,
            0.724 -12.325 -8.964,
            0.749 -12.304 -8.992,
            0.775 -12.291 -9.011,
            0.826 -12.274 -9.034,
            0.883 -12.264 -9.048,
            0.922 -12.260 -9.052,
            0.965 -12.259 -9.054,
            1.036 -12.263 -9.049,
            1.091 -12.272 -9.037,
            1.142 -12.287 -9.016,
            1.168 -12.299 -9.000,
            1.191 -12.313 -8.981,
            1.223 -12.346 -8.935,
            1.230 -12.367 -8.905,
            1.234 -12.392 -8.871,
            1.236 -12.438 -8.807,
            1.236 -12.563 -8.628,
            1.236 -12.624 -8.538,
            1.236 -12.501 -8.717,
            0.683 -12.624 -8.538,
            0.683 -12.562 -8.629,
            0.683 -12.499 -8.719,
            1.414 -11.976 -9.409,
            1.414 -11.935 -9.461,
            1.414 -11.894 -9.512,
            1.414 -11.853 -9.564,
            0.051 -11.853 -9.564,
            0.051 -11.715 -9.732,
            0.051 -11.575 -9.898,
            0.051 -11.433 -10.062,
            -0.127 -11.433 -10.062,
            -0.127 -11.799 -9.630,
            -0.127 -11.976 -9.409,
            -0.127 -11.618 -9.848,
            1.414 -10.997 -10.536,
            1.414 -11.048 -10.483,
            1.414 -10.946 -10.590,
            1.414 -10.894 -10.643,
            -0.127 -10.508 -11.025,
            -0.127 -10.609 -10.927,
            -0.127 -10.659 -10.878,
            -0.127 -10.558 -10.976,
            0.347 -10.769 -10.770,
            0.347 -11.171 -10.352,
            0.347 -11.038 -10.493,
            0.347 -10.905 -10.632,
            -0.127 -11.275 -10.238,
            -0.127 -11.415 -10.082,
            -0.127 -11.369 -10.134,
            -0.127 -11.322 -10.186,
            1.236 -10.972 -10.563,
            0.926 -10.901 -10.636,
            0.953 -11.036 -10.496,
            0.525 -10.810 -10.729,
            0.525 -10.918 -10.618,
            0.525 -11.025 -10.507,
            0.525 -11.131 -10.395,
            0.525 -10.817 -10.736,
            0.926 -10.908 -10.643,
            1.236 -10.979 -10.570,
            0.953 -11.043 -10.503,
            0.525 -11.138 -10.402,
            0.525 -11.032 -10.514,
            0.525 -10.925 -10.625,
            1.414 -10.337 -11.185,
            1.414 -10.388 -11.138,
            1.414 -10.286 -11.232,
            1.414 -10.234 -11.279,
            0.276 -9.736 -11.712,
            1.414 -9.736 -11.712,
            1.414 -9.685 -11.754,
            1.414 -9.634 -11.795,
            1.414 -9.583 -11.837,
            -0.127 -9.583 -11.837,
            -0.127 -9.691 -11.749,
            -0.127 -9.745 -11.705,
            -0.127 -9.637 -11.793,
            1.011 -10.243 -11.271,
            -0.127 -10.243 -11.271,
            -0.127 -10.340 -11.182,
            -0.127 -10.388 -11.138,
            -0.127 -10.291 -11.227,
            1.427 -8.791 -12.437,
            1.434 -8.868 -12.382,
            1.405 -8.714 -12.491,
            1.368 -8.643 -12.540,
            1.318 -8.577 -12.585,
            1.256 -8.518 -12.625,
            1.183 -8.466 -12.660,
            1.107 -8.427 -12.686,
            1.022 -8.395 -12.707,
            0.928 -8.369 -12.724,
            0.833 -8.352 -12.735,
            0.741 -8.343 -12.742,
            0.641 -8.340 -12.744,
            0.452 -8.352 -12.735,
            0.302 -8.383 -12.715,
            0.169 -8.432 -12.683,
            0.085 -8.477 -12.653,
            0.014 -8.531 -12.617,
            -0.039 -8.585 -12.579,
            -0.084 -8.648 -12.537,
            -0.117 -8.714 -12.490,
            -0.138 -8.783 -12.442,
            -0.144 -8.823 -12.414,
            -0.147 -8.869 -12.381,
            -0.140 -8.945 -12.327,
            -0.120 -9.017 -12.274,
            -0.084 -9.087 -12.222,
            -0.036 -9.150 -12.175,
            0.024 -9.206 -12.132,
            0.096 -9.256 -12.095,
            0.170 -9.294 -12.066,
            0.253 -9.326 -12.041,
            0.347 -9.352 -12.021,
            0.437 -9.369 -12.007,
            0.527 -9.379 -12.000,
            0.623 -9.383 -11.997,
            0.817 -9.372 -12.005,
            0.972 -9.345 -12.026,
            1.094 -9.306 -12.056,
            1.191 -9.258 -12.093,
            1.270 -9.202 -12.135,
            1.332 -9.143 -12.180,
            1.375 -9.085 -12.224,
            1.404 -9.028 -12.266,
            1.423 -8.966 -12.311,
            1.431 -8.920 -12.344,
            1.240 -8.778 -12.446,
            1.252 -8.823 -12.414,
            1.217 -8.729 -12.480,
            1.256 -8.867 -12.382,
            1.185 -8.684 -12.512,
            1.250 -8.926 -12.340,
            1.145 -8.644 -12.539,
            1.091 -8.605 -12.566,
            1.233 -8.978 -12.302,
            1.207 -9.025 -12.268,
            1.019 -8.568 -12.591,
            1.170 -9.070 -12.235,
            0.925 -8.537 -12.613,
            1.122 -9.112 -12.204,
            1.069 -9.147 -12.178,
            0.783 -8.511 -12.630,
            1.013 -9.172 -12.159,
            0.952 -9.191 -12.144,
            0.643 -8.504 -12.635,
            0.883 -9.206 -12.133,
            0.556 -8.506 -12.633,
            0.790 -9.219 -12.123,
            0.479 -8.513 -12.628,
            0.710 -9.224 -12.119,
            0.390 -8.529 -12.618,
            0.325 -8.546 -12.606,
            0.621 -9.226 -12.117,
            0.266 -8.568 -12.592,
            0.482 -9.219 -12.123,
            0.210 -8.596 -12.572,
            0.157 -8.631 -12.548,
            0.361 -9.198 -12.139,
            0.113 -8.671 -12.521,
            0.277 -9.171 -12.160,
            0.077 -8.715 -12.490,
            0.052 -8.762 -12.457,
            0.206 -9.136 -12.186,
            0.036 -8.813 -12.421,
            0.148 -9.096 -12.215,
            0.031 -8.870 -12.381,
            0.105 -9.056 -12.245,
            0.070 -9.010 -12.279,
            0.048 -8.965 -12.312,
            0.035 -8.918 -12.346,
            0.036 -8.818 -12.430,
            0.031 -8.876 -12.389,
            0.052 -8.767 -12.466,
            0.077 -8.721 -12.498,
            0.113 -8.677 -12.529,
            0.157 -8.637 -12.557,
            0.210 -8.601 -12.581,
            0.266 -8.573 -12.600,
            0.325 -8.552 -12.615,
            0.390 -8.534 -12.626,
            0.479 -8.519 -12.637,
            0.556 -8.512 -12.641,
            0.643 -8.510 -12.643,
            0.783 -8.517 -12.638,
            0.925 -8.542 -12.621,
            1.019 -8.574 -12.600,
            1.091 -8.611 -12.574,
            1.145 -8.650 -12.548,
            1.185 -8.689 -12.520,
            1.217 -8.735 -12.489,
            1.240 -8.783 -12.454,
            1.252 -8.829 -12.422,
            1.256 -8.873 -12.390,
            1.250 -8.932 -12.348,
            1.233 -8.984 -12.310,
            1.207 -9.031 -12.276,
            1.170 -9.076 -12.243,
            1.122 -9.118 -12.212,
            1.068 -9.153 -12.185,
            1.013 -9.178 -12.167,
            0.952 -9.197 -12.152,
            0.883 -9.212 -12.140,
            0.790 -9.225 -12.131,
            0.710 -9.230 -12.127,
            0.621 -9.232 -12.125,
            0.482 -9.225 -12.131,
            0.361 -9.204 -12.147,
            0.277 -9.177 -12.168,
            0.206 -9.142 -12.193,
            0.148 -9.103 -12.223,
            0.105 -9.062 -12.253,
            0.070 -9.016 -12.287,
            0.048 -8.971 -12.320,
            0.035 -8.923 -12.355,
            0.505 -8.046 -12.931,
            0.505 -8.190 -12.840,
            0.505 -7.900 -13.021,
            0.505 -7.753 -13.109,
            0.327 -7.753 -13.109,
            0.327 -8.046 -12.931,
            0.327 -8.190 -12.840,
            0.327 -7.900 -13.021,
            0.233 -6.604 -13.724,
            0.366 -6.569 -13.741,
            0.131 -6.646 -13.703,
            0.046 -6.698 -13.678,
            -0.021 -6.754 -13.650,
            -0.070 -6.814 -13.621,
            -0.108 -6.880 -13.587,
            -0.133 -6.950 -13.552,
            -0.143 -7.004 -13.524,
            -0.147 -7.065 -13.492,
            -0.141 -7.150 -13.447,
            -0.123 -7.235 -13.402,
            -0.094 -7.305 -13.364,
            -0.057 -7.362 -13.333,
            -0.010 -7.414 -13.304,
            0.048 -7.460 -13.278,
            0.114 -7.500 -13.255,
            0.181 -7.532 -13.237,
            0.279 -7.566 -13.218,
            0.392 -7.593 -13.202,
            0.520 -7.611 -13.192,
            0.655 -7.617 -13.189,
            0.842 -7.605 -13.195,
            0.992 -7.575 -13.213,
            1.109 -7.533 -13.237,
            1.202 -7.483 -13.265,
            1.271 -7.430 -13.295,
            1.325 -7.374 -13.326,
            1.370 -7.309 -13.361,
            1.403 -7.241 -13.398,
            1.424 -7.169 -13.437,
            1.431 -7.123 -13.462,
            1.434 -7.071 -13.489,
            1.425 -6.981 -13.536,
            1.405 -6.911 -13.572,
            1.375 -6.849 -13.603,
            1.334 -6.793 -13.631,
            1.284 -6.743 -13.656,
            1.226 -6.700 -13.677,
            1.160 -6.663 -13.695,
            1.092 -6.635 -13.709,
            1.043 -6.619 -13.716,
            0.986 -6.604 -13.723,
            0.939 -6.782 -13.637,
            1.018 -6.804 -13.626,
            1.098 -6.837 -13.609,
            1.147 -6.867 -13.594,
            1.190 -6.904 -13.575,
            1.222 -6.947 -13.553,
            1.241 -6.989 -13.532,
            1.252 -7.032 -13.509,
            1.256 -7.079 -13.485,
            1.250 -7.143 -13.451,
            1.236 -7.193 -13.425,
            1.213 -7.240 -13.399,
            1.181 -7.282 -13.376,
            1.138 -7.323 -13.354,
            1.081 -7.360 -13.334,
            1.014 -7.390 -13.317,
            0.953 -7.409 -13.306,
            0.800 -7.437 -13.291,
            0.656 -7.445 -13.286,
            0.452 -7.432 -13.294,
            0.346 -7.411 -13.305,
            0.276 -7.390 -13.317,
            0.204 -7.357 -13.335,
            0.153 -7.324 -13.354,
            0.112 -7.285 -13.375,
            0.077 -7.238 -13.400,
            0.052 -7.190 -13.426,
            0.043 -7.162 -13.441,
            0.036 -7.136 -13.455,
            0.031 -7.081 -13.484,
            0.038 -7.018 -13.517,
            0.054 -6.968 -13.542,
            0.078 -6.924 -13.565,
            0.113 -6.881 -13.587,
            0.158 -6.842 -13.607,
            0.214 -6.808 -13.623,
            0.260 -6.788 -13.634,
            0.308 -6.771 -13.642,
            0.417 -6.746 -13.654,
            1.427 -5.714 -14.118,
            1.434 -5.801 -14.082,
            1.405 -5.627 -14.153,
            1.368 -5.546 -14.184,
            1.318 -5.471 -14.213,
            1.256 -5.405 -14.239,
            1.183 -5.347 -14.261,
            1.107 -5.303 -14.277,
            1.022 -5.266 -14.291,
            0.928 -5.237 -14.301,
            0.833 -5.218 -14.308,
            0.741 -5.208 -14.312,
            0.641 -5.204 -14.313,
            0.452 -5.218 -14.308,
            0.302 -5.253 -14.295,
            0.169 -5.307 -14.275,
            0.085 -5.359 -14.256,
            0.014 -5.419 -14.233,
            -0.039 -5.481 -14.210,
            -0.084 -5.552 -14.182,
            -0.117 -5.627 -14.152,
            -0.138 -5.704 -14.121,
            -0.144 -5.750 -14.103,
            -0.147 -5.802 -14.081,
            -0.140 -5.888 -14.046,
            -0.120 -5.971 -14.011,
            -0.084 -6.051 -13.976,
            -0.036 -6.123 -13.945,
            0.024 -6.188 -13.916,
            0.096 -6.244 -13.891,
            0.170 -6.288 -13.871,
            0.253 -6.325 -13.855,
            0.347 -6.355 -13.841,
            0.437 -6.375 -13.832,
            0.527 -6.386 -13.827,
            0.623 -6.390 -13.825,
            0.817 -6.378 -13.830,
            0.972 -6.347 -13.845,
            1.094 -6.302 -13.865,
            1.191 -6.247 -13.890,
            1.270 -6.183 -13.918,
            1.332 -6.115 -13.948,
            1.375 -6.048 -13.978,
            1.404 -5.983 -14.006,
            1.423 -5.913 -14.035,
            1.431 -5.861 -14.057,
            1.240 -5.698 -14.124,
            1.252 -5.750 -14.103,
            1.217 -5.643 -14.146,
            1.256 -5.801 -14.082,
            1.185 -5.592 -14.166,
            1.250 -5.867 -14.055,
            1.145 -5.547 -14.184,
            1.091 -5.503 -14.201,
            1.233 -5.926 -14.030,
            1.207 -5.980 -14.007,
            1.019 -5.461 -14.217,
            1.170 -6.031 -13.985,
            0.925 -5.426 -14.231,
            1.122 -6.079 -13.964,
            1.069 -6.119 -13.947,
            0.783 -5.397 -14.242,
            1.013 -6.148 -13.934,
            0.952 -6.170 -13.924,
            0.643 -5.389 -14.245,
            0.883 -6.187 -13.916,
            0.556 -5.392 -14.244,
            0.790 -6.202 -13.910,
            0.479 -5.399 -14.241,
            0.710 -6.208 -13.907,
            0.390 -5.417 -14.234,
            0.325 -5.436 -14.227,
            0.621 -6.210 -13.906,
            0.266 -5.461 -14.217,
            0.482 -6.202 -13.910,
            0.210 -5.493 -14.205,
            0.157 -5.532 -14.190,
            0.361 -6.177 -13.921,
            0.113 -5.577 -14.172,
            0.277 -6.146 -13.935,
            0.077 -5.628 -14.152,
            0.052 -5.680 -14.131,
            0.206 -6.107 -13.952,
            0.036 -5.738 -14.108,
            0.148 -6.062 -13.972,
            0.031 -5.803 -14.081,
            0.105 -6.016 -13.992,
            0.070 -5.963 -14.014,
            0.048 -5.911 -14.036,
            0.035 -5.858 -14.059,
            0.036 -5.742 -14.117,
            0.031 -5.807 -14.090,
            0.052 -5.684 -14.140,
            0.077 -5.632 -14.161,
            0.113 -5.581 -14.181,
            0.157 -5.536 -14.199,
            0.210 -5.496 -14.214,
            0.266 -5.464 -14.227,
            0.325 -5.440 -14.236,
            0.390 -5.420 -14.244,
            0.479 -5.403 -14.250,
            0.556 -5.395 -14.253,
            0.643 -5.393 -14.254,
            0.783 -5.401 -14.251,
            0.925 -5.429 -14.240,
            1.019 -5.465 -14.226,
            1.091 -5.507 -14.210,
            1.145 -5.551 -14.193,
            1.185 -5.595 -14.176,
            1.217 -5.647 -14.155,
            1.240 -5.702 -14.133,
            1.252 -5.753 -14.112,
            1.256 -5.804 -14.091,
            1.250 -5.871 -14.064,
            1.233 -5.930 -14.039,
            1.207 -5.984 -14.016,
            1.170 -6.035 -13.994,
            1.122 -6.083 -13.973,
            1.068 -6.123 -13.956,
            1.013 -6.152 -13.943,
            0.952 -6.174 -13.933,
            0.883 -6.192 -13.926,
            0.790 -6.206 -13.919,
            0.710 -6.212 -13.916,
            0.621 -6.214 -13.915,
            0.482 -6.206 -13.919,
            0.361 -6.182 -13.930,
            0.277 -6.150 -13.944,
            0.206 -6.111 -13.961,
            0.148 -6.066 -13.981,
            0.105 -6.020 -14.001,
            0.070 -5.967 -14.023,
            0.048 -5.915 -14.045,
            0.035 -5.861 -14.068,
            1.414 -4.878 -14.428,
            1.414 -4.943 -14.405,
            1.414 -4.812 -14.450,
            1.414 -4.746 -14.472,
            0.276 -4.114 -14.664,
            1.414 -4.114 -14.664,
            1.414 -4.051 -14.681,
            1.414 -3.987 -14.699,
            1.414 -3.924 -14.716,
            -0.127 -3.924 -14.716,
            -0.127 -4.058 -14.679,
            -0.127 -4.125 -14.661,
            -0.127 -3.991 -14.698,
            1.011 -4.756 -14.468,
            -0.127 -4.756 -14.468,
            -0.127 -4.881 -14.427,
            -0.127 -4.943 -14.405,
            -0.127 -4.819 -14.448,
            1.414 -3.788 -14.751,
            1.414 -3.718 -14.769,
            1.414 -3.649 -14.786,
            1.414 -3.579 -14.803,
            0.309 -3.219 -14.886,
            0.061 -3.146 -14.902,
            0.309 -3.074 -14.917,
            1.414 -2.710 -14.987,
            1.414 -2.640 -15.000,
            1.414 -2.569 -15.012,
            1.414 -2.498 -15.024,
            -0.127 -3.021 -14.927,
            -0.127 -3.174 -14.896,
            -0.127 -3.250 -14.879,
            -0.127 -3.098 -14.912,
            1.414 -2.034 -15.094,
            1.414 -2.360 -15.046,
            1.414 -1.707 -15.134,
            1.414 -1.380 -15.167,
            1.236 -1.380 -15.167,
            1.236 -1.904 -15.111,
            1.236 -2.164 -15.075,
            1.236 -1.642 -15.141,
            0.762 -2.164 -15.075,
            0.762 -1.923 -15.108,
            0.762 -1.681 -15.137,
            0.762 -1.439 -15.162,
            0.584 -1.439 -15.162,
            0.584 -1.923 -15.108,
            0.584 -2.164 -15.075,
            0.584 -1.681 -15.137,
            0.051 -2.164 -15.075,
            0.051 -1.890 -15.112,
            0.051 -1.616 -15.144,
            0.051 -1.341 -15.171,
            -0.127 -1.341 -15.171,
            -0.127 -2.021 -15.095,
            -0.127 -2.360 -15.046,
            -0.127 -1.681 -15.137,
            1.414 -1.183 -15.184,
            0.695 -0.743 -15.212,
            1.414 -1.104 -15.190,
            1.414 -1.024 -15.196,
            1.414 -0.944 -15.201,
            1.014 -0.699 -15.214,
            0.945 -0.660 -15.216,
            0.909 -0.643 -15.221,
            0.870 -0.637 -15.217,
            1.027 -0.541 -15.220,
            1.414 -0.306 -15.227,
            1.414 -0.224 -15.228,
            1.414 -0.141 -15.229,
            1.414 -0.059 -15.230,
            0.689 -0.500 -15.222,
            -0.127 -0.000 -15.230,
            -0.127 -0.160 -15.229,
            -0.127 -0.240 -15.228,
            -0.127 -0.080 -15.230,
            0.406 -0.567 -15.219,
            0.493 -0.620 -15.217,
            0.405 -0.673 -15.215,
            -0.127 -0.997 -15.197,
            -0.127 -1.161 -15.186,
            -0.127 -1.242 -15.179,
            -0.127 -1.079 -15.192,
            0.821 2.249 -15.063,
            0.821 2.203 -15.070,
            0.821 2.295 -15.056,
            0.821 2.340 -15.049,
            0.999 2.203 -15.070,
            0.999 2.249 -15.063,
            0.999 2.295 -15.056,
            0.999 2.340 -15.049,
            1.114 2.340 -15.049,
            1.195 2.343 -15.049,
            1.237 2.349 -15.048,
            1.275 2.359 -15.046,
            1.315 2.378 -15.043,
            1.349 2.402 -15.039,
            1.385 2.442 -15.033,
            1.408 2.481 -15.026,
            1.423 2.527 -15.019,
            1.430 2.567 -15.012,
            1.434 2.622 -15.003,
            1.428 2.700 -14.989,
            1.414 2.776 -14.975,
            1.246 2.751 -14.979,
            1.253 2.703 -14.988,
            1.256 2.654 -14.997,
            1.250 2.598 -15.007,
            1.236 2.564 -15.013,
            1.200 2.533 -15.018,
            1.149 2.519 -15.020,
            1.094 2.516 -15.021,
            0.999 2.516 -15.021,
            0.999 2.574 -15.011,
            0.999 2.632 -15.001,
            0.999 2.691 -14.990,
            0.821 2.691 -14.990,
            0.821 2.574 -15.011,
            0.821 2.516 -15.021,
            0.821 2.632 -15.001,
            -0.127 2.516 -15.021,
            -0.127 2.399 -15.040,
            -0.127 2.340 -15.049,
            -0.127 2.457 -15.030,
            0.762 3.310 -14.866,
            0.960 3.310 -14.866,
            0.960 3.605 -14.797,
            0.960 3.898 -14.723,
            0.960 4.190 -14.642,
            0.762 4.190 -14.642,
            0.762 3.605 -14.797,
            0.762 3.898 -14.723,
            0.308 3.310 -14.866,
            0.505 3.310 -14.866,
            0.505 3.605 -14.797,
            0.505 3.898 -14.723,
            0.505 4.190 -14.642,
            0.308 4.190 -14.642,
            0.308 3.605 -14.797,
            0.308 3.898 -14.723,
            0.989 5.683 -14.130,
            0.898 5.676 -14.133,
            0.808 5.655 -14.141,
            0.728 5.624 -14.154,
            0.646 5.578 -14.172,
            0.495 5.463 -14.216,
            0.356 5.335 -14.265,
            1.414 5.295 -14.280,
            1.406 5.380 -14.248,
            1.388 5.446 -14.223,
            1.362 5.497 -14.203,
            1.329 5.543 -14.185,
            1.284 5.585 -14.169,
            1.227 5.625 -14.153,
            1.163 5.654 -14.141,
            1.094 5.673 -14.134,
            1.045 5.680 -14.131,
            0.979 4.887 -14.425,
            1.092 4.904 -14.419,
            1.182 4.932 -14.409,
            1.243 4.964 -14.398,
            1.292 5.001 -14.386,
            1.335 5.046 -14.370,
            1.366 5.092 -14.354,
            1.390 5.144 -14.335,
            1.400 5.179 -14.322,
            1.408 5.218 -14.308,
            0.960 5.055 -14.367,
            1.230 5.234 -14.302,
            1.236 5.292 -14.281,
            1.221 5.203 -14.314,
            1.197 5.159 -14.330,
            1.168 5.126 -14.342,
            1.140 5.103 -14.350,
            1.091 5.078 -14.359,
            1.060 5.068 -14.362,
            1.030 5.061 -14.364,
            1.048 5.512 -14.197,
            0.988 5.518 -14.195,
            1.083 5.503 -14.201,
            1.126 5.483 -14.209,
            1.159 5.461 -14.217,
            1.183 5.437 -14.226,
            1.213 5.394 -14.243,
            1.230 5.347 -14.260,
            0.670 5.376 -14.250,
            0.451 5.175 -14.324,
            0.786 5.458 -14.218,
            0.851 5.490 -14.206,
            0.911 5.509 -14.199,
            0.948 5.515 -14.196,
            0.121 4.925 -14.412,
            0.010 4.885 -14.425,
            0.226 4.981 -14.392,
            0.319 5.050 -14.368,
            0.388 5.112 -14.346,
            -0.058 4.872 -14.430,
            -0.127 4.869 -14.431,
            -0.127 5.148 -14.333,
            -0.127 5.426 -14.231,
            -0.127 5.702 -14.122,
            0.071 5.702 -14.122,
            0.071 5.086 -14.356,
            0.071 5.292 -14.281,
            0.071 5.497 -14.203,
            0.222 5.202 -14.314,
            0.145 5.134 -14.338,
            0.235 6.062 -13.972,
            0.308 6.048 -13.978,
            0.177 6.081 -13.963,
            0.126 6.107 -13.952,
            0.098 6.130 -13.942,
            0.076 6.152 -13.932,
            0.050 6.193 -13.914,
            0.035 6.240 -13.893,
            0.031 6.289 -13.871,
            0.036 6.342 -13.847,
            0.045 6.375 -13.832,
            0.059 6.404 -13.818,
            0.074 6.429 -13.807,
            0.113 6.469 -13.788,
            0.162 6.502 -13.772,
            0.213 6.524 -13.762,
            0.275 6.541 -13.754,
            0.328 6.548 -13.751,
            0.390 6.551 -13.749,
            0.474 6.545 -13.752,
            0.540 6.531 -13.758,
            0.592 6.511 -13.768,
            0.632 6.487 -13.779,
            0.661 6.462 -13.791,
            0.681 6.437 -13.803,
            0.706 6.392 -13.824,
            0.718 6.343 -13.846,
            0.723 6.290 -13.870,
            0.716 6.229 -13.898,
            0.705 6.191 -13.915,
            0.675 6.143 -13.936,
            0.635 6.101 -13.955,
            0.584 6.066 -13.970,
            0.604 5.902 -14.040,
            1.394 6.030 -13.986,
            1.394 6.234 -13.895,
            1.394 6.438 -13.802,
            1.394 6.640 -13.706,
            1.197 6.640 -13.706,
            1.197 6.323 -13.855,
            1.197 6.164 -13.927,
            1.197 6.482 -13.782,
            0.798 6.100 -13.955,
            0.847 6.163 -13.927,
            0.877 6.218 -13.903,
            0.887 6.246 -13.890,
            0.894 6.274 -13.878,
            0.900 6.332 -13.851,
            0.892 6.407 -13.817,
            0.874 6.463 -13.791,
            0.848 6.509 -13.769,
            0.811 6.556 -13.747,
            0.760 6.602 -13.725,
            0.700 6.642 -13.705,
            0.629 6.674 -13.690,
            0.551 6.696 -13.679,
            0.475 6.708 -13.673,
            0.401 6.711 -13.672,
            0.274 6.701 -13.677,
            0.173 6.677 -13.689,
            0.108 6.651 -13.701,
            0.040 6.614 -13.719,
            -0.014 6.574 -13.738,
            -0.062 6.526 -13.761,
            -0.100 6.473 -13.786,
            -0.124 6.421 -13.810,
            -0.142 6.354 -13.841,
            -0.147 6.288 -13.871,
            -0.139 6.203 -13.909,
            -0.122 6.144 -13.936,
            -0.096 6.092 -13.958,
            -0.059 6.041 -13.981,
            -0.009 5.992 -14.002,
            0.043 5.956 -14.017,
            0.101 5.927 -14.029,
            0.163 5.906 -14.038,
            0.221 5.893 -14.044,
            0.288 5.884 -14.047,
            0.071 6.993 -13.530,
            0.071 6.940 -13.557,
            0.071 7.046 -13.502,
            0.071 7.098 -13.475,
            -0.127 7.098 -13.475,
            -0.127 6.993 -13.530,
            -0.127 6.940 -13.557,
            -0.127 7.046 -13.502,
            0.248 7.451 -13.283,
            0.248 7.272 -13.382,
            0.248 7.628 -13.182,
            0.248 7.804 -13.079,
            0.446 7.272 -13.382,
            1.394 7.838 -13.058,
            1.394 7.877 -13.035,
            1.394 7.917 -13.011,
            1.394 7.956 -12.987,
            0.446 7.956 -12.987,
            0.446 8.006 -12.956,
            0.446 8.057 -12.924,
            0.446 8.107 -12.893,
            0.248 8.107 -12.893,
            0.248 8.006 -12.956,
            0.248 7.956 -12.987,
            0.248 8.057 -12.924,
            -0.127 7.956 -12.987,
            -0.127 7.855 -13.048,
            -0.127 7.804 -13.079,
            -0.127 7.905 -13.018,
            1.011 7.804 -13.079,
            0.446 7.804 -13.079,
            0.446 7.468 -13.274,
            0.446 7.692 -13.145,
            0.446 7.580 -13.210,
            1.011 7.809 -13.087,
            0.446 7.809 -13.087,
            0.446 7.473 -13.282,
            0.446 7.585 -13.218,
            0.446 7.697 -13.153,
            0.999 8.323 -12.755,
            0.999 8.273 -12.787,
            0.999 8.373 -12.722,
            0.999 8.422 -12.689,
            0.823 8.422 -12.689,
            0.886 8.455 -12.668,
            0.936 8.492 -12.642,
            0.972 8.530 -12.617,
            0.998 8.572 -12.589,
            1.014 8.617 -12.558,
            1.019 8.664 -12.526,
            1.013 8.718 -12.488,
            0.997 8.762 -12.457,
            0.970 8.801 -12.429,
            0.931 8.836 -12.405,
            0.885 8.862 -12.386,
            0.850 8.875 -12.377,
            0.810 8.887 -12.369,
            0.889 8.930 -12.337,
            0.941 8.970 -12.308,
            0.960 8.990 -12.294,
            0.977 9.011 -12.278,
            1.001 9.051 -12.249,
            1.014 9.093 -12.218,
            1.019 9.136 -12.185,
            1.012 9.196 -12.140,
            0.995 9.243 -12.105,
            0.980 9.268 -12.085,
            0.946 9.305 -12.057,
            0.905 9.333 -12.036,
            0.854 9.355 -12.018,
            0.791 9.370 -12.006,
            0.716 9.380 -11.999,
            0.642 9.383 -11.997,
            -0.127 9.383 -11.997,
            -0.127 9.289 -12.069,
            -0.127 9.242 -12.105,
            -0.127 9.336 -12.033,
            0.569 9.242 -12.105,
            0.698 9.235 -12.110,
            0.736 9.228 -12.116,
            0.764 9.217 -12.124,
            0.806 9.188 -12.146,
            0.833 9.148 -12.177,
            0.841 9.103 -12.210,
            0.836 9.061 -12.241,
            0.827 9.036 -12.260,
            0.814 9.014 -12.276,
            0.779 8.976 -12.304,
            0.743 8.952 -12.321,
            0.709 8.936 -12.333,
            0.650 8.920 -12.344,
            0.584 8.912 -12.351,
            0.515 8.909 -12.352,
            -0.127 8.909 -12.352,
            -0.127 8.813 -12.421,
            -0.127 8.764 -12.456,
            -0.127 8.861 -12.387,
            0.591 8.764 -12.456,
            0.686 8.759 -12.460,
            0.746 8.745 -12.469,
            0.774 8.733 -12.477,
            0.813 8.705 -12.497,
            0.834 8.668 -12.523,
            0.841 8.622 -12.554,
            0.834 8.575 -12.586,
            0.820 8.545 -12.607,
            0.803 8.519 -12.624,
            0.782 8.498 -12.639,
            0.738 8.468 -12.659,
            0.710 8.455 -12.667,
            0.680 8.445 -12.674,
            0.627 8.434 -12.682,
            0.563 8.426 -12.687,
            0.447 8.422 -12.689,
            -0.127 8.422 -12.689,
            -0.127 8.323 -12.755,
            -0.127 8.273 -12.787,
            -0.127 8.373 -12.722,
            0.999 9.614 -11.812,
            0.999 9.568 -11.849,
            0.999 9.706 -11.737,
            0.999 9.660 -11.774,
            0.823 9.706 -11.737,
            0.886 9.736 -11.712,
            0.936 9.771 -11.683,
            0.972 9.806 -11.653,
            0.998 9.844 -11.621,
            1.014 9.886 -11.585,
            1.019 9.929 -11.549,
            1.013 9.979 -11.505,
            0.997 10.019 -11.470,
            0.970 10.056 -11.438,
            0.931 10.087 -11.411,
            0.885 10.111 -11.389,
            0.850 10.124 -11.378,
            0.810 10.134 -11.369,
            0.889 10.174 -11.333,
            0.941 10.211 -11.300,
            0.960 10.229 -11.284,
            0.977 10.248 -11.266,
            1.001 10.285 -11.233,
            1.014 10.323 -11.197,
            1.019 10.363 -11.160,
            1.012 10.418 -11.109,
            0.995 10.460 -11.069,
            0.980 10.484 -11.047,
            0.946 10.517 -11.015,
            0.905 10.543 -10.991,
            0.854 10.563 -10.972,
            0.791 10.577 -10.958,
            0.716 10.586 -10.949,
            0.642 10.588 -10.947,
            -0.127 10.588 -10.947,
            -0.127 10.503 -11.029,
            -0.127 10.460 -11.070,
            -0.127 10.546 -10.988,
            0.569 10.460 -11.070,
            0.698 10.454 -11.076,
            0.736 10.447 -11.082,
            0.764 10.437 -11.091,
            0.806 10.410 -11.116,
            0.833 10.373 -11.151,
            0.841 10.332 -11.189,
            0.836 10.294 -11.224,
            0.827 10.271 -11.245,
            0.814 10.251 -11.264,
            0.779 10.216 -11.295,
            0.743 10.194 -11.315,
            0.709 10.180 -11.328,
            0.650 10.165 -11.341,
            0.584 10.157 -11.349,
            0.515 10.155 -11.351,
            -0.127 10.155 -11.351,
            -0.127 10.066 -11.429,
            -0.127 10.022 -11.468,
            -0.127 10.110 -11.390,
            0.591 10.022 -11.468,
            0.686 10.016 -11.473,
            0.746 10.003 -11.484,
            0.774 9.993 -11.493,
            0.813 9.966 -11.516,
            0.834 9.933 -11.545,
            0.841 9.891 -11.581,
            0.834 9.847 -11.618,
            0.820 9.819 -11.642,
            0.803 9.796 -11.662,
            0.782 9.776 -11.678,
            0.738 9.748 -11.702,
            0.710 9.736 -11.711,
            0.680 9.727 -11.719,
            0.627 9.717 -11.728,
            0.563 9.709 -11.734,
            0.447 9.706 -11.737,
            -0.127 9.706 -11.737,
            -0.127 9.614 -11.812,
            -0.127 9.568 -11.849,
            -0.127 9.660 -11.774,
            1.268 11.383 -10.118,
            1.268 11.374 -10.129,
            1.268 11.364 -10.139,
            1.268 11.355 -10.150,
            1.127 11.432 -10.062,
            0.985 11.502 -9.983,
            0.837 11.592 -9.878,
            0.756 11.592 -9.878,
            0.836 11.503 -9.981,
            0.896 11.450 -10.043,
            0.962 11.403 -10.096,
            -0.574 11.403 -10.096,
            -0.574 11.382 -10.120,
            -0.574 11.361 -10.143,
            -0.574 11.340 -10.167,
            0.962 11.340 -10.167,
            0.849 11.248 -10.268,
            0.759 11.145 -10.380,
            0.838 11.145 -10.380,
            1.038 11.265 -10.250,
            1.158 11.319 -10.190,
            0.966 12.518 -8.675,
            0.940 12.496 -8.706,
            0.983 12.538 -8.645,
            0.995 12.561 -8.612,
            0.999 12.586 -8.576,
            0.993 12.616 -8.532,
            0.982 12.636 -8.503,
            0.954 12.665 -8.459,
            0.918 12.689 -8.422,
            0.885 12.705 -8.398,
            0.854 12.715 -8.383,
            0.797 12.727 -8.365,
            0.729 12.734 -8.354,
            0.661 12.736 -8.351,
            0.578 12.734 -8.355,
            0.501 12.726 -8.367,
            0.446 12.713 -8.386,
            0.409 12.699 -8.407,
            0.380 12.685 -8.429,
            0.345 12.659 -8.468,
            0.329 12.641 -8.494,
            0.317 12.624 -8.520,
            0.308 12.586 -8.576,
            0.312 12.561 -8.613,
            0.323 12.539 -8.645,
            0.340 12.518 -8.675,
            0.366 12.496 -8.706,
            0.401 12.474 -8.737,
            0.451 12.449 -8.773,
            0.544 12.408 -8.832,
            0.450 12.366 -8.891,
            0.403 12.336 -8.932,
            0.372 12.307 -8.972,
            0.354 12.278 -9.011,
            0.347 12.248 -9.052,
            0.353 12.220 -9.090,
            0.363 12.202 -9.114,
            0.394 12.174 -9.152,
            0.436 12.149 -9.184,
            0.484 12.131 -9.208,
            0.539 12.118 -9.225,
            0.593 12.111 -9.234,
            0.653 12.109 -9.237,
            0.726 12.112 -9.233,
            0.785 12.122 -9.221,
            0.838 12.137 -9.201,
            0.886 12.157 -9.173,
            0.925 12.183 -9.140,
            0.951 12.214 -9.098,
            0.960 12.248 -9.052,
            0.955 12.274 -9.017,
            0.941 12.300 -8.982,
            0.913 12.329 -8.942,
            0.870 12.358 -8.901,
            0.822 12.383 -8.866,
            0.764 12.408 -8.832,
            0.856 12.449 -8.773,
            0.904 12.474 -8.738,
            0.861 12.580 -8.585,
            0.849 12.614 -8.535,
            0.813 12.642 -8.493,
            0.854 12.556 -8.620,
            0.834 12.533 -8.653,
            0.761 12.660 -8.466,
            0.821 12.251 -9.047,
            0.808 12.282 -9.005,
            0.717 12.668 -8.455,
            0.809 12.222 -9.087,
            0.748 12.488 -8.718,
            0.799 12.512 -8.684,
            0.778 12.308 -8.971,
            0.751 12.323 -8.950,
            0.789 12.207 -9.107,
            0.761 12.194 -9.124,
            0.652 12.671 -8.450,
            0.726 12.186 -9.136,
            0.589 12.668 -8.455,
            0.651 12.365 -8.891,
            0.652 12.449 -8.774,
            0.655 12.180 -9.143,
            0.533 12.658 -8.470,
            0.582 12.338 -8.930,
            0.602 12.183 -9.139,
            0.558 12.485 -8.722,
            0.486 12.638 -8.499,
            0.512 12.507 -8.690,
            0.548 12.320 -8.954,
            0.570 12.189 -9.132,
            0.465 12.622 -8.523,
            0.522 12.303 -8.977,
            0.451 12.603 -8.551,
            0.446 12.582 -8.582,
            0.528 12.203 -9.112,
            0.453 12.554 -8.622,
            0.477 12.530 -8.658,
            0.501 12.285 -9.002,
            0.485 12.252 -9.046,
            0.497 12.225 -9.083,
            0.477 12.538 -8.664,
            0.453 12.563 -8.628,
            0.446 12.590 -8.588,
            0.451 12.611 -8.556,
            0.465 12.630 -8.528,
            0.486 12.646 -8.504,
            0.533 12.666 -8.475,
            0.589 12.676 -8.460,
            0.652 12.679 -8.456,
            0.711 12.677 -8.459,
            0.751 12.671 -8.468,
            0.781 12.663 -8.479,
            0.823 12.644 -8.508,
            0.852 12.618 -8.546,
            0.861 12.588 -8.591,
            0.854 12.564 -8.626,
            0.834 12.541 -8.659,
            0.798 12.520 -8.689,
            0.748 12.496 -8.724,
            0.652 12.457 -8.780,
            0.558 12.493 -8.728,
            0.512 12.516 -8.696,
            0.809 12.230 -9.093,
            0.821 12.259 -9.053,
            0.788 12.215 -9.114,
            0.760 12.202 -9.130,
            0.726 12.194 -9.142,
            0.655 12.188 -9.149,
            0.603 12.191 -9.145,
            0.570 12.197 -9.138,
            0.528 12.211 -9.119,
            0.497 12.233 -9.089,
            0.485 12.260 -9.052,
            0.501 12.293 -9.007,
            0.522 12.312 -8.982,
            0.548 12.328 -8.960,
            0.582 12.346 -8.935,
            0.651 12.374 -8.897,
            0.751 12.331 -8.956,
            0.778 12.316 -8.977,
            0.808 12.290 -9.012,
            -2.655 1.107 -12.652,
            -4.445 0.000 -12.700,
            -4.445 2.205 -12.507,
            -2.655 0.000 -12.700,
            -2.655 2.205 -12.507,
            -2.655 4.344 -11.934,
            -4.445 4.344 -11.934,
            -2.655 6.350 -10.999,
            -4.445 6.350 -10.999,
            -2.655 8.163 -9.729,
            -4.445 8.163 -9.729,
            -4.445 9.729 -8.163,
            -2.655 9.729 -8.163,
            -2.655 10.999 -6.350,
            -4.445 10.999 -6.350,
            -4.445 11.934 -4.344,
            -2.655 11.934 -4.344,
            -2.655 12.507 -2.205,
            -4.445 12.507 -2.205,
            -4.445 12.700 -0.000,
            -2.655 12.700 0.000,
            -4.445 12.507 2.205,
            -2.655 12.507 2.205,
            -2.655 11.934 4.344,
            -4.445 11.934 4.344,
            -4.445 10.999 6.350,
            -2.655 10.999 6.350,
            -4.445 9.729 8.163,
            -2.655 9.729 8.163,
            -2.655 8.163 9.729,
            -4.445 8.163 9.729,
            -2.655 6.350 10.999,
            -4.445 6.350 10.999,
            -2.655 4.344 11.934,
            -4.445 4.344 11.934,
            -2.655 2.205 12.507,
            -4.445 2.205 12.507,
            -2.655 1.107 12.652,
            -4.445 0.000 12.700,
            -2.655 0.000 12.700,
            -2.655 -12.507 2.205,
            -2.655 -12.700 0.000,
            -0.598 -12.007 0.000,
            -0.598 12.007 0.000,
            -1.260 -11.931 2.874,
            -2.655 -11.934 4.344,
            1.464 -10.502 2.874,
            1.317 -10.984 0.000,
            3.035 -9.659 0.000,
            -0.294 -10.464 5.607,
            -2.655 -10.999 6.350,
            3.766 -8.462 2.874,
            4.511 -8.067 0.000,
            -2.134 -9.627 8.067,
            -2.655 -8.163 9.729,
            -2.655 -9.729 8.163,
            2.051 -8.845 5.607,
            5.514 -5.930 2.874,
            5.704 -6.253 0.000,
            6.579 -4.267 0.000,
            0.064 -8.474 8.067,
            3.940 -6.713 5.607,
            6.605 -3.054 2.874,
            7.115 -2.163 0.000,
            -1.941 -7.325 10.132,
            -2.655 -6.350 10.999,
            1.922 -6.828 8.067,
            5.264 -4.190 5.607,
            6.975 -0.000 2.874,
            7.295 0.000 0.000,
            7.115 2.163 0.000,
            -0.300 -6.192 10.132,
            -2.655 -4.344 11.934,
            3.332 -4.785 8.067,
            5.946 -1.424 5.607,
            6.605 3.054 2.874,
            6.579 4.267 0.000,
            1.023 -4.699 10.132,
            4.212 -2.464 8.067,
            5.946 1.424 5.607,
            5.514 5.930 2.874,
            5.704 6.253 0.000,
            4.511 8.067 0.000,
            -1.411 -3.875 11.702,
            -2.655 -2.205 12.507,
            1.950 -2.933 10.132,
            4.511 -0.000 8.067,
            5.264 4.190 5.607,
            3.766 8.462 2.874,
            3.035 9.659 0.000,
            -0.611 -2.716 11.702,
            -2.655 -1.107 12.652,
            2.427 -0.997 10.132,
            4.212 2.464 8.067,
            3.940 6.713 5.607,
            1.464 10.502 2.874,
            1.317 10.984 0.000,
            -0.111 -1.399 11.702,
            2.427 0.997 10.132,
            3.332 4.785 8.067,
            2.051 8.845 5.607,
            -1.260 11.931 2.874,
            0.059 -0.000 11.702,
            1.950 2.933 10.132,
            1.922 6.828 8.067,
            -0.294 10.464 5.607,
            -0.111 1.399 11.702,
            1.023 4.699 10.132,
            0.064 8.474 8.067,
            -0.611 2.716 11.702,
            -0.300 6.192 10.132,
            -2.134 9.627 8.067,
            -1.411 3.875 11.702,
            -1.941 7.325 10.132,
            -2.655 -12.507 -2.205,
            -1.941 -7.325 -10.132,
            -2.655 -8.163 -9.729,
            -2.655 -6.350 -10.999,
            -1.411 -3.875 -11.702,
            -2.655 -4.344 -11.934,
            -2.655 -2.205 -12.507,
            -2.134 -9.627 -8.067,
            -2.655 -10.999 -6.350,
            -2.655 -9.729 -8.163,
            -0.300 -6.192 -10.132,
            -0.611 -2.716 -11.702,
            -2.655 -1.107 -12.652,
            0.064 -8.474 -8.067,
            1.023 -4.699 -10.132,
            -0.111 -1.399 -11.702,
            -0.294 -10.464 -5.607,
            -2.655 -11.934 -4.344,
            1.922 -6.828 -8.067,
            1.950 -2.933 -10.132,
            0.059 -0.000 -11.702,
            -1.260 -11.931 -2.874,
            2.051 -8.845 -5.607,
            3.332 -4.785 -8.067,
            2.427 -0.997 -10.132,
            -0.111 1.399 -11.702,
            1.464 -10.502 -2.874,
            3.940 -6.713 -5.607,
            4.212 -2.464 -8.067,
            2.427 0.997 -10.132,
            -0.611 2.716 -11.702,
            3.766 -8.462 -2.874,
            5.264 -4.190 -5.607,
            4.511 -0.000 -8.067,
            1.950 2.933 -10.132,
            -1.411 3.875 -11.702,
            5.514 -5.930 -2.874,
            5.946 -1.424 -5.607,
            4.212 2.464 -8.067,
            1.023 4.699 -10.132,
            6.605 -3.054 -2.874,
            5.946 1.424 -5.607,
            3.332 4.785 -8.067,
            -0.300 6.192 -10.132,
            6.975 -0.000 -2.874,
            5.264 4.190 -5.607,
            1.922 6.828 -8.067,
            -1.941 7.325 -10.132,
            6.605 3.054 -2.874,
            3.940 6.713 -5.607,
            0.064 8.474 -8.067,
            5.514 5.930 -2.874,
            2.051 8.845 -5.607,
            -2.134 9.627 -8.067,
            3.766 8.462 -2.874,
            -0.294 10.464 -5.607,
            1.464 10.502 -2.874,
            -1.260 11.931 -2.874,
            -4.445 -2.205 12.507,
            -4.445 -4.344 11.934,
            -4.445 -6.350 10.999,
            -4.445 -8.163 9.729,
            -4.445 -9.729 8.163,
            -4.445 -10.999 6.350,
            -4.445 -11.934 4.344,
            -4.445 -12.507 2.205,
            -4.445 -12.700 0.000,
            -4.445 -12.507 -2.205,
            -4.445 -11.934 -4.344,
            -4.445 -10.999 -6.350,
            -4.445 -9.729 -8.163,
            -4.445 -8.163 -9.729,
            -4.445 -6.350 -10.999,
            -4.445 -4.344 -11.934,
            -4.445 -2.205 -12.507
          ]
        }
        coordIndex [
          0, 1, 2, -1,
          0, 3, 1, -1,
          3, 4, 1, -1,
          3, 5, 4, -1,
          5, 6, 4, -1,
          5, 7, 6, -1,
          7, 8, 6, -1,
          7, 9, 8, -1,
          9, 10, 8, -1,
          9, 11, 10, -1,
          11, 12, 10, -1,
          11, 13, 12, -1,
          13, 14, 12, -1,
          13, 15, 14, -1,
          15, 16, 14, -1,
          15, 17, 16, -1,
          17, 18, 16, -1,
          17, 19, 18, -1,
          19, 20, 18, -1,
          19, 21, 20, -1,
          21, 22, 20, -1,
          21, 23, 22, -1,
          23, 24, 22, -1,
          23, 25, 24, -1,
          25, 26, 24, -1,
          25, 27, 26, -1,
          27, 28, 26, -1,
          27, 29, 28, -1,
          29, 30, 28, -1,
          29, 31, 30, -1,
          31, 32, 30, -1,
          31, 33, 32, -1,
          33, 34, 32, -1,
          32, 34, 35, -1,
          34, 36, 35, -1,
          34, 37, 36, -1,
          38, 39, 40, -1,
          38, 41, 39, -1,
          41, 42, 39, -1,
          41, 43, 42, -1,
          43, 44, 42, -1,
          43, 45, 44, -1,
          45, 46, 44, -1,
          45, 47, 46, -1,
          47, 48, 46, -1,
          47, 49, 48, -1,
          49, 50, 48, -1,
          49, 51, 50, -1,
          51, 52, 50, -1,
          51, 53, 52, -1,
          53, 54, 52, -1,
          53, 55, 54, -1,
          55, 56, 54, -1,
          56, 57, 58, -1,
          55, 57, 56, -1,
          59, 60, 61, -1,
          59, 62, 60, -1,
          63, 61, 64, -1,
          63, 59, 61, -1,
          65, 64, 66, -1,
          65, 63, 64, -1,
          67, 66, 68, -1,
          67, 65, 66, -1,
          69, 68, 70, -1,
          69, 67, 68, -1,
          71, 70, 72, -1,
          71, 69, 70, -1,
          73, 72, 74, -1,
          73, 71, 72, -1,
          75, 74, 76, -1,
          75, 73, 74, -1,
          77, 76, 78, -1,
          77, 75, 76, -1,
          79, 80, 81, -1,
          79, 82, 80, -1,
          83, 81, 84, -1,
          83, 79, 81, -1,
          85, 84, 86, -1,
          85, 83, 84, -1,
          87, 86, 88, -1,
          87, 85, 86, -1,
          89, 88, 90, -1,
          89, 87, 88, -1,
          91, 90, 92, -1,
          91, 89, 90, -1,
          93, 92, 94, -1,
          93, 91, 92, -1,
          95, 94, 96, -1,
          95, 93, 94, -1,
          97, 96, 98, -1,
          97, 95, 96, -1,
          99, 98, 100, -1,
          99, 97, 98, -1,
          101, 100, 102, -1,
          101, 99, 100, -1,
          103, 102, 104, -1,
          103, 101, 102, -1,
          105, 104, 106, -1,
          105, 103, 104, -1,
          107, 106, 108, -1,
          107, 105, 106, -1,
          109, 108, 110, -1,
          109, 107, 108, -1,
          111, 109, 110, -1,
          111, 110, 112, -1,
          113, 112, 114, -1,
          113, 111, 112, -1,
          115, 114, 116, -1,
          115, 113, 114, -1,
          117, 118, 36, -1,
          36, 118, 35, -1,
          35, 119, 32, -1,
          118, 119, 35, -1,
          32, 120, 30, -1,
          119, 120, 32, -1,
          30, 121, 28, -1,
          120, 121, 30, -1,
          28, 122, 26, -1,
          121, 122, 28, -1,
          26, 123, 24, -1,
          122, 123, 26, -1,
          24, 124, 22, -1,
          123, 124, 24, -1,
          22, 125, 20, -1,
          124, 125, 22, -1,
          20, 126, 18, -1,
          125, 126, 20, -1,
          126, 127, 18, -1,
          127, 128, 18, -1,
          18, 129, 16, -1,
          128, 129, 18, -1,
          125, 130, 126, -1,
          131, 132, 129, -1,
          16, 132, 14, -1,
          129, 132, 16, -1,
          132, 133, 14, -1,
          14, 133, 12, -1,
          133, 134, 12, -1,
          12, 134, 10, -1,
          134, 135, 10, -1,
          10, 135, 8, -1,
          135, 136, 8, -1,
          8, 136, 6, -1,
          136, 137, 6, -1,
          6, 137, 4, -1,
          137, 138, 4, -1,
          4, 138, 1, -1,
          1, 139, 2, -1,
          138, 139, 1, -1,
          139, 40, 2, -1,
          140, 82, 79, -1,
          140, 141, 82, -1,
          142, 79, 83, -1,
          142, 140, 79, -1,
          143, 83, 85, -1,
          143, 142, 83, -1,
          144, 85, 87, -1,
          144, 143, 85, -1,
          145, 87, 89, -1,
          145, 144, 87, -1,
          146, 89, 91, -1,
          146, 145, 89, -1,
          147, 91, 93, -1,
          147, 146, 91, -1,
          148, 93, 95, -1,
          148, 147, 93, -1,
          149, 95, 97, -1,
          149, 148, 95, -1,
          150, 149, 97, -1,
          151, 150, 97, -1,
          152, 148, 149, -1,
          153, 97, 99, -1,
          153, 151, 97, -1,
          154, 99, 101, -1,
          154, 155, 153, -1,
          154, 153, 99, -1,
          156, 154, 101, -1,
          156, 101, 103, -1,
          157, 156, 103, -1,
          157, 103, 105, -1,
          158, 157, 105, -1,
          158, 105, 107, -1,
          159, 107, 109, -1,
          159, 158, 107, -1,
          160, 159, 109, -1,
          160, 109, 111, -1,
          161, 111, 113, -1,
          161, 160, 111, -1,
          162, 113, 115, -1,
          162, 161, 113, -1,
          77, 162, 115, -1,
          75, 77, 115, -1,
          75, 115, 163, -1,
          73, 163, 164, -1,
          73, 75, 163, -1,
          71, 164, 165, -1,
          71, 73, 164, -1,
          69, 165, 166, -1,
          69, 71, 165, -1,
          67, 166, 167, -1,
          67, 69, 166, -1,
          65, 167, 168, -1,
          65, 67, 167, -1,
          63, 168, 169, -1,
          63, 65, 168, -1,
          59, 169, 170, -1,
          59, 63, 169, -1,
          171, 170, 172, -1,
          171, 59, 170, -1,
          173, 171, 172, -1,
          174, 173, 172, -1,
          62, 59, 171, -1,
          175, 172, 176, -1,
          175, 174, 172, -1,
          177, 176, 178, -1,
          177, 179, 175, -1,
          177, 175, 176, -1,
          180, 177, 178, -1,
          180, 178, 181, -1,
          182, 180, 181, -1,
          182, 181, 183, -1,
          184, 182, 183, -1,
          184, 183, 185, -1,
          186, 184, 185, -1,
          186, 185, 187, -1,
          188, 186, 187, -1,
          188, 187, 189, -1,
          190, 189, 191, -1,
          190, 188, 189, -1,
          192, 191, 82, -1,
          192, 190, 191, -1,
          141, 192, 82, -1,
          40, 39, 2, -1,
          2, 39, 193, -1,
          193, 42, 194, -1,
          39, 42, 193, -1,
          194, 44, 195, -1,
          42, 44, 194, -1,
          195, 46, 196, -1,
          44, 46, 195, -1,
          196, 48, 197, -1,
          46, 48, 196, -1,
          197, 50, 198, -1,
          48, 50, 197, -1,
          198, 52, 199, -1,
          50, 52, 198, -1,
          199, 54, 200, -1,
          52, 54, 199, -1,
          200, 201, 202, -1,
          54, 201, 200, -1,
          201, 203, 202, -1,
          203, 204, 202, -1,
          202, 205, 206, -1,
          204, 205, 202, -1,
          54, 56, 201, -1,
          207, 208, 205, -1,
          206, 208, 209, -1,
          205, 208, 206, -1,
          209, 210, 211, -1,
          208, 210, 209, -1,
          210, 212, 211, -1,
          211, 212, 213, -1,
          212, 214, 213, -1,
          213, 214, 215, -1,
          214, 216, 215, -1,
          215, 216, 217, -1,
          216, 218, 217, -1,
          217, 218, 219, -1,
          218, 220, 219, -1,
          219, 220, 221, -1,
          220, 222, 221, -1,
          221, 222, 36, -1,
          222, 117, 36, -1,
          223, 61, 60, -1,
          223, 224, 61, -1,
          224, 64, 61, -1,
          224, 225, 64, -1,
          225, 66, 64, -1,
          225, 226, 66, -1,
          226, 68, 66, -1,
          226, 227, 68, -1,
          228, 70, 227, -1,
          227, 70, 68, -1,
          229, 72, 228, -1,
          228, 72, 70, -1,
          230, 74, 229, -1,
          229, 74, 72, -1,
          231, 76, 230, -1,
          230, 76, 74, -1,
          232, 78, 231, -1,
          231, 78, 76, -1,
          232, 233, 78, -1,
          233, 234, 78, -1,
          233, 235, 234, -1,
          236, 237, 238, -1,
          238, 237, 239, -1,
          240, 241, 235, -1,
          235, 241, 234, -1,
          239, 242, 243, -1,
          237, 242, 239, -1,
          244, 245, 240, -1,
          240, 245, 241, -1,
          242, 246, 243, -1,
          243, 246, 247, -1,
          244, 248, 245, -1,
          249, 248, 244, -1,
          246, 250, 247, -1,
          249, 250, 248, -1,
          247, 250, 249, -1,
          251, 252, 253, -1,
          254, 255, 251, -1,
          251, 255, 252, -1,
          253, 256, 257, -1,
          252, 256, 253, -1,
          258, 259, 254, -1,
          254, 259, 255, -1,
          257, 260, 261, -1,
          256, 260, 257, -1,
          258, 262, 259, -1,
          258, 263, 262, -1,
          261, 264, 265, -1,
          260, 264, 261, -1,
          263, 266, 262, -1,
          263, 267, 266, -1,
          265, 268, 269, -1,
          264, 268, 265, -1,
          267, 38, 266, -1,
          270, 41, 267, -1,
          267, 41, 38, -1,
          271, 43, 270, -1,
          270, 43, 41, -1,
          272, 45, 271, -1,
          271, 45, 43, -1,
          273, 47, 272, -1,
          272, 47, 45, -1,
          273, 49, 47, -1,
          273, 274, 49, -1,
          274, 51, 49, -1,
          274, 275, 51, -1,
          275, 53, 51, -1,
          275, 276, 53, -1,
          276, 55, 53, -1,
          276, 277, 55, -1,
          277, 57, 55, -1,
          277, 278, 57, -1,
          11, 279, 280, -1,
          9, 281, 279, -1,
          9, 279, 11, -1,
          7, 282, 281, -1,
          7, 281, 9, -1,
          13, 280, 283, -1,
          13, 11, 280, -1,
          5, 284, 282, -1,
          5, 282, 7, -1,
          15, 13, 283, -1,
          285, 15, 283, -1,
          3, 286, 284, -1,
          3, 284, 5, -1,
          17, 15, 285, -1,
          287, 17, 285, -1,
          0, 80, 286, -1,
          0, 286, 3, -1,
          19, 17, 287, -1,
          288, 19, 287, -1,
          289, 80, 0, -1,
          289, 81, 80, -1,
          21, 19, 288, -1,
          290, 21, 288, -1,
          291, 84, 81, -1,
          291, 81, 289, -1,
          23, 21, 290, -1,
          292, 23, 290, -1,
          293, 84, 291, -1,
          293, 86, 84, -1,
          25, 23, 292, -1,
          294, 25, 292, -1,
          295, 86, 293, -1,
          295, 88, 86, -1,
          27, 25, 294, -1,
          296, 88, 295, -1,
          297, 29, 27, -1,
          297, 27, 294, -1,
          90, 88, 296, -1,
          298, 90, 296, -1,
          299, 29, 297, -1,
          299, 31, 29, -1,
          92, 90, 298, -1,
          300, 92, 298, -1,
          301, 33, 31, -1,
          301, 31, 299, -1,
          94, 92, 300, -1,
          302, 34, 33, -1,
          302, 33, 301, -1,
          96, 300, 303, -1,
          96, 94, 300, -1,
          304, 96, 303, -1,
          98, 96, 304, -1,
          116, 37, 34, -1,
          116, 34, 302, -1,
          305, 37, 116, -1,
          100, 304, 306, -1,
          100, 98, 304, -1,
          114, 305, 116, -1,
          307, 100, 306, -1,
          112, 308, 305, -1,
          112, 305, 114, -1,
          102, 100, 307, -1,
          102, 307, 309, -1,
          104, 309, 310, -1,
          104, 102, 309, -1,
          110, 311, 308, -1,
          110, 308, 112, -1,
          108, 311, 110, -1,
          108, 312, 311, -1,
          106, 104, 310, -1,
          106, 312, 108, -1,
          106, 310, 312, -1,
          175, 179, 269, -1,
          313, 269, 268, -1,
          313, 268, 314, -1,
          313, 175, 269, -1,
          315, 313, 314, -1,
          62, 171, 60, -1,
          60, 316, 223, -1,
          223, 316, 317, -1,
          171, 316, 60, -1,
          316, 318, 317, -1,
          175, 319, 174, -1,
          313, 319, 175, -1,
          174, 320, 173, -1,
          173, 320, 171, -1,
          319, 320, 174, -1,
          320, 316, 171, -1,
          153, 155, 236, -1,
          321, 236, 238, -1,
          321, 238, 322, -1,
          321, 153, 236, -1,
          323, 321, 322, -1,
          324, 325, 58, -1,
          324, 58, 57, -1,
          278, 324, 57, -1,
          149, 278, 152, -1,
          149, 324, 278, -1,
          324, 149, 326, -1,
          149, 150, 326, -1,
          326, 151, 327, -1,
          150, 151, 326, -1,
          327, 153, 321, -1,
          151, 153, 327, -1,
          163, 115, 116, -1,
          163, 116, 302, -1,
          164, 302, 301, -1,
          164, 163, 302, -1,
          165, 301, 299, -1,
          165, 164, 301, -1,
          166, 299, 297, -1,
          166, 165, 299, -1,
          167, 297, 294, -1,
          167, 166, 297, -1,
          168, 294, 292, -1,
          168, 167, 294, -1,
          169, 292, 290, -1,
          169, 168, 292, -1,
          170, 290, 288, -1,
          170, 169, 290, -1,
          172, 288, 287, -1,
          172, 170, 288, -1,
          176, 287, 285, -1,
          176, 172, 287, -1,
          178, 285, 283, -1,
          178, 176, 285, -1,
          181, 283, 280, -1,
          181, 178, 283, -1,
          183, 280, 279, -1,
          183, 181, 280, -1,
          185, 279, 281, -1,
          185, 183, 279, -1,
          187, 281, 282, -1,
          187, 185, 281, -1,
          189, 187, 282, -1,
          189, 282, 284, -1,
          191, 284, 286, -1,
          191, 189, 284, -1,
          82, 286, 80, -1,
          82, 191, 286, -1,
          148, 152, 278, -1,
          148, 278, 277, -1,
          147, 277, 276, -1,
          147, 148, 277, -1,
          146, 276, 275, -1,
          146, 147, 276, -1,
          145, 275, 274, -1,
          145, 146, 275, -1,
          144, 274, 273, -1,
          144, 145, 274, -1,
          143, 273, 272, -1,
          143, 144, 273, -1,
          142, 272, 271, -1,
          142, 143, 272, -1,
          140, 271, 270, -1,
          140, 142, 271, -1,
          141, 270, 267, -1,
          141, 140, 270, -1,
          263, 141, 267, -1,
          192, 141, 263, -1,
          258, 192, 263, -1,
          190, 192, 258, -1,
          254, 190, 258, -1,
          188, 190, 254, -1,
          251, 188, 254, -1,
          186, 188, 251, -1,
          253, 186, 251, -1,
          184, 186, 253, -1,
          257, 184, 253, -1,
          182, 184, 257, -1,
          261, 182, 257, -1,
          180, 182, 261, -1,
          265, 180, 261, -1,
          177, 180, 265, -1,
          269, 177, 265, -1,
          179, 177, 269, -1,
          234, 77, 78, -1,
          162, 77, 234, -1,
          241, 162, 234, -1,
          161, 162, 241, -1,
          245, 161, 241, -1,
          160, 161, 245, -1,
          248, 160, 245, -1,
          159, 160, 248, -1,
          250, 159, 248, -1,
          158, 159, 250, -1,
          246, 158, 250, -1,
          157, 158, 246, -1,
          242, 157, 246, -1,
          156, 157, 242, -1,
          237, 156, 242, -1,
          154, 156, 237, -1,
          236, 154, 237, -1,
          155, 154, 236, -1,
          317, 318, 130, -1,
          318, 126, 130, -1,
          322, 238, 207, -1,
          207, 239, 208, -1,
          238, 239, 207, -1,
          208, 243, 210, -1,
          239, 243, 208, -1,
          210, 247, 212, -1,
          243, 247, 210, -1,
          212, 249, 214, -1,
          247, 249, 212, -1,
          214, 244, 216, -1,
          249, 244, 214, -1,
          216, 240, 218, -1,
          244, 240, 216, -1,
          218, 235, 220, -1,
          240, 235, 218, -1,
          220, 233, 222, -1,
          235, 233, 220, -1,
          222, 232, 117, -1,
          233, 232, 222, -1,
          232, 118, 117, -1,
          232, 231, 118, -1,
          231, 119, 118, -1,
          231, 230, 119, -1,
          230, 120, 119, -1,
          230, 229, 120, -1,
          229, 121, 120, -1,
          229, 228, 121, -1,
          228, 122, 121, -1,
          228, 227, 122, -1,
          227, 123, 122, -1,
          227, 226, 123, -1,
          226, 124, 123, -1,
          226, 225, 124, -1,
          225, 125, 124, -1,
          225, 224, 125, -1,
          224, 130, 125, -1,
          224, 223, 130, -1,
          130, 223, 317, -1,
          126, 318, 127, -1,
          316, 320, 318, -1,
          318, 320, 127, -1,
          127, 319, 128, -1,
          320, 319, 127, -1,
          128, 315, 129, -1,
          319, 315, 128, -1,
          319, 313, 315, -1,
          205, 323, 207, -1,
          207, 323, 322, -1,
          129, 315, 131, -1,
          131, 315, 314, -1,
          201, 325, 203, -1,
          324, 326, 325, -1,
          203, 326, 204, -1,
          325, 326, 203, -1,
          326, 327, 204, -1,
          204, 323, 205, -1,
          327, 323, 204, -1,
          327, 321, 323, -1,
          314, 268, 131, -1,
          131, 264, 132, -1,
          268, 264, 131, -1,
          132, 260, 133, -1,
          264, 260, 132, -1,
          133, 256, 134, -1,
          260, 256, 133, -1,
          134, 252, 135, -1,
          256, 252, 134, -1,
          135, 255, 136, -1,
          252, 255, 135, -1,
          136, 259, 137, -1,
          255, 259, 136, -1,
          137, 262, 138, -1,
          259, 262, 137, -1,
          138, 266, 139, -1,
          262, 266, 138, -1,
          139, 38, 40, -1,
          266, 38, 139, -1,
          58, 325, 56, -1,
          325, 201, 56, -1,
          37, 221, 36, -1,
          37, 305, 221, -1,
          305, 219, 221, -1,
          305, 308, 219, -1,
          308, 217, 219, -1,
          308, 311, 217, -1,
          311, 215, 217, -1,
          311, 312, 215, -1,
          312, 213, 215, -1,
          312, 310, 213, -1,
          310, 211, 213, -1,
          310, 309, 211, -1,
          309, 209, 211, -1,
          309, 307, 209, -1,
          307, 206, 209, -1,
          307, 306, 206, -1,
          206, 304, 202, -1,
          306, 304, 206, -1,
          304, 200, 202, -1,
          304, 303, 200, -1,
          303, 199, 200, -1,
          303, 300, 199, -1,
          300, 198, 199, -1,
          300, 298, 198, -1,
          298, 197, 198, -1,
          298, 296, 197, -1,
          197, 295, 196, -1,
          296, 295, 197, -1,
          295, 195, 196, -1,
          295, 293, 195, -1,
          293, 194, 195, -1,
          293, 291, 194, -1,
          291, 193, 194, -1,
          291, 289, 193, -1,
          289, 0, 193, -1,
          193, 0, 2, -1,
          328, 329, 330, -1,
          328, 330, 331, -1,
          328, 331, 332, -1,
          328, 332, 333, -1,
          328, 333, 334, -1,
          334, 333, 335, -1,
          335, 333, 336, -1,
          336, 333, 337, -1,
          337, 333, 338, -1,
          338, 333, 339, -1,
          339, 333, 340, -1,
          341, 342, 343, -1,
          344, 341, 343, -1,
          345, 344, 343, -1,
          346, 345, 343, -1,
          347, 348, 349, -1,
          347, 350, 348, -1,
          350, 351, 348, -1,
          350, 352, 351, -1,
          352, 353, 351, -1,
          352, 354, 353, -1,
          354, 355, 353, -1,
          354, 356, 355, -1,
          356, 357, 355, -1,
          356, 358, 357, -1,
          358, 359, 357, -1,
          358, 360, 359, -1,
          360, 361, 359, -1,
          360, 362, 361, -1,
          362, 363, 361, -1,
          362, 364, 363, -1,
          364, 365, 363, -1,
          364, 366, 365, -1,
          366, 367, 365, -1,
          366, 368, 367, -1,
          368, 369, 367, -1,
          368, 370, 369, -1,
          370, 371, 369, -1,
          370, 372, 371, -1,
          371, 373, 374, -1,
          372, 373, 371, -1,
          373, 375, 374, -1,
          373, 376, 375, -1,
          376, 377, 375, -1,
          376, 378, 377, -1,
          378, 379, 377, -1,
          377, 379, 380, -1,
          379, 381, 380, -1,
          380, 381, 382, -1,
          381, 383, 382, -1,
          382, 383, 384, -1,
          385, 386, 387, -1,
          385, 388, 386, -1,
          389, 387, 390, -1,
          389, 385, 387, -1,
          391, 390, 392, -1,
          391, 389, 390, -1,
          393, 392, 394, -1,
          393, 391, 392, -1,
          395, 394, 396, -1,
          395, 393, 394, -1,
          397, 395, 396, -1,
          398, 395, 397, -1,
          399, 397, 400, -1,
          399, 398, 397, -1,
          401, 400, 402, -1,
          401, 399, 400, -1,
          403, 401, 402, -1,
          404, 401, 403, -1,
          405, 403, 406, -1,
          405, 404, 403, -1,
          407, 405, 406, -1,
          408, 405, 407, -1,
          409, 407, 410, -1,
          409, 408, 407, -1,
          411, 410, 412, -1,
          411, 409, 410, -1,
          413, 412, 414, -1,
          413, 411, 412, -1,
          415, 414, 416, -1,
          415, 413, 414, -1,
          417, 415, 416, -1,
          417, 416, 418, -1,
          419, 417, 418, -1,
          419, 418, 420, -1,
          421, 419, 420, -1,
          421, 420, 422, -1,
          423, 422, 420, -1,
          423, 424, 422, -1,
          425, 420, 418, -1,
          425, 423, 420, -1,
          426, 418, 416, -1,
          426, 425, 418, -1,
          427, 416, 414, -1,
          427, 426, 416, -1,
          428, 414, 412, -1,
          428, 427, 414, -1,
          429, 412, 410, -1,
          429, 428, 412, -1,
          430, 410, 407, -1,
          430, 429, 410, -1,
          431, 407, 406, -1,
          431, 430, 407, -1,
          432, 406, 403, -1,
          432, 431, 406, -1,
          433, 403, 402, -1,
          433, 432, 403, -1,
          434, 402, 400, -1,
          434, 433, 402, -1,
          435, 400, 397, -1,
          435, 434, 400, -1,
          436, 397, 396, -1,
          436, 435, 397, -1,
          437, 396, 394, -1,
          437, 436, 396, -1,
          438, 394, 392, -1,
          438, 437, 394, -1,
          439, 438, 392, -1,
          439, 392, 390, -1,
          440, 390, 387, -1,
          440, 439, 390, -1,
          441, 387, 386, -1,
          441, 440, 387, -1,
          442, 443, 444, -1,
          442, 445, 443, -1,
          446, 444, 447, -1,
          446, 442, 444, -1,
          448, 447, 449, -1,
          448, 446, 447, -1,
          450, 449, 451, -1,
          450, 448, 449, -1,
          452, 451, 453, -1,
          452, 450, 451, -1,
          454, 453, 455, -1,
          454, 452, 453, -1,
          456, 455, 457, -1,
          456, 454, 455, -1,
          458, 457, 459, -1,
          458, 456, 457, -1,
          460, 459, 461, -1,
          460, 458, 459, -1,
          462, 461, 463, -1,
          462, 460, 461, -1,
          464, 463, 465, -1,
          464, 462, 463, -1,
          466, 465, 467, -1,
          466, 464, 465, -1,
          468, 467, 469, -1,
          468, 466, 467, -1,
          470, 469, 471, -1,
          470, 468, 469, -1,
          472, 471, 473, -1,
          472, 470, 471, -1,
          474, 472, 473, -1,
          474, 473, 475, -1,
          476, 475, 477, -1,
          476, 474, 475, -1,
          478, 477, 479, -1,
          478, 476, 477, -1,
          480, 481, 482, -1,
          480, 483, 481, -1,
          484, 482, 485, -1,
          484, 480, 482, -1,
          486, 485, 487, -1,
          486, 484, 485, -1,
          488, 487, 489, -1,
          488, 486, 487, -1,
          490, 489, 491, -1,
          490, 488, 489, -1,
          492, 491, 493, -1,
          492, 490, 491, -1,
          494, 493, 495, -1,
          494, 492, 493, -1,
          496, 495, 497, -1,
          496, 494, 495, -1,
          498, 497, 499, -1,
          498, 496, 497, -1,
          500, 499, 501, -1,
          500, 498, 499, -1,
          502, 501, 503, -1,
          502, 500, 501, -1,
          504, 503, 505, -1,
          504, 502, 503, -1,
          506, 505, 507, -1,
          506, 504, 505, -1,
          508, 507, 509, -1,
          508, 506, 507, -1,
          510, 509, 511, -1,
          510, 508, 509, -1,
          512, 510, 511, -1,
          512, 511, 513, -1,
          514, 513, 515, -1,
          514, 512, 513, -1,
          516, 515, 517, -1,
          516, 514, 515, -1,
          518, 519, 520, -1,
          518, 521, 519, -1,
          522, 520, 523, -1,
          522, 518, 520, -1,
          524, 523, 525, -1,
          524, 522, 523, -1,
          526, 525, 527, -1,
          526, 524, 525, -1,
          528, 527, 529, -1,
          528, 526, 527, -1,
          530, 529, 531, -1,
          530, 528, 529, -1,
          532, 531, 533, -1,
          532, 530, 531, -1,
          534, 533, 535, -1,
          534, 532, 533, -1,
          536, 535, 537, -1,
          536, 534, 535, -1,
          538, 537, 539, -1,
          538, 536, 537, -1,
          540, 539, 541, -1,
          540, 538, 539, -1,
          542, 541, 543, -1,
          542, 540, 541, -1,
          544, 543, 545, -1,
          544, 542, 543, -1,
          546, 545, 547, -1,
          546, 544, 545, -1,
          548, 547, 549, -1,
          548, 546, 547, -1,
          550, 548, 549, -1,
          550, 549, 551, -1,
          552, 551, 553, -1,
          552, 550, 551, -1,
          554, 553, 555, -1,
          554, 552, 553, -1,
          556, 557, 558, -1,
          556, 559, 557, -1,
          559, 560, 557, -1,
          559, 561, 560, -1,
          561, 562, 560, -1,
          561, 563, 562, -1,
          563, 564, 562, -1,
          563, 565, 564, -1,
          565, 566, 564, -1,
          565, 567, 566, -1,
          567, 568, 566, -1,
          567, 569, 568, -1,
          569, 570, 568, -1,
          569, 571, 570, -1,
          571, 572, 570, -1,
          571, 573, 572, -1,
          573, 574, 572, -1,
          573, 575, 574, -1,
          575, 576, 574, -1,
          575, 577, 576, -1,
          576, 578, 579, -1,
          577, 578, 576, -1,
          578, 580, 579, -1,
          578, 581, 580, -1,
          581, 582, 580, -1,
          581, 583, 582, -1,
          583, 584, 582, -1,
          583, 585, 584, -1,
          585, 586, 584, -1,
          585, 587, 586, -1,
          587, 588, 586, -1,
          586, 588, 589, -1,
          588, 590, 589, -1,
          589, 590, 591, -1,
          590, 592, 591, -1,
          591, 592, 593, -1,
          349, 348, 594, -1,
          594, 348, 595, -1,
          595, 348, 596, -1,
          596, 351, 597, -1,
          348, 351, 596, -1,
          597, 353, 598, -1,
          351, 353, 597, -1,
          598, 355, 599, -1,
          353, 355, 598, -1,
          355, 357, 599, -1,
          599, 359, 600, -1,
          600, 359, 601, -1,
          357, 359, 599, -1,
          601, 361, 602, -1,
          359, 361, 601, -1,
          602, 363, 603, -1,
          361, 363, 602, -1,
          603, 365, 604, -1,
          363, 365, 603, -1,
          604, 367, 605, -1,
          365, 367, 604, -1,
          367, 369, 605, -1,
          605, 371, 606, -1,
          606, 371, 607, -1,
          369, 371, 605, -1,
          371, 374, 607, -1,
          607, 375, 608, -1,
          608, 375, 609, -1,
          374, 375, 607, -1,
          375, 377, 609, -1,
          609, 377, 610, -1,
          377, 380, 610, -1,
          610, 380, 611, -1,
          611, 382, 612, -1,
          380, 382, 611, -1,
          382, 384, 612, -1,
          613, 614, 483, -1,
          615, 613, 483, -1,
          616, 615, 483, -1,
          617, 616, 483, -1,
          618, 617, 483, -1,
          619, 483, 480, -1,
          619, 618, 483, -1,
          620, 619, 480, -1,
          621, 620, 480, -1,
          622, 623, 624, -1,
          622, 624, 625, -1,
          622, 625, 626, -1,
          622, 626, 627, -1,
          622, 627, 628, -1,
          622, 628, 629, -1,
          622, 629, 630, -1,
          622, 630, 631, -1,
          622, 631, 632, -1,
          622, 632, 633, -1,
          622, 633, 634, -1,
          635, 621, 636, -1,
          637, 636, 621, -1,
          638, 621, 635, -1,
          639, 621, 638, -1,
          640, 637, 621, -1,
          641, 621, 639, -1,
          642, 621, 480, -1,
          642, 640, 621, -1,
          643, 641, 644, -1,
          643, 621, 641, -1,
          554, 623, 622, -1,
          554, 645, 646, -1,
          554, 646, 647, -1,
          554, 647, 623, -1,
          648, 642, 480, -1,
          649, 643, 644, -1,
          650, 643, 649, -1,
          651, 648, 480, -1,
          652, 643, 650, -1,
          653, 651, 480, -1,
          654, 643, 652, -1,
          655, 643, 654, -1,
          656, 653, 480, -1,
          657, 643, 655, -1,
          658, 480, 484, -1,
          658, 656, 480, -1,
          659, 658, 484, -1,
          660, 659, 484, -1,
          661, 660, 484, -1,
          662, 661, 484, -1,
          663, 662, 484, -1,
          663, 664, 665, -1,
          663, 665, 666, -1,
          663, 666, 667, -1,
          663, 667, 668, -1,
          663, 668, 662, -1,
          669, 664, 663, -1,
          552, 643, 657, -1,
          552, 554, 622, -1,
          552, 657, 670, -1,
          552, 670, 671, -1,
          552, 671, 672, -1,
          552, 672, 673, -1,
          552, 673, 674, -1,
          552, 674, 675, -1,
          552, 622, 676, -1,
          552, 676, 677, -1,
          552, 677, 643, -1,
          678, 663, 484, -1,
          679, 678, 484, -1,
          680, 484, 486, -1,
          680, 679, 484, -1,
          681, 669, 663, -1,
          681, 682, 683, -1,
          681, 683, 684, -1,
          681, 684, 685, -1,
          681, 685, 686, -1,
          681, 686, 687, -1,
          681, 687, 688, -1,
          681, 688, 689, -1,
          681, 689, 669, -1,
          690, 691, 680, -1,
          692, 680, 486, -1,
          693, 690, 680, -1,
          693, 680, 692, -1,
          694, 695, 696, -1,
          697, 692, 486, -1,
          698, 693, 692, -1,
          699, 697, 486, -1,
          700, 699, 486, -1,
          701, 696, 702, -1,
          701, 702, 703, -1,
          701, 694, 696, -1,
          704, 700, 486, -1,
          550, 552, 675, -1,
          550, 681, 705, -1,
          550, 705, 706, -1,
          550, 706, 694, -1,
          550, 675, 707, -1,
          550, 707, 708, -1,
          550, 708, 709, -1,
          550, 682, 681, -1,
          550, 709, 682, -1,
          710, 700, 704, -1,
          711, 710, 712, -1,
          711, 700, 710, -1,
          713, 486, 488, -1,
          713, 704, 486, -1,
          714, 713, 488, -1,
          715, 712, 716, -1,
          715, 716, 717, -1,
          715, 711, 712, -1,
          718, 714, 488, -1,
          719, 720, 721, -1,
          719, 721, 722, -1,
          719, 722, 723, -1,
          490, 723, 718, -1,
          490, 718, 488, -1,
          548, 694, 701, -1,
          548, 701, 724, -1,
          548, 724, 725, -1,
          548, 725, 711, -1,
          548, 711, 715, -1,
          548, 550, 694, -1,
          546, 715, 726, -1,
          546, 726, 727, -1,
          546, 727, 719, -1,
          546, 719, 723, -1,
          546, 548, 715, -1,
          544, 490, 492, -1,
          544, 546, 723, -1,
          544, 723, 490, -1,
          542, 492, 494, -1,
          542, 544, 492, -1,
          540, 542, 494, -1,
          538, 494, 496, -1,
          538, 540, 494, -1,
          536, 496, 498, -1,
          536, 538, 496, -1,
          534, 498, 500, -1,
          534, 536, 498, -1,
          532, 500, 502, -1,
          532, 534, 500, -1,
          728, 504, 729, -1,
          730, 729, 504, -1,
          731, 502, 504, -1,
          731, 532, 502, -1,
          731, 504, 728, -1,
          732, 730, 504, -1,
          733, 532, 731, -1,
          734, 732, 504, -1,
          735, 532, 733, -1,
          736, 734, 504, -1,
          737, 736, 504, -1,
          738, 737, 504, -1,
          739, 738, 504, -1,
          739, 504, 506, -1,
          740, 739, 506, -1,
          741, 742, 743, -1,
          744, 741, 743, -1,
          744, 743, 745, -1,
          746, 745, 747, -1,
          746, 744, 745, -1,
          748, 747, 749, -1,
          748, 749, 740, -1,
          748, 746, 747, -1,
          750, 740, 506, -1,
          750, 748, 740, -1,
          751, 750, 506, -1,
          752, 753, 754, -1,
          752, 754, 755, -1,
          756, 751, 506, -1,
          757, 753, 752, -1,
          757, 758, 753, -1,
          759, 756, 506, -1,
          760, 758, 757, -1,
          760, 761, 758, -1,
          762, 761, 760, -1,
          762, 763, 761, -1,
          530, 532, 735, -1,
          530, 735, 764, -1,
          530, 764, 765, -1,
          530, 765, 766, -1,
          530, 766, 767, -1,
          530, 767, 768, -1,
          530, 768, 769, -1,
          530, 769, 770, -1,
          530, 770, 771, -1,
          772, 773, 774, -1,
          772, 775, 776, -1,
          772, 776, 777, -1,
          772, 777, 773, -1,
          778, 775, 772, -1,
          778, 779, 780, -1,
          778, 780, 775, -1,
          781, 774, 759, -1,
          781, 782, 783, -1,
          781, 783, 772, -1,
          781, 759, 506, -1,
          781, 772, 774, -1,
          784, 781, 506, -1,
          785, 784, 506, -1,
          786, 785, 506, -1,
          787, 788, 786, -1,
          789, 787, 786, -1,
          790, 778, 791, -1,
          790, 791, 792, -1,
          790, 779, 778, -1,
          790, 793, 794, -1,
          790, 794, 795, -1,
          790, 795, 779, -1,
          796, 797, 798, -1,
          799, 800, 789, -1,
          801, 789, 800, -1,
          802, 789, 786, -1,
          802, 799, 789, -1,
          803, 798, 789, -1,
          803, 789, 801, -1,
          804, 786, 506, -1,
          804, 802, 786, -1,
          805, 798, 803, -1,
          806, 506, 508, -1,
          806, 804, 506, -1,
          807, 806, 508, -1,
          808, 807, 508, -1,
          809, 808, 508, -1,
          810, 811, 812, -1,
          813, 810, 812, -1,
          813, 812, 814, -1,
          815, 809, 508, -1,
          816, 813, 814, -1,
          817, 815, 508, -1,
          818, 813, 816, -1,
          819, 796, 798, -1,
          819, 798, 805, -1,
          820, 813, 818, -1,
          821, 822, 823, -1,
          824, 823, 822, -1,
          825, 823, 826, -1,
          825, 821, 823, -1,
          827, 825, 826, -1,
          827, 826, 828, -1,
          827, 828, 829, -1,
          830, 831, 832, -1,
          833, 827, 829, -1,
          833, 829, 817, -1,
          833, 817, 508, -1,
          834, 820, 835, -1,
          834, 835, 836, -1,
          834, 836, 837, -1,
          834, 837, 831, -1,
          834, 831, 830, -1,
          834, 838, 813, -1,
          834, 813, 820, -1,
          839, 833, 508, -1,
          528, 530, 771, -1,
          528, 793, 790, -1,
          528, 790, 840, -1,
          528, 840, 841, -1,
          528, 841, 796, -1,
          528, 796, 819, -1,
          528, 771, 763, -1,
          528, 763, 762, -1,
          528, 762, 842, -1,
          528, 842, 843, -1,
          528, 843, 844, -1,
          528, 844, 793, -1,
          845, 839, 508, -1,
          846, 847, 848, -1,
          849, 846, 848, -1,
          849, 848, 850, -1,
          851, 845, 508, -1,
          852, 849, 850, -1,
          853, 849, 852, -1,
          854, 838, 834, -1,
          855, 849, 853, -1,
          856, 851, 508, -1,
          856, 857, 858, -1,
          856, 858, 859, -1,
          856, 859, 851, -1,
          860, 857, 856, -1,
          861, 856, 508, -1,
          862, 860, 856, -1,
          863, 861, 508, -1,
          864, 865, 866, -1,
          867, 868, 869, -1,
          867, 869, 865, -1,
          867, 865, 864, -1,
          870, 863, 508, -1,
          871, 872, 849, -1,
          871, 855, 873, -1,
          871, 873, 874, -1,
          871, 874, 868, -1,
          871, 849, 855, -1,
          871, 868, 867, -1,
          875, 872, 871, -1,
          876, 877, 870, -1,
          878, 870, 877, -1,
          879, 876, 870, -1,
          880, 870, 878, -1,
          881, 879, 870, -1,
          882, 870, 880, -1,
          883, 881, 870, -1,
          884, 870, 508, -1,
          884, 883, 870, -1,
          885, 884, 508, -1,
          886, 885, 508, -1,
          887, 888, 889, -1,
          890, 889, 891, -1,
          890, 887, 889, -1,
          892, 886, 508, -1,
          893, 890, 891, -1,
          894, 892, 508, -1,
          895, 890, 893, -1,
          896, 897, 882, -1,
          898, 890, 895, -1,
          899, 900, 901, -1,
          902, 901, 900, -1,
          903, 899, 901, -1,
          903, 901, 904, -1,
          905, 903, 904, -1,
          905, 904, 906, -1,
          905, 906, 907, -1,
          908, 909, 910, -1,
          911, 905, 907, -1,
          911, 907, 894, -1,
          912, 913, 890, -1,
          912, 898, 914, -1,
          912, 914, 915, -1,
          912, 915, 916, -1,
          912, 916, 909, -1,
          912, 890, 898, -1,
          912, 909, 908, -1,
          917, 894, 508, -1,
          917, 911, 894, -1,
          918, 508, 510, -1,
          918, 917, 508, -1,
          919, 920, 921, -1,
          922, 921, 923, -1,
          922, 919, 921, -1,
          924, 918, 510, -1,
          925, 922, 923, -1,
          926, 922, 925, -1,
          927, 913, 912, -1,
          928, 922, 926, -1,
          929, 930, 931, -1,
          929, 931, 932, -1,
          929, 932, 924, -1,
          933, 930, 929, -1,
          934, 933, 929, -1,
          935, 936, 937, -1,
          938, 939, 940, -1,
          938, 940, 936, -1,
          938, 936, 935, -1,
          941, 939, 938, -1,
          941, 942, 922, -1,
          941, 928, 943, -1,
          941, 943, 944, -1,
          941, 944, 939, -1,
          941, 922, 928, -1,
          945, 929, 924, -1,
          945, 924, 510, -1,
          945, 946, 929, -1,
          945, 947, 946, -1,
          945, 948, 947, -1,
          949, 945, 510, -1,
          950, 942, 941, -1,
          951, 949, 510, -1,
          952, 951, 510, -1,
          953, 948, 945, -1,
          954, 953, 945, -1,
          955, 954, 945, -1,
          526, 872, 875, -1,
          526, 854, 956, -1,
          526, 956, 957, -1,
          526, 957, 872, -1,
          526, 896, 958, -1,
          526, 958, 959, -1,
          526, 959, 913, -1,
          526, 913, 927, -1,
          526, 528, 819, -1,
          526, 875, 960, -1,
          526, 960, 961, -1,
          526, 927, 962, -1,
          526, 961, 897, -1,
          526, 962, 963, -1,
          526, 963, 942, -1,
          526, 897, 896, -1,
          526, 838, 854, -1,
          526, 819, 964, -1,
          526, 964, 965, -1,
          526, 965, 838, -1,
          966, 955, 945, -1,
          967, 968, 969, -1,
          967, 969, 970, -1,
          967, 970, 971, -1,
          967, 972, 968, -1,
          973, 974, 975, -1,
          976, 974, 973, -1,
          977, 978, 952, -1,
          977, 952, 510, -1,
          979, 980, 978, -1,
          981, 978, 977, -1,
          982, 979, 978, -1,
          983, 974, 976, -1,
          983, 980, 979, -1,
          983, 976, 980, -1,
          984, 982, 978, -1,
          985, 977, 510, -1,
          985, 510, 512, -1,
          986, 987, 981, -1,
          988, 978, 981, -1,
          988, 984, 978, -1,
          988, 981, 987, -1,
          988, 989, 984, -1,
          990, 989, 988, -1,
          991, 986, 981, -1,
          992, 989, 990, -1,
          993, 981, 994, -1,
          993, 991, 981, -1,
          995, 993, 994, -1,
          996, 989, 992, -1,
          997, 995, 994, -1,
          998, 999, 989, -1,
          998, 989, 996, -1,
          1000, 985, 512, -1,
          1001, 994, 1002, -1,
          1001, 997, 994, -1,
          1003, 999, 998, -1,
          1004, 1005, 1006, -1,
          1007, 1004, 1006, -1,
          1007, 1006, 1008, -1,
          1009, 1001, 1002, -1,
          1010, 999, 1003, -1,
          1011, 1002, 1012, -1,
          1011, 1009, 1002, -1,
          1013, 1007, 1008, -1,
          1013, 1014, 1007, -1,
          1013, 1008, 1015, -1,
          1016, 999, 1010, -1,
          1017, 1015, 1018, -1,
          1017, 1013, 1015, -1,
          1019, 1011, 1012, -1,
          1020, 1017, 1018, -1,
          1020, 1018, 1021, -1,
          1022, 999, 1016, -1,
          1023, 1019, 1012, -1,
          1024, 1020, 1021, -1,
          1024, 1021, 1025, -1,
          1026, 999, 1022, -1,
          1027, 1024, 1025, -1,
          1028, 1023, 1012, -1,
          1029, 1027, 1025, -1,
          1029, 1025, 1030, -1,
          1031, 1029, 1030, -1,
          1031, 1030, 1032, -1,
          1033, 1031, 1032, -1,
          1034, 1033, 1032, -1,
          1034, 1032, 1035, -1,
          1036, 1035, 1037, -1,
          1036, 1034, 1035, -1,
          1038, 1037, 1039, -1,
          1038, 1036, 1037, -1,
          1040, 1038, 1039, -1,
          1041, 1042, 1043, -1,
          1044, 1039, 1042, -1,
          1044, 1040, 1039, -1,
          1045, 1042, 1041, -1,
          1046, 1044, 1042, -1,
          1046, 1042, 1045, -1,
          1047, 1041, 1043, -1,
          1048, 1049, 1000, -1,
          1048, 1000, 512, -1,
          1050, 1049, 1051, -1,
          1052, 1051, 1049, -1,
          1053, 1047, 1049, -1,
          1053, 1049, 1050, -1,
          1054, 1049, 1048, -1,
          1054, 1052, 1049, -1,
          1055, 1047, 1053, -1,
          1056, 1054, 1048, -1,
          1057, 1047, 1055, -1,
          1058, 1056, 1048, -1,
          1058, 1048, 1059, -1,
          1060, 1041, 1047, -1,
          1061, 1058, 1059, -1,
          1062, 1047, 1057, -1,
          1062, 1060, 1047, -1,
          1063, 1048, 512, -1,
          1064, 1061, 1059, -1,
          1065, 1060, 1062, -1,
          1066, 1063, 512, -1,
          1067, 1048, 1063, -1,
          1068, 1069, 1070, -1,
          1068, 1070, 1071, -1,
          1072, 1071, 1073, -1,
          1072, 1068, 1071, -1,
          1074, 1064, 1059, -1,
          1075, 1066, 512, -1,
          1076, 1072, 1073, -1,
          1076, 1073, 1077, -1,
          524, 974, 983, -1,
          524, 999, 1026, -1,
          524, 1026, 1078, -1,
          524, 1078, 1079, -1,
          524, 942, 950, -1,
          524, 950, 1080, -1,
          524, 1080, 1081, -1,
          524, 983, 1082, -1,
          524, 1081, 972, -1,
          524, 1082, 1083, -1,
          524, 1083, 999, -1,
          524, 526, 942, -1,
          524, 967, 1084, -1,
          524, 1084, 1085, -1,
          524, 1085, 974, -1,
          524, 972, 967, -1,
          1086, 1074, 1059, -1,
          1087, 1075, 512, -1,
          1088, 1077, 1089, -1,
          1088, 1076, 1077, -1,
          1088, 1089, 1090, -1,
          1091, 1065, 1092, -1,
          1091, 1060, 1065, -1,
          1091, 1093, 1094, -1,
          1091, 1094, 1060, -1,
          1095, 1067, 1063, -1,
          1096, 1097, 1098, -1,
          1096, 1098, 1099, -1,
          1096, 1099, 1100, -1,
          1096, 1100, 1101, -1,
          1096, 1101, 1102, -1,
          1096, 1102, 1093, -1,
          1096, 1093, 1091, -1,
          1103, 1088, 1090, -1,
          1103, 1090, 1104, -1,
          1103, 1104, 1105, -1,
          1103, 1105, 1106, -1,
          1103, 1106, 1107, -1,
          1108, 1109, 1110, -1,
          1111, 1108, 1110, -1,
          1112, 1092, 1113, -1,
          1112, 1091, 1092, -1,
          1114, 1111, 1110, -1,
          1115, 1112, 1113, -1,
          1116, 1117, 1118, -1,
          1119, 1087, 512, -1,
          1120, 1114, 1110, -1,
          1121, 1095, 1063, -1,
          1122, 1123, 1124, -1,
          1122, 1124, 1125, -1,
          1122, 1125, 1117, -1,
          1122, 1117, 1116, -1,
          1126, 1120, 1127, -1,
          1128, 1103, 1107, -1,
          1128, 1107, 1123, -1,
          1128, 1123, 1122, -1,
          1129, 1119, 512, -1,
          1130, 1126, 1127, -1,
          1131, 1132, 1115, -1,
          1133, 1130, 1127, -1,
          1134, 1128, 1122, -1,
          1135, 512, 514, -1,
          1135, 1129, 512, -1,
          1136, 1134, 1122, -1,
          1136, 1122, 1133, -1,
          1137, 1133, 1127, -1,
          1138, 1135, 514, -1,
          1139, 1136, 1133, -1,
          1140, 1139, 1133, -1,
          1141, 1140, 1133, -1,
          1142, 1087, 1119, -1,
          1142, 1137, 1087, -1,
          1143, 1142, 1144, -1,
          1143, 1133, 1137, -1,
          1143, 1137, 1142, -1,
          1145, 1133, 1143, -1,
          1146, 1133, 1145, -1,
          1146, 1141, 1133, -1,
          1147, 1148, 1138, -1,
          1147, 1138, 514, -1,
          1149, 1150, 1151, -1,
          1149, 1151, 1141, -1,
          1149, 1141, 1146, -1,
          1152, 1144, 1153, -1,
          1152, 1153, 1154, -1,
          1152, 1143, 1144, -1,
          1155, 1148, 1147, -1,
          1156, 1147, 514, -1,
          1157, 1148, 1155, -1,
          1158, 1146, 1145, -1,
          1159, 1156, 514, -1,
          1160, 1146, 1158, -1,
          1161, 1159, 514, -1,
          1162, 1163, 1164, -1,
          1162, 1152, 1154, -1,
          1162, 1154, 1163, -1,
          1165, 1160, 1158, -1,
          1165, 1158, 1166, -1,
          1167, 1164, 1168, -1,
          1167, 1168, 1169, -1,
          1167, 1162, 1164, -1,
          1170, 1167, 1169, -1,
          1171, 1165, 1166, -1,
          1172, 1165, 1171, -1,
          1173, 1174, 1175, -1,
          1176, 1170, 1177, -1,
          1176, 1167, 1170, -1,
          1176, 1177, 1178, -1,
          1179, 1175, 1161, -1,
          1180, 1178, 1174, -1,
          1180, 1176, 1178, -1,
          522, 524, 1079, -1,
          522, 1096, 1181, -1,
          522, 1181, 1182, -1,
          522, 1182, 1150, -1,
          522, 1079, 1183, -1,
          522, 1183, 1184, -1,
          522, 1184, 1097, -1,
          522, 1097, 1096, -1,
          522, 1150, 1149, -1,
          522, 1149, 1185, -1,
          1186, 1167, 1176, -1,
          1186, 1171, 1167, -1,
          1187, 1180, 1174, -1,
          1188, 1187, 1174, -1,
          1189, 1188, 1174, -1,
          1190, 1179, 1161, -1,
          1191, 1186, 1192, -1,
          1191, 1192, 1193, -1,
          1194, 1174, 1173, -1,
          1194, 1189, 1174, -1,
          1195, 1191, 1193, -1,
          1195, 1193, 1196, -1,
          1197, 1198, 1172, -1,
          1197, 1171, 1186, -1,
          1197, 1172, 1171, -1,
          1197, 1186, 1191, -1,
          1199, 1173, 1200, -1,
          1199, 1194, 1173, -1,
          1201, 1196, 1202, -1,
          1201, 1195, 1196, -1,
          1201, 1202, 1203, -1,
          1201, 1203, 1204, -1,
          1205, 1201, 1204, -1,
          1206, 1199, 1200, -1,
          1207, 1201, 1205, -1,
          1208, 1206, 1200, -1,
          1209, 1200, 1210, -1,
          1209, 1208, 1200, -1,
          1211, 1212, 1190, -1,
          1211, 1190, 1161, -1,
          1211, 1161, 514, -1,
          1213, 1211, 514, -1,
          1214, 514, 516, -1,
          1214, 1213, 514, -1,
          1215, 1214, 516, -1,
          1216, 1217, 1218, -1,
          1219, 1216, 1218, -1,
          1219, 1218, 1220, -1,
          1221, 1222, 1215, -1,
          1223, 1219, 1220, -1,
          1223, 1210, 1224, -1,
          1223, 1220, 1225, -1,
          1223, 1225, 1209, -1,
          1223, 1209, 1210, -1,
          1226, 1221, 1215, -1,
          1227, 1198, 1197, -1,
          1227, 1197, 1228, -1,
          1227, 1228, 1229, -1,
          1227, 1229, 1230, -1,
          1231, 1232, 1233, -1,
          1231, 1233, 1234, -1,
          1231, 1234, 1235, -1,
          1236, 1224, 1212, -1,
          1236, 1223, 1224, -1,
          1236, 1231, 1235, -1,
          1236, 1235, 1223, -1,
          1236, 1212, 1211, -1,
          1237, 1231, 1236, -1,
          1238, 1231, 1237, -1,
          1239, 1240, 1241, -1,
          1239, 1241, 1242, -1,
          1239, 1242, 1243, -1,
          1239, 1231, 1238, -1,
          1244, 1215, 516, -1,
          1244, 1226, 1215, -1,
          1244, 1245, 1246, -1,
          1244, 1246, 1226, -1,
          1247, 1245, 1244, -1,
          1248, 1244, 516, -1,
          1249, 1245, 1247, -1,
          1249, 1243, 1245, -1,
          1250, 1249, 1247, -1,
          1251, 1250, 1247, -1,
          1252, 1243, 1249, -1,
          1253, 1243, 1252, -1,
          1254, 1248, 516, -1,
          1255, 1251, 1247, -1,
          1256, 1243, 1253, -1,
          1257, 1247, 1258, -1,
          1257, 1255, 1247, -1,
          1259, 1239, 1243, -1,
          1259, 1243, 1256, -1,
          1260, 1257, 1258, -1,
          1261, 1239, 1259, -1,
          1262, 1260, 1258, -1,
          1262, 1258, 1263, -1,
          1264, 1254, 516, -1,
          1265, 1262, 1263, -1,
          1266, 1239, 1261, -1,
          1267, 1239, 1266, -1,
          1268, 1265, 1263, -1,
          1268, 1263, 1269, -1,
          1270, 1239, 1267, -1,
          1271, 1268, 1269, -1,
          1272, 1271, 1269, -1,
          518, 1273, 1198, -1,
          518, 1198, 1227, -1,
          518, 522, 1185, -1,
          518, 1227, 1274, -1,
          518, 1274, 1275, -1,
          518, 1275, 1231, -1,
          518, 1185, 1273, -1,
          1276, 1270, 1277, -1,
          1276, 1277, 1278, -1,
          1276, 1278, 1279, -1,
          1276, 1279, 1280, -1,
          1276, 1280, 1281, -1,
          1276, 1281, 1282, -1,
          1276, 1282, 1283, -1,
          1276, 1231, 1239, -1,
          1276, 1239, 1270, -1,
          521, 1231, 1276, -1,
          521, 518, 1231, -1,
          1059, 1110, 1086, -1,
          1086, 1110, 1109, -1,
          1110, 1127, 1120, -1,
          1174, 1161, 1175, -1,
          1284, 1163, 1154, -1,
          1169, 1285, 1170, -1,
          1239, 1286, 1240, -1,
          1132, 1112, 1115, -1,
          1287, 1132, 1288, -1,
          1288, 1132, 1131, -1,
          972, 948, 953, -1,
          972, 953, 968, -1,
          897, 870, 882, -1,
          1289, 790, 792, -1,
          796, 1290, 797, -1,
          1291, 1264, 516, -1,
          1292, 1291, 516, -1,
          1293, 1292, 516, -1,
          1294, 1295, 1296, -1,
          1294, 1296, 1297, -1,
          1298, 1297, 1299, -1,
          1298, 1294, 1297, -1,
          1300, 1299, 1301, -1,
          1300, 1298, 1299, -1,
          1302, 1303, 1304, -1,
          1305, 1300, 1301, -1,
          1306, 1303, 1302, -1,
          1307, 1301, 1303, -1,
          1307, 1305, 1301, -1,
          1308, 1303, 1306, -1,
          1308, 1307, 1303, -1,
          1309, 1302, 1304, -1,
          1310, 1293, 1311, -1,
          1312, 1311, 1293, -1,
          1313, 1293, 1310, -1,
          1313, 1309, 1293, -1,
          1314, 1312, 1293, -1,
          1315, 1314, 1293, -1,
          1316, 1309, 1313, -1,
          1317, 1283, 1318, -1,
          1319, 1302, 1309, -1,
          1320, 1315, 1293, -1,
          1320, 1293, 516, -1,
          1321, 1319, 1309, -1,
          1321, 1309, 1316, -1,
          1322, 1320, 516, -1,
          1323, 1317, 1318, -1,
          1323, 1318, 1324, -1,
          1325, 1322, 516, -1,
          1326, 1323, 1324, -1,
          1326, 1324, 1327, -1,
          1328, 1325, 516, -1,
          1329, 1319, 1321, -1,
          1329, 1330, 1319, -1,
          1331, 1326, 1327, -1,
          1331, 1327, 1332, -1,
          1331, 1332, 1333, -1,
          1331, 1333, 1334, -1,
          1335, 1328, 516, -1,
          1336, 1337, 1338, -1,
          1336, 1338, 1330, -1,
          1336, 1330, 1329, -1,
          1339, 1340, 1341, -1,
          1339, 1341, 1342, -1,
          1343, 1335, 516, -1,
          1343, 516, 1344, -1,
          1345, 1337, 1336, -1,
          1346, 1340, 1339, -1,
          1347, 1346, 1339, -1,
          1348, 1343, 1344, -1,
          1349, 1348, 1344, -1,
          1350, 1346, 1347, -1,
          1350, 1347, 1351, -1,
          1352, 1350, 1351, -1,
          1353, 1349, 1344, -1,
          1276, 1283, 1317, -1,
          1354, 1352, 1351, -1,
          1355, 1345, 1356, -1,
          1355, 1334, 1337, -1,
          1355, 1331, 1334, -1,
          1355, 1337, 1345, -1,
          1357, 1351, 1358, -1,
          1357, 1354, 1351, -1,
          1359, 1357, 1358, -1,
          1359, 1358, 1360, -1,
          1361, 1359, 1360, -1,
          1361, 1360, 1362, -1,
          1363, 1355, 1364, -1,
          1365, 1364, 1355, -1,
          1365, 1356, 1366, -1,
          1365, 1355, 1356, -1,
          1367, 1362, 1368, -1,
          1367, 1361, 1362, -1,
          1369, 1366, 1370, -1,
          1369, 1370, 1371, -1,
          1369, 1371, 1372, -1,
          1369, 1365, 1366, -1,
          1373, 1368, 1374, -1,
          1373, 1367, 1368, -1,
          1375, 1373, 1374, -1,
          1376, 1369, 1372, -1,
          1376, 1372, 1377, -1,
          1378, 1374, 1379, -1,
          1378, 1375, 1374, -1,
          1380, 1379, 1381, -1,
          1380, 1381, 1382, -1,
          1380, 1382, 1383, -1,
          1384, 1378, 1379, -1,
          1385, 1384, 1379, -1,
          1386, 1379, 1380, -1,
          1386, 1385, 1379, -1,
          1387, 1388, 1389, -1,
          1387, 1389, 1390, -1,
          1391, 1377, 1392, -1,
          1391, 1376, 1377, -1,
          1393, 1392, 1394, -1,
          1393, 1394, 1395, -1,
          1393, 1391, 1392, -1,
          1396, 1383, 1397, -1,
          1396, 1397, 1398, -1,
          1396, 1398, 1399, -1,
          1396, 1399, 1400, -1,
          1401, 1402, 1403, -1,
          1401, 1403, 1404, -1,
          1401, 1404, 1405, -1,
          1401, 1405, 1406, -1,
          1401, 1406, 1407, -1,
          1401, 1407, 1408, -1,
          1401, 1408, 1353, -1,
          1401, 1353, 1344, -1,
          1409, 1401, 1344, -1,
          1410, 1409, 1344, -1,
          1411, 1393, 1395, -1,
          1411, 1395, 1412, -1,
          1411, 1412, 1413, -1,
          1411, 1413, 1414, -1,
          1411, 1414, 1415, -1,
          1416, 1410, 1344, -1,
          1417, 1393, 1411, -1,
          1418, 1419, 1416, -1,
          1420, 1418, 1416, -1,
          1421, 1388, 1387, -1,
          1422, 1393, 1417, -1,
          1423, 1415, 1424, -1,
          1423, 1424, 1425, -1,
          1423, 1425, 1426, -1,
          1423, 1426, 1396, -1,
          1427, 1422, 1417, -1,
          1428, 1416, 1344, -1,
          1428, 1420, 1416, -1,
          1429, 1400, 1402, -1,
          1429, 1423, 1396, -1,
          1429, 1402, 1401, -1,
          1429, 1396, 1400, -1,
          1430, 1422, 1427, -1,
          1431, 1432, 1433, -1,
          1434, 1430, 1427, -1,
          1435, 1428, 1344, -1,
          1436, 1423, 1429, -1,
          1436, 1429, 1437, -1,
          1438, 1439, 1440, -1,
          1438, 1440, 1441, -1,
          1438, 1441, 1442, -1,
          1443, 1444, 1445, -1,
          1443, 1433, 1444, -1,
          1446, 1430, 1434, -1,
          1447, 1446, 1434, -1,
          1448, 1449, 1438, -1,
          1450, 1446, 1447, -1,
          1451, 1445, 1452, -1,
          1451, 1443, 1445, -1,
          1453, 1448, 1438, -1,
          1454, 1453, 1438, -1,
          1454, 1438, 1442, -1,
          521, 1388, 1421, -1,
          521, 1432, 1431, -1,
          521, 1276, 1455, -1,
          521, 1455, 1456, -1,
          521, 1456, 1388, -1,
          521, 1421, 1457, -1,
          521, 1457, 1458, -1,
          521, 1458, 1432, -1,
          1459, 1435, 1344, -1,
          1460, 1454, 1442, -1,
          1460, 1461, 1454, -1,
          1462, 1461, 1460, -1,
          1463, 1452, 1464, -1,
          1465, 1459, 1344, -1,
          1466, 1462, 1460, -1,
          1467, 1465, 1344, -1,
          1468, 1462, 1466, -1,
          1469, 1467, 1344, -1,
          1469, 1344, 1470, -1,
          1471, 1462, 1468, -1,
          1471, 1468, 1472, -1,
          1473, 1472, 1474, -1,
          1473, 1474, 1475, -1,
          1473, 1475, 1476, -1,
          1477, 1473, 1476, -1,
          1478, 1471, 1472, -1,
          1478, 1472, 1473, -1,
          1479, 1471, 1478, -1,
          1480, 1477, 1476, -1,
          1481, 1476, 1482, -1,
          1481, 1480, 1476, -1,
          1483, 1482, 1484, -1,
          1483, 1481, 1482, -1,
          1485, 1483, 1484, -1,
          1486, 1485, 1484, -1,
          1487, 1484, 1488, -1,
          1487, 1488, 1489, -1,
          1487, 1489, 1490, -1,
          1487, 1486, 1484, -1,
          1491, 1487, 1490, -1,
          1491, 1490, 1492, -1,
          1493, 1492, 1469, -1,
          1493, 1469, 1470, -1,
          1494, 1493, 1470, -1,
          1495, 1492, 1493, -1,
          1496, 1494, 1470, -1,
          1497, 1496, 1470, -1,
          1498, 1495, 1493, -1,
          1499, 1491, 1500, -1,
          1501, 1498, 1493, -1,
          1502, 1503, 1504, -1,
          1505, 1502, 1504, -1,
          1506, 1497, 1470, -1,
          1507, 1508, 1509, -1,
          1507, 1431, 1510, -1,
          1507, 1510, 1511, -1,
          1507, 1511, 1512, -1,
          1507, 521, 1431, -1,
          1507, 1513, 1514, -1,
          1507, 1514, 1515, -1,
          1507, 1515, 1508, -1,
          1507, 1512, 1513, -1,
          1516, 1505, 1517, -1,
          1518, 1516, 1517, -1,
          1519, 1505, 1516, -1,
          1520, 1518, 1517, -1,
          1521, 1505, 1519, -1,
          1522, 1520, 1517, -1,
          1523, 1505, 1521, -1,
          1524, 1522, 1517, -1,
          1525, 1524, 1517, -1,
          1526, 1525, 1517, -1,
          1527, 1528, 1529, -1,
          1530, 1517, 1497, -1,
          1530, 1526, 1517, -1,
          1531, 1528, 1527, -1,
          1532, 1530, 1497, -1,
          1533, 1528, 1531, -1,
          1534, 1532, 1497, -1,
          1535, 1534, 1497, -1,
          1536, 1528, 1533, -1,
          1537, 1535, 1497, -1,
          1538, 1528, 1536, -1,
          1539, 1537, 1497, -1,
          1540, 1528, 1538, -1,
          1541, 1539, 1497, -1,
          1542, 1541, 1497, -1,
          1543, 1544, 1545, -1,
          1543, 1546, 1544, -1,
          1547, 1545, 1544, -1,
          1547, 1544, 1548, -1,
          1549, 1546, 1543, -1,
          1549, 1550, 1551, -1,
          1549, 1551, 1546, -1,
          1552, 1547, 1548, -1,
          1552, 1548, 1553, -1,
          1554, 1552, 1553, -1,
          1555, 1542, 1497, -1,
          1555, 1554, 1553, -1,
          1555, 1553, 1542, -1,
          1556, 1497, 1506, -1,
          1556, 1555, 1497, -1,
          1557, 1556, 1506, -1,
          1558, 1559, 1560, -1,
          1558, 1560, 1561, -1,
          1558, 1561, 1550, -1,
          1558, 1550, 1549, -1,
          1562, 1563, 1564, -1,
          1565, 1557, 1506, -1,
          1566, 1567, 1568, -1,
          1566, 1568, 1559, -1,
          1566, 1559, 1558, -1,
          1569, 1565, 1506, -1,
          1570, 1558, 1549, -1,
          1570, 1549, 1562, -1,
          1571, 1569, 1506, -1,
          1572, 1573, 1567, -1,
          1572, 1567, 1566, -1,
          1574, 1571, 1506, -1,
          1575, 1570, 1562, -1,
          1576, 1577, 1573, -1,
          1576, 1573, 1572, -1,
          1578, 1575, 1562, -1,
          1579, 1578, 1562, -1,
          1580, 1574, 1506, -1,
          1581, 1582, 1577, -1,
          1581, 1577, 1576, -1,
          1583, 1579, 1562, -1,
          1584, 1580, 1506, -1,
          1585, 1583, 1562, -1,
          1585, 1562, 1564, -1,
          1585, 1564, 1586, -1,
          1587, 1582, 1581, -1,
          1588, 1584, 1506, -1,
          1589, 1586, 1590, -1,
          1589, 1590, 1591, -1,
          1589, 1585, 1586, -1,
          1592, 1589, 1591, -1,
          1592, 1591, 1593, -1,
          1594, 1588, 1506, -1,
          1595, 1592, 1593, -1,
          1595, 1593, 1596, -1,
          1595, 1596, 1597, -1,
          1598, 1540, 1599, -1,
          1598, 1599, 1600, -1,
          1598, 1600, 1601, -1,
          1598, 1601, 1602, -1,
          1598, 1602, 1603, -1,
          1598, 1603, 1604, -1,
          1598, 1604, 1605, -1,
          1598, 1605, 1606, -1,
          1598, 1606, 1582, -1,
          1598, 1507, 1509, -1,
          1598, 1607, 1608, -1,
          1598, 1509, 1609, -1,
          1598, 1609, 1610, -1,
          1598, 1610, 1607, -1,
          1598, 1608, 1611, -1,
          1598, 1611, 1612, -1,
          1598, 1612, 1528, -1,
          1598, 1528, 1540, -1,
          1613, 1595, 1597, -1,
          1613, 1597, 1614, -1,
          1615, 1616, 1617, -1,
          1618, 1613, 1614, -1,
          1618, 1614, 1619, -1,
          1620, 1619, 1621, -1,
          1620, 1618, 1619, -1,
          1622, 1620, 1621, -1,
          1623, 1616, 1615, -1,
          1623, 1615, 1624, -1,
          1625, 1622, 1621, -1,
          1625, 1621, 1626, -1,
          1625, 1626, 1627, -1,
          1628, 1627, 1629, -1,
          1628, 1625, 1627, -1,
          1630, 1628, 1629, -1,
          1631, 1616, 1623, -1,
          1632, 1629, 1616, -1,
          1632, 1630, 1629, -1,
          1633, 1616, 1631, -1,
          1633, 1631, 1634, -1,
          1633, 1632, 1616, -1,
          1635, 1636, 1637, -1,
          1635, 1637, 1638, -1,
          1639, 1636, 1635, -1,
          1639, 1640, 1641, -1,
          1639, 1641, 1642, -1,
          1639, 1642, 1643, -1,
          1639, 1643, 1644, -1,
          1639, 1644, 1636, -1,
          1645, 1638, 1646, -1,
          1645, 1635, 1638, -1,
          1647, 1640, 1639, -1,
          1648, 1645, 1646, -1,
          1649, 1648, 1646, -1,
          1649, 1646, 1650, -1,
          1651, 1649, 1650, -1,
          1652, 1648, 1649, -1,
          1653, 1650, 1654, -1,
          1653, 1651, 1650, -1,
          1655, 1656, 1648, -1,
          1655, 1648, 1652, -1,
          1657, 1653, 1654, -1,
          1657, 1594, 1506, -1,
          1657, 1654, 1594, -1,
          1658, 1656, 1655, -1,
          1659, 1657, 1506, -1,
          1660, 1656, 1658, -1,
          1661, 1659, 1506, -1,
          1662, 1661, 1506, -1,
          1663, 1656, 1660, -1,
          1663, 1664, 1656, -1,
          1665, 1662, 1506, -1,
          1666, 1664, 1663, -1,
          1667, 1665, 1506, -1,
          1667, 1506, 1668, -1,
          1669, 1664, 1666, -1,
          1670, 1667, 1668, -1,
          1671, 1670, 1668, -1,
          1672, 1673, 1664, -1,
          1672, 1664, 1669, -1,
          1674, 1671, 1668, -1,
          1675, 1674, 1668, -1,
          1676, 1675, 1668, -1,
          1677, 1678, 1679, -1,
          1677, 1679, 1680, -1,
          1677, 1680, 1681, -1,
          1677, 1681, 1682, -1,
          1677, 1682, 1683, -1,
          1677, 1683, 1676, -1,
          1677, 1676, 1668, -1,
          1684, 1677, 1668, -1,
          1685, 1678, 1677, -1,
          1686, 1684, 1668, -1,
          1687, 1686, 1668, -1,
          1688, 1647, 1673, -1,
          1688, 1582, 1587, -1,
          1688, 1640, 1647, -1,
          1688, 1587, 1689, -1,
          1688, 1689, 1690, -1,
          1688, 1690, 1691, -1,
          1688, 1691, 1692, -1,
          1688, 1692, 1693, -1,
          1688, 1693, 1694, -1,
          1688, 1694, 1695, -1,
          1688, 1695, 1696, -1,
          1688, 1696, 1697, -1,
          1688, 1697, 1640, -1,
          1688, 1672, 1698, -1,
          1688, 1698, 1699, -1,
          1688, 1699, 1700, -1,
          1688, 1700, 1701, -1,
          1688, 1701, 1702, -1,
          1688, 1598, 1582, -1,
          1688, 1673, 1672, -1,
          1703, 1704, 1705, -1,
          1703, 1705, 1706, -1,
          1703, 1706, 1707, -1,
          1703, 1707, 1708, -1,
          1703, 1708, 1709, -1,
          1703, 1709, 1710, -1,
          1703, 1710, 1711, -1,
          1703, 1711, 1712, -1,
          1713, 1687, 1668, -1,
          1714, 1713, 1668, -1,
          1715, 1714, 1668, -1,
          1716, 1715, 1668, -1,
          1717, 1716, 1668, -1,
          1717, 1668, 1718, -1,
          1719, 1717, 1718, -1,
          1720, 1719, 1718, -1,
          1721, 1720, 1718, -1,
          1722, 1723, 1724, -1,
          1725, 1702, 1726, -1,
          1725, 1726, 1727, -1,
          1725, 1727, 1728, -1,
          1725, 1728, 1729, -1,
          1725, 1729, 1704, -1,
          1725, 1730, 1731, -1,
          1725, 1732, 1733, -1,
          1725, 1703, 1734, -1,
          1725, 1734, 1735, -1,
          1725, 1735, 1730, -1,
          1725, 1731, 1736, -1,
          1725, 1736, 1737, -1,
          1725, 1737, 1732, -1,
          1725, 1733, 1738, -1,
          1725, 1738, 1739, -1,
          1725, 1739, 1723, -1,
          1725, 1704, 1703, -1,
          1725, 1688, 1702, -1,
          1740, 1722, 1741, -1,
          1740, 1741, 1742, -1,
          1740, 1723, 1722, -1,
          1743, 1744, 1745, -1,
          1746, 1721, 1718, -1,
          1746, 1745, 1721, -1,
          1747, 1746, 1718, -1,
          1748, 1745, 1746, -1,
          1749, 1747, 1718, -1,
          1750, 1749, 1718, -1,
          1751, 1748, 1746, -1,
          1752, 1751, 1746, -1,
          1753, 1754, 1750, -1,
          1755, 1750, 1754, -1,
          1756, 1753, 1750, -1,
          1757, 1750, 1755, -1,
          1758, 1756, 1750, -1,
          1759, 1750, 1757, -1,
          1760, 1758, 1750, -1,
          1761, 1750, 1759, -1,
          1762, 1750, 1718, -1,
          1762, 1760, 1750, -1,
          1763, 1762, 1718, -1,
          1764, 1761, 1765, -1,
          1764, 1765, 1766, -1,
          1767, 1763, 1718, -1,
          1768, 1764, 1766, -1,
          1769, 1764, 1768, -1,
          1770, 1767, 1718, -1,
          1770, 1718, 1771, -1,
          1772, 1764, 1769, -1,
          1773, 1764, 1772, -1,
          1774, 1770, 1771, -1,
          1775, 1764, 1773, -1,
          1776, 1774, 1771, -1,
          1777, 1776, 1771, -1,
          1778, 1775, 1779, -1,
          1778, 1779, 1780, -1,
          1778, 1780, 1781, -1,
          1778, 1781, 1782, -1,
          1778, 1782, 1783, -1,
          1778, 1764, 1775, -1,
          1784, 1777, 1771, -1,
          1785, 1744, 1743, -1,
          1785, 1725, 1723, -1,
          1785, 1764, 1778, -1,
          1785, 1740, 1786, -1,
          1785, 1786, 1787, -1,
          1785, 1787, 1744, -1,
          1785, 1723, 1740, -1,
          1785, 1743, 1788, -1,
          1785, 1788, 1789, -1,
          1785, 1789, 1764, -1,
          1790, 1778, 1791, -1,
          1790, 1791, 1792, -1,
          1790, 1792, 1793, -1,
          1790, 1785, 1778, -1,
          1794, 1790, 1793, -1,
          1794, 1784, 1795, -1,
          1794, 1777, 1784, -1,
          1794, 1793, 1777, -1,
          1796, 1795, 1797, -1,
          1796, 1794, 1795, -1,
          1798, 1796, 1797, -1,
          1798, 1797, 1799, -1,
          1800, 1798, 1799, -1,
          1801, 1800, 1799, -1,
          1801, 1799, 1802, -1,
          1801, 1802, 1803, -1,
          1804, 1801, 1803, -1,
          1805, 1806, 1807, -1,
          1808, 1805, 1807, -1,
          1809, 1806, 1805, -1,
          1810, 1806, 1809, -1,
          1811, 1808, 1807, -1,
          1812, 1806, 1810, -1,
          1813, 1811, 1807, -1,
          1814, 1813, 1807, -1,
          1815, 1814, 1807, -1,
          1816, 1804, 1803, -1,
          1816, 1803, 1806, -1,
          1817, 1812, 1818, -1,
          1819, 1818, 1812, -1,
          1820, 1806, 1812, -1,
          1820, 1812, 1817, -1,
          1821, 1815, 1807, -1,
          1822, 1806, 1820, -1,
          1823, 1819, 1812, -1,
          1824, 1816, 1806, -1,
          1824, 1806, 1822, -1,
          1825, 1823, 1812, -1,
          1826, 1816, 1824, -1,
          1827, 1816, 1826, -1,
          1828, 1821, 1807, -1,
          1829, 1828, 1807, -1,
          1830, 1829, 1807, -1,
          1830, 1807, 1831, -1,
          1832, 1833, 1834, -1,
          1832, 1834, 1835, -1,
          1832, 1835, 1836, -1,
          1832, 1836, 1837, -1,
          1832, 1837, 1838, -1,
          1832, 1838, 1839, -1,
          1832, 1839, 1840, -1,
          1832, 1840, 1841, -1,
          1832, 1841, 1842, -1,
          1843, 1844, 1845, -1,
          1846, 1830, 1831, -1,
          1847, 1843, 1845, -1,
          1847, 1845, 1848, -1,
          1849, 1847, 1848, -1,
          1849, 1848, 1850, -1,
          1851, 1832, 1842, -1,
          1851, 1842, 1852, -1,
          1853, 1849, 1850, -1,
          1853, 1850, 1854, -1,
          1855, 1852, 1856, -1,
          1855, 1856, 1857, -1,
          1855, 1851, 1852, -1,
          1858, 1853, 1854, -1,
          1858, 1854, 1859, -1,
          1860, 1846, 1831, -1,
          1861, 1857, 1862, -1,
          1861, 1855, 1857, -1,
          1861, 1862, 1863, -1,
          1864, 1863, 1865, -1,
          1864, 1861, 1863, -1,
          1866, 1865, 1867, -1,
          1866, 1864, 1865, -1,
          1868, 1858, 1859, -1,
          1868, 1859, 1869, -1,
          1870, 1868, 1869, -1,
          1870, 1869, 1871, -1,
          1872, 1860, 1831, -1,
          1873, 1870, 1871, -1,
          1874, 1872, 1831, -1,
          1875, 1873, 1871, -1,
          1876, 1871, 1877, -1,
          1876, 1875, 1871, -1,
          1878, 1874, 1831, -1,
          1879, 1876, 1877, -1,
          1880, 1879, 1877, -1,
          1881, 1878, 1831, -1,
          1882, 1880, 1877, -1,
          1883, 1882, 1877, -1,
          1884, 1883, 1877, -1,
          1885, 1877, 1886, -1,
          1887, 1884, 1877, -1,
          1888, 1887, 1877, -1,
          1889, 1877, 1885, -1,
          1890, 1888, 1877, -1,
          1891, 1877, 1889, -1,
          1891, 1890, 1877, -1,
          1892, 1893, 1894, -1,
          1895, 1892, 1894, -1,
          1895, 1894, 1896, -1,
          1897, 1893, 1892, -1,
          1897, 1898, 1893, -1,
          1899, 1895, 1896, -1,
          1899, 1896, 1881, -1,
          1900, 1898, 1897, -1,
          1900, 1901, 1898, -1,
          1902, 1899, 1881, -1,
          1902, 1881, 1831, -1,
          1903, 1901, 1900, -1,
          1904, 1905, 1906, -1,
          1904, 1906, 1907, -1,
          1904, 1907, 1908, -1,
          1904, 1908, 1909, -1,
          1910, 1901, 1903, -1,
          1910, 1909, 1901, -1,
          1911, 1902, 1831, -1,
          1912, 1911, 1831, -1,
          1913, 1912, 1831, -1,
          1914, 1909, 1910, -1,
          1915, 1904, 1909, -1,
          1915, 1909, 1914, -1,
          1916, 1914, 1910, -1,
          1916, 1910, 1917, -1,
          1918, 1827, 1919, -1,
          1918, 1919, 1920, -1,
          1918, 1920, 1921, -1,
          1918, 1921, 1922, -1,
          1918, 1922, 1923, -1,
          1918, 1923, 1924, -1,
          1918, 1924, 1925, -1,
          1918, 1925, 1926, -1,
          1918, 1926, 1927, -1,
          1918, 1816, 1827, -1,
          1918, 1927, 1928, -1,
          1918, 1928, 1929, -1,
          1918, 1929, 1930, -1,
          1931, 1904, 1915, -1,
          1932, 1916, 1917, -1,
          1932, 1917, 1933, -1,
          1934, 1913, 1831, -1,
          1935, 1904, 1931, -1,
          1936, 1904, 1935, -1,
          1936, 1937, 1904, -1,
          1938, 1932, 1933, -1,
          1938, 1933, 1939, -1,
          1938, 1939, 1940, -1,
          1941, 1937, 1936, -1,
          1941, 1942, 1943, -1,
          1941, 1943, 1937, -1,
          1944, 1938, 1940, -1,
          1944, 1940, 1945, -1,
          1944, 1945, 1946, -1,
          1947, 1942, 1941, -1,
          1947, 1948, 1942, -1,
          1949, 1934, 1831, -1,
          1950, 1944, 1946, -1,
          1950, 1946, 1951, -1,
          1952, 1948, 1947, -1,
          1952, 1953, 1948, -1,
          1954, 1950, 1951, -1,
          1955, 1953, 1952, -1,
          1955, 1956, 1953, -1,
          1957, 1950, 1954, -1,
          1958, 1956, 1955, -1,
          1958, 1959, 1956, -1,
          1960, 1959, 1958, -1,
          1961, 1949, 1831, -1,
          1961, 1831, 1962, -1,
          1963, 1961, 1962, -1,
          1964, 1963, 1962, -1,
          1965, 1960, 1966, -1,
          1965, 1966, 1967, -1,
          1965, 1967, 1968, -1,
          1965, 1968, 1969, -1,
          1965, 1969, 1970, -1,
          1965, 1970, 1971, -1,
          1965, 1971, 1972, -1,
          1965, 1959, 1960, -1,
          1965, 1918, 1930, -1,
          1965, 1930, 1973, -1,
          1965, 1973, 1974, -1,
          1965, 1974, 1975, -1,
          1965, 1975, 1959, -1,
          1976, 1964, 1962, -1,
          1977, 1978, 1964, -1,
          1979, 1976, 1962, -1,
          1980, 1979, 1962, -1,
          1980, 1962, 1981, -1,
          1982, 1980, 1981, -1,
          1983, 1984, 1985, -1,
          1986, 1983, 1987, -1,
          1986, 1987, 1988, -1,
          1986, 1984, 1983, -1,
          1989, 1984, 1986, -1,
          1989, 1972, 1990, -1,
          1989, 1990, 1978, -1,
          1989, 1977, 1991, -1,
          1989, 1991, 1992, -1,
          1989, 1992, 1984, -1,
          1989, 1965, 1972, -1,
          1989, 1978, 1977, -1,
          1993, 1994, 1995, -1,
          1996, 1995, 1982, -1,
          1996, 1997, 1995, -1,
          1996, 1982, 1981, -1,
          1996, 1981, 483, -1,
          1998, 1996, 483, -1,
          1999, 1997, 1996, -1,
          2000, 1998, 483, -1,
          2001, 1999, 1996, -1,
          2002, 2000, 483, -1,
          2003, 2004, 2002, -1,
          2005, 2002, 2004, -1,
          2006, 2003, 2002, -1,
          2007, 2002, 2005, -1,
          614, 2002, 483, -1,
          614, 2006, 2002, -1,
          2008, 2002, 2007, -1,
          2009, 2002, 2008, -1,
          2010, 2009, 2011, -1,
          2010, 2002, 2009, -1,
          2012, 1994, 1993, -1,
          2012, 1986, 2013, -1,
          2012, 2013, 2014, -1,
          2012, 2014, 1994, -1,
          2012, 1993, 2015, -1,
          2012, 2015, 2016, -1,
          2012, 1989, 1986, -1,
          2017, 2011, 2018, -1,
          2017, 2010, 2011, -1,
          2019, 2018, 2020, -1,
          2019, 2020, 2021, -1,
          2019, 2017, 2018, -1,
          2022, 2021, 2023, -1,
          2022, 2019, 2021, -1,
          554, 2012, 2016, -1,
          554, 2017, 2024, -1,
          554, 2024, 2025, -1,
          554, 2025, 645, -1,
          554, 2016, 2010, -1,
          554, 2010, 2017, -1,
          1432, 2026, 1433, -1,
          1433, 2026, 1444, -1,
          1444, 2026, 1422, -1,
          1422, 2026, 1393, -1,
          1317, 2027, 1276, -1,
          1512, 1448, 1453, -1,
          1423, 1411, 1415, -1,
          1448, 1436, 1437, -1,
          1448, 1437, 1449, -1,
          1463, 1451, 1452, -1,
          1508, 1481, 1509, -1,
          1453, 1513, 1512, -1,
          1528, 1505, 1529, -1,
          1529, 1505, 1523, -1,
          1499, 2028, 1487, -1,
          1499, 1487, 1491, -1,
          1483, 1509, 1481, -1,
          1607, 2029, 1608, -1,
          1732, 1716, 1733, -1,
          1713, 2030, 1687, -1,
          1677, 1703, 1685, -1,
          1685, 1703, 1712, -1,
          1730, 2031, 1731, -1,
          1744, 1721, 1745, -1,
          1717, 1733, 1716, -1,
          1764, 1750, 1761, -1,
          1500, 1504, 1503, -1,
          1500, 1503, 1499, -1,
          1504, 1517, 1505, -1,
          1490, 1469, 1492, -1,
          1459, 1460, 1442, -1,
          1459, 1442, 1435, -1,
          1438, 2032, 1439, -1,
          1396, 1380, 1383, -1,
          1904, 1885, 1886, -1,
          1904, 1886, 2033, -1,
          1904, 2033, 2034, -1,
          1904, 2034, 2035, -1,
          1904, 2035, 1905, -1,
          1812, 1833, 2036, -1,
          1812, 2036, 2037, -1,
          1812, 2037, 1825, -1,
          1832, 2036, 1833, -1,
          1994, 1982, 1995, -1,
          1976, 1977, 1964, -1,
          1296, 2038, 2039, -1,
          1296, 2039, 2040, -1,
          1296, 2040, 2041, -1,
          2042, 2038, 1296, -1,
          2043, 2042, 1296, -1,
          2044, 2043, 1296, -1,
          2045, 2044, 1296, -1,
          1295, 2046, 2047, -1,
          1295, 2047, 2048, -1,
          1295, 2048, 2049, -1,
          1295, 2049, 2050, -1,
          1295, 2050, 2051, -1,
          1295, 2051, 2052, -1,
          1295, 2052, 2053, -1,
          1296, 1295, 2045, -1,
          2045, 1295, 2054, -1,
          2054, 1295, 2055, -1,
          2055, 1295, 2056, -1,
          2056, 1295, 2053, -1,
          1272, 1269, 2057, -1,
          1272, 2057, 2058, -1,
          1272, 2058, 2059, -1,
          2059, 2060, 2061, -1,
          2059, 2061, 2062, -1,
          2059, 2062, 1272, -1,
          558, 557, 2063, -1,
          2063, 557, 2064, -1,
          2064, 560, 2065, -1,
          2065, 560, 2066, -1,
          557, 560, 2064, -1,
          560, 562, 2066, -1,
          2066, 564, 2067, -1,
          562, 564, 2066, -1,
          2067, 566, 2068, -1,
          564, 566, 2067, -1,
          2068, 568, 2069, -1,
          566, 568, 2068, -1,
          2069, 570, 2070, -1,
          568, 570, 2069, -1,
          2070, 572, 2071, -1,
          570, 572, 2070, -1,
          2071, 574, 2072, -1,
          572, 574, 2071, -1,
          2072, 576, 2073, -1,
          2073, 576, 2074, -1,
          574, 576, 2072, -1,
          2074, 579, 2075, -1,
          576, 579, 2074, -1,
          579, 580, 2075, -1,
          2075, 582, 2076, -1,
          580, 582, 2075, -1,
          2076, 584, 2077, -1,
          582, 584, 2076, -1,
          584, 586, 2077, -1,
          2077, 586, 2078, -1,
          2078, 586, 2079, -1,
          586, 589, 2079, -1,
          589, 591, 2079, -1,
          2079, 591, 2080, -1,
          591, 593, 2080, -1,
          2080, 593, 2081, -1,
          478, 388, 385, -1,
          476, 385, 389, -1,
          476, 478, 385, -1,
          474, 389, 391, -1,
          474, 476, 389, -1,
          472, 391, 393, -1,
          472, 474, 391, -1,
          470, 472, 393, -1,
          468, 393, 395, -1,
          468, 470, 393, -1,
          466, 395, 398, -1,
          466, 398, 399, -1,
          466, 468, 395, -1,
          464, 466, 399, -1,
          462, 399, 401, -1,
          462, 464, 399, -1,
          460, 401, 404, -1,
          460, 462, 401, -1,
          458, 404, 405, -1,
          458, 405, 408, -1,
          458, 460, 404, -1,
          456, 458, 408, -1,
          454, 408, 409, -1,
          454, 409, 411, -1,
          454, 456, 408, -1,
          452, 454, 411, -1,
          450, 411, 413, -1,
          450, 413, 415, -1,
          450, 452, 411, -1,
          448, 450, 415, -1,
          448, 415, 417, -1,
          446, 448, 417, -1,
          442, 446, 417, -1,
          442, 417, 419, -1,
          445, 442, 419, -1,
          445, 419, 421, -1,
          445, 421, 2082, -1,
          2083, 2082, 2084, -1,
          2083, 445, 2082, -1,
          2085, 2084, 2086, -1,
          2085, 2083, 2084, -1,
          2087, 2086, 2088, -1,
          2087, 2085, 2086, -1,
          2089, 2088, 2090, -1,
          2089, 2087, 2088, -1,
          2091, 2090, 2092, -1,
          2091, 2089, 2090, -1,
          2093, 2092, 2094, -1,
          2093, 2091, 2092, -1,
          2095, 2094, 2096, -1,
          2095, 2093, 2094, -1,
          2097, 2096, 2098, -1,
          2097, 2095, 2096, -1,
          2099, 2098, 2100, -1,
          2099, 2097, 2098, -1,
          2101, 2100, 2102, -1,
          2101, 2099, 2100, -1,
          2103, 2102, 2104, -1,
          2103, 2101, 2102, -1,
          2105, 2104, 2106, -1,
          2105, 2103, 2104, -1,
          2107, 2106, 2108, -1,
          2107, 2105, 2106, -1,
          2109, 2108, 2110, -1,
          2109, 2107, 2108, -1,
          2111, 2109, 2110, -1,
          2111, 2110, 2112, -1,
          2113, 2111, 2112, -1,
          2113, 2112, 2114, -1,
          2115, 2113, 2114, -1,
          478, 2115, 2114, -1,
          478, 2114, 388, -1,
          593, 2116, 2081, -1,
          2081, 2116, 2117, -1,
          2117, 2118, 2119, -1,
          2116, 2118, 2117, -1,
          2119, 2120, 2121, -1,
          2121, 2120, 2122, -1,
          2118, 2120, 2119, -1,
          2120, 2123, 2122, -1,
          2122, 2124, 2125, -1,
          2123, 2124, 2122, -1,
          2125, 2126, 2127, -1,
          2127, 2126, 2128, -1,
          2124, 2126, 2125, -1,
          2126, 2129, 2128, -1,
          2128, 2130, 2131, -1,
          2129, 2130, 2128, -1,
          2131, 2132, 2133, -1,
          2130, 2132, 2131, -1,
          2133, 2134, 2135, -1,
          2135, 2134, 2136, -1,
          2132, 2134, 2133, -1,
          2134, 2137, 2136, -1,
          2136, 2138, 2139, -1,
          2139, 2138, 2140, -1,
          2137, 2138, 2136, -1,
          2140, 2141, 2142, -1,
          2138, 2141, 2140, -1,
          2141, 2143, 2142, -1,
          2143, 2144, 2142, -1,
          2142, 2144, 2145, -1,
          2144, 2146, 2145, -1,
          2145, 2146, 2147, -1,
          2146, 2148, 2147, -1,
          2147, 2148, 2149, -1,
          2148, 558, 2149, -1,
          2149, 558, 2063, -1,
          2150, 583, 2151, -1,
          2152, 585, 2150, -1,
          2150, 585, 583, -1,
          2151, 581, 2153, -1,
          583, 581, 2151, -1,
          2154, 587, 2152, -1,
          2152, 587, 585, -1,
          2153, 578, 2155, -1,
          581, 578, 2153, -1,
          2154, 588, 587, -1,
          2154, 2156, 588, -1,
          2155, 577, 2157, -1,
          578, 577, 2155, -1,
          2156, 590, 588, -1,
          2156, 479, 590, -1,
          577, 575, 2157, -1,
          2157, 575, 2158, -1,
          479, 592, 590, -1,
          479, 477, 592, -1,
          575, 573, 2158, -1,
          2158, 573, 2159, -1,
          477, 2160, 592, -1,
          477, 475, 2160, -1,
          573, 571, 2159, -1,
          2159, 571, 2161, -1,
          475, 2162, 2160, -1,
          475, 473, 2162, -1,
          2161, 569, 2163, -1,
          571, 569, 2161, -1,
          473, 2164, 2162, -1,
          473, 471, 2164, -1,
          2163, 567, 2165, -1,
          569, 567, 2163, -1,
          471, 2166, 2164, -1,
          567, 565, 2165, -1,
          2166, 469, 2167, -1,
          471, 469, 2166, -1,
          565, 2168, 2165, -1,
          565, 563, 2168, -1,
          2167, 467, 2169, -1,
          469, 467, 2167, -1,
          563, 2170, 2168, -1,
          563, 561, 2170, -1,
          2169, 465, 2171, -1,
          467, 465, 2169, -1,
          561, 2172, 2170, -1,
          561, 559, 2172, -1,
          2171, 463, 2173, -1,
          465, 463, 2171, -1,
          559, 2174, 2172, -1,
          559, 556, 2174, -1,
          2173, 461, 2175, -1,
          463, 461, 2173, -1,
          556, 443, 2174, -1,
          556, 2176, 443, -1,
          2175, 459, 2177, -1,
          461, 459, 2175, -1,
          2176, 444, 443, -1,
          2176, 2178, 444, -1,
          2177, 457, 2179, -1,
          459, 457, 2177, -1,
          2180, 447, 2178, -1,
          2178, 447, 444, -1,
          457, 455, 2179, -1,
          2179, 455, 2181, -1,
          2180, 449, 447, -1,
          2182, 449, 2180, -1,
          455, 453, 2181, -1,
          2181, 453, 2183, -1,
          2182, 451, 449, -1,
          453, 451, 2183, -1,
          2183, 451, 2182, -1,
          2184, 373, 2185, -1,
          2186, 376, 2184, -1,
          2184, 376, 373, -1,
          2185, 372, 2187, -1,
          373, 372, 2185, -1,
          2188, 378, 2186, -1,
          2186, 378, 376, -1,
          2187, 370, 2189, -1,
          372, 370, 2187, -1,
          2190, 379, 2188, -1,
          2188, 379, 378, -1,
          370, 368, 2189, -1,
          2189, 368, 2191, -1,
          2190, 381, 379, -1,
          2190, 517, 381, -1,
          368, 366, 2191, -1,
          2191, 366, 2192, -1,
          517, 383, 381, -1,
          517, 515, 383, -1,
          366, 364, 2192, -1,
          2192, 364, 2193, -1,
          515, 2194, 383, -1,
          515, 513, 2194, -1,
          364, 362, 2193, -1,
          2193, 362, 2195, -1,
          513, 2196, 2194, -1,
          513, 511, 2196, -1,
          362, 360, 2195, -1,
          2195, 360, 2197, -1,
          511, 2198, 2196, -1,
          511, 509, 2198, -1,
          360, 358, 2197, -1,
          2197, 358, 2199, -1,
          509, 2200, 2198, -1,
          358, 356, 2199, -1,
          509, 507, 2200, -1,
          2200, 507, 2201, -1,
          356, 2202, 2199, -1,
          356, 354, 2202, -1,
          2201, 505, 2203, -1,
          507, 505, 2201, -1,
          354, 2204, 2202, -1,
          354, 352, 2204, -1,
          2203, 503, 2205, -1,
          505, 503, 2203, -1,
          352, 2206, 2204, -1,
          352, 350, 2206, -1,
          2205, 501, 2207, -1,
          503, 501, 2205, -1,
          350, 2208, 2206, -1,
          350, 347, 2208, -1,
          501, 2209, 2207, -1,
          501, 499, 2209, -1,
          347, 481, 2208, -1,
          347, 2210, 481, -1,
          2209, 497, 2211, -1,
          499, 497, 2209, -1,
          2212, 482, 2210, -1,
          2210, 482, 481, -1,
          2211, 495, 2213, -1,
          497, 495, 2211, -1,
          2214, 485, 2212, -1,
          2212, 485, 482, -1,
          495, 493, 2213, -1,
          2213, 493, 2215, -1,
          2214, 487, 485, -1,
          2216, 487, 2214, -1,
          493, 491, 2215, -1,
          2215, 491, 2217, -1,
          2216, 489, 487, -1,
          491, 489, 2217, -1,
          2217, 489, 2216, -1,
          2218, 2219, 2220, -1,
          2218, 2220, 2221, -1,
          2222, 2219, 2218, -1,
          2223, 2219, 2222, -1,
          2022, 2023, 2224, -1,
          2022, 2224, 2225, -1,
          2225, 2224, 2226, -1,
          2225, 2226, 2227, -1,
          2227, 2226, 2223, -1,
          2223, 2226, 2219, -1,
          2228, 2229, 2230, -1,
          2230, 2231, 2232, -1,
          2229, 2231, 2230, -1,
          2233, 2234, 2228, -1,
          2228, 2234, 2229, -1,
          2232, 2235, 2236, -1,
          2231, 2235, 2232, -1,
          2237, 2238, 2233, -1,
          2233, 2238, 2234, -1,
          2236, 2239, 2240, -1,
          2235, 2239, 2236, -1,
          2241, 2242, 2237, -1,
          2237, 2242, 2238, -1,
          2239, 2243, 2240, -1,
          2243, 2244, 2240, -1,
          2241, 441, 2242, -1,
          555, 441, 2241, -1,
          2243, 2245, 2244, -1,
          2245, 2246, 2244, -1,
          553, 440, 555, -1,
          555, 440, 441, -1,
          2245, 2247, 2246, -1,
          553, 551, 440, -1,
          2247, 2248, 2246, -1,
          551, 439, 440, -1,
          2247, 2249, 2248, -1,
          2249, 2250, 2248, -1,
          549, 438, 551, -1,
          551, 438, 439, -1,
          2249, 2251, 2250, -1,
          549, 547, 438, -1,
          547, 437, 438, -1,
          2250, 2252, 2253, -1,
          2251, 2252, 2250, -1,
          2252, 2254, 2253, -1,
          437, 545, 436, -1,
          547, 545, 437, -1,
          2254, 2255, 2253, -1,
          2254, 2256, 2255, -1,
          436, 543, 435, -1,
          545, 543, 436, -1,
          2256, 2257, 2255, -1,
          435, 541, 434, -1,
          543, 541, 435, -1,
          2256, 2258, 2257, -1,
          2259, 2258, 2256, -1,
          434, 539, 433, -1,
          541, 539, 434, -1,
          2260, 2261, 2259, -1,
          2259, 2261, 2258, -1,
          539, 537, 433, -1,
          433, 537, 432, -1,
          424, 519, 2260, -1,
          2260, 519, 2261, -1,
          432, 535, 431, -1,
          537, 535, 432, -1,
          423, 520, 424, -1,
          424, 520, 519, -1,
          431, 533, 430, -1,
          535, 533, 431, -1,
          426, 523, 425, -1,
          425, 523, 423, -1,
          423, 523, 520, -1,
          533, 531, 430, -1,
          430, 531, 429, -1,
          426, 525, 523, -1,
          427, 525, 426, -1,
          429, 529, 428, -1,
          428, 529, 427, -1,
          531, 529, 429, -1,
          529, 527, 427, -1,
          427, 527, 525, -1,
          2076, 599, 600, -1,
          2077, 598, 599, -1,
          2077, 599, 2076, -1,
          2078, 597, 598, -1,
          2078, 598, 2077, -1,
          2075, 600, 601, -1,
          2075, 2076, 600, -1,
          2079, 596, 597, -1,
          2079, 597, 2078, -1,
          2074, 2075, 601, -1,
          602, 2074, 601, -1,
          2080, 595, 596, -1,
          2080, 596, 2079, -1,
          2073, 2074, 602, -1,
          603, 2073, 602, -1,
          2081, 595, 2080, -1,
          2081, 594, 595, -1,
          2072, 2073, 603, -1,
          604, 2072, 603, -1,
          2117, 594, 2081, -1,
          2117, 2262, 594, -1,
          2071, 2072, 604, -1,
          605, 2071, 604, -1,
          2119, 2263, 2262, -1,
          2119, 2262, 2117, -1,
          2070, 2071, 605, -1,
          606, 2070, 605, -1,
          2121, 2264, 2263, -1,
          2121, 2263, 2119, -1,
          2069, 2070, 606, -1,
          607, 2069, 606, -1,
          2122, 2264, 2121, -1,
          2122, 2265, 2264, -1,
          2068, 2069, 607, -1,
          608, 2068, 607, -1,
          608, 2067, 2068, -1,
          2266, 2122, 2125, -1,
          2266, 2265, 2122, -1,
          609, 2067, 608, -1,
          609, 2066, 2067, -1,
          2267, 2125, 2127, -1,
          2267, 2266, 2125, -1,
          2128, 2267, 2127, -1,
          610, 2065, 2066, -1,
          610, 2066, 609, -1,
          2268, 2267, 2128, -1,
          611, 2064, 2065, -1,
          611, 2065, 610, -1,
          2269, 2128, 2131, -1,
          2269, 2268, 2128, -1,
          2133, 2269, 2131, -1,
          2270, 2269, 2133, -1,
          612, 2063, 2064, -1,
          612, 2064, 611, -1,
          2271, 2133, 2135, -1,
          2271, 2270, 2133, -1,
          2272, 2063, 612, -1,
          2272, 2149, 2063, -1,
          2136, 2271, 2135, -1,
          2273, 2136, 2139, -1,
          2273, 2271, 2136, -1,
          2274, 2147, 2149, -1,
          2274, 2149, 2272, -1,
          2275, 2147, 2274, -1,
          2275, 2145, 2147, -1,
          2276, 2273, 2139, -1,
          2276, 2139, 2140, -1,
          2277, 2145, 2275, -1,
          2277, 2142, 2145, -1,
          2278, 2276, 2140, -1,
          2278, 2142, 2277, -1,
          2278, 2140, 2142, -1,
          384, 2279, 612, -1,
          612, 2279, 2272, -1,
          2272, 2280, 2274, -1,
          2279, 2280, 2272, -1,
          2274, 2281, 2275, -1,
          2280, 2281, 2274, -1,
          2275, 2282, 2277, -1,
          2281, 2282, 2275, -1,
          2277, 2283, 2278, -1,
          2282, 2283, 2277, -1,
          2278, 2284, 2276, -1,
          2283, 2284, 2278, -1,
          2276, 2285, 2273, -1,
          2284, 2285, 2276, -1,
          2273, 2286, 2271, -1,
          2285, 2286, 2273, -1,
          2271, 2287, 2270, -1,
          2286, 2287, 2271, -1,
          2270, 2288, 2269, -1,
          2287, 2288, 2270, -1,
          2269, 2289, 2268, -1,
          2288, 2289, 2269, -1,
          2268, 2290, 2267, -1,
          2289, 2290, 2268, -1,
          2267, 2291, 2266, -1,
          2290, 2291, 2267, -1,
          2266, 2292, 2265, -1,
          2291, 2292, 2266, -1,
          2292, 2293, 2265, -1,
          2265, 2293, 2264, -1,
          2293, 2294, 2264, -1,
          2264, 2294, 2263, -1,
          2294, 2295, 2263, -1,
          2263, 2295, 2262, -1,
          2295, 349, 2262, -1,
          2262, 349, 594, -1,
          592, 2116, 593, -1,
          592, 2160, 2116, -1,
          2160, 2118, 2116, -1,
          2160, 2162, 2118, -1,
          2162, 2120, 2118, -1,
          2162, 2164, 2120, -1,
          2164, 2123, 2120, -1,
          2164, 2166, 2123, -1,
          2166, 2124, 2123, -1,
          2166, 2167, 2124, -1,
          2167, 2126, 2124, -1,
          2167, 2169, 2126, -1,
          2169, 2129, 2126, -1,
          2169, 2171, 2129, -1,
          2171, 2130, 2129, -1,
          2171, 2173, 2130, -1,
          2173, 2132, 2130, -1,
          2173, 2175, 2132, -1,
          2175, 2134, 2132, -1,
          2175, 2177, 2134, -1,
          2134, 2179, 2137, -1,
          2177, 2179, 2134, -1,
          2179, 2138, 2137, -1,
          2179, 2181, 2138, -1,
          2181, 2141, 2138, -1,
          2181, 2183, 2141, -1,
          2141, 2182, 2143, -1,
          2183, 2182, 2141, -1,
          2182, 2144, 2143, -1,
          2182, 2180, 2144, -1,
          2180, 2178, 2144, -1,
          2144, 2178, 2146, -1,
          2178, 2176, 2146, -1,
          2146, 2176, 2148, -1,
          2176, 558, 2148, -1,
          2176, 556, 558, -1,
          2012, 554, 555, -1,
          2012, 555, 2241, -1,
          1989, 2241, 2237, -1,
          1989, 2012, 2241, -1,
          1965, 2237, 2233, -1,
          1965, 1989, 2237, -1,
          1918, 2233, 2228, -1,
          1918, 1965, 2233, -1,
          1816, 2228, 2230, -1,
          1816, 1918, 2228, -1,
          1804, 2230, 2232, -1,
          1804, 1816, 2230, -1,
          1801, 2232, 2236, -1,
          1801, 1804, 2232, -1,
          1800, 2236, 2240, -1,
          1800, 1801, 2236, -1,
          1798, 2240, 2244, -1,
          1798, 1800, 2240, -1,
          1796, 2244, 2246, -1,
          1796, 1798, 2244, -1,
          1794, 2246, 2248, -1,
          1794, 1796, 2246, -1,
          1790, 2248, 2250, -1,
          1790, 1794, 2248, -1,
          1785, 2250, 2253, -1,
          1785, 1790, 2250, -1,
          1725, 2253, 2255, -1,
          1725, 1785, 2253, -1,
          1688, 2255, 2257, -1,
          1688, 1725, 2255, -1,
          1598, 1688, 2257, -1,
          1598, 2257, 2258, -1,
          1507, 2258, 2261, -1,
          1507, 1598, 2258, -1,
          521, 2261, 519, -1,
          521, 1507, 2261, -1,
          1344, 516, 517, -1,
          1344, 517, 2190, -1,
          1470, 2190, 2188, -1,
          1470, 1344, 2190, -1,
          1506, 2188, 2186, -1,
          1506, 1470, 2188, -1,
          1668, 2186, 2184, -1,
          1668, 1506, 2186, -1,
          1718, 2184, 2185, -1,
          1718, 1668, 2184, -1,
          1771, 2185, 2187, -1,
          1771, 1718, 2185, -1,
          1784, 2187, 2189, -1,
          1784, 1771, 2187, -1,
          1795, 2189, 2191, -1,
          1795, 1784, 2189, -1,
          1797, 2191, 2192, -1,
          1797, 1795, 2191, -1,
          1799, 2192, 2193, -1,
          1799, 1797, 2192, -1,
          1802, 2193, 2195, -1,
          1802, 1799, 2193, -1,
          1803, 2195, 2197, -1,
          1803, 1802, 2195, -1,
          1806, 2197, 2199, -1,
          1806, 1803, 2197, -1,
          1807, 2199, 2202, -1,
          1807, 1806, 2199, -1,
          1831, 2202, 2204, -1,
          1831, 1807, 2202, -1,
          1962, 1831, 2204, -1,
          1962, 2204, 2206, -1,
          1981, 2206, 2208, -1,
          1981, 1962, 2206, -1,
          483, 2208, 481, -1,
          483, 1981, 2208, -1,
          2115, 478, 479, -1,
          2115, 479, 2156, -1,
          2113, 2156, 2154, -1,
          2113, 2115, 2156, -1,
          2111, 2154, 2152, -1,
          2111, 2113, 2154, -1,
          2109, 2152, 2150, -1,
          2109, 2111, 2152, -1,
          2107, 2150, 2151, -1,
          2107, 2109, 2150, -1,
          2105, 2151, 2153, -1,
          2105, 2107, 2151, -1,
          2103, 2153, 2155, -1,
          2103, 2105, 2153, -1,
          2101, 2155, 2157, -1,
          2101, 2103, 2155, -1,
          2099, 2157, 2158, -1,
          2099, 2101, 2157, -1,
          2097, 2158, 2159, -1,
          2097, 2099, 2158, -1,
          2095, 2159, 2161, -1,
          2095, 2097, 2159, -1,
          2093, 2161, 2163, -1,
          2093, 2095, 2161, -1,
          2091, 2163, 2165, -1,
          2091, 2093, 2163, -1,
          2089, 2165, 2168, -1,
          2089, 2091, 2165, -1,
          2087, 2168, 2170, -1,
          2087, 2089, 2168, -1,
          2085, 2087, 2170, -1,
          2085, 2170, 2172, -1,
          2083, 2172, 2174, -1,
          2083, 2085, 2172, -1,
          445, 2174, 443, -1,
          445, 2083, 2174, -1,
          2242, 441, 386, -1,
          2242, 386, 2296, -1,
          2238, 2296, 2297, -1,
          2238, 2242, 2296, -1,
          2234, 2297, 2298, -1,
          2234, 2238, 2297, -1,
          2229, 2298, 2299, -1,
          2229, 2234, 2298, -1,
          2231, 2299, 2300, -1,
          2231, 2229, 2299, -1,
          2235, 2300, 2301, -1,
          2235, 2231, 2300, -1,
          2239, 2301, 2302, -1,
          2239, 2235, 2301, -1,
          2243, 2302, 2303, -1,
          2243, 2239, 2302, -1,
          2245, 2303, 2304, -1,
          2245, 2243, 2303, -1,
          2247, 2304, 2305, -1,
          2247, 2245, 2304, -1,
          2249, 2305, 2306, -1,
          2249, 2247, 2305, -1,
          2307, 2249, 2306, -1,
          2251, 2249, 2307, -1,
          2252, 2307, 2308, -1,
          2252, 2251, 2307, -1,
          2254, 2308, 2309, -1,
          2254, 2252, 2308, -1,
          2256, 2309, 2310, -1,
          2256, 2254, 2309, -1,
          2311, 2256, 2310, -1,
          2259, 2256, 2311, -1,
          2260, 2311, 2312, -1,
          2260, 2259, 2311, -1,
          424, 2312, 422, -1,
          424, 2260, 2312, -1,
          2082, 421, 422, -1,
          2082, 422, 2312, -1,
          2084, 2312, 2311, -1,
          2084, 2082, 2312, -1,
          2086, 2311, 2310, -1,
          2086, 2084, 2311, -1,
          2309, 2086, 2310, -1,
          2088, 2086, 2309, -1,
          2090, 2309, 2308, -1,
          2090, 2088, 2309, -1,
          2307, 2090, 2308, -1,
          2092, 2090, 2307, -1,
          2094, 2307, 2306, -1,
          2094, 2092, 2307, -1,
          2305, 2094, 2306, -1,
          2096, 2094, 2305, -1,
          2098, 2305, 2304, -1,
          2098, 2096, 2305, -1,
          2303, 2098, 2304, -1,
          2100, 2098, 2303, -1,
          2102, 2303, 2302, -1,
          2102, 2100, 2303, -1,
          2104, 2302, 2301, -1,
          2104, 2102, 2302, -1,
          2300, 2104, 2301, -1,
          2106, 2104, 2300, -1,
          2108, 2300, 2299, -1,
          2108, 2106, 2300, -1,
          2110, 2299, 2298, -1,
          2110, 2108, 2299, -1,
          2112, 2110, 2298, -1,
          2112, 2298, 2297, -1,
          2114, 2112, 2297, -1,
          2114, 2297, 2296, -1,
          388, 2114, 2296, -1,
          388, 2296, 386, -1,
          383, 2279, 384, -1,
          383, 2194, 2279, -1,
          2194, 2280, 2279, -1,
          2194, 2196, 2280, -1,
          2196, 2281, 2280, -1,
          2196, 2198, 2281, -1,
          2198, 2282, 2281, -1,
          2198, 2200, 2282, -1,
          2200, 2283, 2282, -1,
          2200, 2201, 2283, -1,
          2201, 2284, 2283, -1,
          2201, 2203, 2284, -1,
          2284, 2205, 2285, -1,
          2203, 2205, 2284, -1,
          2205, 2286, 2285, -1,
          2205, 2207, 2286, -1,
          2207, 2287, 2286, -1,
          2207, 2209, 2287, -1,
          2209, 2288, 2287, -1,
          2209, 2211, 2288, -1,
          2211, 2289, 2288, -1,
          2211, 2213, 2289, -1,
          2213, 2290, 2289, -1,
          2213, 2215, 2290, -1,
          2290, 2217, 2291, -1,
          2215, 2217, 2290, -1,
          2217, 2292, 2291, -1,
          2217, 2216, 2292, -1,
          2216, 2293, 2292, -1,
          2216, 2214, 2293, -1,
          2214, 2294, 2293, -1,
          2214, 2212, 2294, -1,
          2212, 2295, 2294, -1,
          2212, 2210, 2295, -1,
          2210, 347, 2295, -1,
          2295, 347, 349, -1,
          710, 704, 2313, -1,
          710, 2313, 2314, -1,
          712, 710, 2314, -1,
          2315, 712, 2314, -1,
          716, 712, 2315, -1,
          2316, 716, 2315, -1,
          717, 716, 2316, -1,
          2317, 717, 2316, -1,
          2318, 717, 2317, -1,
          715, 717, 2318, -1,
          2319, 715, 2318, -1,
          2319, 726, 715, -1,
          727, 726, 2319, -1,
          2320, 727, 2319, -1,
          719, 727, 2320, -1,
          2321, 719, 2320, -1,
          720, 719, 2321, -1,
          720, 2321, 2322, -1,
          2323, 720, 2322, -1,
          2323, 721, 720, -1,
          722, 721, 2323, -1,
          2324, 722, 2323, -1,
          723, 722, 2324, -1,
          2325, 723, 2324, -1,
          718, 723, 2325, -1,
          718, 2325, 2326, -1,
          704, 713, 2313, -1,
          713, 2327, 2313, -1,
          713, 714, 2327, -1,
          714, 2328, 2327, -1,
          714, 718, 2328, -1,
          718, 2326, 2328, -1,
          2315, 2314, 2313, -1,
          2315, 2313, 2327, -1,
          2316, 2315, 2327, -1,
          2317, 2327, 2328, -1,
          2317, 2316, 2327, -1,
          2322, 2317, 2328, -1,
          2323, 2322, 2328, -1,
          2324, 2328, 2326, -1,
          2324, 2323, 2328, -1,
          2325, 2324, 2326, -1,
          2319, 2318, 2317, -1,
          2320, 2319, 2317, -1,
          2320, 2317, 2322, -1,
          2321, 2320, 2322, -1,
          698, 692, 2329, -1,
          698, 2329, 2330, -1,
          691, 690, 2331, -1,
          690, 2332, 2331, -1,
          690, 693, 2332, -1,
          693, 2333, 2332, -1,
          698, 2330, 693, -1,
          693, 2330, 2333, -1,
          680, 691, 2331, -1,
          680, 2331, 2334, -1,
          663, 678, 2335, -1,
          678, 2336, 2335, -1,
          678, 679, 2336, -1,
          679, 2337, 2336, -1,
          679, 680, 2337, -1,
          680, 2334, 2337, -1,
          681, 663, 2335, -1,
          681, 2335, 2338, -1,
          705, 681, 2338, -1,
          2339, 705, 2338, -1,
          706, 705, 2339, -1,
          2340, 706, 2339, -1,
          694, 706, 2340, -1,
          2341, 694, 2340, -1,
          695, 694, 2341, -1,
          695, 2341, 2342, -1,
          696, 695, 2342, -1,
          2343, 696, 2342, -1,
          702, 696, 2343, -1,
          2344, 702, 2343, -1,
          703, 702, 2344, -1,
          2345, 703, 2344, -1,
          701, 703, 2345, -1,
          701, 2345, 2346, -1,
          724, 701, 2346, -1,
          2347, 724, 2346, -1,
          725, 724, 2347, -1,
          2348, 725, 2347, -1,
          711, 725, 2348, -1,
          2349, 711, 2348, -1,
          700, 711, 2349, -1,
          700, 2349, 2350, -1,
          692, 697, 2329, -1,
          697, 2351, 2329, -1,
          697, 699, 2351, -1,
          699, 2352, 2351, -1,
          699, 700, 2352, -1,
          700, 2350, 2352, -1,
          2331, 2335, 2336, -1,
          2331, 2336, 2337, -1,
          2331, 2337, 2334, -1,
          2330, 2329, 2351, -1,
          2330, 2351, 2352, -1,
          2330, 2352, 2350, -1,
          2342, 2335, 2331, -1,
          2343, 2331, 2332, -1,
          2343, 2342, 2331, -1,
          2344, 2332, 2333, -1,
          2344, 2343, 2332, -1,
          2345, 2333, 2330, -1,
          2345, 2330, 2350, -1,
          2345, 2344, 2333, -1,
          2338, 2335, 2342, -1,
          2339, 2338, 2342, -1,
          2340, 2339, 2342, -1,
          2341, 2340, 2342, -1,
          2347, 2346, 2345, -1,
          2348, 2347, 2345, -1,
          2349, 2345, 2350, -1,
          2349, 2348, 2345, -1,
          653, 656, 2353, -1,
          2354, 653, 2353, -1,
          2355, 651, 653, -1,
          2355, 653, 2354, -1,
          2356, 648, 651, -1,
          2356, 651, 2355, -1,
          642, 648, 2356, -1,
          2357, 642, 2356, -1,
          640, 642, 2357, -1,
          2358, 640, 2357, -1,
          637, 640, 2358, -1,
          2359, 637, 2358, -1,
          636, 637, 2359, -1,
          2360, 636, 2359, -1,
          635, 636, 2360, -1,
          2361, 635, 2360, -1,
          2362, 638, 635, -1,
          2362, 635, 2361, -1,
          2363, 639, 638, -1,
          2363, 638, 2362, -1,
          641, 639, 2363, -1,
          2364, 641, 2363, -1,
          644, 641, 2364, -1,
          2365, 644, 2364, -1,
          649, 644, 2365, -1,
          2366, 649, 2365, -1,
          650, 649, 2366, -1,
          2367, 650, 2366, -1,
          2368, 652, 650, -1,
          2368, 650, 2367, -1,
          2369, 654, 652, -1,
          2369, 652, 2368, -1,
          2370, 655, 654, -1,
          2370, 654, 2369, -1,
          657, 655, 2370, -1,
          2371, 657, 2370, -1,
          670, 657, 2371, -1,
          2372, 670, 2371, -1,
          671, 670, 2372, -1,
          2373, 671, 2372, -1,
          672, 671, 2373, -1,
          2374, 672, 2373, -1,
          673, 672, 2374, -1,
          2375, 673, 2374, -1,
          2376, 674, 673, -1,
          2376, 673, 2375, -1,
          2377, 675, 674, -1,
          2377, 674, 2376, -1,
          707, 675, 2377, -1,
          2378, 707, 2377, -1,
          708, 707, 2378, -1,
          2379, 708, 2378, -1,
          709, 708, 2379, -1,
          2380, 709, 2379, -1,
          682, 709, 2380, -1,
          2381, 682, 2380, -1,
          2382, 683, 682, -1,
          2382, 682, 2381, -1,
          2383, 684, 683, -1,
          2383, 683, 2382, -1,
          2384, 685, 684, -1,
          2384, 684, 2383, -1,
          686, 685, 2384, -1,
          2385, 686, 2384, -1,
          687, 686, 2385, -1,
          2386, 687, 2385, -1,
          688, 687, 2386, -1,
          2387, 688, 2386, -1,
          689, 688, 2387, -1,
          2388, 689, 2387, -1,
          669, 689, 2388, -1,
          2389, 669, 2388, -1,
          664, 669, 2389, -1,
          2390, 664, 2389, -1,
          2391, 665, 664, -1,
          2391, 664, 2390, -1,
          2392, 666, 665, -1,
          2392, 665, 2391, -1,
          2393, 667, 666, -1,
          2393, 666, 2392, -1,
          668, 667, 2393, -1,
          2394, 668, 2393, -1,
          662, 668, 2394, -1,
          2395, 662, 2394, -1,
          661, 662, 2395, -1,
          2396, 661, 2395, -1,
          660, 661, 2396, -1,
          2397, 660, 2396, -1,
          659, 660, 2397, -1,
          2398, 659, 2397, -1,
          658, 659, 2398, -1,
          2399, 658, 2398, -1,
          656, 658, 2399, -1,
          2353, 656, 2399, -1,
          2400, 2359, 2358, -1,
          2401, 2400, 2358, -1,
          2401, 2358, 2357, -1,
          2402, 2359, 2400, -1,
          2403, 2401, 2357, -1,
          2403, 2356, 2355, -1,
          2403, 2357, 2356, -1,
          2404, 2359, 2402, -1,
          2404, 2360, 2359, -1,
          2405, 2403, 2355, -1,
          2405, 2355, 2354, -1,
          2406, 2360, 2404, -1,
          2406, 2361, 2360, -1,
          2407, 2354, 2353, -1,
          2407, 2405, 2354, -1,
          2407, 2399, 2398, -1,
          2407, 2353, 2399, -1,
          2408, 2361, 2406, -1,
          2409, 2407, 2398, -1,
          2409, 2396, 2395, -1,
          2409, 2397, 2396, -1,
          2409, 2398, 2397, -1,
          2410, 2409, 2395, -1,
          2411, 2362, 2361, -1,
          2411, 2361, 2408, -1,
          2394, 2410, 2395, -1,
          2394, 2412, 2410, -1,
          2413, 2362, 2411, -1,
          2413, 2363, 2362, -1,
          2393, 2412, 2394, -1,
          2393, 2414, 2412, -1,
          2415, 2364, 2363, -1,
          2415, 2363, 2413, -1,
          2392, 2414, 2393, -1,
          2392, 2416, 2414, -1,
          2392, 2417, 2416, -1,
          2418, 2365, 2364, -1,
          2418, 2366, 2365, -1,
          2418, 2364, 2415, -1,
          2391, 2419, 2417, -1,
          2391, 2420, 2419, -1,
          2391, 2421, 2420, -1,
          2391, 2417, 2392, -1,
          2422, 2366, 2418, -1,
          2423, 2367, 2366, -1,
          2423, 2366, 2422, -1,
          2424, 2367, 2423, -1,
          2390, 2425, 2421, -1,
          2390, 2426, 2425, -1,
          2390, 2421, 2391, -1,
          2427, 2368, 2367, -1,
          2427, 2367, 2424, -1,
          2428, 2368, 2427, -1,
          2428, 2369, 2368, -1,
          2429, 2369, 2428, -1,
          2430, 2369, 2429, -1,
          2430, 2370, 2369, -1,
          2431, 2370, 2430, -1,
          2371, 2370, 2431, -1,
          2389, 2426, 2390, -1,
          2389, 2432, 2426, -1,
          2372, 2371, 2431, -1,
          2372, 2431, 2433, -1,
          2388, 2432, 2389, -1,
          2388, 2434, 2432, -1,
          2373, 2372, 2433, -1,
          2387, 2434, 2388, -1,
          2387, 2435, 2434, -1,
          2374, 2373, 2433, -1,
          2386, 2435, 2387, -1,
          2386, 2436, 2435, -1,
          2386, 2437, 2436, -1,
          2375, 2374, 2433, -1,
          2375, 2433, 2438, -1,
          2385, 2439, 2437, -1,
          2385, 2437, 2386, -1,
          2376, 2375, 2438, -1,
          2377, 2376, 2438, -1,
          2384, 2439, 2385, -1,
          2384, 2440, 2439, -1,
          2384, 2441, 2440, -1,
          2383, 2441, 2384, -1,
          2383, 2442, 2441, -1,
          2378, 2377, 2438, -1,
          2378, 2438, 2443, -1,
          2382, 2444, 2442, -1,
          2382, 2442, 2383, -1,
          2379, 2378, 2443, -1,
          2381, 2444, 2382, -1,
          2380, 2443, 2444, -1,
          2380, 2379, 2443, -1,
          2380, 2444, 2381, -1,
          2433, 2445, 2438, -1,
          2433, 2446, 2445, -1,
          2431, 2447, 2446, -1,
          2431, 2446, 2433, -1,
          2430, 2448, 2447, -1,
          2430, 2447, 2431, -1,
          2429, 2449, 2448, -1,
          2429, 2448, 2430, -1,
          2428, 2450, 2449, -1,
          2428, 2449, 2429, -1,
          2427, 2451, 2450, -1,
          2427, 2450, 2428, -1,
          2424, 2452, 2451, -1,
          2424, 2451, 2427, -1,
          2423, 2453, 2452, -1,
          2423, 2452, 2424, -1,
          2422, 2454, 2453, -1,
          2422, 2453, 2423, -1,
          2418, 2455, 2454, -1,
          2418, 2454, 2422, -1,
          2415, 2456, 2455, -1,
          2415, 2455, 2418, -1,
          2413, 2456, 2415, -1,
          2413, 2457, 2456, -1,
          2411, 2458, 2457, -1,
          2411, 2457, 2413, -1,
          2408, 2459, 2458, -1,
          2408, 2458, 2411, -1,
          2406, 2460, 2459, -1,
          2406, 2459, 2408, -1,
          2404, 2461, 2460, -1,
          2404, 2460, 2406, -1,
          2402, 2462, 2461, -1,
          2402, 2461, 2404, -1,
          2400, 2463, 2462, -1,
          2400, 2462, 2402, -1,
          2401, 2464, 2463, -1,
          2401, 2463, 2400, -1,
          2403, 2465, 2464, -1,
          2403, 2464, 2401, -1,
          2466, 2465, 2403, -1,
          2405, 2466, 2403, -1,
          2467, 2466, 2405, -1,
          2407, 2467, 2405, -1,
          2409, 2467, 2407, -1,
          2409, 2468, 2467, -1,
          2410, 2469, 2468, -1,
          2410, 2468, 2409, -1,
          2412, 2470, 2469, -1,
          2412, 2469, 2410, -1,
          2414, 2471, 2470, -1,
          2414, 2470, 2412, -1,
          2416, 2472, 2471, -1,
          2416, 2471, 2414, -1,
          2417, 2473, 2472, -1,
          2417, 2472, 2416, -1,
          2474, 2473, 2417, -1,
          2419, 2474, 2417, -1,
          2475, 2474, 2419, -1,
          2420, 2475, 2419, -1,
          2476, 2475, 2420, -1,
          2421, 2476, 2420, -1,
          2477, 2476, 2421, -1,
          2425, 2477, 2421, -1,
          2478, 2477, 2425, -1,
          2426, 2478, 2425, -1,
          2479, 2478, 2426, -1,
          2432, 2479, 2426, -1,
          2434, 2480, 2479, -1,
          2434, 2479, 2432, -1,
          2435, 2481, 2480, -1,
          2435, 2480, 2434, -1,
          2436, 2482, 2481, -1,
          2436, 2481, 2435, -1,
          2437, 2483, 2482, -1,
          2437, 2482, 2436, -1,
          2439, 2484, 2483, -1,
          2439, 2483, 2437, -1,
          2440, 2485, 2484, -1,
          2440, 2484, 2439, -1,
          2441, 2486, 2485, -1,
          2441, 2485, 2440, -1,
          2442, 2487, 2486, -1,
          2442, 2486, 2441, -1,
          2444, 2488, 2487, -1,
          2444, 2487, 2442, -1,
          2443, 2489, 2488, -1,
          2443, 2488, 2444, -1,
          2438, 2445, 2489, -1,
          2438, 2489, 2443, -1,
          2468, 2465, 2466, -1,
          2468, 2466, 2467, -1,
          2469, 2464, 2465, -1,
          2469, 2465, 2468, -1,
          2470, 2463, 2464, -1,
          2470, 2464, 2469, -1,
          2471, 2462, 2463, -1,
          2471, 2463, 2470, -1,
          2472, 2461, 2462, -1,
          2472, 2462, 2471, -1,
          2473, 2460, 2461, -1,
          2473, 2461, 2472, -1,
          2474, 2459, 2460, -1,
          2474, 2460, 2473, -1,
          2475, 2458, 2459, -1,
          2475, 2459, 2474, -1,
          2476, 2458, 2475, -1,
          2477, 2457, 2458, -1,
          2477, 2458, 2476, -1,
          2478, 2456, 2457, -1,
          2478, 2457, 2477, -1,
          2479, 2455, 2456, -1,
          2479, 2456, 2478, -1,
          2480, 2454, 2455, -1,
          2480, 2455, 2479, -1,
          2481, 2454, 2480, -1,
          2481, 2453, 2454, -1,
          2482, 2452, 2453, -1,
          2482, 2453, 2481, -1,
          2483, 2452, 2482, -1,
          2483, 2451, 2452, -1,
          2484, 2450, 2451, -1,
          2484, 2451, 2483, -1,
          2485, 2449, 2450, -1,
          2485, 2450, 2484, -1,
          2486, 2448, 2449, -1,
          2486, 2449, 2485, -1,
          2489, 2445, 2446, -1,
          2487, 2447, 2448, -1,
          2487, 2448, 2486, -1,
          2488, 2446, 2447, -1,
          2488, 2489, 2446, -1,
          2488, 2447, 2487, -1,
          618, 619, 2490, -1,
          619, 2491, 2490, -1,
          619, 620, 2491, -1,
          620, 2492, 2491, -1,
          620, 621, 2492, -1,
          621, 2493, 2492, -1,
          2494, 618, 2490, -1,
          2494, 617, 618, -1,
          2495, 616, 617, -1,
          2495, 617, 2494, -1,
          2496, 615, 616, -1,
          2496, 616, 2495, -1,
          613, 615, 2496, -1,
          2497, 613, 2496, -1,
          614, 613, 2497, -1,
          328, 614, 2497, -1,
          2006, 614, 328, -1,
          334, 2006, 328, -1,
          2003, 2006, 334, -1,
          335, 2003, 334, -1,
          2004, 2003, 335, -1,
          336, 2004, 335, -1,
          2005, 2004, 336, -1,
          337, 2005, 336, -1,
          2007, 2005, 337, -1,
          338, 2007, 337, -1,
          2008, 2007, 338, -1,
          339, 2008, 338, -1,
          340, 2008, 339, -1,
          340, 2009, 2008, -1,
          2011, 2009, 340, -1,
          333, 2011, 340, -1,
          2018, 2011, 333, -1,
          332, 2018, 333, -1,
          2020, 2018, 332, -1,
          331, 2020, 332, -1,
          330, 2021, 2020, -1,
          330, 2020, 331, -1,
          329, 2023, 2021, -1,
          329, 2021, 330, -1,
          2498, 2224, 2023, -1,
          2498, 2023, 329, -1,
          2499, 2226, 2224, -1,
          2499, 2224, 2498, -1,
          2219, 2226, 2499, -1,
          2500, 2219, 2499, -1,
          2220, 2219, 2500, -1,
          2501, 2220, 2500, -1,
          2221, 2220, 2501, -1,
          2502, 2221, 2501, -1,
          2503, 2221, 2502, -1,
          2503, 2218, 2221, -1,
          2504, 2222, 2218, -1,
          2504, 2218, 2503, -1,
          2505, 2223, 2222, -1,
          2505, 2222, 2504, -1,
          2227, 2223, 2505, -1,
          2506, 2227, 2505, -1,
          2225, 2227, 2506, -1,
          2507, 2225, 2506, -1,
          2022, 2225, 2507, -1,
          346, 2022, 2507, -1,
          343, 2019, 2022, -1,
          343, 2022, 346, -1,
          2017, 2019, 343, -1,
          342, 2017, 343, -1,
          341, 2017, 342, -1,
          341, 2024, 2017, -1,
          2025, 2024, 341, -1,
          344, 2025, 341, -1,
          645, 2025, 344, -1,
          345, 645, 344, -1,
          646, 645, 345, -1,
          2508, 646, 345, -1,
          647, 646, 2508, -1,
          2509, 647, 2508, -1,
          623, 647, 2509, -1,
          2510, 623, 2509, -1,
          2511, 623, 2510, -1,
          2511, 624, 623, -1,
          625, 624, 2511, -1,
          2512, 625, 2511, -1,
          2513, 626, 625, -1,
          2513, 625, 2512, -1,
          2514, 627, 626, -1,
          2514, 626, 2513, -1,
          628, 627, 2514, -1,
          2515, 628, 2514, -1,
          629, 628, 2515, -1,
          2516, 629, 2515, -1,
          630, 629, 2516, -1,
          2517, 630, 2516, -1,
          631, 630, 2517, -1,
          2518, 631, 2517, -1,
          2519, 631, 2518, -1,
          2519, 632, 631, -1,
          2520, 633, 632, -1,
          2520, 632, 2519, -1,
          634, 633, 2520, -1,
          2521, 634, 2520, -1,
          622, 634, 2521, -1,
          622, 2521, 2522, -1,
          676, 622, 2522, -1,
          2523, 676, 2522, -1,
          677, 676, 2523, -1,
          2524, 677, 2523, -1,
          643, 677, 2524, -1,
          2525, 643, 2524, -1,
          2493, 643, 2525, -1,
          621, 643, 2493, -1,
          2526, 328, 2527, -1,
          2528, 2494, 2490, -1,
          2528, 2495, 2494, -1,
          2528, 2496, 2495, -1,
          2528, 2497, 2496, -1,
          2528, 328, 2497, -1,
          2528, 2527, 328, -1,
          2529, 328, 2526, -1,
          2530, 328, 2529, -1,
          2531, 2528, 2490, -1,
          2532, 328, 2530, -1,
          2533, 2490, 2491, -1,
          2533, 2531, 2490, -1,
          2534, 328, 2532, -1,
          2535, 2533, 2491, -1,
          2536, 2535, 2491, -1,
          2537, 2491, 2492, -1,
          2537, 2492, 2493, -1,
          2537, 2536, 2491, -1,
          329, 328, 2534, -1,
          329, 2534, 2538, -1,
          329, 2539, 2540, -1,
          329, 2538, 2539, -1,
          2541, 329, 2540, -1,
          2542, 329, 2541, -1,
          2543, 329, 2542, -1,
          2544, 329, 2543, -1,
          2544, 2498, 329, -1,
          2499, 2498, 2544, -1,
          2499, 2544, 2545, -1,
          2500, 2499, 2545, -1,
          2501, 2500, 2545, -1,
          2502, 2501, 2545, -1,
          2502, 2546, 2547, -1,
          2502, 2545, 2546, -1,
          2548, 2537, 2493, -1,
          2514, 2502, 2515, -1,
          2516, 2515, 2502, -1,
          2516, 2502, 2547, -1,
          2517, 2547, 2549, -1,
          2517, 2549, 2550, -1,
          2517, 2516, 2547, -1,
          2513, 2502, 2514, -1,
          2518, 2517, 2550, -1,
          2519, 2550, 2548, -1,
          2519, 2518, 2550, -1,
          2512, 2506, 2505, -1,
          2512, 2503, 2502, -1,
          2512, 2504, 2503, -1,
          2512, 2505, 2504, -1,
          2512, 2502, 2513, -1,
          2520, 2519, 2548, -1,
          2521, 2548, 2493, -1,
          2521, 2520, 2548, -1,
          2511, 2507, 2506, -1,
          2511, 346, 2507, -1,
          2511, 2506, 2512, -1,
          2508, 345, 346, -1,
          2509, 2508, 346, -1,
          2510, 346, 2511, -1,
          2510, 2509, 346, -1,
          2525, 2521, 2493, -1,
          2522, 2521, 2523, -1,
          2523, 2521, 2524, -1,
          2524, 2521, 2525, -1,
          2551, 2552, 2547, -1,
          2546, 2551, 2547, -1,
          2553, 2551, 2546, -1,
          2545, 2553, 2546, -1,
          2554, 2553, 2545, -1,
          2544, 2554, 2545, -1,
          2555, 2554, 2544, -1,
          2543, 2555, 2544, -1,
          2556, 2555, 2543, -1,
          2542, 2556, 2543, -1,
          2557, 2556, 2542, -1,
          2541, 2557, 2542, -1,
          2558, 2557, 2541, -1,
          2540, 2558, 2541, -1,
          2539, 2559, 2558, -1,
          2539, 2558, 2540, -1,
          2538, 2560, 2559, -1,
          2538, 2559, 2539, -1,
          2561, 2560, 2538, -1,
          2534, 2561, 2538, -1,
          2562, 2561, 2534, -1,
          2532, 2562, 2534, -1,
          2530, 2563, 2562, -1,
          2530, 2562, 2532, -1,
          2529, 2564, 2563, -1,
          2529, 2563, 2530, -1,
          2526, 2565, 2564, -1,
          2526, 2564, 2529, -1,
          2527, 2566, 2565, -1,
          2527, 2565, 2526, -1,
          2528, 2567, 2566, -1,
          2528, 2566, 2527, -1,
          2531, 2568, 2567, -1,
          2531, 2567, 2528, -1,
          2569, 2568, 2531, -1,
          2533, 2569, 2531, -1,
          2535, 2569, 2533, -1,
          2535, 2570, 2569, -1,
          2536, 2571, 2570, -1,
          2536, 2570, 2535, -1,
          2537, 2572, 2571, -1,
          2537, 2571, 2536, -1,
          2548, 2572, 2537, -1,
          2573, 2572, 2548, -1,
          2552, 2574, 2547, -1,
          2574, 2549, 2547, -1,
          2574, 2575, 2549, -1,
          2575, 2550, 2549, -1,
          2575, 2573, 2550, -1,
          2573, 2548, 2550, -1,
          2569, 2567, 2568, -1,
          2570, 2566, 2567, -1,
          2570, 2567, 2569, -1,
          2571, 2566, 2570, -1,
          2565, 2566, 2571, -1,
          2572, 2565, 2571, -1,
          2564, 2565, 2572, -1,
          2563, 2564, 2572, -1,
          2562, 2563, 2572, -1,
          2561, 2562, 2572, -1,
          2574, 2552, 2551, -1,
          2575, 2551, 2553, -1,
          2575, 2574, 2551, -1,
          2573, 2553, 2554, -1,
          2573, 2554, 2555, -1,
          2573, 2555, 2556, -1,
          2573, 2556, 2557, -1,
          2573, 2557, 2558, -1,
          2573, 2558, 2559, -1,
          2573, 2575, 2553, -1,
          2572, 2573, 2561, -1,
          2561, 2573, 2560, -1,
          2560, 2573, 2559, -1,
          2001, 1996, 2576, -1,
          2001, 2576, 2577, -1,
          1995, 1997, 2578, -1,
          1997, 2579, 2578, -1,
          1997, 1999, 2579, -1,
          1999, 2580, 2579, -1,
          1999, 2001, 2580, -1,
          2001, 2577, 2580, -1,
          1993, 1995, 2578, -1,
          1993, 2578, 2581, -1,
          2582, 1993, 2581, -1,
          2582, 2015, 1993, -1,
          2016, 2015, 2582, -1,
          2583, 2016, 2582, -1,
          2010, 2016, 2583, -1,
          2584, 2010, 2583, -1,
          2002, 2010, 2584, -1,
          2002, 2584, 2585, -1,
          1996, 1998, 2576, -1,
          1998, 2586, 2576, -1,
          1998, 2000, 2586, -1,
          2000, 2587, 2586, -1,
          2000, 2002, 2587, -1,
          2002, 2585, 2587, -1,
          2577, 2576, 2586, -1,
          2577, 2586, 2587, -1,
          2577, 2587, 2585, -1,
          2581, 2578, 2579, -1,
          2582, 2579, 2580, -1,
          2582, 2581, 2579, -1,
          2583, 2580, 2577, -1,
          2583, 2582, 2580, -1,
          2584, 2577, 2585, -1,
          2584, 2583, 2577, -1,
          2588, 1988, 2589, -1,
          2588, 1986, 1988, -1,
          2590, 1986, 2588, -1,
          2590, 2013, 1986, -1,
          2591, 2014, 2013, -1,
          2591, 2013, 2590, -1,
          2592, 1994, 2014, -1,
          2592, 2014, 2591, -1,
          2593, 1994, 2592, -1,
          2593, 1982, 1994, -1,
          1976, 1979, 2594, -1,
          1979, 2595, 2594, -1,
          1979, 1980, 2595, -1,
          1980, 2596, 2595, -1,
          1980, 1982, 2596, -1,
          1982, 2593, 2596, -1,
          2597, 1976, 2594, -1,
          2597, 1977, 1976, -1,
          1991, 1977, 2597, -1,
          2598, 1991, 2597, -1,
          1992, 1991, 2598, -1,
          2599, 1992, 2598, -1,
          1984, 1992, 2599, -1,
          2600, 1984, 2599, -1,
          2601, 1984, 2600, -1,
          2601, 1985, 1984, -1,
          2602, 1983, 1985, -1,
          2602, 1985, 2601, -1,
          2603, 1987, 1983, -1,
          2603, 1983, 2602, -1,
          2589, 1988, 1987, -1,
          2589, 1987, 2603, -1,
          2604, 2594, 2595, -1,
          2604, 2595, 2596, -1,
          2604, 2596, 2593, -1,
          2605, 2594, 2604, -1,
          2606, 2604, 2593, -1,
          2597, 2594, 2605, -1,
          2601, 2597, 2605, -1,
          2598, 2597, 2601, -1,
          2602, 2605, 2607, -1,
          2602, 2601, 2605, -1,
          2599, 2598, 2601, -1,
          2603, 2607, 2608, -1,
          2603, 2608, 2606, -1,
          2603, 2602, 2607, -1,
          2600, 2599, 2601, -1,
          2589, 2603, 2606, -1,
          2590, 2588, 2589, -1,
          2591, 2590, 2589, -1,
          2592, 2606, 2593, -1,
          2592, 2589, 2606, -1,
          2592, 2591, 2589, -1,
          2604, 2609, 2610, -1,
          2604, 2610, 2605, -1,
          2610, 2611, 2605, -1,
          2611, 2607, 2605, -1,
          2611, 2612, 2607, -1,
          2612, 2608, 2607, -1,
          2612, 2613, 2608, -1,
          2613, 2606, 2608, -1,
          2606, 2613, 2609, -1,
          2606, 2609, 2604, -1,
          2611, 2610, 2609, -1,
          2612, 2611, 2609, -1,
          2613, 2612, 2609, -1,
          1934, 1949, 2614, -1,
          2615, 1934, 2614, -1,
          1913, 1934, 2615, -1,
          2616, 1913, 2615, -1,
          1912, 1913, 2616, -1,
          2617, 1912, 2616, -1,
          1911, 1912, 2617, -1,
          2618, 1911, 2617, -1,
          1902, 1911, 2618, -1,
          2619, 1902, 2618, -1,
          2620, 1899, 1902, -1,
          2620, 1902, 2619, -1,
          2621, 1895, 1899, -1,
          2621, 1899, 2620, -1,
          1892, 1895, 2621, -1,
          2622, 1892, 2621, -1,
          1897, 1892, 2622, -1,
          2623, 1897, 2622, -1,
          1900, 1897, 2623, -1,
          2624, 1900, 2623, -1,
          1903, 1900, 2624, -1,
          2625, 1903, 2624, -1,
          2626, 1903, 2625, -1,
          2626, 1910, 1903, -1,
          2627, 1917, 1910, -1,
          2627, 1910, 2626, -1,
          2628, 1933, 1917, -1,
          2628, 1917, 2627, -1,
          1939, 1933, 2628, -1,
          2629, 1939, 2628, -1,
          1940, 1939, 2629, -1,
          2630, 1940, 2629, -1,
          1945, 1940, 2630, -1,
          2631, 1945, 2630, -1,
          1946, 1945, 2631, -1,
          2632, 1946, 2631, -1,
          1951, 1946, 2632, -1,
          2633, 1951, 2632, -1,
          1954, 1951, 2633, -1,
          2634, 1954, 2633, -1,
          1957, 1954, 2634, -1,
          2635, 1957, 2634, -1,
          1950, 1957, 2635, -1,
          2636, 1950, 2635, -1,
          1944, 1950, 2636, -1,
          2637, 1944, 2636, -1,
          1938, 1944, 2637, -1,
          2638, 1938, 2637, -1,
          2639, 1932, 1938, -1,
          2639, 1938, 2638, -1,
          2640, 1916, 1932, -1,
          2640, 1932, 2639, -1,
          2641, 1914, 1916, -1,
          2641, 1916, 2640, -1,
          2642, 1915, 1914, -1,
          2642, 1914, 2641, -1,
          1931, 1915, 2642, -1,
          2643, 1931, 2642, -1,
          1935, 1931, 2643, -1,
          2644, 1935, 2643, -1,
          1936, 1935, 2644, -1,
          2645, 1936, 2644, -1,
          1941, 1936, 2645, -1,
          2646, 1941, 2645, -1,
          1947, 1941, 2646, -1,
          2647, 1947, 2646, -1,
          1952, 1947, 2647, -1,
          2648, 1952, 2647, -1,
          1955, 1952, 2648, -1,
          2649, 1955, 2648, -1,
          1958, 1955, 2649, -1,
          2650, 1958, 2649, -1,
          2651, 1960, 1958, -1,
          2651, 1958, 2650, -1,
          2652, 1966, 1960, -1,
          2652, 1960, 2651, -1,
          1967, 1966, 2652, -1,
          2653, 1967, 2652, -1,
          1968, 1967, 2653, -1,
          2654, 1968, 2653, -1,
          1969, 1968, 2654, -1,
          2655, 1969, 2654, -1,
          1970, 1969, 2655, -1,
          2656, 1970, 2655, -1,
          2657, 1970, 2656, -1,
          2657, 1971, 1970, -1,
          2658, 1971, 2657, -1,
          2658, 1972, 1971, -1,
          1990, 1972, 2658, -1,
          2659, 1990, 2658, -1,
          1978, 1990, 2659, -1,
          2660, 1978, 2659, -1,
          1964, 1978, 2660, -1,
          1964, 2660, 2661, -1,
          1949, 1961, 2614, -1,
          1961, 2662, 2614, -1,
          1961, 1963, 2662, -1,
          1963, 2663, 2662, -1,
          1963, 1964, 2663, -1,
          1964, 2661, 2663, -1,
          2614, 2616, 2615, -1,
          2614, 2617, 2616, -1,
          2664, 2621, 2620, -1,
          2664, 2622, 2621, -1,
          2665, 2617, 2614, -1,
          2665, 2664, 2620, -1,
          2665, 2618, 2617, -1,
          2665, 2619, 2618, -1,
          2665, 2620, 2619, -1,
          2666, 2622, 2664, -1,
          2666, 2623, 2622, -1,
          2667, 2665, 2614, -1,
          2668, 2623, 2666, -1,
          2668, 2624, 2623, -1,
          2668, 2625, 2624, -1,
          2669, 2667, 2614, -1,
          2669, 2614, 2662, -1,
          2670, 2626, 2625, -1,
          2670, 2625, 2668, -1,
          2671, 2669, 2662, -1,
          2672, 2627, 2626, -1,
          2672, 2626, 2670, -1,
          2673, 2671, 2662, -1,
          2674, 2628, 2627, -1,
          2674, 2629, 2628, -1,
          2674, 2627, 2672, -1,
          2675, 2662, 2663, -1,
          2675, 2663, 2661, -1,
          2675, 2673, 2662, -1,
          2676, 2630, 2629, -1,
          2676, 2631, 2630, -1,
          2676, 2629, 2674, -1,
          2677, 2632, 2631, -1,
          2677, 2633, 2632, -1,
          2677, 2631, 2676, -1,
          2678, 2634, 2633, -1,
          2678, 2633, 2677, -1,
          2635, 2634, 2678, -1,
          2679, 2635, 2678, -1,
          2680, 2635, 2679, -1,
          2681, 2635, 2680, -1,
          2682, 2675, 2661, -1,
          2683, 2636, 2635, -1,
          2683, 2637, 2636, -1,
          2684, 2638, 2637, -1,
          2684, 2639, 2638, -1,
          2684, 2637, 2683, -1,
          2685, 2683, 2635, -1,
          2686, 2640, 2639, -1,
          2686, 2639, 2684, -1,
          2687, 2685, 2635, -1,
          2688, 2640, 2686, -1,
          2688, 2641, 2640, -1,
          2689, 2642, 2641, -1,
          2689, 2641, 2688, -1,
          2690, 2687, 2635, -1,
          2690, 2681, 2691, -1,
          2690, 2635, 2681, -1,
          2692, 2643, 2642, -1,
          2692, 2642, 2689, -1,
          2693, 2690, 2691, -1,
          2693, 2691, 2694, -1,
          2695, 2644, 2643, -1,
          2695, 2643, 2692, -1,
          2696, 2693, 2694, -1,
          2696, 2694, 2697, -1,
          2698, 2645, 2644, -1,
          2698, 2644, 2695, -1,
          2699, 2646, 2645, -1,
          2699, 2645, 2698, -1,
          2700, 2696, 2697, -1,
          2700, 2682, 2661, -1,
          2700, 2697, 2682, -1,
          2701, 2646, 2699, -1,
          2702, 2647, 2646, -1,
          2702, 2646, 2701, -1,
          2703, 2648, 2647, -1,
          2703, 2647, 2702, -1,
          2704, 2649, 2648, -1,
          2704, 2648, 2703, -1,
          2650, 2649, 2704, -1,
          2705, 2650, 2704, -1,
          2651, 2650, 2705, -1,
          2652, 2651, 2705, -1,
          2655, 2654, 2653, -1,
          2655, 2653, 2652, -1,
          2656, 2652, 2705, -1,
          2656, 2655, 2652, -1,
          2657, 2705, 2706, -1,
          2657, 2656, 2705, -1,
          2658, 2706, 2707, -1,
          2658, 2707, 2708, -1,
          2658, 2708, 2709, -1,
          2658, 2657, 2706, -1,
          2659, 2658, 2709, -1,
          2660, 2700, 2661, -1,
          2660, 2709, 2700, -1,
          2660, 2659, 2709, -1,
          2681, 2710, 2691, -1,
          2681, 2711, 2710, -1,
          2680, 2712, 2711, -1,
          2680, 2711, 2681, -1,
          2713, 2712, 2680, -1,
          2679, 2713, 2680, -1,
          2714, 2713, 2679, -1,
          2678, 2714, 2679, -1,
          2715, 2714, 2678, -1,
          2677, 2715, 2678, -1,
          2716, 2715, 2677, -1,
          2676, 2716, 2677, -1,
          2717, 2716, 2676, -1,
          2674, 2717, 2676, -1,
          2718, 2717, 2674, -1,
          2672, 2718, 2674, -1,
          2719, 2718, 2672, -1,
          2670, 2719, 2672, -1,
          2720, 2719, 2670, -1,
          2668, 2720, 2670, -1,
          2666, 2721, 2720, -1,
          2666, 2720, 2668, -1,
          2664, 2722, 2721, -1,
          2664, 2721, 2666, -1,
          2665, 2723, 2722, -1,
          2665, 2722, 2664, -1,
          2667, 2724, 2723, -1,
          2667, 2723, 2665, -1,
          2725, 2724, 2667, -1,
          2669, 2725, 2667, -1,
          2726, 2725, 2669, -1,
          2671, 2726, 2669, -1,
          2727, 2726, 2671, -1,
          2673, 2727, 2671, -1,
          2728, 2727, 2673, -1,
          2675, 2728, 2673, -1,
          2729, 2728, 2675, -1,
          2729, 2675, 2682, -1,
          2710, 2730, 2691, -1,
          2730, 2694, 2691, -1,
          2730, 2731, 2694, -1,
          2731, 2697, 2694, -1,
          2731, 2729, 2697, -1,
          2729, 2682, 2697, -1,
          2705, 2732, 2706, -1,
          2705, 2733, 2732, -1,
          2704, 2734, 2733, -1,
          2704, 2733, 2705, -1,
          2703, 2735, 2734, -1,
          2703, 2734, 2704, -1,
          2736, 2735, 2703, -1,
          2702, 2736, 2703, -1,
          2737, 2736, 2702, -1,
          2701, 2737, 2702, -1,
          2738, 2737, 2701, -1,
          2699, 2738, 2701, -1,
          2739, 2738, 2699, -1,
          2698, 2739, 2699, -1,
          2740, 2739, 2698, -1,
          2695, 2740, 2698, -1,
          2741, 2740, 2695, -1,
          2692, 2741, 2695, -1,
          2742, 2741, 2692, -1,
          2689, 2742, 2692, -1,
          2688, 2743, 2742, -1,
          2688, 2742, 2689, -1,
          2686, 2744, 2743, -1,
          2686, 2743, 2688, -1,
          2684, 2745, 2744, -1,
          2684, 2744, 2686, -1,
          2683, 2746, 2745, -1,
          2683, 2745, 2684, -1,
          2685, 2747, 2746, -1,
          2685, 2746, 2683, -1,
          2687, 2748, 2747, -1,
          2687, 2747, 2685, -1,
          2749, 2748, 2687, -1,
          2690, 2749, 2687, -1,
          2750, 2749, 2690, -1,
          2693, 2750, 2690, -1,
          2751, 2750, 2693, -1,
          2696, 2751, 2693, -1,
          2752, 2751, 2696, -1,
          2700, 2752, 2696, -1,
          2709, 2752, 2700, -1,
          2753, 2752, 2709, -1,
          2732, 2754, 2706, -1,
          2754, 2707, 2706, -1,
          2754, 2755, 2707, -1,
          2755, 2708, 2707, -1,
          2755, 2753, 2708, -1,
          2753, 2709, 2708, -1,
          2726, 2723, 2724, -1,
          2726, 2724, 2725, -1,
          2727, 2723, 2726, -1,
          2722, 2723, 2727, -1,
          2728, 2722, 2727, -1,
          2721, 2722, 2728, -1,
          2720, 2721, 2728, -1,
          2719, 2720, 2728, -1,
          2730, 2710, 2711, -1,
          2730, 2711, 2712, -1,
          2730, 2712, 2713, -1,
          2731, 2713, 2714, -1,
          2731, 2730, 2713, -1,
          2729, 2714, 2715, -1,
          2729, 2715, 2716, -1,
          2729, 2716, 2717, -1,
          2729, 2731, 2714, -1,
          2728, 2729, 2719, -1,
          2719, 2729, 2718, -1,
          2718, 2729, 2717, -1,
          2747, 2748, 2749, -1,
          2750, 2747, 2749, -1,
          2746, 2747, 2750, -1,
          2751, 2746, 2750, -1,
          2752, 2745, 2746, -1,
          2752, 2746, 2751, -1,
          2744, 2745, 2752, -1,
          2743, 2744, 2752, -1,
          2742, 2743, 2752, -1,
          2741, 2742, 2752, -1,
          2740, 2741, 2752, -1,
          2754, 2732, 2733, -1,
          2754, 2733, 2734, -1,
          2755, 2734, 2735, -1,
          2755, 2754, 2734, -1,
          2753, 2735, 2736, -1,
          2753, 2736, 2737, -1,
          2753, 2737, 2738, -1,
          2753, 2738, 2739, -1,
          2753, 2755, 2735, -1,
          2752, 2753, 2739, -1,
          2752, 2739, 2740, -1,
          1889, 1885, 2756, -1,
          2757, 1889, 2756, -1,
          1891, 1889, 2757, -1,
          2758, 1891, 2757, -1,
          1890, 1891, 2758, -1,
          2759, 1890, 2758, -1,
          1888, 1890, 2759, -1,
          2760, 1888, 2759, -1,
          1887, 1888, 2760, -1,
          2761, 1884, 1887, -1,
          2761, 1887, 2760, -1,
          2762, 1883, 1884, -1,
          2762, 1884, 2761, -1,
          2763, 1882, 1883, -1,
          2763, 1883, 2762, -1,
          1880, 1882, 2763, -1,
          2764, 1880, 2763, -1,
          2765, 1879, 1880, -1,
          2765, 1880, 2764, -1,
          2766, 1876, 1879, -1,
          2766, 1879, 2765, -1,
          1875, 1876, 2766, -1,
          2767, 1875, 2766, -1,
          1873, 1875, 2767, -1,
          2768, 1873, 2767, -1,
          2769, 1873, 2768, -1,
          1870, 1873, 2769, -1,
          2770, 1870, 2769, -1,
          1868, 1870, 2770, -1,
          2771, 1868, 2770, -1,
          1858, 1868, 2771, -1,
          2772, 1858, 2771, -1,
          1853, 1858, 2772, -1,
          2773, 1853, 2772, -1,
          1849, 1853, 2773, -1,
          2774, 1849, 2773, -1,
          1847, 1849, 2774, -1,
          2775, 1847, 2774, -1,
          1843, 1847, 2775, -1,
          2776, 1843, 2775, -1,
          1844, 1843, 2776, -1,
          2777, 1844, 2776, -1,
          2778, 1844, 2777, -1,
          2778, 1845, 1844, -1,
          2779, 1848, 1845, -1,
          2779, 1845, 2778, -1,
          2780, 1850, 1848, -1,
          2780, 1848, 2779, -1,
          2781, 1854, 1850, -1,
          2781, 1850, 2780, -1,
          1859, 1854, 2781, -1,
          2782, 1859, 2781, -1,
          1869, 1859, 2782, -1,
          2783, 1869, 2782, -1,
          1871, 1869, 2783, -1,
          2784, 1871, 2783, -1,
          1877, 1871, 2784, -1,
          2785, 1877, 2784, -1,
          1886, 1877, 2785, -1,
          2786, 1886, 2785, -1,
          2033, 1886, 2786, -1,
          2787, 2033, 2786, -1,
          2034, 2033, 2787, -1,
          2788, 2034, 2787, -1,
          2035, 2034, 2788, -1,
          2789, 2035, 2788, -1,
          1905, 2035, 2789, -1,
          2790, 1905, 2789, -1,
          1906, 1905, 2790, -1,
          2791, 1906, 2790, -1,
          1907, 1906, 2791, -1,
          2792, 1907, 2791, -1,
          2793, 1908, 1907, -1,
          2793, 1907, 2792, -1,
          1909, 1908, 2793, -1,
          2794, 1909, 2793, -1,
          1901, 1909, 2794, -1,
          2795, 1901, 2794, -1,
          2796, 1901, 2795, -1,
          2796, 1898, 1901, -1,
          1893, 1898, 2796, -1,
          2797, 1893, 2796, -1,
          1894, 1893, 2797, -1,
          2798, 1894, 2797, -1,
          1896, 1894, 2798, -1,
          2799, 1896, 2798, -1,
          1881, 1896, 2799, -1,
          2800, 1881, 2799, -1,
          1878, 1881, 2800, -1,
          2801, 1878, 2800, -1,
          1874, 1878, 2801, -1,
          2802, 1874, 2801, -1,
          1872, 1874, 2802, -1,
          2803, 1872, 2802, -1,
          1860, 1872, 2803, -1,
          2804, 1860, 2803, -1,
          1846, 1860, 2804, -1,
          2805, 1846, 2804, -1,
          1830, 1846, 2805, -1,
          2806, 1830, 2805, -1,
          1829, 1830, 2806, -1,
          2807, 1829, 2806, -1,
          1828, 1829, 2807, -1,
          2808, 1828, 2807, -1,
          1821, 1828, 2808, -1,
          2809, 1821, 2808, -1,
          1815, 1821, 2809, -1,
          2810, 1815, 2809, -1,
          1814, 1815, 2810, -1,
          2811, 1814, 2810, -1,
          1813, 1814, 2811, -1,
          2812, 1813, 2811, -1,
          1811, 1813, 2812, -1,
          2813, 1811, 2812, -1,
          1808, 1811, 2813, -1,
          2814, 1808, 2813, -1,
          2815, 1805, 1808, -1,
          2815, 1808, 2814, -1,
          2816, 1809, 1805, -1,
          2816, 1805, 2815, -1,
          1810, 1809, 2816, -1,
          2817, 1810, 2816, -1,
          1812, 1810, 2817, -1,
          2818, 1812, 2817, -1,
          2819, 1812, 2818, -1,
          2819, 1833, 1812, -1,
          1834, 1833, 2819, -1,
          2820, 1834, 2819, -1,
          1835, 1834, 2820, -1,
          2821, 1835, 2820, -1,
          1836, 1835, 2821, -1,
          2822, 1836, 2821, -1,
          1837, 1836, 2822, -1,
          2823, 1837, 2822, -1,
          1838, 1837, 2823, -1,
          2824, 1838, 2823, -1,
          2825, 1838, 2824, -1,
          1839, 1838, 2825, -1,
          2826, 1839, 2825, -1,
          1840, 1839, 2826, -1,
          2827, 1840, 2826, -1,
          1841, 1840, 2827, -1,
          2828, 1841, 2827, -1,
          1842, 1841, 2828, -1,
          2829, 1842, 2828, -1,
          1852, 1842, 2829, -1,
          2830, 1852, 2829, -1,
          1856, 1852, 2830, -1,
          2831, 1856, 2830, -1,
          1857, 1856, 2831, -1,
          2832, 1857, 2831, -1,
          1862, 1857, 2832, -1,
          2833, 1862, 2832, -1,
          2834, 1863, 1862, -1,
          2834, 1862, 2833, -1,
          2835, 1865, 1863, -1,
          2835, 1863, 2834, -1,
          2836, 1867, 1865, -1,
          2836, 1865, 2835, -1,
          2837, 1867, 2836, -1,
          2837, 1866, 1867, -1,
          2838, 1864, 1866, -1,
          2838, 1866, 2837, -1,
          2839, 1861, 1864, -1,
          2839, 1864, 2838, -1,
          1855, 1861, 2839, -1,
          2840, 1855, 2839, -1,
          1851, 1855, 2840, -1,
          2841, 1851, 2840, -1,
          1832, 1851, 2841, -1,
          2842, 1832, 2841, -1,
          2036, 1832, 2842, -1,
          2843, 2036, 2842, -1,
          2037, 2036, 2843, -1,
          2844, 2037, 2843, -1,
          1825, 2037, 2844, -1,
          2845, 1825, 2844, -1,
          1823, 1825, 2845, -1,
          2846, 1823, 2845, -1,
          1819, 1823, 2846, -1,
          2847, 1819, 2846, -1,
          1818, 1819, 2847, -1,
          2848, 1818, 2847, -1,
          2849, 1817, 1818, -1,
          2849, 1818, 2848, -1,
          1820, 1817, 2849, -1,
          2850, 1820, 2849, -1,
          1822, 1820, 2850, -1,
          2851, 1822, 2850, -1,
          1824, 1822, 2851, -1,
          2852, 1824, 2851, -1,
          1826, 1824, 2852, -1,
          2853, 1826, 2852, -1,
          1827, 1826, 2853, -1,
          2854, 1827, 2853, -1,
          2855, 1919, 1827, -1,
          2855, 1827, 2854, -1,
          1920, 1919, 2855, -1,
          2856, 1920, 2855, -1,
          1921, 1920, 2856, -1,
          2857, 1921, 2856, -1,
          1922, 1921, 2857, -1,
          2858, 1922, 2857, -1,
          1923, 1922, 2858, -1,
          2859, 1923, 2858, -1,
          1924, 1923, 2859, -1,
          2860, 1924, 2859, -1,
          1925, 1924, 2860, -1,
          2861, 1925, 2860, -1,
          1926, 1925, 2861, -1,
          2862, 1926, 2861, -1,
          1927, 1926, 2862, -1,
          2863, 1927, 2862, -1,
          1928, 1927, 2863, -1,
          2864, 1928, 2863, -1,
          2865, 1929, 1928, -1,
          2865, 1928, 2864, -1,
          2866, 1929, 2865, -1,
          2866, 1930, 1929, -1,
          2867, 1973, 1930, -1,
          2867, 1930, 2866, -1,
          1974, 1973, 2867, -1,
          2868, 1974, 2867, -1,
          1975, 1974, 2868, -1,
          2869, 1975, 2868, -1,
          2870, 1959, 1975, -1,
          2870, 1975, 2869, -1,
          2871, 1956, 1959, -1,
          2871, 1959, 2870, -1,
          1953, 1956, 2871, -1,
          2872, 1953, 2871, -1,
          1948, 1953, 2872, -1,
          2873, 1948, 2872, -1,
          2874, 1942, 1948, -1,
          2874, 1948, 2873, -1,
          2875, 1943, 1942, -1,
          2875, 1942, 2874, -1,
          1937, 1943, 2875, -1,
          2876, 1937, 2875, -1,
          1904, 1937, 2876, -1,
          2877, 1904, 2876, -1,
          2756, 1885, 1904, -1,
          2756, 1904, 2877, -1,
          2825, 2812, 2811, -1,
          2824, 2812, 2825, -1,
          2824, 2813, 2812, -1,
          2826, 2825, 2811, -1,
          2826, 2811, 2810, -1,
          2827, 2826, 2810, -1,
          2827, 2809, 2808, -1,
          2827, 2810, 2809, -1,
          2823, 2813, 2824, -1,
          2823, 2814, 2813, -1,
          2828, 2808, 2807, -1,
          2828, 2827, 2808, -1,
          2822, 2814, 2823, -1,
          2822, 2815, 2814, -1,
          2829, 2828, 2807, -1,
          2829, 2806, 2805, -1,
          2829, 2807, 2806, -1,
          2821, 2815, 2822, -1,
          2821, 2816, 2815, -1,
          2830, 2829, 2805, -1,
          2830, 2803, 2802, -1,
          2830, 2804, 2803, -1,
          2830, 2805, 2804, -1,
          2801, 2830, 2802, -1,
          2820, 2816, 2821, -1,
          2820, 2817, 2816, -1,
          2820, 2818, 2817, -1,
          2831, 2830, 2801, -1,
          2819, 2818, 2820, -1,
          2800, 2832, 2831, -1,
          2800, 2831, 2801, -1,
          2799, 2833, 2832, -1,
          2799, 2832, 2800, -1,
          2798, 2834, 2833, -1,
          2798, 2833, 2799, -1,
          2797, 2834, 2798, -1,
          2797, 2835, 2834, -1,
          2796, 2835, 2797, -1,
          2796, 2836, 2835, -1,
          2795, 2836, 2796, -1,
          2795, 2837, 2836, -1,
          2795, 2838, 2837, -1,
          2794, 2838, 2795, -1,
          2794, 2839, 2838, -1,
          2793, 2840, 2839, -1,
          2793, 2839, 2794, -1,
          2792, 2840, 2793, -1,
          2783, 2847, 2846, -1,
          2783, 2848, 2847, -1,
          2782, 2848, 2783, -1,
          2782, 2849, 2848, -1,
          2784, 2783, 2846, -1,
          2784, 2845, 2844, -1,
          2784, 2846, 2845, -1,
          2781, 2850, 2849, -1,
          2781, 2849, 2782, -1,
          2791, 2841, 2840, -1,
          2791, 2840, 2792, -1,
          2780, 2851, 2850, -1,
          2780, 2850, 2781, -1,
          2785, 2844, 2843, -1,
          2785, 2784, 2844, -1,
          2779, 2852, 2851, -1,
          2779, 2851, 2780, -1,
          2790, 2841, 2791, -1,
          2778, 2853, 2852, -1,
          2778, 2852, 2779, -1,
          2789, 2842, 2841, -1,
          2789, 2841, 2790, -1,
          2786, 2843, 2842, -1,
          2786, 2785, 2843, -1,
          2788, 2842, 2789, -1,
          2787, 2842, 2788, -1,
          2787, 2786, 2842, -1,
          2777, 2853, 2778, -1,
          2776, 2854, 2853, -1,
          2776, 2853, 2777, -1,
          2775, 2854, 2776, -1,
          2774, 2855, 2854, -1,
          2774, 2854, 2775, -1,
          2773, 2855, 2774, -1,
          2772, 2856, 2855, -1,
          2772, 2855, 2773, -1,
          2771, 2857, 2856, -1,
          2771, 2858, 2857, -1,
          2771, 2856, 2772, -1,
          2770, 2858, 2771, -1,
          2859, 2770, 2769, -1,
          2859, 2858, 2770, -1,
          2860, 2859, 2769, -1,
          2861, 2769, 2768, -1,
          2861, 2860, 2769, -1,
          2862, 2861, 2768, -1,
          2876, 2757, 2756, -1,
          2876, 2756, 2877, -1,
          2863, 2768, 2767, -1,
          2863, 2862, 2768, -1,
          2875, 2758, 2757, -1,
          2875, 2757, 2876, -1,
          2864, 2863, 2767, -1,
          2874, 2758, 2875, -1,
          2874, 2759, 2758, -1,
          2874, 2760, 2759, -1,
          2865, 2767, 2766, -1,
          2865, 2864, 2767, -1,
          2873, 2761, 2760, -1,
          2873, 2760, 2874, -1,
          2872, 2762, 2761, -1,
          2872, 2761, 2873, -1,
          2866, 2766, 2765, -1,
          2866, 2865, 2766, -1,
          2871, 2763, 2762, -1,
          2871, 2764, 2763, -1,
          2871, 2762, 2872, -1,
          2870, 2764, 2871, -1,
          2867, 2866, 2765, -1,
          2869, 2765, 2764, -1,
          2869, 2764, 2870, -1,
          2868, 2867, 2765, -1,
          2868, 2765, 2869, -1,
          2878, 1075, 2879, -1,
          2879, 1075, 1087, -1,
          2880, 1066, 2878, -1,
          2878, 1066, 1075, -1,
          2880, 2881, 1066, -1,
          2881, 1063, 1066, -1,
          2882, 1063, 2881, -1,
          1121, 1063, 2882, -1,
          2882, 2883, 1121, -1,
          2883, 1095, 1121, -1,
          2883, 2884, 1095, -1,
          2884, 1067, 1095, -1,
          2884, 2885, 1067, -1,
          2885, 1048, 1067, -1,
          1059, 1048, 2885, -1,
          1059, 2885, 2886, -1,
          2887, 2888, 1137, -1,
          1127, 2887, 1137, -1,
          2889, 2887, 1127, -1,
          1110, 2889, 1127, -1,
          2886, 2889, 1110, -1,
          1059, 2886, 1110, -1,
          1087, 1137, 2888, -1,
          1087, 2888, 2879, -1,
          2886, 2885, 2884, -1,
          2882, 2881, 2880, -1,
          2882, 2880, 2878, -1,
          2882, 2878, 2879, -1,
          2889, 2884, 2883, -1,
          2889, 2886, 2884, -1,
          2887, 2883, 2882, -1,
          2887, 2889, 2883, -1,
          2888, 2887, 2882, -1,
          2879, 2888, 2882, -1,
          2890, 1159, 2891, -1,
          2891, 1159, 1161, -1,
          2892, 1156, 2890, -1,
          2890, 1156, 1159, -1,
          2893, 1147, 2892, -1,
          2892, 1147, 1156, -1,
          2894, 1147, 2893, -1,
          2894, 1155, 1147, -1,
          2895, 1155, 2894, -1,
          2895, 1157, 1155, -1,
          2896, 1157, 2895, -1,
          2896, 1148, 1157, -1,
          1138, 1148, 2896, -1,
          2897, 1138, 2896, -1,
          2897, 2898, 1138, -1,
          2898, 1135, 1138, -1,
          2898, 2899, 1135, -1,
          2899, 1129, 1135, -1,
          2900, 1119, 2899, -1,
          2899, 1119, 1129, -1,
          2901, 1119, 2900, -1,
          1142, 1119, 2901, -1,
          2902, 2903, 1154, -1,
          1153, 2902, 1154, -1,
          2904, 2902, 1153, -1,
          1144, 2904, 1153, -1,
          2901, 2904, 1144, -1,
          1142, 2901, 1144, -1,
          1284, 1154, 2903, -1,
          1284, 2903, 2905, -1,
          2906, 1284, 2905, -1,
          2906, 1163, 1284, -1,
          1168, 2907, 2908, -1,
          1168, 2908, 1169, -1,
          1164, 2909, 2907, -1,
          1164, 2907, 1168, -1,
          1163, 2906, 2909, -1,
          1163, 2909, 1164, -1,
          2910, 1169, 2908, -1,
          2910, 1285, 1169, -1,
          2911, 1285, 2910, -1,
          1170, 1285, 2911, -1,
          1178, 2912, 2913, -1,
          1178, 2913, 1174, -1,
          1177, 2914, 2912, -1,
          1177, 2912, 1178, -1,
          1170, 2911, 2914, -1,
          1170, 2914, 1177, -1,
          1161, 1174, 2913, -1,
          1161, 2913, 2891, -1,
          2905, 2900, 2899, -1,
          2905, 2899, 2898, -1,
          2905, 2898, 2897, -1,
          2910, 2893, 2892, -1,
          2910, 2892, 2890, -1,
          2910, 2890, 2891, -1,
          2909, 2906, 2895, -1,
          2907, 2909, 2895, -1,
          2908, 2907, 2895, -1,
          2911, 2910, 2914, -1,
          2914, 2910, 2912, -1,
          2912, 2910, 2913, -1,
          2910, 2908, 2895, -1,
          2910, 2895, 2894, -1,
          2906, 2905, 2895, -1,
          2895, 2905, 2896, -1,
          2905, 2903, 2902, -1,
          2905, 2902, 2904, -1,
          2905, 2904, 2901, -1,
          2901, 2900, 2905, -1,
          2897, 2896, 2905, -1,
          2894, 2893, 2910, -1,
          2891, 2913, 2910, -1,
          2915, 1190, 2916, -1,
          2916, 1190, 1212, -1,
          2917, 1179, 2915, -1,
          2915, 1179, 1190, -1,
          2918, 1175, 2917, -1,
          2917, 1175, 1179, -1,
          2919, 1175, 2918, -1,
          1173, 1175, 2919, -1,
          1210, 2920, 2921, -1,
          1210, 2921, 1224, -1,
          1200, 2922, 2920, -1,
          1200, 2920, 1210, -1,
          1173, 2919, 2922, -1,
          1173, 2922, 1200, -1,
          2916, 1224, 2921, -1,
          1212, 1224, 2916, -1,
          2922, 2919, 2918, -1,
          2922, 2918, 2917, -1,
          2920, 2917, 2915, -1,
          2920, 2922, 2917, -1,
          2921, 2915, 2916, -1,
          2921, 2920, 2915, -1,
          1286, 1239, 2923, -1,
          1286, 2923, 2924, -1,
          1240, 1286, 2924, -1,
          2925, 1240, 2924, -1,
          1241, 1240, 2925, -1,
          2926, 1241, 2925, -1,
          1242, 1241, 2926, -1,
          2927, 1242, 2926, -1,
          1243, 1242, 2927, -1,
          2928, 1243, 2927, -1,
          1245, 1243, 2928, -1,
          1245, 2928, 2929, -1,
          1246, 1245, 2929, -1,
          2930, 1246, 2929, -1,
          2931, 1226, 1246, -1,
          2931, 1246, 2930, -1,
          2932, 1221, 1226, -1,
          2932, 1226, 2931, -1,
          1222, 1221, 2932, -1,
          2933, 1222, 2932, -1,
          1215, 1222, 2933, -1,
          2934, 1215, 2933, -1,
          2934, 2935, 1215, -1,
          2935, 1214, 1215, -1,
          2935, 2936, 1214, -1,
          2936, 1213, 1214, -1,
          2936, 2937, 1213, -1,
          2937, 1211, 1213, -1,
          2938, 1211, 2937, -1,
          1236, 1211, 2938, -1,
          1238, 2939, 2923, -1,
          1238, 2923, 1239, -1,
          1237, 2940, 2939, -1,
          1237, 2939, 1238, -1,
          1236, 2938, 2940, -1,
          1236, 2940, 1237, -1,
          2933, 2937, 2936, -1,
          2933, 2936, 2935, -1,
          2933, 2935, 2934, -1,
          2932, 2937, 2933, -1,
          2931, 2937, 2932, -1,
          2924, 2937, 2931, -1,
          2930, 2924, 2931, -1,
          2929, 2925, 2924, -1,
          2929, 2924, 2930, -1,
          2926, 2925, 2929, -1,
          2927, 2926, 2929, -1,
          2928, 2927, 2929, -1,
          2938, 2937, 2940, -1,
          2940, 2937, 2939, -1,
          2939, 2937, 2923, -1,
          2923, 2937, 2924, -1,
          1306, 1302, 2941, -1,
          2942, 1306, 2941, -1,
          1308, 1306, 2942, -1,
          2943, 1307, 1308, -1,
          2943, 1308, 2942, -1,
          2944, 1307, 2943, -1,
          1305, 1307, 2944, -1,
          2945, 1300, 1305, -1,
          2945, 1305, 2944, -1,
          2946, 1300, 2945, -1,
          1298, 1300, 2946, -1,
          2947, 1298, 2946, -1,
          1294, 1298, 2947, -1,
          2948, 1294, 2947, -1,
          1295, 1294, 2948, -1,
          2949, 2046, 1295, -1,
          2949, 1295, 2948, -1,
          2047, 2046, 2949, -1,
          2950, 2047, 2949, -1,
          2048, 2047, 2950, -1,
          2951, 2048, 2950, -1,
          2049, 2048, 2951, -1,
          2952, 2049, 2951, -1,
          2953, 2050, 2049, -1,
          2953, 2049, 2952, -1,
          2954, 2051, 2050, -1,
          2954, 2050, 2953, -1,
          2052, 2051, 2954, -1,
          2955, 2052, 2954, -1,
          2956, 2053, 2052, -1,
          2956, 2052, 2955, -1,
          2056, 2053, 2956, -1,
          2957, 2056, 2956, -1,
          2055, 2056, 2957, -1,
          2958, 2055, 2957, -1,
          2959, 2055, 2958, -1,
          2959, 2054, 2055, -1,
          2960, 2045, 2054, -1,
          2960, 2054, 2959, -1,
          2961, 2044, 2045, -1,
          2961, 2045, 2960, -1,
          2962, 2043, 2044, -1,
          2962, 2044, 2961, -1,
          2963, 2042, 2043, -1,
          2963, 2043, 2962, -1,
          2964, 2038, 2042, -1,
          2964, 2042, 2963, -1,
          2039, 2038, 2964, -1,
          2965, 2039, 2964, -1,
          2040, 2039, 2965, -1,
          2966, 2040, 2965, -1,
          2041, 2040, 2966, -1,
          2967, 2041, 2966, -1,
          1296, 2041, 2967, -1,
          2968, 1296, 2967, -1,
          1297, 1296, 2968, -1,
          2969, 1299, 1297, -1,
          2969, 1297, 2968, -1,
          2970, 1301, 1299, -1,
          2970, 1299, 2969, -1,
          2971, 1303, 1301, -1,
          2971, 1301, 2970, -1,
          2972, 1304, 1303, -1,
          2972, 1303, 2971, -1,
          2973, 1304, 2972, -1,
          2973, 1309, 1304, -1,
          1293, 1309, 2973, -1,
          2974, 1293, 2973, -1,
          2974, 1292, 1293, -1,
          2975, 1264, 1291, -1,
          2975, 1254, 1264, -1,
          2976, 1248, 1254, -1,
          2977, 1244, 1248, -1,
          2976, 2977, 1248, -1,
          2975, 2976, 1254, -1,
          2974, 2975, 1291, -1,
          2974, 1291, 1292, -1,
          1247, 1244, 2977, -1,
          1247, 2977, 2978, -1,
          2058, 2979, 2059, -1,
          2057, 2979, 2058, -1,
          1263, 2980, 1269, -1,
          1258, 2981, 1263, -1,
          2978, 2981, 1258, -1,
          1247, 2978, 1258, -1,
          2981, 2980, 1263, -1,
          2980, 2979, 2057, -1,
          2980, 2057, 1269, -1,
          2060, 2059, 2979, -1,
          2982, 2060, 2979, -1,
          2983, 2060, 2982, -1,
          2061, 2060, 2983, -1,
          2984, 2061, 2983, -1,
          2062, 2061, 2984, -1,
          2985, 2062, 2984, -1,
          1272, 2062, 2985, -1,
          2986, 1272, 2985, -1,
          1271, 1272, 2986, -1,
          2987, 1268, 1271, -1,
          2987, 1271, 2986, -1,
          2988, 1268, 2987, -1,
          2988, 1265, 1268, -1,
          2989, 1262, 1265, -1,
          2989, 1265, 2988, -1,
          1260, 1262, 2989, -1,
          2990, 1260, 2989, -1,
          1257, 1260, 2990, -1,
          2991, 1257, 2990, -1,
          2992, 1255, 1257, -1,
          2992, 1257, 2991, -1,
          2993, 1251, 1255, -1,
          2993, 1255, 2992, -1,
          1250, 1251, 2993, -1,
          2994, 1250, 2993, -1,
          1249, 1250, 2994, -1,
          2995, 1249, 2994, -1,
          1252, 1249, 2995, -1,
          2996, 1252, 2995, -1,
          1253, 1252, 2996, -1,
          2997, 1253, 2996, -1,
          1256, 1253, 2997, -1,
          2998, 1256, 2997, -1,
          1259, 1256, 2998, -1,
          2999, 1259, 2998, -1,
          1261, 1259, 2999, -1,
          3000, 1261, 2999, -1,
          1266, 1261, 3000, -1,
          3001, 1266, 3000, -1,
          1267, 1266, 3001, -1,
          3002, 1267, 3001, -1,
          3003, 1270, 1267, -1,
          3003, 1267, 3002, -1,
          1277, 1270, 3003, -1,
          3004, 1277, 3003, -1,
          3005, 1278, 1277, -1,
          3005, 1277, 3004, -1,
          3006, 1279, 1278, -1,
          3006, 1278, 3005, -1,
          3007, 1280, 1279, -1,
          3007, 1279, 3006, -1,
          1281, 1280, 3007, -1,
          3008, 1281, 3007, -1,
          1282, 1281, 3008, -1,
          3009, 1282, 3008, -1,
          1283, 1282, 3009, -1,
          3010, 1283, 3009, -1,
          1318, 1283, 3010, -1,
          3011, 1318, 3010, -1,
          1324, 1318, 3011, -1,
          3012, 1327, 1324, -1,
          3012, 1324, 3011, -1,
          3013, 1327, 3012, -1,
          1332, 1327, 3013, -1,
          3014, 1332, 3013, -1,
          1333, 1332, 3014, -1,
          3015, 1333, 3014, -1,
          1334, 1333, 3015, -1,
          3016, 1334, 3015, -1,
          1337, 1334, 3016, -1,
          3017, 1337, 3016, -1,
          1338, 1337, 3017, -1,
          3018, 1338, 3017, -1,
          1330, 1338, 3018, -1,
          3019, 1319, 1330, -1,
          3019, 1330, 3018, -1,
          1302, 1319, 3019, -1,
          2941, 1302, 3019, -1,
          2981, 2978, 2977, -1,
          2981, 2977, 2976, -1,
          2980, 2976, 2975, -1,
          2980, 2981, 2976, -1,
          2979, 2975, 2974, -1,
          2979, 2980, 2975, -1,
          2986, 2988, 2987, -1,
          2985, 2989, 2988, -1,
          2985, 2990, 2989, -1,
          2985, 2988, 2986, -1,
          2984, 2990, 2985, -1,
          2983, 2990, 2984, -1,
          2983, 2991, 2990, -1,
          2964, 2992, 2965, -1,
          2964, 2993, 2992, -1,
          2982, 2979, 2974, -1,
          2966, 2965, 2992, -1,
          2966, 2992, 2991, -1,
          2963, 2993, 2964, -1,
          2963, 2994, 2993, -1,
          2967, 2966, 2991, -1,
          2967, 2991, 2983, -1,
          2967, 2983, 2982, -1,
          2962, 2994, 2963, -1,
          2968, 2967, 2982, -1,
          2961, 2995, 2994, -1,
          2961, 2994, 2962, -1,
          2969, 2968, 2982, -1,
          2970, 2969, 2982, -1,
          2960, 2996, 2995, -1,
          2960, 2995, 2961, -1,
          2959, 2997, 2996, -1,
          2959, 2996, 2960, -1,
          2958, 2998, 2997, -1,
          2958, 2997, 2959, -1,
          2973, 2982, 2974, -1,
          2973, 2970, 2982, -1,
          2973, 2971, 2970, -1,
          2973, 2972, 2971, -1,
          2957, 2999, 2998, -1,
          2957, 2998, 2958, -1,
          2956, 3000, 2999, -1,
          2956, 2999, 2957, -1,
          2955, 3000, 2956, -1,
          3001, 3000, 2955, -1,
          2954, 3001, 2955, -1,
          2953, 3002, 3001, -1,
          2953, 3001, 2954, -1,
          3019, 2942, 2941, -1,
          2952, 3003, 3002, -1,
          2952, 3002, 2953, -1,
          2951, 3003, 2952, -1,
          3018, 2942, 3019, -1,
          3018, 2943, 2942, -1,
          3004, 3003, 2951, -1,
          2950, 3004, 2951, -1,
          3017, 2944, 2943, -1,
          3017, 2943, 3018, -1,
          3005, 2950, 2949, -1,
          3005, 3004, 2950, -1,
          3016, 2944, 3017, -1,
          3016, 2945, 2944, -1,
          3006, 3005, 2949, -1,
          3015, 2945, 3016, -1,
          3015, 2946, 2945, -1,
          3015, 2947, 2946, -1,
          3014, 2947, 3015, -1,
          3014, 2948, 2947, -1,
          3013, 2948, 3014, -1,
          3013, 2949, 2948, -1,
          3012, 2949, 3013, -1,
          3012, 3006, 2949, -1,
          3010, 3008, 3007, -1,
          3010, 3009, 3008, -1,
          3011, 3007, 3006, -1,
          3011, 3010, 3007, -1,
          3011, 3006, 3012, -1,
          3020, 1380, 3021, -1,
          3020, 1386, 1380, -1,
          3022, 1385, 1386, -1,
          3022, 1386, 3020, -1,
          1384, 1385, 3022, -1,
          3023, 1384, 3022, -1,
          1378, 1384, 3023, -1,
          3024, 1378, 3023, -1,
          1375, 1378, 3024, -1,
          3025, 1375, 3024, -1,
          3026, 1373, 1375, -1,
          3026, 1375, 3025, -1,
          3027, 1367, 1373, -1,
          3027, 1373, 3026, -1,
          1361, 1367, 3027, -1,
          3028, 1361, 3027, -1,
          1359, 1361, 3028, -1,
          3029, 1359, 3028, -1,
          1357, 1359, 3029, -1,
          3030, 1357, 3029, -1,
          1354, 1357, 3030, -1,
          3031, 1354, 3030, -1,
          1352, 1354, 3031, -1,
          3032, 1352, 3031, -1,
          1350, 1352, 3032, -1,
          3033, 1350, 3032, -1,
          3034, 1346, 1350, -1,
          3034, 1350, 3033, -1,
          3035, 1340, 1346, -1,
          3035, 1346, 3034, -1,
          1341, 1340, 3035, -1,
          3036, 1341, 3035, -1,
          3037, 1341, 3036, -1,
          3037, 1342, 1341, -1,
          1339, 1342, 3037, -1,
          3038, 1339, 3037, -1,
          1347, 1339, 3038, -1,
          3039, 1347, 3038, -1,
          3040, 1351, 1347, -1,
          3040, 1347, 3039, -1,
          3041, 1351, 3040, -1,
          1358, 1351, 3041, -1,
          3042, 1358, 3041, -1,
          1360, 1358, 3042, -1,
          3043, 1362, 1360, -1,
          3043, 1360, 3042, -1,
          3044, 1368, 1362, -1,
          3044, 1362, 3043, -1,
          3045, 1368, 3044, -1,
          3045, 1374, 1368, -1,
          3046, 1379, 1374, -1,
          3046, 1374, 3045, -1,
          3047, 1381, 1379, -1,
          3047, 1379, 3046, -1,
          1382, 1381, 3047, -1,
          3048, 1382, 3047, -1,
          3049, 1383, 1382, -1,
          3049, 1382, 3048, -1,
          3050, 1397, 1383, -1,
          3050, 1383, 3049, -1,
          1398, 1397, 3050, -1,
          3051, 1398, 3050, -1,
          1399, 1398, 3051, -1,
          3052, 1399, 3051, -1,
          1400, 1399, 3052, -1,
          3053, 1400, 3052, -1,
          1402, 1400, 3053, -1,
          3054, 1402, 3053, -1,
          1403, 1402, 3054, -1,
          3055, 1403, 3054, -1,
          1404, 1403, 3055, -1,
          3056, 1404, 3055, -1,
          1405, 1404, 3056, -1,
          3057, 1405, 3056, -1,
          1406, 1405, 3057, -1,
          3058, 1406, 3057, -1,
          1407, 1406, 3058, -1,
          3059, 1407, 3058, -1,
          1408, 1407, 3059, -1,
          3060, 1408, 3059, -1,
          3061, 1353, 1408, -1,
          3061, 1408, 3060, -1,
          3062, 1349, 1353, -1,
          3062, 1353, 3061, -1,
          1348, 1349, 3062, -1,
          3063, 1348, 3062, -1,
          1343, 1348, 3063, -1,
          3064, 1343, 3063, -1,
          1335, 1343, 3064, -1,
          3065, 1335, 3064, -1,
          3066, 1335, 3065, -1,
          3066, 1328, 1335, -1,
          1325, 1328, 3066, -1,
          3067, 1325, 3066, -1,
          1322, 1325, 3067, -1,
          3068, 1322, 3067, -1,
          1320, 1322, 3068, -1,
          3069, 1320, 3068, -1,
          1315, 1320, 3069, -1,
          3070, 1315, 3069, -1,
          1314, 1315, 3070, -1,
          3071, 1314, 3070, -1,
          1312, 1314, 3071, -1,
          3072, 1312, 3071, -1,
          1311, 1312, 3072, -1,
          3073, 1311, 3072, -1,
          1310, 1311, 3073, -1,
          3074, 1310, 3073, -1,
          1313, 1310, 3074, -1,
          3075, 1313, 3074, -1,
          1316, 1313, 3075, -1,
          3076, 1316, 3075, -1,
          1321, 1316, 3076, -1,
          3077, 1321, 3076, -1,
          3078, 1321, 3077, -1,
          3078, 1329, 1321, -1,
          3079, 1336, 1329, -1,
          3079, 1329, 3078, -1,
          1345, 1336, 3079, -1,
          3080, 1345, 3079, -1,
          1356, 1345, 3080, -1,
          3081, 1356, 3080, -1,
          1366, 1356, 3081, -1,
          3082, 1366, 3081, -1,
          1370, 1366, 3082, -1,
          3083, 1370, 3082, -1,
          3084, 1371, 1370, -1,
          3084, 1370, 3083, -1,
          3085, 1372, 1371, -1,
          3085, 1371, 3084, -1,
          3086, 1377, 1372, -1,
          3086, 1372, 3085, -1,
          3087, 1392, 1377, -1,
          3087, 1377, 3086, -1,
          3088, 1394, 1392, -1,
          3088, 1392, 3087, -1,
          1395, 1394, 3088, -1,
          3089, 1395, 3088, -1,
          1412, 1395, 3089, -1,
          3090, 1412, 3089, -1,
          1413, 1412, 3090, -1,
          3091, 1413, 3090, -1,
          1414, 1413, 3091, -1,
          3092, 1414, 3091, -1,
          1415, 1414, 3092, -1,
          3093, 1415, 3092, -1,
          1424, 1415, 3093, -1,
          3094, 1424, 3093, -1,
          1425, 1424, 3094, -1,
          3095, 1425, 3094, -1,
          3096, 1425, 3095, -1,
          1426, 1425, 3096, -1,
          3097, 1426, 3096, -1,
          1396, 1426, 3097, -1,
          3098, 1396, 3097, -1,
          1380, 1396, 3098, -1,
          3021, 1380, 3098, -1,
          3064, 3066, 3065, -1,
          3063, 3067, 3066, -1,
          3063, 3066, 3064, -1,
          3062, 3068, 3067, -1,
          3062, 3067, 3063, -1,
          3061, 3068, 3062, -1,
          3099, 3071, 3070, -1,
          3099, 3070, 3100, -1,
          3101, 3070, 3069, -1,
          3101, 3100, 3070, -1,
          3102, 3069, 3068, -1,
          3102, 3068, 3061, -1,
          3102, 3101, 3069, -1,
          3103, 3072, 3071, -1,
          3103, 3071, 3099, -1,
          3104, 3102, 3061, -1,
          3105, 3072, 3103, -1,
          3060, 3104, 3061, -1,
          3106, 3104, 3060, -1,
          3107, 3073, 3072, -1,
          3107, 3072, 3105, -1,
          3108, 3074, 3073, -1,
          3108, 3073, 3107, -1,
          3059, 3106, 3060, -1,
          3059, 3109, 3106, -1,
          3110, 3075, 3074, -1,
          3110, 3074, 3108, -1,
          3058, 3109, 3059, -1,
          3058, 3111, 3109, -1,
          3112, 3111, 3058, -1,
          3113, 3075, 3110, -1,
          3057, 3112, 3058, -1,
          3057, 3114, 3112, -1,
          3076, 3075, 3113, -1,
          3115, 3076, 3113, -1,
          3116, 3076, 3115, -1,
          3056, 3117, 3114, -1,
          3056, 3114, 3057, -1,
          3118, 3117, 3056, -1,
          3119, 3076, 3116, -1,
          3077, 3076, 3119, -1,
          3120, 3077, 3119, -1,
          3055, 3121, 3118, -1,
          3055, 3118, 3056, -1,
          3122, 3077, 3120, -1,
          3054, 3123, 3121, -1,
          3054, 3121, 3055, -1,
          3037, 3077, 3122, -1,
          3124, 3037, 3122, -1,
          3036, 3077, 3037, -1,
          3125, 3037, 3124, -1,
          3053, 3126, 3123, -1,
          3053, 3123, 3054, -1,
          3127, 3038, 3128, -1,
          3052, 3129, 3126, -1,
          3052, 3126, 3053, -1,
          3039, 3038, 3127, -1,
          3051, 3130, 3129, -1,
          3051, 3131, 3130, -1,
          3051, 3129, 3052, -1,
          3078, 3077, 3036, -1,
          3078, 3036, 3035, -1,
          3040, 3039, 3127, -1,
          3050, 3132, 3131, -1,
          3050, 3131, 3051, -1,
          3049, 3133, 3132, -1,
          3049, 3134, 3133, -1,
          3049, 3132, 3050, -1,
          3034, 3078, 3035, -1,
          3048, 3127, 3134, -1,
          3048, 3040, 3127, -1,
          3048, 3134, 3049, -1,
          3047, 3041, 3040, -1,
          3047, 3040, 3048, -1,
          3045, 3043, 3042, -1,
          3045, 3044, 3043, -1,
          3046, 3041, 3047, -1,
          3046, 3042, 3041, -1,
          3046, 3045, 3042, -1,
          3079, 3078, 3034, -1,
          3033, 3079, 3034, -1,
          3080, 3079, 3033, -1,
          3032, 3080, 3033, -1,
          3031, 3080, 3032, -1,
          3081, 3080, 3031, -1,
          3030, 3081, 3031, -1,
          3098, 3020, 3021, -1,
          3029, 3081, 3030, -1,
          3082, 3081, 3029, -1,
          3097, 3020, 3098, -1,
          3028, 3082, 3029, -1,
          3096, 3020, 3097, -1,
          3096, 3022, 3020, -1,
          3083, 3082, 3028, -1,
          3083, 3028, 3027, -1,
          3095, 3022, 3096, -1,
          3095, 3023, 3022, -1,
          3095, 3024, 3023, -1,
          3084, 3083, 3027, -1,
          3094, 3024, 3095, -1,
          3094, 3025, 3024, -1,
          3093, 3025, 3094, -1,
          3093, 3026, 3025, -1,
          3092, 3026, 3093, -1,
          3092, 3027, 3026, -1,
          3091, 3027, 3092, -1,
          3091, 3085, 3084, -1,
          3091, 3084, 3027, -1,
          3089, 3088, 3087, -1,
          3090, 3089, 3087, -1,
          3090, 3086, 3085, -1,
          3090, 3087, 3086, -1,
          3090, 3085, 3091, -1,
          3038, 3037, 3125, -1,
          3038, 3125, 3128, -1,
          3135, 3136, 3102, -1,
          3104, 3135, 3102, -1,
          3137, 3135, 3104, -1,
          3106, 3137, 3104, -1,
          3109, 3138, 3137, -1,
          3109, 3137, 3106, -1,
          3111, 3139, 3138, -1,
          3111, 3138, 3109, -1,
          3112, 3140, 3139, -1,
          3112, 3139, 3111, -1,
          3114, 3141, 3140, -1,
          3114, 3140, 3112, -1,
          3117, 3142, 3141, -1,
          3117, 3141, 3114, -1,
          3143, 3142, 3117, -1,
          3118, 3143, 3117, -1,
          3144, 3143, 3118, -1,
          3121, 3144, 3118, -1,
          3123, 3144, 3121, -1,
          3123, 3145, 3144, -1,
          3126, 3146, 3145, -1,
          3126, 3145, 3123, -1,
          3129, 3147, 3146, -1,
          3129, 3146, 3126, -1,
          3130, 3148, 3147, -1,
          3130, 3147, 3129, -1,
          3131, 3149, 3148, -1,
          3131, 3148, 3130, -1,
          3132, 3150, 3149, -1,
          3132, 3149, 3131, -1,
          3133, 3151, 3150, -1,
          3133, 3150, 3132, -1,
          3134, 3152, 3151, -1,
          3134, 3151, 3133, -1,
          3127, 3153, 3152, -1,
          3127, 3152, 3134, -1,
          3154, 3153, 3127, -1,
          3128, 3154, 3127, -1,
          3155, 3154, 3128, -1,
          3125, 3155, 3128, -1,
          3124, 3156, 3155, -1,
          3124, 3155, 3125, -1,
          3122, 3157, 3156, -1,
          3122, 3156, 3124, -1,
          3158, 3157, 3122, -1,
          3120, 3158, 3122, -1,
          3159, 3158, 3120, -1,
          3119, 3159, 3120, -1,
          3116, 3159, 3119, -1,
          3160, 3159, 3116, -1,
          3115, 3160, 3116, -1,
          3161, 3160, 3115, -1,
          3113, 3162, 3161, -1,
          3113, 3161, 3115, -1,
          3110, 3163, 3162, -1,
          3110, 3162, 3113, -1,
          3108, 3164, 3163, -1,
          3108, 3163, 3110, -1,
          3165, 3164, 3108, -1,
          3107, 3165, 3108, -1,
          3166, 3165, 3107, -1,
          3105, 3166, 3107, -1,
          3167, 3166, 3105, -1,
          3103, 3167, 3105, -1,
          3168, 3167, 3103, -1,
          3099, 3168, 3103, -1,
          3169, 3168, 3099, -1,
          3100, 3169, 3099, -1,
          3170, 3169, 3100, -1,
          3101, 3170, 3100, -1,
          3102, 3136, 3170, -1,
          3102, 3170, 3101, -1,
          3135, 3169, 3170, -1,
          3135, 3170, 3136, -1,
          3137, 3168, 3169, -1,
          3137, 3169, 3135, -1,
          3138, 3167, 3168, -1,
          3138, 3168, 3137, -1,
          3139, 3166, 3167, -1,
          3139, 3167, 3138, -1,
          3140, 3165, 3166, -1,
          3140, 3166, 3139, -1,
          3141, 3164, 3165, -1,
          3141, 3165, 3140, -1,
          3142, 3163, 3164, -1,
          3142, 3164, 3141, -1,
          3143, 3162, 3163, -1,
          3143, 3163, 3142, -1,
          3144, 3161, 3162, -1,
          3144, 3162, 3143, -1,
          3145, 3160, 3161, -1,
          3145, 3161, 3144, -1,
          3146, 3159, 3160, -1,
          3146, 3160, 3145, -1,
          3147, 3157, 3158, -1,
          3147, 3158, 3159, -1,
          3147, 3159, 3146, -1,
          3148, 3156, 3157, -1,
          3148, 3157, 3147, -1,
          3149, 3156, 3148, -1,
          3150, 3155, 3156, -1,
          3150, 3156, 3149, -1,
          3151, 3155, 3150, -1,
          3151, 3154, 3155, -1,
          3152, 3154, 3151, -1,
          3152, 3153, 3154, -1,
          2032, 1438, 3171, -1,
          2032, 3171, 3172, -1,
          1439, 2032, 3172, -1,
          3173, 1439, 3172, -1,
          1440, 1439, 3173, -1,
          3174, 1440, 3173, -1,
          1441, 1440, 3174, -1,
          3175, 1441, 3174, -1,
          1442, 1441, 3175, -1,
          3176, 1442, 3175, -1,
          1435, 1442, 3176, -1,
          1435, 3176, 3177, -1,
          1428, 1435, 3177, -1,
          3178, 1428, 3177, -1,
          3179, 1420, 1428, -1,
          3179, 1428, 3178, -1,
          3180, 1418, 1420, -1,
          3180, 1420, 3179, -1,
          1419, 1418, 3180, -1,
          3181, 1419, 3180, -1,
          1416, 1419, 3181, -1,
          3182, 1416, 3181, -1,
          3183, 1410, 3182, -1,
          3182, 1410, 1416, -1,
          3184, 1409, 3183, -1,
          3183, 1409, 1410, -1,
          3185, 1401, 3184, -1,
          3184, 1401, 1409, -1,
          1429, 1401, 3185, -1,
          1429, 3185, 3186, -1,
          3187, 3171, 1438, -1,
          1449, 3187, 1438, -1,
          3188, 3187, 1449, -1,
          1437, 3188, 1449, -1,
          1429, 3186, 3188, -1,
          1429, 3188, 1437, -1,
          3181, 3185, 3184, -1,
          3181, 3184, 3183, -1,
          3181, 3183, 3182, -1,
          3180, 3185, 3181, -1,
          3179, 3185, 3180, -1,
          3172, 3185, 3179, -1,
          3178, 3172, 3179, -1,
          3177, 3173, 3172, -1,
          3177, 3172, 3178, -1,
          3174, 3173, 3177, -1,
          3175, 3174, 3177, -1,
          3176, 3175, 3177, -1,
          3186, 3185, 3188, -1,
          3188, 3185, 3187, -1,
          3187, 3185, 3171, -1,
          3171, 3185, 3172, -1,
          3189, 1467, 3190, -1,
          3190, 1467, 1469, -1,
          3191, 1465, 3189, -1,
          3189, 1465, 1467, -1,
          3192, 1459, 3191, -1,
          3191, 1459, 1465, -1,
          1460, 1459, 3192, -1,
          3193, 1460, 3192, -1,
          3194, 3195, 1472, -1,
          1468, 3194, 1472, -1,
          3196, 3194, 1468, -1,
          1466, 3196, 1468, -1,
          1460, 3193, 3196, -1,
          1460, 3196, 1466, -1,
          3197, 1472, 3195, -1,
          3197, 1474, 1472, -1,
          3198, 3199, 1482, -1,
          1476, 3198, 1482, -1,
          3200, 3198, 1476, -1,
          1475, 3200, 1476, -1,
          1474, 3197, 3200, -1,
          1474, 3200, 1475, -1,
          3201, 1482, 3199, -1,
          3201, 1484, 1482, -1,
          1489, 3202, 3203, -1,
          1489, 3203, 1490, -1,
          1488, 3204, 3202, -1,
          1488, 3202, 1489, -1,
          1484, 3201, 3204, -1,
          1484, 3204, 1488, -1,
          1469, 1490, 3203, -1,
          3190, 1469, 3203, -1,
          3205, 3192, 3191, -1,
          3205, 3191, 3189, -1,
          3205, 3189, 3190, -1,
          3206, 3205, 3190, -1,
          3207, 3206, 3190, -1,
          3208, 3192, 3205, -1,
          3200, 3209, 3210, -1,
          3200, 3197, 3209, -1,
          3198, 3210, 3211, -1,
          3198, 3211, 3212, -1,
          3198, 3200, 3210, -1,
          3199, 3198, 3212, -1,
          3196, 3193, 3197, -1,
          3194, 3196, 3197, -1,
          3195, 3194, 3197, -1,
          3204, 3201, 3199, -1,
          3202, 3204, 3199, -1,
          3203, 3202, 3199, -1,
          3193, 3192, 3208, -1,
          3193, 3208, 3209, -1,
          3193, 3209, 3197, -1,
          3190, 3203, 3213, -1,
          3213, 3203, 3212, -1,
          3212, 3203, 3199, -1,
          3190, 3213, 3207, -1,
          3208, 3214, 3209, -1,
          3208, 3215, 3214, -1,
          3205, 3215, 3208, -1,
          3205, 3216, 3215, -1,
          3217, 3216, 3205, -1,
          3206, 3217, 3205, -1,
          3207, 3218, 3217, -1,
          3207, 3217, 3206, -1,
          3213, 3219, 3218, -1,
          3213, 3218, 3207, -1,
          3212, 3219, 3213, -1,
          3212, 3220, 3219, -1,
          3212, 3211, 3220, -1,
          3211, 3221, 3220, -1,
          3211, 3210, 3221, -1,
          3210, 3222, 3221, -1,
          3209, 3214, 3210, -1,
          3210, 3214, 3222, -1,
          3215, 3217, 3218, -1,
          3219, 3215, 3218, -1,
          3222, 3214, 3215, -1,
          3221, 3222, 3215, -1,
          3220, 3215, 3219, -1,
          3220, 3221, 3215, -1,
          3215, 3216, 3217, -1,
          3223, 3224, 1497, -1,
          3224, 1496, 1497, -1,
          3224, 3225, 1496, -1,
          3225, 1494, 1496, -1,
          3225, 3226, 1494, -1,
          3226, 1493, 1494, -1,
          3227, 1493, 3226, -1,
          1501, 1493, 3227, -1,
          3228, 1498, 3227, -1,
          3227, 1498, 1501, -1,
          3229, 1495, 3228, -1,
          3228, 1495, 1498, -1,
          3230, 1492, 3229, -1,
          3229, 1492, 1495, -1,
          1491, 1492, 3230, -1,
          1491, 3230, 3231, -1,
          3232, 3233, 1517, -1,
          1504, 3232, 1517, -1,
          3234, 3232, 1504, -1,
          1500, 3234, 1504, -1,
          1491, 3231, 3234, -1,
          1491, 3234, 1500, -1,
          1497, 1517, 3233, -1,
          1497, 3233, 3223, -1,
          3231, 3230, 3229, -1,
          3227, 3226, 3225, -1,
          3227, 3225, 3224, -1,
          3227, 3224, 3223, -1,
          3234, 3229, 3228, -1,
          3234, 3231, 3229, -1,
          3232, 3228, 3227, -1,
          3232, 3234, 3228, -1,
          3233, 3232, 3227, -1,
          3223, 3233, 3227, -1,
          1777, 3235, 1776, -1,
          3236, 3235, 1777, -1,
          1776, 3237, 1774, -1,
          3235, 3237, 1776, -1,
          1774, 3238, 1770, -1,
          3237, 3238, 1774, -1,
          3239, 1770, 3238, -1,
          3239, 1767, 1770, -1,
          3240, 1763, 1767, -1,
          3240, 1767, 3239, -1,
          1762, 1763, 3240, -1,
          3241, 1762, 3240, -1,
          1760, 1762, 3241, -1,
          3242, 1760, 3241, -1,
          3243, 1758, 1760, -1,
          3243, 1760, 3242, -1,
          3244, 1756, 1758, -1,
          3244, 1758, 3243, -1,
          1753, 1756, 3244, -1,
          3245, 1753, 3244, -1,
          1754, 1753, 3245, -1,
          3246, 1754, 3245, -1,
          1755, 3246, 3247, -1,
          1755, 1754, 3246, -1,
          3248, 1755, 3247, -1,
          1757, 1755, 3248, -1,
          3249, 1759, 1757, -1,
          3249, 1757, 3248, -1,
          1761, 1759, 3249, -1,
          3250, 1761, 3249, -1,
          1765, 1761, 3250, -1,
          3251, 1765, 3250, -1,
          1766, 1765, 3251, -1,
          3252, 1766, 3251, -1,
          1768, 1766, 3252, -1,
          3253, 1768, 3252, -1,
          1769, 1768, 3253, -1,
          3254, 1769, 3253, -1,
          1772, 1769, 3254, -1,
          3255, 1772, 3254, -1,
          1773, 1772, 3255, -1,
          3256, 1773, 3255, -1,
          1775, 1773, 3256, -1,
          3257, 1775, 3256, -1,
          1779, 1775, 3257, -1,
          3258, 1779, 3257, -1,
          1780, 1779, 3258, -1,
          3259, 1780, 3258, -1,
          3260, 3261, 1783, -1,
          3260, 1783, 1782, -1,
          3262, 1782, 1781, -1,
          3262, 3260, 1782, -1,
          1780, 3262, 1781, -1,
          3259, 3262, 1780, -1,
          1778, 1783, 3261, -1,
          1778, 3261, 3263, -1,
          3264, 3265, 1793, -1,
          3264, 1793, 1792, -1,
          3266, 1792, 1791, -1,
          3266, 3264, 1792, -1,
          3263, 1791, 1778, -1,
          3263, 3266, 1791, -1,
          3236, 1793, 3265, -1,
          1777, 1793, 3236, -1,
          3239, 3241, 3240, -1,
          3267, 3245, 3244, -1,
          3268, 3244, 3243, -1,
          3268, 3267, 3244, -1,
          3269, 3243, 3242, -1,
          3269, 3268, 3243, -1,
          3270, 3245, 3267, -1,
          3271, 3246, 3245, -1,
          3271, 3245, 3270, -1,
          3272, 3242, 3241, -1,
          3272, 3239, 3238, -1,
          3272, 3241, 3239, -1,
          3272, 3269, 3242, -1,
          3273, 3247, 3246, -1,
          3273, 3246, 3271, -1,
          3274, 3238, 3237, -1,
          3274, 3272, 3238, -1,
          3275, 3237, 3235, -1,
          3275, 3274, 3237, -1,
          3276, 3248, 3247, -1,
          3276, 3247, 3273, -1,
          3277, 3235, 3236, -1,
          3277, 3275, 3235, -1,
          3278, 3248, 3276, -1,
          3249, 3248, 3278, -1,
          3279, 3249, 3278, -1,
          3280, 3249, 3279, -1,
          3250, 3249, 3280, -1,
          3281, 3250, 3280, -1,
          3282, 3251, 3250, -1,
          3282, 3250, 3281, -1,
          3283, 3251, 3282, -1,
          3284, 3252, 3251, -1,
          3284, 3251, 3283, -1,
          3285, 3252, 3284, -1,
          3286, 3253, 3252, -1,
          3286, 3252, 3285, -1,
          3287, 3253, 3286, -1,
          3254, 3253, 3287, -1,
          3255, 3287, 3288, -1,
          3255, 3254, 3287, -1,
          3256, 3255, 3288, -1,
          3259, 3257, 3256, -1,
          3259, 3258, 3257, -1,
          3259, 3256, 3288, -1,
          3262, 3288, 3289, -1,
          3262, 3259, 3288, -1,
          3260, 3289, 3290, -1,
          3260, 3262, 3289, -1,
          3261, 3290, 3291, -1,
          3261, 3260, 3290, -1,
          3266, 3263, 3261, -1,
          3264, 3266, 3261, -1,
          3265, 3264, 3261, -1,
          3236, 3265, 3261, -1,
          3236, 3261, 3291, -1,
          3236, 3291, 3277, -1,
          3292, 3293, 3288, -1,
          3287, 3292, 3288, -1,
          3286, 3294, 3292, -1,
          3286, 3292, 3287, -1,
          3285, 3295, 3294, -1,
          3285, 3294, 3286, -1,
          3284, 3296, 3295, -1,
          3284, 3295, 3285, -1,
          3283, 3297, 3296, -1,
          3283, 3296, 3284, -1,
          3282, 3298, 3297, -1,
          3282, 3297, 3283, -1,
          3281, 3299, 3298, -1,
          3281, 3298, 3282, -1,
          3280, 3300, 3299, -1,
          3280, 3299, 3281, -1,
          3279, 3301, 3300, -1,
          3279, 3300, 3280, -1,
          3302, 3301, 3279, -1,
          3278, 3302, 3279, -1,
          3303, 3302, 3278, -1,
          3276, 3303, 3278, -1,
          3304, 3303, 3276, -1,
          3273, 3304, 3276, -1,
          3305, 3304, 3273, -1,
          3271, 3305, 3273, -1,
          3306, 3305, 3271, -1,
          3270, 3306, 3271, -1,
          3267, 3307, 3306, -1,
          3267, 3306, 3270, -1,
          3268, 3307, 3267, -1,
          3268, 3308, 3307, -1,
          3269, 3309, 3308, -1,
          3269, 3308, 3268, -1,
          3272, 3310, 3309, -1,
          3272, 3309, 3269, -1,
          3311, 3277, 3312, -1,
          3275, 3277, 3311, -1,
          3313, 3275, 3311, -1,
          3274, 3275, 3313, -1,
          3310, 3274, 3313, -1,
          3272, 3274, 3310, -1,
          3314, 3312, 3277, -1,
          3314, 3277, 3291, -1,
          3291, 3290, 3314, -1,
          3314, 3290, 3315, -1,
          3315, 3289, 3316, -1,
          3290, 3289, 3315, -1,
          3316, 3288, 3293, -1,
          3289, 3288, 3316, -1,
          3310, 3307, 3308, -1,
          3310, 3308, 3309, -1,
          3313, 3307, 3310, -1,
          3306, 3313, 3311, -1,
          3306, 3307, 3313, -1,
          3312, 3306, 3311, -1,
          3305, 3306, 3312, -1,
          3304, 3305, 3312, -1,
          3303, 3304, 3312, -1,
          3302, 3303, 3312, -1,
          3316, 3293, 3292, -1,
          3316, 3292, 3294, -1,
          3315, 3294, 3295, -1,
          3315, 3316, 3294, -1,
          3314, 3295, 3296, -1,
          3314, 3296, 3297, -1,
          3314, 3297, 3298, -1,
          3314, 3298, 3299, -1,
          3314, 3299, 3300, -1,
          3314, 3315, 3295, -1,
          3312, 3314, 3302, -1,
          3302, 3314, 3301, -1,
          3301, 3314, 3300, -1,
          3317, 1749, 1750, -1,
          3317, 3318, 1749, -1,
          3318, 1747, 1749, -1,
          3318, 3319, 1747, -1,
          1747, 3320, 1746, -1,
          3319, 3320, 1747, -1,
          3321, 1746, 3320, -1,
          1752, 1746, 3321, -1,
          3321, 1751, 1752, -1,
          3321, 3322, 1751, -1,
          3322, 1748, 1751, -1,
          3322, 3323, 1748, -1,
          3323, 1745, 1748, -1,
          3323, 3324, 1745, -1,
          3325, 1745, 3324, -1,
          1743, 1745, 3325, -1,
          3326, 3327, 1764, -1,
          3326, 1764, 1789, -1,
          3328, 1789, 1788, -1,
          3328, 3326, 1789, -1,
          3325, 1788, 1743, -1,
          3325, 3328, 1788, -1,
          3317, 1764, 3327, -1,
          1750, 1764, 3317, -1,
          3325, 3324, 3323, -1,
          3321, 3320, 3319, -1,
          3321, 3319, 3318, -1,
          3321, 3318, 3317, -1,
          3328, 3323, 3322, -1,
          3328, 3325, 3323, -1,
          3326, 3322, 3321, -1,
          3326, 3328, 3322, -1,
          3327, 3326, 3321, -1,
          3317, 3327, 3321, -1,
          1721, 3329, 1720, -1,
          3330, 3329, 1721, -1,
          1720, 3331, 1719, -1,
          3329, 3331, 1720, -1,
          3331, 1717, 1719, -1,
          3331, 3332, 1717, -1,
          1733, 1717, 3332, -1,
          3333, 1733, 3332, -1,
          1739, 3334, 3335, -1,
          1739, 3335, 1723, -1,
          1738, 3336, 3334, -1,
          1738, 3334, 1739, -1,
          1733, 3333, 3336, -1,
          1733, 3336, 1738, -1,
          3337, 1723, 3335, -1,
          3337, 1724, 1723, -1,
          1741, 3338, 1742, -1,
          3339, 3338, 1741, -1,
          1722, 3339, 1741, -1,
          3340, 3339, 1722, -1,
          1724, 3337, 3340, -1,
          1724, 3340, 1722, -1,
          3341, 1742, 3338, -1,
          3341, 1740, 1742, -1,
          1787, 3342, 1744, -1,
          3343, 3342, 1787, -1,
          1786, 3343, 1787, -1,
          3344, 3343, 1786, -1,
          1740, 3344, 1786, -1,
          3341, 3344, 1740, -1,
          1721, 1744, 3342, -1,
          3330, 1721, 3342, -1,
          3345, 3332, 3331, -1,
          3345, 3331, 3329, -1,
          3345, 3329, 3330, -1,
          3346, 3332, 3345, -1,
          3347, 3345, 3330, -1,
          3340, 3348, 3349, -1,
          3340, 3337, 3348, -1,
          3339, 3349, 3350, -1,
          3339, 3350, 3351, -1,
          3339, 3340, 3349, -1,
          3338, 3339, 3351, -1,
          3336, 3333, 3337, -1,
          3334, 3336, 3337, -1,
          3335, 3334, 3337, -1,
          3344, 3341, 3338, -1,
          3343, 3344, 3338, -1,
          3342, 3343, 3338, -1,
          3333, 3332, 3346, -1,
          3333, 3346, 3348, -1,
          3333, 3348, 3337, -1,
          3330, 3342, 3347, -1,
          3347, 3342, 3351, -1,
          3351, 3342, 3338, -1,
          3346, 3352, 3348, -1,
          3346, 3353, 3352, -1,
          3345, 3353, 3346, -1,
          3345, 3354, 3353, -1,
          3355, 3354, 3345, -1,
          3347, 3355, 3345, -1,
          3351, 3355, 3347, -1,
          3351, 3356, 3355, -1,
          3351, 3357, 3356, -1,
          3351, 3350, 3357, -1,
          3357, 3349, 3358, -1,
          3350, 3349, 3357, -1,
          3349, 3352, 3358, -1,
          3349, 3348, 3352, -1,
          3353, 3354, 3355, -1,
          3358, 3352, 3353, -1,
          3357, 3358, 3353, -1,
          3356, 3353, 3355, -1,
          3356, 3357, 3353, -1,
          3359, 1715, 3360, -1,
          3360, 1715, 1716, -1,
          3361, 1714, 3359, -1,
          3359, 1714, 1715, -1,
          3362, 1713, 3361, -1,
          3361, 1713, 1714, -1,
          3363, 1713, 3362, -1,
          3363, 2030, 1713, -1,
          1687, 2030, 3363, -1,
          1687, 3363, 3364, -1,
          3364, 3365, 1687, -1,
          3365, 1686, 1687, -1,
          3365, 3366, 1686, -1,
          3366, 1684, 1686, -1,
          3366, 3367, 1684, -1,
          3367, 1677, 1684, -1,
          1703, 1677, 3367, -1,
          1703, 3367, 3368, -1,
          1735, 3369, 3370, -1,
          1735, 3370, 1730, -1,
          1734, 3371, 3369, -1,
          1734, 3369, 1735, -1,
          1703, 3368, 3371, -1,
          1703, 3371, 1734, -1,
          3372, 1730, 3370, -1,
          3372, 2031, 1730, -1,
          3373, 2031, 3372, -1,
          1731, 2031, 3373, -1,
          3374, 3375, 1732, -1,
          1737, 3374, 1732, -1,
          1736, 3376, 3374, -1,
          1736, 3374, 1737, -1,
          1731, 3373, 3376, -1,
          1731, 3376, 1736, -1,
          3360, 1732, 3375, -1,
          1716, 1732, 3360, -1,
          3372, 3362, 3361, -1,
          3372, 3361, 3359, -1,
          3372, 3359, 3360, -1,
          3371, 3368, 3363, -1,
          3369, 3371, 3363, -1,
          3370, 3369, 3363, -1,
          3373, 3372, 3376, -1,
          3376, 3372, 3374, -1,
          3374, 3372, 3375, -1,
          3372, 3370, 3363, -1,
          3368, 3367, 3363, -1,
          3364, 3363, 3365, -1,
          3365, 3363, 3366, -1,
          3366, 3363, 3367, -1,
          3363, 3362, 3372, -1,
          3360, 3375, 3372, -1,
          3377, 1670, 3378, -1,
          3377, 1667, 1670, -1,
          1665, 1667, 3377, -1,
          3379, 1665, 3377, -1,
          1662, 1665, 3379, -1,
          3380, 1662, 3379, -1,
          1661, 1662, 3380, -1,
          3381, 1661, 3380, -1,
          1659, 1661, 3381, -1,
          3382, 1659, 3381, -1,
          1657, 1659, 3382, -1,
          3383, 1657, 3382, -1,
          1653, 1657, 3383, -1,
          3384, 1651, 1653, -1,
          3384, 1653, 3383, -1,
          1649, 1651, 3384, -1,
          3385, 1649, 3384, -1,
          1652, 1649, 3385, -1,
          3386, 1652, 3385, -1,
          1655, 1652, 3386, -1,
          3387, 1655, 3386, -1,
          1658, 1655, 3387, -1,
          3388, 1658, 3387, -1,
          1660, 1658, 3388, -1,
          3389, 1660, 3388, -1,
          3390, 1660, 3389, -1,
          3390, 1663, 1660, -1,
          3391, 1666, 1663, -1,
          3391, 1663, 3390, -1,
          1669, 1666, 3391, -1,
          3392, 1669, 3391, -1,
          1672, 1669, 3392, -1,
          3393, 1672, 3392, -1,
          1698, 1672, 3393, -1,
          3394, 1698, 3393, -1,
          1699, 1698, 3394, -1,
          3395, 1699, 3394, -1,
          1700, 1699, 3395, -1,
          3396, 1700, 3395, -1,
          1701, 1700, 3396, -1,
          3397, 1701, 3396, -1,
          1702, 1701, 3397, -1,
          3398, 1702, 3397, -1,
          1726, 1702, 3398, -1,
          3399, 1726, 3398, -1,
          1727, 1726, 3399, -1,
          3400, 1727, 3399, -1,
          1728, 1727, 3400, -1,
          3401, 1728, 3400, -1,
          3402, 1729, 1728, -1,
          3402, 1728, 3401, -1,
          3403, 1704, 1729, -1,
          3403, 1729, 3402, -1,
          1705, 1704, 3403, -1,
          3404, 1705, 3403, -1,
          1706, 1705, 3404, -1,
          3405, 1706, 3404, -1,
          1707, 1706, 3405, -1,
          3406, 1707, 3405, -1,
          1708, 1707, 3406, -1,
          3407, 1708, 3406, -1,
          1709, 1708, 3407, -1,
          3408, 1709, 3407, -1,
          1710, 1709, 3408, -1,
          3409, 1710, 3408, -1,
          1711, 1710, 3409, -1,
          3410, 1711, 3409, -1,
          1712, 1711, 3410, -1,
          3411, 1712, 3410, -1,
          1685, 1712, 3411, -1,
          3412, 1685, 3411, -1,
          1678, 1685, 3412, -1,
          3413, 1678, 3412, -1,
          1679, 1678, 3413, -1,
          3414, 1679, 3413, -1,
          1680, 1679, 3414, -1,
          3415, 1680, 3414, -1,
          1681, 1680, 3415, -1,
          3416, 1681, 3415, -1,
          3417, 1682, 1681, -1,
          3417, 1681, 3416, -1,
          3418, 1683, 1682, -1,
          3418, 1682, 3417, -1,
          1676, 1683, 3418, -1,
          3419, 1676, 3418, -1,
          3420, 1675, 1676, -1,
          3420, 1676, 3419, -1,
          1674, 1675, 3420, -1,
          3421, 1674, 3420, -1,
          1671, 1674, 3421, -1,
          3422, 1671, 3421, -1,
          1670, 1671, 3422, -1,
          3378, 1670, 3422, -1,
          3422, 3377, 3378, -1,
          3421, 3379, 3377, -1,
          3421, 3377, 3422, -1,
          3420, 3379, 3421, -1,
          3423, 3382, 3381, -1,
          3424, 3423, 3381, -1,
          3424, 3381, 3380, -1,
          3425, 3382, 3423, -1,
          3426, 3379, 3420, -1,
          3426, 3424, 3380, -1,
          3426, 3380, 3379, -1,
          3426, 3420, 3419, -1,
          3427, 3382, 3425, -1,
          3427, 3383, 3382, -1,
          3418, 3426, 3419, -1,
          3428, 3426, 3418, -1,
          3429, 3383, 3427, -1,
          3429, 3384, 3383, -1,
          3430, 3384, 3429, -1,
          3417, 3428, 3418, -1,
          3417, 3431, 3428, -1,
          3417, 3432, 3431, -1,
          3433, 3385, 3384, -1,
          3433, 3384, 3430, -1,
          3416, 3432, 3417, -1,
          3416, 3434, 3432, -1,
          3435, 3386, 3385, -1,
          3435, 3385, 3433, -1,
          3436, 3434, 3416, -1,
          3387, 3386, 3435, -1,
          3415, 3436, 3416, -1,
          3415, 3437, 3436, -1,
          3438, 3388, 3387, -1,
          3438, 3387, 3435, -1,
          3439, 3437, 3415, -1,
          3414, 3439, 3415, -1,
          3414, 3440, 3439, -1,
          3441, 3389, 3388, -1,
          3441, 3388, 3438, -1,
          3442, 3440, 3414, -1,
          3443, 3389, 3441, -1,
          3390, 3389, 3443, -1,
          3413, 3442, 3414, -1,
          3413, 3444, 3442, -1,
          3445, 3390, 3443, -1,
          3446, 3444, 3413, -1,
          3447, 3390, 3445, -1,
          3391, 3390, 3447, -1,
          3448, 3391, 3447, -1,
          3412, 3446, 3413, -1,
          3412, 3449, 3446, -1,
          3450, 3391, 3448, -1,
          3411, 3451, 3449, -1,
          3411, 3449, 3412, -1,
          3392, 3391, 3450, -1,
          3452, 3392, 3450, -1,
          3410, 3451, 3411, -1,
          3453, 3392, 3452, -1,
          3454, 3451, 3410, -1,
          3393, 3392, 3453, -1,
          3455, 3393, 3453, -1,
          3409, 3454, 3410, -1,
          3456, 3454, 3409, -1,
          3457, 3393, 3455, -1,
          3457, 3394, 3393, -1,
          3458, 3394, 3457, -1,
          3408, 3456, 3409, -1,
          3408, 3459, 3456, -1,
          3395, 3394, 3458, -1,
          3460, 3395, 3458, -1,
          3407, 3459, 3408, -1,
          3407, 3461, 3459, -1,
          3396, 3395, 3460, -1,
          3396, 3460, 3462, -1,
          3406, 3461, 3407, -1,
          3406, 3463, 3461, -1,
          3397, 3396, 3462, -1,
          3405, 3463, 3406, -1,
          3405, 3464, 3463, -1,
          3405, 3465, 3464, -1,
          3404, 3465, 3405, -1,
          3404, 3466, 3465, -1,
          3403, 3466, 3404, -1,
          3403, 3462, 3466, -1,
          3401, 3399, 3398, -1,
          3401, 3400, 3399, -1,
          3402, 3398, 3397, -1,
          3402, 3397, 3462, -1,
          3402, 3462, 3403, -1,
          3402, 3401, 3398, -1,
          3467, 3468, 3462, -1,
          3460, 3467, 3462, -1,
          3469, 3467, 3460, -1,
          3458, 3469, 3460, -1,
          3457, 3470, 3469, -1,
          3457, 3469, 3458, -1,
          3455, 3471, 3470, -1,
          3455, 3470, 3457, -1,
          3453, 3472, 3471, -1,
          3453, 3471, 3455, -1,
          3452, 3473, 3472, -1,
          3452, 3472, 3453, -1,
          3450, 3474, 3473, -1,
          3450, 3473, 3452, -1,
          3448, 3475, 3474, -1,
          3448, 3474, 3450, -1,
          3447, 3476, 3475, -1,
          3447, 3475, 3448, -1,
          3445, 3477, 3476, -1,
          3445, 3476, 3447, -1,
          3478, 3477, 3445, -1,
          3443, 3478, 3445, -1,
          3479, 3478, 3443, -1,
          3441, 3479, 3443, -1,
          3438, 3479, 3441, -1,
          3438, 3480, 3479, -1,
          3435, 3481, 3480, -1,
          3435, 3480, 3438, -1,
          3433, 3482, 3481, -1,
          3433, 3481, 3435, -1,
          3430, 3483, 3482, -1,
          3430, 3482, 3433, -1,
          3484, 3483, 3430, -1,
          3429, 3484, 3430, -1,
          3485, 3484, 3429, -1,
          3427, 3485, 3429, -1,
          3486, 3485, 3427, -1,
          3425, 3486, 3427, -1,
          3487, 3486, 3425, -1,
          3423, 3487, 3425, -1,
          3424, 3488, 3487, -1,
          3424, 3487, 3423, -1,
          3426, 3489, 3488, -1,
          3426, 3488, 3424, -1,
          3490, 3489, 3426, -1,
          3428, 3490, 3426, -1,
          3491, 3490, 3428, -1,
          3431, 3491, 3428, -1,
          3492, 3491, 3431, -1,
          3432, 3492, 3431, -1,
          3493, 3492, 3432, -1,
          3434, 3493, 3432, -1,
          3436, 3494, 3493, -1,
          3436, 3493, 3434, -1,
          3437, 3495, 3494, -1,
          3437, 3494, 3436, -1,
          3439, 3496, 3495, -1,
          3439, 3495, 3437, -1,
          3440, 3497, 3496, -1,
          3440, 3496, 3439, -1,
          3442, 3498, 3497, -1,
          3442, 3497, 3440, -1,
          3444, 3499, 3498, -1,
          3444, 3498, 3442, -1,
          3446, 3500, 3499, -1,
          3446, 3499, 3444, -1,
          3501, 3500, 3446, -1,
          3449, 3501, 3446, -1,
          3451, 3502, 3501, -1,
          3451, 3501, 3449, -1,
          3454, 3503, 3502, -1,
          3454, 3502, 3451, -1,
          3456, 3504, 3503, -1,
          3456, 3503, 3454, -1,
          3505, 3504, 3456, -1,
          3459, 3505, 3456, -1,
          3506, 3505, 3459, -1,
          3461, 3506, 3459, -1,
          3507, 3506, 3461, -1,
          3463, 3507, 3461, -1,
          3508, 3507, 3463, -1,
          3464, 3508, 3463, -1,
          3509, 3508, 3464, -1,
          3465, 3509, 3464, -1,
          3466, 3510, 3509, -1,
          3466, 3509, 3465, -1,
          3462, 3468, 3510, -1,
          3462, 3510, 3466, -1,
          3490, 3487, 3488, -1,
          3490, 3488, 3489, -1,
          3491, 3486, 3487, -1,
          3491, 3487, 3490, -1,
          3492, 3485, 3486, -1,
          3492, 3486, 3491, -1,
          3493, 3484, 3485, -1,
          3493, 3485, 3492, -1,
          3494, 3483, 3484, -1,
          3494, 3484, 3493, -1,
          3495, 3482, 3483, -1,
          3495, 3483, 3494, -1,
          3496, 3482, 3495, -1,
          3497, 3481, 3482, -1,
          3497, 3482, 3496, -1,
          3498, 3480, 3481, -1,
          3498, 3481, 3497, -1,
          3499, 3480, 3498, -1,
          3500, 3479, 3480, -1,
          3500, 3480, 3499, -1,
          3501, 3478, 3479, -1,
          3501, 3479, 3500, -1,
          3502, 3476, 3477, -1,
          3502, 3477, 3478, -1,
          3502, 3478, 3501, -1,
          3503, 3476, 3502, -1,
          3503, 3475, 3476, -1,
          3504, 3474, 3475, -1,
          3504, 3475, 3503, -1,
          3505, 3472, 3473, -1,
          3505, 3473, 3474, -1,
          3505, 3474, 3504, -1,
          3506, 3471, 3472, -1,
          3506, 3472, 3505, -1,
          3507, 3470, 3471, -1,
          3507, 3471, 3506, -1,
          3508, 3469, 3470, -1,
          3508, 3470, 3507, -1,
          3510, 3468, 3467, -1,
          3509, 3467, 3469, -1,
          3509, 3469, 3508, -1,
          3509, 3510, 3467, -1,
          3511, 1648, 3512, -1,
          3512, 1648, 1656, -1,
          3513, 1645, 3511, -1,
          3511, 1645, 1648, -1,
          3514, 1635, 3513, -1,
          3513, 1635, 1645, -1,
          3515, 1635, 3514, -1,
          1639, 1635, 3515, -1,
          3516, 3517, 1664, -1,
          1673, 3516, 1664, -1,
          1647, 3518, 3516, -1,
          1647, 3516, 1673, -1,
          3515, 3518, 1647, -1,
          1639, 3515, 1647, -1,
          1656, 1664, 3517, -1,
          1656, 3517, 3512, -1,
          3518, 3515, 3514, -1,
          3518, 3514, 3513, -1,
          3516, 3513, 3511, -1,
          3516, 3518, 3513, -1,
          3517, 3511, 3512, -1,
          3517, 3516, 3511, -1,
          3519, 1558, 3520, -1,
          3519, 1566, 1558, -1,
          3521, 1566, 3519, -1,
          1572, 1566, 3521, -1,
          3522, 1576, 1572, -1,
          3522, 1572, 3521, -1,
          3523, 1581, 1576, -1,
          3523, 1576, 3522, -1,
          3524, 1587, 1581, -1,
          3524, 1581, 3523, -1,
          1689, 1587, 3524, -1,
          3525, 1689, 3524, -1,
          1690, 1689, 3525, -1,
          3526, 1690, 3525, -1,
          1691, 1690, 3526, -1,
          3527, 1691, 3526, -1,
          1692, 1691, 3527, -1,
          3528, 1692, 3527, -1,
          1693, 1692, 3528, -1,
          3529, 1693, 3528, -1,
          1694, 1693, 3529, -1,
          3530, 1694, 3529, -1,
          1695, 1694, 3530, -1,
          3531, 1695, 3530, -1,
          1696, 1695, 3531, -1,
          3532, 1696, 3531, -1,
          1697, 1696, 3532, -1,
          3533, 1697, 3532, -1,
          1640, 1697, 3533, -1,
          3534, 1640, 3533, -1,
          1641, 1640, 3534, -1,
          3535, 1641, 3534, -1,
          1642, 1641, 3535, -1,
          3536, 1642, 3535, -1,
          1643, 1642, 3536, -1,
          3537, 1643, 3536, -1,
          1644, 1643, 3537, -1,
          3538, 1644, 3537, -1,
          1636, 1644, 3538, -1,
          3539, 1636, 3538, -1,
          1637, 1636, 3539, -1,
          3540, 1637, 3539, -1,
          1638, 1637, 3540, -1,
          3541, 1638, 3540, -1,
          1646, 1638, 3541, -1,
          3542, 1646, 3541, -1,
          1650, 1646, 3542, -1,
          3543, 1650, 3542, -1,
          1654, 1650, 3543, -1,
          3544, 1654, 3543, -1,
          1594, 1654, 3544, -1,
          3545, 1594, 3544, -1,
          3546, 1588, 1594, -1,
          3546, 1594, 3545, -1,
          3547, 1584, 1588, -1,
          3547, 1588, 3546, -1,
          3548, 1580, 1584, -1,
          3548, 1584, 3547, -1,
          1574, 1580, 3548, -1,
          3549, 1574, 3548, -1,
          1571, 1574, 3549, -1,
          3550, 1571, 3549, -1,
          3551, 1569, 1571, -1,
          3551, 1571, 3550, -1,
          1565, 1569, 3551, -1,
          3552, 1565, 3551, -1,
          1557, 1565, 3552, -1,
          3553, 1557, 3552, -1,
          1556, 1557, 3553, -1,
          3554, 1556, 3553, -1,
          3555, 1555, 1556, -1,
          3555, 1556, 3554, -1,
          3556, 1554, 1555, -1,
          3556, 1555, 3555, -1,
          1552, 1554, 3556, -1,
          3557, 1552, 3556, -1,
          1547, 1552, 3557, -1,
          3558, 1547, 3557, -1,
          1545, 1547, 3558, -1,
          3559, 1545, 3558, -1,
          1543, 1545, 3559, -1,
          3560, 1543, 3559, -1,
          1549, 1543, 3560, -1,
          3561, 1549, 3560, -1,
          3562, 1549, 3561, -1,
          3562, 1562, 1549, -1,
          1563, 1562, 3562, -1,
          3563, 1563, 3562, -1,
          1564, 1563, 3563, -1,
          3564, 1564, 3563, -1,
          3565, 1586, 1564, -1,
          3565, 1564, 3564, -1,
          3566, 1590, 1586, -1,
          3566, 1586, 3565, -1,
          3567, 1591, 1590, -1,
          3567, 1590, 3566, -1,
          1593, 1591, 3567, -1,
          3568, 1593, 3567, -1,
          1596, 1593, 3568, -1,
          3569, 1596, 3568, -1,
          1597, 1596, 3569, -1,
          3570, 1614, 1597, -1,
          3570, 1597, 3569, -1,
          1619, 1614, 3570, -1,
          3571, 1619, 3570, -1,
          3572, 1621, 1619, -1,
          3572, 1619, 3571, -1,
          3573, 1626, 1621, -1,
          3573, 1621, 3572, -1,
          1627, 1626, 3573, -1,
          3574, 1627, 3573, -1,
          1629, 1627, 3574, -1,
          3575, 1629, 3574, -1,
          1616, 1629, 3575, -1,
          3576, 1616, 3575, -1,
          1617, 1616, 3576, -1,
          3577, 1617, 3576, -1,
          3578, 1617, 3577, -1,
          1615, 1617, 3578, -1,
          3579, 1615, 3578, -1,
          1624, 1615, 3579, -1,
          3580, 1623, 1624, -1,
          3580, 1624, 3579, -1,
          1631, 1623, 3580, -1,
          3581, 1631, 3580, -1,
          1634, 1631, 3581, -1,
          3582, 1634, 3581, -1,
          1633, 1634, 3582, -1,
          3583, 1633, 3582, -1,
          1632, 1633, 3583, -1,
          3584, 1632, 3583, -1,
          1630, 1632, 3584, -1,
          3585, 1630, 3584, -1,
          1628, 1630, 3585, -1,
          3586, 1628, 3585, -1,
          1625, 1628, 3586, -1,
          3587, 1625, 3586, -1,
          1622, 1625, 3587, -1,
          3588, 1622, 3587, -1,
          1620, 1622, 3588, -1,
          3589, 1620, 3588, -1,
          1618, 1620, 3589, -1,
          3590, 1618, 3589, -1,
          1613, 1618, 3590, -1,
          3591, 1613, 3590, -1,
          1595, 1613, 3591, -1,
          3592, 1595, 3591, -1,
          1592, 1595, 3592, -1,
          3593, 1592, 3592, -1,
          1589, 1592, 3593, -1,
          3594, 1589, 3593, -1,
          1585, 1589, 3594, -1,
          3595, 1585, 3594, -1,
          1583, 1585, 3595, -1,
          3596, 1583, 3595, -1,
          3597, 1579, 1583, -1,
          3597, 1583, 3596, -1,
          3598, 1578, 1579, -1,
          3598, 1579, 3597, -1,
          3599, 1575, 1578, -1,
          3599, 1578, 3598, -1,
          3600, 1570, 1575, -1,
          3600, 1575, 3599, -1,
          1558, 1570, 3600, -1,
          3520, 1558, 3600, -1,
          3550, 3552, 3551, -1,
          3549, 3553, 3552, -1,
          3549, 3552, 3550, -1,
          3548, 3554, 3553, -1,
          3548, 3553, 3549, -1,
          3569, 3568, 3556, -1,
          3569, 3556, 3555, -1,
          3567, 3556, 3568, -1,
          3567, 3557, 3556, -1,
          3570, 3554, 3548, -1,
          3570, 3569, 3555, -1,
          3570, 3555, 3554, -1,
          3570, 3548, 3547, -1,
          3566, 3557, 3567, -1,
          3566, 3558, 3557, -1,
          3571, 3570, 3547, -1,
          3546, 3571, 3547, -1,
          3565, 3558, 3566, -1,
          3572, 3571, 3546, -1,
          3564, 3559, 3558, -1,
          3564, 3560, 3559, -1,
          3564, 3558, 3565, -1,
          3545, 3572, 3546, -1,
          3545, 3573, 3572, -1,
          3563, 3560, 3564, -1,
          3563, 3561, 3560, -1,
          3544, 3574, 3573, -1,
          3544, 3573, 3545, -1,
          3575, 3574, 3544, -1,
          3562, 3561, 3563, -1,
          3543, 3576, 3575, -1,
          3543, 3575, 3544, -1,
          3577, 3576, 3543, -1,
          3542, 3578, 3577, -1,
          3542, 3577, 3543, -1,
          3541, 3579, 3578, -1,
          3541, 3578, 3542, -1,
          3540, 3580, 3579, -1,
          3540, 3579, 3541, -1,
          3599, 3520, 3600, -1,
          3519, 3520, 3599, -1,
          3598, 3519, 3599, -1,
          3539, 3580, 3540, -1,
          3581, 3580, 3539, -1,
          3597, 3519, 3598, -1,
          3521, 3519, 3597, -1,
          3596, 3521, 3597, -1,
          3538, 3582, 3581, -1,
          3538, 3581, 3539, -1,
          3595, 3521, 3596, -1,
          3522, 3521, 3595, -1,
          3594, 3522, 3595, -1,
          3537, 3583, 3582, -1,
          3537, 3582, 3538, -1,
          3584, 3583, 3537, -1,
          3593, 3522, 3594, -1,
          3523, 3522, 3593, -1,
          3592, 3523, 3593, -1,
          3536, 3584, 3537, -1,
          3536, 3585, 3584, -1,
          3524, 3592, 3591, -1,
          3524, 3523, 3592, -1,
          3535, 3585, 3536, -1,
          3535, 3586, 3585, -1,
          3525, 3524, 3591, -1,
          3534, 3586, 3535, -1,
          3534, 3587, 3586, -1,
          3534, 3588, 3587, -1,
          3533, 3589, 3588, -1,
          3533, 3590, 3589, -1,
          3533, 3588, 3534, -1,
          3532, 3591, 3590, -1,
          3532, 3590, 3533, -1,
          3529, 3527, 3526, -1,
          3529, 3528, 3527, -1,
          3531, 3525, 3591, -1,
          3531, 3591, 3532, -1,
          3530, 3525, 3531, -1,
          3530, 3529, 3526, -1,
          3530, 3526, 3525, -1,
          3601, 1534, 3602, -1,
          3601, 1532, 1534, -1,
          1530, 1532, 3601, -1,
          3603, 1530, 3601, -1,
          1526, 1530, 3603, -1,
          3604, 1526, 3603, -1,
          1525, 1526, 3604, -1,
          3605, 1525, 3604, -1,
          1524, 1525, 3605, -1,
          3606, 1524, 3605, -1,
          1522, 1524, 3606, -1,
          3607, 1522, 3606, -1,
          1520, 1522, 3607, -1,
          3608, 1518, 1520, -1,
          3608, 1520, 3607, -1,
          1516, 1518, 3608, -1,
          3609, 1516, 3608, -1,
          1519, 1516, 3609, -1,
          3610, 1519, 3609, -1,
          1521, 1519, 3610, -1,
          3611, 1521, 3610, -1,
          1523, 1521, 3611, -1,
          3612, 1523, 3611, -1,
          1529, 1523, 3612, -1,
          3613, 1529, 3612, -1,
          3614, 1529, 3613, -1,
          3614, 1527, 1529, -1,
          3615, 1531, 1527, -1,
          3615, 1527, 3614, -1,
          1533, 1531, 3615, -1,
          3616, 1533, 3615, -1,
          1536, 1533, 3616, -1,
          3617, 1536, 3616, -1,
          1538, 1536, 3617, -1,
          3618, 1538, 3617, -1,
          1540, 1538, 3618, -1,
          3619, 1540, 3618, -1,
          1599, 1540, 3619, -1,
          3620, 1599, 3619, -1,
          1600, 1599, 3620, -1,
          3621, 1600, 3620, -1,
          1601, 1600, 3621, -1,
          3622, 1601, 3621, -1,
          1602, 1601, 3622, -1,
          3623, 1602, 3622, -1,
          1603, 1602, 3623, -1,
          3624, 1603, 3623, -1,
          1604, 1603, 3624, -1,
          3625, 1604, 3624, -1,
          3626, 1605, 1604, -1,
          3626, 1604, 3625, -1,
          3627, 1606, 1605, -1,
          3627, 1605, 3626, -1,
          1582, 1606, 3627, -1,
          3628, 1582, 3627, -1,
          1577, 1582, 3628, -1,
          3629, 1577, 3628, -1,
          1573, 1577, 3629, -1,
          3630, 1573, 3629, -1,
          1567, 1573, 3630, -1,
          3631, 1567, 3630, -1,
          1568, 1567, 3631, -1,
          3632, 1568, 3631, -1,
          1559, 1568, 3632, -1,
          3633, 1559, 3632, -1,
          1560, 1559, 3633, -1,
          3634, 1560, 3633, -1,
          1561, 1560, 3634, -1,
          3635, 1561, 3634, -1,
          1550, 1561, 3635, -1,
          3636, 1550, 3635, -1,
          1551, 1550, 3636, -1,
          3637, 1551, 3636, -1,
          1546, 1551, 3637, -1,
          3638, 1546, 3637, -1,
          1544, 1546, 3638, -1,
          3639, 1544, 3638, -1,
          1548, 1544, 3639, -1,
          3640, 1548, 3639, -1,
          3641, 1553, 1548, -1,
          3641, 1548, 3640, -1,
          3642, 1542, 1553, -1,
          3642, 1553, 3641, -1,
          1541, 1542, 3642, -1,
          3643, 1541, 3642, -1,
          3644, 1539, 1541, -1,
          3644, 1541, 3643, -1,
          1537, 1539, 3644, -1,
          3645, 1537, 3644, -1,
          1535, 1537, 3645, -1,
          3646, 1535, 3645, -1,
          1534, 1535, 3646, -1,
          3602, 1534, 3646, -1,
          3646, 3601, 3602, -1,
          3645, 3603, 3601, -1,
          3645, 3601, 3646, -1,
          3644, 3603, 3645, -1,
          3647, 3606, 3605, -1,
          3648, 3647, 3605, -1,
          3648, 3605, 3604, -1,
          3649, 3606, 3647, -1,
          3650, 3603, 3644, -1,
          3650, 3648, 3604, -1,
          3650, 3604, 3603, -1,
          3650, 3644, 3643, -1,
          3651, 3606, 3649, -1,
          3651, 3607, 3606, -1,
          3642, 3650, 3643, -1,
          3652, 3650, 3642, -1,
          3653, 3607, 3651, -1,
          3653, 3608, 3607, -1,
          3654, 3608, 3653, -1,
          3641, 3652, 3642, -1,
          3641, 3655, 3652, -1,
          3641, 3656, 3655, -1,
          3657, 3609, 3608, -1,
          3657, 3608, 3654, -1,
          3640, 3656, 3641, -1,
          3640, 3658, 3656, -1,
          3659, 3610, 3609, -1,
          3659, 3609, 3657, -1,
          3660, 3658, 3640, -1,
          3611, 3610, 3659, -1,
          3639, 3660, 3640, -1,
          3639, 3661, 3660, -1,
          3662, 3612, 3611, -1,
          3662, 3611, 3659, -1,
          3663, 3661, 3639, -1,
          3638, 3663, 3639, -1,
          3638, 3664, 3663, -1,
          3665, 3613, 3612, -1,
          3665, 3612, 3662, -1,
          3666, 3664, 3638, -1,
          3667, 3613, 3665, -1,
          3614, 3613, 3667, -1,
          3637, 3666, 3638, -1,
          3637, 3668, 3666, -1,
          3669, 3614, 3667, -1,
          3670, 3668, 3637, -1,
          3671, 3614, 3669, -1,
          3615, 3614, 3671, -1,
          3672, 3615, 3671, -1,
          3636, 3670, 3637, -1,
          3636, 3673, 3670, -1,
          3674, 3615, 3672, -1,
          3635, 3675, 3673, -1,
          3635, 3673, 3636, -1,
          3616, 3615, 3674, -1,
          3676, 3616, 3674, -1,
          3634, 3675, 3635, -1,
          3677, 3616, 3676, -1,
          3678, 3675, 3634, -1,
          3617, 3616, 3677, -1,
          3679, 3617, 3677, -1,
          3633, 3678, 3634, -1,
          3680, 3678, 3633, -1,
          3681, 3617, 3679, -1,
          3681, 3618, 3617, -1,
          3682, 3618, 3681, -1,
          3632, 3680, 3633, -1,
          3632, 3683, 3680, -1,
          3619, 3618, 3682, -1,
          3684, 3619, 3682, -1,
          3631, 3683, 3632, -1,
          3631, 3685, 3683, -1,
          3620, 3619, 3684, -1,
          3620, 3684, 3686, -1,
          3630, 3685, 3631, -1,
          3630, 3687, 3685, -1,
          3621, 3620, 3686, -1,
          3629, 3687, 3630, -1,
          3629, 3688, 3687, -1,
          3629, 3689, 3688, -1,
          3628, 3689, 3629, -1,
          3628, 3690, 3689, -1,
          3627, 3690, 3628, -1,
          3627, 3686, 3690, -1,
          3625, 3623, 3622, -1,
          3625, 3624, 3623, -1,
          3626, 3622, 3621, -1,
          3626, 3621, 3686, -1,
          3626, 3686, 3627, -1,
          3626, 3625, 3622, -1,
          3691, 3692, 3686, -1,
          3684, 3691, 3686, -1,
          3693, 3691, 3684, -1,
          3682, 3693, 3684, -1,
          3681, 3694, 3693, -1,
          3681, 3693, 3682, -1,
          3679, 3695, 3694, -1,
          3679, 3694, 3681, -1,
          3677, 3696, 3695, -1,
          3677, 3695, 3679, -1,
          3676, 3697, 3696, -1,
          3676, 3696, 3677, -1,
          3674, 3698, 3697, -1,
          3674, 3697, 3676, -1,
          3672, 3699, 3698, -1,
          3672, 3698, 3674, -1,
          3671, 3700, 3699, -1,
          3671, 3699, 3672, -1,
          3669, 3701, 3700, -1,
          3669, 3700, 3671, -1,
          3702, 3701, 3669, -1,
          3667, 3702, 3669, -1,
          3703, 3702, 3667, -1,
          3665, 3703, 3667, -1,
          3662, 3703, 3665, -1,
          3662, 3704, 3703, -1,
          3659, 3705, 3704, -1,
          3659, 3704, 3662, -1,
          3657, 3706, 3705, -1,
          3657, 3705, 3659, -1,
          3654, 3707, 3706, -1,
          3654, 3706, 3657, -1,
          3708, 3707, 3654, -1,
          3653, 3708, 3654, -1,
          3709, 3708, 3653, -1,
          3651, 3709, 3653, -1,
          3710, 3709, 3651, -1,
          3649, 3710, 3651, -1,
          3711, 3710, 3649, -1,
          3647, 3711, 3649, -1,
          3648, 3712, 3711, -1,
          3648, 3711, 3647, -1,
          3650, 3713, 3712, -1,
          3650, 3712, 3648, -1,
          3714, 3713, 3650, -1,
          3652, 3714, 3650, -1,
          3715, 3714, 3652, -1,
          3655, 3715, 3652, -1,
          3716, 3715, 3655, -1,
          3656, 3716, 3655, -1,
          3717, 3716, 3656, -1,
          3658, 3717, 3656, -1,
          3660, 3718, 3717, -1,
          3660, 3717, 3658, -1,
          3661, 3719, 3718, -1,
          3661, 3718, 3660, -1,
          3663, 3720, 3719, -1,
          3663, 3719, 3661, -1,
          3664, 3721, 3720, -1,
          3664, 3720, 3663, -1,
          3666, 3722, 3721, -1,
          3666, 3721, 3664, -1,
          3668, 3723, 3722, -1,
          3668, 3722, 3666, -1,
          3670, 3724, 3723, -1,
          3670, 3723, 3668, -1,
          3725, 3724, 3670, -1,
          3673, 3725, 3670, -1,
          3675, 3726, 3725, -1,
          3675, 3725, 3673, -1,
          3678, 3727, 3726, -1,
          3678, 3726, 3675, -1,
          3680, 3728, 3727, -1,
          3680, 3727, 3678, -1,
          3729, 3728, 3680, -1,
          3683, 3729, 3680, -1,
          3730, 3729, 3683, -1,
          3685, 3730, 3683, -1,
          3731, 3730, 3685, -1,
          3687, 3731, 3685, -1,
          3732, 3731, 3687, -1,
          3688, 3732, 3687, -1,
          3733, 3732, 3688, -1,
          3689, 3733, 3688, -1,
          3690, 3734, 3733, -1,
          3690, 3733, 3689, -1,
          3686, 3692, 3734, -1,
          3686, 3734, 3690, -1,
          3714, 3711, 3712, -1,
          3714, 3712, 3713, -1,
          3715, 3710, 3711, -1,
          3715, 3711, 3714, -1,
          3716, 3709, 3710, -1,
          3716, 3710, 3715, -1,
          3717, 3708, 3709, -1,
          3717, 3709, 3716, -1,
          3718, 3707, 3708, -1,
          3718, 3708, 3717, -1,
          3719, 3706, 3707, -1,
          3719, 3707, 3718, -1,
          3720, 3706, 3719, -1,
          3721, 3705, 3706, -1,
          3721, 3706, 3720, -1,
          3722, 3704, 3705, -1,
          3722, 3705, 3721, -1,
          3723, 3704, 3722, -1,
          3724, 3703, 3704, -1,
          3724, 3704, 3723, -1,
          3725, 3702, 3703, -1,
          3725, 3703, 3724, -1,
          3726, 3700, 3701, -1,
          3726, 3701, 3702, -1,
          3726, 3702, 3725, -1,
          3727, 3700, 3726, -1,
          3727, 3699, 3700, -1,
          3728, 3698, 3699, -1,
          3728, 3699, 3727, -1,
          3729, 3696, 3697, -1,
          3729, 3697, 3698, -1,
          3729, 3698, 3728, -1,
          3730, 3695, 3696, -1,
          3730, 3696, 3729, -1,
          3731, 3694, 3695, -1,
          3731, 3695, 3730, -1,
          3732, 3693, 3694, -1,
          3732, 3694, 3731, -1,
          3734, 3692, 3691, -1,
          3733, 3691, 3693, -1,
          3733, 3693, 3732, -1,
          3733, 3734, 3691, -1,
          3735, 1502, 3736, -1,
          3736, 1502, 1505, -1,
          3737, 1503, 3735, -1,
          3735, 1503, 1502, -1,
          3738, 1499, 3737, -1,
          3737, 1499, 1503, -1,
          2028, 1499, 3738, -1,
          3739, 2028, 3738, -1,
          1487, 2028, 3739, -1,
          1487, 3739, 3740, -1,
          3741, 1486, 3740, -1,
          3740, 1486, 1487, -1,
          3742, 1485, 3741, -1,
          3741, 1485, 1486, -1,
          3743, 1483, 3742, -1,
          3742, 1483, 1485, -1,
          1509, 1483, 3743, -1,
          1509, 3743, 3744, -1,
          1610, 3745, 3746, -1,
          1610, 3746, 1607, -1,
          1609, 3747, 3745, -1,
          1609, 3745, 1610, -1,
          1509, 3744, 3747, -1,
          1509, 3747, 1609, -1,
          2029, 1607, 3746, -1,
          3748, 2029, 3746, -1,
          3749, 2029, 3748, -1,
          1608, 2029, 3749, -1,
          1612, 3750, 3751, -1,
          1612, 3751, 1528, -1,
          1611, 3752, 3750, -1,
          1611, 3750, 1612, -1,
          1608, 3749, 3752, -1,
          1608, 3752, 1611, -1,
          3736, 1528, 3751, -1,
          1505, 1528, 3736, -1,
          3748, 3738, 3737, -1,
          3748, 3737, 3735, -1,
          3748, 3735, 3736, -1,
          3747, 3744, 3739, -1,
          3745, 3747, 3739, -1,
          3746, 3745, 3739, -1,
          3749, 3748, 3752, -1,
          3752, 3748, 3750, -1,
          3750, 3748, 3751, -1,
          3748, 3746, 3739, -1,
          3744, 3743, 3739, -1,
          3740, 3739, 3741, -1,
          3741, 3739, 3742, -1,
          3742, 3739, 3743, -1,
          3739, 3738, 3748, -1,
          3736, 3751, 3748, -1,
          3753, 3754, 1481, -1,
          3754, 1480, 1481, -1,
          3754, 3755, 1480, -1,
          3755, 1477, 1480, -1,
          3756, 1473, 3755, -1,
          3755, 1473, 1477, -1,
          1478, 1473, 3756, -1,
          3757, 1478, 3756, -1,
          1479, 1478, 3757, -1,
          3758, 1479, 3757, -1,
          1471, 1479, 3758, -1,
          3759, 1471, 3758, -1,
          3760, 1471, 3759, -1,
          3760, 1462, 1471, -1,
          3761, 1461, 3760, -1,
          3760, 1461, 1462, -1,
          3762, 1454, 3761, -1,
          3761, 1454, 1461, -1,
          3763, 1453, 3762, -1,
          3762, 1453, 1454, -1,
          3764, 1453, 3763, -1,
          3764, 1513, 1453, -1,
          3765, 3766, 1508, -1,
          1515, 3765, 1508, -1,
          3767, 3765, 1515, -1,
          1514, 3767, 1515, -1,
          1513, 3764, 3767, -1,
          1513, 3767, 1514, -1,
          1481, 1508, 3766, -1,
          3753, 1481, 3766, -1,
          3759, 3763, 3762, -1,
          3759, 3762, 3761, -1,
          3759, 3761, 3760, -1,
          3757, 3756, 3755, -1,
          3757, 3755, 3754, -1,
          3757, 3754, 3753, -1,
          3764, 3759, 3758, -1,
          3767, 3764, 3758, -1,
          3765, 3767, 3758, -1,
          3766, 3758, 3757, -1,
          3766, 3765, 3758, -1,
          3764, 3763, 3759, -1,
          3753, 3766, 3757, -1,
          3768, 1436, 3769, -1,
          3769, 1436, 1448, -1,
          3768, 3770, 1436, -1,
          3770, 1423, 1436, -1,
          3771, 1411, 3770, -1,
          3770, 1411, 1423, -1,
          3772, 1411, 3771, -1,
          1417, 1411, 3772, -1,
          3773, 3774, 1447, -1,
          1434, 3773, 1447, -1,
          3775, 3773, 1434, -1,
          1427, 3775, 1434, -1,
          1417, 3772, 3775, -1,
          1417, 3775, 1427, -1,
          3776, 1447, 3774, -1,
          1450, 1447, 3776, -1,
          3777, 1446, 3776, -1,
          3776, 1446, 1450, -1,
          3778, 1430, 3777, -1,
          3777, 1430, 1446, -1,
          3779, 1422, 3778, -1,
          3778, 1422, 1430, -1,
          3780, 1422, 3779, -1,
          1444, 1422, 3780, -1,
          1452, 3781, 3782, -1,
          1452, 3782, 1464, -1,
          1445, 3783, 3781, -1,
          1445, 3781, 1452, -1,
          1444, 3780, 3783, -1,
          1444, 3783, 1445, -1,
          3784, 1464, 3782, -1,
          1463, 1464, 3784, -1,
          3784, 3785, 1463, -1,
          3785, 1451, 1463, -1,
          3785, 3786, 1451, -1,
          3786, 1443, 1451, -1,
          3786, 3787, 1443, -1,
          3787, 1433, 1443, -1,
          3788, 1433, 3787, -1,
          1431, 1433, 3788, -1,
          3789, 3790, 1512, -1,
          1511, 3789, 1512, -1,
          3791, 3789, 1511, -1,
          1510, 3791, 1511, -1,
          3788, 3791, 1510, -1,
          1431, 3788, 1510, -1,
          3769, 1512, 3790, -1,
          1448, 1512, 3769, -1,
          3775, 3772, 3771, -1,
          3775, 3771, 3770, -1,
          3773, 3770, 3768, -1,
          3773, 3775, 3770, -1,
          3774, 3768, 3769, -1,
          3774, 3773, 3768, -1,
          3776, 3774, 3769, -1,
          3783, 3780, 3779, -1,
          3783, 3779, 3778, -1,
          3783, 3778, 3777, -1,
          3781, 3783, 3777, -1,
          3782, 3777, 3776, -1,
          3782, 3781, 3777, -1,
          3788, 3787, 3786, -1,
          3791, 3786, 3785, -1,
          3791, 3788, 3786, -1,
          3789, 3785, 3784, -1,
          3789, 3791, 3785, -1,
          3790, 3784, 3782, -1,
          3790, 3789, 3784, -1,
          3769, 3790, 3782, -1,
          3769, 3782, 3776, -1,
          3792, 2026, 3793, -1,
          3792, 1393, 2026, -1,
          3792, 3794, 1393, -1,
          3794, 1391, 1393, -1,
          3794, 3795, 1391, -1,
          3795, 1376, 1391, -1,
          3796, 1369, 3795, -1,
          3795, 1369, 1376, -1,
          1365, 1369, 3796, -1,
          3797, 1365, 3796, -1,
          1364, 1365, 3797, -1,
          3798, 1364, 3797, -1,
          3799, 3798, 3800, -1,
          3799, 3800, 1363, -1,
          3799, 1363, 1364, -1,
          3799, 1364, 3798, -1,
          1355, 1363, 3800, -1,
          3801, 1355, 3800, -1,
          1331, 1355, 3801, -1,
          3802, 1331, 3801, -1,
          3803, 1326, 3802, -1,
          3802, 1326, 1331, -1,
          3804, 1323, 3803, -1,
          3803, 1323, 1326, -1,
          3805, 1317, 3804, -1,
          3804, 1317, 1323, -1,
          3806, 1317, 3805, -1,
          3806, 2027, 1317, -1,
          3807, 2027, 3806, -1,
          3807, 1276, 2027, -1,
          1456, 3808, 3809, -1,
          1456, 3809, 1388, -1,
          1455, 3810, 3808, -1,
          1455, 3808, 1456, -1,
          1276, 3807, 3810, -1,
          1276, 3810, 1455, -1,
          3811, 1388, 3809, -1,
          3811, 1389, 1388, -1,
          3812, 1389, 3811, -1,
          3812, 1390, 1389, -1,
          3813, 1390, 3812, -1,
          3813, 1387, 1390, -1,
          3814, 1387, 3813, -1,
          3814, 1421, 1387, -1,
          1458, 3815, 3816, -1,
          1458, 3816, 1432, -1,
          1457, 3817, 3815, -1,
          1457, 3815, 1458, -1,
          1421, 3814, 3817, -1,
          1421, 3817, 1457, -1,
          2026, 1432, 3816, -1,
          3793, 2026, 3816, -1,
          3801, 3805, 3804, -1,
          3801, 3804, 3803, -1,
          3801, 3803, 3802, -1,
          3797, 3796, 3795, -1,
          3797, 3795, 3794, -1,
          3797, 3794, 3792, -1,
          3806, 3801, 3800, -1,
          3806, 3805, 3801, -1,
          3793, 3798, 3797, -1,
          3793, 3800, 3798, -1,
          3793, 3797, 3792, -1,
          3793, 3806, 3800, -1,
          3812, 3806, 3793, -1,
          3811, 3806, 3812, -1,
          3813, 3812, 3793, -1,
          3807, 3806, 3811, -1,
          3810, 3807, 3811, -1,
          3808, 3810, 3811, -1,
          3809, 3808, 3811, -1,
          3817, 3814, 3813, -1,
          3815, 3817, 3813, -1,
          3816, 3813, 3793, -1,
          3816, 3815, 3813, -1,
          1234, 3818, 3819, -1,
          1234, 3819, 1235, -1,
          1233, 3820, 3818, -1,
          1233, 3818, 1234, -1,
          1232, 3821, 3820, -1,
          1232, 3820, 1233, -1,
          1223, 1235, 3819, -1,
          1223, 3819, 3822, -1,
          3823, 1219, 3822, -1,
          3822, 1219, 1223, -1,
          3824, 1216, 3823, -1,
          3823, 1216, 1219, -1,
          3825, 1217, 3824, -1,
          3824, 1217, 1216, -1,
          3826, 1217, 3825, -1,
          1218, 1217, 3826, -1,
          3827, 1218, 3826, -1,
          3827, 1220, 1218, -1,
          3828, 1225, 1220, -1,
          3828, 1220, 3827, -1,
          3829, 1209, 1225, -1,
          3829, 1225, 3828, -1,
          1208, 1209, 3829, -1,
          3830, 1208, 3829, -1,
          1206, 1208, 3830, -1,
          3831, 1206, 3830, -1,
          3832, 1199, 1206, -1,
          3832, 1206, 3831, -1,
          3833, 1194, 1199, -1,
          3833, 1199, 3832, -1,
          3834, 1189, 1194, -1,
          3834, 1194, 3833, -1,
          3835, 1188, 1189, -1,
          3835, 1189, 3834, -1,
          1187, 1188, 3835, -1,
          3836, 1187, 3835, -1,
          3837, 1187, 3836, -1,
          3837, 1180, 1187, -1,
          3838, 1176, 1180, -1,
          3838, 1180, 3837, -1,
          3839, 1176, 3838, -1,
          3839, 1186, 1176, -1,
          3840, 1186, 3839, -1,
          3840, 1192, 1186, -1,
          3841, 1193, 1192, -1,
          3841, 1192, 3840, -1,
          1196, 1193, 3841, -1,
          3842, 1196, 3841, -1,
          1202, 1196, 3842, -1,
          3843, 1202, 3842, -1,
          1203, 1202, 3843, -1,
          3844, 1203, 3843, -1,
          1204, 1203, 3844, -1,
          3845, 1204, 3844, -1,
          1205, 1204, 3845, -1,
          3846, 1205, 3845, -1,
          1207, 1205, 3846, -1,
          1207, 3846, 3847, -1,
          3848, 1201, 3847, -1,
          3847, 1201, 1207, -1,
          3849, 1195, 3848, -1,
          3848, 1195, 1201, -1,
          3850, 1191, 3849, -1,
          3849, 1191, 1195, -1,
          1197, 1191, 3850, -1,
          1197, 3850, 3851, -1,
          1229, 3852, 3853, -1,
          1229, 3853, 1230, -1,
          1228, 3854, 3852, -1,
          1228, 3852, 1229, -1,
          1197, 3851, 3854, -1,
          1197, 3854, 1228, -1,
          1227, 1230, 3853, -1,
          1227, 3853, 3855, -1,
          1275, 3856, 3857, -1,
          1275, 3857, 1231, -1,
          1274, 3858, 3856, -1,
          1274, 3856, 1275, -1,
          1227, 3855, 3858, -1,
          1227, 3858, 1274, -1,
          3821, 1231, 3857, -1,
          1232, 1231, 3821, -1,
          3835, 3837, 3836, -1,
          3834, 3837, 3835, -1,
          3833, 3838, 3837, -1,
          3833, 3837, 3834, -1,
          3832, 3838, 3833, -1,
          3831, 3838, 3832, -1,
          3840, 3839, 3838, -1,
          3841, 3840, 3838, -1,
          3841, 3838, 3831, -1,
          3830, 3842, 3841, -1,
          3830, 3841, 3831, -1,
          3829, 3843, 3842, -1,
          3829, 3842, 3830, -1,
          3828, 3844, 3843, -1,
          3828, 3843, 3829, -1,
          3827, 3845, 3844, -1,
          3827, 3844, 3828, -1,
          3826, 3846, 3845, -1,
          3826, 3845, 3827, -1,
          3825, 3847, 3846, -1,
          3825, 3846, 3826, -1,
          3854, 3851, 3850, -1,
          3854, 3850, 3849, -1,
          3852, 3849, 3848, -1,
          3852, 3854, 3849, -1,
          3853, 3852, 3848, -1,
          3853, 3848, 3847, -1,
          3821, 3847, 3825, -1,
          3821, 3853, 3847, -1,
          3820, 3821, 3825, -1,
          3820, 3825, 3824, -1,
          3818, 3820, 3824, -1,
          3818, 3824, 3823, -1,
          3819, 3818, 3823, -1,
          3819, 3823, 3822, -1,
          3858, 3855, 3853, -1,
          3856, 3853, 3821, -1,
          3856, 3858, 3853, -1,
          3857, 3856, 3821, -1,
          1167, 1171, 3859, -1,
          1167, 3859, 3860, -1,
          3860, 3861, 1167, -1,
          3861, 1162, 1167, -1,
          3861, 3862, 1162, -1,
          3862, 1152, 1162, -1,
          3862, 3863, 1152, -1,
          3863, 1143, 1152, -1,
          3864, 1143, 3863, -1,
          1145, 1143, 3864, -1,
          3865, 3859, 1171, -1,
          1166, 3865, 1171, -1,
          3866, 3865, 1166, -1,
          1158, 3866, 1166, -1,
          3864, 3866, 1158, -1,
          1145, 3864, 1158, -1,
          3866, 3864, 3863, -1,
          3866, 3863, 3862, -1,
          3865, 3862, 3861, -1,
          3865, 3866, 3862, -1,
          3859, 3861, 3860, -1,
          3859, 3865, 3861, -1,
          1172, 1198, 3867, -1,
          1172, 3867, 3868, -1,
          3868, 3869, 1172, -1,
          3869, 1165, 1172, -1,
          3869, 3870, 1165, -1,
          3870, 1160, 1165, -1,
          3870, 3871, 1160, -1,
          3871, 1146, 1160, -1,
          1149, 1146, 3871, -1,
          1149, 3871, 3872, -1,
          3873, 3867, 1198, -1,
          1273, 3873, 1198, -1,
          3874, 3873, 1273, -1,
          1185, 3874, 1273, -1,
          3872, 3874, 1185, -1,
          1149, 3872, 1185, -1,
          3874, 3872, 3871, -1,
          3874, 3871, 3870, -1,
          3873, 3870, 3869, -1,
          3873, 3874, 3870, -1,
          3867, 3869, 3868, -1,
          3867, 3873, 3869, -1,
          1057, 1055, 3875, -1,
          3876, 1057, 3875, -1,
          3877, 1062, 1057, -1,
          3877, 1057, 3876, -1,
          3878, 1065, 1062, -1,
          3878, 1062, 3877, -1,
          3879, 1092, 1065, -1,
          3879, 1065, 3878, -1,
          3880, 1113, 1092, -1,
          3880, 1092, 3879, -1,
          3881, 1115, 1113, -1,
          3881, 1113, 3880, -1,
          1064, 1074, 3882, -1,
          3883, 1064, 3882, -1,
          1061, 1064, 3883, -1,
          3884, 1061, 3883, -1,
          1058, 1061, 3884, -1,
          3885, 1058, 3884, -1,
          1056, 1058, 3885, -1,
          3886, 1056, 3885, -1,
          1054, 1056, 3886, -1,
          3887, 1054, 3886, -1,
          1052, 1054, 3887, -1,
          3888, 1052, 3887, -1,
          1051, 1052, 3888, -1,
          3889, 1051, 3888, -1,
          1050, 1051, 3889, -1,
          3890, 1050, 3889, -1,
          1053, 1050, 3890, -1,
          3891, 1053, 3890, -1,
          1055, 1053, 3891, -1,
          3875, 1055, 3891, -1,
          1130, 1133, 3892, -1,
          3893, 1130, 3892, -1,
          1126, 1130, 3893, -1,
          3894, 1126, 3893, -1,
          1120, 1126, 3894, -1,
          3895, 1120, 3894, -1,
          1114, 1120, 3895, -1,
          3896, 1114, 3895, -1,
          1111, 1114, 3896, -1,
          3897, 1111, 3896, -1,
          1108, 1111, 3897, -1,
          3898, 1108, 3897, -1,
          3899, 1109, 1108, -1,
          3899, 1108, 3898, -1,
          3900, 1109, 3899, -1,
          1086, 1109, 3900, -1,
          3901, 1086, 3900, -1,
          3882, 1074, 1086, -1,
          3882, 1086, 3901, -1,
          1133, 1122, 3902, -1,
          3892, 1133, 3902, -1,
          3903, 1106, 1105, -1,
          3903, 1105, 3904, -1,
          1107, 1106, 3903, -1,
          3905, 1107, 3903, -1,
          1123, 1107, 3905, -1,
          3906, 1123, 3905, -1,
          3907, 1124, 1123, -1,
          3907, 1123, 3906, -1,
          3908, 1125, 1124, -1,
          3908, 1124, 3907, -1,
          3909, 1117, 1125, -1,
          3909, 1125, 3908, -1,
          1118, 1117, 3909, -1,
          3910, 1118, 3909, -1,
          1116, 1118, 3910, -1,
          3911, 1116, 3910, -1,
          1122, 1116, 3911, -1,
          3902, 1122, 3911, -1,
          3912, 1070, 1069, -1,
          3912, 1069, 3913, -1,
          3914, 1071, 1070, -1,
          3914, 1070, 3912, -1,
          1073, 1071, 3914, -1,
          3915, 1073, 3914, -1,
          3916, 1073, 3915, -1,
          1077, 1073, 3916, -1,
          3917, 1077, 3916, -1,
          1089, 1077, 3917, -1,
          3918, 1090, 1089, -1,
          3918, 1089, 3917, -1,
          3919, 1104, 1090, -1,
          3919, 1090, 3918, -1,
          3904, 1105, 1104, -1,
          3904, 1104, 3919, -1,
          3920, 1103, 1128, -1,
          3920, 1128, 3921, -1,
          1088, 1103, 3920, -1,
          3922, 1088, 3920, -1,
          1076, 1088, 3922, -1,
          3923, 1076, 3922, -1,
          1072, 1076, 3923, -1,
          3924, 1072, 3923, -1,
          1068, 1072, 3924, -1,
          3925, 1068, 3924, -1,
          1069, 1068, 3925, -1,
          3913, 1069, 3925, -1,
          3926, 1140, 1141, -1,
          3926, 1141, 3927, -1,
          1139, 1140, 3926, -1,
          3928, 1139, 3926, -1,
          1136, 1139, 3928, -1,
          3929, 1136, 3928, -1,
          1134, 1136, 3929, -1,
          3930, 1134, 3929, -1,
          1128, 1134, 3930, -1,
          3921, 1128, 3930, -1,
          3931, 1151, 1150, -1,
          3931, 1150, 3932, -1,
          3927, 1141, 1151, -1,
          3927, 1151, 3931, -1,
          3933, 3932, 1150, -1,
          1182, 3933, 1150, -1,
          3934, 3933, 1182, -1,
          1181, 3934, 1182, -1,
          3935, 3934, 1181, -1,
          1096, 3935, 1181, -1,
          1096, 1091, 3936, -1,
          1096, 3936, 3935, -1,
          3937, 3938, 1287, -1,
          3938, 1132, 1287, -1,
          3938, 3939, 1132, -1,
          3939, 1112, 1132, -1,
          3939, 3936, 1112, -1,
          3936, 1091, 1112, -1,
          3940, 1131, 1115, -1,
          3940, 1115, 3881, -1,
          3941, 1288, 1131, -1,
          3941, 1131, 3940, -1,
          3937, 1287, 1288, -1,
          3937, 1288, 3941, -1,
          3901, 3883, 3882, -1,
          3900, 3884, 3883, -1,
          3900, 3883, 3901, -1,
          3899, 3884, 3900, -1,
          3898, 3885, 3884, -1,
          3898, 3884, 3899, -1,
          3897, 3886, 3885, -1,
          3897, 3885, 3898, -1,
          3918, 3888, 3887, -1,
          3918, 3887, 3919, -1,
          3904, 3887, 3886, -1,
          3904, 3886, 3897, -1,
          3904, 3919, 3887, -1,
          3917, 3889, 3888, -1,
          3917, 3888, 3918, -1,
          3916, 3889, 3917, -1,
          3896, 3904, 3897, -1,
          3896, 3903, 3904, -1,
          3905, 3903, 3896, -1,
          3915, 3889, 3916, -1,
          3915, 3890, 3889, -1,
          3914, 3890, 3915, -1,
          3914, 3891, 3890, -1,
          3895, 3905, 3896, -1,
          3895, 3906, 3905, -1,
          3912, 3891, 3914, -1,
          3894, 3906, 3895, -1,
          3894, 3907, 3906, -1,
          3894, 3908, 3907, -1,
          3913, 3875, 3891, -1,
          3913, 3891, 3912, -1,
          3925, 3876, 3875, -1,
          3925, 3875, 3913, -1,
          3924, 3876, 3925, -1,
          3893, 3908, 3894, -1,
          3893, 3909, 3908, -1,
          3893, 3910, 3909, -1,
          3911, 3910, 3893, -1,
          3923, 3877, 3876, -1,
          3923, 3876, 3924, -1,
          3892, 3902, 3911, -1,
          3892, 3911, 3893, -1,
          3922, 3877, 3923, -1,
          3878, 3877, 3922, -1,
          3920, 3879, 3878, -1,
          3920, 3878, 3922, -1,
          3880, 3879, 3920, -1,
          3921, 3880, 3920, -1,
          3881, 3880, 3921, -1,
          3930, 3881, 3921, -1,
          3929, 3881, 3930, -1,
          3940, 3881, 3929, -1,
          3928, 3940, 3929, -1,
          3941, 3940, 3928, -1,
          3926, 3941, 3928, -1,
          3937, 3941, 3926, -1,
          3935, 3936, 3939, -1,
          3934, 3939, 3938, -1,
          3934, 3935, 3939, -1,
          3927, 3938, 3937, -1,
          3927, 3937, 3926, -1,
          3933, 3934, 3938, -1,
          3933, 3938, 3927, -1,
          3931, 3933, 3927, -1,
          3932, 3933, 3931, -1,
          3942, 1041, 3943, -1,
          3942, 1045, 1041, -1,
          3944, 1046, 1045, -1,
          3944, 1045, 3942, -1,
          1044, 1046, 3944, -1,
          3945, 1044, 3944, -1,
          1040, 1044, 3945, -1,
          3946, 1040, 3945, -1,
          3947, 1038, 1040, -1,
          3947, 1040, 3946, -1,
          3948, 1036, 1038, -1,
          3948, 1038, 3947, -1,
          3949, 1034, 1036, -1,
          3949, 1036, 3948, -1,
          3950, 1033, 1034, -1,
          3950, 1034, 3949, -1,
          1031, 1033, 3950, -1,
          3951, 1031, 3950, -1,
          1029, 1031, 3951, -1,
          3952, 1029, 3951, -1,
          1027, 1029, 3952, -1,
          3953, 1027, 3952, -1,
          1024, 1027, 3953, -1,
          3954, 1024, 3953, -1,
          1020, 1024, 3954, -1,
          3955, 1020, 3954, -1,
          1017, 1020, 3955, -1,
          3956, 1017, 3955, -1,
          1013, 1017, 3956, -1,
          3957, 1013, 3956, -1,
          1014, 1013, 3957, -1,
          3958, 1014, 3957, -1,
          1007, 1014, 3958, -1,
          3959, 1007, 3958, -1,
          1004, 1007, 3959, -1,
          3960, 1004, 3959, -1,
          1005, 1004, 3960, -1,
          3961, 1005, 3960, -1,
          1006, 1005, 3961, -1,
          3962, 1006, 3961, -1,
          1008, 1006, 3962, -1,
          3963, 1008, 3962, -1,
          1015, 1008, 3963, -1,
          3964, 1015, 3963, -1,
          1018, 1015, 3964, -1,
          3965, 1018, 3964, -1,
          1021, 1018, 3965, -1,
          3966, 1021, 3965, -1,
          1025, 1021, 3966, -1,
          3967, 1025, 3966, -1,
          1030, 1025, 3967, -1,
          3968, 1030, 3967, -1,
          1032, 1030, 3968, -1,
          3969, 1032, 3968, -1,
          1035, 1032, 3969, -1,
          3970, 1035, 3969, -1,
          1037, 1035, 3970, -1,
          3971, 1037, 3970, -1,
          1039, 1037, 3971, -1,
          3972, 1039, 3971, -1,
          1042, 1039, 3972, -1,
          3973, 1042, 3972, -1,
          3974, 1043, 1042, -1,
          3974, 1042, 3973, -1,
          3975, 1043, 3974, -1,
          3975, 1047, 1043, -1,
          3976, 1047, 3975, -1,
          3976, 1049, 1047, -1,
          3977, 1000, 3976, -1,
          3976, 1000, 1049, -1,
          3978, 985, 3977, -1,
          3977, 985, 1000, -1,
          3979, 977, 3978, -1,
          3978, 977, 985, -1,
          981, 977, 3979, -1,
          981, 3979, 3980, -1,
          3981, 3982, 1012, -1,
          1002, 3981, 1012, -1,
          3983, 3981, 1002, -1,
          994, 3983, 1002, -1,
          3980, 3983, 994, -1,
          981, 3980, 994, -1,
          1028, 1012, 3982, -1,
          3984, 1028, 3982, -1,
          3985, 1028, 3984, -1,
          3985, 1023, 1028, -1,
          1019, 1023, 3985, -1,
          3986, 1019, 3985, -1,
          3987, 1019, 3986, -1,
          1011, 1019, 3987, -1,
          3988, 1011, 3987, -1,
          1009, 1011, 3988, -1,
          3989, 1009, 3988, -1,
          1001, 1009, 3989, -1,
          3990, 1001, 3989, -1,
          997, 1001, 3990, -1,
          3991, 997, 3990, -1,
          995, 997, 3991, -1,
          3992, 995, 3991, -1,
          993, 995, 3992, -1,
          3993, 993, 3992, -1,
          3994, 991, 993, -1,
          3994, 993, 3993, -1,
          3995, 986, 991, -1,
          3995, 991, 3994, -1,
          987, 986, 3995, -1,
          3996, 987, 3995, -1,
          988, 987, 3996, -1,
          3997, 988, 3996, -1,
          990, 988, 3997, -1,
          3998, 990, 3997, -1,
          992, 990, 3998, -1,
          3999, 992, 3998, -1,
          996, 992, 3999, -1,
          4000, 996, 3999, -1,
          998, 996, 4000, -1,
          4001, 998, 4000, -1,
          1003, 998, 4001, -1,
          4002, 1003, 4001, -1,
          1010, 1003, 4002, -1,
          4003, 1010, 4002, -1,
          1016, 1010, 4003, -1,
          4004, 1016, 4003, -1,
          1022, 1016, 4004, -1,
          4005, 1022, 4004, -1,
          1026, 1022, 4005, -1,
          4006, 1026, 4005, -1,
          4007, 1078, 1026, -1,
          4007, 1026, 4006, -1,
          1079, 1078, 4007, -1,
          4008, 1079, 4007, -1,
          1183, 1079, 4008, -1,
          4009, 1183, 4008, -1,
          1184, 1183, 4009, -1,
          4010, 1184, 4009, -1,
          1097, 1184, 4010, -1,
          4011, 1097, 4010, -1,
          1098, 1097, 4011, -1,
          4012, 1098, 4011, -1,
          1099, 1098, 4012, -1,
          4013, 1099, 4012, -1,
          1100, 1099, 4013, -1,
          4014, 1100, 4013, -1,
          1101, 1100, 4014, -1,
          4015, 1101, 4014, -1,
          4016, 1102, 1101, -1,
          4016, 1101, 4015, -1,
          1093, 1102, 4016, -1,
          4017, 1093, 4016, -1,
          1094, 1093, 4017, -1,
          4018, 1094, 4017, -1,
          1060, 1094, 4018, -1,
          4019, 1060, 4018, -1,
          3943, 1041, 1060, -1,
          3943, 1060, 4019, -1,
          3983, 3980, 3979, -1,
          3983, 3979, 3978, -1,
          3981, 3978, 3977, -1,
          3981, 3983, 3978, -1,
          3982, 3977, 3976, -1,
          3982, 3981, 3977, -1,
          3988, 3990, 3989, -1,
          3987, 3991, 3990, -1,
          3987, 3990, 3988, -1,
          3986, 3991, 3987, -1,
          3985, 3991, 3986, -1,
          3985, 3992, 3991, -1,
          3985, 3993, 3992, -1,
          3967, 3995, 3994, -1,
          3984, 3993, 3985, -1,
          3968, 3967, 3994, -1,
          3968, 3994, 3993, -1,
          3966, 3995, 3967, -1,
          3969, 3993, 3984, -1,
          3969, 3968, 3993, -1,
          3965, 3996, 3995, -1,
          3965, 3995, 3966, -1,
          3970, 3969, 3984, -1,
          3964, 3996, 3965, -1,
          3971, 3970, 3984, -1,
          3963, 3997, 3996, -1,
          3963, 3996, 3964, -1,
          3972, 3971, 3984, -1,
          3962, 3997, 3963, -1,
          3998, 3997, 3962, -1,
          3961, 3998, 3962, -1,
          3999, 3998, 3961, -1,
          3975, 3972, 3984, -1,
          3975, 3973, 3972, -1,
          3975, 3974, 3973, -1,
          3960, 3999, 3961, -1,
          3959, 3999, 3960, -1,
          4000, 3999, 3959, -1,
          3958, 4000, 3959, -1,
          3957, 4001, 4000, -1,
          3957, 4000, 3958, -1,
          3956, 4001, 3957, -1,
          4002, 4001, 3956, -1,
          3955, 4002, 3956, -1,
          4019, 3942, 3943, -1,
          3954, 4003, 4002, -1,
          3954, 4002, 3955, -1,
          4018, 3944, 3942, -1,
          4018, 3942, 4019, -1,
          3953, 4003, 3954, -1,
          3952, 4004, 4003, -1,
          3952, 4003, 3953, -1,
          3951, 4004, 3952, -1,
          4017, 3945, 3944, -1,
          4017, 3944, 4018, -1,
          4005, 4004, 3951, -1,
          4005, 3951, 3950, -1,
          4016, 3945, 4017, -1,
          4016, 3946, 3945, -1,
          4015, 3947, 3946, -1,
          4015, 3948, 3947, -1,
          4015, 3946, 4016, -1,
          4014, 3948, 4015, -1,
          4014, 3949, 3948, -1,
          4013, 4005, 3950, -1,
          4013, 3949, 4014, -1,
          4013, 3950, 3949, -1,
          4012, 4005, 4013, -1,
          4012, 4006, 4005, -1,
          4010, 4008, 4007, -1,
          4010, 4009, 4008, -1,
          4011, 4007, 4006, -1,
          4011, 4010, 4007, -1,
          4011, 4006, 4012, -1,
          3976, 3975, 3982, -1,
          3982, 3975, 3984, -1,
          4020, 984, 4021, -1,
          4021, 984, 989, -1,
          4022, 982, 4020, -1,
          4020, 982, 984, -1,
          4022, 4023, 982, -1,
          4023, 979, 982, -1,
          983, 979, 4023, -1,
          983, 4023, 4024, -1,
          1083, 4025, 4026, -1,
          1083, 4026, 999, -1,
          1082, 4027, 4025, -1,
          1082, 4025, 1083, -1,
          4024, 4027, 1082, -1,
          983, 4024, 1082, -1,
          4021, 999, 4026, -1,
          989, 999, 4021, -1,
          4027, 4024, 4023, -1,
          4027, 4023, 4022, -1,
          4025, 4022, 4020, -1,
          4025, 4020, 4021, -1,
          4025, 4027, 4022, -1,
          4026, 4025, 4021, -1,
          976, 4028, 4029, -1,
          976, 4029, 980, -1,
          973, 4030, 4028, -1,
          973, 4028, 976, -1,
          975, 4031, 4030, -1,
          975, 4030, 973, -1,
          4032, 980, 4029, -1,
          978, 980, 4032, -1,
          952, 978, 4032, -1,
          4033, 952, 4032, -1,
          4033, 4034, 952, -1,
          4034, 951, 952, -1,
          4034, 4035, 951, -1,
          4035, 949, 951, -1,
          4035, 4036, 949, -1,
          4036, 945, 949, -1,
          966, 945, 4036, -1,
          966, 4036, 4037, -1,
          4037, 4038, 966, -1,
          4038, 955, 966, -1,
          4038, 4039, 955, -1,
          4039, 954, 955, -1,
          4039, 4040, 954, -1,
          4040, 953, 954, -1,
          968, 953, 4040, -1,
          968, 4040, 4041, -1,
          4042, 4043, 971, -1,
          970, 4042, 971, -1,
          4044, 4042, 970, -1,
          969, 4044, 970, -1,
          4041, 4044, 969, -1,
          968, 4041, 969, -1,
          4045, 971, 4043, -1,
          967, 971, 4045, -1,
          4046, 4047, 974, -1,
          1085, 4046, 974, -1,
          1084, 4048, 4046, -1,
          1084, 4046, 1085, -1,
          4045, 4048, 1084, -1,
          967, 4045, 1084, -1,
          975, 974, 4047, -1,
          975, 4047, 4031, -1,
          4049, 4036, 4035, -1,
          4049, 4035, 4034, -1,
          4049, 4034, 4033, -1,
          4050, 4037, 4049, -1,
          4044, 4041, 4040, -1,
          4044, 4040, 4039, -1,
          4042, 4039, 4038, -1,
          4042, 4044, 4039, -1,
          4043, 4038, 4037, -1,
          4043, 4042, 4038, -1,
          4032, 4051, 4049, -1,
          4031, 4050, 4052, -1,
          4031, 4043, 4037, -1,
          4031, 4037, 4050, -1,
          4030, 4052, 4053, -1,
          4030, 4031, 4052, -1,
          4028, 4053, 4051, -1,
          4028, 4030, 4053, -1,
          4028, 4051, 4032, -1,
          4029, 4028, 4032, -1,
          4048, 4045, 4043, -1,
          4046, 4043, 4031, -1,
          4046, 4048, 4043, -1,
          4047, 4046, 4031, -1,
          4037, 4036, 4049, -1,
          4033, 4032, 4049, -1,
          4054, 4055, 4050, -1,
          4054, 4050, 4049, -1,
          4051, 4053, 4056, -1,
          4053, 4057, 4056, -1,
          4053, 4052, 4057, -1,
          4052, 4058, 4057, -1,
          4052, 4050, 4058, -1,
          4050, 4055, 4058, -1,
          4051, 4056, 4054, -1,
          4051, 4054, 4049, -1,
          4058, 4055, 4054, -1,
          4057, 4058, 4054, -1,
          4056, 4057, 4054, -1,
          4059, 947, 4060, -1,
          4060, 947, 948, -1,
          4061, 946, 4059, -1,
          4059, 946, 947, -1,
          4062, 929, 4061, -1,
          4061, 929, 946, -1,
          934, 929, 4062, -1,
          934, 4062, 4063, -1,
          4064, 934, 4063, -1,
          4064, 933, 934, -1,
          930, 933, 4064, -1,
          4065, 930, 4064, -1,
          931, 930, 4065, -1,
          4066, 931, 4065, -1,
          932, 931, 4066, -1,
          4067, 932, 4066, -1,
          924, 932, 4067, -1,
          4068, 924, 4067, -1,
          4069, 918, 924, -1,
          4069, 924, 4068, -1,
          917, 918, 4069, -1,
          4070, 917, 4069, -1,
          911, 917, 4070, -1,
          4071, 911, 4070, -1,
          905, 911, 4071, -1,
          4072, 905, 4071, -1,
          4073, 903, 905, -1,
          4073, 905, 4072, -1,
          4074, 899, 903, -1,
          4074, 903, 4073, -1,
          900, 899, 4074, -1,
          4075, 900, 4074, -1,
          902, 900, 4075, -1,
          4076, 902, 4075, -1,
          901, 902, 4076, -1,
          4077, 901, 4076, -1,
          904, 901, 4077, -1,
          4078, 904, 4077, -1,
          4079, 906, 904, -1,
          4079, 904, 4078, -1,
          4080, 907, 906, -1,
          4080, 906, 4079, -1,
          4081, 894, 907, -1,
          4081, 907, 4080, -1,
          4082, 892, 894, -1,
          4082, 894, 4081, -1,
          4083, 886, 892, -1,
          4083, 892, 4082, -1,
          885, 886, 4083, -1,
          4084, 885, 4083, -1,
          884, 885, 4084, -1,
          4085, 884, 4084, -1,
          883, 884, 4085, -1,
          4086, 883, 4085, -1,
          881, 883, 4086, -1,
          4087, 881, 4086, -1,
          879, 881, 4087, -1,
          4088, 879, 4087, -1,
          876, 879, 4088, -1,
          4089, 876, 4088, -1,
          877, 876, 4089, -1,
          4090, 877, 4089, -1,
          878, 877, 4090, -1,
          4091, 878, 4090, -1,
          880, 878, 4091, -1,
          4092, 882, 880, -1,
          4092, 880, 4091, -1,
          4093, 882, 4092, -1,
          896, 882, 4093, -1,
          913, 4094, 4095, -1,
          959, 4094, 913, -1,
          958, 4096, 4094, -1,
          958, 4094, 959, -1,
          896, 4093, 4096, -1,
          896, 4096, 958, -1,
          4097, 913, 4095, -1,
          890, 913, 4097, -1,
          887, 890, 4097, -1,
          4098, 887, 4097, -1,
          888, 887, 4098, -1,
          4099, 888, 4098, -1,
          889, 888, 4099, -1,
          4100, 889, 4099, -1,
          891, 889, 4100, -1,
          4101, 891, 4100, -1,
          4102, 893, 891, -1,
          4102, 891, 4101, -1,
          4103, 895, 893, -1,
          4103, 893, 4102, -1,
          4104, 895, 4103, -1,
          4104, 898, 895, -1,
          4105, 914, 898, -1,
          4105, 898, 4104, -1,
          4106, 914, 4105, -1,
          915, 914, 4106, -1,
          4107, 915, 4106, -1,
          916, 915, 4107, -1,
          4108, 916, 4107, -1,
          909, 916, 4108, -1,
          4109, 909, 4108, -1,
          910, 909, 4109, -1,
          4110, 910, 4109, -1,
          908, 910, 4110, -1,
          4111, 908, 4110, -1,
          912, 908, 4111, -1,
          4112, 912, 4111, -1,
          927, 912, 4112, -1,
          927, 4112, 4113, -1,
          963, 4114, 4115, -1,
          963, 4115, 942, -1,
          962, 4116, 4114, -1,
          962, 4114, 963, -1,
          927, 4113, 4116, -1,
          927, 4116, 962, -1,
          4117, 942, 4115, -1,
          922, 942, 4117, -1,
          4118, 922, 4117, -1,
          4118, 919, 922, -1,
          920, 919, 4118, -1,
          4119, 920, 4118, -1,
          921, 920, 4119, -1,
          4120, 921, 4119, -1,
          4121, 923, 921, -1,
          4121, 921, 4120, -1,
          4122, 925, 923, -1,
          4122, 923, 4121, -1,
          926, 925, 4122, -1,
          4123, 926, 4122, -1,
          4124, 926, 4123, -1,
          4124, 928, 926, -1,
          943, 928, 4124, -1,
          4125, 943, 4124, -1,
          4126, 944, 943, -1,
          4126, 943, 4125, -1,
          4127, 939, 944, -1,
          4127, 944, 4126, -1,
          4128, 940, 939, -1,
          4128, 939, 4127, -1,
          4129, 936, 940, -1,
          4129, 940, 4128, -1,
          4130, 937, 936, -1,
          4130, 936, 4129, -1,
          935, 937, 4130, -1,
          4131, 935, 4130, -1,
          938, 935, 4131, -1,
          4132, 938, 4131, -1,
          941, 938, 4132, -1,
          4133, 941, 4132, -1,
          950, 941, 4133, -1,
          950, 4133, 4134, -1,
          1081, 4135, 4136, -1,
          1081, 4136, 972, -1,
          1080, 4137, 4135, -1,
          1080, 4135, 1081, -1,
          950, 4134, 4137, -1,
          950, 4137, 1080, -1,
          4060, 972, 4136, -1,
          948, 972, 4060, -1,
          4082, 4084, 4083, -1,
          4081, 4085, 4084, -1,
          4081, 4084, 4082, -1,
          4080, 4086, 4085, -1,
          4080, 4085, 4081, -1,
          4079, 4087, 4086, -1,
          4079, 4086, 4080, -1,
          4078, 4087, 4079, -1,
          4078, 4088, 4087, -1,
          4068, 4070, 4069, -1,
          4067, 4070, 4068, -1,
          4067, 4071, 4070, -1,
          4077, 4088, 4078, -1,
          4103, 4102, 4089, -1,
          4103, 4088, 4077, -1,
          4103, 4089, 4088, -1,
          4101, 4089, 4102, -1,
          4101, 4090, 4089, -1,
          4104, 4103, 4077, -1,
          4066, 4071, 4067, -1,
          4066, 4072, 4071, -1,
          4100, 4090, 4101, -1,
          4091, 4090, 4100, -1,
          4065, 4072, 4066, -1,
          4065, 4073, 4072, -1,
          4099, 4091, 4100, -1,
          4076, 4106, 4105, -1,
          4107, 4106, 4076, -1,
          4098, 4091, 4099, -1,
          4122, 4075, 4074, -1,
          4092, 4091, 4098, -1,
          4064, 4073, 4065, -1,
          4064, 4074, 4073, -1,
          4123, 4122, 4074, -1,
          4123, 4074, 4064, -1,
          4121, 4076, 4075, -1,
          4121, 4075, 4122, -1,
          4124, 4123, 4064, -1,
          4120, 4108, 4107, -1,
          4120, 4107, 4076, -1,
          4120, 4076, 4121, -1,
          4119, 4109, 4108, -1,
          4119, 4108, 4120, -1,
          4063, 4125, 4124, -1,
          4063, 4126, 4125, -1,
          4063, 4124, 4064, -1,
          4127, 4126, 4063, -1,
          4118, 4110, 4109, -1,
          4118, 4109, 4119, -1,
          4128, 4127, 4063, -1,
          4129, 4128, 4063, -1,
          4130, 4129, 4063, -1,
          4117, 4110, 4118, -1,
          4117, 4111, 4110, -1,
          4112, 4111, 4117, -1,
          4093, 4092, 4097, -1,
          4137, 4134, 4133, -1,
          4135, 4137, 4133, -1,
          4136, 4135, 4133, -1,
          4117, 4115, 4114, -1,
          4117, 4114, 4116, -1,
          4117, 4116, 4113, -1,
          4117, 4113, 4112, -1,
          4098, 4097, 4092, -1,
          4097, 4095, 4094, -1,
          4097, 4094, 4096, -1,
          4097, 4096, 4093, -1,
          4077, 4076, 4105, -1,
          4077, 4105, 4104, -1,
          4063, 4062, 4061, -1,
          4063, 4061, 4059, -1,
          4063, 4059, 4060, -1,
          4060, 4136, 4133, -1,
          4060, 4133, 4132, -1,
          4060, 4132, 4131, -1,
          4060, 4131, 4130, -1,
          4060, 4130, 4063, -1,
          4138, 863, 4139, -1,
          4139, 863, 870, -1,
          4140, 861, 4141, -1,
          4141, 861, 4138, -1,
          4138, 861, 863, -1,
          4140, 856, 861, -1,
          862, 856, 4140, -1,
          862, 4140, 4142, -1,
          4143, 862, 4142, -1,
          4143, 860, 862, -1,
          857, 860, 4143, -1,
          4144, 857, 4143, -1,
          858, 857, 4144, -1,
          4145, 858, 4144, -1,
          859, 858, 4145, -1,
          4146, 859, 4145, -1,
          851, 859, 4146, -1,
          4147, 851, 4146, -1,
          4148, 845, 851, -1,
          4148, 851, 4147, -1,
          839, 845, 4148, -1,
          4149, 839, 4148, -1,
          833, 839, 4149, -1,
          4150, 833, 4149, -1,
          827, 833, 4150, -1,
          4151, 827, 4150, -1,
          4152, 825, 827, -1,
          4152, 827, 4151, -1,
          4153, 821, 825, -1,
          4153, 825, 4152, -1,
          822, 821, 4153, -1,
          4154, 822, 4153, -1,
          824, 822, 4154, -1,
          4155, 824, 4154, -1,
          823, 824, 4155, -1,
          4156, 823, 4155, -1,
          826, 823, 4156, -1,
          4157, 826, 4156, -1,
          4158, 828, 826, -1,
          4158, 826, 4157, -1,
          4159, 829, 828, -1,
          4159, 828, 4158, -1,
          4160, 817, 829, -1,
          4160, 829, 4159, -1,
          4161, 815, 817, -1,
          4161, 817, 4160, -1,
          4162, 809, 815, -1,
          4162, 815, 4161, -1,
          808, 809, 4162, -1,
          4163, 808, 4162, -1,
          807, 808, 4163, -1,
          4164, 807, 4163, -1,
          806, 807, 4164, -1,
          4165, 806, 4164, -1,
          804, 806, 4165, -1,
          4166, 804, 4165, -1,
          802, 804, 4166, -1,
          4167, 802, 4166, -1,
          799, 802, 4167, -1,
          4168, 799, 4167, -1,
          800, 799, 4168, -1,
          4169, 800, 4168, -1,
          801, 800, 4169, -1,
          4170, 801, 4169, -1,
          803, 801, 4170, -1,
          4171, 805, 803, -1,
          4171, 803, 4170, -1,
          4172, 805, 4171, -1,
          819, 805, 4172, -1,
          838, 4173, 4174, -1,
          965, 4173, 838, -1,
          964, 4175, 4173, -1,
          964, 4173, 965, -1,
          819, 4172, 4175, -1,
          819, 4175, 964, -1,
          4176, 838, 4174, -1,
          813, 838, 4176, -1,
          810, 813, 4176, -1,
          4177, 810, 4176, -1,
          811, 810, 4177, -1,
          4178, 811, 4177, -1,
          812, 811, 4178, -1,
          4179, 812, 4178, -1,
          814, 812, 4179, -1,
          4180, 814, 4179, -1,
          4181, 816, 814, -1,
          4181, 814, 4180, -1,
          4182, 818, 816, -1,
          4182, 816, 4181, -1,
          4183, 818, 4182, -1,
          4183, 820, 818, -1,
          4184, 835, 820, -1,
          4184, 820, 4183, -1,
          4185, 835, 4184, -1,
          836, 835, 4185, -1,
          4186, 836, 4185, -1,
          837, 836, 4186, -1,
          4187, 837, 4186, -1,
          831, 837, 4187, -1,
          4188, 831, 4187, -1,
          832, 831, 4188, -1,
          4189, 832, 4188, -1,
          830, 832, 4189, -1,
          4190, 830, 4189, -1,
          834, 830, 4190, -1,
          4191, 834, 4190, -1,
          854, 834, 4191, -1,
          854, 4191, 4192, -1,
          957, 4193, 4194, -1,
          957, 4194, 872, -1,
          956, 4195, 4193, -1,
          956, 4193, 957, -1,
          854, 4192, 4195, -1,
          854, 4195, 956, -1,
          4196, 872, 4194, -1,
          849, 872, 4196, -1,
          4197, 849, 4196, -1,
          4197, 846, 849, -1,
          847, 846, 4197, -1,
          4198, 847, 4197, -1,
          848, 847, 4198, -1,
          4199, 848, 4198, -1,
          4200, 850, 848, -1,
          4200, 848, 4199, -1,
          4201, 852, 850, -1,
          4201, 850, 4200, -1,
          853, 852, 4201, -1,
          4202, 853, 4201, -1,
          4203, 853, 4202, -1,
          4203, 855, 853, -1,
          873, 855, 4203, -1,
          4204, 873, 4203, -1,
          4205, 874, 873, -1,
          4205, 873, 4204, -1,
          4206, 868, 874, -1,
          4206, 874, 4205, -1,
          4207, 869, 868, -1,
          4207, 868, 4206, -1,
          4208, 865, 869, -1,
          4208, 869, 4207, -1,
          4209, 866, 865, -1,
          4209, 865, 4208, -1,
          864, 866, 4209, -1,
          4210, 864, 4209, -1,
          867, 864, 4210, -1,
          4211, 867, 4210, -1,
          871, 867, 4211, -1,
          4212, 871, 4211, -1,
          875, 871, 4212, -1,
          875, 4212, 4213, -1,
          961, 4214, 4215, -1,
          961, 4215, 897, -1,
          960, 4213, 4216, -1,
          960, 4216, 4214, -1,
          960, 4214, 961, -1,
          875, 4213, 960, -1,
          4139, 897, 4215, -1,
          870, 897, 4139, -1,
          4161, 4163, 4162, -1,
          4160, 4164, 4163, -1,
          4160, 4163, 4161, -1,
          4159, 4165, 4164, -1,
          4159, 4164, 4160, -1,
          4158, 4166, 4165, -1,
          4158, 4165, 4159, -1,
          4157, 4166, 4158, -1,
          4157, 4167, 4166, -1,
          4147, 4149, 4148, -1,
          4146, 4149, 4147, -1,
          4146, 4150, 4149, -1,
          4156, 4167, 4157, -1,
          4182, 4181, 4168, -1,
          4182, 4167, 4156, -1,
          4182, 4168, 4167, -1,
          4180, 4168, 4181, -1,
          4180, 4169, 4168, -1,
          4183, 4182, 4156, -1,
          4145, 4150, 4146, -1,
          4145, 4151, 4150, -1,
          4179, 4169, 4180, -1,
          4170, 4169, 4179, -1,
          4144, 4151, 4145, -1,
          4144, 4152, 4151, -1,
          4178, 4170, 4179, -1,
          4155, 4185, 4184, -1,
          4186, 4185, 4155, -1,
          4177, 4170, 4178, -1,
          4201, 4154, 4153, -1,
          4171, 4170, 4177, -1,
          4143, 4152, 4144, -1,
          4143, 4153, 4152, -1,
          4202, 4201, 4153, -1,
          4202, 4153, 4143, -1,
          4200, 4155, 4154, -1,
          4200, 4154, 4201, -1,
          4203, 4202, 4143, -1,
          4199, 4187, 4186, -1,
          4199, 4186, 4155, -1,
          4199, 4155, 4200, -1,
          4198, 4188, 4187, -1,
          4198, 4187, 4199, -1,
          4142, 4204, 4203, -1,
          4142, 4205, 4204, -1,
          4142, 4203, 4143, -1,
          4206, 4205, 4142, -1,
          4197, 4189, 4188, -1,
          4197, 4188, 4198, -1,
          4207, 4206, 4142, -1,
          4208, 4207, 4142, -1,
          4209, 4208, 4142, -1,
          4196, 4189, 4197, -1,
          4196, 4190, 4189, -1,
          4191, 4190, 4196, -1,
          4172, 4171, 4176, -1,
          4216, 4213, 4212, -1,
          4214, 4216, 4212, -1,
          4215, 4214, 4212, -1,
          4196, 4194, 4193, -1,
          4196, 4193, 4195, -1,
          4196, 4195, 4192, -1,
          4196, 4192, 4191, -1,
          4177, 4176, 4171, -1,
          4176, 4174, 4173, -1,
          4176, 4173, 4175, -1,
          4176, 4175, 4172, -1,
          4156, 4155, 4184, -1,
          4156, 4184, 4183, -1,
          4142, 4140, 4141, -1,
          4142, 4141, 4138, -1,
          4142, 4138, 4139, -1,
          4139, 4215, 4212, -1,
          4139, 4212, 4211, -1,
          4139, 4211, 4210, -1,
          4139, 4210, 4209, -1,
          4139, 4209, 4142, -1,
          4217, 781, 4218, -1,
          781, 784, 4218, -1,
          4218, 785, 4219, -1,
          784, 785, 4218, -1,
          4219, 786, 4220, -1,
          785, 786, 4219, -1,
          782, 781, 4217, -1,
          4221, 782, 4217, -1,
          783, 782, 4221, -1,
          4222, 783, 4221, -1,
          772, 783, 4222, -1,
          4223, 772, 4222, -1,
          4224, 772, 4223, -1,
          778, 772, 4224, -1,
          4225, 778, 4224, -1,
          4225, 791, 778, -1,
          792, 791, 4225, -1,
          4226, 792, 4225, -1,
          1289, 792, 4226, -1,
          4227, 1289, 4226, -1,
          790, 1289, 4227, -1,
          790, 4227, 4228, -1,
          790, 4228, 4229, -1,
          840, 4229, 4230, -1,
          840, 790, 4229, -1,
          841, 4230, 4231, -1,
          841, 840, 4230, -1,
          796, 841, 4231, -1,
          4232, 796, 4231, -1,
          1290, 796, 4232, -1,
          797, 1290, 4232, -1,
          4233, 797, 4232, -1,
          798, 797, 4233, -1,
          4234, 798, 4233, -1,
          789, 798, 4234, -1,
          789, 4234, 4235, -1,
          4236, 787, 789, -1,
          4236, 789, 4235, -1,
          4237, 788, 787, -1,
          4237, 787, 4236, -1,
          4220, 786, 788, -1,
          4220, 788, 4237, -1,
          4237, 4221, 4217, -1,
          4237, 4217, 4218, -1,
          4237, 4218, 4219, -1,
          4237, 4219, 4220, -1,
          4236, 4222, 4221, -1,
          4236, 4221, 4237, -1,
          4227, 4222, 4236, -1,
          4232, 4227, 4236, -1,
          4226, 4223, 4222, -1,
          4226, 4222, 4227, -1,
          4225, 4223, 4226, -1,
          4224, 4223, 4225, -1,
          4235, 4233, 4232, -1,
          4235, 4232, 4236, -1,
          4234, 4233, 4235, -1,
          4232, 4231, 4230, -1,
          4232, 4230, 4227, -1,
          4228, 4227, 4229, -1,
          4229, 4227, 4230, -1,
          4238, 747, 4239, -1,
          4238, 749, 747, -1,
          4240, 740, 749, -1,
          4240, 749, 4238, -1,
          4241, 739, 740, -1,
          4241, 740, 4240, -1,
          4242, 738, 739, -1,
          4242, 739, 4241, -1,
          4243, 738, 4242, -1,
          4243, 737, 738, -1,
          736, 737, 4243, -1,
          4244, 736, 4243, -1,
          734, 736, 4244, -1,
          4245, 734, 4244, -1,
          4246, 732, 734, -1,
          4246, 734, 4245, -1,
          4247, 730, 732, -1,
          4247, 732, 4246, -1,
          729, 730, 4247, -1,
          4248, 729, 4247, -1,
          4249, 728, 729, -1,
          4249, 729, 4248, -1,
          4250, 731, 728, -1,
          4250, 728, 4249, -1,
          4251, 733, 731, -1,
          4251, 731, 4250, -1,
          735, 733, 4251, -1,
          4252, 735, 4251, -1,
          764, 735, 4252, -1,
          4253, 764, 4252, -1,
          765, 764, 4253, -1,
          4254, 765, 4253, -1,
          4255, 765, 4254, -1,
          766, 765, 4255, -1,
          4256, 766, 4255, -1,
          767, 766, 4256, -1,
          4257, 767, 4256, -1,
          768, 767, 4257, -1,
          4258, 768, 4257, -1,
          769, 768, 4258, -1,
          4259, 769, 4258, -1,
          4260, 770, 769, -1,
          4260, 769, 4259, -1,
          4261, 770, 4260, -1,
          4261, 771, 770, -1,
          4262, 763, 771, -1,
          4262, 771, 4261, -1,
          4263, 761, 763, -1,
          4263, 763, 4262, -1,
          4264, 758, 761, -1,
          4264, 761, 4263, -1,
          4265, 758, 4264, -1,
          4265, 753, 758, -1,
          4266, 754, 753, -1,
          4266, 753, 4265, -1,
          4267, 755, 754, -1,
          4267, 754, 4266, -1,
          752, 755, 4267, -1,
          4268, 752, 4267, -1,
          757, 752, 4268, -1,
          4269, 757, 4268, -1,
          760, 757, 4269, -1,
          4270, 760, 4269, -1,
          762, 760, 4270, -1,
          4271, 762, 4270, -1,
          4272, 842, 762, -1,
          4272, 762, 4271, -1,
          4273, 842, 4272, -1,
          4273, 843, 842, -1,
          4274, 844, 843, -1,
          4274, 843, 4273, -1,
          793, 844, 4274, -1,
          4275, 793, 4274, -1,
          794, 793, 4275, -1,
          4276, 794, 4275, -1,
          4277, 795, 794, -1,
          4277, 794, 4276, -1,
          4278, 779, 795, -1,
          4278, 795, 4277, -1,
          4279, 780, 779, -1,
          4279, 779, 4278, -1,
          775, 780, 4279, -1,
          4280, 775, 4279, -1,
          776, 775, 4280, -1,
          4281, 776, 4280, -1,
          777, 776, 4281, -1,
          4282, 777, 4281, -1,
          773, 777, 4282, -1,
          4283, 773, 4282, -1,
          4284, 774, 773, -1,
          4284, 773, 4283, -1,
          4285, 759, 774, -1,
          4285, 774, 4284, -1,
          4286, 756, 759, -1,
          4286, 759, 4285, -1,
          4287, 751, 756, -1,
          4287, 756, 4286, -1,
          4288, 751, 4287, -1,
          4288, 750, 751, -1,
          4289, 748, 750, -1,
          4289, 750, 4288, -1,
          746, 748, 4289, -1,
          4290, 746, 4289, -1,
          744, 746, 4290, -1,
          4291, 744, 4290, -1,
          741, 744, 4291, -1,
          4292, 741, 4291, -1,
          742, 741, 4292, -1,
          4293, 742, 4292, -1,
          4294, 743, 742, -1,
          4294, 742, 4293, -1,
          745, 743, 4294, -1,
          4295, 745, 4294, -1,
          747, 745, 4295, -1,
          4239, 747, 4295, -1,
          4241, 4243, 4242, -1,
          4240, 4243, 4241, -1,
          4240, 4244, 4243, -1,
          4238, 4244, 4240, -1,
          4238, 4245, 4244, -1,
          4239, 4245, 4238, -1,
          4239, 4246, 4245, -1,
          4295, 4246, 4239, -1,
          4295, 4247, 4246, -1,
          4286, 4288, 4287, -1,
          4286, 4289, 4288, -1,
          4296, 4247, 4295, -1,
          4296, 4248, 4247, -1,
          4297, 4248, 4296, -1,
          4285, 4290, 4289, -1,
          4285, 4289, 4286, -1,
          4298, 4248, 4297, -1,
          4298, 4249, 4248, -1,
          4294, 4296, 4295, -1,
          4294, 4299, 4296, -1,
          4300, 4299, 4294, -1,
          4284, 4291, 4290, -1,
          4284, 4290, 4285, -1,
          4301, 4249, 4298, -1,
          4250, 4249, 4301, -1,
          4302, 4292, 4291, -1,
          4303, 4292, 4302, -1,
          4283, 4302, 4291, -1,
          4283, 4291, 4284, -1,
          4304, 4250, 4301, -1,
          4305, 4302, 4283, -1,
          4293, 4306, 4307, -1,
          4308, 4292, 4303, -1,
          4251, 4250, 4304, -1,
          4309, 4306, 4293, -1,
          4309, 4293, 4308, -1,
          4282, 4310, 4305, -1,
          4282, 4305, 4283, -1,
          4311, 4310, 4282, -1,
          4312, 4251, 4304, -1,
          4281, 4313, 4311, -1,
          4281, 4311, 4282, -1,
          4314, 4252, 4251, -1,
          4314, 4251, 4312, -1,
          4315, 4316, 4306, -1,
          4317, 4313, 4281, -1,
          4318, 4252, 4314, -1,
          4280, 4317, 4281, -1,
          4253, 4252, 4318, -1,
          4319, 4316, 4315, -1,
          4320, 4317, 4280, -1,
          4267, 4321, 4319, -1,
          4322, 4253, 4318, -1,
          4323, 4321, 4267, -1,
          4324, 4267, 4319, -1,
          4279, 4320, 4280, -1,
          4325, 4320, 4279, -1,
          4254, 4253, 4322, -1,
          4326, 4254, 4322, -1,
          4327, 4267, 4324, -1,
          4328, 4254, 4326, -1,
          4329, 4254, 4328, -1,
          4255, 4254, 4329, -1,
          4278, 4325, 4279, -1,
          4278, 4330, 4325, -1,
          4266, 4331, 4332, -1,
          4266, 4329, 4331, -1,
          4268, 4333, 4334, -1,
          4277, 4330, 4278, -1,
          4277, 4335, 4330, -1,
          4277, 4334, 4335, -1,
          4265, 4256, 4255, -1,
          4265, 4255, 4329, -1,
          4265, 4329, 4266, -1,
          4264, 4256, 4265, -1,
          4264, 4257, 4256, -1,
          4276, 4269, 4268, -1,
          4276, 4268, 4334, -1,
          4276, 4334, 4277, -1,
          4263, 4258, 4257, -1,
          4263, 4257, 4264, -1,
          4262, 4259, 4258, -1,
          4262, 4258, 4263, -1,
          4261, 4260, 4259, -1,
          4261, 4259, 4262, -1,
          4275, 4270, 4269, -1,
          4275, 4269, 4276, -1,
          4274, 4271, 4270, -1,
          4274, 4270, 4275, -1,
          4273, 4272, 4271, -1,
          4273, 4271, 4274, -1,
          4293, 4292, 4308, -1,
          4268, 4267, 4327, -1,
          4268, 4327, 4333, -1,
          4267, 4266, 4323, -1,
          4323, 4266, 4332, -1,
          4294, 4293, 4307, -1,
          4294, 4307, 4300, -1,
          4309, 4315, 4306, -1,
          4321, 4316, 4319, -1,
          4331, 4336, 4332, -1,
          4331, 4337, 4336, -1,
          4329, 4338, 4337, -1,
          4329, 4337, 4331, -1,
          4339, 4338, 4329, -1,
          4328, 4339, 4329, -1,
          4340, 4339, 4328, -1,
          4326, 4340, 4328, -1,
          4322, 4341, 4340, -1,
          4322, 4340, 4326, -1,
          4318, 4342, 4341, -1,
          4318, 4341, 4322, -1,
          4343, 4342, 4318, -1,
          4314, 4343, 4318, -1,
          4344, 4343, 4314, -1,
          4312, 4344, 4314, -1,
          4345, 4344, 4312, -1,
          4304, 4345, 4312, -1,
          4346, 4345, 4304, -1,
          4301, 4346, 4304, -1,
          4347, 4346, 4301, -1,
          4298, 4347, 4301, -1,
          4348, 4347, 4298, -1,
          4297, 4349, 4348, -1,
          4297, 4348, 4298, -1,
          4296, 4350, 4349, -1,
          4296, 4349, 4297, -1,
          4351, 4350, 4296, -1,
          4299, 4351, 4296, -1,
          4352, 4351, 4299, -1,
          4300, 4352, 4299, -1,
          4307, 4352, 4300, -1,
          4307, 4353, 4352, -1,
          4306, 4354, 4353, -1,
          4306, 4353, 4307, -1,
          4355, 4354, 4306, -1,
          4316, 4355, 4306, -1,
          4356, 4355, 4316, -1,
          4321, 4356, 4316, -1,
          4357, 4356, 4321, -1,
          4323, 4357, 4321, -1,
          4336, 4357, 4323, -1,
          4332, 4336, 4323, -1,
          4358, 4359, 4302, -1,
          4305, 4358, 4302, -1,
          4310, 4360, 4358, -1,
          4310, 4358, 4305, -1,
          4311, 4361, 4360, -1,
          4311, 4360, 4310, -1,
          4313, 4362, 4361, -1,
          4313, 4361, 4311, -1,
          4317, 4363, 4362, -1,
          4317, 4362, 4313, -1,
          4364, 4363, 4317, -1,
          4320, 4364, 4317, -1,
          4365, 4364, 4320, -1,
          4325, 4365, 4320, -1,
          4366, 4365, 4325, -1,
          4330, 4366, 4325, -1,
          4367, 4366, 4330, -1,
          4335, 4367, 4330, -1,
          4334, 4368, 4367, -1,
          4334, 4367, 4335, -1,
          4333, 4368, 4334, -1,
          4333, 4369, 4368, -1,
          4327, 4370, 4369, -1,
          4327, 4369, 4333, -1,
          4371, 4370, 4327, -1,
          4324, 4371, 4327, -1,
          4319, 4372, 4371, -1,
          4319, 4371, 4324, -1,
          4315, 4373, 4372, -1,
          4315, 4372, 4319, -1,
          4309, 4374, 4373, -1,
          4309, 4373, 4315, -1,
          4308, 4375, 4374, -1,
          4308, 4374, 4309, -1,
          4303, 4376, 4375, -1,
          4303, 4375, 4308, -1,
          4302, 4359, 4376, -1,
          4302, 4376, 4303, -1,
          4351, 4349, 4350, -1,
          4352, 4348, 4349, -1,
          4352, 4349, 4351, -1,
          4353, 4347, 4348, -1,
          4353, 4348, 4352, -1,
          4354, 4346, 4347, -1,
          4354, 4347, 4353, -1,
          4345, 4346, 4354, -1,
          4355, 4344, 4345, -1,
          4355, 4345, 4354, -1,
          4343, 4344, 4355, -1,
          4356, 4343, 4355, -1,
          4342, 4343, 4356, -1,
          4357, 4342, 4356, -1,
          4341, 4342, 4357, -1,
          4336, 4340, 4341, -1,
          4336, 4341, 4357, -1,
          4337, 4339, 4340, -1,
          4337, 4340, 4336, -1,
          4338, 4339, 4337, -1,
          4358, 4376, 4359, -1,
          4360, 4375, 4376, -1,
          4360, 4376, 4358, -1,
          4361, 4374, 4375, -1,
          4361, 4375, 4360, -1,
          4362, 4374, 4361, -1,
          4373, 4374, 4362, -1,
          4363, 4373, 4362, -1,
          4364, 4373, 4363, -1,
          4372, 4373, 4364, -1,
          4365, 4372, 4364, -1,
          4371, 4372, 4365, -1,
          4366, 4370, 4371, -1,
          4366, 4371, 4365, -1,
          4369, 4370, 4366, -1,
          4367, 4369, 4366, -1,
          4368, 4369, 4367, -1,
          4377, 4378, 4379, -1,
          4377, 4380, 4378, -1,
          4381, 4377, 4379, -1,
          4382, 4379, 4383, -1,
          4382, 4381, 4379, -1,
          4384, 4383, 4385, -1,
          4384, 4382, 4383, -1,
          4386, 4385, 4387, -1,
          4386, 4387, 4388, -1,
          4386, 4384, 4385, -1,
          4389, 4386, 4388, -1,
          4390, 4388, 4391, -1,
          4390, 4391, 4392, -1,
          4390, 4389, 4388, -1,
          4393, 4390, 4392, -1,
          4394, 4392, 4395, -1,
          4394, 4395, 4396, -1,
          4394, 4393, 4392, -1,
          4397, 4396, 4398, -1,
          4397, 4394, 4396, -1,
          4399, 4397, 4398, -1,
          4400, 4398, 4401, -1,
          4400, 4401, 4402, -1,
          4400, 4399, 4398, -1,
          4403, 4402, 4404, -1,
          4403, 4400, 4402, -1,
          4405, 4403, 4404, -1,
          4406, 4405, 4404, -1,
          4406, 4404, 4407, -1,
          4408, 4406, 4407, -1,
          4408, 4407, 4409, -1,
          4410, 4408, 4409, -1,
          4410, 4409, 4411, -1,
          4412, 4410, 4411, -1,
          4412, 4411, 4413, -1,
          4414, 4412, 4413, -1,
          4414, 4413, 4415, -1,
          4416, 4414, 4415, -1,
          4417, 4418, 4419, -1,
          4399, 4420, 4397, -1,
          4421, 4422, 4417, -1,
          4421, 4417, 4419, -1,
          4423, 4419, 4424, -1,
          4423, 4424, 4425, -1,
          4423, 4421, 4419, -1,
          4426, 4427, 4422, -1,
          4426, 4421, 4423, -1,
          4426, 4422, 4421, -1,
          4428, 4425, 4429, -1,
          4428, 4423, 4425, -1,
          4430, 4431, 4432, -1,
          4430, 4432, 4427, -1,
          4430, 4427, 4426, -1,
          4433, 4426, 4423, -1,
          4433, 4423, 4428, -1,
          4434, 4429, 4435, -1,
          4434, 4435, 4436, -1,
          4434, 4428, 4429, -1,
          4437, 4430, 4426, -1,
          4437, 4431, 4430, -1,
          4437, 4426, 4433, -1,
          4438, 4428, 4434, -1,
          4438, 4433, 4428, -1,
          4439, 4436, 4440, -1,
          4439, 4434, 4436, -1,
          4441, 4442, 4431, -1,
          4441, 4431, 4437, -1,
          4443, 4433, 4438, -1,
          4443, 4437, 4433, -1,
          4444, 4438, 4434, -1,
          4444, 4434, 4439, -1,
          4445, 4439, 4440, -1,
          4445, 4440, 4446, -1,
          4445, 4446, 4447, -1,
          4448, 4442, 4441, -1,
          4448, 4449, 4442, -1,
          4448, 4437, 4443, -1,
          4448, 4441, 4437, -1,
          4450, 4438, 4444, -1,
          4450, 4443, 4438, -1,
          4451, 4439, 4445, -1,
          4451, 4444, 4439, -1,
          4452, 4447, 4453, -1,
          4452, 4445, 4447, -1,
          4454, 4443, 4450, -1,
          4454, 4448, 4443, -1,
          4455, 4450, 4444, -1,
          4455, 4444, 4451, -1,
          4456, 4451, 4445, -1,
          4456, 4445, 4452, -1,
          4457, 4452, 4453, -1,
          4457, 4458, 4459, -1,
          4457, 4453, 4458, -1,
          4460, 4449, 4448, -1,
          4460, 4461, 4449, -1,
          4460, 4448, 4454, -1,
          4462, 4454, 4450, -1,
          4462, 4450, 4455, -1,
          4463, 4455, 4451, -1,
          4463, 4451, 4456, -1,
          4464, 4456, 4452, -1,
          4464, 4452, 4457, -1,
          4465, 4459, 4466, -1,
          4465, 4457, 4459, -1,
          4467, 4468, 4461, -1,
          4467, 4460, 4454, -1,
          4467, 4454, 4462, -1,
          4467, 4461, 4460, -1,
          4469, 4455, 4463, -1,
          4469, 4462, 4455, -1,
          4470, 4463, 4456, -1,
          4470, 4456, 4464, -1,
          4471, 4464, 4457, -1,
          4471, 4457, 4465, -1,
          4472, 4473, 4420, -1,
          4472, 4466, 4473, -1,
          4472, 4465, 4466, -1,
          4474, 4416, 4468, -1,
          4474, 4468, 4467, -1,
          4474, 4467, 4462, -1,
          4474, 4462, 4469, -1,
          4475, 4463, 4470, -1,
          4475, 4469, 4463, -1,
          4476, 4470, 4464, -1,
          4476, 4464, 4471, -1,
          4477, 4471, 4465, -1,
          4477, 4465, 4472, -1,
          4478, 4399, 4400, -1,
          4478, 4420, 4399, -1,
          4478, 4472, 4420, -1,
          4479, 4416, 4474, -1,
          4479, 4474, 4469, -1,
          4479, 4469, 4475, -1,
          4480, 4475, 4470, -1,
          4480, 4470, 4476, -1,
          4481, 4476, 4471, -1,
          4481, 4471, 4477, -1,
          4482, 4400, 4403, -1,
          4482, 4478, 4400, -1,
          4482, 4472, 4478, -1,
          4482, 4477, 4472, -1,
          4483, 4414, 4416, -1,
          4483, 4416, 4479, -1,
          4483, 4479, 4475, -1,
          4483, 4475, 4480, -1,
          4484, 4480, 4476, -1,
          4484, 4476, 4481, -1,
          4485, 4481, 4477, -1,
          4485, 4477, 4482, -1,
          4486, 4414, 4483, -1,
          4486, 4412, 4414, -1,
          4486, 4483, 4480, -1,
          4486, 4480, 4484, -1,
          4487, 4408, 4410, -1,
          4487, 4484, 4481, -1,
          4487, 4481, 4485, -1,
          4488, 4403, 4405, -1,
          4488, 4405, 4406, -1,
          4488, 4482, 4403, -1,
          4488, 4406, 4485, -1,
          4488, 4485, 4482, -1,
          4489, 4412, 4486, -1,
          4489, 4486, 4484, -1,
          4489, 4487, 4410, -1,
          4489, 4410, 4412, -1,
          4489, 4484, 4487, -1,
          4490, 4487, 4485, -1,
          4490, 4406, 4408, -1,
          4490, 4408, 4487, -1,
          4490, 4485, 4406, -1,
          4419, 4418, 4491, -1,
          4397, 4420, 4394, -1,
          4492, 4493, 4494, -1,
          4495, 4496, 4497, -1,
          4498, 4499, 4500, -1,
          4498, 4500, 4493, -1,
          4501, 4494, 4496, -1,
          4501, 4496, 4495, -1,
          4501, 4492, 4494, -1,
          4502, 4497, 4503, -1,
          4502, 4495, 4497, -1,
          4504, 4493, 4492, -1,
          4504, 4492, 4501, -1,
          4504, 4498, 4493, -1,
          4505, 4501, 4495, -1,
          4505, 4495, 4502, -1,
          4506, 4503, 4380, -1,
          4506, 4502, 4503, -1,
          4507, 4508, 4499, -1,
          4507, 4498, 4504, -1,
          4507, 4499, 4498, -1,
          4509, 4504, 4501, -1,
          4509, 4501, 4505, -1,
          4510, 4502, 4506, -1,
          4510, 4505, 4502, -1,
          4511, 4506, 4380, -1,
          4512, 4491, 4508, -1,
          4512, 4508, 4507, -1,
          4512, 4419, 4491, -1,
          4513, 4507, 4504, -1,
          4513, 4504, 4509, -1,
          4514, 4509, 4505, -1,
          4514, 4505, 4510, -1,
          4515, 4510, 4506, -1,
          4515, 4506, 4511, -1,
          4516, 4380, 4377, -1,
          4516, 4511, 4380, -1,
          4517, 4424, 4419, -1,
          4517, 4425, 4424, -1,
          4517, 4419, 4512, -1,
          4517, 4512, 4507, -1,
          4517, 4507, 4513, -1,
          4518, 4509, 4514, -1,
          4518, 4513, 4509, -1,
          4519, 4510, 4515, -1,
          4519, 4514, 4510, -1,
          4520, 4511, 4516, -1,
          4520, 4515, 4511, -1,
          4521, 4377, 4381, -1,
          4521, 4516, 4377, -1,
          4522, 4429, 4425, -1,
          4522, 4517, 4513, -1,
          4522, 4513, 4518, -1,
          4522, 4425, 4517, -1,
          4523, 4518, 4514, -1,
          4523, 4514, 4519, -1,
          4524, 4519, 4515, -1,
          4524, 4515, 4520, -1,
          4525, 4520, 4516, -1,
          4525, 4516, 4521, -1,
          4526, 4521, 4381, -1,
          4526, 4381, 4382, -1,
          4527, 4435, 4429, -1,
          4527, 4436, 4435, -1,
          4527, 4429, 4522, -1,
          4527, 4518, 4523, -1,
          4527, 4522, 4518, -1,
          4528, 4519, 4524, -1,
          4528, 4523, 4519, -1,
          4529, 4520, 4525, -1,
          4529, 4524, 4520, -1,
          4530, 4521, 4526, -1,
          4530, 4525, 4521, -1,
          4531, 4440, 4436, -1,
          4531, 4436, 4527, -1,
          4531, 4527, 4523, -1,
          4531, 4523, 4528, -1,
          4532, 4528, 4524, -1,
          4532, 4524, 4529, -1,
          4533, 4529, 4525, -1,
          4533, 4525, 4530, -1,
          4534, 4382, 4384, -1,
          4534, 4526, 4382, -1,
          4534, 4530, 4526, -1,
          4535, 4446, 4440, -1,
          4535, 4447, 4446, -1,
          4535, 4528, 4532, -1,
          4535, 4531, 4528, -1,
          4535, 4440, 4531, -1,
          4536, 4529, 4533, -1,
          4536, 4532, 4529, -1,
          4537, 4533, 4530, -1,
          4537, 4530, 4534, -1,
          4538, 4384, 4386, -1,
          4538, 4534, 4384, -1,
          4539, 4453, 4447, -1,
          4539, 4447, 4535, -1,
          4539, 4535, 4532, -1,
          4539, 4532, 4536, -1,
          4540, 4533, 4537, -1,
          4540, 4536, 4533, -1,
          4541, 4538, 4386, -1,
          4541, 4537, 4534, -1,
          4541, 4534, 4538, -1,
          4542, 4459, 4458, -1,
          4542, 4458, 4453, -1,
          4542, 4453, 4539, -1,
          4542, 4539, 4536, -1,
          4542, 4536, 4540, -1,
          4543, 4540, 4537, -1,
          4543, 4537, 4541, -1,
          4544, 4386, 4389, -1,
          4544, 4389, 4390, -1,
          4544, 4541, 4386, -1,
          4545, 4466, 4459, -1,
          4545, 4459, 4542, -1,
          4545, 4542, 4540, -1,
          4545, 4540, 4543, -1,
          4546, 4544, 4390, -1,
          4546, 4541, 4544, -1,
          4546, 4390, 4393, -1,
          4546, 4543, 4541, -1,
          4547, 4466, 4545, -1,
          4547, 4543, 4546, -1,
          4547, 4420, 4473, -1,
          4547, 4473, 4466, -1,
          4547, 4545, 4543, -1,
          4548, 4394, 4420, -1,
          4548, 4547, 4546, -1,
          4548, 4393, 4394, -1,
          4548, 4420, 4547, -1,
          4548, 4546, 4393, -1,
          4468, 4416, 4415, -1,
          4468, 4415, 4549, -1,
          4461, 4468, 4549, -1,
          4449, 4549, 4550, -1,
          4449, 4461, 4549, -1,
          4442, 4550, 4551, -1,
          4442, 4449, 4550, -1,
          4431, 4551, 4552, -1,
          4431, 4442, 4551, -1,
          4432, 4552, 4553, -1,
          4432, 4431, 4552, -1,
          4427, 4553, 4554, -1,
          4427, 4554, 4555, -1,
          4427, 4432, 4553, -1,
          4422, 4427, 4555, -1,
          4417, 4555, 4556, -1,
          4417, 4556, 4557, -1,
          4417, 4422, 4555, -1,
          4418, 4417, 4557, -1,
          4491, 4557, 4558, -1,
          4491, 4558, 4559, -1,
          4491, 4418, 4557, -1,
          4508, 4559, 4560, -1,
          4508, 4491, 4559, -1,
          4499, 4560, 4561, -1,
          4499, 4508, 4560, -1,
          4500, 4499, 4561, -1,
          4493, 4500, 4561, -1,
          4493, 4561, 4562, -1,
          4494, 4493, 4562, -1,
          4494, 4562, 4563, -1,
          4494, 4563, 4564, -1,
          4496, 4494, 4564, -1,
          4497, 4496, 4564, -1,
          4497, 4564, 4565, -1,
          4503, 4565, 4378, -1,
          4503, 4497, 4565, -1,
          4380, 4503, 4378, -1,
          4552, 4551, 4553, -1,
          4553, 4551, 4554, -1,
          4555, 4557, 4556, -1,
          4415, 4413, 4549, -1,
          4549, 4413, 4550, -1,
          4550, 4413, 4551, -1,
          4551, 4413, 4554, -1,
          4411, 4409, 4413, -1,
          4409, 4407, 4413, -1,
          4554, 4562, 4555, -1,
          4557, 4562, 4558, -1,
          4558, 4562, 4559, -1,
          4559, 4562, 4560, -1,
          4560, 4562, 4561, -1,
          4555, 4562, 4557, -1,
          4407, 4404, 4413, -1,
          4401, 4398, 4402, -1,
          4402, 4398, 4404, -1,
          4413, 4398, 4554, -1,
          4554, 4398, 4562, -1,
          4404, 4398, 4413, -1,
          4562, 4379, 4563, -1,
          4563, 4379, 4564, -1,
          4564, 4379, 4565, -1,
          4565, 4379, 4378, -1,
          4396, 4395, 4398, -1,
          4398, 4395, 4562, -1,
          4562, 4395, 4379, -1,
          4379, 4385, 4383, -1,
          4392, 4391, 4395, -1,
          4379, 4387, 4385, -1,
          4395, 4387, 4379, -1,
          4391, 4388, 4395, -1,
          4395, 4388, 4387, -1
        ]
      }
    }
}
