#VRML V2.0 utf8
WorldInfo {
  title "Exported triangle mesh to VRML97"
  info ["Created by FreeCAD"
        "<https://www.freecad.org>"]
}

Transform {
  scale 1 1 1
  rotation 0 0 1 0
  scaleOrientation 0 0 1 0
  center 0.000 0.000 0.000
  translation 0.000 0.000 0.000
  children
    Shape { 
      appearance
      Appearance {
        material
        Material {
          diffuseColor 0.8 0.8 0.8
        }
      }
      geometry
      IndexedFaceSet {
        coord
        Coordinate {
          point [
            -4.187 13.196 21.508,
            -4.451 12.585 21.250,
            -4.202 12.585 21.508,
            -4.436 13.218 21.250,
            -4.142 13.805 21.508,
            -4.388 13.849 21.250,
            -4.067 14.412 21.508,
            -4.309 14.478 21.250,
            -3.962 15.014 21.508,
            -4.200 15.101 21.250,
            -3.828 15.610 21.508,
            -4.059 15.719 21.250,
            -3.665 16.199 21.508,
            -3.887 16.328 21.250,
            -3.474 16.779 21.508,
            -3.685 16.929 21.250,
            -3.254 17.349 21.508,
            -3.454 17.518 21.250,
            -3.006 17.908 21.508,
            -3.194 18.095 21.250,
            -2.731 18.454 21.508,
            -2.905 18.659 21.250,
            -2.430 18.986 21.508,
            -2.588 19.207 21.250,
            -2.103 19.502 21.508,
            -2.245 19.739 21.250,
            -1.751 20.001 21.508,
            -1.875 20.253 21.250,
            -1.375 20.483 21.508,
            -1.480 20.748 21.250,
            -0.976 20.946 21.508,
            -1.061 21.223 21.250,
            -0.555 21.388 21.508,
            -0.619 21.676 21.250,
            -0.112 21.810 21.508,
            -0.155 22.107 21.250,
            0.350 22.209 21.508,
            0.330 22.514 21.250,
            0.832 22.585 21.508,
            0.835 22.896 21.250,
            1.332 22.937 21.508,
            1.358 23.253 21.250,
            1.848 23.264 21.508,
            1.899 23.583 21.250,
            2.380 23.565 21.508,
            2.455 23.886 21.250,
            2.926 23.840 21.508,
            3.025 24.161 21.250,
            3.484 24.087 21.508,
            3.609 24.407 21.250,
            4.054 24.307 21.508,
            4.204 24.624 21.250,
            4.635 24.499 21.508,
            4.809 24.810 21.250,
            5.224 24.662 21.508,
            5.423 24.966 21.250,
            5.820 24.796 21.508,
            6.043 25.092 21.250,
            6.422 24.900 21.508,
            6.670 25.186 21.250,
            7.028 24.975 21.508,
            7.300 25.249 21.250,
            7.638 25.020 21.508,
            7.932 25.281 21.250,
            8.249 25.035 21.508,
            8.565 25.281 21.250,
            8.860 25.020 21.508,
            9.198 25.249 21.250,
            9.469 24.975 21.508,
            9.828 25.186 21.250,
            10.076 24.900 21.508,
            10.454 25.092 21.250,
            10.678 24.796 21.508,
            11.075 24.966 21.250,
            11.274 24.662 21.508,
            11.688 24.810 21.250,
            11.863 24.499 21.508,
            12.293 24.624 21.250,
            12.443 24.307 21.508,
            12.889 24.407 21.250,
            13.013 24.087 21.508,
            13.472 24.161 21.250,
            13.572 23.840 21.508,
            14.043 23.886 21.250,
            14.118 23.565 21.508,
            14.599 23.583 21.250,
            14.649 23.264 21.508,
            15.139 23.253 21.250,
            15.166 22.937 21.508,
            15.662 22.896 21.250,
            15.665 22.585 21.508,
            16.167 22.514 21.250,
            16.147 22.209 21.508,
            16.652 22.107 21.250,
            16.610 21.810 21.508,
            17.116 21.676 21.250,
            17.052 21.388 21.508,
            17.558 21.223 21.250,
            17.474 20.946 21.508,
            17.977 20.748 21.250,
            17.873 20.483 21.508,
            18.372 20.253 21.250,
            18.249 20.001 21.508,
            18.742 19.739 21.250,
            18.601 19.502 21.508,
            19.085 19.207 21.250,
            18.928 18.986 21.508,
            19.402 18.659 21.250,
            19.229 18.454 21.508,
            19.691 18.095 21.250,
            19.504 17.908 21.508,
            19.951 17.518 21.250,
            19.751 17.349 21.508,
            20.183 16.929 21.250,
            19.971 16.779 21.508,
            20.384 16.328 21.250,
            20.163 16.199 21.508,
            20.556 15.719 21.250,
            20.326 15.610 21.508,
            20.697 15.101 21.250,
            20.460 15.014 21.508,
            20.807 14.478 21.250,
            20.564 14.412 21.508,
            20.886 13.849 21.250,
            20.639 13.805 21.508,
            20.933 13.218 21.250,
            20.684 13.196 21.508,
            20.949 12.585 21.250,
            20.699 12.585 21.508,
            20.683 13.205 19.497,
            20.949 12.585 19.747,
            20.699 12.585 19.497,
            20.933 13.218 19.747,
            20.637 13.824 19.497,
            20.886 13.849 19.747,
            20.560 14.440 19.497,
            20.807 14.478 19.747,
            20.452 15.052 19.497,
            20.697 15.101 19.747,
            20.314 15.657 19.497,
            20.556 15.719 19.747,
            20.146 16.255 19.497,
            20.384 16.328 19.747,
            19.948 16.843 19.497,
            20.183 16.929 19.747,
            19.721 17.421 19.497,
            19.951 17.518 19.747,
            19.466 17.987 19.497,
            19.691 18.095 19.747,
            19.183 18.539 19.497,
            19.402 18.659 19.747,
            18.872 19.077 19.497,
            19.085 19.207 19.747,
            18.535 19.598 19.497,
            18.742 19.739 19.747,
            18.173 20.102 19.497,
            18.372 20.253 19.747,
            17.786 20.588 19.497,
            17.977 20.748 19.747,
            17.375 21.053 19.497,
            17.558 21.223 19.747,
            16.942 21.497 19.497,
            17.116 21.676 19.747,
            16.487 21.920 19.497,
            16.652 22.107 19.747,
            16.011 22.319 19.497,
            16.167 22.514 19.747,
            15.516 22.693 19.497,
            15.662 22.896 19.747,
            15.003 23.043 19.497,
            15.139 23.253 19.747,
            14.474 23.367 19.497,
            14.599 23.583 19.747,
            13.929 23.664 19.497,
            14.043 23.886 19.747,
            13.369 23.933 19.497,
            13.472 24.161 19.747,
            12.797 24.174 19.497,
            12.889 24.407 19.747,
            12.214 24.387 19.497,
            12.293 24.624 19.747,
            11.621 24.570 19.497,
            11.688 24.810 19.747,
            11.019 24.723 19.497,
            11.075 24.966 19.747,
            10.411 24.846 19.497,
            10.454 25.092 19.747,
            9.797 24.938 19.497,
            9.828 25.186 19.747,
            9.179 25.000 19.497,
            9.198 25.249 19.747,
            8.559 25.031 19.497,
            8.565 25.281 19.747,
            7.938 25.031 19.497,
            7.932 25.281 19.747,
            7.318 25.000 19.497,
            7.300 25.249 19.747,
            6.670 25.186 19.747,
            6.701 24.938 19.497,
            6.087 24.846 19.497,
            6.043 25.092 19.747,
            5.423 24.966 19.747,
            5.478 24.723 19.497,
            4.809 24.810 19.747,
            4.877 24.570 19.497,
            4.284 24.387 19.497,
            4.204 24.624 19.747,
            3.700 24.174 19.497,
            3.609 24.407 19.747,
            3.128 23.933 19.497,
            3.025 24.161 19.747,
            2.455 23.886 19.747,
            2.569 23.664 19.497,
            1.899 23.583 19.747,
            2.024 23.367 19.497,
            1.358 23.253 19.747,
            1.494 23.043 19.497,
            0.981 22.693 19.497,
            0.835 22.896 19.747,
            0.486 22.319 19.497,
            0.330 22.514 19.747,
            0.011 21.920 19.497,
            -0.155 22.107 19.747,
            -0.619 21.676 19.747,
            -0.444 21.497 19.497,
            -1.061 21.223 19.747,
            -0.878 21.053 19.497,
            -1.289 20.588 19.497,
            -1.480 20.748 19.747,
            -1.875 20.253 19.747,
            -1.676 20.102 19.497,
            -2.245 19.739 19.747,
            -2.038 19.598 19.497,
            -2.588 19.207 19.747,
            -2.375 19.077 19.497,
            -2.905 18.659 19.747,
            -2.685 18.539 19.497,
            -3.194 18.095 19.747,
            -2.968 17.987 19.497,
            -3.454 17.518 19.747,
            -3.224 17.421 19.497,
            -3.685 16.929 19.747,
            -3.450 16.843 19.497,
            -3.648 16.255 19.497,
            -3.887 16.328 19.747,
            -4.059 15.719 19.747,
            -3.816 15.657 19.497,
            -4.200 15.101 19.747,
            -3.954 15.052 19.497,
            -4.309 14.478 19.747,
            -4.062 14.440 19.497,
            -4.388 13.849 19.747,
            -4.139 13.824 19.497,
            -4.436 13.218 19.747,
            -4.186 13.205 19.497,
            -4.201 12.585 19.497,
            -4.451 12.585 19.747,
            8.249 4.284 21.619,
            5.224 0.508 21.508,
            5.820 0.374 21.508,
            6.422 0.269 21.508,
            7.028 0.195 21.508,
            7.638 0.150 21.508,
            8.249 0.135 21.508,
            4.635 0.671 21.508,
            4.054 0.862 21.508,
            8.249 20.886 21.619,
            2.023 4.285 21.569,
            -2.430 6.184 21.508,
            -2.103 5.668 21.508,
            -1.751 5.168 21.508,
            -1.375 4.687 21.508,
            -0.976 4.224 21.508,
            -0.555 3.781 21.508,
            -0.112 3.360 21.508,
            0.350 2.961 21.508,
            0.832 2.585 21.508,
            1.332 2.233 21.508,
            1.848 1.906 21.508,
            2.380 1.605 21.508,
            2.926 1.330 21.508,
            3.484 1.082 21.508,
            8.249 8.434 21.685,
            2.023 12.585 21.658,
            -4.187 11.974 21.508,
            -4.142 11.365 21.508,
            -4.067 10.758 21.508,
            -3.962 10.156 21.508,
            -3.828 9.560 21.508,
            -3.665 8.971 21.508,
            -3.474 8.391 21.508,
            -3.254 7.820 21.508,
            -3.006 7.262 21.508,
            -2.731 6.716 21.508,
            8.249 12.585 21.707,
            8.249 16.736 21.685,
            2.023 20.885 21.569,
            12.566 24.529 19.985,
            12.408 24.584 19.985,
            12.250 24.638 19.985,
            12.090 24.690 19.985,
            12.081 24.693 19.985,
            12.046 24.704 19.985,
            12.090 24.690 20.078,
            12.011 24.715 19.985,
            11.976 24.725 19.985,
            12.566 24.529 20.795,
            12.469 24.563 20.795,
            12.469 24.563 20.078,
            12.343 24.607 20.078,
            12.217 24.649 20.078,
            11.785 24.783 20.211,
            11.900 24.749 20.211,
            11.670 24.815 20.211,
            11.477 24.868 19.985,
            11.442 24.877 19.985,
            11.407 24.886 19.985,
            11.371 24.895 19.985,
            11.554 24.847 20.211,
            12.534 24.540 20.795,
            12.501 24.552 20.795,
            11.797 24.779 20.795,
            11.196 24.938 20.211,
            11.322 24.907 20.211,
            10.943 24.996 19.985,
            10.909 25.003 19.985,
            11.069 24.968 20.211,
            10.876 25.010 19.985,
            10.842 25.017 19.985,
            10.943 24.996 20.211,
            11.751 24.793 20.795,
            11.704 24.806 20.795,
            11.658 24.819 20.795,
            10.802 25.025 20.211,
            10.842 25.017 20.211,
            10.762 25.034 20.211,
            10.722 25.042 20.211,
            10.513 25.081 20.041,
            10.521 25.080 20.050,
            10.505 25.083 20.032,
            10.529 25.078 20.061,
            10.496 25.084 20.023,
            10.536 25.077 20.072,
            10.487 25.086 20.016,
            10.546 25.075 20.088,
            10.478 25.088 20.008,
            10.551 25.074 20.098,
            10.468 25.089 20.002,
            10.555 25.074 20.107,
            10.458 25.091 19.996,
            10.562 25.072 20.122,
            10.447 25.093 19.990,
            10.567 25.071 20.136,
            10.436 25.095 19.985,
            10.573 25.070 20.156,
            10.424 25.097 19.981,
            10.411 25.099 19.977,
            10.580 25.069 20.179,
            10.398 25.102 19.973,
            10.586 25.068 20.206,
            10.384 25.104 19.970,
            10.370 25.106 19.968,
            10.591 25.067 20.235,
            10.351 25.110 19.966,
            10.595 25.066 20.267,
            10.722 25.042 20.303,
            10.324 25.114 19.965,
            10.599 25.066 20.312,
            10.308 25.117 19.966,
            10.293 25.119 19.967,
            10.600 25.065 20.349,
            10.275 25.122 19.969,
            10.938 24.997 20.795,
            11.322 24.907 20.336,
            10.255 25.125 19.972,
            10.601 25.065 20.390,
            10.242 25.127 19.975,
            10.226 25.130 19.980,
            10.599 25.066 20.468,
            10.762 25.034 20.303,
            10.842 25.017 20.795,
            10.842 25.017 20.303,
            10.802 25.025 20.303,
            10.595 25.066 20.511,
            10.591 25.067 20.542,
            10.586 25.068 20.573,
            10.580 25.069 20.601,
            10.573 25.070 20.624,
            10.165 25.139 20.012,
            10.177 25.138 20.004,
            10.187 25.136 19.997,
            10.198 25.134 19.992,
            10.207 25.133 19.987,
            10.906 25.004 20.795,
            10.874 25.010 20.795,
            10.567 25.072 20.643,
            10.560 25.073 20.661,
            10.556 25.074 20.671,
            10.550 25.075 20.683,
            10.544 25.076 20.694,
            10.538 25.077 20.704,
            10.532 25.078 20.713,
            10.526 25.079 20.722,
            9.893 25.178 19.985,
            10.094 25.150 20.102,
            10.100 25.149 20.090,
            10.106 25.148 20.080,
            10.112 25.147 20.070,
            10.118 25.147 20.061,
            10.130 25.145 20.045,
            10.142 25.143 20.032,
            10.154 25.141 20.021,
            10.514 25.081 20.737,
            10.502 25.083 20.750,
            10.491 25.085 20.761,
            9.893 25.178 20.098,
            10.052 25.156 20.265,
            10.055 25.156 20.242,
            10.060 25.155 20.210,
            10.066 25.154 20.183,
            10.073 25.153 20.160,
            10.079 25.152 20.140,
            10.086 25.151 20.122,
            10.090 25.151 20.112,
            9.710 25.200 19.985,
            9.780 25.192 20.195,
            10.046 25.157 20.391,
            10.048 25.157 20.313,
            9.527 25.220 19.985,
            9.676 25.204 20.167,
            9.780 25.192 20.078,
            9.634 25.209 20.078,
            9.728 25.198 20.241,
            9.624 25.210 20.212,
            9.489 25.224 20.078,
            10.479 25.087 20.770,
            10.468 25.089 20.778,
            10.458 25.091 20.784,
            10.448 25.093 20.789,
            10.439 25.095 20.793,
            10.421 25.098 20.800,
            10.404 25.101 20.805,
            10.392 25.103 20.808,
            10.372 25.106 20.812,
            10.354 25.109 20.814,
            10.339 25.112 20.815,
            10.324 25.114 20.815,
            10.297 25.119 20.814,
            10.277 25.122 20.812,
            10.263 25.124 20.810,
            10.250 25.126 20.807,
            10.237 25.128 20.804,
            10.225 25.130 20.800,
            9.343 25.238 19.985,
            9.873 25.181 20.651,
            10.068 25.154 20.601,
            10.062 25.155 20.574,
            10.056 25.156 20.545,
            10.052 25.156 20.517,
            10.049 25.157 20.477,
            10.047 25.157 20.436,
            10.086 25.151 20.658,
            10.081 25.152 20.643,
            10.074 25.153 20.624,
            9.871 25.181 20.651,
            9.869 25.181 20.651,
            9.867 25.181 20.651,
            9.670 25.205 20.295,
            9.541 25.219 20.289,
            9.849 25.184 20.663,
            9.832 25.186 20.672,
            9.515 25.222 20.315,
            9.814 25.188 20.682,
            9.601 25.213 20.365,
            9.873 25.181 20.765,
            10.161 25.140 20.764,
            10.152 25.141 20.757,
            10.143 25.143 20.748,
            10.135 25.144 20.739,
            10.127 25.145 20.730,
            10.119 25.146 20.719,
            10.111 25.148 20.708,
            10.102 25.149 20.692,
            10.097 25.150 20.682,
            10.092 25.150 20.672,
            9.796 25.190 20.690,
            9.492 25.224 20.339,
            9.343 25.238 20.078,
            9.777 25.193 20.697,
            9.474 25.226 20.359,
            9.759 25.195 20.704,
            9.129 25.254 19.977,
            9.741 25.197 20.709,
            9.459 25.227 20.376,
            9.112 25.255 19.973,
            9.723 25.199 20.713,
            9.574 25.216 20.395,
            9.095 25.257 19.969,
            9.076 25.258 19.967,
            9.440 25.229 20.400,
            9.704 25.201 20.717,
            9.060 25.259 19.966,
            9.684 25.204 20.720,
            9.556 25.217 20.416,
            9.129 25.254 20.078,
            9.032 25.261 19.965,
            9.665 25.206 20.722,
            9.542 25.219 20.435,
            9.646 25.208 20.723,
            9.530 25.220 20.451,
            9.005 25.262 19.966,
            9.633 25.209 20.723,
            9.622 25.210 20.722,
            9.519 25.221 20.468,
            8.980 25.264 19.968,
            9.611 25.212 20.721,
            9.514 25.222 20.476,
            9.510 25.222 20.485,
            9.601 25.213 20.719,
            9.503 25.223 20.499,
            9.498 25.223 20.514,
            8.957 25.265 19.970,
            9.582 25.215 20.715,
            9.494 25.224 20.526,
            9.490 25.224 20.545,
            9.570 25.216 20.711,
            9.488 25.224 20.555,
            9.487 25.224 20.565,
            9.555 25.218 20.705,
            9.487 25.224 20.576,
            8.937 25.266 19.974,
            9.539 25.219 20.695,
            9.486 25.224 20.587,
            9.487 25.224 20.605,
            9.531 25.220 20.689,
            9.490 25.224 20.621,
            9.523 25.221 20.682,
            9.507 25.222 20.664,
            9.494 25.224 20.638,
            9.500 25.223 20.652,
            9.515 25.222 20.674,
            9.164 25.252 20.368,
            9.155 25.253 20.357,
            9.144 25.253 20.346,
            9.172 25.251 20.381,
            9.130 25.254 20.333,
            9.179 25.251 20.392,
            9.421 25.231 20.428,
            9.185 25.250 20.403,
            9.115 25.255 20.321,
            9.189 25.250 20.412,
            9.411 25.232 20.445,
            9.104 25.256 20.314,
            9.095 25.257 20.308,
            9.196 25.249 20.430,
            9.403 25.232 20.461,
            9.078 25.258 20.298,
            9.127 25.254 20.078,
            9.125 25.255 20.078,
            9.124 25.255 20.078,
            9.201 25.249 20.446,
            9.395 25.233 20.477,
            9.068 25.258 20.294,
            9.204 25.249 20.461,
            9.392 25.233 20.487,
            9.058 25.259 20.290,
            9.112 25.255 20.073,
            9.098 25.256 20.069,
            9.206 25.249 20.472,
            9.388 25.234 20.498,
            9.046 25.260 20.285,
            9.085 25.257 20.065,
            9.074 25.258 20.063,
            9.208 25.249 20.482,
            9.384 25.234 20.512,
            9.031 25.261 20.281,
            9.057 25.259 20.060,
            9.038 25.260 20.058,
            9.209 25.249 20.493,
            9.210 25.248 20.504,
            9.380 25.234 20.530,
            9.015 25.262 20.278,
            9.017 25.262 20.057,
            8.805 25.273 20.029,
            8.822 25.272 20.018,
            8.838 25.271 20.009,
            8.855 25.270 20.001,
            8.872 25.270 19.993,
            8.883 25.269 19.989,
            8.901 25.268 19.983,
            8.918 25.267 19.978,
            9.691 25.203 20.813,
            9.667 25.205 20.814,
            9.643 25.208 20.815,
            9.613 25.211 20.814,
            9.591 25.214 20.812,
            9.572 25.216 20.810,
            9.560 25.217 20.808,
            10.213 25.132 20.795,
            10.201 25.134 20.790,
            10.190 25.136 20.784,
            10.180 25.137 20.778,
            10.170 25.139 20.772,
            9.853 25.183 20.773,
            9.832 25.186 20.781,
            9.810 25.189 20.789,
            9.786 25.192 20.795,
            9.761 25.195 20.801,
            9.738 25.197 20.806,
            9.715 25.200 20.810,
            9.211 25.248 20.531,
            9.377 25.235 20.549,
            8.995 25.263 20.275,
            8.990 25.263 20.058,
            8.789 25.273 20.041,
            9.210 25.248 20.553,
            9.375 25.235 20.568,
            8.972 25.264 20.273,
            8.975 25.264 20.060,
            8.962 25.265 20.061,
            8.947 25.266 20.064,
            8.775 25.274 20.053,
            9.208 25.249 20.572,
            9.374 25.235 20.591,
            8.945 25.266 20.272,
            8.934 25.266 20.068,
            8.922 25.267 20.071,
            8.909 25.268 20.076,
            8.766 25.274 20.061,
            9.206 25.249 20.586,
            9.375 25.235 20.613,
            9.374 25.235 20.602,
            8.926 25.267 20.273,
            8.898 25.268 20.081,
            8.887 25.269 20.086,
            8.877 25.269 20.092,
            8.755 25.275 20.073,
            9.203 25.249 20.605,
            9.377 25.235 20.632,
            8.909 25.268 20.274,
            8.867 25.270 20.099,
            8.858 25.270 20.105,
            8.850 25.271 20.112,
            9.199 25.249 20.619,
            9.195 25.250 20.633,
            9.380 25.234 20.649,
            8.890 25.269 20.277,
            8.842 25.271 20.119,
            8.829 25.272 20.132,
            8.817 25.272 20.146,
            8.735 25.276 20.096,
            9.190 25.250 20.646,
            9.384 25.234 20.661,
            8.871 25.270 20.280,
            8.808 25.273 20.159,
            8.800 25.273 20.171,
            9.185 25.250 20.658,
            9.388 25.234 20.674,
            9.179 25.251 20.669,
            9.394 25.233 20.689,
            8.716 25.276 20.121,
            8.852 25.271 20.284,
            8.791 25.273 20.188,
            8.785 25.274 20.199,
            9.173 25.251 20.680,
            8.710 25.276 20.131,
            8.837 25.271 20.289,
            8.778 25.274 20.216,
            8.704 25.277 20.141,
            9.167 25.252 20.691,
            9.404 25.232 20.707,
            8.772 25.274 20.233,
            9.161 25.252 20.700,
            9.410 25.232 20.716,
            8.818 25.272 20.296,
            8.695 25.277 20.158,
            9.154 25.253 20.709,
            9.417 25.231 20.725,
            8.766 25.274 20.253,
            8.801 25.273 20.304,
            9.147 25.253 20.717,
            8.762 25.274 20.272,
            9.140 25.254 20.725,
            9.425 25.230 20.735,
            8.780 25.274 20.314,
            8.758 25.275 20.294,
            9.127 25.254 20.738,
            9.435 25.229 20.746,
            8.755 25.275 20.312,
            8.753 25.275 20.330,
            8.484 25.283 20.293,
            8.663 25.278 20.240,
            8.671 25.278 20.216,
            8.679 25.278 20.193,
            8.687 25.277 20.175,
            8.642 25.279 20.355,
            8.645 25.279 20.327,
            8.649 25.279 20.298,
            8.656 25.278 20.268,
            8.484 25.283 20.385,
            8.648 25.279 20.568,
            8.644 25.279 20.542,
            8.641 25.279 20.512,
            8.639 25.279 20.476,
            8.638 25.279 20.439,
            8.640 25.279 20.381,
            8.653 25.278 20.589,
            9.549 25.218 20.805,
            9.537 25.219 20.802,
            9.525 25.221 20.798,
            9.514 25.222 20.794,
            9.504 25.223 20.790,
            9.494 25.224 20.786,
            9.477 25.225 20.777,
            9.462 25.227 20.767,
            9.447 25.228 20.756,
            9.114 25.255 20.750,
            9.101 25.256 20.761,
            9.088 25.257 20.769,
            9.076 25.258 20.777,
            9.065 25.259 20.783,
            9.055 25.259 20.788,
            9.045 25.260 20.793,
            9.027 25.261 20.800,
            9.012 25.262 20.805,
            8.993 25.263 20.809,
            8.974 25.264 20.812,
            8.954 25.265 20.814,
            8.930 25.267 20.815,
            8.904 25.268 20.814,
            8.372 25.284 20.293,
            8.054 25.283 19.985,
            8.372 25.284 20.385,
            8.670 25.278 20.643,
            8.664 25.278 20.627,
            8.658 25.278 20.608,
            8.018 25.283 19.985,
            8.259 25.285 20.293,
            7.981 25.282 19.985,
            7.945 25.281 19.985,
            8.259 25.285 20.385,
            8.146 25.284 20.293,
            7.745 25.275 20.211,
            7.865 25.279 20.211,
            8.885 25.269 20.812,
            8.867 25.270 20.809,
            8.855 25.270 20.807,
            8.844 25.271 20.804,
            8.826 25.272 20.798,
            8.809 25.272 20.792,
            8.796 25.273 20.786,
            8.785 25.274 20.780,
            8.777 25.274 20.775,
            8.762 25.274 20.765,
            8.748 25.275 20.754,
            8.734 25.276 20.742,
            8.717 25.276 20.723,
            8.709 25.277 20.712,
            8.703 25.277 20.704,
            8.697 25.277 20.695,
            8.692 25.277 20.687,
            8.687 25.277 20.678,
            8.678 25.278 20.661,
            7.426 25.258 19.985,
            7.626 25.270 20.211,
            7.390 25.256 19.985,
            7.354 25.253 19.985,
            7.317 25.251 19.985,
            7.506 25.263 20.211,
            7.195 25.241 19.985,
            7.100 25.233 19.985,
            7.006 25.224 19.985,
            6.912 25.214 19.985,
            6.872 25.210 19.987,
            8.146 25.284 20.385,
            7.758 25.275 20.795,
            7.710 25.273 20.795,
            7.661 25.271 20.795,
            7.613 25.269 20.795,
            6.854 25.208 19.988,
            6.837 25.206 19.989,
            6.816 25.204 19.992,
            6.798 25.202 19.995,
            6.779 25.199 20.000,
            6.766 25.198 20.003,
            6.749 25.196 20.010,
            6.735 25.194 20.015,
            6.721 25.193 20.022,
            6.708 25.191 20.030,
            6.696 25.190 20.038,
            6.677 25.187 20.051,
            6.669 25.186 20.058,
            6.661 25.185 20.065,
            6.648 25.184 20.080,
            6.636 25.182 20.094,
            6.630 25.181 20.103,
            6.753 25.197 20.439,
            6.771 25.199 20.448,
            6.771 25.199 20.443,
            6.756 25.197 20.456,
            6.743 25.195 20.465,
            6.736 25.194 20.433,
            6.732 25.194 20.473,
            6.725 25.193 20.430,
            6.717 25.192 20.486,
            6.708 25.191 20.422,
            6.707 25.191 20.497,
            6.691 25.189 20.413,
            6.697 25.190 20.509,
            6.676 25.187 20.403,
            7.195 25.241 20.795,
            7.116 25.234 20.795,
            7.038 25.227 20.795,
            6.960 25.219 20.795,
            6.686 25.188 20.525,
            6.663 25.185 20.393,
            6.682 25.188 20.534,
            6.652 25.184 20.383,
            6.677 25.187 20.545,
            6.643 25.183 20.373,
            6.673 25.187 20.557,
            6.635 25.182 20.363,
            6.669 25.186 20.570,
            6.628 25.181 20.354,
            6.622 25.180 20.345,
            6.667 25.186 20.583,
            6.037 25.091 19.929,
            6.596 25.177 20.196,
            6.598 25.177 20.184,
            6.601 25.177 20.171,
            6.604 25.178 20.159,
            6.607 25.178 20.149,
            6.615 25.179 20.130,
            6.622 25.180 20.115,
            6.020 25.088 19.929,
            6.003 25.085 19.929,
            5.986 25.082 19.929,
            6.143 25.109 20.474,
            6.673 25.187 20.670,
            6.669 25.186 20.653,
            6.666 25.186 20.634,
            6.666 25.186 20.623,
            6.665 25.186 20.612,
            6.666 25.186 20.597,
            6.613 25.179 20.327,
            6.607 25.178 20.312,
            6.603 25.178 20.301,
            6.601 25.177 20.291,
            6.597 25.177 20.273,
            6.595 25.177 20.254,
            6.594 25.177 20.244,
            6.594 25.177 20.233,
            6.595 25.177 20.209,
            6.139 25.108 20.474,
            6.135 25.108 20.474,
            6.130 25.107 20.474,
            6.881 25.211 20.793,
            6.851 25.208 20.791,
            6.832 25.206 20.788,
            6.814 25.204 20.785,
            6.803 25.202 20.782,
            6.786 25.200 20.777,
            6.768 25.198 20.770,
            6.758 25.197 20.766,
            6.748 25.196 20.761,
            6.736 25.194 20.754,
            6.726 25.193 20.747,
            6.717 25.192 20.740,
            6.709 25.191 20.732,
            6.701 25.190 20.724,
            6.689 25.189 20.708,
            5.884 25.063 20.469,
            5.888 25.064 20.469,
            5.879 25.062 20.469,
            5.875 25.061 20.469,
            5.506 24.985 20.120,
            5.518 24.988 20.135,
            5.494 24.982 20.106,
            5.487 24.981 20.099,
            5.529 24.990 20.151,
            5.480 24.979 20.092,
            5.539 24.992 20.167,
            5.466 24.976 20.079,
            5.549 24.995 20.183,
            5.456 24.974 20.071,
            5.556 24.996 20.198,
            5.441 24.971 20.060,
            5.563 24.998 20.215,
            5.426 24.967 20.050,
            5.569 24.999 20.232,
            5.409 24.963 20.040,
            5.576 25.000 20.251,
            5.393 24.960 20.032,
            5.581 25.002 20.272,
            5.375 24.955 20.024,
            5.586 25.003 20.294,
            5.358 24.951 20.018,
            5.340 24.947 20.012,
            5.590 25.004 20.316,
            5.592 25.004 20.331,
            5.321 24.943 20.007,
            6.003 25.085 20.841,
            6.681 25.188 20.694,
            6.676 25.187 20.681,
            5.593 25.004 20.348,
            5.304 24.939 20.003,
            5.287 24.935 20.000,
            5.594 25.004 20.373,
            5.269 24.930 19.998,
            5.594 25.004 20.397,
            5.593 25.004 20.417,
            5.246 24.925 19.997,
            5.591 25.004 20.430,
            5.589 25.003 20.442,
            5.222 24.919 19.997,
            5.206 24.915 19.997,
            5.586 25.003 20.462,
            5.193 24.912 19.998,
            5.581 25.002 20.481,
            5.173 24.907 20.000,
            5.576 25.000 20.499,
            5.153 24.902 20.003,
            5.570 24.999 20.516,
            5.563 24.998 20.534,
            5.555 24.996 20.551,
            5.547 24.994 20.568,
            5.537 24.992 20.585,
            5.526 24.990 20.601,
            5.134 24.897 20.008,
            5.115 24.892 20.013,
            5.096 24.887 20.019,
            5.077 24.882 20.026,
            5.058 24.878 20.034,
            5.514 24.987 20.617,
            5.040 24.873 20.043,
            5.502 24.984 20.632,
            5.018 24.867 20.054,
            5.489 24.981 20.646,
            4.997 24.861 20.067,
            5.480 24.979 20.656,
            5.469 24.977 20.666,
            4.977 24.856 20.080,
            4.957 24.851 20.094,
            4.937 24.845 20.110,
            4.919 24.841 20.124,
            4.901 24.836 20.140,
            4.873 24.828 20.166,
            4.724 24.786 20.226,
            4.768 24.799 20.271,
            4.806 24.809 20.232,
            4.842 24.819 20.196,
            4.667 24.769 20.169,
            4.643 24.762 20.146,
            4.622 24.756 20.127,
            4.587 24.746 20.099,
            4.568 24.740 20.084,
            4.550 24.734 20.071,
            4.532 24.729 20.059,
            4.514 24.723 20.049,
            4.496 24.718 20.039,
            4.478 24.712 20.030,
            4.460 24.707 20.022,
            4.440 24.700 20.015,
            4.421 24.694 20.009,
            5.247 24.925 20.764,
            5.234 24.922 20.765,
            5.268 24.930 20.762,
            5.289 24.935 20.758,
            5.307 24.940 20.754,
            5.326 24.944 20.748,
            5.343 24.948 20.743,
            5.360 24.952 20.736,
            5.377 24.956 20.728,
            5.394 24.960 20.720,
            5.409 24.963 20.711,
            5.425 24.967 20.701,
            5.440 24.970 20.690,
            5.455 24.974 20.678,
            5.175 24.907 20.764,
            5.158 24.903 20.762,
            5.196 24.913 20.765,
            5.219 24.918 20.765,
            4.403 24.689 20.004,
            4.384 24.683 20.000,
            4.374 24.679 19.999,
            4.362 24.675 19.998,
            4.346 24.670 19.997,
            4.329 24.665 19.997,
            4.305 24.657 19.998,
            4.730 24.788 20.530,
            4.811 24.811 20.535,
            4.768 24.799 20.491,
            4.287 24.651 19.999,
            4.272 24.646 20.000,
            4.251 24.639 20.005,
            4.694 24.777 20.566,
            4.864 24.825 20.588,
            4.230 24.632 20.010,
            4.213 24.626 20.015,
            4.662 24.768 20.597,
            4.892 24.833 20.615,
            4.195 24.621 20.021,
            4.178 24.615 20.028,
            4.634 24.760 20.623,
            4.917 24.840 20.637,
            4.162 24.609 20.036,
            4.145 24.604 20.045,
            4.618 24.755 20.637,
            4.130 24.598 20.055,
            4.115 24.593 20.065,
            4.100 24.588 20.076,
            4.086 24.583 20.088,
            4.045 24.569 20.131,
            4.058 24.574 20.116,
            4.034 24.565 20.146,
            4.022 24.561 20.162,
            4.012 24.557 20.179,
            4.003 24.554 20.195,
            3.995 24.551 20.211,
            4.072 24.578 20.102,
            3.987 24.548 20.229,
            4.949 24.849 20.663,
            4.968 24.854 20.677,
            4.986 24.859 20.690,
            5.003 24.863 20.701,
            5.022 24.868 20.713,
            5.041 24.873 20.723,
            5.060 24.878 20.732,
            5.078 24.883 20.740,
            5.096 24.887 20.746,
            5.114 24.892 20.752,
            5.134 24.897 20.757,
            5.146 24.900 20.760,
            4.455 24.705 20.739,
            4.434 24.698 20.746,
            4.473 24.711 20.731,
            4.495 24.717 20.721,
            4.514 24.723 20.711,
            4.531 24.729 20.701,
            4.548 24.734 20.690,
            4.566 24.739 20.678,
            4.583 24.744 20.665,
            4.601 24.750 20.651,
            3.980 24.546 20.247,
            3.974 24.544 20.265,
            3.969 24.542 20.285,
            3.964 24.540 20.305,
            3.961 24.539 20.326,
            3.959 24.538 20.346,
            3.958 24.538 20.371,
            3.958 24.538 20.396,
            3.958 24.538 20.413,
            3.959 24.539 20.428,
            4.372 24.679 20.761,
            4.350 24.672 20.764,
            4.393 24.685 20.757,
            4.414 24.692 20.752,
            4.285 24.650 20.765,
            4.266 24.644 20.763,
            4.307 24.658 20.765,
            4.329 24.665 20.765,
            4.341 24.669 20.765,
            4.100 24.588 20.698,
            4.087 24.583 20.686,
            4.115 24.593 20.708,
            4.130 24.598 20.718,
            4.147 24.604 20.727,
            4.163 24.610 20.735,
            4.179 24.615 20.742,
            4.196 24.621 20.748,
            4.214 24.627 20.753,
            4.233 24.633 20.758,
            4.249 24.639 20.761,
            4.072 24.579 20.674,
            4.060 24.574 20.661,
            4.004 24.555 20.583,
            3.996 24.552 20.566,
            4.013 24.558 20.599,
            4.024 24.561 20.615,
            4.035 24.565 20.631,
            4.047 24.570 20.646,
            4.053 24.572 20.654,
            3.962 24.540 20.450,
            3.966 24.541 20.472,
            3.970 24.542 20.491,
            3.975 24.544 20.510,
            3.981 24.546 20.529,
            3.987 24.549 20.546,
            3.992 24.550 20.556,
            5.986 25.082 20.543,
            6.037 25.091 20.543,
            5.231 24.921 20.152,
            5.269 24.930 20.157,
            5.250 24.926 20.154,
            5.221 24.919 20.152,
            5.279 24.933 20.159,
            5.193 24.912 20.153,
            5.211 24.916 20.152,
            5.181 24.909 20.155,
            5.292 24.936 20.163,
            5.166 24.905 20.158,
            5.153 24.902 20.161,
            5.306 24.939 20.169,
            5.142 24.899 20.164,
            5.124 24.895 20.170,
            5.319 24.942 20.175,
            5.107 24.890 20.178,
            5.347 24.949 20.192,
            5.335 24.946 20.184,
            5.088 24.885 20.187,
            5.358 24.952 20.201,
            5.071 24.881 20.197,
            5.371 24.955 20.214,
            5.054 24.876 20.207,
            5.384 24.958 20.228,
            5.036 24.872 20.220,
            5.396 24.960 20.244,
            5.018 24.867 20.233,
            5.405 24.963 20.259,
            5.000 24.862 20.248,
            5.411 24.964 20.269,
            4.985 24.858 20.261,
            5.422 24.966 20.296,
            5.416 24.965 20.281,
            4.969 24.854 20.275,
            5.427 24.968 20.315,
            4.938 24.846 20.305,
            5.434 24.969 20.357,
            5.432 24.969 20.338,
            5.430 24.968 20.326,
            4.889 24.832 20.356,
            5.435 24.969 20.396,
            5.435 24.969 20.377,
            4.867 24.826 20.381,
            5.433 24.969 20.415,
            4.974 24.855 20.490,
            5.407 24.963 20.492,
            5.412 24.964 20.482,
            5.417 24.965 20.472,
            5.424 24.967 20.454,
            5.428 24.968 20.439,
            5.431 24.968 20.426,
            5.003 24.863 20.517,
            5.393 24.960 20.515,
            5.401 24.961 20.504,
            5.237 24.923 20.609,
            5.249 24.925 20.607,
            5.265 24.929 20.604,
            5.019 24.867 20.530,
            5.384 24.958 20.527,
            5.217 24.918 20.610,
            5.284 24.934 20.598,
            5.039 24.873 20.546,
            5.373 24.955 20.540,
            5.059 24.878 20.559,
            5.361 24.952 20.552,
            5.075 24.882 20.570,
            5.339 24.947 20.570,
            5.347 24.949 20.565,
            5.175 24.907 20.607,
            5.189 24.911 20.610,
            5.092 24.886 20.579,
            5.320 24.943 20.582,
            5.330 24.945 20.576,
            5.157 24.903 20.604,
            5.109 24.891 20.587,
            5.310 24.940 20.587,
            5.138 24.898 20.599,
            5.300 24.938 20.592,
            5.120 24.893 20.592,
            4.323 24.663 20.155,
            4.345 24.670 20.156,
            4.333 24.666 20.155,
            4.305 24.657 20.157,
            4.360 24.675 20.158,
            4.288 24.652 20.159,
            4.378 24.681 20.161,
            4.271 24.646 20.163,
            4.388 24.684 20.164,
            4.257 24.641 20.168,
            4.398 24.687 20.167,
            4.244 24.637 20.173,
            4.420 24.694 20.175,
            4.410 24.691 20.171,
            4.232 24.633 20.179,
            4.432 24.698 20.180,
            4.222 24.630 20.185,
            4.448 24.703 20.189,
            4.207 24.625 20.195,
            4.464 24.708 20.198,
            4.192 24.620 20.207,
            4.185 24.617 20.214,
            4.481 24.713 20.209,
            4.178 24.615 20.222,
            4.499 24.719 20.222,
            4.166 24.611 20.235,
            4.519 24.725 20.238,
            4.156 24.607 20.248,
            4.625 24.757 20.425,
            4.666 24.769 20.382,
            4.628 24.758 20.343,
            4.148 24.605 20.260,
            4.545 24.733 20.261,
            4.141 24.602 20.271,
            4.137 24.601 20.281,
            4.130 24.598 20.297,
            4.573 24.741 20.288,
            4.124 24.596 20.315,
            4.119 24.595 20.334,
            4.117 24.594 20.349,
            4.115 24.593 20.361,
            4.115 24.593 20.378,
            4.115 24.593 20.395,
            4.116 24.594 20.411,
            4.589 24.746 20.461,
            4.119 24.595 20.430,
            4.121 24.595 20.442,
            4.124 24.596 20.454,
            4.558 24.737 20.491,
            4.128 24.598 20.465,
            4.131 24.599 20.474,
            4.138 24.601 20.491,
            4.531 24.729 20.514,
            4.145 24.604 20.504,
            4.513 24.723 20.529,
            4.152 24.606 20.515,
            4.157 24.608 20.524,
            4.495 24.717 20.543,
            4.168 24.611 20.537,
            4.474 24.711 20.556,
            4.180 24.615 20.550,
            4.456 24.705 20.567,
            4.193 24.620 20.562,
            4.441 24.701 20.576,
            4.205 24.624 20.571,
            4.432 24.698 20.580,
            4.283 24.650 20.603,
            4.300 24.655 20.606,
            4.310 24.659 20.607,
            4.320 24.662 20.607,
            4.330 24.665 20.607,
            4.340 24.668 20.606,
            4.353 24.673 20.604,
            4.218 24.628 20.579,
            4.412 24.691 20.589,
            4.423 24.695 20.584,
            4.230 24.632 20.586,
            4.400 24.688 20.593,
            4.266 24.644 20.600,
            4.367 24.677 20.602,
            4.382 24.682 20.598,
            4.241 24.636 20.591,
            4.250 24.639 20.594,
            -4.436 11.952 21.250,
            -4.436 11.952 19.747,
            -4.388 11.320 21.250,
            -4.388 11.320 19.747,
            -4.309 10.692 21.250,
            -4.309 10.692 19.747,
            -4.200 10.068 21.250,
            -4.200 10.068 19.747,
            -4.059 9.451 21.250,
            -4.059 9.451 19.747,
            -3.887 8.841 21.250,
            -3.887 8.841 19.747,
            -3.685 8.241 21.250,
            -3.685 8.241 19.747,
            -3.454 7.652 21.250,
            -3.454 7.652 19.747,
            -3.194 7.075 21.250,
            -3.194 7.075 19.747,
            -2.905 6.511 21.250,
            -2.905 6.511 19.747,
            -2.588 5.963 21.250,
            -2.588 5.963 19.747,
            -2.245 5.431 21.250,
            -2.245 5.431 19.747,
            -1.875 4.917 21.250,
            -1.875 4.917 19.747,
            -1.480 4.421 21.250,
            -1.480 4.421 19.747,
            -1.061 3.947 21.250,
            -1.061 3.947 19.747,
            -0.619 3.493 21.250,
            -0.619 3.493 19.747,
            -0.155 3.063 21.250,
            -0.155 3.063 19.747,
            0.330 2.656 21.250,
            0.330 2.656 19.747,
            0.835 2.273 21.250,
            0.835 2.273 19.747,
            1.358 1.917 21.250,
            1.358 1.917 19.747,
            1.899 1.586 21.250,
            1.899 1.586 19.747,
            2.455 1.283 21.250,
            2.455 1.283 19.747,
            3.025 1.009 21.250,
            3.025 1.009 19.747,
            3.609 0.763 21.250,
            3.609 0.763 19.747,
            4.204 0.546 21.250,
            4.204 0.546 19.747,
            4.809 0.360 21.250,
            4.809 0.360 19.747,
            5.423 0.203 21.250,
            5.423 0.203 19.747,
            6.043 0.078 21.250,
            6.043 0.078 19.747,
            6.670 -0.017 21.250,
            6.670 -0.017 19.747,
            7.300 -0.080 21.250,
            7.300 -0.080 19.747,
            7.932 -0.111 21.250,
            7.932 -0.111 19.747,
            8.565 -0.111 21.250,
            8.565 -0.111 19.747,
            9.198 -0.080 21.250,
            9.198 -0.080 19.747,
            9.828 -0.017 21.250,
            9.828 -0.017 19.747,
            10.454 0.078 21.250,
            10.454 0.078 19.747,
            11.075 0.203 21.250,
            11.075 0.203 19.747,
            11.688 0.360 21.250,
            11.688 0.360 19.747,
            12.293 0.546 21.250,
            12.293 0.546 19.747,
            12.889 0.763 21.250,
            12.889 0.763 19.747,
            13.472 1.009 21.250,
            13.472 1.009 19.747,
            14.043 1.283 21.250,
            14.043 1.283 19.747,
            14.599 1.586 21.250,
            14.599 1.586 19.747,
            15.139 1.917 21.250,
            15.139 1.917 19.747,
            15.662 2.273 21.250,
            15.662 2.273 19.747,
            16.167 2.656 21.250,
            16.167 2.656 19.747,
            16.652 3.063 21.250,
            16.652 3.063 19.747,
            17.116 3.493 21.250,
            17.116 3.493 19.747,
            17.558 3.947 21.250,
            17.558 3.947 19.747,
            17.977 4.421 21.250,
            17.977 4.421 19.747,
            18.372 4.917 21.250,
            18.372 4.917 19.747,
            18.742 5.431 21.250,
            18.742 5.431 19.747,
            19.085 5.963 21.250,
            19.085 5.963 19.747,
            19.402 6.511 21.250,
            19.402 6.511 19.747,
            19.691 7.075 21.250,
            19.691 7.075 19.747,
            19.951 7.652 21.250,
            19.951 7.652 19.747,
            20.183 8.241 21.250,
            20.183 8.241 19.747,
            20.384 8.841 21.250,
            20.384 8.841 19.747,
            20.556 9.451 21.250,
            20.556 9.451 19.747,
            20.697 10.068 21.250,
            20.697 10.068 19.747,
            20.807 10.692 21.250,
            20.807 10.692 19.747,
            20.886 11.320 21.250,
            20.886 11.320 19.747,
            20.933 11.952 21.250,
            20.933 11.952 19.747,
            11.727 24.799 20.710,
            11.868 24.758 20.303,
            11.775 24.786 20.303,
            11.681 24.812 20.303,
            11.587 24.838 20.303,
            10.943 24.996 20.664,
            11.245 24.926 20.303,
            11.144 24.950 20.303,
            11.043 24.974 20.303,
            10.943 24.996 20.303,
            10.345 25.111 20.058,
            10.412 25.099 20.081,
            10.399 25.102 20.073,
            10.387 25.103 20.068,
            10.377 25.105 20.064,
            10.361 25.108 20.060,
            10.304 25.117 20.058,
            10.324 25.114 20.057,
            10.274 25.122 20.064,
            10.284 25.121 20.061,
            10.255 25.125 20.071,
            10.241 25.128 20.078,
            10.229 25.129 20.087,
            10.426 25.097 20.093,
            10.221 25.131 20.094,
            10.433 25.096 20.100,
            10.209 25.133 20.108,
            10.440 25.094 20.109,
            10.199 25.134 20.124,
            10.451 25.092 20.127,
            10.194 25.135 20.133,
            10.460 25.091 20.145,
            10.189 25.136 20.143,
            10.182 25.137 20.162,
            10.467 25.090 20.163,
            10.176 25.138 20.181,
            10.477 25.088 20.198,
            10.472 25.089 20.181,
            10.171 25.138 20.199,
            10.481 25.087 20.218,
            10.168 25.139 20.219,
            10.483 25.087 20.236,
            10.165 25.140 20.239,
            10.486 25.086 20.265,
            10.161 25.140 20.273,
            10.489 25.086 20.302,
            10.158 25.140 20.326,
            10.490 25.085 20.390,
            10.157 25.141 20.391,
            10.489 25.086 20.447,
            10.159 25.140 20.480,
            10.487 25.086 20.496,
            10.162 25.140 20.516,
            10.483 25.087 20.537,
            10.165 25.139 20.547,
            10.479 25.087 20.565,
            10.168 25.139 20.566,
            10.476 25.088 20.584,
            10.172 25.138 20.586,
            10.471 25.089 20.601,
            10.177 25.138 20.603,
            10.466 25.090 20.619,
            10.183 25.137 20.621,
            10.459 25.091 20.637,
            10.190 25.136 20.638,
            10.450 25.093 20.655,
            10.343 25.111 20.722,
            10.363 25.108 20.719,
            10.374 25.106 20.717,
            10.384 25.104 20.713,
            10.400 25.101 20.706,
            10.199 25.134 20.656,
            10.441 25.094 20.669,
            10.313 25.116 20.723,
            10.324 25.114 20.723,
            10.210 25.133 20.673,
            10.431 25.096 20.682,
            10.217 25.131 20.681,
            10.422 25.097 20.690,
            10.231 25.129 20.695,
            10.413 25.099 20.698,
            10.267 25.123 20.715,
            10.285 25.121 20.719,
            10.302 25.118 20.722,
            10.256 25.125 20.710,
            10.245 25.127 20.704,
            8.970 25.264 20.368,
            8.993 25.263 20.373,
            8.981 25.264 20.370,
            8.952 25.265 20.366,
            9.007 25.262 20.378,
            8.936 25.266 20.365,
            8.898 25.268 20.365,
            8.918 25.267 20.364,
            8.879 25.269 20.367,
            8.859 25.270 20.370,
            8.841 25.271 20.374,
            9.021 25.261 20.385,
            8.823 25.272 20.379,
            9.035 25.260 20.393,
            8.811 25.272 20.383,
            8.794 25.273 20.389,
            9.044 25.260 20.400,
            8.775 25.274 20.398,
            9.052 25.259 20.407,
            8.764 25.274 20.403,
            8.751 25.275 20.435,
            8.753 25.275 20.409,
            9.076 25.258 20.436,
            9.071 25.258 20.428,
            9.065 25.259 20.420,
            8.751 25.275 20.446,
            9.082 25.257 20.447,
            8.750 25.275 20.461,
            9.091 25.257 20.473,
            9.087 25.257 20.459,
            8.752 25.275 20.502,
            9.097 25.256 20.516,
            9.096 25.257 20.504,
            9.095 25.257 20.492,
            8.754 25.275 20.531,
            9.098 25.256 20.535,
            8.757 25.275 20.550,
            9.097 25.256 20.557,
            9.098 25.256 20.546,
            8.760 25.275 20.570,
            9.095 25.257 20.576,
            8.765 25.274 20.589,
            9.092 25.257 20.595,
            8.770 25.274 20.605,
            9.090 25.257 20.605,
            8.776 25.274 20.618,
            9.086 25.257 20.617,
            8.781 25.274 20.629,
            9.080 25.258 20.632,
            8.790 25.273 20.646,
            9.072 25.258 20.649,
            8.801 25.273 20.661,
            9.059 25.259 20.667,
            9.066 25.259 20.658,
            8.807 25.273 20.669,
            9.051 25.260 20.677,
            8.815 25.272 20.677,
            9.041 25.260 20.686,
            8.828 25.272 20.689,
            9.029 25.261 20.695,
            8.842 25.271 20.699,
            9.014 25.262 20.704,
            8.912 25.268 20.722,
            8.932 25.266 20.723,
            8.949 25.266 20.722,
            8.855 25.270 20.706,
            8.998 25.263 20.712,
            8.866 25.270 20.711,
            8.893 25.269 20.719,
            8.961 25.265 20.721,
            8.971 25.264 20.719,
            8.876 25.269 20.715,
            8.981 25.264 20.717,
            7.685 25.272 20.710,
            7.832 25.278 20.303,
            7.734 25.274 20.303,
            7.637 25.270 20.303,
            7.540 25.265 20.303,
            6.851 25.208 20.083,
            6.887 25.212 20.080,
            6.862 25.209 20.081,
            6.798 25.202 20.094,
            6.840 25.206 20.084,
            6.826 25.205 20.087,
            6.816 25.204 20.089,
            6.781 25.200 20.102,
            6.952 25.218 20.078,
            6.764 25.198 20.111,
            6.999 25.223 20.078,
            6.748 25.196 20.124,
            6.737 25.195 20.135,
            7.046 25.228 20.078,
            6.726 25.193 20.148,
            7.093 25.232 20.078,
            6.719 25.192 20.160,
            6.715 25.192 20.170,
            6.709 25.191 20.190,
            6.707 25.191 20.206,
            6.706 25.191 20.216,
            6.706 25.191 20.228,
            7.093 25.232 20.375,
            6.707 25.191 20.247,
            6.708 25.191 20.258,
            6.709 25.191 20.269,
            6.713 25.192 20.287,
            6.717 25.192 20.299,
            7.037 25.227 20.375,
            6.723 25.193 20.310,
            6.729 25.194 20.319,
            6.981 25.221 20.375,
            6.742 25.195 20.333,
            6.755 25.197 20.343,
            6.925 25.216 20.375,
            6.773 25.199 20.353,
            6.875 25.210 20.374,
            6.789 25.201 20.360,
            6.854 25.208 20.372,
            6.800 25.202 20.364,
            6.836 25.206 20.371,
            6.818 25.204 20.368,
            6.878 25.211 20.472,
            6.918 25.215 20.468,
            6.895 25.212 20.470,
            6.859 25.209 20.477,
            6.956 25.219 20.467,
            6.841 25.207 20.484,
            7.002 25.223 20.467,
            6.823 25.205 20.494,
            7.047 25.228 20.467,
            6.810 25.203 20.504,
            7.093 25.232 20.467,
            6.800 25.202 20.515,
            6.792 25.201 20.527,
            6.787 25.200 20.538,
            6.782 25.200 20.555,
            6.778 25.199 20.575,
            6.777 25.199 20.586,
            7.093 25.232 20.703,
            6.777 25.199 20.598,
            6.778 25.199 20.613,
            6.779 25.200 20.625,
            6.782 25.200 20.636,
            6.789 25.201 20.652,
            7.051 25.228 20.703,
            6.801 25.202 20.667,
            7.009 25.224 20.703,
            6.808 25.203 20.674,
            6.817 25.204 20.681,
            6.967 25.220 20.703,
            6.834 25.206 20.688,
            6.932 25.216 20.702,
            6.844 25.207 20.692,
            6.902 25.213 20.701,
            6.880 25.211 20.699,
            6.862 25.209 20.697,
            8.860 0.150 21.508,
            9.469 0.195 21.508,
            10.076 0.269 21.508,
            10.678 0.374 21.508,
            11.274 0.508 21.508,
            11.863 0.671 21.508,
            12.443 0.862 21.508,
            14.475 4.285 21.569,
            13.013 1.082 21.508,
            13.572 1.330 21.508,
            14.118 1.605 21.508,
            14.649 1.906 21.508,
            15.166 2.233 21.508,
            15.665 2.585 21.508,
            16.147 2.961 21.508,
            16.610 3.360 21.508,
            17.052 3.781 21.508,
            17.474 4.224 21.508,
            17.873 4.687 21.508,
            18.249 5.168 21.508,
            18.601 5.668 21.508,
            18.928 6.184 21.508,
            14.475 12.585 21.658,
            19.229 6.716 21.508,
            19.504 7.262 21.508,
            19.751 7.820 21.508,
            19.971 8.391 21.508,
            20.163 8.971 21.508,
            20.326 9.560 21.508,
            20.460 10.156 21.508,
            20.564 10.758 21.508,
            20.639 11.365 21.508,
            20.684 11.974 21.508,
            14.475 20.885 21.569,
            0.011 3.250 19.497,
            0.981 2.476 19.497,
            0.486 2.851 19.497,
            -1.676 5.067 19.497,
            -2.038 5.572 19.497,
            -1.289 4.582 19.497,
            2.024 1.803 19.497,
            1.494 2.127 19.497,
            -0.444 3.672 19.497,
            2.569 1.506 19.497,
            -0.878 4.117 19.497,
            -2.685 6.631 19.497,
            -2.968 7.183 19.497,
            -2.375 6.093 19.497,
            -3.450 8.327 19.497,
            -3.224 7.749 19.497,
            3.128 1.237 19.497,
            4.284 0.783 19.497,
            3.700 0.995 19.497,
            -3.648 8.915 19.497,
            -3.816 9.513 19.497,
            6.087 0.324 19.497,
            4.877 0.600 19.497,
            5.478 0.447 19.497,
            -3.954 10.118 19.497,
            -4.062 10.729 19.497,
            6.701 0.231 19.497,
            7.938 0.139 19.497,
            7.318 0.170 19.497,
            -4.139 11.345 19.497,
            -4.186 11.964 19.497,
            9.179 0.170 19.497,
            8.559 0.139 19.497,
            10.411 0.324 19.497,
            9.797 0.231 19.497,
            11.019 0.447 19.497,
            11.621 0.600 19.497,
            12.797 0.995 19.497,
            12.214 0.783 19.497,
            13.369 1.237 19.497,
            14.474 1.803 19.497,
            13.929 1.506 19.497,
            15.003 2.127 19.497,
            15.516 2.476 19.497,
            16.011 2.851 19.497,
            16.942 3.672 19.497,
            16.487 3.250 19.497,
            17.375 4.117 19.497,
            17.786 4.582 19.497,
            18.173 5.067 19.497,
            18.535 5.572 19.497,
            19.183 6.631 19.497,
            18.872 6.093 19.497,
            19.721 7.749 19.497,
            19.466 7.183 19.497,
            20.146 8.915 19.497,
            19.948 8.327 19.497,
            20.560 10.729 19.497,
            20.314 9.513 19.497,
            20.452 10.118 19.497,
            20.683 11.964 19.497,
            20.637 11.345 19.497
          ]
        }
        coordIndex [
          0, 1, 2, -1,
          3, 1, 0, -1,
          4, 3, 0, -1,
          5, 3, 4, -1,
          6, 5, 4, -1,
          7, 5, 6, -1,
          8, 7, 6, -1,
          9, 7, 8, -1,
          10, 9, 8, -1,
          11, 9, 10, -1,
          12, 11, 10, -1,
          13, 11, 12, -1,
          14, 13, 12, -1,
          15, 13, 14, -1,
          16, 15, 14, -1,
          17, 15, 16, -1,
          18, 17, 16, -1,
          19, 17, 18, -1,
          20, 19, 18, -1,
          21, 19, 20, -1,
          22, 21, 20, -1,
          23, 21, 22, -1,
          24, 23, 22, -1,
          25, 23, 24, -1,
          26, 25, 24, -1,
          27, 25, 26, -1,
          28, 27, 26, -1,
          29, 27, 28, -1,
          30, 29, 28, -1,
          31, 29, 30, -1,
          32, 31, 30, -1,
          33, 31, 32, -1,
          34, 33, 32, -1,
          35, 33, 34, -1,
          36, 35, 34, -1,
          37, 35, 36, -1,
          38, 37, 36, -1,
          39, 37, 38, -1,
          40, 39, 38, -1,
          41, 39, 40, -1,
          42, 41, 40, -1,
          43, 41, 42, -1,
          44, 43, 42, -1,
          45, 43, 44, -1,
          46, 45, 44, -1,
          47, 45, 46, -1,
          48, 47, 46, -1,
          49, 47, 48, -1,
          50, 49, 48, -1,
          51, 49, 50, -1,
          52, 51, 50, -1,
          53, 51, 52, -1,
          54, 53, 52, -1,
          55, 54, 56, -1,
          55, 53, 54, -1,
          57, 56, 58, -1,
          57, 55, 56, -1,
          59, 57, 58, -1,
          59, 58, 60, -1,
          61, 59, 60, -1,
          61, 60, 62, -1,
          63, 61, 62, -1,
          63, 62, 64, -1,
          65, 64, 66, -1,
          65, 63, 64, -1,
          67, 66, 68, -1,
          67, 65, 66, -1,
          69, 68, 70, -1,
          69, 67, 68, -1,
          71, 70, 72, -1,
          71, 69, 70, -1,
          73, 72, 74, -1,
          73, 71, 72, -1,
          75, 74, 76, -1,
          75, 73, 74, -1,
          77, 76, 78, -1,
          77, 75, 76, -1,
          79, 78, 80, -1,
          79, 77, 78, -1,
          81, 80, 82, -1,
          81, 79, 80, -1,
          83, 82, 84, -1,
          83, 81, 82, -1,
          85, 84, 86, -1,
          85, 83, 84, -1,
          87, 86, 88, -1,
          87, 85, 86, -1,
          89, 87, 88, -1,
          89, 88, 90, -1,
          91, 89, 90, -1,
          91, 90, 92, -1,
          93, 91, 92, -1,
          93, 92, 94, -1,
          95, 94, 96, -1,
          95, 93, 94, -1,
          97, 96, 98, -1,
          97, 95, 96, -1,
          99, 98, 100, -1,
          99, 97, 98, -1,
          101, 100, 102, -1,
          101, 99, 100, -1,
          103, 102, 104, -1,
          103, 101, 102, -1,
          105, 104, 106, -1,
          105, 103, 104, -1,
          107, 106, 108, -1,
          107, 105, 106, -1,
          109, 108, 110, -1,
          109, 107, 108, -1,
          111, 110, 112, -1,
          111, 109, 110, -1,
          113, 112, 114, -1,
          113, 111, 112, -1,
          115, 114, 116, -1,
          115, 113, 114, -1,
          117, 116, 118, -1,
          117, 115, 116, -1,
          119, 118, 120, -1,
          119, 117, 118, -1,
          121, 120, 122, -1,
          121, 119, 120, -1,
          123, 122, 124, -1,
          123, 121, 122, -1,
          125, 124, 126, -1,
          125, 123, 124, -1,
          127, 126, 128, -1,
          127, 125, 126, -1,
          129, 130, 131, -1,
          132, 130, 129, -1,
          133, 132, 129, -1,
          134, 132, 133, -1,
          135, 134, 133, -1,
          136, 134, 135, -1,
          137, 136, 135, -1,
          138, 136, 137, -1,
          139, 138, 137, -1,
          140, 138, 139, -1,
          141, 140, 139, -1,
          142, 140, 141, -1,
          143, 142, 141, -1,
          144, 142, 143, -1,
          145, 144, 143, -1,
          146, 144, 145, -1,
          147, 146, 145, -1,
          148, 146, 147, -1,
          149, 148, 147, -1,
          150, 148, 149, -1,
          151, 150, 149, -1,
          152, 150, 151, -1,
          153, 152, 151, -1,
          154, 152, 153, -1,
          155, 154, 153, -1,
          156, 154, 155, -1,
          157, 156, 155, -1,
          158, 156, 157, -1,
          159, 158, 157, -1,
          160, 158, 159, -1,
          161, 160, 159, -1,
          162, 160, 161, -1,
          163, 162, 161, -1,
          164, 162, 163, -1,
          165, 164, 163, -1,
          166, 164, 165, -1,
          167, 166, 165, -1,
          168, 166, 167, -1,
          169, 168, 167, -1,
          170, 168, 169, -1,
          171, 170, 169, -1,
          172, 170, 171, -1,
          173, 172, 171, -1,
          174, 172, 173, -1,
          175, 174, 173, -1,
          176, 174, 175, -1,
          177, 176, 175, -1,
          178, 176, 177, -1,
          179, 178, 177, -1,
          180, 178, 179, -1,
          181, 180, 179, -1,
          182, 180, 181, -1,
          183, 182, 181, -1,
          184, 182, 183, -1,
          185, 184, 183, -1,
          186, 184, 185, -1,
          187, 186, 185, -1,
          188, 186, 187, -1,
          189, 188, 187, -1,
          190, 188, 189, -1,
          191, 190, 189, -1,
          192, 190, 191, -1,
          193, 192, 191, -1,
          194, 192, 193, -1,
          195, 194, 193, -1,
          196, 194, 195, -1,
          197, 195, 198, -1,
          197, 196, 195, -1,
          199, 197, 198, -1,
          200, 197, 199, -1,
          201, 199, 202, -1,
          201, 200, 199, -1,
          203, 202, 204, -1,
          203, 201, 202, -1,
          205, 203, 204, -1,
          206, 203, 205, -1,
          207, 206, 205, -1,
          208, 206, 207, -1,
          209, 208, 207, -1,
          210, 208, 209, -1,
          211, 209, 212, -1,
          211, 210, 209, -1,
          213, 212, 214, -1,
          213, 211, 212, -1,
          215, 214, 216, -1,
          215, 213, 214, -1,
          217, 215, 216, -1,
          218, 215, 217, -1,
          219, 218, 217, -1,
          220, 218, 219, -1,
          221, 220, 219, -1,
          222, 220, 221, -1,
          223, 222, 221, -1,
          223, 221, 224, -1,
          225, 224, 226, -1,
          225, 223, 224, -1,
          227, 225, 226, -1,
          228, 225, 227, -1,
          229, 227, 230, -1,
          229, 228, 227, -1,
          231, 230, 232, -1,
          231, 229, 230, -1,
          233, 232, 234, -1,
          233, 231, 232, -1,
          235, 234, 236, -1,
          235, 233, 234, -1,
          237, 236, 238, -1,
          237, 235, 236, -1,
          239, 238, 240, -1,
          239, 237, 238, -1,
          241, 240, 242, -1,
          241, 239, 240, -1,
          243, 241, 242, -1,
          244, 241, 243, -1,
          245, 243, 246, -1,
          245, 244, 243, -1,
          247, 246, 248, -1,
          247, 245, 246, -1,
          249, 248, 250, -1,
          249, 247, 248, -1,
          251, 250, 252, -1,
          251, 249, 250, -1,
          253, 252, 254, -1,
          253, 251, 252, -1,
          255, 253, 254, -1,
          256, 253, 255, -1,
          257, 258, 259, -1,
          257, 259, 260, -1,
          257, 260, 261, -1,
          257, 261, 262, -1,
          257, 262, 263, -1,
          264, 258, 257, -1,
          265, 264, 257, -1,
          62, 266, 64, -1,
          60, 266, 62, -1,
          58, 266, 60, -1,
          56, 266, 58, -1,
          54, 266, 56, -1,
          52, 266, 54, -1,
          50, 266, 52, -1,
          267, 268, 269, -1,
          267, 269, 270, -1,
          267, 270, 271, -1,
          267, 271, 272, -1,
          267, 272, 273, -1,
          267, 273, 274, -1,
          267, 274, 275, -1,
          267, 275, 276, -1,
          267, 276, 277, -1,
          267, 277, 278, -1,
          267, 278, 279, -1,
          267, 279, 280, -1,
          267, 280, 281, -1,
          267, 281, 265, -1,
          267, 257, 282, -1,
          267, 265, 257, -1,
          283, 22, 20, -1,
          283, 20, 18, -1,
          283, 18, 16, -1,
          283, 16, 14, -1,
          283, 14, 12, -1,
          283, 12, 10, -1,
          283, 10, 8, -1,
          283, 8, 6, -1,
          283, 6, 4, -1,
          283, 4, 0, -1,
          283, 0, 2, -1,
          283, 2, 284, -1,
          283, 284, 285, -1,
          283, 285, 286, -1,
          283, 286, 287, -1,
          283, 287, 288, -1,
          283, 288, 289, -1,
          283, 289, 290, -1,
          283, 290, 291, -1,
          283, 291, 292, -1,
          283, 292, 293, -1,
          283, 293, 268, -1,
          283, 267, 282, -1,
          283, 268, 267, -1,
          283, 282, 294, -1,
          283, 294, 295, -1,
          296, 50, 48, -1,
          296, 48, 46, -1,
          296, 46, 44, -1,
          296, 44, 42, -1,
          296, 42, 40, -1,
          296, 40, 38, -1,
          296, 38, 36, -1,
          296, 36, 34, -1,
          296, 34, 32, -1,
          296, 32, 30, -1,
          296, 30, 28, -1,
          296, 28, 26, -1,
          296, 26, 24, -1,
          296, 24, 22, -1,
          296, 22, 283, -1,
          296, 295, 266, -1,
          296, 266, 50, -1,
          296, 283, 295, -1,
          125, 130, 132, -1,
          125, 127, 130, -1,
          123, 132, 134, -1,
          123, 125, 132, -1,
          121, 134, 136, -1,
          121, 123, 134, -1,
          119, 136, 138, -1,
          119, 121, 136, -1,
          117, 138, 140, -1,
          117, 119, 138, -1,
          115, 140, 142, -1,
          115, 117, 140, -1,
          113, 142, 144, -1,
          113, 115, 142, -1,
          111, 144, 146, -1,
          111, 113, 144, -1,
          109, 146, 148, -1,
          109, 111, 146, -1,
          107, 148, 150, -1,
          107, 109, 148, -1,
          105, 150, 152, -1,
          105, 107, 150, -1,
          103, 152, 154, -1,
          103, 105, 152, -1,
          101, 154, 156, -1,
          101, 103, 154, -1,
          99, 156, 158, -1,
          99, 158, 160, -1,
          99, 101, 156, -1,
          97, 99, 160, -1,
          95, 160, 162, -1,
          95, 97, 160, -1,
          93, 162, 164, -1,
          93, 164, 166, -1,
          93, 95, 162, -1,
          91, 93, 166, -1,
          89, 166, 168, -1,
          89, 91, 166, -1,
          87, 168, 170, -1,
          87, 89, 168, -1,
          85, 170, 172, -1,
          85, 172, 174, -1,
          85, 87, 170, -1,
          83, 85, 174, -1,
          180, 297, 178, -1,
          81, 83, 174, -1,
          81, 174, 176, -1,
          298, 297, 180, -1,
          299, 298, 180, -1,
          300, 299, 180, -1,
          301, 300, 180, -1,
          302, 301, 180, -1,
          303, 300, 301, -1,
          304, 302, 180, -1,
          305, 304, 180, -1,
          306, 178, 297, -1,
          306, 81, 176, -1,
          306, 176, 178, -1,
          182, 305, 180, -1,
          79, 81, 306, -1,
          307, 308, 309, -1,
          307, 309, 310, -1,
          311, 305, 182, -1,
          311, 312, 305, -1,
          313, 311, 182, -1,
          314, 313, 182, -1,
          315, 314, 182, -1,
          316, 315, 182, -1,
          317, 316, 182, -1,
          318, 313, 314, -1,
          184, 317, 182, -1,
          77, 306, 319, -1,
          77, 319, 320, -1,
          77, 320, 307, -1,
          77, 79, 306, -1,
          321, 77, 307, -1,
          322, 317, 184, -1,
          322, 323, 317, -1,
          324, 322, 184, -1,
          325, 324, 184, -1,
          326, 322, 324, -1,
          327, 325, 184, -1,
          328, 327, 184, -1,
          329, 326, 324, -1,
          186, 328, 184, -1,
          75, 77, 321, -1,
          75, 321, 330, -1,
          75, 330, 331, -1,
          75, 331, 332, -1,
          333, 334, 328, -1,
          335, 333, 328, -1,
          336, 335, 328, -1,
          337, 328, 186, -1,
          338, 328, 337, -1,
          339, 337, 186, -1,
          340, 328, 338, -1,
          341, 339, 186, -1,
          342, 328, 340, -1,
          343, 341, 186, -1,
          344, 328, 342, -1,
          345, 343, 186, -1,
          346, 328, 344, -1,
          347, 345, 186, -1,
          348, 336, 328, -1,
          348, 328, 346, -1,
          349, 347, 186, -1,
          350, 336, 348, -1,
          351, 349, 186, -1,
          352, 336, 350, -1,
          353, 351, 186, -1,
          354, 336, 352, -1,
          355, 353, 186, -1,
          356, 355, 186, -1,
          357, 336, 354, -1,
          358, 356, 186, -1,
          359, 336, 357, -1,
          360, 358, 186, -1,
          361, 360, 186, -1,
          362, 336, 359, -1,
          363, 361, 186, -1,
          364, 365, 336, -1,
          364, 336, 362, -1,
          366, 363, 186, -1,
          367, 365, 364, -1,
          368, 366, 186, -1,
          369, 368, 186, -1,
          370, 365, 367, -1,
          371, 369, 186, -1,
          372, 332, 373, -1,
          374, 371, 186, -1,
          375, 365, 370, -1,
          376, 374, 186, -1,
          377, 376, 186, -1,
          378, 379, 365, -1,
          378, 365, 375, -1,
          380, 381, 382, -1,
          383, 379, 378, -1,
          383, 382, 379, -1,
          383, 380, 382, -1,
          384, 380, 383, -1,
          385, 380, 384, -1,
          386, 380, 385, -1,
          387, 380, 386, -1,
          188, 377, 186, -1,
          188, 388, 389, -1,
          188, 389, 390, -1,
          188, 390, 391, -1,
          188, 391, 392, -1,
          188, 392, 377, -1,
          73, 75, 332, -1,
          73, 332, 372, -1,
          73, 372, 393, -1,
          73, 393, 394, -1,
          73, 394, 380, -1,
          395, 380, 387, -1,
          396, 380, 395, -1,
          397, 380, 396, -1,
          398, 380, 397, -1,
          399, 380, 398, -1,
          400, 380, 399, -1,
          401, 380, 400, -1,
          402, 380, 401, -1,
          403, 388, 188, -1,
          403, 404, 405, -1,
          403, 405, 406, -1,
          403, 406, 407, -1,
          403, 407, 408, -1,
          403, 408, 409, -1,
          403, 409, 410, -1,
          403, 410, 411, -1,
          403, 411, 388, -1,
          412, 380, 402, -1,
          413, 380, 412, -1,
          414, 380, 413, -1,
          415, 416, 417, -1,
          415, 417, 418, -1,
          415, 418, 419, -1,
          415, 419, 420, -1,
          415, 420, 421, -1,
          415, 421, 422, -1,
          415, 422, 423, -1,
          415, 423, 404, -1,
          415, 404, 403, -1,
          424, 403, 188, -1,
          425, 426, 427, -1,
          425, 427, 416, -1,
          425, 416, 415, -1,
          428, 424, 188, -1,
          429, 430, 431, -1,
          432, 426, 425, -1,
          433, 429, 431, -1,
          434, 433, 431, -1,
          190, 428, 188, -1,
          71, 73, 380, -1,
          71, 414, 435, -1,
          71, 435, 436, -1,
          71, 436, 437, -1,
          71, 437, 438, -1,
          71, 438, 439, -1,
          71, 439, 440, -1,
          71, 440, 441, -1,
          71, 441, 442, -1,
          71, 442, 443, -1,
          71, 443, 444, -1,
          71, 444, 445, -1,
          71, 445, 446, -1,
          71, 446, 447, -1,
          71, 447, 448, -1,
          71, 448, 449, -1,
          71, 380, 414, -1,
          71, 449, 450, -1,
          71, 450, 451, -1,
          71, 451, 452, -1,
          453, 428, 190, -1,
          454, 455, 456, -1,
          454, 456, 457, -1,
          454, 457, 458, -1,
          454, 458, 459, -1,
          454, 459, 460, -1,
          454, 461, 462, -1,
          454, 462, 463, -1,
          454, 463, 455, -1,
          464, 454, 460, -1,
          465, 464, 460, -1,
          466, 460, 426, -1,
          466, 465, 460, -1,
          466, 432, 467, -1,
          466, 426, 432, -1,
          468, 433, 434, -1,
          469, 466, 467, -1,
          470, 469, 467, -1,
          471, 468, 434, -1,
          472, 470, 467, -1,
          472, 467, 473, -1,
          474, 461, 454, -1,
          474, 475, 476, -1,
          474, 476, 477, -1,
          474, 477, 478, -1,
          474, 478, 479, -1,
          474, 479, 480, -1,
          474, 480, 481, -1,
          474, 481, 482, -1,
          474, 482, 483, -1,
          474, 483, 484, -1,
          474, 484, 461, -1,
          485, 472, 473, -1,
          486, 471, 434, -1,
          486, 434, 487, -1,
          488, 485, 473, -1,
          489, 486, 487, -1,
          490, 488, 473, -1,
          491, 453, 190, -1,
          492, 490, 473, -1,
          493, 489, 487, -1,
          494, 491, 190, -1,
          495, 492, 473, -1,
          495, 473, 496, -1,
          497, 494, 190, -1,
          498, 497, 190, -1,
          499, 493, 487, -1,
          500, 495, 496, -1,
          501, 498, 190, -1,
          502, 496, 503, -1,
          502, 500, 496, -1,
          504, 487, 453, -1,
          504, 453, 491, -1,
          505, 501, 190, -1,
          506, 503, 507, -1,
          506, 502, 503, -1,
          508, 507, 509, -1,
          508, 506, 507, -1,
          510, 505, 190, -1,
          511, 508, 509, -1,
          512, 509, 513, -1,
          512, 511, 509, -1,
          514, 510, 190, -1,
          515, 512, 513, -1,
          515, 513, 516, -1,
          515, 516, 517, -1,
          518, 515, 517, -1,
          518, 517, 519, -1,
          518, 519, 520, -1,
          521, 514, 190, -1,
          522, 518, 520, -1,
          522, 520, 523, -1,
          522, 523, 524, -1,
          525, 522, 524, -1,
          525, 524, 526, -1,
          525, 526, 527, -1,
          528, 527, 529, -1,
          528, 525, 527, -1,
          530, 521, 190, -1,
          531, 528, 529, -1,
          531, 529, 532, -1,
          531, 532, 533, -1,
          534, 531, 533, -1,
          534, 533, 535, -1,
          536, 534, 535, -1,
          537, 538, 539, -1,
          540, 535, 538, -1,
          540, 536, 535, -1,
          540, 538, 537, -1,
          541, 487, 542, -1,
          543, 542, 487, -1,
          543, 487, 504, -1,
          544, 487, 541, -1,
          545, 543, 504, -1,
          546, 487, 544, -1,
          546, 547, 499, -1,
          546, 499, 487, -1,
          548, 547, 546, -1,
          549, 545, 504, -1,
          550, 547, 548, -1,
          550, 551, 547, -1,
          552, 549, 504, -1,
          553, 552, 504, -1,
          554, 555, 551, -1,
          554, 551, 550, -1,
          556, 504, 557, -1,
          556, 557, 558, -1,
          556, 558, 559, -1,
          556, 553, 504, -1,
          560, 561, 555, -1,
          560, 555, 554, -1,
          562, 556, 559, -1,
          563, 564, 561, -1,
          563, 561, 560, -1,
          565, 559, 566, -1,
          565, 566, 567, -1,
          565, 562, 559, -1,
          568, 569, 564, -1,
          568, 564, 563, -1,
          570, 567, 571, -1,
          570, 571, 572, -1,
          570, 565, 567, -1,
          573, 574, 569, -1,
          573, 569, 568, -1,
          575, 570, 572, -1,
          575, 572, 576, -1,
          575, 576, 577, -1,
          578, 574, 573, -1,
          579, 580, 574, -1,
          579, 574, 578, -1,
          581, 575, 577, -1,
          581, 577, 582, -1,
          192, 583, 584, -1,
          192, 584, 585, -1,
          192, 585, 586, -1,
          192, 586, 587, -1,
          192, 587, 588, -1,
          192, 588, 589, -1,
          192, 589, 590, -1,
          192, 590, 530, -1,
          192, 530, 190, -1,
          69, 71, 452, -1,
          69, 591, 592, -1,
          69, 592, 593, -1,
          69, 593, 594, -1,
          69, 594, 595, -1,
          69, 595, 596, -1,
          69, 596, 597, -1,
          69, 452, 598, -1,
          69, 598, 599, -1,
          69, 599, 600, -1,
          69, 600, 601, -1,
          69, 601, 602, -1,
          69, 602, 475, -1,
          69, 475, 474, -1,
          69, 474, 603, -1,
          69, 603, 604, -1,
          69, 604, 605, -1,
          69, 605, 606, -1,
          69, 606, 607, -1,
          69, 607, 608, -1,
          69, 608, 609, -1,
          69, 609, 591, -1,
          610, 611, 580, -1,
          610, 580, 579, -1,
          612, 582, 613, -1,
          612, 581, 582, -1,
          614, 583, 192, -1,
          615, 611, 610, -1,
          615, 616, 611, -1,
          617, 612, 613, -1,
          617, 613, 618, -1,
          617, 618, 619, -1,
          617, 619, 620, -1,
          621, 614, 192, -1,
          622, 616, 615, -1,
          622, 623, 616, -1,
          624, 620, 625, -1,
          624, 625, 626, -1,
          624, 626, 627, -1,
          624, 617, 620, -1,
          628, 621, 192, -1,
          629, 623, 622, -1,
          629, 630, 631, -1,
          629, 631, 623, -1,
          632, 624, 627, -1,
          632, 627, 633, -1,
          632, 633, 634, -1,
          632, 634, 635, -1,
          636, 628, 192, -1,
          637, 630, 629, -1,
          637, 638, 630, -1,
          639, 635, 640, -1,
          639, 640, 641, -1,
          639, 641, 642, -1,
          639, 632, 635, -1,
          643, 638, 637, -1,
          644, 645, 638, -1,
          644, 638, 643, -1,
          646, 639, 642, -1,
          646, 642, 647, -1,
          646, 647, 648, -1,
          646, 648, 649, -1,
          650, 636, 192, -1,
          651, 652, 645, -1,
          651, 645, 644, -1,
          653, 649, 654, -1,
          653, 654, 655, -1,
          653, 646, 649, -1,
          656, 657, 652, -1,
          656, 652, 651, -1,
          658, 659, 657, -1,
          658, 657, 656, -1,
          660, 650, 192, -1,
          661, 655, 662, -1,
          661, 662, 663, -1,
          661, 653, 655, -1,
          664, 659, 658, -1,
          665, 660, 192, -1,
          666, 663, 667, -1,
          666, 661, 663, -1,
          668, 665, 192, -1,
          669, 670, 659, -1,
          669, 659, 664, -1,
          671, 666, 667, -1,
          672, 673, 670, -1,
          672, 670, 669, -1,
          674, 666, 671, -1,
          675, 668, 192, -1,
          676, 677, 673, -1,
          676, 673, 672, -1,
          678, 674, 671, -1,
          679, 674, 678, -1,
          680, 677, 676, -1,
          681, 679, 678, -1,
          682, 683, 677, -1,
          682, 677, 680, -1,
          684, 679, 681, -1,
          685, 684, 681, -1,
          686, 687, 683, -1,
          686, 683, 682, -1,
          688, 684, 685, -1,
          689, 684, 688, -1,
          690, 691, 692, -1,
          690, 692, 693, -1,
          690, 693, 694, -1,
          690, 694, 675, -1,
          690, 675, 192, -1,
          690, 695, 696, -1,
          690, 696, 697, -1,
          690, 697, 698, -1,
          690, 698, 691, -1,
          699, 695, 690, -1,
          699, 700, 701, -1,
          699, 701, 702, -1,
          699, 702, 703, -1,
          699, 703, 704, -1,
          699, 704, 705, -1,
          699, 705, 695, -1,
          706, 700, 699, -1,
          67, 687, 686, -1,
          67, 597, 707, -1,
          67, 707, 708, -1,
          67, 708, 709, -1,
          67, 709, 710, -1,
          67, 710, 711, -1,
          67, 711, 712, -1,
          67, 712, 713, -1,
          67, 713, 714, -1,
          67, 714, 715, -1,
          67, 715, 687, -1,
          67, 686, 716, -1,
          67, 716, 717, -1,
          67, 717, 718, -1,
          67, 718, 719, -1,
          67, 719, 720, -1,
          67, 720, 721, -1,
          67, 721, 722, -1,
          67, 722, 723, -1,
          67, 723, 724, -1,
          67, 724, 725, -1,
          67, 725, 726, -1,
          67, 726, 727, -1,
          67, 727, 728, -1,
          67, 728, 729, -1,
          67, 69, 597, -1,
          730, 690, 192, -1,
          731, 730, 192, -1,
          731, 192, 194, -1,
          732, 706, 699, -1,
          732, 733, 734, -1,
          732, 734, 735, -1,
          732, 735, 706, -1,
          736, 731, 194, -1,
          737, 730, 731, -1,
          738, 736, 194, -1,
          739, 738, 194, -1,
          740, 733, 732, -1,
          741, 737, 731, -1,
          742, 743, 739, -1,
          65, 733, 740, -1,
          65, 729, 744, -1,
          65, 744, 745, -1,
          65, 745, 746, -1,
          65, 746, 747, -1,
          65, 747, 748, -1,
          65, 748, 749, -1,
          65, 749, 750, -1,
          65, 750, 751, -1,
          65, 751, 752, -1,
          65, 752, 753, -1,
          65, 753, 754, -1,
          65, 754, 755, -1,
          65, 755, 756, -1,
          65, 67, 729, -1,
          65, 756, 757, -1,
          65, 757, 758, -1,
          65, 758, 759, -1,
          65, 759, 760, -1,
          65, 760, 761, -1,
          65, 761, 762, -1,
          65, 762, 733, -1,
          763, 194, 196, -1,
          763, 764, 742, -1,
          763, 739, 194, -1,
          763, 742, 739, -1,
          765, 763, 196, -1,
          766, 765, 196, -1,
          767, 766, 196, -1,
          768, 764, 763, -1,
          769, 767, 196, -1,
          770, 769, 196, -1,
          771, 770, 196, -1,
          197, 772, 771, -1,
          197, 771, 196, -1,
          197, 773, 772, -1,
          63, 65, 740, -1,
          63, 774, 775, -1,
          63, 775, 776, -1,
          63, 776, 777, -1,
          63, 777, 778, -1,
          63, 740, 774, -1,
          779, 773, 197, -1,
          780, 779, 197, -1,
          781, 780, 197, -1,
          782, 781, 197, -1,
          783, 782, 197, -1,
          784, 783, 197, -1,
          785, 784, 197, -1,
          786, 785, 197, -1,
          787, 786, 197, -1,
          788, 787, 197, -1,
          789, 788, 197, -1,
          790, 789, 197, -1,
          791, 790, 197, -1,
          792, 791, 197, -1,
          793, 792, 197, -1,
          794, 793, 197, -1,
          795, 794, 197, -1,
          796, 797, 798, -1,
          799, 797, 796, -1,
          800, 796, 801, -1,
          800, 799, 796, -1,
          802, 801, 803, -1,
          802, 800, 801, -1,
          804, 802, 803, -1,
          804, 803, 805, -1,
          806, 805, 807, -1,
          806, 804, 805, -1,
          808, 807, 809, -1,
          808, 806, 807, -1,
          61, 810, 811, -1,
          61, 811, 812, -1,
          61, 812, 813, -1,
          61, 63, 778, -1,
          61, 778, 810, -1,
          814, 808, 809, -1,
          814, 809, 815, -1,
          816, 814, 815, -1,
          816, 815, 817, -1,
          818, 816, 817, -1,
          818, 817, 819, -1,
          820, 818, 819, -1,
          820, 819, 821, -1,
          822, 820, 821, -1,
          822, 821, 823, -1,
          822, 823, 824, -1,
          825, 822, 824, -1,
          826, 197, 200, -1,
          826, 795, 197, -1,
          826, 827, 828, -1,
          826, 828, 829, -1,
          826, 829, 830, -1,
          826, 830, 831, -1,
          826, 831, 832, -1,
          826, 832, 833, -1,
          826, 833, 795, -1,
          834, 826, 200, -1,
          835, 834, 200, -1,
          836, 835, 200, -1,
          837, 838, 839, -1,
          837, 827, 826, -1,
          837, 839, 840, -1,
          837, 840, 841, -1,
          837, 841, 842, -1,
          837, 842, 843, -1,
          837, 843, 825, -1,
          837, 825, 824, -1,
          837, 824, 844, -1,
          837, 844, 845, -1,
          837, 845, 846, -1,
          837, 846, 847, -1,
          837, 847, 848, -1,
          837, 848, 849, -1,
          837, 849, 850, -1,
          837, 850, 851, -1,
          837, 851, 852, -1,
          837, 852, 827, -1,
          853, 837, 826, -1,
          854, 853, 826, -1,
          855, 854, 826, -1,
          201, 836, 200, -1,
          59, 813, 856, -1,
          59, 856, 857, -1,
          59, 857, 858, -1,
          59, 858, 859, -1,
          59, 859, 860, -1,
          59, 860, 861, -1,
          59, 861, 862, -1,
          59, 862, 863, -1,
          59, 863, 864, -1,
          59, 864, 865, -1,
          59, 865, 866, -1,
          59, 866, 867, -1,
          59, 867, 868, -1,
          59, 868, 869, -1,
          59, 869, 870, -1,
          59, 61, 813, -1,
          871, 872, 836, -1,
          873, 871, 836, -1,
          874, 873, 836, -1,
          875, 836, 201, -1,
          876, 836, 875, -1,
          877, 875, 201, -1,
          878, 877, 201, -1,
          879, 836, 876, -1,
          880, 878, 201, -1,
          881, 836, 879, -1,
          882, 880, 201, -1,
          883, 836, 881, -1,
          884, 882, 201, -1,
          885, 836, 883, -1,
          886, 884, 201, -1,
          887, 836, 885, -1,
          888, 886, 201, -1,
          889, 836, 887, -1,
          890, 888, 201, -1,
          891, 836, 889, -1,
          892, 890, 201, -1,
          893, 874, 836, -1,
          893, 836, 891, -1,
          894, 892, 201, -1,
          895, 874, 893, -1,
          896, 894, 201, -1,
          897, 896, 201, -1,
          898, 874, 895, -1,
          899, 874, 898, -1,
          900, 897, 201, -1,
          901, 870, 902, -1,
          901, 902, 903, -1,
          901, 903, 838, -1,
          901, 59, 870, -1,
          901, 838, 837, -1,
          904, 874, 899, -1,
          905, 900, 201, -1,
          906, 905, 201, -1,
          907, 874, 904, -1,
          908, 906, 201, -1,
          909, 874, 907, -1,
          910, 874, 909, -1,
          911, 908, 201, -1,
          912, 874, 910, -1,
          913, 874, 912, -1,
          914, 911, 201, -1,
          915, 914, 201, -1,
          916, 874, 913, -1,
          917, 915, 201, -1,
          918, 874, 916, -1,
          919, 917, 201, -1,
          920, 874, 918, -1,
          921, 919, 201, -1,
          922, 874, 920, -1,
          923, 874, 922, -1,
          924, 874, 923, -1,
          925, 901, 874, -1,
          925, 874, 924, -1,
          926, 901, 925, -1,
          927, 901, 926, -1,
          203, 928, 921, -1,
          203, 929, 928, -1,
          203, 930, 929, -1,
          203, 931, 930, -1,
          203, 932, 931, -1,
          203, 921, 201, -1,
          57, 59, 901, -1,
          933, 901, 927, -1,
          934, 932, 203, -1,
          935, 901, 933, -1,
          936, 934, 203, -1,
          937, 901, 935, -1,
          938, 936, 203, -1,
          939, 901, 937, -1,
          940, 901, 939, -1,
          941, 938, 203, -1,
          942, 941, 203, -1,
          943, 942, 203, -1,
          944, 943, 203, -1,
          945, 944, 203, -1,
          946, 945, 203, -1,
          947, 948, 949, -1,
          947, 949, 950, -1,
          951, 950, 946, -1,
          951, 947, 950, -1,
          952, 946, 203, -1,
          952, 951, 946, -1,
          953, 952, 203, -1,
          954, 953, 203, -1,
          955, 954, 203, -1,
          956, 955, 203, -1,
          957, 956, 203, -1,
          958, 957, 203, -1,
          959, 958, 203, -1,
          960, 959, 203, -1,
          961, 960, 203, -1,
          962, 961, 203, -1,
          963, 962, 203, -1,
          206, 963, 203, -1,
          55, 964, 965, -1,
          55, 57, 901, -1,
          55, 966, 964, -1,
          55, 967, 966, -1,
          55, 968, 967, -1,
          55, 969, 968, -1,
          55, 970, 969, -1,
          55, 901, 940, -1,
          55, 971, 970, -1,
          55, 972, 971, -1,
          55, 973, 972, -1,
          55, 974, 973, -1,
          55, 975, 974, -1,
          55, 976, 975, -1,
          55, 977, 976, -1,
          55, 940, 977, -1,
          55, 978, 979, -1,
          55, 980, 978, -1,
          55, 981, 980, -1,
          55, 965, 981, -1,
          982, 963, 206, -1,
          983, 982, 206, -1,
          984, 983, 206, -1,
          985, 984, 206, -1,
          986, 985, 206, -1,
          987, 986, 206, -1,
          988, 987, 206, -1,
          989, 990, 991, -1,
          992, 988, 206, -1,
          993, 992, 206, -1,
          994, 993, 206, -1,
          995, 996, 990, -1,
          995, 990, 989, -1,
          997, 994, 206, -1,
          998, 997, 206, -1,
          999, 1000, 996, -1,
          999, 996, 995, -1,
          1001, 998, 206, -1,
          1002, 1001, 206, -1,
          1003, 1004, 1000, -1,
          1003, 1000, 999, -1,
          1005, 1002, 206, -1,
          1006, 1005, 206, -1,
          1007, 1004, 1003, -1,
          1008, 1006, 206, -1,
          1009, 1008, 206, -1,
          1010, 1009, 206, -1,
          1011, 1010, 206, -1,
          208, 1011, 206, -1,
          208, 1012, 1013, -1,
          208, 1014, 1012, -1,
          208, 1015, 1014, -1,
          208, 1016, 1015, -1,
          208, 1017, 1016, -1,
          208, 1018, 1017, -1,
          208, 1019, 1011, -1,
          208, 1013, 1019, -1,
          1020, 1018, 208, -1,
          53, 1021, 1004, -1,
          53, 1022, 1021, -1,
          53, 1023, 1022, -1,
          53, 1024, 1023, -1,
          53, 1025, 1024, -1,
          53, 1026, 1025, -1,
          53, 1027, 1026, -1,
          53, 1028, 1027, -1,
          53, 1029, 1028, -1,
          53, 1030, 1029, -1,
          53, 1031, 1030, -1,
          53, 1032, 1031, -1,
          53, 979, 1032, -1,
          53, 1033, 1034, -1,
          53, 1035, 1033, -1,
          53, 1036, 1035, -1,
          53, 1037, 1036, -1,
          53, 1038, 1037, -1,
          53, 1039, 1038, -1,
          53, 1040, 1039, -1,
          53, 1041, 1040, -1,
          53, 1042, 1041, -1,
          53, 1007, 1042, -1,
          53, 1004, 1007, -1,
          53, 55, 979, -1,
          1043, 1020, 208, -1,
          1044, 1043, 208, -1,
          1045, 1044, 208, -1,
          1046, 1045, 208, -1,
          1047, 1046, 208, -1,
          1048, 1047, 208, -1,
          1049, 1048, 208, -1,
          1050, 1049, 208, -1,
          1051, 1050, 208, -1,
          210, 1052, 1051, -1,
          210, 1051, 208, -1,
          51, 1053, 1054, -1,
          51, 1055, 1053, -1,
          51, 1056, 1055, -1,
          51, 1034, 1056, -1,
          51, 1057, 1058, -1,
          51, 1059, 1057, -1,
          51, 1060, 1059, -1,
          51, 1061, 1060, -1,
          51, 1054, 1061, -1,
          51, 1062, 1063, -1,
          51, 1064, 1062, -1,
          51, 1065, 1064, -1,
          51, 1066, 1065, -1,
          51, 1067, 1066, -1,
          51, 1068, 1067, -1,
          51, 1069, 1068, -1,
          51, 1070, 1069, -1,
          51, 1071, 1070, -1,
          51, 1072, 1071, -1,
          51, 1058, 1072, -1,
          51, 53, 1034, -1,
          49, 51, 1063, -1,
          49, 1073, 1074, -1,
          49, 1063, 1073, -1,
          49, 1075, 1076, -1,
          49, 1077, 1075, -1,
          49, 1078, 1077, -1,
          49, 1079, 1078, -1,
          49, 1080, 1079, -1,
          49, 1081, 1080, -1,
          49, 1074, 1081, -1,
          49, 1082, 1052, -1,
          49, 1083, 1082, -1,
          49, 1084, 1083, -1,
          49, 1085, 1084, -1,
          49, 1086, 1085, -1,
          49, 1087, 1086, -1,
          49, 1088, 1087, -1,
          49, 1076, 1088, -1,
          47, 1052, 210, -1,
          47, 49, 1052, -1,
          45, 47, 210, -1,
          45, 210, 211, -1,
          43, 211, 213, -1,
          43, 45, 211, -1,
          41, 213, 215, -1,
          41, 215, 218, -1,
          41, 43, 213, -1,
          39, 41, 218, -1,
          37, 218, 220, -1,
          37, 39, 218, -1,
          35, 220, 222, -1,
          35, 37, 220, -1,
          33, 222, 223, -1,
          33, 35, 222, -1,
          31, 223, 225, -1,
          31, 225, 228, -1,
          31, 33, 223, -1,
          29, 31, 228, -1,
          27, 228, 229, -1,
          27, 29, 228, -1,
          25, 229, 231, -1,
          25, 27, 229, -1,
          23, 25, 231, -1,
          23, 231, 233, -1,
          21, 23, 233, -1,
          21, 233, 235, -1,
          21, 235, 237, -1,
          19, 21, 237, -1,
          19, 237, 239, -1,
          17, 19, 239, -1,
          15, 17, 239, -1,
          15, 239, 241, -1,
          13, 15, 241, -1,
          13, 241, 244, -1,
          11, 13, 244, -1,
          11, 244, 245, -1,
          9, 11, 245, -1,
          9, 245, 247, -1,
          7, 9, 247, -1,
          7, 247, 249, -1,
          5, 7, 249, -1,
          5, 249, 251, -1,
          3, 5, 251, -1,
          3, 251, 253, -1,
          1, 3, 253, -1,
          1, 253, 256, -1,
          1089, 836, 872, -1,
          826, 1090, 855, -1,
          778, 767, 769, -1,
          778, 769, 810, -1,
          731, 775, 741, -1,
          741, 775, 774, -1,
          332, 317, 323, -1,
          332, 323, 373, -1,
          301, 321, 303, -1,
          303, 321, 310, -1,
          310, 321, 307, -1,
          1091, 1092, 1093, -1,
          1094, 1095, 1092, -1,
          1094, 1092, 1091, -1,
          1096, 1094, 1097, -1,
          1096, 1095, 1094, -1,
          1098, 1095, 1096, -1,
          1098, 1099, 1095, -1,
          1100, 1099, 1098, -1,
          1101, 1102, 1099, -1,
          1101, 1099, 1100, -1,
          1103, 1102, 1101, -1,
          1104, 1102, 1103, -1,
          1104, 1105, 1102, -1,
          1106, 1105, 1104, -1,
          1106, 1107, 1108, -1,
          1106, 1108, 1105, -1,
          1109, 1107, 1106, -1,
          1109, 1110, 1107, -1,
          1111, 1110, 1109, -1,
          1111, 1112, 1110, -1,
          1113, 1114, 1112, -1,
          1113, 1112, 1111, -1,
          1115, 1114, 1113, -1,
          1115, 1116, 1114, -1,
          1117, 1116, 1115, -1,
          1117, 1118, 1116, -1,
          1119, 1118, 1117, -1,
          1119, 1120, 1118, -1,
          1121, 1122, 1123, -1,
          1121, 1123, 1120, -1,
          1121, 1120, 1119, -1,
          1124, 1125, 1122, -1,
          1124, 1122, 1121, -1,
          1126, 1127, 1128, -1,
          1126, 1128, 1129, -1,
          1126, 1129, 1125, -1,
          1126, 1125, 1124, -1,
          1130, 1131, 1132, -1,
          1130, 1132, 1127, -1,
          1130, 1127, 1126, -1,
          1133, 1134, 1131, -1,
          1133, 1131, 1130, -1,
          1135, 1136, 1137, -1,
          1135, 1137, 1138, -1,
          1135, 1138, 1139, -1,
          1135, 1139, 1140, -1,
          1135, 1140, 1141, -1,
          1135, 1141, 1134, -1,
          1135, 1134, 1133, -1,
          1142, 1143, 1144, -1,
          1142, 1144, 1136, -1,
          1142, 1136, 1135, -1,
          1145, 1146, 1147, -1,
          1148, 1149, 1143, -1,
          1148, 1143, 1142, -1,
          1150, 1147, 1151, -1,
          1150, 1145, 1147, -1,
          1152, 1153, 1149, -1,
          1152, 1149, 1148, -1,
          1154, 1155, 1153, -1,
          1154, 1153, 1152, -1,
          1156, 1157, 1158, -1,
          1156, 1158, 1155, -1,
          1156, 1155, 1154, -1,
          1159, 1160, 1150, -1,
          1161, 1157, 1156, -1,
          1161, 1162, 1163, -1,
          1161, 1163, 1157, -1,
          1164, 1150, 1151, -1,
          1164, 1159, 1150, -1,
          1165, 1166, 1162, -1,
          1165, 1162, 1161, -1,
          1167, 1151, 1168, -1,
          1167, 1164, 1151, -1,
          1169, 1168, 1166, -1,
          1169, 1166, 1165, -1,
          1169, 1167, 1168, -1,
          1170, 1171, 1172, -1,
          1173, 1171, 1170, -1,
          1173, 1174, 1171, -1,
          1175, 1174, 1173, -1,
          1175, 1176, 1174, -1,
          1177, 1176, 1175, -1,
          1177, 1178, 1176, -1,
          1179, 1178, 1177, -1,
          1179, 1180, 1178, -1,
          1181, 1180, 1179, -1,
          1181, 1182, 1183, -1,
          1181, 1183, 1180, -1,
          1184, 1182, 1181, -1,
          1184, 1185, 1182, -1,
          1186, 1185, 1184, -1,
          1186, 1187, 1185, -1,
          1188, 1187, 1186, -1,
          1188, 1189, 1187, -1,
          1190, 1189, 1188, -1,
          1191, 1192, 1189, -1,
          1191, 1189, 1190, -1,
          1193, 1192, 1191, -1,
          1193, 1194, 1192, -1,
          1195, 1194, 1193, -1,
          1195, 1196, 1194, -1,
          1197, 1196, 1195, -1,
          1198, 1199, 1200, -1,
          1201, 1202, 1196, -1,
          1201, 1196, 1197, -1,
          1203, 1202, 1201, -1,
          1204, 1202, 1203, -1,
          1205, 1206, 1202, -1,
          1205, 1202, 1204, -1,
          1207, 1206, 1205, -1,
          1208, 1200, 1206, -1,
          1208, 1206, 1207, -1,
          1209, 1200, 1208, -1,
          1210, 1200, 1209, -1,
          1211, 1198, 1200, -1,
          1211, 1200, 1210, -1,
          1212, 1198, 1211, -1,
          1213, 1214, 1198, -1,
          1213, 1198, 1212, -1,
          1215, 1214, 1213, -1,
          1216, 1214, 1215, -1,
          1217, 1218, 1214, -1,
          1217, 1214, 1216, -1,
          1219, 1218, 1217, -1,
          1220, 1218, 1219, -1,
          1221, 1222, 1218, -1,
          1221, 1218, 1220, -1,
          1223, 1222, 1221, -1,
          1223, 1224, 1222, -1,
          1225, 1224, 1223, -1,
          1226, 1224, 1225, -1,
          1226, 1227, 1224, -1,
          1228, 1227, 1226, -1,
          1228, 1229, 1227, -1,
          1230, 1229, 1228, -1,
          1230, 1231, 1229, -1,
          1232, 1231, 1230, -1,
          1232, 1233, 1231, -1,
          1234, 1235, 1233, -1,
          1234, 1233, 1232, -1,
          1236, 1237, 1238, -1,
          1236, 1238, 1239, -1,
          1236, 1239, 1240, -1,
          1236, 1240, 1241, -1,
          1236, 1241, 1242, -1,
          1243, 1244, 1245, -1,
          1243, 1245, 1235, -1,
          1243, 1235, 1234, -1,
          1246, 1247, 1244, -1,
          1246, 1244, 1243, -1,
          1248, 1242, 1249, -1,
          1248, 1249, 1250, -1,
          1248, 1236, 1242, -1,
          1251, 1250, 1247, -1,
          1251, 1247, 1246, -1,
          1252, 1248, 1250, -1,
          1252, 1250, 1251, -1,
          1108, 875, 877, -1,
          1108, 877, 878, -1,
          1107, 876, 875, -1,
          1107, 875, 1108, -1,
          1105, 878, 880, -1,
          1105, 880, 882, -1,
          1105, 1108, 878, -1,
          1110, 879, 876, -1,
          1110, 876, 1107, -1,
          1102, 882, 884, -1,
          1102, 884, 886, -1,
          1102, 1105, 882, -1,
          1099, 886, 888, -1,
          1099, 888, 890, -1,
          1099, 1102, 886, -1,
          1112, 883, 881, -1,
          1112, 881, 879, -1,
          1112, 879, 1110, -1,
          1095, 890, 892, -1,
          1095, 1099, 890, -1,
          1114, 883, 1112, -1,
          1114, 885, 883, -1,
          1092, 892, 894, -1,
          1092, 894, 896, -1,
          1092, 896, 897, -1,
          1092, 1095, 892, -1,
          1116, 885, 1114, -1,
          1116, 887, 885, -1,
          1093, 897, 900, -1,
          1093, 900, 905, -1,
          1093, 905, 906, -1,
          1093, 906, 908, -1,
          1093, 1092, 897, -1,
          1118, 887, 1116, -1,
          1118, 889, 887, -1,
          1091, 908, 911, -1,
          1091, 911, 914, -1,
          1091, 1093, 908, -1,
          1120, 889, 1118, -1,
          1120, 891, 889, -1,
          1094, 914, 915, -1,
          1094, 1091, 914, -1,
          1097, 915, 917, -1,
          1097, 917, 919, -1,
          1097, 919, 921, -1,
          1097, 1094, 915, -1,
          1123, 891, 1120, -1,
          1123, 893, 891, -1,
          1096, 921, 928, -1,
          1096, 928, 929, -1,
          1096, 1097, 921, -1,
          1122, 895, 893, -1,
          1122, 893, 1123, -1,
          1098, 929, 930, -1,
          1098, 930, 931, -1,
          1098, 1096, 929, -1,
          1125, 895, 1122, -1,
          1125, 898, 895, -1,
          1100, 931, 932, -1,
          1100, 1098, 931, -1,
          1129, 898, 1125, -1,
          1101, 932, 934, -1,
          1101, 1100, 932, -1,
          1128, 898, 1129, -1,
          1128, 904, 899, -1,
          1128, 899, 898, -1,
          1103, 934, 936, -1,
          1103, 936, 938, -1,
          1103, 1101, 934, -1,
          1127, 904, 1128, -1,
          1127, 907, 904, -1,
          1104, 1103, 938, -1,
          941, 1104, 938, -1,
          1132, 907, 1127, -1,
          1132, 909, 907, -1,
          1106, 1104, 941, -1,
          942, 1106, 941, -1,
          1131, 909, 1132, -1,
          1131, 910, 909, -1,
          1109, 1106, 942, -1,
          1134, 910, 1131, -1,
          1134, 912, 910, -1,
          943, 1109, 942, -1,
          1111, 1109, 943, -1,
          1141, 912, 1134, -1,
          1141, 913, 912, -1,
          1140, 913, 1141, -1,
          1140, 916, 913, -1,
          944, 1113, 1111, -1,
          944, 1111, 943, -1,
          1139, 916, 1140, -1,
          1139, 918, 916, -1,
          945, 1115, 1113, -1,
          945, 1113, 944, -1,
          1138, 918, 1139, -1,
          1138, 920, 918, -1,
          1137, 920, 1138, -1,
          1137, 922, 920, -1,
          1136, 922, 1137, -1,
          1136, 923, 922, -1,
          946, 1117, 1115, -1,
          946, 1115, 945, -1,
          1119, 1117, 946, -1,
          1144, 924, 923, -1,
          1144, 923, 1136, -1,
          1143, 925, 924, -1,
          1143, 924, 1144, -1,
          1149, 926, 925, -1,
          1149, 925, 1143, -1,
          950, 1121, 1119, -1,
          950, 1124, 1121, -1,
          950, 1119, 946, -1,
          1153, 927, 926, -1,
          1153, 926, 1149, -1,
          1155, 927, 1153, -1,
          1155, 933, 927, -1,
          1158, 933, 1155, -1,
          1158, 935, 933, -1,
          949, 1126, 1124, -1,
          949, 1124, 950, -1,
          1157, 935, 1158, -1,
          1157, 937, 935, -1,
          1163, 937, 1157, -1,
          1163, 939, 937, -1,
          1162, 939, 1163, -1,
          1162, 940, 939, -1,
          1166, 940, 1162, -1,
          977, 940, 1166, -1,
          1168, 977, 1166, -1,
          976, 977, 1168, -1,
          948, 1126, 949, -1,
          1130, 1126, 948, -1,
          975, 1168, 1151, -1,
          975, 976, 1168, -1,
          974, 975, 1151, -1,
          1133, 1130, 948, -1,
          973, 1151, 1147, -1,
          973, 974, 1151, -1,
          972, 973, 1147, -1,
          971, 972, 1147, -1,
          971, 1147, 1146, -1,
          970, 971, 1146, -1,
          1189, 953, 954, -1,
          1192, 952, 953, -1,
          1192, 953, 1189, -1,
          1187, 1189, 954, -1,
          1194, 951, 952, -1,
          1194, 952, 1192, -1,
          1185, 1187, 954, -1,
          1185, 954, 955, -1,
          1182, 955, 956, -1,
          1182, 1185, 955, -1,
          1196, 951, 1194, -1,
          1183, 1182, 956, -1,
          1183, 956, 957, -1,
          969, 970, 1146, -1,
          1180, 957, 958, -1,
          1180, 1183, 957, -1,
          1202, 947, 951, -1,
          1202, 951, 1196, -1,
          1178, 958, 959, -1,
          1178, 1180, 958, -1,
          1176, 959, 960, -1,
          1176, 960, 961, -1,
          1176, 1178, 959, -1,
          1206, 947, 1202, -1,
          1206, 948, 947, -1,
          1174, 961, 962, -1,
          1174, 962, 963, -1,
          1174, 1176, 961, -1,
          968, 969, 1146, -1,
          968, 1146, 1145, -1,
          1171, 1174, 963, -1,
          1171, 963, 982, -1,
          1171, 982, 983, -1,
          1171, 983, 984, -1,
          1171, 984, 985, -1,
          1172, 1171, 985, -1,
          1172, 985, 986, -1,
          1172, 986, 987, -1,
          1200, 948, 1206, -1,
          967, 968, 1145, -1,
          1170, 1172, 987, -1,
          1170, 987, 988, -1,
          1170, 988, 992, -1,
          1170, 992, 993, -1,
          1199, 1133, 948, -1,
          1199, 948, 1200, -1,
          966, 1145, 1150, -1,
          966, 967, 1145, -1,
          1173, 993, 994, -1,
          1173, 994, 997, -1,
          1173, 997, 998, -1,
          1173, 1170, 993, -1,
          1175, 998, 1001, -1,
          1175, 1001, 1002, -1,
          1175, 1002, 1005, -1,
          1175, 1173, 998, -1,
          964, 966, 1150, -1,
          965, 964, 1150, -1,
          1177, 1005, 1006, -1,
          1177, 1006, 1008, -1,
          1177, 1175, 1005, -1,
          981, 965, 1150, -1,
          991, 1135, 1133, -1,
          991, 1133, 1199, -1,
          1179, 1177, 1008, -1,
          1179, 1008, 1009, -1,
          980, 1150, 1160, -1,
          980, 981, 1150, -1,
          1181, 1179, 1009, -1,
          1181, 1009, 1010, -1,
          990, 1135, 991, -1,
          978, 980, 1160, -1,
          1198, 991, 1199, -1,
          1011, 1181, 1010, -1,
          1011, 1184, 1181, -1,
          1032, 978, 1160, -1,
          1032, 979, 978, -1,
          996, 1142, 1135, -1,
          996, 1148, 1142, -1,
          996, 1135, 990, -1,
          1031, 1032, 1160, -1,
          1030, 1031, 1160, -1,
          1000, 1152, 1148, -1,
          1000, 1154, 1152, -1,
          1000, 1148, 996, -1,
          1029, 1160, 1159, -1,
          1029, 1030, 1160, -1,
          1019, 1186, 1184, -1,
          1019, 1184, 1011, -1,
          1004, 1156, 1154, -1,
          1004, 1154, 1000, -1,
          1028, 1029, 1159, -1,
          1027, 1159, 1164, -1,
          1027, 1028, 1159, -1,
          1021, 1161, 1156, -1,
          1021, 1156, 1004, -1,
          1026, 1027, 1164, -1,
          1022, 1165, 1161, -1,
          1022, 1161, 1021, -1,
          1023, 1165, 1022, -1,
          1023, 1169, 1165, -1,
          1025, 1164, 1167, -1,
          1025, 1026, 1164, -1,
          1024, 1025, 1167, -1,
          1024, 1167, 1169, -1,
          1024, 1169, 1023, -1,
          1013, 1188, 1186, -1,
          1013, 1186, 1019, -1,
          1214, 991, 1198, -1,
          1214, 989, 991, -1,
          1012, 1190, 1188, -1,
          1012, 1188, 1013, -1,
          1014, 1191, 1190, -1,
          1014, 1190, 1012, -1,
          1218, 995, 989, -1,
          1218, 989, 1214, -1,
          1015, 1193, 1191, -1,
          1015, 1191, 1014, -1,
          1016, 1195, 1193, -1,
          1016, 1193, 1015, -1,
          1222, 995, 1218, -1,
          999, 995, 1222, -1,
          1017, 1197, 1195, -1,
          1017, 1195, 1016, -1,
          1224, 999, 1222, -1,
          1018, 1201, 1197, -1,
          1018, 1197, 1017, -1,
          1227, 999, 1224, -1,
          1227, 1003, 999, -1,
          1020, 1201, 1018, -1,
          1020, 1203, 1201, -1,
          1229, 1003, 1227, -1,
          1229, 1007, 1003, -1,
          1043, 1203, 1020, -1,
          1043, 1204, 1203, -1,
          1231, 1007, 1229, -1,
          1231, 1042, 1007, -1,
          1044, 1204, 1043, -1,
          1044, 1205, 1204, -1,
          1041, 1042, 1231, -1,
          1233, 1041, 1231, -1,
          1235, 1041, 1233, -1,
          1045, 1207, 1205, -1,
          1045, 1205, 1044, -1,
          1040, 1041, 1235, -1,
          1040, 1235, 1245, -1,
          1046, 1208, 1207, -1,
          1046, 1207, 1045, -1,
          1039, 1040, 1245, -1,
          1039, 1245, 1244, -1,
          1047, 1209, 1208, -1,
          1047, 1208, 1046, -1,
          1038, 1244, 1247, -1,
          1038, 1039, 1244, -1,
          1048, 1210, 1209, -1,
          1048, 1209, 1047, -1,
          1037, 1038, 1247, -1,
          1037, 1247, 1250, -1,
          1049, 1211, 1210, -1,
          1049, 1210, 1048, -1,
          1036, 1037, 1250, -1,
          1050, 1212, 1211, -1,
          1050, 1211, 1049, -1,
          1035, 1036, 1250, -1,
          1035, 1250, 1249, -1,
          1051, 1213, 1212, -1,
          1051, 1212, 1050, -1,
          1033, 1249, 1242, -1,
          1033, 1035, 1249, -1,
          1052, 1215, 1213, -1,
          1052, 1213, 1051, -1,
          1034, 1033, 1242, -1,
          1082, 1216, 1215, -1,
          1082, 1215, 1052, -1,
          1056, 1034, 1242, -1,
          1056, 1242, 1241, -1,
          1083, 1217, 1216, -1,
          1083, 1219, 1217, -1,
          1083, 1216, 1082, -1,
          1055, 1241, 1240, -1,
          1055, 1056, 1241, -1,
          1084, 1220, 1219, -1,
          1084, 1219, 1083, -1,
          1053, 1055, 1240, -1,
          1085, 1221, 1220, -1,
          1085, 1220, 1084, -1,
          1054, 1053, 1240, -1,
          1086, 1223, 1221, -1,
          1086, 1221, 1085, -1,
          1061, 1054, 1240, -1,
          1061, 1240, 1239, -1,
          1087, 1225, 1223, -1,
          1087, 1223, 1086, -1,
          1060, 1061, 1239, -1,
          1088, 1226, 1225, -1,
          1088, 1225, 1087, -1,
          1076, 1228, 1226, -1,
          1076, 1226, 1088, -1,
          1059, 1060, 1239, -1,
          1059, 1239, 1238, -1,
          1075, 1228, 1076, -1,
          1057, 1059, 1238, -1,
          1057, 1238, 1237, -1,
          1077, 1230, 1228, -1,
          1077, 1228, 1075, -1,
          1058, 1057, 1237, -1,
          1078, 1232, 1230, -1,
          1078, 1230, 1077, -1,
          1072, 1058, 1237, -1,
          1071, 1072, 1237, -1,
          1079, 1232, 1078, -1,
          1079, 1234, 1232, -1,
          1070, 1071, 1237, -1,
          1070, 1237, 1236, -1,
          1080, 1234, 1079, -1,
          1081, 1234, 1080, -1,
          1081, 1243, 1234, -1,
          1069, 1070, 1236, -1,
          1074, 1243, 1081, -1,
          1068, 1069, 1236, -1,
          1073, 1243, 1074, -1,
          1073, 1246, 1243, -1,
          1067, 1068, 1236, -1,
          1067, 1236, 1248, -1,
          1063, 1251, 1246, -1,
          1063, 1246, 1073, -1,
          1066, 1067, 1248, -1,
          1062, 1251, 1063, -1,
          1062, 1252, 1251, -1,
          1065, 1066, 1248, -1,
          1065, 1248, 1252, -1,
          1064, 1252, 1062, -1,
          1064, 1065, 1252, -1,
          1253, 1, 256, -1,
          1253, 256, 1254, -1,
          1255, 1254, 1256, -1,
          1255, 1253, 1254, -1,
          1257, 1256, 1258, -1,
          1257, 1255, 1256, -1,
          1259, 1258, 1260, -1,
          1259, 1257, 1258, -1,
          1261, 1260, 1262, -1,
          1261, 1259, 1260, -1,
          1263, 1262, 1264, -1,
          1263, 1261, 1262, -1,
          1265, 1264, 1266, -1,
          1265, 1263, 1264, -1,
          1267, 1266, 1268, -1,
          1267, 1265, 1266, -1,
          1269, 1268, 1270, -1,
          1269, 1267, 1268, -1,
          1271, 1270, 1272, -1,
          1271, 1269, 1270, -1,
          1273, 1272, 1274, -1,
          1273, 1271, 1272, -1,
          1275, 1274, 1276, -1,
          1275, 1273, 1274, -1,
          1277, 1276, 1278, -1,
          1277, 1275, 1276, -1,
          1279, 1278, 1280, -1,
          1279, 1277, 1278, -1,
          1281, 1280, 1282, -1,
          1281, 1279, 1280, -1,
          1283, 1282, 1284, -1,
          1283, 1281, 1282, -1,
          1285, 1284, 1286, -1,
          1285, 1283, 1284, -1,
          1287, 1286, 1288, -1,
          1287, 1285, 1286, -1,
          1289, 1287, 1288, -1,
          1289, 1288, 1290, -1,
          1291, 1289, 1290, -1,
          1291, 1290, 1292, -1,
          1293, 1291, 1292, -1,
          1293, 1292, 1294, -1,
          1295, 1293, 1294, -1,
          1295, 1294, 1296, -1,
          1297, 1296, 1298, -1,
          1297, 1295, 1296, -1,
          1299, 1298, 1300, -1,
          1299, 1297, 1298, -1,
          1301, 1300, 1302, -1,
          1301, 1299, 1300, -1,
          1303, 1302, 1304, -1,
          1303, 1301, 1302, -1,
          1305, 1304, 1306, -1,
          1305, 1303, 1304, -1,
          1307, 1306, 1308, -1,
          1307, 1305, 1306, -1,
          1309, 1308, 1310, -1,
          1309, 1307, 1308, -1,
          1311, 1310, 1312, -1,
          1311, 1309, 1310, -1,
          1313, 1312, 1314, -1,
          1313, 1311, 1312, -1,
          1315, 1314, 1316, -1,
          1315, 1313, 1314, -1,
          1317, 1316, 1318, -1,
          1317, 1315, 1316, -1,
          1319, 1318, 1320, -1,
          1319, 1317, 1318, -1,
          1321, 1320, 1322, -1,
          1321, 1319, 1320, -1,
          1323, 1322, 1324, -1,
          1323, 1321, 1322, -1,
          1325, 1324, 1326, -1,
          1325, 1323, 1324, -1,
          1327, 1326, 1328, -1,
          1327, 1325, 1326, -1,
          1329, 1328, 1330, -1,
          1329, 1327, 1328, -1,
          1331, 1330, 1332, -1,
          1331, 1329, 1330, -1,
          1333, 1332, 1334, -1,
          1333, 1331, 1332, -1,
          1335, 1334, 1336, -1,
          1335, 1333, 1334, -1,
          1337, 1335, 1336, -1,
          1337, 1336, 1338, -1,
          1339, 1337, 1338, -1,
          1339, 1338, 1340, -1,
          1341, 1339, 1340, -1,
          1341, 1340, 1342, -1,
          1343, 1341, 1342, -1,
          1343, 1342, 1344, -1,
          1345, 1343, 1344, -1,
          1345, 1344, 1346, -1,
          1347, 1345, 1346, -1,
          1347, 1346, 1348, -1,
          1349, 1347, 1348, -1,
          1349, 1348, 1350, -1,
          1351, 1349, 1350, -1,
          1351, 1350, 1352, -1,
          1353, 1351, 1352, -1,
          1353, 1352, 1354, -1,
          1355, 1353, 1354, -1,
          1355, 1354, 1356, -1,
          1357, 1355, 1356, -1,
          1357, 1356, 1358, -1,
          1359, 1357, 1358, -1,
          1359, 1358, 1360, -1,
          1361, 1359, 1360, -1,
          1361, 1360, 1362, -1,
          1363, 1361, 1362, -1,
          1363, 1362, 1364, -1,
          1365, 1364, 1366, -1,
          1365, 1363, 1364, -1,
          1367, 1366, 1368, -1,
          1367, 1365, 1366, -1,
          1369, 1368, 1370, -1,
          1369, 1367, 1368, -1,
          1371, 1370, 1372, -1,
          1371, 1369, 1370, -1,
          1373, 1372, 1374, -1,
          1373, 1371, 1372, -1,
          1375, 1374, 1376, -1,
          1375, 1373, 1374, -1,
          127, 1376, 130, -1,
          127, 1375, 1376, -1,
          1377, 1378, 1379, -1,
          1377, 1379, 1380, -1,
          1377, 1380, 1381, -1,
          308, 297, 298, -1,
          309, 298, 299, -1,
          309, 308, 298, -1,
          310, 299, 300, -1,
          310, 309, 299, -1,
          303, 310, 300, -1,
          306, 297, 308, -1,
          319, 306, 308, -1,
          320, 319, 308, -1,
          307, 320, 308, -1,
          1382, 1383, 1384, -1,
          1382, 1384, 1385, -1,
          1382, 1385, 1386, -1,
          312, 301, 302, -1,
          312, 302, 304, -1,
          312, 304, 305, -1,
          1378, 312, 311, -1,
          1378, 301, 312, -1,
          1379, 1378, 311, -1,
          318, 314, 315, -1,
          318, 315, 316, -1,
          318, 316, 317, -1,
          1380, 311, 313, -1,
          1380, 1379, 311, -1,
          1381, 313, 318, -1,
          1381, 318, 317, -1,
          1381, 1380, 313, -1,
          321, 1378, 1377, -1,
          330, 321, 1377, -1,
          331, 330, 1377, -1,
          332, 1377, 1381, -1,
          332, 331, 1377, -1,
          317, 332, 1381, -1,
          321, 301, 1378, -1,
          1387, 1388, 1389, -1,
          1387, 1389, 1390, -1,
          1387, 1390, 1391, -1,
          1387, 1391, 1392, -1,
          1393, 1387, 1394, -1,
          1395, 1393, 1396, -1,
          1397, 1393, 1395, -1,
          1398, 1387, 1393, -1,
          1398, 1388, 1387, -1,
          1398, 1393, 1397, -1,
          1399, 1400, 1388, -1,
          1399, 1388, 1398, -1,
          1401, 1402, 1400, -1,
          1401, 1400, 1399, -1,
          1403, 1404, 1402, -1,
          1403, 1402, 1401, -1,
          1405, 1406, 1404, -1,
          1405, 1404, 1403, -1,
          1407, 1408, 1406, -1,
          1407, 1406, 1405, -1,
          1409, 1408, 1407, -1,
          1410, 1408, 1409, -1,
          1410, 1411, 1408, -1,
          1412, 1411, 1410, -1,
          1412, 1413, 1414, -1,
          1412, 1414, 1411, -1,
          1415, 1413, 1412, -1,
          1415, 1416, 1413, -1,
          1417, 1416, 1415, -1,
          1417, 1418, 1416, -1,
          1419, 1418, 1417, -1,
          1419, 1420, 1418, -1,
          1421, 1420, 1419, -1,
          1421, 1422, 1420, -1,
          1423, 1422, 1421, -1,
          1423, 1424, 1422, -1,
          1425, 1424, 1423, -1,
          1425, 1426, 1424, -1,
          1427, 1426, 1425, -1,
          1427, 1428, 1426, -1,
          1429, 1430, 1428, -1,
          1429, 1428, 1427, -1,
          1431, 1430, 1429, -1,
          1431, 1432, 1430, -1,
          1433, 1432, 1431, -1,
          1433, 1434, 1432, -1,
          1435, 1434, 1433, -1,
          1435, 1436, 1434, -1,
          1437, 1438, 1436, -1,
          1437, 1436, 1435, -1,
          1439, 1440, 1438, -1,
          1439, 1438, 1437, -1,
          1441, 1442, 1440, -1,
          1441, 1440, 1439, -1,
          1443, 1444, 1445, -1,
          1443, 1445, 1446, -1,
          1443, 1446, 1447, -1,
          1448, 1449, 1442, -1,
          1448, 1442, 1441, -1,
          1450, 1451, 1443, -1,
          1450, 1443, 1447, -1,
          1452, 1449, 1448, -1,
          1452, 1453, 1449, -1,
          1454, 1453, 1452, -1,
          1454, 1455, 1453, -1,
          1456, 1455, 1454, -1,
          1456, 1457, 1455, -1,
          1458, 1459, 1460, -1,
          1461, 1458, 1460, -1,
          1461, 1460, 1450, -1,
          1462, 1457, 1456, -1,
          1462, 1447, 1457, -1,
          1462, 1461, 1450, -1,
          1462, 1450, 1447, -1,
          1383, 373, 323, -1,
          1383, 323, 322, -1,
          1384, 322, 326, -1,
          1384, 1383, 322, -1,
          329, 324, 325, -1,
          329, 325, 327, -1,
          1385, 326, 329, -1,
          1385, 1384, 326, -1,
          334, 327, 328, -1,
          334, 329, 327, -1,
          1386, 1385, 329, -1,
          381, 329, 334, -1,
          381, 1386, 329, -1,
          382, 334, 333, -1,
          382, 381, 334, -1,
          379, 333, 335, -1,
          379, 382, 333, -1,
          365, 335, 336, -1,
          365, 379, 335, -1,
          1382, 1386, 381, -1,
          372, 373, 1382, -1,
          393, 372, 1382, -1,
          394, 393, 1382, -1,
          380, 394, 1382, -1,
          381, 380, 1382, -1,
          1383, 1382, 373, -1,
          1388, 339, 341, -1,
          1388, 337, 339, -1,
          1389, 1388, 341, -1,
          1389, 345, 347, -1,
          1389, 343, 345, -1,
          1389, 341, 343, -1,
          1400, 337, 1388, -1,
          1400, 338, 337, -1,
          1400, 340, 338, -1,
          1390, 1389, 347, -1,
          1390, 349, 351, -1,
          1390, 347, 349, -1,
          1402, 340, 1400, -1,
          1402, 342, 340, -1,
          1391, 1390, 351, -1,
          1391, 353, 355, -1,
          1391, 351, 353, -1,
          1404, 342, 1402, -1,
          1404, 344, 342, -1,
          1392, 358, 360, -1,
          1392, 356, 358, -1,
          1392, 355, 356, -1,
          1392, 1391, 355, -1,
          1406, 344, 1404, -1,
          1406, 346, 344, -1,
          1406, 348, 346, -1,
          1387, 1392, 360, -1,
          1387, 361, 363, -1,
          1387, 360, 361, -1,
          1408, 348, 1406, -1,
          1408, 350, 348, -1,
          1408, 352, 350, -1,
          1394, 366, 368, -1,
          1394, 1387, 363, -1,
          1394, 363, 366, -1,
          1411, 352, 1408, -1,
          1411, 354, 352, -1,
          1393, 371, 374, -1,
          1393, 369, 371, -1,
          1393, 368, 369, -1,
          1393, 1394, 368, -1,
          1414, 354, 1411, -1,
          1414, 357, 354, -1,
          1396, 376, 377, -1,
          1396, 374, 376, -1,
          1396, 1393, 374, -1,
          1413, 359, 357, -1,
          1413, 357, 1414, -1,
          1395, 392, 391, -1,
          1395, 377, 392, -1,
          1395, 1396, 377, -1,
          1416, 359, 1413, -1,
          1397, 390, 389, -1,
          1397, 391, 390, -1,
          1397, 1395, 391, -1,
          388, 1397, 389, -1,
          1418, 359, 1416, -1,
          1418, 362, 359, -1,
          1398, 1397, 388, -1,
          411, 1398, 388, -1,
          1420, 362, 1418, -1,
          1420, 364, 362, -1,
          410, 1399, 1398, -1,
          410, 1398, 411, -1,
          409, 1401, 1399, -1,
          409, 1399, 410, -1,
          1422, 364, 1420, -1,
          1422, 367, 364, -1,
          1422, 370, 367, -1,
          408, 1401, 409, -1,
          407, 1403, 1401, -1,
          407, 1401, 408, -1,
          406, 1403, 407, -1,
          405, 1403, 406, -1,
          405, 1405, 1403, -1,
          404, 1405, 405, -1,
          404, 1407, 1405, -1,
          423, 1409, 1407, -1,
          423, 1407, 404, -1,
          1424, 370, 1422, -1,
          1424, 375, 370, -1,
          422, 1409, 423, -1,
          421, 1409, 422, -1,
          421, 1410, 1409, -1,
          420, 1410, 421, -1,
          420, 1412, 1410, -1,
          1426, 378, 375, -1,
          1426, 375, 1424, -1,
          419, 1412, 420, -1,
          419, 1415, 1412, -1,
          1428, 383, 378, -1,
          1428, 378, 1426, -1,
          418, 1415, 419, -1,
          418, 1417, 1415, -1,
          418, 1419, 1417, -1,
          417, 1421, 1419, -1,
          417, 1419, 418, -1,
          1430, 384, 383, -1,
          1430, 385, 384, -1,
          1430, 383, 1428, -1,
          416, 1421, 417, -1,
          1432, 385, 1430, -1,
          1434, 385, 1432, -1,
          1434, 386, 385, -1,
          427, 1421, 416, -1,
          427, 1423, 1421, -1,
          1436, 386, 1434, -1,
          1436, 387, 386, -1,
          1438, 387, 1436, -1,
          1438, 395, 387, -1,
          1440, 395, 1438, -1,
          1440, 396, 395, -1,
          1440, 397, 396, -1,
          1442, 397, 1440, -1,
          1442, 398, 397, -1,
          1442, 399, 398, -1,
          426, 1423, 427, -1,
          426, 1425, 1423, -1,
          1449, 399, 1442, -1,
          1449, 400, 399, -1,
          1449, 401, 400, -1,
          1453, 401, 1449, -1,
          1453, 402, 401, -1,
          1455, 412, 402, -1,
          1455, 402, 1453, -1,
          460, 1425, 426, -1,
          460, 1427, 1425, -1,
          1457, 413, 412, -1,
          1457, 412, 1455, -1,
          414, 413, 1457, -1,
          1447, 414, 1457, -1,
          459, 1427, 460, -1,
          435, 414, 1447, -1,
          436, 1447, 1446, -1,
          436, 435, 1447, -1,
          437, 436, 1446, -1,
          458, 1427, 459, -1,
          458, 1429, 1427, -1,
          438, 1446, 1445, -1,
          438, 437, 1446, -1,
          439, 438, 1445, -1,
          457, 1429, 458, -1,
          457, 1431, 1429, -1,
          440, 1445, 1444, -1,
          440, 439, 1445, -1,
          441, 440, 1444, -1,
          456, 1431, 457, -1,
          456, 1433, 1431, -1,
          456, 1435, 1433, -1,
          442, 441, 1444, -1,
          442, 1444, 1443, -1,
          455, 1437, 1435, -1,
          455, 1435, 456, -1,
          443, 442, 1443, -1,
          463, 1437, 455, -1,
          463, 1439, 1437, -1,
          444, 443, 1443, -1,
          445, 1443, 1451, -1,
          445, 444, 1443, -1,
          462, 1439, 463, -1,
          462, 1441, 1439, -1,
          446, 445, 1451, -1,
          461, 1441, 462, -1,
          484, 1441, 461, -1,
          484, 1448, 1441, -1,
          447, 446, 1451, -1,
          447, 1450, 1460, -1,
          447, 1451, 1450, -1,
          483, 1448, 484, -1,
          482, 1448, 483, -1,
          482, 1452, 1448, -1,
          448, 447, 1460, -1,
          449, 448, 1460, -1,
          449, 1460, 1459, -1,
          481, 1452, 482, -1,
          481, 1454, 1452, -1,
          450, 449, 1459, -1,
          480, 1454, 481, -1,
          451, 450, 1459, -1,
          479, 1454, 480, -1,
          479, 1456, 1454, -1,
          452, 451, 1459, -1,
          452, 1459, 1458, -1,
          478, 1456, 479, -1,
          598, 452, 1458, -1,
          477, 1456, 478, -1,
          477, 1462, 1456, -1,
          599, 598, 1458, -1,
          476, 1462, 477, -1,
          600, 1458, 1461, -1,
          600, 599, 1458, -1,
          475, 1462, 476, -1,
          601, 600, 1461, -1,
          602, 1461, 1462, -1,
          602, 1462, 475, -1,
          602, 601, 1461, -1,
          1463, 1464, 1465, -1,
          1466, 1467, 1464, -1,
          1466, 1464, 1463, -1,
          1468, 1467, 1466, -1,
          1469, 1468, 1470, -1,
          1471, 1468, 1469, -1,
          1471, 1467, 1468, -1,
          1472, 1467, 1471, -1,
          1473, 1467, 1472, -1,
          1473, 1474, 1467, -1,
          1475, 1474, 1473, -1,
          1475, 1476, 1474, -1,
          1477, 1476, 1475, -1,
          1478, 1476, 1477, -1,
          1478, 1479, 1476, -1,
          1480, 1479, 1478, -1,
          1480, 1481, 1479, -1,
          1482, 1481, 1480, -1,
          1483, 1482, 1484, -1,
          1483, 1481, 1482, -1,
          1483, 1485, 1486, -1,
          1483, 1486, 1487, -1,
          1483, 1487, 1481, -1,
          1488, 1485, 1483, -1,
          1488, 1489, 1485, -1,
          1490, 1489, 1488, -1,
          1490, 1491, 1492, -1,
          1490, 1492, 1489, -1,
          1493, 1491, 1490, -1,
          1493, 1494, 1495, -1,
          1493, 1495, 1496, -1,
          1493, 1496, 1491, -1,
          1497, 1494, 1493, -1,
          1497, 1498, 1494, -1,
          1499, 1500, 1501, -1,
          1499, 1501, 1498, -1,
          1499, 1498, 1497, -1,
          1502, 1500, 1499, -1,
          1502, 1503, 1500, -1,
          1504, 1503, 1502, -1,
          1504, 1505, 1503, -1,
          1506, 1505, 1504, -1,
          1506, 1507, 1505, -1,
          1508, 1507, 1506, -1,
          1508, 1509, 1507, -1,
          1510, 1511, 1509, -1,
          1510, 1509, 1508, -1,
          1512, 1513, 1511, -1,
          1512, 1511, 1510, -1,
          1514, 1515, 1516, -1,
          1514, 1516, 1513, -1,
          1514, 1513, 1512, -1,
          1517, 1518, 1515, -1,
          1517, 1515, 1514, -1,
          1519, 1520, 1518, -1,
          1519, 1518, 1517, -1,
          1521, 1522, 1520, -1,
          1521, 1520, 1519, -1,
          1523, 1524, 1522, -1,
          1523, 1522, 1521, -1,
          1525, 1526, 1527, -1,
          1528, 1524, 1523, -1,
          1528, 1529, 1524, -1,
          1530, 1529, 1528, -1,
          1531, 1527, 1532, -1,
          1531, 1532, 1533, -1,
          1531, 1525, 1527, -1,
          1534, 1531, 1533, -1,
          1534, 1529, 1530, -1,
          1534, 1533, 1535, -1,
          1534, 1535, 1529, -1,
          430, 415, 403, -1,
          430, 403, 424, -1,
          431, 424, 428, -1,
          431, 430, 424, -1,
          425, 415, 430, -1,
          429, 425, 430, -1,
          434, 431, 428, -1,
          453, 434, 428, -1,
          432, 425, 429, -1,
          433, 432, 429, -1,
          487, 434, 453, -1,
          467, 432, 433, -1,
          468, 467, 433, -1,
          473, 467, 468, -1,
          471, 473, 468, -1,
          486, 473, 471, -1,
          496, 473, 486, -1,
          489, 496, 486, -1,
          493, 496, 489, -1,
          493, 503, 496, -1,
          469, 454, 464, -1,
          469, 464, 465, -1,
          469, 465, 466, -1,
          499, 503, 493, -1,
          499, 507, 503, -1,
          499, 509, 507, -1,
          547, 509, 499, -1,
          547, 513, 509, -1,
          551, 513, 547, -1,
          551, 516, 513, -1,
          474, 454, 469, -1,
          474, 472, 485, -1,
          474, 470, 472, -1,
          474, 469, 470, -1,
          555, 516, 551, -1,
          555, 517, 516, -1,
          603, 485, 488, -1,
          603, 474, 485, -1,
          561, 519, 517, -1,
          561, 517, 555, -1,
          564, 520, 519, -1,
          564, 519, 561, -1,
          604, 488, 490, -1,
          604, 603, 488, -1,
          569, 520, 564, -1,
          605, 604, 490, -1,
          605, 490, 492, -1,
          574, 523, 520, -1,
          574, 520, 569, -1,
          606, 605, 492, -1,
          606, 492, 495, -1,
          580, 524, 523, -1,
          580, 523, 574, -1,
          611, 526, 524, -1,
          611, 527, 526, -1,
          611, 524, 580, -1,
          607, 606, 495, -1,
          607, 495, 500, -1,
          608, 607, 500, -1,
          616, 529, 527, -1,
          616, 527, 611, -1,
          609, 608, 500, -1,
          609, 500, 502, -1,
          623, 532, 529, -1,
          623, 529, 616, -1,
          631, 533, 532, -1,
          631, 532, 623, -1,
          591, 609, 502, -1,
          591, 502, 506, -1,
          630, 535, 533, -1,
          630, 533, 631, -1,
          592, 506, 508, -1,
          592, 591, 506, -1,
          638, 535, 630, -1,
          593, 592, 508, -1,
          593, 508, 511, -1,
          645, 538, 535, -1,
          645, 535, 638, -1,
          652, 539, 538, -1,
          652, 538, 645, -1,
          594, 593, 511, -1,
          594, 511, 512, -1,
          657, 539, 652, -1,
          595, 594, 512, -1,
          595, 512, 515, -1,
          659, 539, 657, -1,
          659, 537, 539, -1,
          596, 595, 515, -1,
          596, 515, 518, -1,
          597, 596, 518, -1,
          670, 537, 659, -1,
          670, 540, 537, -1,
          707, 597, 518, -1,
          707, 518, 522, -1,
          673, 540, 670, -1,
          673, 536, 540, -1,
          708, 707, 522, -1,
          677, 536, 673, -1,
          709, 708, 522, -1,
          683, 536, 677, -1,
          683, 534, 536, -1,
          710, 709, 522, -1,
          711, 710, 522, -1,
          711, 522, 525, -1,
          687, 534, 683, -1,
          687, 531, 534, -1,
          712, 711, 525, -1,
          715, 531, 687, -1,
          715, 528, 531, -1,
          713, 712, 525, -1,
          713, 525, 528, -1,
          714, 528, 715, -1,
          714, 713, 528, -1,
          566, 557, 504, -1,
          566, 558, 557, -1,
          566, 559, 558, -1,
          566, 504, 491, -1,
          567, 566, 491, -1,
          571, 567, 491, -1,
          572, 494, 497, -1,
          572, 491, 494, -1,
          572, 571, 491, -1,
          576, 498, 501, -1,
          576, 497, 498, -1,
          576, 572, 497, -1,
          577, 501, 505, -1,
          577, 576, 501, -1,
          582, 510, 514, -1,
          582, 505, 510, -1,
          582, 577, 505, -1,
          613, 514, 521, -1,
          613, 582, 514, -1,
          618, 521, 530, -1,
          618, 613, 521, -1,
          619, 530, 590, -1,
          619, 618, 530, -1,
          620, 589, 588, -1,
          620, 590, 589, -1,
          620, 619, 590, -1,
          625, 588, 587, -1,
          625, 620, 588, -1,
          626, 587, 586, -1,
          626, 625, 587, -1,
          627, 626, 586, -1,
          627, 586, 585, -1,
          633, 585, 584, -1,
          633, 627, 585, -1,
          634, 633, 584, -1,
          634, 584, 583, -1,
          635, 634, 583, -1,
          614, 635, 583, -1,
          640, 635, 614, -1,
          621, 641, 640, -1,
          621, 640, 614, -1,
          628, 642, 641, -1,
          628, 641, 621, -1,
          636, 647, 642, -1,
          636, 642, 628, -1,
          650, 648, 647, -1,
          650, 649, 648, -1,
          650, 647, 636, -1,
          660, 654, 649, -1,
          660, 649, 650, -1,
          665, 654, 660, -1,
          668, 655, 654, -1,
          668, 654, 665, -1,
          675, 655, 668, -1,
          675, 662, 655, -1,
          1476, 543, 545, -1,
          1474, 1476, 545, -1,
          1474, 545, 549, -1,
          1474, 552, 553, -1,
          1474, 549, 552, -1,
          1479, 543, 1476, -1,
          1479, 542, 543, -1,
          1481, 541, 542, -1,
          1481, 542, 1479, -1,
          1467, 1474, 553, -1,
          1467, 556, 562, -1,
          1467, 553, 556, -1,
          1487, 544, 541, -1,
          1487, 546, 544, -1,
          1487, 541, 1481, -1,
          1464, 1467, 562, -1,
          1464, 570, 575, -1,
          1464, 565, 570, -1,
          1464, 562, 565, -1,
          1486, 548, 546, -1,
          1486, 546, 1487, -1,
          1465, 1464, 575, -1,
          1465, 575, 581, -1,
          1485, 548, 1486, -1,
          1485, 550, 548, -1,
          694, 663, 662, -1,
          694, 662, 675, -1,
          1463, 1465, 581, -1,
          1463, 612, 617, -1,
          1463, 581, 612, -1,
          1489, 550, 1485, -1,
          1489, 554, 550, -1,
          1466, 1463, 617, -1,
          1466, 617, 624, -1,
          1492, 554, 1489, -1,
          1492, 560, 554, -1,
          1468, 1466, 624, -1,
          1468, 624, 632, -1,
          693, 667, 663, -1,
          693, 663, 694, -1,
          1491, 560, 1492, -1,
          1491, 563, 560, -1,
          1491, 568, 563, -1,
          1470, 1468, 632, -1,
          1470, 639, 646, -1,
          1470, 632, 639, -1,
          1496, 573, 568, -1,
          1496, 578, 573, -1,
          1496, 568, 1491, -1,
          1469, 1470, 646, -1,
          1469, 653, 661, -1,
          1469, 646, 653, -1,
          692, 671, 667, -1,
          692, 667, 693, -1,
          1495, 579, 578, -1,
          1495, 578, 1496, -1,
          1471, 1469, 661, -1,
          1471, 666, 674, -1,
          1471, 661, 666, -1,
          1494, 610, 579, -1,
          1494, 579, 1495, -1,
          1472, 1471, 674, -1,
          1472, 674, 679, -1,
          691, 678, 671, -1,
          691, 681, 678, -1,
          691, 671, 692, -1,
          1498, 615, 610, -1,
          1498, 610, 1494, -1,
          1501, 615, 1498, -1,
          1473, 679, 684, -1,
          1473, 1472, 679, -1,
          1500, 615, 1501, -1,
          1500, 622, 615, -1,
          1475, 1473, 684, -1,
          1475, 684, 689, -1,
          698, 685, 681, -1,
          698, 681, 691, -1,
          1477, 1475, 689, -1,
          1503, 629, 622, -1,
          1503, 622, 1500, -1,
          1478, 1477, 689, -1,
          1505, 629, 1503, -1,
          1505, 637, 629, -1,
          697, 685, 698, -1,
          697, 688, 685, -1,
          1507, 637, 1505, -1,
          1507, 643, 637, -1,
          1480, 1478, 689, -1,
          1509, 643, 1507, -1,
          1509, 644, 643, -1,
          1509, 651, 644, -1,
          1482, 1480, 689, -1,
          696, 688, 697, -1,
          696, 689, 688, -1,
          1484, 1482, 689, -1,
          1511, 651, 1509, -1,
          1511, 656, 651, -1,
          1511, 658, 656, -1,
          695, 1484, 689, -1,
          695, 689, 696, -1,
          1513, 664, 658, -1,
          1513, 658, 1511, -1,
          1516, 669, 664, -1,
          1516, 672, 669, -1,
          1516, 664, 1513, -1,
          705, 1484, 695, -1,
          1515, 676, 672, -1,
          1515, 672, 1516, -1,
          1518, 680, 676, -1,
          1518, 682, 680, -1,
          1518, 676, 1515, -1,
          1520, 686, 682, -1,
          1520, 682, 1518, -1,
          1522, 716, 686, -1,
          1522, 686, 1520, -1,
          704, 1483, 1484, -1,
          704, 1488, 1483, -1,
          704, 1490, 1488, -1,
          704, 1484, 705, -1,
          1524, 717, 716, -1,
          1524, 716, 1522, -1,
          718, 717, 1524, -1,
          1529, 718, 1524, -1,
          703, 1490, 704, -1,
          703, 1493, 1490, -1,
          719, 718, 1529, -1,
          720, 719, 1529, -1,
          721, 1529, 1535, -1,
          721, 720, 1529, -1,
          702, 1493, 703, -1,
          702, 1497, 1493, -1,
          722, 721, 1535, -1,
          701, 1499, 1497, -1,
          701, 1497, 702, -1,
          723, 1535, 1533, -1,
          723, 722, 1535, -1,
          724, 1533, 1532, -1,
          724, 723, 1533, -1,
          700, 1499, 701, -1,
          700, 1502, 1499, -1,
          725, 724, 1532, -1,
          706, 1504, 1502, -1,
          706, 1502, 700, -1,
          726, 1532, 1527, -1,
          726, 725, 1532, -1,
          735, 1504, 706, -1,
          735, 1506, 1504, -1,
          727, 1527, 1526, -1,
          727, 726, 1527, -1,
          734, 1508, 1506, -1,
          734, 1506, 735, -1,
          728, 727, 1526, -1,
          733, 1510, 1508, -1,
          733, 1508, 734, -1,
          762, 1512, 1510, -1,
          762, 1510, 733, -1,
          729, 1526, 1525, -1,
          729, 728, 1526, -1,
          761, 1512, 762, -1,
          744, 729, 1525, -1,
          760, 1514, 1512, -1,
          760, 1512, 761, -1,
          759, 1514, 760, -1,
          745, 1525, 1531, -1,
          745, 744, 1525, -1,
          758, 1517, 1514, -1,
          758, 1514, 759, -1,
          746, 745, 1531, -1,
          757, 1519, 1517, -1,
          757, 1517, 758, -1,
          747, 746, 1531, -1,
          756, 1521, 1519, -1,
          756, 1519, 757, -1,
          748, 747, 1531, -1,
          748, 1531, 1534, -1,
          755, 1521, 756, -1,
          755, 1523, 1521, -1,
          749, 748, 1534, -1,
          750, 749, 1534, -1,
          750, 1534, 1530, -1,
          754, 1523, 755, -1,
          751, 750, 1530, -1,
          753, 1523, 754, -1,
          753, 1528, 1523, -1,
          752, 751, 1530, -1,
          752, 1528, 753, -1,
          752, 1530, 1528, -1,
          1536, 1537, 1538, -1,
          1536, 1538, 1539, -1,
          1536, 1539, 1540, -1,
          732, 699, 690, -1,
          732, 690, 730, -1,
          740, 730, 737, -1,
          740, 732, 730, -1,
          774, 737, 741, -1,
          774, 740, 737, -1,
          1541, 1542, 1543, -1,
          1544, 1541, 1545, -1,
          1544, 1545, 1546, -1,
          1544, 1546, 1547, -1,
          1544, 1542, 1541, -1,
          1548, 1549, 1542, -1,
          1548, 1542, 1544, -1,
          1550, 1551, 1549, -1,
          1550, 1549, 1548, -1,
          1552, 1551, 1550, -1,
          1553, 1554, 1551, -1,
          1553, 1551, 1552, -1,
          1555, 1556, 1554, -1,
          1555, 1554, 1553, -1,
          1557, 1556, 1555, -1,
          1558, 1556, 1557, -1,
          1559, 1556, 1558, -1,
          1560, 1556, 1559, -1,
          1561, 1556, 1560, -1,
          1562, 1556, 1561, -1,
          1563, 1562, 1564, -1,
          1563, 1564, 1565, -1,
          1563, 1565, 1566, -1,
          1563, 1556, 1562, -1,
          1567, 1563, 1566, -1,
          1568, 1563, 1567, -1,
          1569, 1563, 1568, -1,
          1570, 1569, 1568, -1,
          1571, 1569, 1570, -1,
          1571, 1572, 1569, -1,
          1573, 1572, 1571, -1,
          1574, 1572, 1573, -1,
          1574, 1575, 1572, -1,
          1576, 1575, 1574, -1,
          1576, 1577, 1575, -1,
          1578, 1577, 1576, -1,
          1578, 1579, 1577, -1,
          1580, 1579, 1578, -1,
          1580, 1581, 1579, -1,
          1582, 1581, 1580, -1,
          1583, 1584, 1585, -1,
          1586, 1587, 1584, -1,
          1586, 1584, 1583, -1,
          1588, 1589, 1587, -1,
          1588, 1587, 1586, -1,
          1590, 1591, 1589, -1,
          1590, 1589, 1588, -1,
          1592, 1593, 1591, -1,
          1592, 1591, 1590, -1,
          1594, 1593, 1592, -1,
          1595, 1593, 1594, -1,
          1596, 1593, 1595, -1,
          1597, 1593, 1596, -1,
          1598, 1593, 1597, -1,
          1599, 1593, 1598, -1,
          1600, 1599, 1601, -1,
          1600, 1601, 1602, -1,
          1600, 1602, 1603, -1,
          1600, 1603, 1604, -1,
          1600, 1593, 1599, -1,
          1605, 1600, 1604, -1,
          1606, 1600, 1605, -1,
          1607, 1608, 1606, -1,
          1607, 1606, 1605, -1,
          1609, 1608, 1607, -1,
          1610, 1611, 1608, -1,
          1610, 1608, 1609, -1,
          1612, 1613, 1611, -1,
          1612, 1611, 1610, -1,
          1614, 1613, 1612, -1,
          1614, 1615, 1613, -1,
          1616, 1615, 1614, -1,
          1617, 1616, 1614, -1,
          743, 731, 736, -1,
          743, 736, 738, -1,
          743, 738, 739, -1,
          1537, 743, 742, -1,
          1537, 731, 743, -1,
          1538, 1537, 742, -1,
          768, 763, 765, -1,
          768, 765, 766, -1,
          768, 766, 767, -1,
          1539, 742, 764, -1,
          1539, 1538, 742, -1,
          1540, 764, 768, -1,
          1540, 768, 767, -1,
          1540, 1539, 764, -1,
          775, 1537, 1536, -1,
          776, 775, 1536, -1,
          777, 776, 1536, -1,
          778, 1536, 1540, -1,
          778, 777, 1536, -1,
          767, 778, 1540, -1,
          775, 731, 1537, -1,
          1556, 769, 770, -1,
          1554, 770, 771, -1,
          1554, 1556, 770, -1,
          1551, 1554, 771, -1,
          1549, 771, 772, -1,
          1549, 1551, 771, -1,
          1542, 773, 779, -1,
          1542, 772, 773, -1,
          1542, 1549, 772, -1,
          1543, 779, 780, -1,
          1543, 1542, 779, -1,
          1541, 1543, 780, -1,
          1541, 780, 781, -1,
          1545, 1541, 781, -1,
          1545, 782, 783, -1,
          1545, 781, 782, -1,
          1546, 1545, 783, -1,
          1546, 783, 784, -1,
          1547, 1546, 784, -1,
          1547, 785, 786, -1,
          1547, 784, 785, -1,
          1544, 1547, 786, -1,
          1544, 787, 788, -1,
          1544, 786, 787, -1,
          1548, 788, 789, -1,
          1548, 1544, 788, -1,
          790, 1548, 789, -1,
          1550, 1548, 790, -1,
          791, 1550, 790, -1,
          792, 1550, 791, -1,
          1552, 1550, 792, -1,
          793, 1552, 792, -1,
          1563, 769, 1556, -1,
          794, 1552, 793, -1,
          794, 1553, 1552, -1,
          795, 1553, 794, -1,
          833, 1553, 795, -1,
          833, 1555, 1553, -1,
          832, 1555, 833, -1,
          832, 1557, 1555, -1,
          831, 1557, 832, -1,
          831, 1558, 1557, -1,
          830, 1558, 831, -1,
          829, 1558, 830, -1,
          829, 1559, 1558, -1,
          1591, 1563, 1569, -1,
          1591, 1593, 1563, -1,
          828, 1559, 829, -1,
          827, 1559, 828, -1,
          827, 1560, 1559, -1,
          1589, 1569, 1572, -1,
          1589, 1591, 1569, -1,
          852, 1560, 827, -1,
          852, 1561, 1560, -1,
          852, 1562, 1561, -1,
          851, 1562, 852, -1,
          1587, 1572, 1575, -1,
          1587, 1589, 1572, -1,
          850, 1564, 1562, -1,
          850, 1562, 851, -1,
          849, 1564, 850, -1,
          849, 1565, 1564, -1,
          1584, 1575, 1577, -1,
          1584, 1587, 1575, -1,
          848, 1565, 849, -1,
          848, 1566, 1565, -1,
          1585, 1584, 1577, -1,
          847, 1567, 1566, -1,
          847, 1566, 848, -1,
          1583, 1577, 1579, -1,
          1583, 1585, 1577, -1,
          846, 1567, 847, -1,
          845, 1568, 1567, -1,
          845, 1567, 846, -1,
          844, 1570, 1568, -1,
          844, 1568, 845, -1,
          824, 1570, 844, -1,
          824, 1571, 1570, -1,
          798, 1582, 1580, -1,
          798, 1581, 1582, -1,
          798, 1579, 1581, -1,
          798, 1586, 1583, -1,
          798, 1583, 1579, -1,
          823, 1571, 824, -1,
          797, 1588, 1586, -1,
          797, 1586, 798, -1,
          796, 798, 1580, -1,
          821, 1573, 1571, -1,
          821, 1571, 823, -1,
          819, 1573, 821, -1,
          801, 1580, 1578, -1,
          801, 796, 1580, -1,
          803, 801, 1578, -1,
          817, 1574, 1573, -1,
          817, 1573, 819, -1,
          1590, 1588, 797, -1,
          815, 1574, 817, -1,
          805, 1578, 1576, -1,
          805, 803, 1578, -1,
          809, 1576, 1574, -1,
          809, 1574, 815, -1,
          807, 805, 1576, -1,
          807, 1576, 809, -1,
          799, 1590, 797, -1,
          800, 1592, 1590, -1,
          800, 1590, 799, -1,
          802, 1594, 1592, -1,
          802, 1592, 800, -1,
          804, 1594, 802, -1,
          810, 1593, 1600, -1,
          806, 1595, 1594, -1,
          806, 1594, 804, -1,
          808, 1596, 1595, -1,
          808, 1595, 806, -1,
          811, 810, 1600, -1,
          814, 1596, 808, -1,
          816, 1596, 814, -1,
          816, 1597, 1596, -1,
          818, 1597, 816, -1,
          820, 1598, 1597, -1,
          820, 1597, 818, -1,
          812, 811, 1600, -1,
          812, 1600, 1606, -1,
          812, 1606, 1608, -1,
          822, 1598, 820, -1,
          822, 1599, 1598, -1,
          825, 1599, 822, -1,
          825, 1601, 1599, -1,
          843, 1601, 825, -1,
          813, 1608, 1611, -1,
          813, 1611, 1613, -1,
          813, 812, 1608, -1,
          842, 1601, 843, -1,
          842, 1602, 1601, -1,
          841, 1602, 842, -1,
          841, 1603, 1602, -1,
          840, 1603, 841, -1,
          840, 1604, 1603, -1,
          839, 1604, 840, -1,
          839, 1605, 1604, -1,
          856, 1615, 1616, -1,
          856, 1613, 1615, -1,
          856, 813, 1613, -1,
          838, 1605, 839, -1,
          857, 856, 1616, -1,
          857, 1616, 1617, -1,
          903, 1605, 838, -1,
          858, 857, 1617, -1,
          902, 1607, 1605, -1,
          902, 1605, 903, -1,
          859, 858, 1617, -1,
          870, 1609, 1607, -1,
          870, 1607, 902, -1,
          860, 859, 1617, -1,
          860, 1617, 1614, -1,
          861, 860, 1614, -1,
          869, 1609, 870, -1,
          862, 861, 1614, -1,
          868, 1610, 1609, -1,
          868, 1609, 869, -1,
          863, 862, 1614, -1,
          863, 1614, 1612, -1,
          867, 1610, 868, -1,
          864, 863, 1612, -1,
          866, 1610, 867, -1,
          865, 1610, 866, -1,
          865, 1612, 1610, -1,
          865, 864, 1612, -1,
          810, 769, 1593, -1,
          1593, 769, 1563, -1,
          257, 263, 1618, -1,
          257, 1618, 1619, -1,
          257, 1619, 1620, -1,
          257, 1620, 1621, -1,
          257, 1621, 1622, -1,
          257, 1622, 1623, -1,
          257, 1623, 1624, -1,
          266, 78, 76, -1,
          74, 266, 76, -1,
          72, 266, 74, -1,
          70, 266, 72, -1,
          68, 266, 70, -1,
          66, 266, 68, -1,
          64, 266, 66, -1,
          1625, 282, 257, -1,
          1625, 1624, 1626, -1,
          1625, 1626, 1627, -1,
          1625, 1627, 1628, -1,
          1625, 1628, 1629, -1,
          1625, 1629, 1630, -1,
          1625, 1630, 1631, -1,
          1625, 1631, 1632, -1,
          1625, 1632, 1633, -1,
          1625, 1633, 1634, -1,
          1625, 1634, 1635, -1,
          1625, 1635, 1636, -1,
          1625, 1636, 1637, -1,
          1625, 1637, 1638, -1,
          1625, 1638, 1639, -1,
          1625, 257, 1624, -1,
          1640, 294, 282, -1,
          1640, 1639, 1641, -1,
          1640, 1641, 1642, -1,
          1640, 1642, 1643, -1,
          1640, 1643, 1644, -1,
          1640, 1644, 1645, -1,
          1640, 1645, 1646, -1,
          1640, 1646, 1647, -1,
          1640, 1647, 1648, -1,
          1640, 1648, 1649, -1,
          1640, 1649, 1650, -1,
          1640, 1650, 128, -1,
          1640, 128, 126, -1,
          1640, 126, 124, -1,
          1640, 124, 122, -1,
          1640, 122, 120, -1,
          1640, 120, 118, -1,
          1640, 118, 116, -1,
          1640, 116, 114, -1,
          1640, 114, 112, -1,
          1640, 112, 110, -1,
          1640, 110, 108, -1,
          1640, 108, 106, -1,
          1640, 295, 294, -1,
          1640, 282, 1625, -1,
          1640, 1625, 1639, -1,
          1651, 106, 104, -1,
          1651, 104, 102, -1,
          1651, 102, 100, -1,
          1651, 100, 98, -1,
          1651, 98, 96, -1,
          1651, 96, 94, -1,
          1651, 94, 92, -1,
          1651, 92, 90, -1,
          1651, 90, 88, -1,
          1651, 88, 86, -1,
          1651, 86, 84, -1,
          1651, 84, 82, -1,
          1651, 82, 80, -1,
          1651, 80, 78, -1,
          1651, 1640, 106, -1,
          1651, 266, 295, -1,
          1651, 295, 1640, -1,
          1651, 78, 266, -1,
          1090, 837, 853, -1,
          1090, 853, 854, -1,
          1090, 854, 855, -1,
          871, 1089, 872, -1,
          873, 1089, 871, -1,
          874, 1089, 873, -1,
          901, 837, 1090, -1,
          901, 1090, 1089, -1,
          901, 1089, 874, -1,
          1090, 826, 834, -1,
          1090, 834, 1089, -1,
          836, 1089, 835, -1,
          835, 1089, 834, -1,
          1652, 1653, 1654, -1,
          1655, 1656, 1657, -1,
          1653, 1658, 1659, -1,
          1660, 1661, 1652, -1,
          1662, 1661, 1660, -1,
          1653, 1661, 1658, -1,
          1652, 1661, 1653, -1,
          1663, 1664, 1665, -1,
          1665, 1666, 1656, -1,
          1667, 1666, 1664, -1,
          1664, 1666, 1665, -1,
          1668, 1669, 1670, -1,
          1657, 1671, 1662, -1,
          1656, 1671, 1657, -1,
          1666, 1671, 1656, -1,
          1661, 1672, 1668, -1,
          1662, 1672, 1661, -1,
          1671, 1672, 1662, -1,
          1669, 1673, 1674, -1,
          1668, 1673, 1669, -1,
          1672, 1673, 1668, -1,
          1674, 1673, 1675, -1,
          1676, 1677, 1672, -1,
          1678, 1679, 1680, -1,
          1673, 1679, 1678, -1,
          1681, 255, 1677, -1,
          1682, 255, 1681, -1,
          1677, 255, 1672, -1,
          1679, 1683, 1684, -1,
          252, 250, 254, -1,
          1683, 1685, 1686, -1,
          1683, 1687, 1685, -1,
          248, 246, 250, -1,
          250, 246, 254, -1,
          1683, 1688, 1687, -1,
          1673, 1688, 1679, -1,
          1679, 1688, 1683, -1,
          1688, 1689, 1690, -1,
          243, 238, 246, -1,
          242, 238, 243, -1,
          240, 238, 242, -1,
          254, 236, 255, -1,
          238, 236, 246, -1,
          246, 236, 254, -1,
          1691, 1692, 1693, -1,
          1689, 1692, 1691, -1,
          1689, 1694, 1692, -1,
          1688, 1695, 1689, -1,
          1689, 1695, 1694, -1,
          234, 230, 236, -1,
          232, 230, 234, -1,
          230, 227, 236, -1,
          1696, 1697, 1698, -1,
          1696, 1699, 1697, -1,
          1696, 1700, 1699, -1,
          226, 219, 227, -1,
          224, 219, 226, -1,
          221, 219, 224, -1,
          1696, 1701, 1700, -1,
          1695, 1701, 1696, -1,
          219, 217, 227, -1,
          1702, 1703, 1704, -1,
          216, 209, 217, -1,
          214, 209, 216, -1,
          212, 209, 214, -1,
          227, 209, 236, -1,
          217, 209, 227, -1,
          1688, 1705, 1695, -1,
          1695, 1705, 1701, -1,
          1703, 1705, 1706, -1,
          1701, 1705, 1702, -1,
          1702, 1705, 1703, -1,
          1705, 1707, 1708, -1,
          205, 202, 207, -1,
          204, 202, 205, -1,
          1705, 1709, 1707, -1,
          1688, 1709, 1705, -1,
          1710, 1709, 1711, -1,
          1707, 1709, 1710, -1,
          199, 198, 202, -1,
          202, 198, 207, -1,
          1709, 1712, 1713, -1,
          195, 193, 198, -1,
          236, 129, 255, -1,
          1709, 129, 1712, -1,
          1673, 129, 1688, -1,
          1712, 129, 131, -1,
          1672, 129, 1673, -1,
          255, 129, 1672, -1,
          1688, 129, 1709, -1,
          193, 189, 198, -1,
          191, 189, 193, -1,
          236, 133, 129, -1,
          207, 133, 209, -1,
          209, 133, 236, -1,
          189, 185, 198, -1,
          187, 185, 189, -1,
          133, 137, 135, -1,
          139, 143, 141, -1,
          139, 145, 143, -1,
          181, 175, 183, -1,
          179, 175, 181, -1,
          177, 175, 179, -1,
          139, 149, 145, -1,
          145, 149, 147, -1,
          137, 149, 139, -1,
          173, 171, 175, -1,
          198, 169, 207, -1,
          207, 169, 133, -1,
          185, 169, 198, -1,
          133, 169, 137, -1,
          183, 169, 185, -1,
          171, 169, 175, -1,
          175, 169, 183, -1,
          169, 153, 137, -1,
          149, 153, 151, -1,
          137, 153, 149, -1,
          153, 157, 155, -1,
          167, 163, 169, -1,
          165, 163, 167, -1,
          153, 159, 157, -1,
          169, 161, 153, -1,
          153, 161, 159, -1,
          163, 161, 169, -1,
          1682, 256, 255, -1,
          1254, 256, 1682, -1,
          1681, 1254, 1682, -1,
          1256, 1254, 1681, -1,
          1677, 1256, 1681, -1,
          1258, 1256, 1677, -1,
          1676, 1258, 1677, -1,
          1260, 1258, 1676, -1,
          1672, 1260, 1676, -1,
          1262, 1260, 1672, -1,
          1671, 1262, 1672, -1,
          1264, 1262, 1671, -1,
          1666, 1264, 1671, -1,
          1266, 1264, 1666, -1,
          1667, 1266, 1666, -1,
          1268, 1266, 1667, -1,
          1664, 1268, 1667, -1,
          1270, 1268, 1664, -1,
          1663, 1270, 1664, -1,
          1272, 1270, 1663, -1,
          1665, 1272, 1663, -1,
          1274, 1272, 1665, -1,
          1656, 1274, 1665, -1,
          1276, 1274, 1656, -1,
          1655, 1276, 1656, -1,
          1278, 1276, 1655, -1,
          1657, 1278, 1655, -1,
          1280, 1278, 1657, -1,
          1662, 1280, 1657, -1,
          1282, 1280, 1662, -1,
          1660, 1282, 1662, -1,
          1284, 1282, 1660, -1,
          1652, 1284, 1660, -1,
          1286, 1284, 1652, -1,
          1654, 1286, 1652, -1,
          1288, 1286, 1654, -1,
          1653, 1288, 1654, -1,
          1290, 1288, 1653, -1,
          1659, 1290, 1653, -1,
          1292, 1290, 1659, -1,
          1658, 1292, 1659, -1,
          1294, 1292, 1658, -1,
          1661, 1294, 1658, -1,
          1296, 1294, 1661, -1,
          1668, 1296, 1661, -1,
          1298, 1296, 1668, -1,
          1670, 1298, 1668, -1,
          1300, 1298, 1670, -1,
          1669, 1300, 1670, -1,
          1302, 1300, 1669, -1,
          1674, 1302, 1669, -1,
          1304, 1302, 1674, -1,
          1675, 1304, 1674, -1,
          1306, 1304, 1675, -1,
          1673, 1306, 1675, -1,
          1308, 1306, 1673, -1,
          1678, 1308, 1673, -1,
          1310, 1308, 1678, -1,
          1680, 1310, 1678, -1,
          1312, 1310, 1680, -1,
          1679, 1312, 1680, -1,
          1314, 1312, 1679, -1,
          1684, 1314, 1679, -1,
          1316, 1314, 1684, -1,
          1683, 1316, 1684, -1,
          1318, 1316, 1683, -1,
          1686, 1318, 1683, -1,
          1320, 1318, 1686, -1,
          1685, 1320, 1686, -1,
          1322, 1320, 1685, -1,
          1687, 1322, 1685, -1,
          1324, 1322, 1687, -1,
          1688, 1324, 1687, -1,
          1326, 1324, 1688, -1,
          1328, 1688, 1690, -1,
          1328, 1326, 1688, -1,
          1689, 1328, 1690, -1,
          1330, 1328, 1689, -1,
          1691, 1330, 1689, -1,
          1332, 1330, 1691, -1,
          1693, 1332, 1691, -1,
          1334, 1332, 1693, -1,
          1692, 1334, 1693, -1,
          1336, 1334, 1692, -1,
          1338, 1336, 1692, -1,
          1338, 1692, 1694, -1,
          1695, 1338, 1694, -1,
          1340, 1338, 1695, -1,
          1696, 1340, 1695, -1,
          1342, 1340, 1696, -1,
          1698, 1342, 1696, -1,
          1344, 1342, 1698, -1,
          1697, 1344, 1698, -1,
          1346, 1344, 1697, -1,
          1348, 1697, 1699, -1,
          1348, 1346, 1697, -1,
          1700, 1348, 1699, -1,
          1350, 1348, 1700, -1,
          1701, 1350, 1700, -1,
          1352, 1350, 1701, -1,
          1702, 1352, 1701, -1,
          1354, 1352, 1702, -1,
          1704, 1354, 1702, -1,
          1356, 1354, 1704, -1,
          1358, 1704, 1703, -1,
          1358, 1356, 1704, -1,
          1706, 1358, 1703, -1,
          1360, 1358, 1706, -1,
          1705, 1360, 1706, -1,
          1362, 1360, 1705, -1,
          1364, 1705, 1708, -1,
          1364, 1362, 1705, -1,
          1707, 1364, 1708, -1,
          1366, 1364, 1707, -1,
          1368, 1707, 1710, -1,
          1368, 1366, 1707, -1,
          1711, 1368, 1710, -1,
          1370, 1368, 1711, -1,
          1372, 1711, 1709, -1,
          1372, 1370, 1711, -1,
          1374, 1709, 1713, -1,
          1374, 1372, 1709, -1,
          1376, 1713, 1712, -1,
          1376, 1374, 1713, -1,
          131, 1376, 1712, -1,
          130, 1376, 131, -1,
          1650, 127, 128, -1,
          1375, 127, 1650, -1,
          1649, 1375, 1650, -1,
          1373, 1375, 1649, -1,
          1648, 1373, 1649, -1,
          1371, 1373, 1648, -1,
          1647, 1371, 1648, -1,
          1369, 1371, 1647, -1,
          1646, 1369, 1647, -1,
          1367, 1369, 1646, -1,
          1645, 1367, 1646, -1,
          1365, 1367, 1645, -1,
          1644, 1365, 1645, -1,
          1363, 1365, 1644, -1,
          1643, 1363, 1644, -1,
          1361, 1363, 1643, -1,
          1642, 1361, 1643, -1,
          1359, 1361, 1642, -1,
          1641, 1359, 1642, -1,
          1357, 1359, 1641, -1,
          1639, 1357, 1641, -1,
          1355, 1357, 1639, -1,
          1638, 1355, 1639, -1,
          1353, 1355, 1638, -1,
          1637, 1353, 1638, -1,
          1351, 1353, 1637, -1,
          1636, 1351, 1637, -1,
          1349, 1351, 1636, -1,
          1635, 1349, 1636, -1,
          1347, 1349, 1635, -1,
          1634, 1347, 1635, -1,
          1345, 1347, 1634, -1,
          1633, 1345, 1634, -1,
          1343, 1345, 1633, -1,
          1632, 1343, 1633, -1,
          1341, 1343, 1632, -1,
          1631, 1341, 1632, -1,
          1339, 1341, 1631, -1,
          1630, 1339, 1631, -1,
          1337, 1339, 1630, -1,
          1629, 1337, 1630, -1,
          1335, 1337, 1629, -1,
          1628, 1335, 1629, -1,
          1333, 1335, 1628, -1,
          1627, 1333, 1628, -1,
          1331, 1333, 1627, -1,
          1626, 1331, 1627, -1,
          1329, 1331, 1626, -1,
          1624, 1329, 1626, -1,
          1327, 1329, 1624, -1,
          1623, 1327, 1624, -1,
          1325, 1327, 1623, -1,
          1622, 1325, 1623, -1,
          1323, 1622, 1621, -1,
          1323, 1325, 1622, -1,
          1321, 1621, 1620, -1,
          1321, 1323, 1621, -1,
          1319, 1620, 1619, -1,
          1319, 1321, 1620, -1,
          1317, 1619, 1618, -1,
          1317, 1319, 1619, -1,
          1315, 1618, 263, -1,
          1315, 1317, 1618, -1,
          1313, 1315, 263, -1,
          1313, 263, 262, -1,
          1311, 262, 261, -1,
          1311, 1313, 262, -1,
          1309, 261, 260, -1,
          1309, 1311, 261, -1,
          1307, 260, 259, -1,
          1307, 1309, 260, -1,
          1305, 259, 258, -1,
          1305, 1307, 259, -1,
          1303, 258, 264, -1,
          1303, 1305, 258, -1,
          1301, 264, 265, -1,
          1301, 1303, 264, -1,
          1299, 265, 281, -1,
          1299, 1301, 265, -1,
          1297, 281, 280, -1,
          1297, 1299, 281, -1,
          1295, 280, 279, -1,
          1295, 1297, 280, -1,
          1293, 1295, 279, -1,
          1293, 279, 278, -1,
          1291, 278, 277, -1,
          1291, 1293, 278, -1,
          1289, 1291, 277, -1,
          1289, 277, 276, -1,
          1287, 1289, 276, -1,
          1287, 276, 275, -1,
          1285, 1287, 275, -1,
          1285, 275, 274, -1,
          1283, 1285, 274, -1,
          1283, 274, 273, -1,
          1281, 1283, 273, -1,
          1281, 273, 272, -1,
          1279, 1281, 272, -1,
          1279, 272, 271, -1,
          1277, 1279, 271, -1,
          1277, 271, 270, -1,
          1275, 1277, 270, -1,
          1275, 270, 269, -1,
          1273, 1275, 269, -1,
          1273, 269, 268, -1,
          1271, 1273, 268, -1,
          1271, 268, 293, -1,
          1269, 293, 292, -1,
          1269, 1271, 293, -1,
          1267, 292, 291, -1,
          1267, 1269, 292, -1,
          1265, 291, 290, -1,
          1265, 1267, 291, -1,
          1263, 290, 289, -1,
          1263, 1265, 290, -1,
          1261, 289, 288, -1,
          1261, 1263, 289, -1,
          1259, 288, 287, -1,
          1259, 1261, 288, -1,
          1257, 287, 286, -1,
          1257, 1259, 287, -1,
          1255, 286, 285, -1,
          1255, 1257, 286, -1,
          1253, 285, 284, -1,
          1253, 1255, 285, -1,
          1, 284, 2, -1,
          1, 1253, 284, -1
        ]
      }
    }
}
