#VRML V2.0 utf8
WorldInfo {
  title "Exported triangle mesh to VRML97"
  info ["Created by FreeCAD"
        "<https://www.freecad.org>"]
}

Transform {
  scale 1 1 1
  rotation 0 0 1 0
  scaleOrientation 0 0 1 0
  center 0.000 0.000 0.000
  translation 0.000 0.000 0.000
  children
    Shape { 
      appearance
      Appearance {
        material
        Material {
          diffuseColor 0.8 0.8 0.8
        }
      }
      geometry
      IndexedFaceSet {
        coord
        Coordinate {
          point [
            10.160 1.544 8.755,
            10.414 0.000 8.636,
            10.414 1.500 8.505,
            10.160 0.000 8.890,
            10.160 3.041 8.354,
            10.414 2.954 8.115,
            10.160 4.445 7.699,
            10.414 4.318 7.479,
            10.160 5.714 6.810,
            10.414 5.551 6.616,
            10.160 6.810 5.714,
            10.414 6.616 5.551,
            10.160 7.699 4.445,
            10.414 7.479 4.318,
            10.160 8.354 3.041,
            10.414 8.115 2.954,
            10.160 8.755 1.544,
            10.414 8.505 1.500,
            10.160 8.890 0.000,
            10.414 8.636 -0.000,
            10.160 8.755 -1.544,
            10.414 8.505 -1.500,
            10.160 8.354 -3.041,
            10.414 8.115 -2.954,
            10.160 7.699 -4.445,
            10.414 7.479 -4.318,
            10.160 6.810 -5.714,
            10.414 6.616 -5.551,
            10.160 5.714 -6.810,
            10.414 5.551 -6.616,
            10.414 4.318 -7.479,
            10.160 4.445 -7.699,
            10.160 3.041 -8.354,
            10.414 2.954 -8.115,
            10.414 1.500 -8.505,
            10.160 1.544 -8.755,
            10.160 0.000 -8.890,
            10.414 0.000 -8.636,
            -0.000 0.000 -5.969,
            0.254 -0.992 -5.628,
            0.254 0.000 -5.715,
            -0.000 -1.037 -5.878,
            0.254 -1.955 -5.370,
            -0.000 -2.042 -5.609,
            0.254 -2.858 -4.949,
            -0.000 -2.984 -5.169,
            0.254 -3.674 -4.378,
            -0.000 -3.837 -4.573,
            0.254 -4.378 -3.674,
            -0.000 -4.573 -3.837,
            0.254 -4.949 -2.858,
            -0.000 -5.169 -2.984,
            0.254 -5.370 -1.955,
            -0.000 -5.609 -2.042,
            0.254 -5.628 -0.992,
            -0.000 -5.878 -1.037,
            0.254 -5.715 -0.000,
            -0.000 -5.969 0.000,
            0.254 -5.628 0.992,
            -0.000 -5.878 1.037,
            0.254 -5.370 1.955,
            -0.000 -5.609 2.042,
            0.254 -4.949 2.858,
            -0.000 -5.169 2.984,
            -0.000 -4.573 3.837,
            0.254 -4.378 3.674,
            0.254 -3.674 4.378,
            -0.000 -3.837 4.573,
            0.254 -2.858 4.949,
            -0.000 -2.984 5.169,
            0.254 -1.955 5.370,
            -0.000 -2.042 5.609,
            0.254 -0.992 5.628,
            -0.000 -1.037 5.878,
            0.254 0.000 5.715,
            -0.000 0.000 5.969,
            2.286 1.544 -8.755,
            2.032 0.000 -8.636,
            2.032 1.500 -8.505,
            2.286 0.000 -8.890,
            2.286 3.041 -8.354,
            2.032 2.954 -8.115,
            2.286 4.445 -7.699,
            2.032 4.318 -7.479,
            2.286 5.714 -6.810,
            2.032 5.551 -6.616,
            2.286 6.810 -5.714,
            2.032 6.616 -5.551,
            2.286 7.699 -4.445,
            2.032 7.479 -4.318,
            2.286 8.354 -3.041,
            2.032 8.115 -2.954,
            2.286 8.755 -1.544,
            2.032 8.505 -1.500,
            2.286 8.890 -0.000,
            2.032 8.636 0.000,
            2.286 8.755 1.544,
            2.032 8.505 1.500,
            2.286 8.354 3.041,
            2.032 8.115 2.954,
            2.286 7.699 4.445,
            2.032 7.479 4.318,
            2.286 6.810 5.714,
            2.032 6.616 5.551,
            2.032 5.551 6.616,
            2.286 5.714 6.810,
            2.286 4.445 7.699,
            2.032 4.318 7.479,
            2.286 3.041 8.354,
            2.032 2.954 8.115,
            2.286 1.544 8.755,
            2.032 1.500 8.505,
            2.286 0.000 8.890,
            2.032 0.000 8.636,
            0.440 1.180 -6.691,
            -0.000 0.000 -6.541,
            -0.000 1.136 -6.441,
            0.440 0.000 -6.794,
            0.440 2.324 -6.385,
            -0.000 2.237 -6.146,
            0.440 3.397 -5.884,
            -0.000 3.270 -5.664,
            0.440 4.367 -5.205,
            -0.000 4.204 -5.010,
            0.440 5.205 -4.367,
            -0.000 5.010 -4.204,
            0.440 5.884 -3.397,
            -0.000 5.664 -3.270,
            0.440 6.385 -2.324,
            -0.000 6.146 -2.237,
            0.440 6.691 -1.180,
            -0.000 6.441 -1.136,
            0.440 6.794 -0.000,
            -0.000 6.541 0.000,
            0.440 6.691 1.180,
            -0.000 6.441 1.136,
            0.440 6.385 2.324,
            -0.000 6.146 2.237,
            0.440 5.884 3.397,
            -0.000 5.664 3.270,
            0.440 5.205 4.367,
            -0.000 5.010 4.204,
            0.440 4.367 5.205,
            -0.000 4.204 5.010,
            0.440 3.397 5.884,
            -0.000 3.270 5.664,
            -0.000 2.237 6.146,
            0.440 2.324 6.385,
            0.440 1.180 6.691,
            -0.000 1.136 6.441,
            0.440 0.000 6.794,
            -0.000 0.000 6.541,
            10.414 0.000 7.049,
            9.974 -1.180 6.691,
            9.974 0.000 6.794,
            10.414 -1.224 6.941,
            9.974 -2.324 6.385,
            10.414 -2.411 6.623,
            9.974 -3.397 5.884,
            10.414 -3.524 6.104,
            9.974 -4.367 5.205,
            10.414 -4.531 5.399,
            9.974 -5.205 4.367,
            10.414 -5.399 4.531,
            9.974 -5.884 3.397,
            10.414 -6.104 3.524,
            9.974 -6.385 2.324,
            10.414 -6.623 2.411,
            9.974 -6.691 1.180,
            10.414 -6.941 1.224,
            9.974 -6.794 0.000,
            10.414 -7.049 -0.000,
            9.974 -6.691 -1.180,
            10.414 -6.941 -1.224,
            10.414 -6.623 -2.411,
            9.974 -6.385 -2.324,
            10.414 -6.104 -3.524,
            9.974 -5.884 -3.397,
            9.974 -5.205 -4.367,
            10.414 -5.399 -4.531,
            9.974 -4.367 -5.205,
            10.414 -4.531 -5.399,
            10.414 -3.524 -6.104,
            9.974 -3.397 -5.884,
            9.974 -2.324 -6.385,
            10.414 -2.411 -6.623,
            9.974 -1.180 -6.691,
            10.414 -1.224 -6.941,
            10.414 0.000 -7.049,
            9.974 0.000 -6.794,
            3.175 0.000 -6.794,
            3.175 -1.180 -6.691,
            3.175 -2.324 -6.385,
            3.175 -3.397 -5.884,
            3.175 -4.367 -5.205,
            3.175 -5.205 -4.367,
            3.175 -5.884 -3.397,
            3.175 -6.385 -2.324,
            3.175 -6.691 -1.180,
            3.175 -6.794 -0.000,
            3.175 -6.691 1.180,
            3.175 -6.385 2.324,
            3.175 -5.884 3.397,
            3.175 -5.205 4.367,
            3.175 -4.367 5.205,
            3.175 -3.397 5.884,
            3.175 -2.324 6.385,
            3.175 -1.180 6.691,
            3.175 0.000 6.794,
            2.794 0.000 -7.175,
            2.794 -1.246 -7.066,
            3.175 0.000 -7.175,
            3.175 -1.246 -7.066,
            2.794 -2.454 -6.743,
            3.175 -2.454 -6.743,
            2.794 -3.588 -6.214,
            3.175 -3.588 -6.214,
            2.794 -4.612 -5.497,
            3.175 -4.612 -5.497,
            2.794 -5.497 -4.612,
            3.175 -5.497 -4.612,
            2.794 -6.214 -3.588,
            3.175 -6.214 -3.588,
            2.794 -6.743 -2.454,
            3.175 -6.743 -2.454,
            3.175 -7.066 -1.246,
            2.794 -7.066 -1.246,
            2.794 -7.175 -0.000,
            3.175 -7.175 -0.000,
            2.794 -7.066 1.246,
            3.175 -7.066 1.246,
            2.794 -6.743 2.454,
            3.175 -6.743 2.454,
            2.794 -6.214 3.588,
            3.175 -6.214 3.588,
            2.794 -5.497 4.612,
            3.175 -5.497 4.612,
            2.794 -4.612 5.497,
            3.175 -4.612 5.497,
            3.175 -3.588 6.214,
            2.794 -3.588 6.214,
            2.794 -2.454 6.743,
            3.175 -2.454 6.743,
            2.794 -1.246 7.066,
            3.175 -1.246 7.066,
            2.794 0.000 7.175,
            3.175 0.000 7.175,
            2.794 0.000 -5.715,
            2.794 -0.992 -5.628,
            2.794 -1.955 -5.370,
            2.794 -2.858 -4.949,
            2.794 -3.674 -4.378,
            2.794 -4.378 -3.674,
            2.794 -4.949 -2.858,
            2.794 -5.370 -1.955,
            2.794 -5.628 -0.992,
            2.794 -5.715 -0.000,
            2.794 -5.628 0.992,
            2.794 -5.370 1.955,
            2.794 -4.949 2.858,
            2.794 -4.378 3.674,
            2.794 -3.674 4.378,
            2.794 -2.858 4.949,
            2.794 -1.955 5.370,
            2.794 -0.992 5.628,
            2.794 0.000 5.715,
            1.270 0.000 6.794,
            1.270 1.180 6.691,
            1.270 2.324 6.385,
            1.270 3.397 5.884,
            1.270 4.367 5.205,
            1.270 5.205 4.367,
            1.270 5.884 3.397,
            1.270 6.385 2.324,
            1.270 6.691 1.180,
            1.270 6.794 0.000,
            1.270 6.691 -1.180,
            1.270 6.385 -2.324,
            1.270 5.884 -3.397,
            1.270 5.205 -4.367,
            1.270 4.367 -5.205,
            1.270 3.397 -5.884,
            1.270 2.324 -6.385,
            1.270 1.180 -6.691,
            1.270 0.000 -6.794,
            1.270 1.100 6.241,
            2.032 0.000 6.337,
            2.032 1.100 6.241,
            1.270 0.000 6.337,
            1.270 2.167 5.955,
            2.032 2.167 5.955,
            1.270 3.169 5.488,
            2.032 3.169 5.488,
            1.270 4.074 4.855,
            2.032 4.074 4.855,
            1.270 4.855 4.074,
            2.032 4.855 4.074,
            1.270 5.488 3.169,
            2.032 5.488 3.169,
            1.270 5.955 2.167,
            2.032 5.955 2.167,
            2.032 6.241 1.100,
            1.270 6.241 1.100,
            1.270 6.337 0.000,
            2.032 6.337 0.000,
            1.270 6.241 -1.100,
            2.032 6.241 -1.100,
            1.270 5.955 -2.167,
            2.032 5.955 -2.167,
            1.270 5.488 -3.169,
            2.032 5.488 -3.169,
            1.270 4.855 -4.074,
            2.032 4.855 -4.074,
            2.032 4.074 -4.855,
            1.270 4.074 -4.855,
            2.032 3.169 -5.488,
            1.270 3.169 -5.488,
            1.270 2.167 -5.955,
            2.032 2.167 -5.955,
            2.032 1.100 -6.241,
            1.270 1.100 -6.241,
            1.270 0.000 -6.337,
            2.032 0.000 -6.337,
            6.796 -0.514 8.875,
            6.820 -0.808 8.853,
            6.858 -0.776 8.856,
            6.785 -0.543 8.873,
            6.803 -0.475 8.877,
            6.892 -0.739 8.859,
            6.775 -0.561 8.872,
            6.778 -0.834 8.851,
            6.807 -0.427 8.880,
            6.922 -0.693 8.863,
            6.949 -0.633 8.867,
            6.761 -0.583 8.871,
            6.742 -0.603 8.870,
            6.734 -0.856 8.849,
            6.809 -0.339 8.884,
            6.971 -0.545 8.873,
            6.982 -0.433 8.879,
            6.985 -0.320 8.884,
            6.711 -0.629 8.868,
            6.686 -0.872 8.847,
            6.809 -0.226 8.887,
            6.985 -0.213 8.887,
            6.676 -0.649 8.866,
            6.809 -0.113 8.889,
            6.985 -0.107 8.889,
            6.638 -0.664 8.865,
            6.638 -0.884 8.846,
            6.809 0.000 8.890,
            6.985 0.000 8.890,
            6.599 -0.673 8.864,
            6.598 -0.889 8.845,
            6.547 -0.892 8.845,
            6.541 -0.678 8.864,
            6.487 -0.888 8.845,
            6.486 -0.674 8.864,
            6.438 -0.881 8.846,
            6.437 -0.663 8.865,
            6.399 -0.648 8.866,
            6.360 -0.859 8.848,
            6.366 -0.628 8.868,
            6.338 -0.604 8.869,
            6.295 -0.828 8.851,
            6.316 -0.578 8.871,
            6.300 -0.549 8.873,
            6.237 -0.788 8.855,
            6.282 -0.503 8.876,
            6.193 -0.747 8.859,
            6.267 -0.432 8.880,
            6.165 -0.709 8.862,
            6.141 -0.664 8.865,
            6.262 -0.342 8.883,
            6.121 -0.612 8.869,
            6.105 -0.554 8.873,
            6.090 -0.451 8.879,
            6.086 -0.348 8.883,
            6.086 -0.232 8.887,
            6.262 -0.228 8.887,
            6.086 -0.116 8.889,
            6.262 -0.114 8.889,
            6.086 0.000 8.890,
            6.262 0.000 8.890,
            6.985 0.080 8.890,
            6.985 0.160 8.889,
            6.985 0.240 8.887,
            5.461 0.025 8.890,
            6.086 0.008 8.890,
            6.086 0.017 8.890,
            6.086 0.025 8.890,
            5.461 0.097 8.889,
            5.461 0.168 8.888,
            5.461 0.240 8.887,
            6.678 7.243 5.155,
            6.740 7.257 5.135,
            6.624 7.235 5.166,
            6.798 7.276 5.108,
            6.555 7.231 5.172,
            6.849 7.300 5.074,
            6.893 7.328 5.033,
            6.930 7.361 4.985,
            6.965 7.406 4.918,
            6.060 7.229 5.174,
            6.018 7.219 5.188,
            5.978 7.213 5.197,
            6.099 7.242 5.156,
            5.941 7.210 5.201,
            6.131 7.256 5.137,
            6.555 7.354 4.995,
            6.631 7.362 4.983,
            6.678 7.372 4.968,
            6.713 7.384 4.951,
            5.894 7.208 5.203,
            6.177 7.282 5.100,
            6.555 7.272 5.113,
            6.995 7.473 4.815,
            6.223 7.318 5.048,
            6.555 7.313 5.055,
            6.262 7.360 4.987,
            6.742 7.397 4.931,
            7.005 7.545 4.702,
            5.844 7.334 5.025,
            5.883 7.332 5.028,
            5.925 7.334 5.025,
            5.958 7.339 5.017,
            5.811 7.338 5.018,
            5.989 7.348 5.004,
            6.999 7.594 4.622,
            5.774 7.347 5.005,
            6.018 7.360 4.986,
            5.741 7.359 4.988,
            6.044 7.376 4.962,
            5.710 7.374 4.966,
            6.982 7.642 4.542,
            6.349 7.514 4.752,
            6.768 7.414 4.906,
            6.789 7.433 4.877,
            6.804 7.452 4.847,
            6.816 7.474 4.813,
            6.826 7.507 4.762,
            6.829 7.540 4.709,
            5.684 7.391 4.940,
            6.067 7.397 4.931,
            6.963 7.675 4.487,
            5.663 7.410 4.911,
            6.089 7.422 4.893,
            6.938 7.703 4.437,
            5.640 7.440 4.866,
            6.397 7.606 4.603,
            6.823 7.586 4.636,
            6.808 7.623 4.574,
            6.908 7.729 4.393,
            6.421 7.639 4.547,
            6.791 7.645 4.538,
            6.772 7.661 4.511,
            5.623 7.480 4.805,
            6.168 7.566 4.667,
            6.444 7.663 4.507,
            6.748 7.675 4.487,
            6.869 7.753 4.351,
            6.467 7.679 4.480,
            6.720 7.687 4.466,
            6.494 7.691 4.459,
            6.697 7.694 4.453,
            6.557 7.704 4.436,
            6.666 7.701 4.442,
            6.635 7.705 4.435,
            6.601 7.706 4.433,
            6.525 7.699 4.445,
            5.617 7.523 4.737,
            5.619 7.547 4.698,
            5.623 7.565 4.670,
            5.828 7.211 5.199,
            5.763 7.221 5.186,
            5.702 7.236 5.165,
            5.645 7.256 5.136,
            5.595 7.281 5.100,
            5.552 7.310 5.059,
            5.517 7.341 5.014,
            5.489 7.375 4.964,
            5.632 7.589 4.630,
            5.646 7.613 4.591,
            6.213 7.645 4.536,
            5.665 7.636 4.553,
            5.688 7.656 4.518,
            5.716 7.675 4.486,
            5.989 7.735 4.382,
            6.258 7.701 4.441,
            6.308 7.742 4.370,
            5.748 7.691 4.458,
            5.790 7.706 4.432,
            5.886 7.726 4.398,
            5.838 7.718 4.412,
            5.989 7.770 4.319,
            6.352 7.766 4.327,
            5.989 7.805 4.256,
            6.396 7.783 4.296,
            6.441 7.796 4.273,
            6.737 7.969 3.941,
            6.711 7.801 4.263,
            6.769 7.789 4.285,
            6.685 7.961 3.957,
            6.650 7.809 4.249,
            6.786 7.980 3.918,
            6.822 7.773 4.314,
            5.989 7.839 4.193,
            6.491 7.805 4.256,
            6.537 7.810 4.248,
            6.637 7.957 3.965,
            6.587 7.811 4.245,
            6.832 7.994 3.890,
            6.590 7.955 3.968,
            6.872 8.010 3.857,
            6.527 7.958 3.962,
            6.906 8.028 3.819,
            6.934 8.049 3.774,
            6.959 8.078 3.711,
            6.033 7.939 4.000,
            6.067 7.946 3.986,
            6.472 7.965 3.948,
            5.996 7.934 4.010,
            6.100 7.955 3.969,
            5.959 7.931 4.016,
            6.131 7.965 3.949,
            6.425 7.975 3.928,
            5.932 7.930 4.019,
            5.898 7.929 4.020,
            5.920 7.836 4.198,
            6.163 7.977 3.924,
            6.383 7.987 3.904,
            6.978 8.117 3.627,
            5.831 7.931 4.016,
            5.858 7.831 4.208,
            6.198 7.996 3.885,
            6.345 8.002 3.873,
            6.311 8.019 3.837,
            5.764 7.938 4.003,
            5.727 7.808 4.251,
            5.791 7.821 4.226,
            6.233 8.022 3.832,
            6.285 8.036 3.802,
            5.702 7.949 3.981,
            5.666 7.790 4.284,
            6.985 8.168 3.511,
            6.262 8.055 3.762,
            5.640 7.965 3.948,
            5.613 7.769 4.322,
            5.593 7.982 3.914,
            6.985 8.241 3.335,
            6.985 8.310 3.158,
            6.985 8.376 2.979,
            5.559 7.999 3.879,
            5.531 8.018 3.841,
            5.508 8.039 3.796,
            5.490 8.061 3.748,
            5.475 8.090 3.685,
            5.467 7.411 4.911,
            5.449 7.458 4.838,
            5.444 7.484 4.798,
            5.441 7.518 4.745,
            5.452 7.601 4.611,
            5.479 7.659 4.513,
            5.515 7.704 4.436,
            5.561 7.741 4.372,
            5.461 8.429 2.826,
            5.461 8.376 2.979,
            6.985 8.602 2.246,
            6.985 8.622 2.168,
            6.985 8.641 2.089,
            6.985 8.660 2.010,
            5.930 8.605 2.233,
            5.461 8.499 2.609,
            5.930 8.548 2.442,
            5.461 8.453 2.753,
            5.461 8.476 2.681,
            5.465 8.125 3.607,
            5.461 8.167 3.512,
            5.461 8.240 3.336,
            5.461 8.310 3.158,
            5.461 8.737 1.642,
            5.930 8.657 2.023,
            5.930 8.703 1.812,
            5.461 8.780 1.391,
            5.461 8.776 1.417,
            5.637 8.780 1.391,
            6.985 8.864 0.673,
            5.637 8.815 1.153,
            6.985 8.870 0.602,
            6.985 8.874 0.530,
            6.985 8.878 0.459,
            5.637 8.843 0.913,
            5.637 8.864 0.673,
            6.714 8.890 0.086,
            6.768 8.890 0.065,
            6.660 8.889 0.100,
            6.821 8.890 0.036,
            6.622 8.889 0.105,
            6.866 8.890 0.001,
            6.574 8.889 0.107,
            6.902 8.890 -0.039,
            6.488 8.889 0.100,
            6.930 8.890 -0.081,
            5.461 8.878 0.459,
            6.952 8.889 -0.132,
            6.973 8.887 -0.221,
            5.461 8.824 1.082,
            5.461 8.857 0.771,
            5.461 8.751 1.567,
            5.461 8.764 1.492,
            5.461 8.887 0.232,
            6.428 8.890 0.083,
            6.369 8.890 0.056,
            6.985 8.881 -0.403,
            5.882 8.890 -0.018,
            6.321 8.890 0.023,
            6.284 8.890 -0.012,
            5.960 8.890 -0.068,
            6.253 8.890 -0.050,
            6.226 8.889 -0.095,
            6.027 8.889 -0.119,
            6.203 8.889 -0.145,
            6.089 8.888 -0.178,
            6.179 8.887 -0.219,
            6.131 8.887 -0.235,
            6.164 8.885 -0.297,
            6.985 8.868 -0.623,
            6.985 8.850 -0.843,
            6.985 8.826 -1.062,
            5.461 8.849 -0.849,
            5.461 8.890 -0.014,
            5.783 8.888 -0.204,
            5.966 8.884 -0.320,
            6.057 8.881 -0.390,
            6.090 8.880 -0.427,
            6.114 8.878 -0.464,
            6.126 8.877 -0.489,
            6.138 8.875 -0.524,
            6.143 8.872 -0.570,
            6.145 8.868 -0.629,
            6.145 8.862 -0.702,
            6.145 8.856 -0.776,
            6.145 8.849 -0.849,
            6.515 8.783 -1.376,
            6.610 8.777 -1.413,
            6.418 8.787 -1.352,
            6.698 8.769 -1.461,
            6.320 8.789 -1.338,
            6.776 8.759 -1.519,
            6.844 8.747 -1.589,
            6.902 8.732 -1.669,
            6.042 8.787 -1.349,
            5.461 8.826 -1.062,
            6.221 8.789 -1.333,
            6.948 8.715 -1.756,
            5.901 8.781 -1.386,
            5.461 8.889 0.150,
            5.461 8.890 0.068,
            6.980 8.696 -1.849,
            5.789 8.773 -1.436,
            6.999 8.675 -1.945,
            5.699 8.764 -1.494,
            7.005 8.652 -2.042,
            5.629 8.753 -1.557,
            7.001 8.633 -2.122,
            5.573 8.740 -1.624,
            6.988 8.612 -2.204,
            6.965 8.590 -2.289,
            6.930 8.569 -2.368,
            6.884 8.548 -2.443,
            6.985 8.369 -2.998,
            6.406 8.463 -2.723,
            6.550 8.474 -2.687,
            6.662 8.490 -2.638,
            6.755 8.508 -2.577,
            6.828 8.528 -2.511,
            6.203 8.458 -2.739,
            6.985 8.345 -3.065,
            6.985 8.320 -3.132,
            6.985 8.294 -3.199,
            5.461 8.842 -0.920,
            5.461 8.835 -0.991,
            5.525 8.726 -1.702,
            5.487 8.709 -1.786,
            5.461 8.691 -1.872,
            5.446 8.672 -1.957,
            5.441 8.652 -2.043,
            5.451 8.622 -2.167,
            5.461 8.369 -2.998,
            5.574 8.544 -2.455,
            5.641 8.522 -2.531,
            5.718 8.503 -2.594,
            5.805 8.487 -2.646,
            5.902 8.474 -2.688,
            6.004 8.465 -2.717,
            6.100 8.459 -2.733,
            6.360 8.202 -3.429,
            6.360 8.294 -3.199,
            5.461 8.294 -3.199,
            6.184 8.294 -3.199,
            6.184 8.202 -3.429,
            6.985 7.999 -3.880,
            6.360 8.103 -3.656,
            6.184 8.103 -3.656,
            6.985 7.967 -3.944,
            6.985 7.935 -4.008,
            6.985 7.902 -4.072,
            6.360 7.999 -3.880,
            6.985 7.802 -4.262,
            6.809 7.802 -4.262,
            5.461 7.999 -3.880,
            6.184 7.999 -3.880,
            5.461 7.902 -4.072,
            6.809 7.722 -4.404,
            6.985 7.604 -4.606,
            5.461 8.345 -3.065,
            5.461 8.320 -3.132,
            5.478 8.594 -2.275,
            5.519 8.568 -2.370,
            6.985 7.390 -4.941,
            5.461 7.556 -4.684,
            6.809 7.640 -4.545,
            6.809 7.556 -4.684,
            6.985 7.162 -5.267,
            5.461 7.440 -4.865,
            6.809 7.440 -4.865,
            6.809 7.350 -5.001,
            6.809 7.257 -5.135,
            6.809 7.162 -5.267,
            5.461 7.518 -4.745,
            5.461 7.479 -4.805,
            5.461 7.967 -3.944,
            5.461 7.935 -4.008,
            6.431 0.218 -8.887,
            6.395 0.235 -8.887,
            6.357 0.247 -8.887,
            6.318 0.254 -8.886,
            6.463 0.197 -8.888,
            6.283 0.258 -8.886,
            6.489 0.172 -8.888,
            6.240 0.260 -8.886,
            6.514 0.141 -8.889,
            6.536 0.108 -8.889,
            6.553 0.074 -8.890,
            6.565 0.036 -8.890,
            6.572 0.000 -8.890,
            6.160 0.255 -8.886,
            6.087 0.241 -8.887,
            6.047 0.225 -8.887,
            6.013 0.205 -8.888,
            5.981 0.177 -8.888,
            5.950 0.142 -8.889,
            5.929 0.107 -8.889,
            5.912 0.071 -8.890,
            5.900 0.034 -8.890,
            5.894 0.000 -8.890,
            6.575 -0.036 -8.890,
            6.572 -0.076 -8.890,
            6.565 -0.108 -8.889,
            6.548 -0.157 -8.889,
            6.516 -0.210 -8.888,
            6.393 -0.419 -8.880,
            6.342 -0.378 -8.882,
            6.434 -0.299 -8.885,
            6.434 -0.457 -8.878,
            6.481 -0.253 -8.886,
            6.467 -0.495 -8.876,
            6.495 -0.537 -8.874,
            6.517 -0.580 -8.871,
            6.531 -0.628 -8.868,
            6.038 -0.451 -8.879,
            5.984 -0.252 -8.886,
            6.032 -0.299 -8.885,
            6.125 -0.378 -8.882,
            6.536 -0.677 -8.864,
            6.532 -0.713 -8.861,
            10.160 -1.544 -8.755,
            5.992 -0.505 -8.876,
            6.525 -0.746 -8.859,
            6.512 -0.778 -8.856,
            6.492 -0.810 -8.853,
            6.464 -0.842 -8.850,
            6.435 -0.866 -8.848,
            6.398 -0.891 -8.845,
            4.382 -0.541 -8.874,
            5.926 -0.174 -8.888,
            5.948 -0.210 -8.888,
            4.342 -0.528 -8.874,
            5.896 -0.091 -8.890,
            5.910 -0.140 -8.889,
            4.418 -0.558 -8.872,
            4.296 -0.517 -8.875,
            5.891 -0.036 -8.890,
            4.449 -0.578 -8.871,
            5.959 -0.557 -8.873,
            4.476 -0.602 -8.870,
            4.246 -0.512 -8.875,
            4.502 -0.632 -8.868,
            5.941 -0.604 -8.869,
            4.190 -0.509 -8.875,
            4.524 -0.669 -8.865,
            5.933 -0.637 -8.867,
            5.930 -0.677 -8.864,
            4.545 -0.719 -8.861,
            5.933 -0.715 -8.861,
            4.555 -0.760 -8.857,
            5.941 -0.748 -8.858,
            4.244 -0.713 -8.861,
            4.263 -0.717 -8.861,
            4.280 -0.723 -8.861,
            4.308 -0.737 -8.859,
            4.562 -0.846 -8.850,
            5.956 -0.782 -8.856,
            5.977 -0.815 -8.853,
            4.196 -0.707 -8.862,
            4.332 -0.755 -8.858,
            4.118 -0.704 -8.862,
            4.353 -0.780 -8.856,
            4.560 -0.883 -8.846,
            4.369 -0.809 -8.853,
            4.381 -0.842 -8.850,
            4.557 -0.911 -8.843,
            6.009 -0.849 -8.849,
            4.385 -0.865 -8.848,
            3.429 -0.509 -8.875,
            4.386 -0.893 -8.845,
            4.543 -0.966 -8.837,
            6.041 -0.875 -8.847,
            3.429 -0.574 -8.871,
            4.520 -1.017 -8.832,
            6.081 -0.899 -8.844,
            3.429 -0.639 -8.867,
            4.487 -1.068 -8.826,
            6.414 -1.818 -8.702,
            6.233 -0.931 -8.841,
            6.298 -0.925 -8.842,
            6.355 -0.910 -8.843,
            6.335 -1.818 -8.702,
            6.179 -0.927 -8.842,
            6.202 -0.929 -8.841,
            3.429 -0.704 -8.862,
            4.381 -0.951 -8.839,
            6.558 -1.965 -8.670,
            6.697 -2.078 -8.644,
            4.356 -1.181 -8.811,
            4.436 -1.122 -8.819,
            4.392 -1.195 -8.809,
            4.420 -1.209 -8.807,
            4.453 -1.230 -8.804,
            6.841 -2.160 -8.624,
            4.483 -1.256 -8.801,
            6.841 -2.175 -8.620,
            4.508 -1.286 -8.796,
            6.121 -0.914 -8.843,
            6.841 -2.190 -8.616,
            4.138 -1.147 -8.816,
            4.248 -1.119 -8.819,
            4.200 -1.136 -8.817,
            6.841 -2.206 -8.612,
            10.160 -3.041 -8.354,
            4.528 -1.319 -8.792,
            4.064 -1.151 -8.815,
            4.371 -0.985 -8.835,
            4.355 -1.020 -8.831,
            4.335 -1.051 -8.828,
            4.310 -1.077 -8.824,
            4.282 -1.100 -8.822,
            4.545 -1.359 -8.786,
            4.558 -1.411 -8.777,
            6.708 -2.278 -8.593,
            6.771 -2.240 -8.603,
            4.562 -1.474 -8.767,
            4.209 -1.349 -8.787,
            4.266 -1.361 -8.785,
            4.300 -1.374 -8.783,
            4.139 -1.345 -8.788,
            4.326 -1.389 -8.781,
            4.346 -1.407 -8.778,
            4.359 -1.424 -8.775,
            4.559 -1.522 -8.759,
            4.375 -1.455 -8.770,
            4.383 -1.490 -8.764,
            4.550 -1.568 -8.751,
            6.590 -2.368 -8.569,
            3.429 -1.151 -8.815,
            4.386 -1.530 -8.757,
            4.532 -1.617 -8.742,
            3.429 -1.345 -8.788,
            4.382 -1.576 -8.749,
            4.543 -1.787 -8.709,
            4.471 -1.707 -8.725,
            4.506 -1.662 -8.733,
            4.423 -1.752 -8.716,
            6.415 -2.536 -8.520,
            4.543 -1.851 -8.695,
            4.369 -1.787 -8.709,
            4.121 -1.781 -8.710,
            4.281 -1.731 -8.720,
            4.246 -1.750 -8.716,
            4.197 -1.767 -8.713,
            5.019 -2.129 -8.631,
            4.543 -1.914 -8.681,
            6.424 -1.982 -8.666,
            6.479 -2.060 -8.648,
            4.062 -1.786 -8.709,
            4.310 -1.709 -8.724,
            4.543 -1.978 -8.667,
            3.996 -1.787 -8.709,
            4.373 -1.612 -8.743,
            4.357 -1.647 -8.736,
            4.335 -1.682 -8.729,
            5.019 -2.230 -8.606,
            6.538 -2.230 -8.606,
            6.426 -2.377 -8.566,
            6.337 -2.536 -8.520,
            3.429 -1.787 -8.709,
            4.366 -2.276 -8.594,
            5.019 -2.163 -8.623,
            5.019 -2.196 -8.614,
            4.333 -2.266 -8.596,
            4.400 -2.291 -8.590,
            4.293 -2.256 -8.599,
            4.432 -2.310 -8.585,
            4.460 -2.332 -8.579,
            4.202 -2.248 -8.601,
            4.487 -2.361 -8.571,
            4.509 -2.393 -8.562,
            2.286 -1.544 -8.755,
            3.429 -1.851 -8.695,
            3.429 -1.914 -8.681,
            3.429 -1.978 -8.667,
            3.429 -1.216 -8.806,
            3.429 -1.280 -8.797,
            4.110 -2.246 -8.602,
            4.536 -2.451 -8.546,
            4.556 -2.519 -8.526,
            4.209 -2.442 -8.548,
            4.258 -2.453 -8.545,
            4.290 -2.467 -8.541,
            4.316 -2.485 -8.535,
            4.562 -2.596 -8.502,
            4.094 -2.434 -8.550,
            4.340 -2.510 -8.528,
            4.359 -2.538 -8.520,
            4.373 -2.568 -8.511,
            4.559 -2.649 -8.486,
            4.379 -2.587 -8.505,
            4.383 -2.604 -8.500,
            3.429 -2.246 -8.602,
            4.550 -2.702 -8.470,
            6.374 -3.381 -8.222,
            6.414 -3.394 -8.217,
            6.450 -3.409 -8.210,
            4.386 -2.648 -8.486,
            6.328 -3.372 -8.226,
            6.481 -3.428 -8.203,
            6.508 -3.450 -8.193,
            6.278 -3.366 -8.228,
            3.429 -2.309 -8.585,
            6.534 -3.477 -8.182,
            6.222 -3.364 -8.229,
            4.534 -2.751 -8.454,
            6.556 -3.511 -8.167,
            6.577 -3.558 -8.147,
            6.587 -3.595 -8.131,
            3.429 -2.434 -8.550,
            4.383 -2.693 -8.472,
            6.276 -3.552 -8.149,
            6.295 -3.556 -8.148,
            6.312 -3.561 -8.145,
            6.340 -3.574 -8.140,
            4.543 -2.919 -8.397,
            4.440 -2.880 -8.411,
            4.481 -2.838 -8.425,
            4.511 -2.796 -8.439,
            6.594 -3.674 -8.095,
            6.228 -3.547 -8.152,
            6.364 -3.591 -8.133,
            6.150 -3.544 -8.153,
            6.385 -3.614 -8.122,
            6.592 -3.708 -8.080,
            10.160 -4.445 -7.699,
            6.401 -3.640 -8.111,
            4.387 -2.919 -8.397,
            6.413 -3.671 -8.097,
            6.589 -3.734 -8.068,
            6.417 -3.691 -8.087,
            5.461 -3.364 -8.229,
            4.543 -2.980 -8.376,
            6.418 -3.717 -8.076,
            4.543 -3.042 -8.354,
            6.575 -3.784 -8.045,
            4.164 -2.908 -8.401,
            4.255 -2.880 -8.411,
            4.208 -2.897 -8.405,
            4.116 -2.915 -8.399,
            6.552 -3.830 -8.023,
            4.543 -3.103 -8.331,
            4.026 -2.919 -8.397,
            4.374 -2.732 -8.460,
            4.360 -2.770 -8.448,
            4.338 -2.806 -8.436,
            4.310 -2.840 -8.424,
            4.285 -2.862 -8.417,
            5.461 -3.544 -8.153,
            6.413 -3.770 -8.051,
            6.388 -3.979 -7.950,
            6.468 -3.925 -7.977,
            6.424 -3.991 -7.944,
            6.452 -4.004 -7.937,
            6.485 -4.023 -7.928,
            3.429 -2.919 -8.397,
            6.515 -4.047 -7.916,
            6.519 -3.876 -8.001,
            4.665 -3.390 -8.218,
            4.737 -3.421 -8.206,
            4.558 -3.357 -8.232,
            6.540 -4.073 -7.902,
            4.784 -3.447 -8.195,
            5.461 -3.424 -8.204,
            6.170 -3.948 -7.965,
            6.280 -3.922 -7.978,
            6.232 -3.938 -7.970,
            4.473 -3.340 -8.239,
            4.826 -3.478 -8.182,
            5.461 -3.484 -8.179,
            6.560 -4.103 -7.887,
            4.382 -3.329 -8.243,
            6.096 -3.952 -7.963,
            6.403 -3.801 -8.036,
            6.387 -3.833 -8.021,
            6.367 -3.861 -8.008,
            6.342 -3.885 -7.996,
            6.314 -3.906 -7.986,
            4.865 -3.516 -8.165,
            6.577 -4.139 -7.868,
            4.899 -3.564 -8.144,
            4.181 -3.321 -8.246,
            6.590 -4.185 -7.843,
            4.927 -3.622 -8.119,
            3.429 -3.103 -8.331,
            6.594 -4.242 -7.813,
            6.241 -4.130 -7.873,
            6.298 -4.140 -7.867,
            6.332 -4.152 -7.861,
            4.946 -3.691 -8.087,
            6.171 -4.126 -7.875,
            6.358 -4.165 -7.854,
            6.378 -4.181 -7.845,
            6.391 -4.197 -7.837,
            6.591 -4.284 -7.790,
            6.407 -4.225 -7.822,
            3.900 -3.339 -8.239,
            6.415 -4.255 -7.805,
            6.582 -4.325 -7.767,
            4.953 -3.769 -8.051,
            5.461 -3.952 -7.963,
            6.418 -4.291 -7.786,
            3.759 -3.368 -8.227,
            4.952 -3.807 -8.033,
            4.948 -3.838 -8.019,
            3.667 -3.400 -8.214,
            4.939 -3.882 -7.998,
            3.594 -3.437 -8.199,
            4.926 -3.919 -7.979,
            5.461 -4.126 -7.875,
            6.414 -4.332 -7.763,
            6.575 -4.518 -7.656,
            6.503 -4.448 -7.697,
            6.538 -4.409 -7.720,
            6.564 -4.368 -7.743,
            6.455 -4.487 -7.674,
            3.547 -3.469 -8.185,
            4.899 -3.973 -7.953,
            5.461 -4.010 -7.934,
            2.286 -3.041 -8.354,
            3.429 -2.980 -8.376,
            3.429 -3.042 -8.354,
            3.429 -2.372 -8.568,
            6.575 -4.574 -7.623,
            6.401 -4.518 -7.656,
            3.499 -3.514 -8.166,
            4.863 -4.020 -7.929,
            5.461 -4.068 -7.905,
            6.575 -4.630 -7.589,
            3.463 -3.562 -8.145,
            6.153 -4.513 -7.659,
            6.313 -4.469 -7.685,
            6.278 -4.486 -7.675,
            6.229 -4.501 -7.666,
            4.816 -4.063 -7.907,
            6.094 -4.517 -7.657,
            6.342 -4.449 -7.696,
            6.575 -4.686 -7.555,
            3.439 -3.611 -8.124,
            6.028 -4.518 -7.656,
            6.405 -4.364 -7.745,
            6.389 -4.395 -7.727,
            6.367 -4.426 -7.710,
            4.769 -4.095 -7.891,
            3.423 -3.659 -8.102,
            4.695 -4.131 -7.872,
            3.413 -3.713 -8.077,
            3.409 -3.769 -8.051,
            5.461 -4.518 -7.656,
            6.374 -4.931 -7.397,
            6.414 -4.942 -7.390,
            6.450 -4.956 -7.380,
            6.328 -4.922 -7.403,
            6.481 -4.973 -7.369,
            6.508 -4.993 -7.356,
            6.278 -4.918 -7.406,
            6.534 -5.017 -7.339,
            6.222 -4.916 -7.407,
            5.461 -4.686 -7.555,
            6.556 -5.048 -7.318,
            4.665 -4.441 -7.701,
            4.604 -4.161 -7.856,
            4.737 -4.470 -7.685,
            4.558 -4.411 -7.719,
            4.462 -4.189 -7.841,
            4.784 -4.494 -7.670,
            6.577 -5.089 -7.289,
            4.473 -4.394 -7.728,
            4.826 -4.523 -7.653,
            4.382 -4.384 -7.734,
            4.181 -4.206 -7.832,
            6.587 -5.123 -7.266,
            10.160 -5.714 -6.810,
            4.865 -4.559 -7.632,
            5.461 -4.574 -7.623,
            4.899 -4.604 -7.605,
            5.461 -4.630 -7.589,
            4.181 -4.377 -7.738,
            4.057 -4.202 -7.834,
            6.276 -5.085 -7.292,
            6.295 -5.088 -7.290,
            6.312 -5.093 -7.287,
            6.340 -5.104 -7.279,
            6.594 -5.193 -7.215,
            6.228 -5.080 -7.296,
            6.364 -5.119 -7.269,
            4.927 -4.658 -7.572,
            6.150 -5.077 -7.297,
            6.385 -5.140 -7.254,
            6.592 -5.223 -7.194,
            6.401 -5.163 -7.237,
            6.413 -5.190 -7.218,
            6.589 -5.247 -7.177,
            4.946 -4.723 -7.532,
            6.417 -5.209 -7.204,
            5.461 -4.916 -7.407,
            3.900 -4.393 -7.729,
            3.822 -4.175 -7.849,
            3.951 -4.195 -7.838,
            6.418 -5.232 -7.188,
            6.575 -5.291 -7.144,
            4.953 -4.795 -7.486,
            6.552 -5.332 -7.113,
            3.759 -4.420 -7.713,
            3.728 -4.152 -7.861,
            4.952 -4.831 -7.463,
            4.948 -4.859 -7.445,
            3.667 -4.450 -7.696,
            3.638 -4.119 -7.878,
            4.939 -4.900 -7.418,
            5.461 -5.077 -7.297,
            6.413 -5.279 -7.153,
            4.926 -4.935 -7.395,
            5.461 -4.970 -7.371,
            4.899 -4.985 -7.361,
            5.461 -5.024 -7.334,
            6.388 -5.464 -7.013,
            6.468 -5.416 -7.050,
            6.424 -5.474 -7.004,
            6.452 -5.485 -6.996,
            6.485 -5.503 -6.982,
            6.515 -5.523 -6.966,
            6.519 -5.373 -7.083,
            6.540 -5.547 -6.947,
            6.170 -5.436 -7.034,
            6.280 -5.414 -7.052,
            6.232 -5.427 -7.041,
            4.863 -5.028 -7.332,
            6.560 -5.573 -6.927,
            6.096 -5.440 -7.032,
            6.403 -5.306 -7.133,
            6.387 -5.335 -7.111,
            6.367 -5.359 -7.093,
            6.342 -5.381 -7.077,
            6.314 -5.399 -7.063,
            6.577 -5.604 -6.901,
            4.816 -5.068 -7.304,
            6.590 -5.645 -6.868,
            4.769 -5.097 -7.284,
            6.241 -5.596 -6.908,
            6.298 -5.605 -6.900,
            6.332 -5.616 -6.892,
            6.171 -5.593 -6.910,
            6.358 -5.628 -6.882,
            6.378 -5.641 -6.871,
            6.391 -5.655 -6.860,
            4.695 -5.130 -7.261,
            6.407 -5.679 -6.839,
            6.415 -5.706 -6.817,
            5.461 -5.440 -7.032,
            4.604 -5.158 -7.241,
            6.418 -5.737 -6.791,
            7.669 -6.116 -6.452,
            6.582 -5.767 -6.766,
            6.591 -5.731 -6.796,
            6.594 -5.694 -6.827,
            2.286 -4.445 -7.699,
            3.594 -4.485 -7.676,
            3.547 -4.515 -7.658,
            3.499 -4.557 -7.633,
            3.463 -4.602 -7.606,
            3.439 -4.648 -7.578,
            3.423 -4.693 -7.551,
            3.413 -4.743 -7.519,
            3.409 -4.795 -7.486,
            3.419 -3.862 -8.007,
            3.439 -3.928 -7.975,
            3.465 -3.977 -7.951,
            3.499 -4.022 -7.928,
            3.524 -4.048 -7.915,
            3.556 -4.075 -7.901,
            7.493 -6.116 -6.452,
            6.564 -5.804 -6.734,
            3.419 -4.882 -7.430,
            3.439 -4.942 -7.390,
            5.461 -5.593 -6.910,
            6.414 -5.773 -6.760,
            6.575 -5.935 -6.619,
            6.503 -5.874 -6.673,
            6.538 -5.840 -6.703,
            9.017 -6.620 -5.934,
            10.160 -6.810 -5.714,
            6.455 -5.908 -6.643,
            3.465 -4.988 -7.359,
            7.669 -6.289 -6.284,
            6.575 -5.983 -6.575,
            6.401 -5.935 -6.619,
            9.017 -6.668 -5.880,
            4.933 -5.511 -6.976,
            5.461 -5.491 -6.992,
            5.461 -5.542 -6.951,
            4.462 -5.183 -7.222,
            6.575 -6.031 -6.531,
            4.933 -5.546 -6.948,
            9.017 -6.715 -5.826,
            6.153 -5.930 -6.623,
            6.313 -5.892 -6.657,
            6.278 -5.907 -6.644,
            6.229 -5.920 -6.632,
            4.933 -5.582 -6.919,
            6.094 -5.934 -6.620,
            6.342 -5.875 -6.672,
            6.575 -6.079 -6.487,
            6.028 -5.935 -6.619,
            6.405 -5.801 -6.737,
            6.389 -5.828 -6.713,
            6.367 -5.855 -6.690,
            9.017 -6.762 -5.772,
            4.933 -5.617 -6.890,
            3.996 -5.356 -7.095,
            3.951 -5.189 -7.219,
            4.057 -5.196 -7.213,
            4.181 -5.199 -7.211,
            7.669 -6.457 -6.111,
            3.996 -5.408 -7.056,
            3.800 -5.356 -7.095,
            3.638 -5.119 -7.268,
            3.728 -5.149 -7.247,
            3.822 -5.171 -7.231,
            6.965 -6.305 -6.267,
            3.996 -5.460 -7.016,
            6.770 -6.305 -6.267,
            5.461 -5.935 -6.619,
            3.996 -5.511 -6.976,
            7.669 -6.620 -5.934,
            9.017 -6.972 -5.515,
            6.965 -6.472 -6.094,
            7.493 -6.339 -6.233,
            6.224 -6.286 -6.287,
            6.167 -6.269 -6.303,
            6.108 -6.258 -6.314,
            6.278 -6.307 -6.265,
            6.050 -6.252 -6.320,
            6.327 -6.334 -6.238,
            9.017 -7.038 -5.431,
            5.984 -6.250 -6.323,
            6.373 -6.365 -6.206,
            3.429 -5.511 -6.976,
            3.800 -5.408 -7.056,
            3.800 -5.460 -7.016,
            3.800 -5.511 -6.976,
            3.556 -5.078 -7.297,
            6.410 -6.400 -6.171,
            6.770 -6.436 -6.133,
            5.869 -6.256 -6.316,
            5.461 -6.079 -6.487,
            6.439 -6.436 -6.132,
            9.017 -7.103 -5.346,
            5.779 -6.273 -6.299,
            6.460 -6.476 -6.091,
            6.965 -6.635 -5.917,
            7.493 -6.554 -6.006,
            5.700 -6.298 -6.274,
            6.472 -6.515 -6.049,
            6.770 -6.564 -5.996,
            5.972 -6.387 -6.184,
            6.059 -6.392 -6.179,
            6.100 -6.399 -6.172,
            9.017 -7.167 -5.260,
            5.663 -6.313 -6.259,
            5.927 -6.388 -6.182,
            6.477 -6.560 -6.000,
            5.626 -6.332 -6.240,
            5.839 -6.399 -6.171,
            5.889 -6.391 -6.179,
            6.140 -6.409 -6.161,
            3.800 -5.832 -6.710,
            3.429 -5.663 -6.853,
            3.800 -5.663 -6.853,
            5.801 -6.408 -6.162,
            6.181 -6.424 -6.145,
            6.472 -6.601 -5.955,
            5.765 -6.419 -6.150,
            6.770 -6.689 -5.856,
            5.733 -6.434 -6.135,
            6.216 -6.443 -6.126,
            6.457 -6.642 -5.909,
            5.703 -6.451 -6.117,
            6.242 -6.462 -6.105,
            6.965 -6.793 -5.735,
            7.493 -6.762 -5.772,
            5.676 -6.471 -6.096,
            6.263 -6.483 -6.083,
            6.429 -6.686 -5.860,
            5.654 -6.493 -6.072,
            6.279 -6.507 -6.058,
            7.493 -6.972 -5.515,
            6.408 -6.710 -5.832,
            5.636 -6.519 -6.044,
            6.291 -6.532 -6.030,
            6.375 -6.740 -5.797,
            5.623 -6.553 -6.007,
            6.298 -6.561 -5.999,
            5.617 -6.597 -5.960,
            6.301 -6.596 -5.960,
            3.996 -6.159 -6.411,
            5.461 -5.983 -6.575,
            5.461 -6.031 -6.531,
            5.619 -6.620 -5.934,
            6.295 -6.642 -5.909,
            5.623 -6.638 -5.914,
            4.054 -6.229 -6.343,
            5.571 -6.366 -6.205,
            10.160 -7.699 -4.445,
            2.286 -5.714 -6.810,
            3.429 -5.562 -6.935,
            3.429 -5.612 -6.894,
            3.800 -5.997 -6.563,
            3.499 -5.030 -7.330,
            3.524 -5.054 -7.314,
            3.800 -6.159 -6.411,
            5.632 -6.663 -5.886,
            6.284 -6.671 -5.876,
            5.647 -6.686 -5.860,
            6.268 -6.695 -5.848,
            6.965 -7.027 -5.446,
            7.493 -7.017 -5.459,
            7.493 -7.060 -5.402,
            7.493 -7.104 -5.345,
            5.668 -6.707 -5.835,
            6.248 -6.716 -5.824,
            3.878 -6.229 -6.343,
            5.691 -6.724 -5.815,
            5.891 -6.781 -5.749,
            6.223 -6.736 -5.801,
            6.195 -6.753 -5.782,
            6.164 -6.768 -5.764,
            5.719 -6.739 -5.798,
            5.821 -6.771 -5.761,
            5.759 -6.755 -5.779,
            6.807 -7.027 -5.446,
            6.184 -6.893 -5.614,
            4.054 -6.362 -6.209,
            5.523 -6.406 -6.164,
            5.486 -6.450 -6.117,
            3.878 -6.362 -6.209,
            5.871 -6.905 -5.599,
            9.017 -7.622 -4.576,
            7.966 -7.361 -4.985,
            4.054 -6.492 -6.073,
            5.461 -6.497 -6.068,
            5.446 -6.548 -6.013,
            7.493 -7.341 -5.015,
            6.965 -7.221 -5.185,
            7.948 -7.441 -4.865,
            7.724 -7.403 -4.922,
            6.553 -7.137 -5.300,
            9.017 -7.676 -4.484,
            4.933 -6.774 -5.757,
            5.441 -6.597 -5.959,
            5.451 -6.668 -5.879,
            5.470 -6.717 -5.823,
            5.500 -6.760 -5.774,
            5.535 -6.795 -5.733,
            5.575 -6.823 -5.699,
            9.017 -7.730 -4.390,
            4.738 -6.774 -5.757,
            4.054 -6.620 -5.934,
            9.017 -7.783 -4.296,
            6.271 -7.226 -5.178,
            4.933 -6.928 -5.571,
            5.616 -6.846 -5.671,
            5.661 -6.865 -5.648,
            5.708 -6.880 -5.630,
            5.759 -6.892 -5.616,
            6.965 -7.406 -4.917,
            7.493 -7.383 -4.953,
            7.493 -7.424 -4.890,
            7.493 -7.465 -4.828,
            6.428 -7.289 -5.090,
            6.608 -7.221 -5.185,
            6.770 -7.297 -5.079,
            4.192 -6.756 -5.778,
            4.135 -6.741 -5.795,
            4.076 -6.731 -5.807,
            4.246 -6.776 -5.754,
            4.018 -6.726 -5.814,
            4.295 -6.801 -5.726,
            3.952 -6.723 -5.816,
            3.878 -6.620 -5.934,
            4.341 -6.830 -5.691,
            4.378 -6.861 -5.653,
            4.738 -6.894 -5.613,
            3.837 -6.730 -5.809,
            4.407 -6.895 -5.612,
            3.747 -6.745 -5.791,
            4.428 -6.931 -5.567,
            6.200 -7.355 -4.994,
            6.770 -7.442 -4.863,
            4.933 -7.076 -5.381,
            5.811 -6.900 -5.606,
            6.075 -7.274 -5.112,
            3.668 -6.768 -5.764,
            4.440 -6.966 -5.523,
            4.738 -7.011 -5.466,
            3.940 -6.850 -5.667,
            4.027 -6.854 -5.662,
            4.068 -6.860 -5.654,
            3.895 -6.851 -5.666,
            4.445 -7.007 -5.471,
            6.965 -7.581 -4.643,
            7.493 -7.677 -4.483,
            3.807 -6.860 -5.654,
            3.857 -6.854 -5.662,
            4.108 -6.869 -5.643,
            3.769 -6.869 -5.644,
            4.149 -6.884 -5.626,
            4.440 -7.045 -5.422,
            3.733 -6.879 -5.631,
            4.738 -7.125 -5.316,
            5.964 -7.405 -4.920,
            6.770 -7.581 -4.643,
            3.701 -6.892 -5.615,
            4.184 -6.901 -5.605,
            4.425 -7.083 -5.373,
            3.671 -6.908 -5.596,
            4.210 -6.918 -5.583,
            4.933 -7.219 -5.188,
            5.875 -7.310 -5.059,
            5.670 -7.335 -5.022,
            5.461 -7.348 -5.004,
            3.644 -6.927 -5.573,
            4.231 -6.938 -5.559,
            4.397 -7.122 -5.321,
            3.622 -6.946 -5.548,
            4.247 -6.959 -5.532,
            5.461 -7.385 -4.950,
            7.942 -7.884 -4.107,
            7.493 -7.783 -4.296,
            8.118 -7.884 -4.107,
            5.709 -7.441 -4.865,
            4.376 -7.144 -5.291,
            3.604 -6.971 -5.518,
            4.259 -6.982 -5.503,
            4.343 -7.171 -5.254,
            3.591 -7.002 -5.478,
            4.266 -7.008 -5.469,
            8.118 -7.970 -3.939,
            3.585 -7.041 -5.427,
            4.269 -7.040 -5.428,
            6.536 -7.692 -4.458,
            7.493 -7.713 -4.421,
            7.493 -7.748 -4.359,
            9.017 -8.139 -3.577,
            3.587 -7.062 -5.400,
            4.263 -7.083 -5.373,
            3.591 -7.078 -5.379,
            6.340 -7.692 -4.458,
            3.600 -7.101 -5.349,
            4.252 -7.109 -5.339,
            3.615 -7.122 -5.321,
            4.236 -7.131 -5.309,
            10.160 -8.354 -3.041,
            9.017 -8.169 -3.506,
            2.286 -6.810 -5.714,
            3.878 -6.492 -6.073,
            3.631 -6.782 -5.748,
            3.594 -6.799 -5.728,
            3.539 -6.830 -5.690,
            3.491 -6.867 -5.646,
            3.454 -6.908 -5.596,
            3.429 -6.950 -5.543,
            3.414 -6.997 -5.484,
            3.409 -7.042 -5.426,
            3.636 -7.141 -5.295,
            4.216 -7.150 -5.283,
            8.118 -8.052 -3.768,
            3.659 -7.157 -5.273,
            9.017 -8.200 -3.434,
            3.859 -7.208 -5.203,
            4.191 -7.168 -5.259,
            4.163 -7.183 -5.238,
            4.132 -7.197 -5.219,
            3.419 -7.106 -5.342,
            3.687 -7.171 -5.255,
            6.086 -7.692 -4.458,
            3.789 -7.199 -5.216,
            3.727 -7.185 -5.235,
            4.152 -7.310 -5.060,
            3.438 -7.151 -5.282,
            9.017 -8.229 -3.363,
            5.891 -7.692 -4.458,
            5.461 -7.456 -4.841,
            3.468 -7.189 -5.229,
            4.933 -7.535 -4.717,
            5.461 -7.421 -4.895,
            6.536 -7.853 -4.167,
            7.942 -7.970 -3.939,
            8.118 -8.130 -3.596,
            3.839 -7.321 -5.044,
            4.933 -7.559 -4.679,
            6.340 -7.853 -4.167,
            4.933 -7.583 -4.640,
            4.933 -7.607 -4.601,
            3.996 -7.430 -4.882,
            6.086 -7.853 -4.167,
            3.996 -7.465 -4.827,
            3.800 -7.430 -4.882,
            3.676 -7.298 -5.076,
            3.727 -7.308 -5.062,
            3.779 -7.316 -5.051,
            5.891 -7.853 -4.167,
            3.996 -7.500 -4.772,
            6.536 -8.003 -3.871,
            7.942 -8.052 -3.768,
            3.996 -7.535 -4.717,
            6.086 -8.003 -3.871,
            6.340 -8.003 -3.871,
            6.985 -8.155 -3.539,
            7.942 -8.130 -3.596,
            3.429 -7.535 -4.717,
            3.800 -7.465 -4.827,
            3.800 -7.500 -4.772,
            3.800 -7.535 -4.717,
            3.543 -7.247 -5.149,
            3.584 -7.267 -5.121,
            3.629 -7.285 -5.096,
            6.999 -8.189 -3.459,
            6.536 -8.142 -3.570,
            6.819 -8.166 -3.514,
            7.005 -8.222 -3.380,
            7.925 -8.378 -2.975,
            7.000 -8.250 -3.313,
            6.575 -8.193 -3.451,
            6.829 -8.209 -3.413,
            6.086 -8.142 -3.570,
            6.340 -8.142 -3.570,
            6.575 -8.218 -3.391,
            6.825 -8.227 -3.370,
            6.822 -8.234 -3.353,
            6.399 -8.193 -3.451,
            3.800 -7.748 -4.359,
            3.429 -7.637 -4.551,
            3.800 -7.637 -4.551,
            7.493 -8.366 -3.006,
            6.970 -8.288 -3.216,
            6.986 -8.274 -3.253,
            6.994 -8.262 -3.282,
            6.575 -8.243 -3.331,
            6.816 -8.240 -3.336,
            6.803 -8.250 -3.312,
            6.788 -8.256 -3.297,
            6.772 -8.260 -3.288,
            6.724 -8.265 -3.274,
            6.750 -8.263 -3.279,
            5.891 -8.142 -3.570,
            6.399 -8.218 -3.391,
            7.925 -8.432 -2.817,
            9.017 -8.554 -2.421,
            6.946 -8.302 -3.180,
            6.669 -8.267 -3.270,
            7.679 -8.405 -2.896,
            6.917 -8.314 -3.149,
            6.575 -8.267 -3.270,
            9.017 -8.575 -2.346,
            6.889 -8.322 -3.128,
            6.847 -8.329 -3.107,
            9.017 -8.595 -2.271,
            6.810 -8.333 -3.097,
            7.493 -8.392 -2.933,
            4.658 -8.032 -3.811,
            5.891 -8.003 -3.871,
            4.712 -8.040 -3.792,
            4.604 -8.026 -3.822,
            4.767 -8.054 -3.764,
            4.572 -8.025 -3.826,
            4.817 -8.071 -3.727,
            4.861 -8.092 -3.682,
            6.575 -8.355 -3.039,
            6.575 -8.337 -3.088,
            6.688 -8.337 -3.088,
            6.769 -8.335 -3.091,
            3.996 -7.955 -3.968,
            4.532 -8.024 -3.827,
            4.468 -8.026 -3.823,
            4.403 -8.032 -3.811,
            4.895 -8.113 -3.634,
            6.575 -8.372 -2.990,
            4.342 -8.041 -3.792,
            4.924 -8.140 -3.573,
            6.575 -8.390 -2.941,
            7.493 -8.418 -2.860,
            7.493 -8.442 -2.786,
            4.289 -8.052 -3.768,
            10.160 -8.755 -1.544,
            9.017 -8.652 -2.043,
            9.017 -8.614 -2.196,
            2.286 -7.699 -4.445,
            3.429 -7.570 -4.662,
            3.429 -7.604 -4.606,
            3.800 -7.854 -4.165,
            3.503 -7.221 -5.186,
            9.017 -8.668 -1.973,
            4.945 -8.173 -3.497,
            4.486 -8.108 -3.646,
            4.530 -8.106 -3.650,
            4.581 -8.108 -3.645,
            4.616 -8.112 -3.636,
            5.461 -8.267 -3.270,
            6.399 -8.243 -3.331,
            6.399 -8.267 -3.270,
            4.445 -8.112 -3.638,
            4.648 -8.119 -3.622,
            9.017 -8.684 -1.903,
            4.391 -8.121 -3.617,
            4.680 -8.128 -3.602,
            4.953 -8.215 -3.399,
            3.624 -8.016 -3.845,
            4.215 -8.072 -3.725,
            4.140 -8.097 -3.670,
            3.800 -7.955 -3.968,
            9.017 -8.699 -1.833,
            4.326 -8.137 -3.581,
            4.716 -8.142 -3.569,
            4.739 -8.155 -3.539,
            4.757 -8.170 -3.505,
            4.950 -8.238 -3.343,
            3.429 -8.016 -3.845,
            4.945 -8.257 -3.296,
            5.461 -8.337 -3.088,
            6.399 -8.337 -3.088,
            6.399 -8.355 -3.039,
            6.399 -8.372 -2.990,
            6.399 -8.390 -2.941,
            8.140 -8.652 -2.043,
            4.932 -8.278 -3.241,
            5.461 -8.290 -3.209,
            4.210 -8.177 -3.488,
            4.769 -8.186 -3.467,
            4.775 -8.200 -3.433,
            4.777 -8.216 -3.395,
            4.769 -8.246 -3.322,
            4.913 -8.299 -3.188,
            5.461 -8.314 -3.149,
            3.624 -8.120 -3.619,
            4.054 -8.131 -3.593,
            4.886 -8.318 -3.137,
            3.907 -8.197 -3.441,
            4.853 -8.335 -3.092,
            6.985 -8.595 -2.270,
            7.970 -8.654 -2.035,
            7.816 -8.661 -2.006,
            4.812 -8.350 -3.051,
            4.504 -8.322 -3.126,
            4.717 -8.289 -3.214,
            4.692 -8.298 -3.189,
            4.660 -8.307 -3.166,
            4.626 -8.314 -3.149,
            4.592 -8.318 -3.137,
            4.551 -8.321 -3.129,
            6.985 -8.617 -2.185,
            4.764 -8.363 -3.016,
            3.999 -8.266 -3.273,
            4.759 -8.261 -3.285,
            4.740 -8.276 -3.247,
            4.706 -8.374 -2.985,
            6.985 -8.638 -2.100,
            7.754 -8.666 -1.985,
            7.695 -8.673 -1.953,
            7.814 -8.711 -1.777,
            7.868 -8.706 -1.799,
            7.972 -8.701 -1.822,
            3.774 -8.257 -3.294,
            3.624 -8.218 -3.391,
            7.781 -8.715 -1.757,
            8.061 -8.699 -1.831,
            7.755 -8.719 -1.735,
            8.150 -8.699 -1.833,
            6.985 -8.659 -2.015,
            7.640 -8.682 -1.912,
            7.598 -8.692 -1.867,
            7.559 -8.702 -1.817,
            3.897 -8.309 -3.161,
            7.730 -8.725 -1.705,
            7.529 -8.713 -1.763,
            7.708 -8.733 -1.666,
            9.017 -8.822 -1.101,
            7.689 -8.742 -1.614,
            3.807 -8.340 -3.078,
            4.523 -8.389 -2.943,
            7.677 -8.752 -1.563,
            9.017 -8.830 -1.030,
            3.731 -8.360 -3.023,
            5.461 -8.575 -2.345,
            4.631 -8.383 -2.960,
            9.017 -8.838 -0.959,
            7.669 -8.770 -1.455,
            3.651 -8.377 -2.977,
            9.017 -8.846 -0.888,
            7.671 -8.778 -1.409,
            3.565 -8.389 -2.943,
            3.526 -8.392 -2.933,
            6.599 -8.715 -1.756,
            7.507 -8.725 -1.706,
            7.491 -8.736 -1.648,
            8.150 -8.822 -1.101,
            7.704 -8.797 -1.280,
            7.687 -8.791 -1.325,
            7.675 -8.783 -1.373,
            7.730 -8.804 -1.236,
            7.760 -8.809 -1.200,
            7.792 -8.812 -1.172,
            7.942 -8.820 -1.115,
            7.832 -8.816 -1.148,
            7.867 -8.817 -1.134,
            6.454 -8.734 -1.658,
            6.483 -8.735 -1.650,
            6.529 -8.740 -1.626,
            6.599 -8.748 -1.581,
            7.478 -8.751 -1.564,
            7.473 -8.767 -1.472,
            6.985 -8.792 -1.318,
            7.485 -8.792 -1.318,
            10.160 -8.890 -0.000,
            2.286 -8.354 -3.041,
            3.429 -8.154 -3.543,
            3.429 -8.280 -3.236,
            3.429 -8.395 -2.924,
            6.985 -8.804 -1.233,
            7.502 -8.803 -1.243,
            5.985 -8.745 -1.600,
            6.000 -8.720 -1.732,
            6.090 -8.732 -1.671,
            4.606 -8.632 -2.126,
            5.461 -8.597 -2.262,
            4.678 -8.639 -2.097,
            5.461 -8.619 -2.178,
            4.523 -8.626 -2.151,
            4.736 -8.647 -2.064,
            5.461 -8.640 -2.094,
            4.791 -8.657 -2.023,
            6.985 -8.816 -1.147,
            7.536 -8.815 -1.154,
            4.843 -8.669 -1.969,
            4.211 -8.620 -2.176,
            3.491 -8.394 -2.927,
            4.887 -8.684 -1.903,
            8.118 -8.867 -0.634,
            8.001 -8.845 -0.893,
            8.140 -8.846 -0.888,
            6.985 -8.826 -1.062,
            7.576 -8.823 -1.088,
            7.620 -8.829 -1.036,
            7.670 -8.834 -0.993,
            7.942 -8.867 -0.634,
            7.791 -8.841 -0.933,
            7.865 -8.843 -0.913,
            4.932 -8.705 -1.803,
            4.211 -8.668 -1.973,
            4.474 -8.671 -1.960,
            4.962 -8.730 -1.680,
            8.118 -8.879 -0.446,
            3.647 -8.620 -2.176,
            6.985 -8.852 -0.819,
            7.726 -8.838 -0.960,
            4.973 -8.755 -1.544,
            6.809 -8.852 -0.819,
            8.997 -8.890 0.088,
            8.118 -8.886 -0.257,
            4.970 -8.766 -1.479,
            4.211 -8.712 -1.769,
            4.567 -8.678 -1.928,
            4.637 -8.687 -1.891,
            4.673 -8.693 -1.863,
            4.707 -8.700 -1.827,
            4.731 -8.707 -1.792,
            4.752 -8.715 -1.754,
            4.769 -8.723 -1.713,
            4.785 -8.734 -1.656,
            5.461 -8.802 -1.244,
            8.839 -8.890 0.088,
            3.706 -8.681 -1.917,
            3.746 -8.670 -1.967,
            4.035 -8.670 -1.967,
            4.035 -8.699 -1.833,
            4.966 -8.775 -1.425,
            3.675 -8.692 -1.865,
            4.951 -8.789 -1.339,
            8.118 -8.890 -0.068,
            6.340 -8.857 -0.761,
            4.211 -8.751 -1.565,
            4.793 -8.745 -1.601,
            4.797 -8.756 -1.540,
            4.790 -8.773 -1.439,
            4.770 -8.787 -1.352,
            6.809 -8.874 -0.534,
            6.985 -8.878 -0.462,
            7.942 -8.879 -0.446,
            7.942 -8.886 -0.257,
            3.627 -8.714 -1.762,
            4.035 -8.726 -1.699,
            4.926 -8.801 -1.254,
            5.461 -8.814 -1.158,
            6.164 -8.857 -0.761,
            4.739 -8.798 -1.277,
            8.997 -8.880 0.413,
            8.585 -8.886 0.271,
            7.942 -8.890 -0.068,
            4.892 -8.812 -1.172,
            5.461 -8.825 -1.071,
            3.596 -8.735 -1.654,
            4.035 -8.751 -1.565,
            5.461 -8.848 -0.858,
            5.461 -8.835 -0.984,
            5.637 -8.848 -0.858,
            4.848 -8.822 -1.095,
            6.340 -8.876 -0.495,
            3.585 -8.755 -1.542,
            4.793 -8.831 -1.026,
            3.590 -8.768 -1.469,
            6.985 -8.889 -0.104,
            8.303 -8.880 0.422,
            3.600 -8.777 -1.411,
            4.724 -8.838 -0.962,
            8.997 -8.859 0.738,
            8.460 -8.874 0.530,
            8.640 -8.880 0.413,
            8.802 -8.873 0.543,
            5.637 -8.872 -0.560,
            6.164 -8.876 -0.495,
            3.619 -8.788 -1.344,
            6.340 -8.887 -0.228,
            6.809 -8.887 -0.247,
            4.626 -8.845 -0.898,
            3.647 -8.798 -1.278,
            4.714 -8.804 -1.233,
            3.681 -8.806 -1.219,
            4.676 -8.811 -1.185,
            4.192 -8.833 -1.004,
            4.398 -8.830 -1.029,
            4.295 -8.832 -1.010,
            3.725 -8.813 -1.166,
            4.633 -8.816 -1.143,
            3.777 -8.819 -1.119,
            4.583 -8.821 -1.106,
            4.544 -8.824 -1.083,
            4.031 -8.832 -1.016,
            8.232 -8.866 0.646,
            8.802 -8.854 0.803,
            3.839 -8.824 -1.079,
            4.496 -8.827 -1.060,
            3.927 -8.829 -1.042,
            6.985 -8.886 0.254,
            8.107 -8.876 0.503,
            5.637 -8.886 -0.260,
            6.164 -8.887 -0.228,
            4.953 -8.875 -0.517,
            4.350 -8.854 -0.804,
            4.496 -8.850 -0.842,
            10.160 -8.755 1.544,
            8.997 -8.826 1.062,
            2.286 -8.755 -1.544,
            3.532 -8.660 -2.009,
            3.463 -8.693 -1.862,
            3.423 -8.723 -1.715,
            3.413 -8.737 -1.640,
            3.409 -8.752 -1.560,
            3.424 -8.780 -1.396,
            3.457 -8.799 -1.267,
            3.510 -8.816 -1.148,
            3.570 -8.827 -1.057,
            4.184 -8.855 -0.790,
            7.996 -8.860 0.735,
            8.802 -8.826 1.062,
            4.953 -8.879 -0.446,
            5.461 -8.877 -0.488,
            6.985 -8.881 0.392,
            7.907 -8.872 0.567,
            7.702 -8.869 0.612,
            4.953 -8.882 -0.374,
            6.985 -8.878 0.470,
            7.493 -8.867 0.634,
            7.741 -8.854 0.800,
            6.985 -8.873 0.547,
            5.637 -8.890 0.039,
            6.164 -8.890 0.039,
            6.985 -8.868 0.625,
            7.493 -8.862 0.699,
            7.493 -8.857 0.764,
            7.493 -8.851 0.829,
            8.722 -8.793 1.312,
            8.776 -8.790 1.333,
            8.668 -8.794 1.300,
            8.831 -8.785 1.364,
            8.636 -8.795 1.296,
            8.881 -8.778 1.404,
            8.596 -8.795 1.295,
            8.532 -8.795 1.299,
            8.925 -8.770 1.453,
            8.467 -8.793 1.312,
            8.959 -8.762 1.505,
            8.988 -8.750 1.570,
            9.009 -8.735 1.652,
            8.550 -8.764 1.492,
            8.594 -8.765 1.488,
            8.645 -8.764 1.493,
            8.680 -8.762 1.502,
            3.429 -8.875 -0.517,
            3.635 -8.835 -0.985,
            3.713 -8.842 -0.923,
            3.800 -8.847 -0.873,
            3.898 -8.851 -0.834,
            3.995 -8.853 -0.809,
            4.090 -8.854 -0.795,
            8.509 -8.762 1.501,
            8.712 -8.760 1.518,
            8.455 -8.759 1.523,
            8.744 -8.756 1.539,
            9.017 -8.715 1.757,
            7.688 -8.798 1.275,
            8.406 -8.789 1.333,
            8.353 -8.785 1.359,
            8.279 -8.778 1.406,
            8.204 -8.768 1.466,
            8.390 -8.752 1.562,
            8.780 -8.749 1.575,
            8.803 -8.743 1.607,
            8.821 -8.737 1.644,
            9.014 -8.703 1.816,
            7.493 -8.798 1.275,
            9.009 -8.692 1.866,
            8.996 -8.680 1.923,
            8.274 -8.733 1.661,
            8.833 -8.729 1.684,
            8.839 -8.722 1.720,
            8.841 -8.714 1.761,
            8.833 -8.698 1.838,
            8.977 -8.667 1.979,
            7.688 -8.759 1.521,
            8.118 -8.754 1.549,
            8.950 -8.655 2.031,
            4.953 -8.876 0.503,
            4.953 -8.880 0.427,
            5.461 -8.886 0.254,
            7.971 -8.724 1.711,
            8.917 -8.644 2.078,
            4.953 -8.871 0.578,
            8.568 -8.652 2.043,
            8.781 -8.673 1.951,
            8.756 -8.667 1.978,
            8.724 -8.662 2.002,
            8.690 -8.658 2.020,
            8.656 -8.655 2.032,
            8.615 -8.653 2.040,
            5.893 -8.829 1.038,
            8.063 -8.687 1.890,
            8.823 -8.690 1.876,
            8.804 -8.681 1.917,
            7.838 -8.692 1.868,
            7.688 -8.713 1.765,
            6.985 -8.742 1.613,
            7.493 -8.744 1.603,
            5.893 -8.808 1.203,
            7.961 -8.660 2.007,
            5.647 -8.819 1.120,
            6.985 -8.728 1.689,
            7.871 -8.640 2.093,
            8.587 -8.605 2.233,
            6.985 -8.713 1.765,
            4.953 -8.833 1.004,
            4.953 -8.866 0.654,
            5.461 -8.833 1.005,
            8.787 -8.528 2.512,
            8.770 -8.616 2.189,
            8.828 -8.624 2.157,
            8.736 -8.533 2.493,
            8.695 -8.610 2.214,
            8.689 -8.536 2.482,
            8.836 -8.520 2.538,
            8.876 -8.633 2.120,
            8.662 -8.537 2.479,
            10.160 -8.354 3.041,
            2.286 -8.890 0.000,
            3.429 -8.879 -0.442,
            3.429 -8.882 -0.366,
            3.429 -8.885 -0.291,
            3.429 -8.879 0.439,
            7.795 -8.626 2.150,
            6.985 -8.697 1.841,
            7.493 -8.678 1.929,
            8.879 -8.511 2.570,
            8.630 -8.538 2.477,
            4.953 -8.825 1.075,
            5.461 -8.824 1.082,
            8.915 -8.499 2.606,
            8.565 -8.536 2.483,
            3.429 -8.875 0.511,
            8.956 -8.482 2.663,
            4.953 -8.816 1.146,
            5.461 -8.814 1.159,
            8.987 -8.462 2.726,
            3.429 -8.871 0.582,
            6.985 -8.663 1.995,
            8.079 -8.555 2.418,
            8.120 -8.551 2.432,
            8.159 -8.546 2.451,
            8.519 -8.532 2.496,
            4.953 -8.806 1.217,
            5.461 -8.804 1.236,
            8.041 -8.557 2.410,
            8.195 -8.539 2.473,
            8.475 -8.527 2.515,
            7.998 -8.559 2.405,
            7.715 -8.614 2.197,
            9.008 -8.438 2.799,
            8.238 -8.528 2.510,
            8.435 -8.519 2.540,
            7.952 -8.559 2.402,
            7.629 -8.605 2.232,
            3.429 -8.866 0.654,
            8.577 -8.480 2.668,
            8.623 -8.481 2.664,
            8.667 -8.480 2.668,
            8.700 -8.477 2.677,
            8.274 -8.515 2.554,
            8.399 -8.510 2.572,
            6.985 -8.647 2.065,
            8.556 -8.479 2.672,
            7.858 -8.557 2.410,
            7.555 -8.601 2.248,
            7.590 -8.603 2.242,
            8.536 -8.477 2.679,
            8.731 -8.473 2.690,
            8.303 -8.499 2.606,
            8.368 -8.499 2.608,
            8.507 -8.473 2.692,
            8.758 -8.468 2.707,
            8.347 -8.489 2.640,
            9.017 -8.407 2.891,
            7.784 -8.551 2.430,
            7.493 -8.600 2.251,
            8.479 -8.466 2.712,
            8.786 -8.459 2.733,
            7.721 -8.543 2.458,
            8.456 -8.459 2.736,
            8.807 -8.450 2.761,
            9.013 -8.385 2.953,
            6.985 -8.612 2.204,
            6.985 -8.630 2.135,
            8.431 -8.446 2.774,
            8.823 -8.441 2.790,
            4.953 -8.771 1.449,
            7.663 -8.533 2.495,
            7.899 -8.503 2.594,
            7.953 -8.504 2.590,
            8.017 -8.503 2.596,
            8.057 -8.499 2.606,
            9.002 -8.365 3.010,
            7.850 -8.500 2.604,
            8.098 -8.494 2.624,
            8.410 -8.431 2.819,
            8.834 -8.429 2.826,
            8.839 -8.419 2.854,
            4.777 -8.771 1.449,
            7.610 -8.519 2.542,
            7.806 -8.495 2.621,
            8.981 -8.344 3.067,
            8.396 -8.414 2.871,
            8.841 -8.409 2.885,
            7.775 -8.489 2.639,
            8.135 -8.486 2.649,
            7.746 -8.483 2.660,
            8.163 -8.479 2.673,
            7.564 -8.503 2.594,
            3.429 -8.833 1.004,
            8.951 -8.324 3.122,
            8.390 -8.391 2.936,
            8.836 -8.390 2.939,
            7.719 -8.475 2.685,
            8.191 -8.468 2.708,
            8.392 -8.382 2.962,
            8.825 -8.377 2.977,
            8.808 -8.365 3.011,
            8.787 -8.354 3.040,
            8.762 -8.345 3.064,
            8.732 -8.338 3.085,
            7.697 -8.466 2.713,
            8.213 -8.455 2.746,
            7.528 -8.485 2.652,
            8.911 -8.305 3.171,
            8.693 -8.331 3.104,
            7.679 -8.456 2.742,
            8.864 -8.289 3.213,
            8.607 -8.322 3.126,
            8.216 -8.375 2.981,
            8.652 -8.326 3.117,
            7.664 -8.445 2.778,
            8.226 -8.444 2.780,
            7.655 -8.433 2.813,
            8.234 -8.431 2.818,
            8.237 -8.417 2.862,
            5.461 -8.663 1.995,
            3.429 -8.806 1.217,
            4.777 -8.743 1.610,
            4.953 -8.698 1.840,
            7.649 -8.412 2.876,
            8.233 -8.403 2.903,
            7.652 -8.397 2.919,
            8.227 -8.390 2.939,
            7.660 -8.383 2.959,
            7.674 -8.370 2.995,
            7.693 -8.359 3.026,
            7.714 -8.350 3.052,
            7.745 -8.340 3.077,
            7.923 -8.315 3.145,
            8.626 -8.251 3.308,
            7.790 -8.331 3.103,
            7.848 -8.322 3.126,
            6.985 -8.403 2.903,
            7.503 -8.468 2.708,
            7.487 -8.450 2.762,
            7.477 -8.432 2.817,
            7.473 -8.410 2.882,
            7.480 -8.382 2.962,
            8.997 -8.090 3.686,
            8.731 -8.262 3.283,
            8.804 -8.274 3.251,
            6.985 -8.377 2.975,
            7.497 -8.356 3.034,
            7.903 -8.244 3.326,
            4.953 -8.607 2.226,
            5.461 -8.628 2.143,
            5.461 -8.609 2.216,
            8.997 -8.071 3.727,
            8.997 -8.052 3.768,
            6.985 -8.352 3.046,
            7.523 -8.334 3.095,
            8.060 -8.169 3.507,
            6.985 -8.326 3.117,
            7.559 -8.313 3.150,
            7.597 -8.297 3.193,
            7.635 -8.284 3.226,
            8.060 -8.143 3.567,
            7.864 -8.169 3.507,
            7.722 -8.263 3.280,
            7.769 -8.255 3.299,
            7.819 -8.250 3.313,
            7.857 -8.247 3.320,
            8.060 -8.117 3.626,
            3.429 -8.678 1.929,
            4.777 -8.712 1.769,
            4.777 -8.678 1.929,
            8.060 -8.090 3.686,
            10.160 -7.699 4.445,
            8.997 -8.032 3.810,
            2.286 -8.755 1.544,
            3.429 -8.825 1.075,
            3.429 -8.816 1.146,
            3.429 -8.662 1.998,
            3.429 -8.646 2.068,
            3.429 -8.629 2.138,
            4.777 -8.629 2.138,
            4.777 -8.589 2.296,
            4.777 -8.545 2.452,
            5.461 -8.399 2.915,
            4.777 -8.499 2.609,
            4.953 -8.499 2.609,
            7.493 -8.090 3.686,
            7.864 -8.143 3.567,
            7.864 -8.117 3.626,
            7.864 -8.090 3.686,
            6.610 -8.195 3.446,
            7.677 -8.272 3.255,
            6.515 -8.209 3.412,
            6.418 -8.219 3.389,
            6.698 -8.176 3.491,
            6.320 -8.224 3.376,
            6.776 -8.153 3.545,
            6.221 -8.226 3.372,
            6.844 -8.124 3.610,
            6.902 -8.091 3.684,
            6.042 -8.220 3.386,
            5.461 -8.326 3.117,
            7.864 -7.908 4.061,
            7.493 -8.007 3.862,
            7.864 -8.007 3.862,
            6.948 -8.053 3.765,
            7.493 -8.063 3.745,
            7.493 -8.035 3.804,
            5.901 -8.206 3.421,
            6.980 -8.013 3.851,
            6.999 -7.970 3.939,
            3.429 -8.485 2.652,
            4.953 -8.285 3.223,
            5.461 -8.375 2.982,
            5.461 -8.350 3.050,
            7.005 -7.925 4.028,
            4.953 -8.256 3.298,
            5.789 -8.186 3.468,
            8.060 -7.696 4.449,
            7.001 -7.887 4.101,
            4.953 -8.225 3.373,
            4.953 -8.194 3.448,
            5.699 -8.163 3.521,
            5.629 -8.137 3.580,
            5.573 -8.109 3.643,
            6.988 -7.848 4.176,
            7.864 -7.805 4.256,
            5.525 -8.077 3.715,
            6.965 -7.806 4.253,
            7.493 -7.693 4.455,
            7.864 -7.696 4.449,
            9.017 -7.372 4.968,
            5.487 -8.040 3.793,
            3.898 -8.281 3.235,
            3.429 -8.414 2.869,
            3.898 -8.357 3.032,
            6.930 -7.767 4.325,
            9.017 -7.327 5.035,
            9.017 -7.281 5.101,
            6.884 -7.729 4.393,
            6.828 -7.694 4.454,
            7.493 -7.655 4.521,
            6.755 -7.659 4.514,
            7.493 -7.616 4.586,
            6.662 -7.626 4.569,
            7.493 -7.576 4.651,
            10.160 -6.810 5.714,
            9.017 -7.234 5.167,
            2.286 -8.354 3.041,
            3.429 -8.462 2.724,
            3.429 -8.439 2.797,
            3.898 -8.199 3.436,
            6.550 -7.600 4.613,
            4.578 -7.874 4.127,
            5.446 -7.964 3.950,
            5.441 -7.925 4.029,
            4.483 -7.891 4.094,
            5.461 -8.003 3.871,
            4.386 -7.903 4.071,
            4.666 -7.852 4.169,
            5.451 -7.866 4.143,
            4.744 -7.824 4.221,
            5.478 -7.813 4.241,
            6.618 -7.436 4.873,
            6.665 -7.425 4.888,
            6.562 -7.446 4.857,
            6.203 -7.571 4.659,
            6.406 -7.580 4.645,
            6.718 -7.410 4.911,
            3.429 -8.041 3.792,
            3.898 -8.113 3.634,
            6.770 -7.392 4.938,
            7.962 -7.484 4.798,
            4.812 -7.790 4.283,
            6.817 -7.371 4.970,
            7.962 -7.365 4.979,
            6.859 -7.348 5.005,
            4.870 -7.750 4.355,
            5.519 -7.766 4.327,
            6.897 -7.321 5.043,
            6.932 -7.289 5.089,
            7.962 -7.242 5.157,
            4.916 -7.706 4.432,
            5.574 -7.723 4.404,
            6.969 -7.242 5.156,
            5.949 -7.467 4.824,
            5.902 -7.599 4.613,
            6.004 -7.583 4.640,
            6.100 -7.574 4.654,
            4.948 -7.659 4.514,
            5.641 -7.683 4.472,
            3.429 -7.941 3.997,
            4.010 -7.904 4.069,
            3.869 -7.887 4.102,
            3.757 -7.864 4.147,
            6.993 -7.188 5.231,
            7.962 -7.114 5.331,
            5.810 -7.441 4.864,
            4.967 -7.608 4.599,
            5.718 -7.650 4.529,
            5.805 -7.622 4.576,
            3.667 -7.836 4.199,
            5.999 -7.348 5.004,
            6.515 -7.326 5.036,
            7.005 -7.109 5.338,
            7.493 -7.009 5.469,
            4.973 -7.556 4.683,
            5.924 -7.337 5.020,
            3.597 -7.806 4.255,
            5.856 -7.322 5.042,
            4.969 -7.513 4.753,
            6.999 -7.053 5.411,
            5.815 -7.310 5.060,
            5.775 -7.295 5.081,
            6.986 -7.004 5.475,
            7.493 -6.962 5.529,
            4.956 -7.467 4.824,
            5.706 -7.411 4.910,
            5.739 -7.277 5.107,
            6.604 -7.307 5.063,
            6.672 -7.286 5.094,
            7.493 -6.850 5.667,
            7.493 -6.866 5.647,
            7.669 -6.850 5.667,
            5.704 -7.255 5.138,
            6.723 -7.263 5.126,
            6.752 -7.245 5.152,
            6.960 -6.951 5.543,
            7.493 -6.914 5.588,
            4.933 -7.419 4.898,
            5.628 -7.377 4.961,
            5.569 -7.341 5.014,
            5.672 -7.228 5.176,
            6.777 -7.224 5.181,
            4.898 -7.374 4.966,
            5.520 -7.300 5.074,
            6.923 -6.898 5.608,
            5.645 -7.194 5.222,
            6.797 -7.201 5.213,
            6.812 -7.176 5.247,
            7.669 -6.693 5.851,
            9.017 -6.367 6.205,
            9.017 -6.316 6.256,
            5.627 -7.157 5.273,
            6.822 -7.151 5.282,
            6.827 -7.129 5.311,
            4.852 -7.330 5.030,
            5.483 -7.254 5.139,
            6.876 -6.849 5.668,
            9.017 -6.266 6.307,
            6.820 -6.806 5.720,
            7.493 -6.646 5.904,
            4.796 -7.290 5.088,
            5.461 -7.214 5.196,
            5.617 -7.099 5.351,
            6.829 -7.103 5.347,
            5.620 -7.067 5.393,
            6.820 -7.039 5.429,
            7.669 -6.532 6.030,
            6.749 -6.766 5.767,
            5.627 -7.040 5.428,
            4.723 -7.250 5.145,
            5.449 -7.175 5.249,
            5.644 -7.005 5.474,
            6.802 -6.999 5.482,
            6.660 -6.729 5.810,
            5.667 -6.970 5.518,
            6.772 -6.959 5.532,
            4.630 -7.213 5.197,
            5.444 -7.147 5.287,
            5.441 -7.111 5.335,
            6.302 -6.807 5.718,
            6.448 -6.821 5.701,
            6.353 -6.810 5.714,
            10.160 -5.714 6.810,
            9.017 -6.215 6.357,
            2.286 -7.699 4.445,
            3.429 -8.008 3.861,
            3.429 -7.975 3.929,
            3.541 -7.772 4.315,
            3.493 -7.734 4.384,
            3.455 -7.691 4.459,
            3.429 -7.647 4.534,
            3.414 -7.602 4.609,
            3.409 -7.556 4.684,
            3.419 -7.488 4.793,
            6.235 -6.806 5.720,
            5.700 -6.936 5.562,
            6.737 -6.926 5.573,
            5.737 -6.907 5.597,
            6.694 -6.897 5.609,
            6.549 -6.697 5.846,
            6.089 -6.811 5.713,
            3.446 -7.427 4.886,
            7.493 -6.434 6.134,
            5.788 -6.879 5.631,
            6.644 -6.872 5.640,
            4.518 -7.183 5.239,
            5.852 -6.854 5.661,
            6.589 -6.851 5.665,
            6.532 -6.836 5.683,
            5.939 -6.832 5.688,
            7.669 -6.367 6.205,
            6.411 -6.675 5.872,
            3.487 -7.373 4.967,
            4.586 -6.997 5.484,
            5.445 -7.060 5.403,
            4.633 -6.986 5.498,
            4.530 -7.009 5.469,
            4.171 -7.150 5.282,
            4.374 -7.160 5.269,
            4.686 -6.969 5.520,
            5.454 -7.012 5.464,
            4.738 -6.948 5.546,
            4.785 -6.925 5.575,
            5.483 -6.941 5.554,
            4.827 -6.898 5.608,
            4.865 -6.869 5.644,
            5.523 -6.885 5.623,
            6.086 -6.548 6.013,
            6.113 -6.670 5.878,
            6.234 -6.665 5.882,
            4.900 -6.833 5.687,
            5.574 -6.838 5.681,
            5.910 -6.548 6.013,
            5.870 -6.707 5.835,
            5.990 -6.684 5.862,
            4.937 -6.781 5.749,
            5.637 -6.795 5.732,
            3.917 -7.033 5.438,
            3.870 -7.182 5.239,
            3.972 -7.164 5.264,
            4.068 -7.154 5.277,
            4.961 -6.720 5.820,
            5.708 -6.760 5.774,
            5.784 -6.731 5.807,
            6.086 -6.419 6.151,
            3.778 -7.004 5.475,
            3.773 -7.208 5.204,
            3.967 -6.899 5.607,
            4.483 -6.874 5.637,
            3.674 -6.969 5.519,
            3.686 -7.240 5.159,
            4.973 -6.632 5.920,
            3.892 -6.887 5.622,
            6.086 -6.286 6.286,
            7.493 -6.215 6.357,
            3.824 -6.870 5.642,
            4.967 -6.571 5.988,
            3.783 -6.856 5.659,
            3.743 -6.839 5.680,
            4.954 -6.516 6.048,
            5.910 -6.419 6.151,
            3.707 -6.819 5.703,
            4.572 -6.853 5.663,
            4.640 -6.829 5.691,
            6.086 -6.152 6.418,
            3.672 -6.795 5.733,
            4.691 -6.804 5.722,
            4.720 -6.783 5.746,
            4.928 -6.457 6.110,
            6.515 -6.006 6.555,
            6.610 -5.978 6.580,
            6.418 -6.024 6.538,
            6.698 -5.942 6.612,
            6.320 -6.034 6.528,
            3.640 -6.765 5.768,
            4.745 -6.761 5.773,
            6.776 -5.898 6.651,
            6.221 -6.038 6.525,
            6.844 -5.845 6.698,
            4.891 -6.399 6.171,
            5.910 -6.286 6.286,
            3.613 -6.727 5.812,
            4.765 -6.735 5.803,
            4.780 -6.707 5.835,
            6.902 -5.783 6.752,
            6.042 -6.026 6.536,
            5.910 -6.152 6.418,
            3.595 -6.686 5.859,
            4.790 -6.679 5.867,
            4.795 -6.655 5.895,
            4.844 -6.345 6.227,
            6.948 -5.716 6.809,
            5.901 -5.999 6.561,
            4.788 -6.298 6.274,
            3.585 -6.622 5.932,
            4.797 -6.625 5.928,
            6.980 -5.643 6.870,
            3.588 -6.586 5.971,
            4.788 -6.555 6.005,
            5.789 -5.961 6.595,
            4.717 -6.254 6.318,
            3.595 -6.556 6.004,
            6.999 -5.566 6.932,
            3.612 -6.517 6.047,
            4.770 -6.510 6.054,
            4.628 -6.214 6.358,
            3.635 -6.479 6.088,
            4.740 -6.466 6.101,
            4.270 -6.300 6.273,
            4.416 -6.315 6.257,
            4.321 -6.303 6.269,
            7.005 -5.488 6.993,
            2.286 -6.810 5.714,
            3.542 -7.323 5.041,
            3.609 -7.278 5.105,
            3.596 -6.931 5.567,
            3.537 -6.891 5.617,
            3.488 -6.845 5.673,
            3.451 -6.794 5.734,
            3.429 -6.749 5.787,
            3.417 -6.706 5.836,
            3.412 -6.674 5.872,
            3.409 -6.635 5.917,
            3.413 -6.578 5.980,
            3.422 -6.526 6.037,
            4.203 -6.298 6.274,
            3.668 -6.441 6.128,
            4.705 -6.430 6.139,
            3.705 -6.409 6.160,
            4.662 -6.398 6.172,
            4.517 -6.179 6.391,
            5.699 -5.918 6.634,
            5.629 -5.870 6.677,
            4.057 -6.304 6.268,
            3.756 -6.379 6.192,
            4.612 -6.370 6.201,
            7.001 -5.423 7.044,
            3.820 -6.351 6.220,
            4.557 -6.348 6.224,
            4.500 -6.332 6.240,
            3.907 -6.327 6.245,
            3.451 -6.447 6.121,
            4.379 -6.154 6.415,
            5.573 -5.818 6.722,
            6.988 -5.356 7.095,
            3.491 -6.385 6.185,
            5.525 -5.758 6.773,
            4.202 -6.144 6.425,
            6.965 -5.286 7.148,
            6.930 -5.220 7.196,
            10.160 -4.445 7.699,
            6.884 -5.157 7.241,
            4.736 -5.462 7.014,
            5.446 -5.557 6.940,
            5.441 -5.488 6.994,
            4.682 -5.479 7.001,
            5.461 -5.625 6.884,
            4.628 -5.490 6.993,
            5.487 -5.692 6.829,
            4.789 -5.439 7.032,
            4.590 -5.493 6.990,
            4.834 -5.411 7.053,
            5.451 -5.386 7.072,
            4.542 -5.495 6.988,
            4.870 -5.380 7.077,
            4.456 -5.489 6.993,
            6.985 -4.671 7.564,
            6.406 -4.915 7.407,
            6.550 -4.947 7.387,
            6.662 -4.989 7.358,
            6.755 -5.042 7.322,
            6.828 -5.099 7.282,
            4.898 -5.346 7.103,
            6.203 -4.902 7.417,
            4.920 -5.305 7.134,
            5.478 -5.297 7.139,
            6.985 -4.610 7.601,
            4.941 -5.234 7.186,
            5.519 -5.218 7.197,
            6.985 -4.549 7.638,
            6.985 -4.487 7.675,
            3.429 -5.593 6.910,
            4.396 -5.476 7.003,
            4.337 -5.455 7.020,
            3.838 -6.190 6.381,
            3.958 -6.164 6.406,
            4.081 -6.149 6.420,
            4.953 -5.085 7.292,
            5.574 -5.146 7.249,
            5.641 -5.082 7.294,
            5.718 -5.028 7.332,
            3.850 -5.397 7.065,
            4.289 -5.429 7.040,
            4.252 -5.401 7.061,
            3.928 -5.357 7.095,
            4.221 -5.371 7.084,
            4.194 -5.335 7.111,
            3.995 -5.315 7.126,
            4.171 -5.295 7.141,
            4.057 -5.268 7.161,
            4.147 -5.235 7.185,
            4.099 -5.222 7.194,
            4.132 -5.172 7.231,
            4.953 -4.903 7.416,
            5.805 -4.983 7.362,
            5.902 -4.946 7.387,
            2.286 -5.714 6.810,
            3.429 -5.529 6.961,
            3.429 -5.464 7.012,
            3.429 -5.399 7.062,
            3.542 -6.333 6.239,
            3.605 -6.287 6.286,
            3.676 -6.248 6.324,
            3.752 -6.216 6.355,
            5.461 -4.671 7.564,
            6.004 -4.921 7.404,
            6.100 -4.907 7.413,
            4.953 -4.717 7.535,
            5.461 -4.606 7.603,
            6.985 -3.842 8.017,
            4.953 -4.529 7.650,
            5.461 -4.542 7.642,
            5.461 -4.476 7.681,
            6.985 -3.774 8.049,
            10.160 -3.041 8.354,
            6.985 -3.705 8.081,
            6.985 -3.636 8.112,
            3.429 -4.713 7.538,
            3.751 -5.247 7.176,
            3.934 -5.153 7.244,
            4.025 -5.096 7.285,
            4.058 -5.066 7.305,
            4.082 -5.035 7.327,
            4.094 -5.015 7.341,
            4.106 -4.986 7.360,
            4.111 -4.947 7.386,
            4.113 -4.898 7.419,
            4.113 -4.836 7.459,
            4.113 -4.775 7.499,
            4.113 -4.713 7.538,
            4.953 -3.852 8.012,
            5.461 -3.831 8.022,
            4.953 -3.779 8.047,
            5.461 -3.766 8.053,
            4.953 -3.706 8.081,
            5.461 -3.701 8.083,
            5.461 -3.487 8.178,
            5.461 -3.636 8.112,
            6.985 -2.923 8.396,
            4.953 -3.632 8.114,
            5.461 -3.417 8.207,
            6.985 -2.846 8.422,
            5.461 -3.346 8.236,
            6.985 -2.769 8.448,
            2.286 -4.445 7.699,
            3.429 -4.652 7.576,
            3.429 -4.590 7.613,
            3.429 -4.529 7.650,
            3.429 -4.388 7.732,
            3.429 -4.322 7.769,
            3.429 -4.255 7.805,
            3.429 -4.188 7.842,
            3.898 -3.841 8.018,
            3.898 -4.035 7.922,
            6.985 -2.693 8.472,
            10.160 -1.544 8.755,
            4.653 -2.944 8.388,
            5.461 -3.276 8.264,
            4.705 -2.927 8.394,
            4.754 -2.904 8.402,
            5.930 -3.114 8.327,
            5.930 -2.910 8.400,
            4.605 -2.953 8.385,
            4.800 -2.874 8.413,
            4.558 -2.956 8.384,
            4.840 -2.839 8.425,
            4.874 -2.799 8.438,
            4.902 -2.752 8.453,
            5.930 -2.705 8.469,
            3.429 -3.285 8.261,
            3.898 -3.644 8.109,
            3.898 -3.445 8.195,
            4.927 -2.686 8.475,
            4.035 -2.975 8.377,
            4.495 -2.950 8.386,
            4.440 -2.935 8.392,
            4.001 -2.989 8.372,
            3.964 -3.000 8.369,
            4.068 -2.957 8.384,
            4.099 -2.936 8.391,
            4.393 -2.914 8.399,
            4.131 -2.909 8.400,
            4.351 -2.888 8.408,
            4.946 -2.598 8.502,
            5.930 -2.498 8.532,
            4.166 -2.869 8.414,
            4.313 -2.856 8.419,
            4.279 -2.818 8.431,
            4.201 -2.813 8.433,
            4.253 -2.781 8.444,
            3.429 -3.072 8.342,
            3.799 -3.007 8.366,
            3.732 -2.993 8.371,
            3.670 -2.970 8.379,
            4.953 -2.476 8.538,
            5.461 -2.331 8.579,
            4.230 -2.739 8.458,
            3.608 -2.935 8.391,
            3.561 -2.899 8.404,
            3.527 -2.863 8.416,
            4.953 -2.293 8.589,
            5.461 -2.258 8.599,
            5.461 -2.184 8.618,
            5.461 -2.085 8.642,
            5.461 -2.110 8.636,
            5.637 -2.085 8.642,
            6.985 -1.376 8.783,
            5.637 -1.850 8.695,
            4.953 -2.108 8.636,
            6.985 -1.305 8.794,
            2.286 -3.041 8.354,
            3.429 -3.214 8.289,
            3.429 -3.143 8.316,
            3.499 -2.822 8.430,
            3.476 -2.775 8.446,
            3.458 -2.725 8.462,
            3.443 -2.659 8.483,
            6.985 -1.234 8.804,
            3.433 -2.577 8.508,
            6.985 -1.163 8.814,
            4.953 -1.923 8.679,
            3.429 -2.477 8.538,
            5.637 -1.614 8.742,
            3.429 -2.294 8.589,
            5.637 -1.376 8.783,
            4.653 -1.585 8.748,
            5.461 -1.780 8.710,
            4.705 -1.568 8.751,
            4.754 -1.543 8.755,
            4.605 -1.595 8.746,
            4.558 -1.598 8.745,
            4.840 -1.476 8.767,
            4.800 -1.512 8.760,
            5.461 -1.472 8.767,
            4.495 -1.592 8.746,
            4.874 -1.434 8.774,
            4.902 -1.385 8.781,
            5.461 -1.163 8.814,
            4.927 -1.317 8.792,
            4.035 -1.618 8.742,
            4.001 -1.633 8.739,
            4.440 -1.576 8.749,
            3.964 -1.644 8.737,
            4.068 -1.599 8.745,
            3.927 -1.651 8.735,
            3.429 -1.923 8.679,
            4.099 -1.577 8.749,
            4.393 -1.554 8.753,
            3.900 -1.654 8.735,
            3.866 -1.655 8.735,
            4.131 -1.549 8.754,
            4.351 -1.527 8.758,
            4.946 -1.225 8.805,
            3.799 -1.651 8.735,
            4.166 -1.507 8.761,
            4.313 -1.494 8.764,
            4.279 -1.454 8.770,
            3.732 -1.636 8.738,
            4.201 -1.449 8.771,
            4.253 -1.416 8.777,
            3.670 -1.612 8.743,
            4.953 -1.099 8.822,
            4.230 -1.372 8.783,
            3.608 -1.576 8.749,
            4.953 -0.910 8.843,
            4.953 -0.721 8.861,
            4.953 -0.531 8.874,
            2.286 -1.544 8.755,
            3.429 -2.109 8.636,
            3.561 -1.539 8.756,
            3.527 -1.501 8.762,
            3.499 -1.458 8.770,
            3.476 -1.409 8.778,
            3.458 -1.358 8.786,
            3.443 -1.289 8.796,
            3.433 -1.204 8.808,
            3.429 -1.101 8.822,
            3.429 -0.911 8.843,
            3.429 -0.722 8.861,
            3.429 -0.531 8.874,
            3.624 -8.309 -3.160,
            3.698 -8.288 -3.217,
            3.816 -8.885 -0.303,
            5.461 -8.889 -0.117,
            4.953 -8.885 -0.303,
            4.566 -8.879 0.439,
            5.461 -8.646 2.069,
            6.809 -8.890 0.039,
            6.340 -8.890 0.039,
            5.848 -8.612 2.204,
            6.598 -8.399 2.915,
            8.783 -7.104 -5.345,
            8.783 -7.677 -4.483,
            8.327 -8.478 2.676,
            7.688 -8.660 2.008,
            7.762 -8.674 1.948,
            8.802 -8.885 0.283,
            5.848 -4.487 7.675,
            6.598 -3.831 8.022,
            6.281 -8.755 -1.542,
            6.279 -8.706 -1.798,
            6.770 -7.145 -5.290,
            6.538 -2.129 -8.631,
            3.866 -3.011 8.365,
            3.900 -3.009 8.365,
            3.927 -3.007 8.366,
            4.189 -7.911 4.055,
            4.288 -7.909 4.059,
            4.774 -3.809 -8.033,
            4.764 -3.696 -8.085,
            4.774 -3.732 -8.069,
            4.777 -3.771 -8.051,
            4.766 -3.841 -8.017,
            4.753 -3.870 -8.003,
            4.748 -3.664 -8.100,
            4.731 -3.901 -7.988,
            4.727 -3.635 -8.113,
            4.707 -3.927 -7.976,
            4.700 -3.607 -8.125,
            4.673 -3.954 -7.962,
            4.659 -3.577 -8.139,
            4.613 -3.981 -7.949,
            4.551 -3.535 -8.157,
            4.617 -3.556 -8.148,
            4.548 -4.000 -7.939,
            4.436 -3.515 -8.166,
            4.365 -4.026 -7.926,
            4.181 -3.502 -8.171,
            4.181 -4.032 -7.923,
            3.969 -3.510 -8.168,
            3.926 -4.020 -7.929,
            3.853 -3.525 -8.161,
            3.812 -4.001 -7.939,
            3.765 -3.548 -8.151,
            3.740 -3.978 -7.950,
            3.723 -3.566 -8.144,
            3.703 -3.959 -7.960,
            3.692 -3.584 -8.135,
            3.663 -3.929 -7.975,
            3.637 -3.634 -8.114,
            3.663 -3.607 -8.125,
            3.635 -3.901 -7.988,
            3.616 -3.662 -8.101,
            3.588 -3.805 -8.034,
            3.585 -3.769 -8.051,
            3.590 -3.724 -8.072,
            3.612 -3.870 -8.004,
            3.601 -3.692 -8.087,
            3.597 -3.837 -8.019,
            4.774 -4.832 -7.462,
            4.764 -4.727 -7.529,
            4.774 -4.761 -7.508,
            4.777 -4.797 -7.485,
            4.766 -4.862 -7.443,
            4.753 -4.889 -7.425,
            4.748 -4.697 -7.548,
            4.731 -4.918 -7.406,
            4.727 -4.670 -7.565,
            4.707 -4.942 -7.390,
            4.700 -4.644 -7.580,
            4.673 -4.966 -7.373,
            4.659 -4.616 -7.598,
            4.613 -4.992 -7.356,
            4.551 -4.576 -7.622,
            4.617 -4.596 -7.610,
            4.548 -5.009 -7.344,
            4.436 -4.558 -7.633,
            4.365 -5.033 -7.328,
            4.181 -4.546 -7.640,
            4.181 -5.039 -7.324,
            3.969 -4.553 -7.635,
            3.926 -5.028 -7.332,
            3.853 -4.568 -7.627,
            3.812 -5.010 -7.344,
            3.765 -4.589 -7.614,
            3.740 -4.989 -7.358,
            3.723 -4.605 -7.604,
            3.703 -4.972 -7.370,
            3.692 -4.623 -7.594,
            3.663 -4.943 -7.389,
            3.637 -4.669 -7.565,
            3.663 -4.644 -7.581,
            3.635 -4.918 -7.406,
            3.616 -4.695 -7.549,
            3.588 -4.829 -7.464,
            3.585 -4.795 -7.486,
            3.590 -4.753 -7.513,
            3.612 -4.888 -7.425,
            3.601 -4.723 -7.531,
            3.597 -4.858 -7.445,
            4.545 -5.663 -6.853,
            3.996 -5.663 -6.853,
            3.996 -5.771 -6.762,
            3.996 -5.877 -6.670,
            3.996 -5.982 -6.576,
            4.545 -7.637 -4.551,
            3.996 -7.637 -4.551,
            3.996 -7.708 -4.429,
            3.996 -7.778 -4.306,
            3.996 -7.845 -4.182,
            4.474 -8.282 3.231,
            4.650 -8.227 3.370,
            4.570 -8.215 3.399,
            4.496 -8.201 3.432,
            4.074 -8.273 3.255,
            4.074 -8.335 3.093,
            4.074 -8.208 3.416,
            4.074 -8.139 3.575,
            4.777 -8.241 3.336,
            4.795 -7.579 4.647,
            4.776 -7.633 4.557,
            4.792 -7.596 4.619,
            4.792 -7.517 4.746,
            4.797 -7.557 4.682,
            4.775 -7.476 4.811,
            4.750 -7.668 4.499,
            4.748 -7.438 4.870,
            4.713 -7.699 4.444,
            4.710 -7.401 4.925,
            4.668 -7.727 4.395,
            4.661 -7.367 4.976,
            4.614 -7.752 4.353,
            4.612 -7.341 5.014,
            4.565 -7.323 5.040,
            4.548 -7.773 4.315,
            4.511 -7.308 5.062,
            4.455 -7.792 4.280,
            4.451 -7.296 5.079,
            4.367 -7.285 5.095,
            4.337 -7.806 4.255,
            4.271 -7.278 5.105,
            4.190 -7.811 4.245,
            4.168 -7.276 5.108,
            4.110 -7.810 4.248,
            4.023 -7.283 5.098,
            3.969 -7.799 4.267,
            4.041 -7.806 4.254,
            3.921 -7.298 5.077,
            3.895 -7.787 4.288,
            3.841 -7.318 5.048,
            3.829 -7.772 4.316,
            3.774 -7.343 5.012,
            3.770 -7.753 4.351,
            3.712 -7.374 4.965,
            3.668 -7.699 4.444,
            3.714 -7.728 4.395,
            3.587 -7.531 4.724,
            3.585 -7.555 4.685,
            3.590 -7.594 4.622,
            3.605 -7.632 4.558,
            3.592 -7.511 4.756,
            3.662 -7.410 4.912,
            3.631 -7.667 4.500,
            3.606 -7.476 4.810,
            3.628 -7.444 4.860,
            4.777 -5.091 7.288,
            4.768 -5.171 7.231,
            4.775 -5.134 7.258,
            4.754 -5.212 7.202,
            4.777 -4.967 7.373,
            4.738 -5.239 7.182,
            4.717 -5.263 7.165,
            4.777 -4.840 7.457,
            4.693 -5.282 7.151,
            4.777 -4.713 7.538,
            4.664 -5.298 7.139,
            4.631 -5.312 7.129,
            4.597 -5.320 7.123,
            4.538 -5.325 7.119,
            4.289 -5.054 7.314,
            4.298 -5.160 7.239,
            4.311 -5.204 7.208,
            4.289 -4.941 7.390,
            4.327 -5.233 7.186,
            4.345 -5.256 7.170,
            4.289 -4.827 7.465,
            4.370 -5.277 7.155,
            4.289 -4.713 7.538,
            4.399 -5.294 7.142,
            4.436 -5.309 7.131,
            4.486 -5.321 7.122,
            4.509 -5.324 7.120,
            4.474 -3.844 8.016,
            4.650 -3.709 8.079,
            4.570 -3.680 8.092,
            4.496 -3.648 8.107,
            4.074 -3.821 8.027,
            4.074 -3.977 7.951,
            4.074 -3.664 8.100,
            4.074 -3.505 8.170,
            4.777 -3.743 8.064,
            4.132 -2.457 8.544,
            4.095 -2.687 8.474,
            4.111 -2.647 8.487,
            4.121 -2.604 8.500,
            4.128 -2.555 8.515,
            4.132 -2.349 8.574,
            4.077 -2.716 8.465,
            4.132 -2.241 8.603,
            4.055 -2.741 8.457,
            4.132 -2.132 8.630,
            4.027 -2.763 8.450,
            3.992 -2.783 8.443,
            3.950 -2.798 8.438,
            3.916 -2.805 8.436,
            3.869 -2.808 8.435,
            3.605 -2.481 8.537,
            3.606 -2.543 8.518,
            3.612 -2.605 8.500,
            3.630 -2.665 8.481,
            3.605 -2.365 8.570,
            3.645 -2.697 8.471,
            3.663 -2.722 8.463,
            3.605 -2.249 8.601,
            3.687 -2.747 8.455,
            3.605 -2.132 8.630,
            3.718 -2.770 8.448,
            3.751 -2.786 8.442,
            3.794 -2.800 8.438,
            3.829 -2.806 8.436,
            4.777 -2.413 8.556,
            4.741 -2.656 8.484,
            4.754 -2.628 8.493,
            4.765 -2.587 8.505,
            4.775 -2.505 8.530,
            4.777 -2.320 8.582,
            4.722 -2.682 8.476,
            4.777 -2.226 8.607,
            4.699 -2.703 8.469,
            4.777 -2.132 8.630,
            4.671 -2.722 8.463,
            4.632 -2.738 8.458,
            4.595 -2.748 8.455,
            4.539 -2.752 8.453,
            4.308 -2.436 8.550,
            4.313 -2.540 8.519,
            4.319 -2.580 8.507,
            4.326 -2.612 8.498,
            4.344 -2.652 8.485,
            4.308 -2.335 8.578,
            4.363 -2.680 8.476,
            4.308 -2.234 8.605,
            4.386 -2.704 8.469,
            4.308 -2.132 8.630,
            4.412 -2.722 8.463,
            4.443 -2.737 8.458,
            4.467 -2.744 8.456,
            4.487 -2.748 8.455,
            4.132 -1.080 8.824,
            4.095 -1.319 8.792,
            4.111 -1.276 8.798,
            4.121 -1.232 8.804,
            4.128 -1.181 8.811,
            4.132 -0.969 8.837,
            4.077 -1.348 8.787,
            4.132 -0.857 8.849,
            4.055 -1.374 8.783,
            4.132 -0.746 8.859,
            4.027 -1.397 8.780,
            3.992 -1.418 8.776,
            3.950 -1.433 8.774,
            3.916 -1.440 8.773,
            3.869 -1.444 8.772,
            3.605 -1.104 8.821,
            3.606 -1.169 8.813,
            3.612 -1.234 8.804,
            3.630 -1.295 8.795,
            3.605 -0.985 8.835,
            3.645 -1.328 8.790,
            3.663 -1.355 8.786,
            3.605 -0.865 8.848,
            3.687 -1.380 8.782,
            3.605 -0.746 8.859,
            3.718 -1.404 8.778,
            3.751 -1.421 8.776,
            3.794 -1.435 8.773,
            3.829 -1.441 8.772,
            4.777 -1.035 8.830,
            4.741 -1.286 8.796,
            4.754 -1.257 8.801,
            4.765 -1.214 8.807,
            4.775 -1.130 8.818,
            4.777 -0.938 8.840,
            4.722 -1.313 8.793,
            4.777 -0.842 8.850,
            4.699 -1.335 8.789,
            4.777 -0.746 8.859,
            4.671 -1.354 8.786,
            4.632 -1.371 8.784,
            4.595 -1.381 8.782,
            4.539 -1.386 8.781,
            4.308 -1.058 8.827,
            4.313 -1.166 8.813,
            4.319 -1.207 8.808,
            4.326 -1.240 8.803,
            4.344 -1.282 8.797,
            4.308 -0.954 8.839,
            4.363 -1.311 8.793,
            4.308 -0.850 8.849,
            4.386 -1.335 8.789,
            4.308 -0.746 8.859,
            4.412 -1.355 8.786,
            4.443 -1.370 8.784,
            4.467 -1.377 8.783,
            4.487 -1.381 8.782,
            6.395 -0.699 -8.862,
            6.394 -0.634 -8.867,
            6.399 -0.668 -8.865,
            6.384 -0.725 -8.860,
            6.382 -0.604 -8.869,
            6.367 -0.748 -8.859,
            6.363 -0.575 -8.871,
            6.348 -0.764 -8.857,
            6.331 -0.540 -8.874,
            6.332 -0.774 -8.856,
            6.300 -0.786 -8.855,
            6.271 -0.792 -8.855,
            6.231 -0.462 -8.878,
            6.234 -0.794 -8.854,
            6.191 -0.791 -8.855,
            6.175 -0.502 -8.876,
            6.169 -0.786 -8.855,
            6.143 -0.776 -8.856,
            6.125 -0.547 -8.873,
            6.122 -0.765 -8.857,
            6.106 -0.752 -8.858,
            6.094 -0.586 -8.871,
            6.085 -0.728 -8.860,
            6.077 -0.617 -8.869,
            6.071 -0.698 -8.863,
            6.071 -0.635 -8.867,
            6.067 -0.666 -8.865,
            6.434 -0.085 -8.890,
            6.428 0.009 -8.890,
            6.434 -0.011 -8.890,
            6.438 -0.052 -8.890,
            6.426 -0.112 -8.889,
            6.420 0.028 -8.890,
            6.411 -0.139 -8.889,
            6.400 0.057 -8.890,
            6.373 -0.183 -8.888,
            6.350 0.097 -8.889,
            6.375 0.081 -8.890,
            6.304 -0.243 -8.887,
            6.281 0.119 -8.889,
            6.318 0.111 -8.889,
            6.232 -0.298 -8.885,
            6.192 0.120 -8.889,
            6.231 0.123 -8.889,
            6.138 -0.230 -8.887,
            6.127 0.104 -8.889,
            6.162 0.116 -8.889,
            6.093 -0.188 -8.888,
            6.071 0.064 -8.890,
            6.098 0.087 -8.890,
            6.058 -0.146 -8.889,
            6.050 0.036 -8.890,
            6.040 -0.112 -8.889,
            6.036 0.006 -8.890,
            6.031 -0.083 -8.890,
            6.028 -0.048 -8.890,
            6.031 -0.014 -8.890,
            6.827 -7.944 3.990,
            6.808 -7.991 3.895,
            6.824 -7.959 3.960,
            6.824 -7.891 4.094,
            6.829 -7.926 4.027,
            6.807 -7.856 4.162,
            6.782 -8.020 3.835,
            6.780 -7.822 4.224,
            6.745 -8.047 3.778,
            6.742 -7.791 4.281,
            6.700 -8.071 3.726,
            6.693 -7.761 4.336,
            6.646 -8.092 3.682,
            6.644 -7.739 4.376,
            6.597 -7.723 4.403,
            6.580 -8.109 3.643,
            6.543 -7.710 4.426,
            6.487 -8.126 3.606,
            6.483 -7.699 4.444,
            6.399 -7.690 4.461,
            6.369 -8.137 3.580,
            6.303 -7.684 4.471,
            6.222 -8.142 3.570,
            6.200 -7.682 4.475,
            6.142 -8.141 3.572,
            6.055 -7.688 4.464,
            6.001 -8.132 3.593,
            6.073 -8.138 3.579,
            5.953 -7.701 4.442,
            5.927 -8.122 3.615,
            5.873 -7.718 4.411,
            5.861 -8.109 3.644,
            5.806 -7.740 4.373,
            5.802 -8.093 3.680,
            5.744 -7.768 4.324,
            5.700 -8.047 3.778,
            5.746 -8.072 3.726,
            5.619 -7.904 4.070,
            5.617 -7.924 4.030,
            5.622 -7.957 3.964,
            5.637 -7.990 3.897,
            5.624 -7.886 4.105,
            5.694 -7.798 4.268,
            5.663 -8.020 3.836,
            5.638 -7.856 4.161,
            5.660 -7.828 4.214,
            6.827 -5.522 6.967,
            6.808 -5.604 6.901,
            6.824 -5.548 6.946,
            6.824 -5.430 7.039,
            6.829 -5.489 6.993,
            6.807 -5.369 7.086,
            6.782 -5.656 6.859,
            6.780 -5.313 7.128,
            6.745 -5.705 6.818,
            6.742 -5.260 7.167,
            6.700 -5.748 6.782,
            6.693 -5.210 7.204,
            6.646 -5.785 6.750,
            6.644 -5.173 7.230,
            6.597 -5.147 7.248,
            6.580 -5.818 6.722,
            6.543 -5.126 7.264,
            6.487 -5.848 6.695,
            6.483 -5.108 7.276,
            6.399 -5.092 7.287,
            6.369 -5.870 6.676,
            6.303 -5.083 7.294,
            6.222 -5.878 6.669,
            6.200 -5.079 7.296,
            6.142 -5.876 6.671,
            6.055 -5.089 7.289,
            6.001 -5.859 6.686,
            6.073 -5.870 6.676,
            5.953 -5.110 7.274,
            5.927 -5.841 6.702,
            5.873 -5.139 7.254,
            5.861 -5.817 6.723,
            5.806 -5.175 7.228,
            5.802 -5.787 6.749,
            5.744 -5.221 7.196,
            5.700 -5.705 6.818,
            5.746 -5.749 6.781,
            5.619 -5.451 7.023,
            5.617 -5.487 6.995,
            5.622 -5.545 6.949,
            5.637 -5.603 6.902,
            5.624 -5.421 7.046,
            5.694 -5.272 7.158,
            5.663 -5.656 6.859,
            5.638 -5.370 7.085,
            5.660 -5.322 7.121,
            6.506 -2.914 8.399,
            6.682 -2.773 8.446,
            6.602 -2.743 8.456,
            6.528 -2.709 8.467,
            6.106 -2.890 8.407,
            6.106 -3.053 8.349,
            6.106 -2.725 8.462,
            6.106 -2.560 8.513,
            6.809 -2.808 8.435,
            6.262 0.008 8.890,
            6.809 0.008 8.890,
            6.262 0.017 8.890,
            6.809 0.017 8.890,
            6.262 0.025 8.890,
            6.809 0.025 8.890,
            8.609 -8.007 3.862,
            8.060 -8.007 3.862,
            8.060 -7.945 3.989,
            8.060 -7.881 4.115,
            8.060 -7.814 4.239,
            8.538 -7.367 4.975,
            8.714 -7.283 5.098,
            8.634 -7.265 5.124,
            8.560 -7.244 5.153,
            8.138 -7.353 4.996,
            8.138 -7.449 4.852,
            8.138 -7.254 5.139,
            8.138 -7.153 5.279,
            8.841 -7.304 5.068,
            6.164 8.175 3.492,
            6.127 8.078 3.713,
            6.143 8.095 3.674,
            6.153 8.114 3.633,
            6.160 8.135 3.586,
            6.164 8.219 3.389,
            6.109 8.065 3.740,
            6.164 8.261 3.285,
            6.087 8.054 3.763,
            6.164 8.301 3.181,
            6.059 8.044 3.785,
            6.024 8.035 3.804,
            5.982 8.028 3.818,
            5.948 8.026 3.824,
            5.901 8.024 3.827,
            5.637 8.166 3.515,
            5.638 8.140 3.575,
            5.644 8.113 3.634,
            5.662 8.088 3.691,
            5.637 8.212 3.404,
            5.677 8.073 3.722,
            5.695 8.062 3.746,
            5.637 8.258 3.293,
            5.719 8.052 3.769,
            5.637 8.301 3.181,
            5.750 8.041 3.791,
            5.783 8.034 3.806,
            5.826 8.028 3.819,
            5.861 8.025 3.825,
            6.809 8.193 3.450,
            6.773 8.091 3.683,
            6.786 8.103 3.656,
            6.797 8.121 3.617,
            6.807 8.155 3.539,
            6.809 8.230 3.361,
            6.754 8.080 3.707,
            6.809 8.266 3.271,
            6.731 8.071 3.728,
            6.809 8.301 3.181,
            6.703 8.063 3.745,
            6.664 8.055 3.761,
            6.627 8.051 3.770,
            6.571 8.049 3.774,
            6.340 8.184 3.472,
            6.345 8.141 3.572,
            6.351 8.124 3.610,
            6.358 8.111 3.640,
            6.376 8.093 3.679,
            6.340 8.224 3.376,
            6.395 8.081 3.706,
            6.340 8.263 3.279,
            6.418 8.071 3.728,
            6.340 8.301 3.181,
            6.444 8.062 3.746,
            6.475 8.056 3.760,
            6.499 8.053 3.766,
            6.519 8.051 3.770,
            6.506 8.604 2.237,
            6.682 8.640 2.093,
            6.602 8.648 2.062,
            6.528 8.656 2.027,
            6.106 8.610 2.212,
            6.106 8.566 2.380,
            6.106 8.652 2.044,
            6.106 8.690 1.875,
            6.809 8.631 2.128,
            6.809 8.881 -0.396,
            6.800 8.885 -0.298,
            6.807 8.883 -0.344,
            6.786 8.887 -0.247,
            6.809 8.873 -0.547,
            6.770 8.887 -0.214,
            6.749 8.888 -0.185,
            6.809 8.863 -0.698,
            6.725 8.889 -0.161,
            6.809 8.849 -0.849,
            6.696 8.889 -0.141,
            6.663 8.889 -0.124,
            6.629 8.889 -0.114,
            6.570 8.889 -0.107,
            6.321 8.879 -0.442,
            6.330 8.885 -0.312,
            6.343 8.886 -0.258,
            6.321 8.871 -0.577,
            6.359 8.887 -0.221,
            6.377 8.888 -0.194,
            6.321 8.861 -0.713,
            6.402 8.888 -0.168,
            6.321 8.849 -0.849,
            6.431 8.889 -0.146,
            6.468 8.889 -0.127,
            6.518 8.889 -0.112,
            6.541 8.889 -0.109,
            6.827 8.662 -2.001,
            6.808 8.685 -1.898,
            6.824 8.669 -1.968,
            6.824 8.635 -2.114,
            6.829 8.653 -2.041,
            6.807 8.616 -2.188,
            6.782 8.699 -1.832,
            6.780 8.599 -2.257,
            6.745 8.712 -1.770,
            6.742 8.582 -2.320,
            6.700 8.723 -1.714,
            6.693 8.565 -2.380,
            6.646 8.732 -1.667,
            6.644 8.553 -2.424,
            6.597 8.545 -2.454,
            6.580 8.740 -1.624,
            6.543 8.537 -2.480,
            6.487 8.748 -1.585,
            6.483 8.531 -2.500,
            6.399 8.526 -2.519,
            6.369 8.753 -1.556,
            6.303 8.522 -2.530,
            6.222 8.755 -1.545,
            6.200 8.521 -2.534,
            6.142 8.754 -1.548,
            6.055 8.525 -2.522,
            6.001 8.750 -1.571,
            6.073 8.753 -1.556,
            5.953 8.532 -2.498,
            5.927 8.746 -1.594,
            5.873 8.542 -2.463,
            5.861 8.740 -1.626,
            5.806 8.554 -2.421,
            5.802 8.733 -1.664,
            5.744 8.569 -2.367,
            5.700 8.712 -1.770,
            5.746 8.723 -1.714,
            5.619 8.641 -2.088,
            5.617 8.652 -2.044,
            5.622 8.669 -1.972,
            5.637 8.685 -1.899,
            5.624 8.632 -2.126,
            5.694 8.586 -2.305,
            5.663 8.699 -1.833,
            5.638 8.617 -2.188,
            5.660 8.602 -2.245,
            10.414 -5.551 -6.616,
            10.414 -6.616 -5.551,
            10.414 -4.318 -7.479,
            10.414 -7.479 -4.318,
            10.414 -2.954 -8.115,
            10.414 -8.115 -2.954,
            10.414 -1.500 -8.505,
            10.414 -8.505 -1.500,
            10.414 -8.636 0.000,
            10.414 -8.505 1.500,
            10.414 1.224 -6.941,
            10.414 -8.115 2.954,
            10.414 2.411 -6.623,
            10.414 -7.479 4.318,
            10.414 3.524 -6.104,
            10.414 -6.616 5.551,
            10.414 4.531 -5.399,
            10.414 5.399 -4.531,
            10.414 -5.551 6.616,
            10.414 6.104 -3.524,
            10.414 -4.318 7.479,
            10.414 6.623 -2.411,
            10.414 -2.954 8.115,
            10.414 6.941 -1.224,
            10.414 -1.500 8.505,
            10.414 7.049 0.000,
            10.414 6.941 1.224,
            10.414 1.224 6.941,
            10.414 2.411 6.623,
            10.414 6.623 2.411,
            10.414 6.104 3.524,
            10.414 3.524 6.104,
            10.414 5.399 4.531,
            10.414 4.531 5.399,
            2.032 -5.551 6.616,
            2.032 -4.074 4.855,
            2.032 -6.616 5.551,
            2.032 -4.855 4.074,
            2.032 -7.479 4.318,
            2.032 -4.318 7.479,
            2.032 -3.169 5.488,
            2.032 -5.488 3.169,
            2.032 -8.115 2.954,
            2.032 -2.954 8.115,
            2.032 -2.167 5.955,
            2.032 -5.955 2.167,
            2.032 -8.505 1.500,
            2.032 -1.500 8.505,
            2.032 -1.100 6.241,
            2.032 -6.241 1.100,
            2.032 -8.636 -0.000,
            2.032 -6.337 -0.000,
            2.032 -8.505 -1.500,
            2.032 -6.241 -1.100,
            2.032 -8.115 -2.954,
            2.032 -5.955 -2.167,
            2.032 -5.488 -3.169,
            2.032 -7.479 -4.318,
            2.032 -6.616 -5.551,
            2.032 -4.855 -4.074,
            2.032 -4.074 -4.855,
            2.032 -5.551 -6.616,
            2.032 -3.169 -5.488,
            2.032 -4.318 -7.479,
            2.032 -1.100 -6.241,
            2.032 -2.954 -8.115,
            2.032 -2.167 -5.955,
            2.032 -1.500 -8.505,
            1.270 -1.100 -6.241,
            1.270 -2.167 -5.955,
            1.270 -3.169 -5.488,
            1.270 -4.074 -4.855,
            1.270 -4.855 -4.074,
            1.270 -5.488 -3.169,
            1.270 -5.955 -2.167,
            1.270 -6.241 -1.100,
            1.270 -6.337 -0.000,
            1.270 -6.241 1.100,
            1.270 -5.955 2.167,
            1.270 -5.488 3.169,
            1.270 -4.855 4.074,
            1.270 -4.074 4.855,
            1.270 -3.169 5.488,
            1.270 -2.167 5.955,
            1.270 -1.100 6.241,
            1.270 -5.205 -4.367,
            1.270 -5.884 -3.397,
            1.270 -4.367 -5.205,
            1.270 -2.324 -6.385,
            1.270 -3.397 -5.884,
            1.270 -6.385 -2.324,
            1.270 -6.691 -1.180,
            1.270 -1.180 -6.691,
            1.270 -6.794 -0.000,
            1.270 -6.691 1.180,
            1.270 -6.385 2.324,
            1.270 -5.884 3.397,
            1.270 -5.205 4.367,
            1.270 -4.367 5.205,
            1.270 -3.397 5.884,
            1.270 -2.324 6.385,
            1.270 -1.180 6.691,
            0.440 -1.180 -6.691,
            0.440 -2.324 -6.385,
            0.440 -3.397 -5.884,
            0.440 -4.367 -5.205,
            0.440 -5.205 -4.367,
            0.440 -5.884 -3.397,
            0.440 -6.385 -2.324,
            0.440 -6.691 -1.180,
            0.440 -6.794 0.000,
            0.440 -6.691 1.180,
            0.440 -6.385 2.324,
            0.440 -5.884 3.397,
            0.440 -5.205 4.367,
            0.440 -4.367 5.205,
            0.440 -3.397 5.884,
            0.440 -2.324 6.385,
            0.440 -1.180 6.691,
            -0.000 -4.204 5.010,
            -0.000 -5.010 4.204,
            -0.000 -3.270 5.664,
            -0.000 -5.664 3.270,
            -0.000 -2.237 6.146,
            -0.000 -6.146 2.237,
            -0.000 -1.136 6.441,
            -0.000 -6.441 1.136,
            -0.000 -6.541 -0.000,
            -0.000 -6.441 -1.136,
            -0.000 1.037 5.878,
            -0.000 -6.146 -2.237,
            -0.000 2.042 5.609,
            -0.000 -5.664 -3.270,
            -0.000 2.984 5.169,
            -0.000 -5.010 -4.204,
            -0.000 3.837 4.573,
            -0.000 4.573 3.837,
            -0.000 -4.204 -5.010,
            -0.000 5.169 2.984,
            -0.000 -3.270 -5.664,
            -0.000 5.609 2.042,
            -0.000 -2.237 -6.146,
            -0.000 5.878 1.037,
            -0.000 -1.136 -6.441,
            -0.000 5.969 -0.000,
            -0.000 1.037 -5.878,
            -0.000 5.878 -1.037,
            -0.000 5.609 -2.042,
            -0.000 2.042 -5.609,
            -0.000 2.984 -5.169,
            -0.000 5.169 -2.984,
            -0.000 3.837 -4.573,
            -0.000 4.573 -3.837,
            0.254 0.992 5.628,
            2.794 0.992 5.628,
            0.254 1.955 5.370,
            2.794 1.955 5.370,
            0.254 2.858 4.949,
            2.794 2.858 4.949,
            0.254 3.674 4.378,
            2.794 3.674 4.378,
            0.254 4.378 3.674,
            2.794 4.378 3.674,
            0.254 4.949 2.858,
            2.794 4.949 2.858,
            0.254 5.370 1.955,
            2.794 5.370 1.955,
            0.254 5.628 0.992,
            2.794 5.628 0.992,
            0.254 5.715 0.000,
            2.794 5.715 0.000,
            0.254 5.628 -0.992,
            2.794 5.628 -0.992,
            0.254 5.370 -1.955,
            2.794 5.370 -1.955,
            0.254 4.949 -2.858,
            2.794 4.949 -2.858,
            0.254 4.378 -3.674,
            2.794 4.378 -3.674,
            0.254 3.674 -4.378,
            2.794 3.674 -4.378,
            0.254 2.858 -4.949,
            2.794 2.858 -4.949,
            0.254 1.955 -5.370,
            2.794 1.955 -5.370,
            0.254 0.992 -5.628,
            2.794 0.992 -5.628,
            2.794 1.246 -7.066,
            2.794 2.454 -6.743,
            2.794 3.588 -6.214,
            2.794 4.612 -5.497,
            2.794 5.497 -4.612,
            2.794 6.214 -3.588,
            2.794 6.743 -2.454,
            2.794 7.066 -1.246,
            2.794 7.175 0.000,
            2.794 7.066 1.246,
            2.794 1.246 7.066,
            2.794 6.743 2.454,
            2.794 2.454 6.743,
            2.794 6.214 3.588,
            2.794 3.588 6.214,
            2.794 4.612 5.497,
            2.794 5.497 4.612,
            3.175 1.246 7.066,
            3.175 2.454 6.743,
            3.175 3.588 6.214,
            3.175 4.612 5.497,
            3.175 5.497 4.612,
            3.175 6.214 3.588,
            3.175 6.743 2.454,
            3.175 7.066 1.246,
            3.175 7.175 0.000,
            3.175 7.066 -1.246,
            3.175 6.743 -2.454,
            3.175 6.214 -3.588,
            3.175 5.497 -4.612,
            3.175 4.612 -5.497,
            3.175 3.588 -6.214,
            3.175 2.454 -6.743,
            3.175 1.246 -7.066,
            3.175 1.180 6.691,
            3.175 2.324 6.385,
            3.175 3.397 5.884,
            3.175 4.367 5.205,
            3.175 5.205 4.367,
            3.175 5.884 3.397,
            3.175 6.385 2.324,
            3.175 6.691 1.180,
            3.175 6.794 0.000,
            3.175 6.691 -1.180,
            3.175 1.180 -6.691,
            3.175 2.324 -6.385,
            3.175 6.385 -2.324,
            3.175 5.884 -3.397,
            3.175 3.397 -5.884,
            3.175 5.205 -4.367,
            3.175 4.367 -5.205,
            9.974 1.180 6.691,
            9.974 2.324 6.385,
            9.974 3.397 5.884,
            9.974 4.367 5.205,
            9.974 5.205 4.367,
            9.974 5.884 3.397,
            9.974 6.385 2.324,
            9.974 6.691 1.180,
            9.974 6.794 -0.000,
            9.974 6.691 -1.180,
            9.974 6.385 -2.324,
            9.974 5.884 -3.397,
            9.974 5.205 -4.367,
            9.974 4.367 -5.205,
            9.974 3.397 -5.884,
            9.974 2.324 -6.385,
            9.974 1.180 -6.691,
            3.044 -4.473 4.507,
            2.794 -3.480 5.010,
            2.794 -4.297 4.330,
            3.044 -3.622 5.215,
            3.044 -5.188 3.662,
            2.794 -4.984 3.518,
            3.044 -5.745 2.705,
            2.794 -5.519 2.599,
            3.044 -6.127 1.667,
            2.794 -5.886 1.601,
            3.044 -6.324 0.577,
            2.794 -6.075 0.555,
            3.044 -6.328 -0.529,
            2.794 -6.079 -0.509,
            3.044 -6.140 -1.620,
            2.794 -5.898 -1.556,
            3.044 -5.765 -2.662,
            2.794 -5.538 -2.557,
            3.044 -5.215 -3.622,
            2.794 -5.010 -3.480,
            3.044 -4.507 -4.473,
            2.794 -4.330 -4.297,
            3.044 -3.662 -5.188,
            2.794 -3.518 -4.984,
            3.044 -2.705 -5.745,
            2.794 -2.599 -5.519,
            3.044 -1.667 -6.127,
            2.794 -1.601 -5.886,
            3.044 -0.577 -6.324,
            2.794 -0.555 -6.075,
            3.044 0.529 -6.328,
            2.794 0.509 -6.079,
            3.044 1.620 -6.140,
            2.794 1.556 -5.898,
            2.794 2.557 -5.538,
            3.044 2.662 -5.765,
            2.794 3.480 -5.010,
            3.044 3.622 -5.215,
            4.344 3.622 -5.215,
            4.344 2.662 -5.765,
            4.344 1.620 -6.140,
            4.344 0.529 -6.328,
            4.344 -0.577 -6.324,
            4.344 -1.667 -6.127,
            4.344 -2.705 -5.745,
            4.344 -3.662 -5.188,
            4.344 -4.507 -4.473,
            4.344 -5.215 -3.622,
            4.344 -5.765 -2.662,
            4.344 -6.140 -1.620,
            4.344 -6.328 -0.529,
            4.344 -6.324 0.577,
            4.344 -6.127 1.667,
            4.344 -5.745 2.705,
            4.344 -5.188 3.662,
            4.344 -4.473 4.507,
            4.344 -3.622 5.215,
            4.639 3.483 -5.014,
            4.639 2.559 -5.543,
            4.639 1.558 -5.903,
            4.639 0.509 -6.084,
            4.639 -0.555 -6.080,
            4.639 -1.603 -5.891,
            4.639 -2.601 -5.523,
            4.639 -3.521 -4.988,
            4.639 -4.333 -4.301,
            4.639 -5.014 -3.483,
            4.639 -5.543 -2.559,
            4.639 -5.903 -1.558,
            4.639 -6.084 -0.509,
            4.639 -6.080 0.555,
            4.639 -5.891 1.603,
            4.639 -5.523 2.601,
            4.639 -4.988 3.521,
            4.639 -4.301 4.333,
            4.639 -3.483 5.014,
            4.945 1.828 -3.650,
            4.945 2.329 -3.353,
            4.945 1.290 -3.873,
            4.945 0.726 -4.017,
            4.945 0.146 -4.080,
            4.945 -0.436 -4.059,
            5.194 0.000 -0.000,
            5.130 0.916 -1.828,
            5.130 1.167 -1.679,
            4.945 -1.009 -3.956,
            5.130 0.646 -1.940,
            4.945 -1.562 -3.772,
            5.130 0.363 -2.012,
            4.945 -2.082 -3.511,
            5.130 0.073 -2.044,
            4.945 -2.561 -3.179,
            5.130 -0.218 -2.033,
            4.945 -2.987 -2.782,
            5.130 -0.505 -1.981,
            4.945 -3.353 -2.329,
            5.130 -0.782 -1.889,
            4.945 -3.650 -1.828,
            5.130 -1.043 -1.759,
            4.945 -3.873 -1.290,
            5.130 -1.283 -1.592,
            4.945 -4.017 -0.726,
            5.130 -1.496 -1.394,
            4.945 -4.080 -0.146,
            5.130 -1.679 -1.167,
            4.945 -4.059 0.436,
            5.130 -1.828 -0.916,
            4.945 -3.956 1.009,
            5.130 -1.940 -0.646,
            4.945 -3.772 1.562,
            5.130 -2.012 -0.363,
            4.945 -3.511 2.082,
            5.130 -2.044 -0.073,
            4.945 -3.179 2.561,
            5.130 -2.033 0.218,
            4.945 -2.782 2.987,
            4.945 -2.329 3.353,
            5.130 -1.981 0.505,
            5.130 -1.889 0.782,
            5.130 -1.759 1.043,
            5.130 -1.592 1.283,
            5.130 -1.167 1.679,
            5.130 -1.394 1.496,
            2.794 5.886 -1.601,
            2.794 6.079 0.509,
            2.794 6.075 -0.555,
            2.794 5.519 -2.599,
            2.794 4.984 -3.518,
            2.794 5.898 1.556,
            2.794 5.010 3.480,
            2.794 5.538 2.557,
            2.794 4.297 -4.330,
            2.794 0.555 6.075,
            2.794 -1.556 5.898,
            2.794 -0.509 6.079,
            2.794 1.601 5.886,
            2.794 -2.557 5.538,
            2.794 2.599 5.519,
            2.794 3.518 4.984,
            2.794 4.330 4.297,
            4.344 -2.662 5.765,
            3.044 -2.662 5.765,
            4.344 -1.620 6.140,
            3.044 -1.620 6.140,
            4.344 -0.529 6.328,
            3.044 -0.529 6.328,
            4.344 0.577 6.324,
            3.044 0.577 6.324,
            4.344 1.667 6.127,
            3.044 1.667 6.127,
            4.344 2.705 5.745,
            3.044 2.705 5.745,
            4.344 3.662 5.188,
            3.044 3.662 5.188,
            4.344 4.507 4.473,
            3.044 4.507 4.473,
            4.344 5.215 3.622,
            3.044 5.215 3.622,
            4.344 5.765 2.662,
            3.044 5.765 2.662,
            4.344 6.140 1.620,
            3.044 6.140 1.620,
            4.344 6.328 0.529,
            3.044 6.328 0.529,
            4.344 6.324 -0.577,
            3.044 6.324 -0.577,
            3.044 6.127 -1.667,
            4.344 6.127 -1.667,
            4.344 5.745 -2.705,
            3.044 5.745 -2.705,
            4.344 5.188 -3.662,
            3.044 5.188 -3.662,
            4.344 4.473 -4.507,
            3.044 4.473 -4.507,
            4.945 -1.828 3.650,
            4.639 -2.559 5.543,
            4.945 -1.290 3.873,
            4.639 -1.558 5.903,
            4.945 -0.726 4.017,
            4.639 -0.509 6.084,
            4.945 -0.146 4.080,
            4.639 0.555 6.080,
            4.945 0.436 4.059,
            5.130 -0.916 1.828,
            4.945 1.009 3.956,
            4.639 1.603 5.891,
            5.130 -0.646 1.940,
            4.945 1.562 3.772,
            4.639 2.601 5.523,
            5.130 -0.363 2.012,
            4.945 2.082 3.511,
            4.639 3.521 4.988,
            5.130 -0.073 2.044,
            4.945 2.561 3.179,
            4.639 4.333 4.301,
            5.130 0.218 2.033,
            4.945 2.987 2.782,
            4.639 5.014 3.483,
            5.130 0.505 1.981,
            4.945 3.353 2.329,
            5.130 0.782 1.889,
            4.945 3.650 1.828,
            4.639 5.543 2.559,
            5.130 1.043 1.759,
            4.945 3.873 1.290,
            4.639 5.903 1.558,
            5.130 1.283 1.592,
            4.945 4.017 0.726,
            4.639 6.084 0.509,
            5.130 1.496 1.394,
            4.945 4.080 0.146,
            4.639 6.080 -0.555,
            5.130 1.679 1.167,
            4.945 4.059 -0.436,
            4.639 5.891 -1.603,
            5.130 1.828 0.916,
            4.945 3.956 -1.009,
            5.130 1.940 0.646,
            4.945 3.772 -1.562,
            4.639 5.523 -2.601,
            5.130 2.012 0.363,
            4.945 3.511 -2.082,
            4.639 4.988 -3.521,
            5.130 2.044 0.073,
            4.945 3.179 -2.561,
            4.639 4.301 -4.333,
            5.130 2.033 -0.218,
            4.945 2.782 -2.987,
            5.130 1.981 -0.505,
            5.130 1.889 -0.782,
            5.130 1.759 -1.043,
            5.130 1.592 -1.283,
            5.130 1.394 -1.496,
            6.137 1.699 6.579,
            6.391 0.597 6.326,
            6.391 1.622 6.144,
            6.137 0.597 6.768,
            6.137 2.755 6.211,
            6.391 2.604 5.796,
            6.137 3.736 5.675,
            6.391 3.516 5.293,
            6.137 4.616 4.985,
            6.391 4.333 4.648,
            6.137 5.372 4.161,
            6.391 5.034 3.878,
            6.137 5.981 3.223,
            6.391 5.600 3.003,
            6.137 6.429 2.199,
            6.391 6.015 2.048,
            6.137 6.702 1.114,
            6.391 6.269 1.038,
            6.137 6.794 -0.000,
            6.391 6.355 -0.000,
            4.994 -6.691 -1.180,
            4.740 -6.355 -0.000,
            4.740 -6.258 -1.103,
            4.994 -6.794 -0.000,
            4.994 -6.385 -2.324,
            4.740 -5.971 -2.173,
            4.994 -5.884 -3.397,
            4.740 -5.503 -3.177,
            4.994 -5.205 -4.367,
            4.740 -4.868 -4.085,
            4.994 -4.367 -5.205,
            4.740 -4.085 -4.868,
            4.994 -3.397 -5.884,
            4.740 -3.177 -5.503,
            4.994 -2.324 -6.385,
            4.740 -2.173 -5.971,
            4.994 -1.180 -6.691,
            4.740 -1.103 -6.258,
            4.994 0.000 -6.794,
            4.740 0.000 -6.355,
            4.994 1.180 -6.691,
            4.740 1.103 -6.258,
            4.994 2.324 -6.385,
            4.740 2.173 -5.971,
            4.994 3.397 -5.884,
            4.740 3.177 -5.503,
            4.994 4.367 -5.205,
            4.740 4.085 -4.868,
            4.994 5.205 -4.367,
            4.740 4.868 -4.085,
            4.994 5.884 -3.397,
            4.740 5.503 -3.177,
            4.994 6.385 -2.324,
            4.740 5.971 -2.173,
            4.994 6.691 -1.180,
            4.740 6.258 -1.103,
            4.994 6.794 -0.000,
            4.740 6.355 -0.000,
            6.391 -5.524 -0.000,
            4.740 -5.524 -0.000,
            6.391 -5.452 0.894,
            4.740 -5.441 0.959,
            6.391 -5.235 1.764,
            4.740 -5.191 1.889,
            6.391 -4.881 2.588,
            4.740 -4.784 2.762,
            6.391 -4.398 3.343,
            4.740 -4.232 3.551,
            6.391 -3.799 4.011,
            4.740 -3.551 4.232,
            6.391 -3.100 4.573,
            4.740 -2.762 4.784,
            6.391 -2.319 5.014,
            4.740 -1.889 5.191,
            6.391 -1.478 5.323,
            5.502 -0.597 5.492,
            6.391 -0.597 5.492,
            4.740 -0.959 5.441,
            6.391 0.597 5.492,
            5.502 0.597 5.492,
            6.391 1.478 5.323,
            4.740 0.000 5.524,
            5.502 -0.199 5.521,
            5.502 0.199 5.521,
            4.740 0.959 5.441,
            4.740 1.889 5.191,
            6.391 2.319 5.014,
            4.740 2.762 4.784,
            6.391 3.100 4.573,
            4.740 3.551 4.232,
            6.391 3.799 4.011,
            4.740 4.232 3.551,
            6.391 4.398 3.343,
            4.740 4.784 2.762,
            6.391 4.881 2.588,
            4.740 5.191 1.889,
            6.391 5.235 1.764,
            4.740 5.441 0.959,
            6.391 5.452 0.894,
            4.740 5.524 -0.000,
            6.391 5.524 -0.000,
            6.137 6.702 -1.114,
            6.137 6.429 -2.199,
            6.137 5.981 -3.223,
            6.137 5.372 -4.161,
            6.137 4.616 -4.985,
            6.137 3.736 -5.675,
            6.137 2.755 -6.211,
            6.137 1.699 -6.579,
            5.502 0.597 -6.768,
            6.137 0.597 -6.768,
            5.502 -0.597 -6.768,
            6.137 -0.597 -6.768,
            6.137 -1.699 -6.579,
            5.502 -0.199 -6.792,
            5.502 0.199 -6.792,
            6.137 -2.755 -6.211,
            6.137 -3.736 -5.675,
            6.137 -4.616 -4.985,
            6.137 -5.372 -4.161,
            6.137 -5.981 -3.223,
            6.137 -6.429 -2.199,
            6.137 -6.702 -1.114,
            6.137 -6.794 -0.000,
            6.391 5.452 -0.894,
            6.391 6.269 -1.038,
            6.391 5.235 -1.764,
            6.391 6.015 -2.048,
            6.391 4.881 -2.588,
            6.391 5.600 -3.003,
            6.391 4.398 -3.343,
            6.391 5.034 -3.878,
            6.391 3.799 -4.011,
            6.391 4.333 -4.648,
            6.391 3.100 -4.573,
            6.391 3.516 -5.293,
            6.391 2.319 -5.014,
            6.391 2.604 -5.796,
            6.391 1.478 -5.323,
            6.391 1.622 -6.144,
            6.391 0.597 -5.492,
            6.391 0.597 -6.326,
            6.391 -1.682 6.128,
            6.391 -0.597 6.326,
            6.391 -2.715 5.745,
            6.391 -3.668 5.189,
            6.391 -4.510 4.477,
            6.391 -5.216 3.630,
            6.391 -5.765 2.674,
            6.391 -6.140 1.637,
            6.391 -6.331 0.551,
            6.391 -6.331 -0.551,
            6.391 -5.452 -0.894,
            6.391 -6.140 -1.637,
            6.391 -5.235 -1.764,
            6.391 -1.682 -6.128,
            6.391 -0.597 -6.326,
            6.391 -0.597 -5.492,
            6.391 -1.478 -5.323,
            6.391 -2.319 -5.014,
            6.391 -5.765 -2.674,
            6.391 -4.881 -2.588,
            6.391 -2.715 -5.745,
            6.391 -3.100 -4.573,
            6.391 -5.216 -3.630,
            6.391 -4.398 -3.343,
            6.391 -3.668 -5.189,
            6.391 -3.799 -4.011,
            6.391 -4.510 -4.477,
            4.740 4.868 4.085,
            4.740 4.085 4.868,
            4.740 5.503 3.177,
            4.740 3.177 5.503,
            4.740 5.971 2.173,
            4.740 2.173 5.971,
            4.740 6.258 1.103,
            4.740 1.103 6.258,
            4.740 0.000 6.355,
            4.740 -1.103 6.258,
            4.740 5.441 -0.959,
            4.740 -2.173 5.971,
            4.740 5.191 -1.889,
            4.740 -3.177 5.503,
            4.740 4.784 -2.762,
            4.740 -4.085 4.868,
            4.740 4.232 -3.551,
            4.740 3.551 -4.232,
            4.740 -4.868 4.085,
            4.740 2.762 -4.784,
            4.740 -5.503 3.177,
            4.740 1.889 -5.191,
            4.740 -5.971 2.173,
            4.740 0.959 -5.441,
            4.740 -6.258 1.103,
            4.740 0.000 -5.524,
            4.740 -0.959 -5.441,
            4.740 -5.441 -0.959,
            4.740 -5.191 -1.889,
            4.740 -1.889 -5.191,
            4.740 -4.784 -2.762,
            4.740 -2.762 -4.784,
            4.740 -4.232 -3.551,
            4.740 -3.551 -4.232,
            6.137 -6.702 1.114,
            4.994 -6.691 1.180,
            6.137 -6.429 2.199,
            4.994 -6.385 2.324,
            6.137 -5.981 3.223,
            4.994 -5.884 3.397,
            6.137 -5.372 4.161,
            4.994 -5.205 4.367,
            6.137 -4.616 4.985,
            4.994 -4.367 5.205,
            6.137 -3.736 5.675,
            4.994 -3.397 5.884,
            6.137 -2.755 6.211,
            4.994 -2.324 6.385,
            6.137 -1.699 6.579,
            5.502 -0.597 6.768,
            6.137 -0.597 6.768,
            4.994 -1.180 6.691,
            5.502 0.597 6.768,
            4.994 0.000 6.794,
            5.502 0.199 6.792,
            5.502 -0.199 6.792,
            4.994 1.180 6.691,
            4.994 2.324 6.385,
            4.994 3.397 5.884,
            4.994 4.367 5.205,
            4.994 5.205 4.367,
            4.994 5.884 3.397,
            4.994 6.385 2.324,
            4.994 6.691 1.180,
            5.502 0.597 -5.492,
            5.502 -0.597 -5.492,
            5.502 0.199 -5.521,
            5.502 -0.199 -5.521,
            10.160 1.544 8.755,
            10.414 0.000 8.636,
            10.414 1.500 8.505,
            10.160 0.000 8.890,
            10.160 3.041 8.354,
            10.414 2.954 8.115,
            10.160 4.445 7.699,
            10.414 4.318 7.479,
            10.160 5.714 6.810,
            10.414 5.551 6.616,
            10.160 6.810 5.714,
            10.414 6.616 5.551,
            10.160 7.699 4.445,
            10.414 7.479 4.318,
            10.160 8.354 3.041,
            10.414 8.115 2.954,
            10.160 8.755 1.544,
            10.414 8.505 1.500,
            10.160 8.890 0.000,
            10.414 8.636 -0.000,
            10.160 8.755 -1.544,
            10.414 8.505 -1.500,
            10.160 8.354 -3.041,
            10.414 8.115 -2.954,
            10.160 7.699 -4.445,
            10.414 7.479 -4.318,
            10.160 6.810 -5.714,
            10.414 6.616 -5.551,
            10.160 5.714 -6.810,
            10.414 5.551 -6.616,
            10.414 4.318 -7.479,
            10.160 4.445 -7.699,
            10.160 3.041 -8.354,
            10.414 2.954 -8.115,
            10.414 1.500 -8.505,
            10.160 1.544 -8.755,
            10.160 0.000 -8.890,
            10.414 0.000 -8.636,
            -0.000 0.000 -5.969,
            0.254 -0.992 -5.628,
            0.254 0.000 -5.715,
            -0.000 -1.037 -5.878,
            0.254 -1.955 -5.370,
            -0.000 -2.042 -5.609,
            0.254 -2.858 -4.949,
            -0.000 -2.984 -5.169,
            0.254 -3.674 -4.378,
            -0.000 -3.837 -4.573,
            0.254 -4.378 -3.674,
            -0.000 -4.573 -3.837,
            0.254 -4.949 -2.858,
            -0.000 -5.169 -2.984,
            0.254 -5.370 -1.955,
            -0.000 -5.609 -2.042,
            0.254 -5.628 -0.992,
            -0.000 -5.878 -1.037,
            0.254 -5.715 -0.000,
            -0.000 -5.969 0.000,
            0.254 -5.628 0.992,
            -0.000 -5.878 1.037,
            0.254 -5.370 1.955,
            -0.000 -5.609 2.042,
            0.254 -4.949 2.858,
            -0.000 -5.169 2.984,
            -0.000 -4.573 3.837,
            0.254 -4.378 3.674,
            0.254 -3.674 4.378,
            -0.000 -3.837 4.573,
            0.254 -2.858 4.949,
            -0.000 -2.984 5.169,
            0.254 -1.955 5.370,
            -0.000 -2.042 5.609,
            0.254 -0.992 5.628,
            -0.000 -1.037 5.878,
            0.254 0.000 5.715,
            -0.000 0.000 5.969,
            2.286 1.544 -8.755,
            2.032 0.000 -8.636,
            2.032 1.500 -8.505,
            2.286 0.000 -8.890,
            2.286 3.041 -8.354,
            2.032 2.954 -8.115,
            2.286 4.445 -7.699,
            2.032 4.318 -7.479,
            2.286 5.714 -6.810,
            2.032 5.551 -6.616,
            2.286 6.810 -5.714,
            2.032 6.616 -5.551,
            2.286 7.699 -4.445,
            2.032 7.479 -4.318,
            2.286 8.354 -3.041,
            2.032 8.115 -2.954,
            2.286 8.755 -1.544,
            2.032 8.505 -1.500,
            2.286 8.890 -0.000,
            2.032 8.636 0.000,
            2.286 8.755 1.544,
            2.032 8.505 1.500,
            2.286 8.354 3.041,
            2.032 8.115 2.954,
            2.286 7.699 4.445,
            2.032 7.479 4.318,
            2.286 6.810 5.714,
            2.032 6.616 5.551,
            2.032 5.551 6.616,
            2.286 5.714 6.810,
            2.286 4.445 7.699,
            2.032 4.318 7.479,
            2.286 3.041 8.354,
            2.032 2.954 8.115,
            2.286 1.544 8.755,
            2.032 1.500 8.505,
            2.286 0.000 8.890,
            2.032 0.000 8.636,
            0.440 1.180 -6.691,
            -0.000 0.000 -6.541,
            -0.000 1.136 -6.441,
            0.440 0.000 -6.794,
            0.440 2.324 -6.385,
            -0.000 2.237 -6.146,
            0.440 3.397 -5.884,
            -0.000 3.270 -5.664,
            0.440 4.367 -5.205,
            -0.000 4.204 -5.010,
            0.440 5.205 -4.367,
            -0.000 5.010 -4.204,
            0.440 5.884 -3.397,
            -0.000 5.664 -3.270,
            0.440 6.385 -2.324,
            -0.000 6.146 -2.237,
            0.440 6.691 -1.180,
            -0.000 6.441 -1.136,
            0.440 6.794 -0.000,
            -0.000 6.541 0.000,
            0.440 6.691 1.180,
            -0.000 6.441 1.136,
            0.440 6.385 2.324,
            -0.000 6.146 2.237,
            0.440 5.884 3.397,
            -0.000 5.664 3.270,
            0.440 5.205 4.367,
            -0.000 5.010 4.204,
            0.440 4.367 5.205,
            -0.000 4.204 5.010,
            0.440 3.397 5.884,
            -0.000 3.270 5.664,
            -0.000 2.237 6.146,
            0.440 2.324 6.385,
            0.440 1.180 6.691,
            -0.000 1.136 6.441,
            0.440 0.000 6.794,
            -0.000 0.000 6.541,
            10.414 0.000 7.049,
            9.974 -1.180 6.691,
            9.974 0.000 6.794,
            10.414 -1.224 6.941,
            9.974 -2.324 6.385,
            10.414 -2.411 6.623,
            9.974 -3.397 5.884,
            10.414 -3.524 6.104,
            9.974 -4.367 5.205,
            10.414 -4.531 5.399,
            9.974 -5.205 4.367,
            10.414 -5.399 4.531,
            9.974 -5.884 3.397,
            10.414 -6.104 3.524,
            9.974 -6.385 2.324,
            10.414 -6.623 2.411,
            9.974 -6.691 1.180,
            10.414 -6.941 1.224,
            9.974 -6.794 0.000,
            10.414 -7.049 -0.000,
            9.974 -6.691 -1.180,
            10.414 -6.941 -1.224,
            10.414 -6.623 -2.411,
            9.974 -6.385 -2.324,
            10.414 -6.104 -3.524,
            9.974 -5.884 -3.397,
            9.974 -5.205 -4.367,
            10.414 -5.399 -4.531,
            9.974 -4.367 -5.205,
            10.414 -4.531 -5.399,
            10.414 -3.524 -6.104,
            9.974 -3.397 -5.884,
            9.974 -2.324 -6.385,
            10.414 -2.411 -6.623,
            9.974 -1.180 -6.691,
            10.414 -1.224 -6.941,
            10.414 0.000 -7.049,
            9.974 0.000 -6.794,
            3.175 0.000 -6.794,
            3.175 -1.180 -6.691,
            3.175 -2.324 -6.385,
            3.175 -3.397 -5.884,
            3.175 -4.367 -5.205,
            3.175 -5.205 -4.367,
            3.175 -5.884 -3.397,
            3.175 -6.385 -2.324,
            3.175 -6.691 -1.180,
            3.175 -6.794 -0.000,
            3.175 -6.691 1.180,
            3.175 -6.385 2.324,
            3.175 -5.884 3.397,
            3.175 -5.205 4.367,
            3.175 -4.367 5.205,
            3.175 -3.397 5.884,
            3.175 -2.324 6.385,
            3.175 -1.180 6.691,
            3.175 0.000 6.794,
            2.794 0.000 -7.175,
            2.794 -1.246 -7.066,
            3.175 0.000 -7.175,
            3.175 -1.246 -7.066,
            2.794 -2.454 -6.743,
            3.175 -2.454 -6.743,
            2.794 -3.588 -6.214,
            3.175 -3.588 -6.214,
            2.794 -4.612 -5.497,
            3.175 -4.612 -5.497,
            2.794 -5.497 -4.612,
            3.175 -5.497 -4.612,
            2.794 -6.214 -3.588,
            3.175 -6.214 -3.588,
            2.794 -6.743 -2.454,
            3.175 -6.743 -2.454,
            3.175 -7.066 -1.246,
            2.794 -7.066 -1.246,
            2.794 -7.175 -0.000,
            3.175 -7.175 -0.000,
            2.794 -7.066 1.246,
            3.175 -7.066 1.246,
            2.794 -6.743 2.454,
            3.175 -6.743 2.454,
            2.794 -6.214 3.588,
            3.175 -6.214 3.588,
            2.794 -5.497 4.612,
            3.175 -5.497 4.612,
            2.794 -4.612 5.497,
            3.175 -4.612 5.497,
            3.175 -3.588 6.214,
            2.794 -3.588 6.214,
            2.794 -2.454 6.743,
            3.175 -2.454 6.743,
            2.794 -1.246 7.066,
            3.175 -1.246 7.066,
            2.794 0.000 7.175,
            3.175 0.000 7.175,
            2.794 0.000 -5.715,
            2.794 -0.992 -5.628,
            2.794 -1.955 -5.370,
            2.794 -2.858 -4.949,
            2.794 -3.674 -4.378,
            2.794 -4.378 -3.674,
            2.794 -4.949 -2.858,
            2.794 -5.370 -1.955,
            2.794 -5.628 -0.992,
            2.794 -5.715 -0.000,
            2.794 -5.628 0.992,
            2.794 -5.370 1.955,
            2.794 -4.949 2.858,
            2.794 -4.378 3.674,
            2.794 -3.674 4.378,
            2.794 -2.858 4.949,
            2.794 -1.955 5.370,
            2.794 -0.992 5.628,
            2.794 0.000 5.715,
            1.270 0.000 6.794,
            1.270 1.180 6.691,
            1.270 2.324 6.385,
            1.270 3.397 5.884,
            1.270 4.367 5.205,
            1.270 5.205 4.367,
            1.270 5.884 3.397,
            1.270 6.385 2.324,
            1.270 6.691 1.180,
            1.270 6.794 0.000,
            1.270 6.691 -1.180,
            1.270 6.385 -2.324,
            1.270 5.884 -3.397,
            1.270 5.205 -4.367,
            1.270 4.367 -5.205,
            1.270 3.397 -5.884,
            1.270 2.324 -6.385,
            1.270 1.180 -6.691,
            1.270 0.000 -6.794,
            1.270 1.100 6.241,
            2.032 0.000 6.337,
            2.032 1.100 6.241,
            1.270 0.000 6.337,
            1.270 2.167 5.955,
            2.032 2.167 5.955,
            1.270 3.169 5.488,
            2.032 3.169 5.488,
            1.270 4.074 4.855,
            2.032 4.074 4.855,
            1.270 4.855 4.074,
            2.032 4.855 4.074,
            1.270 5.488 3.169,
            2.032 5.488 3.169,
            1.270 5.955 2.167,
            2.032 5.955 2.167,
            2.032 6.241 1.100,
            1.270 6.241 1.100,
            1.270 6.337 0.000,
            2.032 6.337 0.000,
            1.270 6.241 -1.100,
            2.032 6.241 -1.100,
            1.270 5.955 -2.167,
            2.032 5.955 -2.167,
            1.270 5.488 -3.169,
            2.032 5.488 -3.169,
            1.270 4.855 -4.074,
            2.032 4.855 -4.074,
            2.032 4.074 -4.855,
            1.270 4.074 -4.855,
            2.032 3.169 -5.488,
            1.270 3.169 -5.488,
            1.270 2.167 -5.955,
            2.032 2.167 -5.955,
            2.032 1.100 -6.241,
            1.270 1.100 -6.241,
            1.270 0.000 -6.337,
            2.032 0.000 -6.337,
            6.796 -0.514 8.875,
            6.820 -0.808 8.853,
            6.858 -0.776 8.856,
            6.785 -0.543 8.873,
            6.803 -0.475 8.877,
            6.892 -0.739 8.859,
            6.775 -0.561 8.872,
            6.778 -0.834 8.851,
            6.807 -0.427 8.880,
            6.922 -0.693 8.863,
            6.949 -0.633 8.867,
            6.761 -0.583 8.871,
            6.742 -0.603 8.870,
            6.734 -0.856 8.849,
            6.809 -0.339 8.884,
            6.971 -0.545 8.873,
            6.982 -0.433 8.879,
            6.985 -0.320 8.884,
            6.711 -0.629 8.868,
            6.686 -0.872 8.847,
            6.809 -0.226 8.887,
            6.985 -0.213 8.887,
            6.676 -0.649 8.866,
            6.809 -0.113 8.889,
            6.985 -0.107 8.889,
            6.638 -0.664 8.865,
            6.638 -0.884 8.846,
            6.809 0.000 8.890,
            6.985 0.000 8.890,
            6.599 -0.673 8.864,
            6.598 -0.889 8.845,
            6.547 -0.892 8.845,
            6.541 -0.678 8.864,
            6.487 -0.888 8.845,
            6.486 -0.674 8.864,
            6.438 -0.881 8.846,
            6.437 -0.663 8.865,
            6.399 -0.648 8.866,
            6.360 -0.859 8.848,
            6.366 -0.628 8.868,
            6.338 -0.604 8.869,
            6.295 -0.828 8.851,
            6.316 -0.578 8.871,
            6.300 -0.549 8.873,
            6.237 -0.788 8.855,
            6.282 -0.503 8.876,
            6.193 -0.747 8.859,
            6.267 -0.432 8.880,
            6.165 -0.709 8.862,
            6.141 -0.664 8.865,
            6.262 -0.342 8.883,
            6.121 -0.612 8.869,
            6.105 -0.554 8.873,
            6.090 -0.451 8.879,
            6.086 -0.348 8.883,
            6.086 -0.232 8.887,
            6.262 -0.228 8.887,
            6.086 -0.116 8.889,
            6.262 -0.114 8.889,
            6.086 0.000 8.890,
            6.262 0.000 8.890,
            6.985 0.080 8.890,
            6.985 0.160 8.889,
            6.985 0.240 8.887,
            5.461 0.025 8.890,
            6.086 0.008 8.890,
            6.086 0.017 8.890,
            6.086 0.025 8.890,
            5.461 0.097 8.889,
            5.461 0.168 8.888,
            5.461 0.240 8.887,
            6.678 7.243 5.155,
            6.740 7.257 5.135,
            6.624 7.235 5.166,
            6.798 7.276 5.108,
            6.555 7.231 5.172,
            6.849 7.300 5.074,
            6.893 7.328 5.033,
            6.930 7.361 4.985,
            6.965 7.406 4.918,
            6.060 7.229 5.174,
            6.018 7.219 5.188,
            5.978 7.213 5.197,
            6.099 7.242 5.156,
            5.941 7.210 5.201,
            6.131 7.256 5.137,
            6.555 7.354 4.995,
            6.631 7.362 4.983,
            6.678 7.372 4.968,
            6.713 7.384 4.951,
            5.894 7.208 5.203,
            6.177 7.282 5.100,
            6.555 7.272 5.113,
            6.995 7.473 4.815,
            6.223 7.318 5.048,
            6.555 7.313 5.055,
            6.262 7.360 4.987,
            6.742 7.397 4.931,
            7.005 7.545 4.702,
            5.844 7.334 5.025,
            5.883 7.332 5.028,
            5.925 7.334 5.025,
            5.958 7.339 5.017,
            5.811 7.338 5.018,
            5.989 7.348 5.004,
            6.999 7.594 4.622,
            5.774 7.347 5.005,
            6.018 7.360 4.986,
            5.741 7.359 4.988,
            6.044 7.376 4.962,
            5.710 7.374 4.966,
            6.982 7.642 4.542,
            6.349 7.514 4.752,
            6.768 7.414 4.906,
            6.789 7.433 4.877,
            6.804 7.452 4.847,
            6.816 7.474 4.813,
            6.826 7.507 4.762,
            6.829 7.540 4.709,
            5.684 7.391 4.940,
            6.067 7.397 4.931,
            6.963 7.675 4.487,
            5.663 7.410 4.911,
            6.089 7.422 4.893,
            6.938 7.703 4.437,
            5.640 7.440 4.866,
            6.397 7.606 4.603,
            6.823 7.586 4.636,
            6.808 7.623 4.574,
            6.908 7.729 4.393,
            6.421 7.639 4.547,
            6.791 7.645 4.538,
            6.772 7.661 4.511,
            5.623 7.480 4.805,
            6.168 7.566 4.667,
            6.444 7.663 4.507,
            6.748 7.675 4.487,
            6.869 7.753 4.351,
            6.467 7.679 4.480,
            6.720 7.687 4.466,
            6.494 7.691 4.459,
            6.697 7.694 4.453,
            6.557 7.704 4.436,
            6.666 7.701 4.442,
            6.635 7.705 4.435,
            6.601 7.706 4.433,
            6.525 7.699 4.445,
            5.617 7.523 4.737,
            5.619 7.547 4.698,
            5.623 7.565 4.670,
            5.828 7.211 5.199,
            5.763 7.221 5.186,
            5.702 7.236 5.165,
            5.645 7.256 5.136,
            5.595 7.281 5.100,
            5.552 7.310 5.059,
            5.517 7.341 5.014,
            5.489 7.375 4.964,
            5.632 7.589 4.630,
            5.646 7.613 4.591,
            6.213 7.645 4.536,
            5.665 7.636 4.553,
            5.688 7.656 4.518,
            5.716 7.675 4.486,
            5.989 7.735 4.382,
            6.258 7.701 4.441,
            6.308 7.742 4.370,
            5.748 7.691 4.458,
            5.790 7.706 4.432,
            5.886 7.726 4.398,
            5.838 7.718 4.412,
            5.989 7.770 4.319,
            6.352 7.766 4.327,
            5.989 7.805 4.256,
            6.396 7.783 4.296,
            6.441 7.796 4.273,
            6.737 7.969 3.941,
            6.711 7.801 4.263,
            6.769 7.789 4.285,
            6.685 7.961 3.957,
            6.650 7.809 4.249,
            6.786 7.980 3.918,
            6.822 7.773 4.314,
            5.989 7.839 4.193,
            6.491 7.805 4.256,
            6.537 7.810 4.248,
            6.637 7.957 3.965,
            6.587 7.811 4.245,
            6.832 7.994 3.890,
            6.590 7.955 3.968,
            6.872 8.010 3.857,
            6.527 7.958 3.962,
            6.906 8.028 3.819,
            6.934 8.049 3.774,
            6.959 8.078 3.711,
            6.033 7.939 4.000,
            6.067 7.946 3.986,
            6.472 7.965 3.948,
            5.996 7.934 4.010,
            6.100 7.955 3.969,
            5.959 7.931 4.016,
            6.131 7.965 3.949,
            6.425 7.975 3.928,
            5.932 7.930 4.019,
            5.898 7.929 4.020,
            5.920 7.836 4.198,
            6.163 7.977 3.924,
            6.383 7.987 3.904,
            6.978 8.117 3.627,
            5.831 7.931 4.016,
            5.858 7.831 4.208,
            6.198 7.996 3.885,
            6.345 8.002 3.873,
            6.311 8.019 3.837,
            5.764 7.938 4.003,
            5.727 7.808 4.251,
            5.791 7.821 4.226,
            6.233 8.022 3.832,
            6.285 8.036 3.802,
            5.702 7.949 3.981,
            5.666 7.790 4.284,
            6.985 8.168 3.511,
            6.262 8.055 3.762,
            5.640 7.965 3.948,
            5.613 7.769 4.322,
            5.593 7.982 3.914,
            6.985 8.241 3.335,
            6.985 8.310 3.158,
            6.985 8.376 2.979,
            5.559 7.999 3.879,
            5.531 8.018 3.841,
            5.508 8.039 3.796,
            5.490 8.061 3.748,
            5.475 8.090 3.685,
            5.467 7.411 4.911,
            5.449 7.458 4.838,
            5.444 7.484 4.798,
            5.441 7.518 4.745,
            5.452 7.601 4.611,
            5.479 7.659 4.513,
            5.515 7.704 4.436,
            5.561 7.741 4.372,
            5.461 8.429 2.826,
            5.461 8.376 2.979,
            6.985 8.602 2.246,
            6.985 8.622 2.168,
            6.985 8.641 2.089,
            6.985 8.660 2.010,
            5.930 8.605 2.233,
            5.461 8.499 2.609,
            5.930 8.548 2.442,
            5.461 8.453 2.753,
            5.461 8.476 2.681,
            5.465 8.125 3.607,
            5.461 8.167 3.512,
            5.461 8.240 3.336,
            5.461 8.310 3.158,
            5.461 8.737 1.642,
            5.930 8.657 2.023,
            5.930 8.703 1.812,
            5.461 8.780 1.391,
            5.461 8.776 1.417,
            5.637 8.780 1.391,
            6.985 8.864 0.673,
            5.637 8.815 1.153,
            6.985 8.870 0.602,
            6.985 8.874 0.530,
            6.985 8.878 0.459,
            5.637 8.843 0.913,
            5.637 8.864 0.673,
            6.714 8.890 0.086,
            6.768 8.890 0.065,
            6.660 8.889 0.100,
            6.821 8.890 0.036,
            6.622 8.889 0.105,
            6.866 8.890 0.001,
            6.574 8.889 0.107,
            6.902 8.890 -0.039,
            6.488 8.889 0.100,
            6.930 8.890 -0.081,
            5.461 8.878 0.459,
            6.952 8.889 -0.132,
            6.973 8.887 -0.221,
            5.461 8.824 1.082,
            5.461 8.857 0.771,
            5.461 8.751 1.567,
            5.461 8.764 1.492,
            5.461 8.887 0.232,
            6.428 8.890 0.083,
            6.369 8.890 0.056,
            6.985 8.881 -0.403,
            5.882 8.890 -0.018,
            6.321 8.890 0.023,
            6.284 8.890 -0.012,
            5.960 8.890 -0.068,
            6.253 8.890 -0.050,
            6.226 8.889 -0.095,
            6.027 8.889 -0.119,
            6.203 8.889 -0.145,
            6.089 8.888 -0.178,
            6.179 8.887 -0.219,
            6.131 8.887 -0.235,
            6.164 8.885 -0.297,
            6.985 8.868 -0.623,
            6.985 8.850 -0.843,
            6.985 8.826 -1.062,
            5.461 8.849 -0.849,
            5.461 8.890 -0.014,
            5.783 8.888 -0.204,
            5.966 8.884 -0.320,
            6.057 8.881 -0.390,
            6.090 8.880 -0.427,
            6.114 8.878 -0.464,
            6.126 8.877 -0.489,
            6.138 8.875 -0.524,
            6.143 8.872 -0.570,
            6.145 8.868 -0.629,
            6.145 8.862 -0.702,
            6.145 8.856 -0.776,
            6.145 8.849 -0.849,
            6.515 8.783 -1.376,
            6.610 8.777 -1.413,
            6.418 8.787 -1.352,
            6.698 8.769 -1.461,
            6.320 8.789 -1.338,
            6.776 8.759 -1.519,
            6.844 8.747 -1.589,
            6.902 8.732 -1.669,
            6.042 8.787 -1.349,
            5.461 8.826 -1.062,
            6.221 8.789 -1.333,
            6.948 8.715 -1.756,
            5.901 8.781 -1.386,
            5.461 8.889 0.150,
            5.461 8.890 0.068,
            6.980 8.696 -1.849,
            5.789 8.773 -1.436,
            6.999 8.675 -1.945,
            5.699 8.764 -1.494,
            7.005 8.652 -2.042,
            5.629 8.753 -1.557,
            7.001 8.633 -2.122,
            5.573 8.740 -1.624,
            6.988 8.612 -2.204,
            6.965 8.590 -2.289,
            6.930 8.569 -2.368,
            6.884 8.548 -2.443,
            6.985 8.369 -2.998,
            6.406 8.463 -2.723,
            6.550 8.474 -2.687,
            6.662 8.490 -2.638,
            6.755 8.508 -2.577,
            6.828 8.528 -2.511,
            6.203 8.458 -2.739,
            6.985 8.345 -3.065,
            6.985 8.320 -3.132,
            6.985 8.294 -3.199,
            5.461 8.842 -0.920,
            5.461 8.835 -0.991,
            5.525 8.726 -1.702,
            5.487 8.709 -1.786,
            5.461 8.691 -1.872,
            5.446 8.672 -1.957,
            5.441 8.652 -2.043,
            5.451 8.622 -2.167,
            5.461 8.369 -2.998,
            5.574 8.544 -2.455,
            5.641 8.522 -2.531,
            5.718 8.503 -2.594,
            5.805 8.487 -2.646,
            5.902 8.474 -2.688,
            6.004 8.465 -2.717,
            6.100 8.459 -2.733,
            6.360 8.202 -3.429,
            6.360 8.294 -3.199,
            5.461 8.294 -3.199,
            6.184 8.294 -3.199,
            6.184 8.202 -3.429,
            6.985 7.999 -3.880,
            6.360 8.103 -3.656,
            6.184 8.103 -3.656,
            6.985 7.967 -3.944,
            6.985 7.935 -4.008,
            6.985 7.902 -4.072,
            6.360 7.999 -3.880,
            6.985 7.802 -4.262,
            6.809 7.802 -4.262,
            5.461 7.999 -3.880,
            6.184 7.999 -3.880,
            5.461 7.902 -4.072,
            6.809 7.722 -4.404,
            6.985 7.604 -4.606,
            5.461 8.345 -3.065,
            5.461 8.320 -3.132,
            5.478 8.594 -2.275,
            5.519 8.568 -2.370,
            6.985 7.390 -4.941,
            5.461 7.556 -4.684,
            6.809 7.640 -4.545,
            6.809 7.556 -4.684,
            6.985 7.162 -5.267,
            5.461 7.440 -4.865,
            6.809 7.440 -4.865,
            6.809 7.350 -5.001,
            6.809 7.257 -5.135,
            6.809 7.162 -5.267,
            5.461 7.518 -4.745,
            5.461 7.479 -4.805,
            5.461 7.967 -3.944,
            5.461 7.935 -4.008,
            6.431 0.218 -8.887,
            6.395 0.235 -8.887,
            6.357 0.247 -8.887,
            6.318 0.254 -8.886,
            6.463 0.197 -8.888,
            6.283 0.258 -8.886,
            6.489 0.172 -8.888,
            6.240 0.260 -8.886,
            6.514 0.141 -8.889,
            6.536 0.108 -8.889,
            6.553 0.074 -8.890,
            6.565 0.036 -8.890,
            6.572 0.000 -8.890,
            6.160 0.255 -8.886,
            6.087 0.241 -8.887,
            6.047 0.225 -8.887,
            6.013 0.205 -8.888,
            5.981 0.177 -8.888,
            5.950 0.142 -8.889,
            5.929 0.107 -8.889,
            5.912 0.071 -8.890,
            5.900 0.034 -8.890,
            5.894 0.000 -8.890,
            6.575 -0.036 -8.890,
            6.572 -0.076 -8.890,
            6.565 -0.108 -8.889,
            6.548 -0.157 -8.889,
            6.516 -0.210 -8.888,
            6.393 -0.419 -8.880,
            6.342 -0.378 -8.882,
            6.434 -0.299 -8.885,
            6.434 -0.457 -8.878,
            6.481 -0.253 -8.886,
            6.467 -0.495 -8.876,
            6.495 -0.537 -8.874,
            6.517 -0.580 -8.871,
            6.531 -0.628 -8.868,
            6.038 -0.451 -8.879,
            5.984 -0.252 -8.886,
            6.032 -0.299 -8.885,
            6.125 -0.378 -8.882,
            6.536 -0.677 -8.864,
            6.532 -0.713 -8.861,
            10.160 -1.544 -8.755,
            5.992 -0.505 -8.876,
            6.525 -0.746 -8.859,
            6.512 -0.778 -8.856,
            6.492 -0.810 -8.853,
            6.464 -0.842 -8.850,
            6.435 -0.866 -8.848,
            6.398 -0.891 -8.845,
            4.382 -0.541 -8.874,
            5.926 -0.174 -8.888,
            5.948 -0.210 -8.888,
            4.342 -0.528 -8.874,
            5.896 -0.091 -8.890,
            5.910 -0.140 -8.889,
            4.418 -0.558 -8.872,
            4.296 -0.517 -8.875,
            5.891 -0.036 -8.890,
            4.449 -0.578 -8.871,
            5.959 -0.557 -8.873,
            4.476 -0.602 -8.870,
            4.246 -0.512 -8.875,
            4.502 -0.632 -8.868,
            5.941 -0.604 -8.869,
            4.190 -0.509 -8.875,
            4.524 -0.669 -8.865,
            5.933 -0.637 -8.867,
            5.930 -0.677 -8.864,
            4.545 -0.719 -8.861,
            5.933 -0.715 -8.861,
            4.555 -0.760 -8.857,
            5.941 -0.748 -8.858,
            4.244 -0.713 -8.861,
            4.263 -0.717 -8.861,
            4.280 -0.723 -8.861,
            4.308 -0.737 -8.859,
            4.562 -0.846 -8.850,
            5.956 -0.782 -8.856,
            5.977 -0.815 -8.853,
            4.196 -0.707 -8.862,
            4.332 -0.755 -8.858,
            4.118 -0.704 -8.862,
            4.353 -0.780 -8.856,
            4.560 -0.883 -8.846,
            4.369 -0.809 -8.853,
            4.381 -0.842 -8.850,
            4.557 -0.911 -8.843,
            6.009 -0.849 -8.849,
            4.385 -0.865 -8.848,
            3.429 -0.509 -8.875,
            4.386 -0.893 -8.845,
            4.543 -0.966 -8.837,
            6.041 -0.875 -8.847,
            3.429 -0.574 -8.871,
            4.520 -1.017 -8.832,
            6.081 -0.899 -8.844,
            3.429 -0.639 -8.867,
            4.487 -1.068 -8.826,
            6.414 -1.818 -8.702,
            6.233 -0.931 -8.841,
            6.298 -0.925 -8.842,
            6.355 -0.910 -8.843,
            6.335 -1.818 -8.702,
            6.179 -0.927 -8.842,
            6.202 -0.929 -8.841,
            3.429 -0.704 -8.862,
            4.381 -0.951 -8.839,
            6.558 -1.965 -8.670,
            6.697 -2.078 -8.644,
            4.356 -1.181 -8.811,
            4.436 -1.122 -8.819,
            4.392 -1.195 -8.809,
            4.420 -1.209 -8.807,
            4.453 -1.230 -8.804,
            6.841 -2.160 -8.624,
            4.483 -1.256 -8.801,
            6.841 -2.175 -8.620,
            4.508 -1.286 -8.796,
            6.121 -0.914 -8.843,
            6.841 -2.190 -8.616,
            4.138 -1.147 -8.816,
            4.248 -1.119 -8.819,
            4.200 -1.136 -8.817,
            6.841 -2.206 -8.612,
            10.160 -3.041 -8.354,
            4.528 -1.319 -8.792,
            4.064 -1.151 -8.815,
            4.371 -0.985 -8.835,
            4.355 -1.020 -8.831,
            4.335 -1.051 -8.828,
            4.310 -1.077 -8.824,
            4.282 -1.100 -8.822,
            4.545 -1.359 -8.786,
            4.558 -1.411 -8.777,
            6.708 -2.278 -8.593,
            6.771 -2.240 -8.603,
            4.562 -1.474 -8.767,
            4.209 -1.349 -8.787,
            4.266 -1.361 -8.785,
            4.300 -1.374 -8.783,
            4.139 -1.345 -8.788,
            4.326 -1.389 -8.781,
            4.346 -1.407 -8.778,
            4.359 -1.424 -8.775,
            4.559 -1.522 -8.759,
            4.375 -1.455 -8.770,
            4.383 -1.490 -8.764,
            4.550 -1.568 -8.751,
            6.590 -2.368 -8.569,
            3.429 -1.151 -8.815,
            4.386 -1.530 -8.757,
            4.532 -1.617 -8.742,
            3.429 -1.345 -8.788,
            4.382 -1.576 -8.749,
            4.543 -1.787 -8.709,
            4.471 -1.707 -8.725,
            4.506 -1.662 -8.733,
            4.423 -1.752 -8.716,
            6.415 -2.536 -8.520,
            4.543 -1.851 -8.695,
            4.369 -1.787 -8.709,
            4.121 -1.781 -8.710,
            4.281 -1.731 -8.720,
            4.246 -1.750 -8.716,
            4.197 -1.767 -8.713,
            5.019 -2.129 -8.631,
            4.543 -1.914 -8.681,
            6.424 -1.982 -8.666,
            6.479 -2.060 -8.648,
            4.062 -1.786 -8.709,
            4.310 -1.709 -8.724,
            4.543 -1.978 -8.667,
            3.996 -1.787 -8.709,
            4.373 -1.612 -8.743,
            4.357 -1.647 -8.736,
            4.335 -1.682 -8.729,
            5.019 -2.230 -8.606,
            6.538 -2.230 -8.606,
            6.426 -2.377 -8.566,
            6.337 -2.536 -8.520,
            3.429 -1.787 -8.709,
            4.366 -2.276 -8.594,
            5.019 -2.163 -8.623,
            5.019 -2.196 -8.614,
            4.333 -2.266 -8.596,
            4.400 -2.291 -8.590,
            4.293 -2.256 -8.599,
            4.432 -2.310 -8.585,
            4.460 -2.332 -8.579,
            4.202 -2.248 -8.601,
            4.487 -2.361 -8.571,
            4.509 -2.393 -8.562,
            2.286 -1.544 -8.755,
            3.429 -1.851 -8.695,
            3.429 -1.914 -8.681,
            3.429 -1.978 -8.667,
            3.429 -1.216 -8.806,
            3.429 -1.280 -8.797,
            4.110 -2.246 -8.602,
            4.536 -2.451 -8.546,
            4.556 -2.519 -8.526,
            4.209 -2.442 -8.548,
            4.258 -2.453 -8.545,
            4.290 -2.467 -8.541,
            4.316 -2.485 -8.535,
            4.562 -2.596 -8.502,
            4.094 -2.434 -8.550,
            4.340 -2.510 -8.528,
            4.359 -2.538 -8.520,
            4.373 -2.568 -8.511,
            4.559 -2.649 -8.486,
            4.379 -2.587 -8.505,
            4.383 -2.604 -8.500,
            3.429 -2.246 -8.602,
            4.550 -2.702 -8.470,
            6.374 -3.381 -8.222,
            6.414 -3.394 -8.217,
            6.450 -3.409 -8.210,
            4.386 -2.648 -8.486,
            6.328 -3.372 -8.226,
            6.481 -3.428 -8.203,
            6.508 -3.450 -8.193,
            6.278 -3.366 -8.228,
            3.429 -2.309 -8.585,
            6.534 -3.477 -8.182,
            6.222 -3.364 -8.229,
            4.534 -2.751 -8.454,
            6.556 -3.511 -8.167,
            6.577 -3.558 -8.147,
            6.587 -3.595 -8.131,
            3.429 -2.434 -8.550,
            4.383 -2.693 -8.472,
            6.276 -3.552 -8.149,
            6.295 -3.556 -8.148,
            6.312 -3.561 -8.145,
            6.340 -3.574 -8.140,
            4.543 -2.919 -8.397,
            4.440 -2.880 -8.411,
            4.481 -2.838 -8.425,
            4.511 -2.796 -8.439,
            6.594 -3.674 -8.095,
            6.228 -3.547 -8.152,
            6.364 -3.591 -8.133,
            6.150 -3.544 -8.153,
            6.385 -3.614 -8.122,
            6.592 -3.708 -8.080,
            10.160 -4.445 -7.699,
            6.401 -3.640 -8.111,
            4.387 -2.919 -8.397,
            6.413 -3.671 -8.097,
            6.589 -3.734 -8.068,
            6.417 -3.691 -8.087,
            5.461 -3.364 -8.229,
            4.543 -2.980 -8.376,
            6.418 -3.717 -8.076,
            4.543 -3.042 -8.354,
            6.575 -3.784 -8.045,
            4.164 -2.908 -8.401,
            4.255 -2.880 -8.411,
            4.208 -2.897 -8.405,
            4.116 -2.915 -8.399,
            6.552 -3.830 -8.023,
            4.543 -3.103 -8.331,
            4.026 -2.919 -8.397,
            4.374 -2.732 -8.460,
            4.360 -2.770 -8.448,
            4.338 -2.806 -8.436,
            4.310 -2.840 -8.424,
            4.285 -2.862 -8.417,
            5.461 -3.544 -8.153,
            6.413 -3.770 -8.051,
            6.388 -3.979 -7.950,
            6.468 -3.925 -7.977,
            6.424 -3.991 -7.944,
            6.452 -4.004 -7.937,
            6.485 -4.023 -7.928,
            3.429 -2.919 -8.397,
            6.515 -4.047 -7.916,
            6.519 -3.876 -8.001,
            4.665 -3.390 -8.218,
            4.737 -3.421 -8.206,
            4.558 -3.357 -8.232,
            6.540 -4.073 -7.902,
            4.784 -3.447 -8.195,
            5.461 -3.424 -8.204,
            6.170 -3.948 -7.965,
            6.280 -3.922 -7.978,
            6.232 -3.938 -7.970,
            4.473 -3.340 -8.239,
            4.826 -3.478 -8.182,
            5.461 -3.484 -8.179,
            6.560 -4.103 -7.887,
            4.382 -3.329 -8.243,
            6.096 -3.952 -7.963,
            6.403 -3.801 -8.036,
            6.387 -3.833 -8.021,
            6.367 -3.861 -8.008,
            6.342 -3.885 -7.996,
            6.314 -3.906 -7.986,
            4.865 -3.516 -8.165,
            6.577 -4.139 -7.868,
            4.899 -3.564 -8.144,
            4.181 -3.321 -8.246,
            6.590 -4.185 -7.843,
            4.927 -3.622 -8.119,
            3.429 -3.103 -8.331,
            6.594 -4.242 -7.813,
            6.241 -4.130 -7.873,
            6.298 -4.140 -7.867,
            6.332 -4.152 -7.861,
            4.946 -3.691 -8.087,
            6.171 -4.126 -7.875,
            6.358 -4.165 -7.854,
            6.378 -4.181 -7.845,
            6.391 -4.197 -7.837,
            6.591 -4.284 -7.790,
            6.407 -4.225 -7.822,
            3.900 -3.339 -8.239,
            6.415 -4.255 -7.805,
            6.582 -4.325 -7.767,
            4.953 -3.769 -8.051,
            5.461 -3.952 -7.963,
            6.418 -4.291 -7.786,
            3.759 -3.368 -8.227,
            4.952 -3.807 -8.033,
            4.948 -3.838 -8.019,
            3.667 -3.400 -8.214,
            4.939 -3.882 -7.998,
            3.594 -3.437 -8.199,
            4.926 -3.919 -7.979,
            5.461 -4.126 -7.875,
            6.414 -4.332 -7.763,
            6.575 -4.518 -7.656,
            6.503 -4.448 -7.697,
            6.538 -4.409 -7.720,
            6.564 -4.368 -7.743,
            6.455 -4.487 -7.674,
            3.547 -3.469 -8.185,
            4.899 -3.973 -7.953,
            5.461 -4.010 -7.934,
            2.286 -3.041 -8.354,
            3.429 -2.980 -8.376,
            3.429 -3.042 -8.354,
            3.429 -2.372 -8.568,
            6.575 -4.574 -7.623,
            6.401 -4.518 -7.656,
            3.499 -3.514 -8.166,
            4.863 -4.020 -7.929,
            5.461 -4.068 -7.905,
            6.575 -4.630 -7.589,
            3.463 -3.562 -8.145,
            6.153 -4.513 -7.659,
            6.313 -4.469 -7.685,
            6.278 -4.486 -7.675,
            6.229 -4.501 -7.666,
            4.816 -4.063 -7.907,
            6.094 -4.517 -7.657,
            6.342 -4.449 -7.696,
            6.575 -4.686 -7.555,
            3.439 -3.611 -8.124,
            6.028 -4.518 -7.656,
            6.405 -4.364 -7.745,
            6.389 -4.395 -7.727,
            6.367 -4.426 -7.710,
            4.769 -4.095 -7.891,
            3.423 -3.659 -8.102,
            4.695 -4.131 -7.872,
            3.413 -3.713 -8.077,
            3.409 -3.769 -8.051,
            5.461 -4.518 -7.656,
            6.374 -4.931 -7.397,
            6.414 -4.942 -7.390,
            6.450 -4.956 -7.380,
            6.328 -4.922 -7.403,
            6.481 -4.973 -7.369,
            6.508 -4.993 -7.356,
            6.278 -4.918 -7.406,
            6.534 -5.017 -7.339,
            6.222 -4.916 -7.407,
            5.461 -4.686 -7.555,
            6.556 -5.048 -7.318,
            4.665 -4.441 -7.701,
            4.604 -4.161 -7.856,
            4.737 -4.470 -7.685,
            4.558 -4.411 -7.719,
            4.462 -4.189 -7.841,
            4.784 -4.494 -7.670,
            6.577 -5.089 -7.289,
            4.473 -4.394 -7.728,
            4.826 -4.523 -7.653,
            4.382 -4.384 -7.734,
            4.181 -4.206 -7.832,
            6.587 -5.123 -7.266,
            10.160 -5.714 -6.810,
            4.865 -4.559 -7.632,
            5.461 -4.574 -7.623,
            4.899 -4.604 -7.605,
            5.461 -4.630 -7.589,
            4.181 -4.377 -7.738,
            4.057 -4.202 -7.834,
            6.276 -5.085 -7.292,
            6.295 -5.088 -7.290,
            6.312 -5.093 -7.287,
            6.340 -5.104 -7.279,
            6.594 -5.193 -7.215,
            6.228 -5.080 -7.296,
            6.364 -5.119 -7.269,
            4.927 -4.658 -7.572,
            6.150 -5.077 -7.297,
            6.385 -5.140 -7.254,
            6.592 -5.223 -7.194,
            6.401 -5.163 -7.237,
            6.413 -5.190 -7.218,
            6.589 -5.247 -7.177,
            4.946 -4.723 -7.532,
            6.417 -5.209 -7.204,
            5.461 -4.916 -7.407,
            3.900 -4.393 -7.729,
            3.822 -4.175 -7.849,
            3.951 -4.195 -7.838,
            6.418 -5.232 -7.188,
            6.575 -5.291 -7.144,
            4.953 -4.795 -7.486,
            6.552 -5.332 -7.113,
            3.759 -4.420 -7.713,
            3.728 -4.152 -7.861,
            4.952 -4.831 -7.463,
            4.948 -4.859 -7.445,
            3.667 -4.450 -7.696,
            3.638 -4.119 -7.878,
            4.939 -4.900 -7.418,
            5.461 -5.077 -7.297,
            6.413 -5.279 -7.153,
            4.926 -4.935 -7.395,
            5.461 -4.970 -7.371,
            4.899 -4.985 -7.361,
            5.461 -5.024 -7.334,
            6.388 -5.464 -7.013,
            6.468 -5.416 -7.050,
            6.424 -5.474 -7.004,
            6.452 -5.485 -6.996,
            6.485 -5.503 -6.982,
            6.515 -5.523 -6.966,
            6.519 -5.373 -7.083,
            6.540 -5.547 -6.947,
            6.170 -5.436 -7.034,
            6.280 -5.414 -7.052,
            6.232 -5.427 -7.041,
            4.863 -5.028 -7.332,
            6.560 -5.573 -6.927,
            6.096 -5.440 -7.032,
            6.403 -5.306 -7.133,
            6.387 -5.335 -7.111,
            6.367 -5.359 -7.093,
            6.342 -5.381 -7.077,
            6.314 -5.399 -7.063,
            6.577 -5.604 -6.901,
            4.816 -5.068 -7.304,
            6.590 -5.645 -6.868,
            4.769 -5.097 -7.284,
            6.241 -5.596 -6.908,
            6.298 -5.605 -6.900,
            6.332 -5.616 -6.892,
            6.171 -5.593 -6.910,
            6.358 -5.628 -6.882,
            6.378 -5.641 -6.871,
            6.391 -5.655 -6.860,
            4.695 -5.130 -7.261,
            6.407 -5.679 -6.839,
            6.415 -5.706 -6.817,
            5.461 -5.440 -7.032,
            4.604 -5.158 -7.241,
            6.418 -5.737 -6.791,
            7.669 -6.116 -6.452,
            6.582 -5.767 -6.766,
            6.591 -5.731 -6.796,
            6.594 -5.694 -6.827,
            2.286 -4.445 -7.699,
            3.594 -4.485 -7.676,
            3.547 -4.515 -7.658,
            3.499 -4.557 -7.633,
            3.463 -4.602 -7.606,
            3.439 -4.648 -7.578,
            3.423 -4.693 -7.551,
            3.413 -4.743 -7.519,
            3.409 -4.795 -7.486,
            3.419 -3.862 -8.007,
            3.439 -3.928 -7.975,
            3.465 -3.977 -7.951,
            3.499 -4.022 -7.928,
            3.524 -4.048 -7.915,
            3.556 -4.075 -7.901,
            7.493 -6.116 -6.452,
            6.564 -5.804 -6.734,
            3.419 -4.882 -7.430,
            3.439 -4.942 -7.390,
            5.461 -5.593 -6.910,
            6.414 -5.773 -6.760,
            6.575 -5.935 -6.619,
            6.503 -5.874 -6.673,
            6.538 -5.840 -6.703,
            9.017 -6.620 -5.934,
            10.160 -6.810 -5.714,
            6.455 -5.908 -6.643,
            3.465 -4.988 -7.359,
            7.669 -6.289 -6.284,
            6.575 -5.983 -6.575,
            6.401 -5.935 -6.619,
            9.017 -6.668 -5.880,
            4.933 -5.511 -6.976,
            5.461 -5.491 -6.992,
            5.461 -5.542 -6.951,
            4.462 -5.183 -7.222,
            6.575 -6.031 -6.531,
            4.933 -5.546 -6.948,
            9.017 -6.715 -5.826,
            6.153 -5.930 -6.623,
            6.313 -5.892 -6.657,
            6.278 -5.907 -6.644,
            6.229 -5.920 -6.632,
            4.933 -5.582 -6.919,
            6.094 -5.934 -6.620,
            6.342 -5.875 -6.672,
            6.575 -6.079 -6.487,
            6.028 -5.935 -6.619,
            6.405 -5.801 -6.737,
            6.389 -5.828 -6.713,
            6.367 -5.855 -6.690,
            9.017 -6.762 -5.772,
            4.933 -5.617 -6.890,
            3.996 -5.356 -7.095,
            3.951 -5.189 -7.219,
            4.057 -5.196 -7.213,
            4.181 -5.199 -7.211,
            7.669 -6.457 -6.111,
            3.996 -5.408 -7.056,
            3.800 -5.356 -7.095,
            3.638 -5.119 -7.268,
            3.728 -5.149 -7.247,
            3.822 -5.171 -7.231,
            6.965 -6.305 -6.267,
            3.996 -5.460 -7.016,
            6.770 -6.305 -6.267,
            5.461 -5.935 -6.619,
            3.996 -5.511 -6.976,
            7.669 -6.620 -5.934,
            9.017 -6.972 -5.515,
            6.965 -6.472 -6.094,
            7.493 -6.339 -6.233,
            6.224 -6.286 -6.287,
            6.167 -6.269 -6.303,
            6.108 -6.258 -6.314,
            6.278 -6.307 -6.265,
            6.050 -6.252 -6.320,
            6.327 -6.334 -6.238,
            9.017 -7.038 -5.431,
            5.984 -6.250 -6.323,
            6.373 -6.365 -6.206,
            3.429 -5.511 -6.976,
            3.800 -5.408 -7.056,
            3.800 -5.460 -7.016,
            3.800 -5.511 -6.976,
            3.556 -5.078 -7.297,
            6.410 -6.400 -6.171,
            6.770 -6.436 -6.133,
            5.869 -6.256 -6.316,
            5.461 -6.079 -6.487,
            6.439 -6.436 -6.132,
            9.017 -7.103 -5.346,
            5.779 -6.273 -6.299,
            6.460 -6.476 -6.091,
            6.965 -6.635 -5.917,
            7.493 -6.554 -6.006,
            5.700 -6.298 -6.274,
            6.472 -6.515 -6.049,
            6.770 -6.564 -5.996,
            5.972 -6.387 -6.184,
            6.059 -6.392 -6.179,
            6.100 -6.399 -6.172,
            9.017 -7.167 -5.260,
            5.663 -6.313 -6.259,
            5.927 -6.388 -6.182,
            6.477 -6.560 -6.000,
            5.626 -6.332 -6.240,
            5.839 -6.399 -6.171,
            5.889 -6.391 -6.179,
            6.140 -6.409 -6.161,
            3.800 -5.832 -6.710,
            3.429 -5.663 -6.853,
            3.800 -5.663 -6.853,
            5.801 -6.408 -6.162,
            6.181 -6.424 -6.145,
            6.472 -6.601 -5.955,
            5.765 -6.419 -6.150,
            6.770 -6.689 -5.856,
            5.733 -6.434 -6.135,
            6.216 -6.443 -6.126,
            6.457 -6.642 -5.909,
            5.703 -6.451 -6.117,
            6.242 -6.462 -6.105,
            6.965 -6.793 -5.735,
            7.493 -6.762 -5.772,
            5.676 -6.471 -6.096,
            6.263 -6.483 -6.083,
            6.429 -6.686 -5.860,
            5.654 -6.493 -6.072,
            6.279 -6.507 -6.058,
            7.493 -6.972 -5.515,
            6.408 -6.710 -5.832,
            5.636 -6.519 -6.044,
            6.291 -6.532 -6.030,
            6.375 -6.740 -5.797,
            5.623 -6.553 -6.007,
            6.298 -6.561 -5.999,
            5.617 -6.597 -5.960,
            6.301 -6.596 -5.960,
            3.996 -6.159 -6.411,
            5.461 -5.983 -6.575,
            5.461 -6.031 -6.531,
            5.619 -6.620 -5.934,
            6.295 -6.642 -5.909,
            5.623 -6.638 -5.914,
            4.054 -6.229 -6.343,
            5.571 -6.366 -6.205,
            10.160 -7.699 -4.445,
            2.286 -5.714 -6.810,
            3.429 -5.562 -6.935,
            3.429 -5.612 -6.894,
            3.800 -5.997 -6.563,
            3.499 -5.030 -7.330,
            3.524 -5.054 -7.314,
            3.800 -6.159 -6.411,
            5.632 -6.663 -5.886,
            6.284 -6.671 -5.876,
            5.647 -6.686 -5.860,
            6.268 -6.695 -5.848,
            6.965 -7.027 -5.446,
            7.493 -7.017 -5.459,
            7.493 -7.060 -5.402,
            7.493 -7.104 -5.345,
            5.668 -6.707 -5.835,
            6.248 -6.716 -5.824,
            3.878 -6.229 -6.343,
            5.691 -6.724 -5.815,
            5.891 -6.781 -5.749,
            6.223 -6.736 -5.801,
            6.195 -6.753 -5.782,
            6.164 -6.768 -5.764,
            5.719 -6.739 -5.798,
            5.821 -6.771 -5.761,
            5.759 -6.755 -5.779,
            6.807 -7.027 -5.446,
            6.184 -6.893 -5.614,
            4.054 -6.362 -6.209,
            5.523 -6.406 -6.164,
            5.486 -6.450 -6.117,
            3.878 -6.362 -6.209,
            5.871 -6.905 -5.599,
            9.017 -7.622 -4.576,
            7.966 -7.361 -4.985,
            4.054 -6.492 -6.073,
            5.461 -6.497 -6.068,
            5.446 -6.548 -6.013,
            7.493 -7.341 -5.015,
            6.965 -7.221 -5.185,
            7.948 -7.441 -4.865,
            7.724 -7.403 -4.922,
            6.553 -7.137 -5.300,
            9.017 -7.676 -4.484,
            4.933 -6.774 -5.757,
            5.441 -6.597 -5.959,
            5.451 -6.668 -5.879,
            5.470 -6.717 -5.823,
            5.500 -6.760 -5.774,
            5.535 -6.795 -5.733,
            5.575 -6.823 -5.699,
            9.017 -7.730 -4.390,
            4.738 -6.774 -5.757,
            4.054 -6.620 -5.934,
            9.017 -7.783 -4.296,
            6.271 -7.226 -5.178,
            4.933 -6.928 -5.571,
            5.616 -6.846 -5.671,
            5.661 -6.865 -5.648,
            5.708 -6.880 -5.630,
            5.759 -6.892 -5.616,
            6.965 -7.406 -4.917,
            7.493 -7.383 -4.953,
            7.493 -7.424 -4.890,
            7.493 -7.465 -4.828,
            6.428 -7.289 -5.090,
            6.608 -7.221 -5.185,
            6.770 -7.297 -5.079,
            4.192 -6.756 -5.778,
            4.135 -6.741 -5.795,
            4.076 -6.731 -5.807,
            4.246 -6.776 -5.754,
            4.018 -6.726 -5.814,
            4.295 -6.801 -5.726,
            3.952 -6.723 -5.816,
            3.878 -6.620 -5.934,
            4.341 -6.830 -5.691,
            4.378 -6.861 -5.653,
            4.738 -6.894 -5.613,
            3.837 -6.730 -5.809,
            4.407 -6.895 -5.612,
            3.747 -6.745 -5.791,
            4.428 -6.931 -5.567,
            6.200 -7.355 -4.994,
            6.770 -7.442 -4.863,
            4.933 -7.076 -5.381,
            5.811 -6.900 -5.606,
            6.075 -7.274 -5.112,
            3.668 -6.768 -5.764,
            4.440 -6.966 -5.523,
            4.738 -7.011 -5.466,
            3.940 -6.850 -5.667,
            4.027 -6.854 -5.662,
            4.068 -6.860 -5.654,
            3.895 -6.851 -5.666,
            4.445 -7.007 -5.471,
            6.965 -7.581 -4.643,
            7.493 -7.677 -4.483,
            3.807 -6.860 -5.654,
            3.857 -6.854 -5.662,
            4.108 -6.869 -5.643,
            3.769 -6.869 -5.644,
            4.149 -6.884 -5.626,
            4.440 -7.045 -5.422,
            3.733 -6.879 -5.631,
            4.738 -7.125 -5.316,
            5.964 -7.405 -4.920,
            6.770 -7.581 -4.643,
            3.701 -6.892 -5.615,
            4.184 -6.901 -5.605,
            4.425 -7.083 -5.373,
            3.671 -6.908 -5.596,
            4.210 -6.918 -5.583,
            4.933 -7.219 -5.188,
            5.875 -7.310 -5.059,
            5.670 -7.335 -5.022,
            5.461 -7.348 -5.004,
            3.644 -6.927 -5.573,
            4.231 -6.938 -5.559,
            4.397 -7.122 -5.321,
            3.622 -6.946 -5.548,
            4.247 -6.959 -5.532,
            5.461 -7.385 -4.950,
            7.942 -7.884 -4.107,
            7.493 -7.783 -4.296,
            8.118 -7.884 -4.107,
            5.709 -7.441 -4.865,
            4.376 -7.144 -5.291,
            3.604 -6.971 -5.518,
            4.259 -6.982 -5.503,
            4.343 -7.171 -5.254,
            3.591 -7.002 -5.478,
            4.266 -7.008 -5.469,
            8.118 -7.970 -3.939,
            3.585 -7.041 -5.427,
            4.269 -7.040 -5.428,
            6.536 -7.692 -4.458,
            7.493 -7.713 -4.421,
            7.493 -7.748 -4.359,
            9.017 -8.139 -3.577,
            3.587 -7.062 -5.400,
            4.263 -7.083 -5.373,
            3.591 -7.078 -5.379,
            6.340 -7.692 -4.458,
            3.600 -7.101 -5.349,
            4.252 -7.109 -5.339,
            3.615 -7.122 -5.321,
            4.236 -7.131 -5.309,
            10.160 -8.354 -3.041,
            9.017 -8.169 -3.506,
            2.286 -6.810 -5.714,
            3.878 -6.492 -6.073,
            3.631 -6.782 -5.748,
            3.594 -6.799 -5.728,
            3.539 -6.830 -5.690,
            3.491 -6.867 -5.646,
            3.454 -6.908 -5.596,
            3.429 -6.950 -5.543,
            3.414 -6.997 -5.484,
            3.409 -7.042 -5.426,
            3.636 -7.141 -5.295,
            4.216 -7.150 -5.283,
            8.118 -8.052 -3.768,
            3.659 -7.157 -5.273,
            9.017 -8.200 -3.434,
            3.859 -7.208 -5.203,
            4.191 -7.168 -5.259,
            4.163 -7.183 -5.238,
            4.132 -7.197 -5.219,
            3.419 -7.106 -5.342,
            3.687 -7.171 -5.255,
            6.086 -7.692 -4.458,
            3.789 -7.199 -5.216,
            3.727 -7.185 -5.235,
            4.152 -7.310 -5.060,
            3.438 -7.151 -5.282,
            9.017 -8.229 -3.363,
            5.891 -7.692 -4.458,
            5.461 -7.456 -4.841,
            3.468 -7.189 -5.229,
            4.933 -7.535 -4.717,
            5.461 -7.421 -4.895,
            6.536 -7.853 -4.167,
            7.942 -7.970 -3.939,
            8.118 -8.130 -3.596,
            3.839 -7.321 -5.044,
            4.933 -7.559 -4.679,
            6.340 -7.853 -4.167,
            4.933 -7.583 -4.640,
            4.933 -7.607 -4.601,
            3.996 -7.430 -4.882,
            6.086 -7.853 -4.167,
            3.996 -7.465 -4.827,
            3.800 -7.430 -4.882,
            3.676 -7.298 -5.076,
            3.727 -7.308 -5.062,
            3.779 -7.316 -5.051,
            5.891 -7.853 -4.167,
            3.996 -7.500 -4.772,
            6.536 -8.003 -3.871,
            7.942 -8.052 -3.768,
            3.996 -7.535 -4.717,
            6.086 -8.003 -3.871,
            6.340 -8.003 -3.871,
            6.985 -8.155 -3.539,
            7.942 -8.130 -3.596,
            3.429 -7.535 -4.717,
            3.800 -7.465 -4.827,
            3.800 -7.500 -4.772,
            3.800 -7.535 -4.717,
            3.543 -7.247 -5.149,
            3.584 -7.267 -5.121,
            3.629 -7.285 -5.096,
            6.999 -8.189 -3.459,
            6.536 -8.142 -3.570,
            6.819 -8.166 -3.514,
            7.005 -8.222 -3.380,
            7.925 -8.378 -2.975,
            7.000 -8.250 -3.313,
            6.575 -8.193 -3.451,
            6.829 -8.209 -3.413,
            6.086 -8.142 -3.570,
            6.340 -8.142 -3.570,
            6.575 -8.218 -3.391,
            6.825 -8.227 -3.370,
            6.822 -8.234 -3.353,
            6.399 -8.193 -3.451,
            3.800 -7.748 -4.359,
            3.429 -7.637 -4.551,
            3.800 -7.637 -4.551,
            7.493 -8.366 -3.006,
            6.970 -8.288 -3.216,
            6.986 -8.274 -3.253,
            6.994 -8.262 -3.282,
            6.575 -8.243 -3.331,
            6.816 -8.240 -3.336,
            6.803 -8.250 -3.312,
            6.788 -8.256 -3.297,
            6.772 -8.260 -3.288,
            6.724 -8.265 -3.274,
            6.750 -8.263 -3.279,
            5.891 -8.142 -3.570,
            6.399 -8.218 -3.391,
            7.925 -8.432 -2.817,
            9.017 -8.554 -2.421,
            6.946 -8.302 -3.180,
            6.669 -8.267 -3.270,
            7.679 -8.405 -2.896,
            6.917 -8.314 -3.149,
            6.575 -8.267 -3.270,
            9.017 -8.575 -2.346,
            6.889 -8.322 -3.128,
            6.847 -8.329 -3.107,
            9.017 -8.595 -2.271,
            6.810 -8.333 -3.097,
            7.493 -8.392 -2.933,
            4.658 -8.032 -3.811,
            5.891 -8.003 -3.871,
            4.712 -8.040 -3.792,
            4.604 -8.026 -3.822,
            4.767 -8.054 -3.764,
            4.572 -8.025 -3.826,
            4.817 -8.071 -3.727,
            4.861 -8.092 -3.682,
            6.575 -8.355 -3.039,
            6.575 -8.337 -3.088,
            6.688 -8.337 -3.088,
            6.769 -8.335 -3.091,
            3.996 -7.955 -3.968,
            4.532 -8.024 -3.827,
            4.468 -8.026 -3.823,
            4.403 -8.032 -3.811,
            4.895 -8.113 -3.634,
            6.575 -8.372 -2.990,
            4.342 -8.041 -3.792,
            4.924 -8.140 -3.573,
            6.575 -8.390 -2.941,
            7.493 -8.418 -2.860,
            7.493 -8.442 -2.786,
            4.289 -8.052 -3.768,
            10.160 -8.755 -1.544,
            9.017 -8.652 -2.043,
            9.017 -8.614 -2.196,
            2.286 -7.699 -4.445,
            3.429 -7.570 -4.662,
            3.429 -7.604 -4.606,
            3.800 -7.854 -4.165,
            3.503 -7.221 -5.186,
            9.017 -8.668 -1.973,
            4.945 -8.173 -3.497,
            4.486 -8.108 -3.646,
            4.530 -8.106 -3.650,
            4.581 -8.108 -3.645,
            4.616 -8.112 -3.636,
            5.461 -8.267 -3.270,
            6.399 -8.243 -3.331,
            6.399 -8.267 -3.270,
            4.445 -8.112 -3.638,
            4.648 -8.119 -3.622,
            9.017 -8.684 -1.903,
            4.391 -8.121 -3.617,
            4.680 -8.128 -3.602,
            4.953 -8.215 -3.399,
            3.624 -8.016 -3.845,
            4.215 -8.072 -3.725,
            4.140 -8.097 -3.670,
            3.800 -7.955 -3.968,
            9.017 -8.699 -1.833,
            4.326 -8.137 -3.581,
            4.716 -8.142 -3.569,
            4.739 -8.155 -3.539,
            4.757 -8.170 -3.505,
            4.950 -8.238 -3.343,
            3.429 -8.016 -3.845,
            4.945 -8.257 -3.296,
            5.461 -8.337 -3.088,
            6.399 -8.337 -3.088,
            6.399 -8.355 -3.039,
            6.399 -8.372 -2.990,
            6.399 -8.390 -2.941,
            8.140 -8.652 -2.043,
            4.932 -8.278 -3.241,
            5.461 -8.290 -3.209,
            4.210 -8.177 -3.488,
            4.769 -8.186 -3.467,
            4.775 -8.200 -3.433,
            4.777 -8.216 -3.395,
            4.769 -8.246 -3.322,
            4.913 -8.299 -3.188,
            5.461 -8.314 -3.149,
            3.624 -8.120 -3.619,
            4.054 -8.131 -3.593,
            4.886 -8.318 -3.137,
            3.907 -8.197 -3.441,
            4.853 -8.335 -3.092,
            6.985 -8.595 -2.270,
            7.970 -8.654 -2.035,
            7.816 -8.661 -2.006,
            4.812 -8.350 -3.051,
            4.504 -8.322 -3.126,
            4.717 -8.289 -3.214,
            4.692 -8.298 -3.189,
            4.660 -8.307 -3.166,
            4.626 -8.314 -3.149,
            4.592 -8.318 -3.137,
            4.551 -8.321 -3.129,
            6.985 -8.617 -2.185,
            4.764 -8.363 -3.016,
            3.999 -8.266 -3.273,
            4.759 -8.261 -3.285,
            4.740 -8.276 -3.247,
            4.706 -8.374 -2.985,
            6.985 -8.638 -2.100,
            7.754 -8.666 -1.985,
            7.695 -8.673 -1.953,
            7.814 -8.711 -1.777,
            7.868 -8.706 -1.799,
            7.972 -8.701 -1.822,
            3.774 -8.257 -3.294,
            3.624 -8.218 -3.391,
            7.781 -8.715 -1.757,
            8.061 -8.699 -1.831,
            7.755 -8.719 -1.735,
            8.150 -8.699 -1.833,
            6.985 -8.659 -2.015,
            7.640 -8.682 -1.912,
            7.598 -8.692 -1.867,
            7.559 -8.702 -1.817,
            3.897 -8.309 -3.161,
            7.730 -8.725 -1.705,
            7.529 -8.713 -1.763,
            7.708 -8.733 -1.666,
            9.017 -8.822 -1.101,
            7.689 -8.742 -1.614,
            3.807 -8.340 -3.078,
            4.523 -8.389 -2.943,
            7.677 -8.752 -1.563,
            9.017 -8.830 -1.030,
            3.731 -8.360 -3.023,
            5.461 -8.575 -2.345,
            4.631 -8.383 -2.960,
            9.017 -8.838 -0.959,
            7.669 -8.770 -1.455,
            3.651 -8.377 -2.977,
            9.017 -8.846 -0.888,
            7.671 -8.778 -1.409,
            3.565 -8.389 -2.943,
            3.526 -8.392 -2.933,
            6.599 -8.715 -1.756,
            7.507 -8.725 -1.706,
            7.491 -8.736 -1.648,
            8.150 -8.822 -1.101,
            7.704 -8.797 -1.280,
            7.687 -8.791 -1.325,
            7.675 -8.783 -1.373,
            7.730 -8.804 -1.236,
            7.760 -8.809 -1.200,
            7.792 -8.812 -1.172,
            7.942 -8.820 -1.115,
            7.832 -8.816 -1.148,
            7.867 -8.817 -1.134,
            6.454 -8.734 -1.658,
            6.483 -8.735 -1.650,
            6.529 -8.740 -1.626,
            6.599 -8.748 -1.581,
            7.478 -8.751 -1.564,
            7.473 -8.767 -1.472,
            6.985 -8.792 -1.318,
            7.485 -8.792 -1.318,
            10.160 -8.890 -0.000,
            2.286 -8.354 -3.041,
            3.429 -8.154 -3.543,
            3.429 -8.280 -3.236,
            3.429 -8.395 -2.924,
            6.985 -8.804 -1.233,
            7.502 -8.803 -1.243,
            5.985 -8.745 -1.600,
            6.000 -8.720 -1.732,
            6.090 -8.732 -1.671,
            4.606 -8.632 -2.126,
            5.461 -8.597 -2.262,
            4.678 -8.639 -2.097,
            5.461 -8.619 -2.178,
            4.523 -8.626 -2.151,
            4.736 -8.647 -2.064,
            5.461 -8.640 -2.094,
            4.791 -8.657 -2.023,
            6.985 -8.816 -1.147,
            7.536 -8.815 -1.154,
            4.843 -8.669 -1.969,
            4.211 -8.620 -2.176,
            3.491 -8.394 -2.927,
            4.887 -8.684 -1.903,
            8.118 -8.867 -0.634,
            8.001 -8.845 -0.893,
            8.140 -8.846 -0.888,
            6.985 -8.826 -1.062,
            7.576 -8.823 -1.088,
            7.620 -8.829 -1.036,
            7.670 -8.834 -0.993,
            7.942 -8.867 -0.634,
            7.791 -8.841 -0.933,
            7.865 -8.843 -0.913,
            4.932 -8.705 -1.803,
            4.211 -8.668 -1.973,
            4.474 -8.671 -1.960,
            4.962 -8.730 -1.680,
            8.118 -8.879 -0.446,
            3.647 -8.620 -2.176,
            6.985 -8.852 -0.819,
            7.726 -8.838 -0.960,
            4.973 -8.755 -1.544,
            6.809 -8.852 -0.819,
            8.997 -8.890 0.088,
            8.118 -8.886 -0.257,
            4.970 -8.766 -1.479,
            4.211 -8.712 -1.769,
            4.567 -8.678 -1.928,
            4.637 -8.687 -1.891,
            4.673 -8.693 -1.863,
            4.707 -8.700 -1.827,
            4.731 -8.707 -1.792,
            4.752 -8.715 -1.754,
            4.769 -8.723 -1.713,
            4.785 -8.734 -1.656,
            5.461 -8.802 -1.244,
            8.839 -8.890 0.088,
            3.706 -8.681 -1.917,
            3.746 -8.670 -1.967,
            4.035 -8.670 -1.967,
            4.035 -8.699 -1.833,
            4.966 -8.775 -1.425,
            3.675 -8.692 -1.865,
            4.951 -8.789 -1.339,
            8.118 -8.890 -0.068,
            6.340 -8.857 -0.761,
            4.211 -8.751 -1.565,
            4.793 -8.745 -1.601,
            4.797 -8.756 -1.540,
            4.790 -8.773 -1.439,
            4.770 -8.787 -1.352,
            6.809 -8.874 -0.534,
            6.985 -8.878 -0.462,
            7.942 -8.879 -0.446,
            7.942 -8.886 -0.257,
            3.627 -8.714 -1.762,
            4.035 -8.726 -1.699,
            4.926 -8.801 -1.254,
            5.461 -8.814 -1.158,
            6.164 -8.857 -0.761,
            4.739 -8.798 -1.277,
            8.997 -8.880 0.413,
            8.585 -8.886 0.271,
            7.942 -8.890 -0.068,
            4.892 -8.812 -1.172,
            5.461 -8.825 -1.071,
            3.596 -8.735 -1.654,
            4.035 -8.751 -1.565,
            5.461 -8.848 -0.858,
            5.461 -8.835 -0.984,
            5.637 -8.848 -0.858,
            4.848 -8.822 -1.095,
            6.340 -8.876 -0.495,
            3.585 -8.755 -1.542,
            4.793 -8.831 -1.026,
            3.590 -8.768 -1.469,
            6.985 -8.889 -0.104,
            8.303 -8.880 0.422,
            3.600 -8.777 -1.411,
            4.724 -8.838 -0.962,
            8.997 -8.859 0.738,
            8.460 -8.874 0.530,
            8.640 -8.880 0.413,
            8.802 -8.873 0.543,
            5.637 -8.872 -0.560,
            6.164 -8.876 -0.495,
            3.619 -8.788 -1.344,
            6.340 -8.887 -0.228,
            6.809 -8.887 -0.247,
            4.626 -8.845 -0.898,
            3.647 -8.798 -1.278,
            4.714 -8.804 -1.233,
            3.681 -8.806 -1.219,
            4.676 -8.811 -1.185,
            4.192 -8.833 -1.004,
            4.398 -8.830 -1.029,
            4.295 -8.832 -1.010,
            3.725 -8.813 -1.166,
            4.633 -8.816 -1.143,
            3.777 -8.819 -1.119,
            4.583 -8.821 -1.106,
            4.544 -8.824 -1.083,
            4.031 -8.832 -1.016,
            8.232 -8.866 0.646,
            8.802 -8.854 0.803,
            3.839 -8.824 -1.079,
            4.496 -8.827 -1.060,
            3.927 -8.829 -1.042,
            6.985 -8.886 0.254,
            8.107 -8.876 0.503,
            5.637 -8.886 -0.260,
            6.164 -8.887 -0.228,
            4.953 -8.875 -0.517,
            4.350 -8.854 -0.804,
            4.496 -8.850 -0.842,
            10.160 -8.755 1.544,
            8.997 -8.826 1.062,
            2.286 -8.755 -1.544,
            3.532 -8.660 -2.009,
            3.463 -8.693 -1.862,
            3.423 -8.723 -1.715,
            3.413 -8.737 -1.640,
            3.409 -8.752 -1.560,
            3.424 -8.780 -1.396,
            3.457 -8.799 -1.267,
            3.510 -8.816 -1.148,
            3.570 -8.827 -1.057,
            4.184 -8.855 -0.790,
            7.996 -8.860 0.735,
            8.802 -8.826 1.062,
            4.953 -8.879 -0.446,
            5.461 -8.877 -0.488,
            6.985 -8.881 0.392,
            7.907 -8.872 0.567,
            7.702 -8.869 0.612,
            4.953 -8.882 -0.374,
            6.985 -8.878 0.470,
            7.493 -8.867 0.634,
            7.741 -8.854 0.800,
            6.985 -8.873 0.547,
            5.637 -8.890 0.039,
            6.164 -8.890 0.039,
            6.985 -8.868 0.625,
            7.493 -8.862 0.699,
            7.493 -8.857 0.764,
            7.493 -8.851 0.829,
            8.722 -8.793 1.312,
            8.776 -8.790 1.333,
            8.668 -8.794 1.300,
            8.831 -8.785 1.364,
            8.636 -8.795 1.296,
            8.881 -8.778 1.404,
            8.596 -8.795 1.295,
            8.532 -8.795 1.299,
            8.925 -8.770 1.453,
            8.467 -8.793 1.312,
            8.959 -8.762 1.505,
            8.988 -8.750 1.570,
            9.009 -8.735 1.652,
            8.550 -8.764 1.492,
            8.594 -8.765 1.488,
            8.645 -8.764 1.493,
            8.680 -8.762 1.502,
            3.429 -8.875 -0.517,
            3.635 -8.835 -0.985,
            3.713 -8.842 -0.923,
            3.800 -8.847 -0.873,
            3.898 -8.851 -0.834,
            3.995 -8.853 -0.809,
            4.090 -8.854 -0.795,
            8.509 -8.762 1.501,
            8.712 -8.760 1.518,
            8.455 -8.759 1.523,
            8.744 -8.756 1.539,
            9.017 -8.715 1.757,
            7.688 -8.798 1.275,
            8.406 -8.789 1.333,
            8.353 -8.785 1.359,
            8.279 -8.778 1.406,
            8.204 -8.768 1.466,
            8.390 -8.752 1.562,
            8.780 -8.749 1.575,
            8.803 -8.743 1.607,
            8.821 -8.737 1.644,
            9.014 -8.703 1.816,
            7.493 -8.798 1.275,
            9.009 -8.692 1.866,
            8.996 -8.680 1.923,
            8.274 -8.733 1.661,
            8.833 -8.729 1.684,
            8.839 -8.722 1.720,
            8.841 -8.714 1.761,
            8.833 -8.698 1.838,
            8.977 -8.667 1.979,
            7.688 -8.759 1.521,
            8.118 -8.754 1.549,
            8.950 -8.655 2.031,
            4.953 -8.876 0.503,
            4.953 -8.880 0.427,
            5.461 -8.886 0.254,
            7.971 -8.724 1.711,
            8.917 -8.644 2.078,
            4.953 -8.871 0.578,
            8.568 -8.652 2.043,
            8.781 -8.673 1.951,
            8.756 -8.667 1.978,
            8.724 -8.662 2.002,
            8.690 -8.658 2.020,
            8.656 -8.655 2.032,
            8.615 -8.653 2.040,
            5.893 -8.829 1.038,
            8.063 -8.687 1.890,
            8.823 -8.690 1.876,
            8.804 -8.681 1.917,
            7.838 -8.692 1.868,
            7.688 -8.713 1.765,
            6.985 -8.742 1.613,
            7.493 -8.744 1.603,
            5.893 -8.808 1.203,
            7.961 -8.660 2.007,
            5.647 -8.819 1.120,
            6.985 -8.728 1.689,
            7.871 -8.640 2.093,
            8.587 -8.605 2.233,
            6.985 -8.713 1.765,
            4.953 -8.833 1.004,
            4.953 -8.866 0.654,
            5.461 -8.833 1.005,
            8.787 -8.528 2.512,
            8.770 -8.616 2.189,
            8.828 -8.624 2.157,
            8.736 -8.533 2.493,
            8.695 -8.610 2.214,
            8.689 -8.536 2.482,
            8.836 -8.520 2.538,
            8.876 -8.633 2.120,
            8.662 -8.537 2.479,
            10.160 -8.354 3.041,
            2.286 -8.890 0.000,
            3.429 -8.879 -0.442,
            3.429 -8.882 -0.366,
            3.429 -8.885 -0.291,
            3.429 -8.879 0.439,
            7.795 -8.626 2.150,
            6.985 -8.697 1.841,
            7.493 -8.678 1.929,
            8.879 -8.511 2.570,
            8.630 -8.538 2.477,
            4.953 -8.825 1.075,
            5.461 -8.824 1.082,
            8.915 -8.499 2.606,
            8.565 -8.536 2.483,
            3.429 -8.875 0.511,
            8.956 -8.482 2.663,
            4.953 -8.816 1.146,
            5.461 -8.814 1.159,
            8.987 -8.462 2.726,
            3.429 -8.871 0.582,
            6.985 -8.663 1.995,
            8.079 -8.555 2.418,
            8.120 -8.551 2.432,
            8.159 -8.546 2.451,
            8.519 -8.532 2.496,
            4.953 -8.806 1.217,
            5.461 -8.804 1.236,
            8.041 -8.557 2.410,
            8.195 -8.539 2.473,
            8.475 -8.527 2.515,
            7.998 -8.559 2.405,
            7.715 -8.614 2.197,
            9.008 -8.438 2.799,
            8.238 -8.528 2.510,
            8.435 -8.519 2.540,
            7.952 -8.559 2.402,
            7.629 -8.605 2.232,
            3.429 -8.866 0.654,
            8.577 -8.480 2.668,
            8.623 -8.481 2.664,
            8.667 -8.480 2.668,
            8.700 -8.477 2.677,
            8.274 -8.515 2.554,
            8.399 -8.510 2.572,
            6.985 -8.647 2.065,
            8.556 -8.479 2.672,
            7.858 -8.557 2.410,
            7.555 -8.601 2.248,
            7.590 -8.603 2.242,
            8.536 -8.477 2.679,
            8.731 -8.473 2.690,
            8.303 -8.499 2.606,
            8.368 -8.499 2.608,
            8.507 -8.473 2.692,
            8.758 -8.468 2.707,
            8.347 -8.489 2.640,
            9.017 -8.407 2.891,
            7.784 -8.551 2.430,
            7.493 -8.600 2.251,
            8.479 -8.466 2.712,
            8.786 -8.459 2.733,
            7.721 -8.543 2.458,
            8.456 -8.459 2.736,
            8.807 -8.450 2.761,
            9.013 -8.385 2.953,
            6.985 -8.612 2.204,
            6.985 -8.630 2.135,
            8.431 -8.446 2.774,
            8.823 -8.441 2.790,
            4.953 -8.771 1.449,
            7.663 -8.533 2.495,
            7.899 -8.503 2.594,
            7.953 -8.504 2.590,
            8.017 -8.503 2.596,
            8.057 -8.499 2.606,
            9.002 -8.365 3.010,
            7.850 -8.500 2.604,
            8.098 -8.494 2.624,
            8.410 -8.431 2.819,
            8.834 -8.429 2.826,
            8.839 -8.419 2.854,
            4.777 -8.771 1.449,
            7.610 -8.519 2.542,
            7.806 -8.495 2.621,
            8.981 -8.344 3.067,
            8.396 -8.414 2.871,
            8.841 -8.409 2.885,
            7.775 -8.489 2.639,
            8.135 -8.486 2.649,
            7.746 -8.483 2.660,
            8.163 -8.479 2.673,
            7.564 -8.503 2.594,
            3.429 -8.833 1.004,
            8.951 -8.324 3.122,
            8.390 -8.391 2.936,
            8.836 -8.390 2.939,
            7.719 -8.475 2.685,
            8.191 -8.468 2.708,
            8.392 -8.382 2.962,
            8.825 -8.377 2.977,
            8.808 -8.365 3.011,
            8.787 -8.354 3.040,
            8.762 -8.345 3.064,
            8.732 -8.338 3.085,
            7.697 -8.466 2.713,
            8.213 -8.455 2.746,
            7.528 -8.485 2.652,
            8.911 -8.305 3.171,
            8.693 -8.331 3.104,
            7.679 -8.456 2.742,
            8.864 -8.289 3.213,
            8.607 -8.322 3.126,
            8.216 -8.375 2.981,
            8.652 -8.326 3.117,
            7.664 -8.445 2.778,
            8.226 -8.444 2.780,
            7.655 -8.433 2.813,
            8.234 -8.431 2.818,
            8.237 -8.417 2.862,
            5.461 -8.663 1.995,
            3.429 -8.806 1.217,
            4.777 -8.743 1.610,
            4.953 -8.698 1.840,
            7.649 -8.412 2.876,
            8.233 -8.403 2.903,
            7.652 -8.397 2.919,
            8.227 -8.390 2.939,
            7.660 -8.383 2.959,
            7.674 -8.370 2.995,
            7.693 -8.359 3.026,
            7.714 -8.350 3.052,
            7.745 -8.340 3.077,
            7.923 -8.315 3.145,
            8.626 -8.251 3.308,
            7.790 -8.331 3.103,
            7.848 -8.322 3.126,
            6.985 -8.403 2.903,
            7.503 -8.468 2.708,
            7.487 -8.450 2.762,
            7.477 -8.432 2.817,
            7.473 -8.410 2.882,
            7.480 -8.382 2.962,
            8.997 -8.090 3.686,
            8.731 -8.262 3.283,
            8.804 -8.274 3.251,
            6.985 -8.377 2.975,
            7.497 -8.356 3.034,
            7.903 -8.244 3.326,
            4.953 -8.607 2.226,
            5.461 -8.628 2.143,
            5.461 -8.609 2.216,
            8.997 -8.071 3.727,
            8.997 -8.052 3.768,
            6.985 -8.352 3.046,
            7.523 -8.334 3.095,
            8.060 -8.169 3.507,
            6.985 -8.326 3.117,
            7.559 -8.313 3.150,
            7.597 -8.297 3.193,
            7.635 -8.284 3.226,
            8.060 -8.143 3.567,
            7.864 -8.169 3.507,
            7.722 -8.263 3.280,
            7.769 -8.255 3.299,
            7.819 -8.250 3.313,
            7.857 -8.247 3.320,
            8.060 -8.117 3.626,
            3.429 -8.678 1.929,
            4.777 -8.712 1.769,
            4.777 -8.678 1.929,
            8.060 -8.090 3.686,
            10.160 -7.699 4.445,
            8.997 -8.032 3.810,
            2.286 -8.755 1.544,
            3.429 -8.825 1.075,
            3.429 -8.816 1.146,
            3.429 -8.662 1.998,
            3.429 -8.646 2.068,
            3.429 -8.629 2.138,
            4.777 -8.629 2.138,
            4.777 -8.589 2.296,
            4.777 -8.545 2.452,
            5.461 -8.399 2.915,
            4.777 -8.499 2.609,
            4.953 -8.499 2.609,
            7.493 -8.090 3.686,
            7.864 -8.143 3.567,
            7.864 -8.117 3.626,
            7.864 -8.090 3.686,
            6.610 -8.195 3.446,
            7.677 -8.272 3.255,
            6.515 -8.209 3.412,
            6.418 -8.219 3.389,
            6.698 -8.176 3.491,
            6.320 -8.224 3.376,
            6.776 -8.153 3.545,
            6.221 -8.226 3.372,
            6.844 -8.124 3.610,
            6.902 -8.091 3.684,
            6.042 -8.220 3.386,
            5.461 -8.326 3.117,
            7.864 -7.908 4.061,
            7.493 -8.007 3.862,
            7.864 -8.007 3.862,
            6.948 -8.053 3.765,
            7.493 -8.063 3.745,
            7.493 -8.035 3.804,
            5.901 -8.206 3.421,
            6.980 -8.013 3.851,
            6.999 -7.970 3.939,
            3.429 -8.485 2.652,
            4.953 -8.285 3.223,
            5.461 -8.375 2.982,
            5.461 -8.350 3.050,
            7.005 -7.925 4.028,
            4.953 -8.256 3.298,
            5.789 -8.186 3.468,
            8.060 -7.696 4.449,
            7.001 -7.887 4.101,
            4.953 -8.225 3.373,
            4.953 -8.194 3.448,
            5.699 -8.163 3.521,
            5.629 -8.137 3.580,
            5.573 -8.109 3.643,
            6.988 -7.848 4.176,
            7.864 -7.805 4.256,
            5.525 -8.077 3.715,
            6.965 -7.806 4.253,
            7.493 -7.693 4.455,
            7.864 -7.696 4.449,
            9.017 -7.372 4.968,
            5.487 -8.040 3.793,
            3.898 -8.281 3.235,
            3.429 -8.414 2.869,
            3.898 -8.357 3.032,
            6.930 -7.767 4.325,
            9.017 -7.327 5.035,
            9.017 -7.281 5.101,
            6.884 -7.729 4.393,
            6.828 -7.694 4.454,
            7.493 -7.655 4.521,
            6.755 -7.659 4.514,
            7.493 -7.616 4.586,
            6.662 -7.626 4.569,
            7.493 -7.576 4.651,
            10.160 -6.810 5.714,
            9.017 -7.234 5.167,
            2.286 -8.354 3.041,
            3.429 -8.462 2.724,
            3.429 -8.439 2.797,
            3.898 -8.199 3.436,
            6.550 -7.600 4.613,
            4.578 -7.874 4.127,
            5.446 -7.964 3.950,
            5.441 -7.925 4.029,
            4.483 -7.891 4.094,
            5.461 -8.003 3.871,
            4.386 -7.903 4.071,
            4.666 -7.852 4.169,
            5.451 -7.866 4.143,
            4.744 -7.824 4.221,
            5.478 -7.813 4.241,
            6.618 -7.436 4.873,
            6.665 -7.425 4.888,
            6.562 -7.446 4.857,
            6.203 -7.571 4.659,
            6.406 -7.580 4.645,
            6.718 -7.410 4.911,
            3.429 -8.041 3.792,
            3.898 -8.113 3.634,
            6.770 -7.392 4.938,
            7.962 -7.484 4.798,
            4.812 -7.790 4.283,
            6.817 -7.371 4.970,
            7.962 -7.365 4.979,
            6.859 -7.348 5.005,
            4.870 -7.750 4.355,
            5.519 -7.766 4.327,
            6.897 -7.321 5.043,
            6.932 -7.289 5.089,
            7.962 -7.242 5.157,
            4.916 -7.706 4.432,
            5.574 -7.723 4.404,
            6.969 -7.242 5.156,
            5.949 -7.467 4.824,
            5.902 -7.599 4.613,
            6.004 -7.583 4.640,
            6.100 -7.574 4.654,
            4.948 -7.659 4.514,
            5.641 -7.683 4.472,
            3.429 -7.941 3.997,
            4.010 -7.904 4.069,
            3.869 -7.887 4.102,
            3.757 -7.864 4.147,
            6.993 -7.188 5.231,
            7.962 -7.114 5.331,
            5.810 -7.441 4.864,
            4.967 -7.608 4.599,
            5.718 -7.650 4.529,
            5.805 -7.622 4.576,
            3.667 -7.836 4.199,
            5.999 -7.348 5.004,
            6.515 -7.326 5.036,
            7.005 -7.109 5.338,
            7.493 -7.009 5.469,
            4.973 -7.556 4.683,
            5.924 -7.337 5.020,
            3.597 -7.806 4.255,
            5.856 -7.322 5.042,
            4.969 -7.513 4.753,
            6.999 -7.053 5.411,
            5.815 -7.310 5.060,
            5.775 -7.295 5.081,
            6.986 -7.004 5.475,
            7.493 -6.962 5.529,
            4.956 -7.467 4.824,
            5.706 -7.411 4.910,
            5.739 -7.277 5.107,
            6.604 -7.307 5.063,
            6.672 -7.286 5.094,
            7.493 -6.850 5.667,
            7.493 -6.866 5.647,
            7.669 -6.850 5.667,
            5.704 -7.255 5.138,
            6.723 -7.263 5.126,
            6.752 -7.245 5.152,
            6.960 -6.951 5.543,
            7.493 -6.914 5.588,
            4.933 -7.419 4.898,
            5.628 -7.377 4.961,
            5.569 -7.341 5.014,
            5.672 -7.228 5.176,
            6.777 -7.224 5.181,
            4.898 -7.374 4.966,
            5.520 -7.300 5.074,
            6.923 -6.898 5.608,
            5.645 -7.194 5.222,
            6.797 -7.201 5.213,
            6.812 -7.176 5.247,
            7.669 -6.693 5.851,
            9.017 -6.367 6.205,
            9.017 -6.316 6.256,
            5.627 -7.157 5.273,
            6.822 -7.151 5.282,
            6.827 -7.129 5.311,
            4.852 -7.330 5.030,
            5.483 -7.254 5.139,
            6.876 -6.849 5.668,
            9.017 -6.266 6.307,
            6.820 -6.806 5.720,
            7.493 -6.646 5.904,
            4.796 -7.290 5.088,
            5.461 -7.214 5.196,
            5.617 -7.099 5.351,
            6.829 -7.103 5.347,
            5.620 -7.067 5.393,
            6.820 -7.039 5.429,
            7.669 -6.532 6.030,
            6.749 -6.766 5.767,
            5.627 -7.040 5.428,
            4.723 -7.250 5.145,
            5.449 -7.175 5.249,
            5.644 -7.005 5.474,
            6.802 -6.999 5.482,
            6.660 -6.729 5.810,
            5.667 -6.970 5.518,
            6.772 -6.959 5.532,
            4.630 -7.213 5.197,
            5.444 -7.147 5.287,
            5.441 -7.111 5.335,
            6.302 -6.807 5.718,
            6.448 -6.821 5.701,
            6.353 -6.810 5.714,
            10.160 -5.714 6.810,
            9.017 -6.215 6.357,
            2.286 -7.699 4.445,
            3.429 -8.008 3.861,
            3.429 -7.975 3.929,
            3.541 -7.772 4.315,
            3.493 -7.734 4.384,
            3.455 -7.691 4.459,
            3.429 -7.647 4.534,
            3.414 -7.602 4.609,
            3.409 -7.556 4.684,
            3.419 -7.488 4.793,
            6.235 -6.806 5.720,
            5.700 -6.936 5.562,
            6.737 -6.926 5.573,
            5.737 -6.907 5.597,
            6.694 -6.897 5.609,
            6.549 -6.697 5.846,
            6.089 -6.811 5.713,
            3.446 -7.427 4.886,
            7.493 -6.434 6.134,
            5.788 -6.879 5.631,
            6.644 -6.872 5.640,
            4.518 -7.183 5.239,
            5.852 -6.854 5.661,
            6.589 -6.851 5.665,
            6.532 -6.836 5.683,
            5.939 -6.832 5.688,
            7.669 -6.367 6.205,
            6.411 -6.675 5.872,
            3.487 -7.373 4.967,
            4.586 -6.997 5.484,
            5.445 -7.060 5.403,
            4.633 -6.986 5.498,
            4.530 -7.009 5.469,
            4.171 -7.150 5.282,
            4.374 -7.160 5.269,
            4.686 -6.969 5.520,
            5.454 -7.012 5.464,
            4.738 -6.948 5.546,
            4.785 -6.925 5.575,
            5.483 -6.941 5.554,
            4.827 -6.898 5.608,
            4.865 -6.869 5.644,
            5.523 -6.885 5.623,
            6.086 -6.548 6.013,
            6.113 -6.670 5.878,
            6.234 -6.665 5.882,
            4.900 -6.833 5.687,
            5.574 -6.838 5.681,
            5.910 -6.548 6.013,
            5.870 -6.707 5.835,
            5.990 -6.684 5.862,
            4.937 -6.781 5.749,
            5.637 -6.795 5.732,
            3.917 -7.033 5.438,
            3.870 -7.182 5.239,
            3.972 -7.164 5.264,
            4.068 -7.154 5.277,
            4.961 -6.720 5.820,
            5.708 -6.760 5.774,
            5.784 -6.731 5.807,
            6.086 -6.419 6.151,
            3.778 -7.004 5.475,
            3.773 -7.208 5.204,
            3.967 -6.899 5.607,
            4.483 -6.874 5.637,
            3.674 -6.969 5.519,
            3.686 -7.240 5.159,
            4.973 -6.632 5.920,
            3.892 -6.887 5.622,
            6.086 -6.286 6.286,
            7.493 -6.215 6.357,
            3.824 -6.870 5.642,
            4.967 -6.571 5.988,
            3.783 -6.856 5.659,
            3.743 -6.839 5.680,
            4.954 -6.516 6.048,
            5.910 -6.419 6.151,
            3.707 -6.819 5.703,
            4.572 -6.853 5.663,
            4.640 -6.829 5.691,
            6.086 -6.152 6.418,
            3.672 -6.795 5.733,
            4.691 -6.804 5.722,
            4.720 -6.783 5.746,
            4.928 -6.457 6.110,
            6.515 -6.006 6.555,
            6.610 -5.978 6.580,
            6.418 -6.024 6.538,
            6.698 -5.942 6.612,
            6.320 -6.034 6.528,
            3.640 -6.765 5.768,
            4.745 -6.761 5.773,
            6.776 -5.898 6.651,
            6.221 -6.038 6.525,
            6.844 -5.845 6.698,
            4.891 -6.399 6.171,
            5.910 -6.286 6.286,
            3.613 -6.727 5.812,
            4.765 -6.735 5.803,
            4.780 -6.707 5.835,
            6.902 -5.783 6.752,
            6.042 -6.026 6.536,
            5.910 -6.152 6.418,
            3.595 -6.686 5.859,
            4.790 -6.679 5.867,
            4.795 -6.655 5.895,
            4.844 -6.345 6.227,
            6.948 -5.716 6.809,
            5.901 -5.999 6.561,
            4.788 -6.298 6.274,
            3.585 -6.622 5.932,
            4.797 -6.625 5.928,
            6.980 -5.643 6.870,
            3.588 -6.586 5.971,
            4.788 -6.555 6.005,
            5.789 -5.961 6.595,
            4.717 -6.254 6.318,
            3.595 -6.556 6.004,
            6.999 -5.566 6.932,
            3.612 -6.517 6.047,
            4.770 -6.510 6.054,
            4.628 -6.214 6.358,
            3.635 -6.479 6.088,
            4.740 -6.466 6.101,
            4.270 -6.300 6.273,
            4.416 -6.315 6.257,
            4.321 -6.303 6.269,
            7.005 -5.488 6.993,
            2.286 -6.810 5.714,
            3.542 -7.323 5.041,
            3.609 -7.278 5.105,
            3.596 -6.931 5.567,
            3.537 -6.891 5.617,
            3.488 -6.845 5.673,
            3.451 -6.794 5.734,
            3.429 -6.749 5.787,
            3.417 -6.706 5.836,
            3.412 -6.674 5.872,
            3.409 -6.635 5.917,
            3.413 -6.578 5.980,
            3.422 -6.526 6.037,
            4.203 -6.298 6.274,
            3.668 -6.441 6.128,
            4.705 -6.430 6.139,
            3.705 -6.409 6.160,
            4.662 -6.398 6.172,
            4.517 -6.179 6.391,
            5.699 -5.918 6.634,
            5.629 -5.870 6.677,
            4.057 -6.304 6.268,
            3.756 -6.379 6.192,
            4.612 -6.370 6.201,
            7.001 -5.423 7.044,
            3.820 -6.351 6.220,
            4.557 -6.348 6.224,
            4.500 -6.332 6.240,
            3.907 -6.327 6.245,
            3.451 -6.447 6.121,
            4.379 -6.154 6.415,
            5.573 -5.818 6.722,
            6.988 -5.356 7.095,
            3.491 -6.385 6.185,
            5.525 -5.758 6.773,
            4.202 -6.144 6.425,
            6.965 -5.286 7.148,
            6.930 -5.220 7.196,
            10.160 -4.445 7.699,
            6.884 -5.157 7.241,
            4.736 -5.462 7.014,
            5.446 -5.557 6.940,
            5.441 -5.488 6.994,
            4.682 -5.479 7.001,
            5.461 -5.625 6.884,
            4.628 -5.490 6.993,
            5.487 -5.692 6.829,
            4.789 -5.439 7.032,
            4.590 -5.493 6.990,
            4.834 -5.411 7.053,
            5.451 -5.386 7.072,
            4.542 -5.495 6.988,
            4.870 -5.380 7.077,
            4.456 -5.489 6.993,
            6.985 -4.671 7.564,
            6.406 -4.915 7.407,
            6.550 -4.947 7.387,
            6.662 -4.989 7.358,
            6.755 -5.042 7.322,
            6.828 -5.099 7.282,
            4.898 -5.346 7.103,
            6.203 -4.902 7.417,
            4.920 -5.305 7.134,
            5.478 -5.297 7.139,
            6.985 -4.610 7.601,
            4.941 -5.234 7.186,
            5.519 -5.218 7.197,
            6.985 -4.549 7.638,
            6.985 -4.487 7.675,
            3.429 -5.593 6.910,
            4.396 -5.476 7.003,
            4.337 -5.455 7.020,
            3.838 -6.190 6.381,
            3.958 -6.164 6.406,
            4.081 -6.149 6.420,
            4.953 -5.085 7.292,
            5.574 -5.146 7.249,
            5.641 -5.082 7.294,
            5.718 -5.028 7.332,
            3.850 -5.397 7.065,
            4.289 -5.429 7.040,
            4.252 -5.401 7.061,
            3.928 -5.357 7.095,
            4.221 -5.371 7.084,
            4.194 -5.335 7.111,
            3.995 -5.315 7.126,
            4.171 -5.295 7.141,
            4.057 -5.268 7.161,
            4.147 -5.235 7.185,
            4.099 -5.222 7.194,
            4.132 -5.172 7.231,
            4.953 -4.903 7.416,
            5.805 -4.983 7.362,
            5.902 -4.946 7.387,
            2.286 -5.714 6.810,
            3.429 -5.529 6.961,
            3.429 -5.464 7.012,
            3.429 -5.399 7.062,
            3.542 -6.333 6.239,
            3.605 -6.287 6.286,
            3.676 -6.248 6.324,
            3.752 -6.216 6.355,
            5.461 -4.671 7.564,
            6.004 -4.921 7.404,
            6.100 -4.907 7.413,
            4.953 -4.717 7.535,
            5.461 -4.606 7.603,
            6.985 -3.842 8.017,
            4.953 -4.529 7.650,
            5.461 -4.542 7.642,
            5.461 -4.476 7.681,
            6.985 -3.774 8.049,
            10.160 -3.041 8.354,
            6.985 -3.705 8.081,
            6.985 -3.636 8.112,
            3.429 -4.713 7.538,
            3.751 -5.247 7.176,
            3.934 -5.153 7.244,
            4.025 -5.096 7.285,
            4.058 -5.066 7.305,
            4.082 -5.035 7.327,
            4.094 -5.015 7.341,
            4.106 -4.986 7.360,
            4.111 -4.947 7.386,
            4.113 -4.898 7.419,
            4.113 -4.836 7.459,
            4.113 -4.775 7.499,
            4.113 -4.713 7.538,
            4.953 -3.852 8.012,
            5.461 -3.831 8.022,
            4.953 -3.779 8.047,
            5.461 -3.766 8.053,
            4.953 -3.706 8.081,
            5.461 -3.701 8.083,
            5.461 -3.487 8.178,
            5.461 -3.636 8.112,
            6.985 -2.923 8.396,
            4.953 -3.632 8.114,
            5.461 -3.417 8.207,
            6.985 -2.846 8.422,
            5.461 -3.346 8.236,
            6.985 -2.769 8.448,
            2.286 -4.445 7.699,
            3.429 -4.652 7.576,
            3.429 -4.590 7.613,
            3.429 -4.529 7.650,
            3.429 -4.388 7.732,
            3.429 -4.322 7.769,
            3.429 -4.255 7.805,
            3.429 -4.188 7.842,
            3.898 -3.841 8.018,
            3.898 -4.035 7.922,
            6.985 -2.693 8.472,
            10.160 -1.544 8.755,
            4.653 -2.944 8.388,
            5.461 -3.276 8.264,
            4.705 -2.927 8.394,
            4.754 -2.904 8.402,
            5.930 -3.114 8.327,
            5.930 -2.910 8.400,
            4.605 -2.953 8.385,
            4.800 -2.874 8.413,
            4.558 -2.956 8.384,
            4.840 -2.839 8.425,
            4.874 -2.799 8.438,
            4.902 -2.752 8.453,
            5.930 -2.705 8.469,
            3.429 -3.285 8.261,
            3.898 -3.644 8.109,
            3.898 -3.445 8.195,
            4.927 -2.686 8.475,
            4.035 -2.975 8.377,
            4.495 -2.950 8.386,
            4.440 -2.935 8.392,
            4.001 -2.989 8.372,
            3.964 -3.000 8.369,
            4.068 -2.957 8.384,
            4.099 -2.936 8.391,
            4.393 -2.914 8.399,
            4.131 -2.909 8.400,
            4.351 -2.888 8.408,
            4.946 -2.598 8.502,
            5.930 -2.498 8.532,
            4.166 -2.869 8.414,
            4.313 -2.856 8.419,
            4.279 -2.818 8.431,
            4.201 -2.813 8.433,
            4.253 -2.781 8.444,
            3.429 -3.072 8.342,
            3.799 -3.007 8.366,
            3.732 -2.993 8.371,
            3.670 -2.970 8.379,
            4.953 -2.476 8.538,
            5.461 -2.331 8.579,
            4.230 -2.739 8.458,
            3.608 -2.935 8.391,
            3.561 -2.899 8.404,
            3.527 -2.863 8.416,
            4.953 -2.293 8.589,
            5.461 -2.258 8.599,
            5.461 -2.184 8.618,
            5.461 -2.085 8.642,
            5.461 -2.110 8.636,
            5.637 -2.085 8.642,
            6.985 -1.376 8.783,
            5.637 -1.850 8.695,
            4.953 -2.108 8.636,
            6.985 -1.305 8.794,
            2.286 -3.041 8.354,
            3.429 -3.214 8.289,
            3.429 -3.143 8.316,
            3.499 -2.822 8.430,
            3.476 -2.775 8.446,
            3.458 -2.725 8.462,
            3.443 -2.659 8.483,
            6.985 -1.234 8.804,
            3.433 -2.577 8.508,
            6.985 -1.163 8.814,
            4.953 -1.923 8.679,
            3.429 -2.477 8.538,
            5.637 -1.614 8.742,
            3.429 -2.294 8.589,
            5.637 -1.376 8.783,
            4.653 -1.585 8.748,
            5.461 -1.780 8.710,
            4.705 -1.568 8.751,
            4.754 -1.543 8.755,
            4.605 -1.595 8.746,
            4.558 -1.598 8.745,
            4.840 -1.476 8.767,
            4.800 -1.512 8.760,
            5.461 -1.472 8.767,
            4.495 -1.592 8.746,
            4.874 -1.434 8.774,
            4.902 -1.385 8.781,
            5.461 -1.163 8.814,
            4.927 -1.317 8.792,
            4.035 -1.618 8.742,
            4.001 -1.633 8.739,
            4.440 -1.576 8.749,
            3.964 -1.644 8.737,
            4.068 -1.599 8.745,
            3.927 -1.651 8.735,
            3.429 -1.923 8.679,
            4.099 -1.577 8.749,
            4.393 -1.554 8.753,
            3.900 -1.654 8.735,
            3.866 -1.655 8.735,
            4.131 -1.549 8.754,
            4.351 -1.527 8.758,
            4.946 -1.225 8.805,
            3.799 -1.651 8.735,
            4.166 -1.507 8.761,
            4.313 -1.494 8.764,
            4.279 -1.454 8.770,
            3.732 -1.636 8.738,
            4.201 -1.449 8.771,
            4.253 -1.416 8.777,
            3.670 -1.612 8.743,
            4.953 -1.099 8.822,
            4.230 -1.372 8.783,
            3.608 -1.576 8.749,
            4.953 -0.910 8.843,
            4.953 -0.721 8.861,
            4.953 -0.531 8.874,
            2.286 -1.544 8.755,
            3.429 -2.109 8.636,
            3.561 -1.539 8.756,
            3.527 -1.501 8.762,
            3.499 -1.458 8.770,
            3.476 -1.409 8.778,
            3.458 -1.358 8.786,
            3.443 -1.289 8.796,
            3.433 -1.204 8.808,
            3.429 -1.101 8.822,
            3.429 -0.911 8.843,
            3.429 -0.722 8.861,
            3.429 -0.531 8.874,
            3.624 -8.309 -3.160,
            3.698 -8.288 -3.217,
            3.816 -8.885 -0.303,
            5.461 -8.889 -0.117,
            4.953 -8.885 -0.303,
            4.566 -8.879 0.439,
            5.461 -8.646 2.069,
            6.809 -8.890 0.039,
            6.340 -8.890 0.039,
            5.848 -8.612 2.204,
            6.598 -8.399 2.915,
            8.783 -7.104 -5.345,
            8.783 -7.677 -4.483,
            8.327 -8.478 2.676,
            7.688 -8.660 2.008,
            7.762 -8.674 1.948,
            8.802 -8.885 0.283,
            5.848 -4.487 7.675,
            6.598 -3.831 8.022,
            6.281 -8.755 -1.542,
            6.279 -8.706 -1.798,
            6.770 -7.145 -5.290,
            6.538 -2.129 -8.631,
            3.866 -3.011 8.365,
            3.900 -3.009 8.365,
            3.927 -3.007 8.366,
            4.189 -7.911 4.055,
            4.288 -7.909 4.059,
            4.774 -3.809 -8.033,
            4.764 -3.696 -8.085,
            4.774 -3.732 -8.069,
            4.777 -3.771 -8.051,
            4.766 -3.841 -8.017,
            4.753 -3.870 -8.003,
            4.748 -3.664 -8.100,
            4.731 -3.901 -7.988,
            4.727 -3.635 -8.113,
            4.707 -3.927 -7.976,
            4.700 -3.607 -8.125,
            4.673 -3.954 -7.962,
            4.659 -3.577 -8.139,
            4.613 -3.981 -7.949,
            4.551 -3.535 -8.157,
            4.617 -3.556 -8.148,
            4.548 -4.000 -7.939,
            4.436 -3.515 -8.166,
            4.365 -4.026 -7.926,
            4.181 -3.502 -8.171,
            4.181 -4.032 -7.923,
            3.969 -3.510 -8.168,
            3.926 -4.020 -7.929,
            3.853 -3.525 -8.161,
            3.812 -4.001 -7.939,
            3.765 -3.548 -8.151,
            3.740 -3.978 -7.950,
            3.723 -3.566 -8.144,
            3.703 -3.959 -7.960,
            3.692 -3.584 -8.135,
            3.663 -3.929 -7.975,
            3.637 -3.634 -8.114,
            3.663 -3.607 -8.125,
            3.635 -3.901 -7.988,
            3.616 -3.662 -8.101,
            3.588 -3.805 -8.034,
            3.585 -3.769 -8.051,
            3.590 -3.724 -8.072,
            3.612 -3.870 -8.004,
            3.601 -3.692 -8.087,
            3.597 -3.837 -8.019,
            4.774 -4.832 -7.462,
            4.764 -4.727 -7.529,
            4.774 -4.761 -7.508,
            4.777 -4.797 -7.485,
            4.766 -4.862 -7.443,
            4.753 -4.889 -7.425,
            4.748 -4.697 -7.548,
            4.731 -4.918 -7.406,
            4.727 -4.670 -7.565,
            4.707 -4.942 -7.390,
            4.700 -4.644 -7.580,
            4.673 -4.966 -7.373,
            4.659 -4.616 -7.598,
            4.613 -4.992 -7.356,
            4.551 -4.576 -7.622,
            4.617 -4.596 -7.610,
            4.548 -5.009 -7.344,
            4.436 -4.558 -7.633,
            4.365 -5.033 -7.328,
            4.181 -4.546 -7.640,
            4.181 -5.039 -7.324,
            3.969 -4.553 -7.635,
            3.926 -5.028 -7.332,
            3.853 -4.568 -7.627,
            3.812 -5.010 -7.344,
            3.765 -4.589 -7.614,
            3.740 -4.989 -7.358,
            3.723 -4.605 -7.604,
            3.703 -4.972 -7.370,
            3.692 -4.623 -7.594,
            3.663 -4.943 -7.389,
            3.637 -4.669 -7.565,
            3.663 -4.644 -7.581,
            3.635 -4.918 -7.406,
            3.616 -4.695 -7.549,
            3.588 -4.829 -7.464,
            3.585 -4.795 -7.486,
            3.590 -4.753 -7.513,
            3.612 -4.888 -7.425,
            3.601 -4.723 -7.531,
            3.597 -4.858 -7.445,
            4.545 -5.663 -6.853,
            3.996 -5.663 -6.853,
            3.996 -5.771 -6.762,
            3.996 -5.877 -6.670,
            3.996 -5.982 -6.576,
            4.545 -7.637 -4.551,
            3.996 -7.637 -4.551,
            3.996 -7.708 -4.429,
            3.996 -7.778 -4.306,
            3.996 -7.845 -4.182,
            4.474 -8.282 3.231,
            4.650 -8.227 3.370,
            4.570 -8.215 3.399,
            4.496 -8.201 3.432,
            4.074 -8.273 3.255,
            4.074 -8.335 3.093,
            4.074 -8.208 3.416,
            4.074 -8.139 3.575,
            4.777 -8.241 3.336,
            4.795 -7.579 4.647,
            4.776 -7.633 4.557,
            4.792 -7.596 4.619,
            4.792 -7.517 4.746,
            4.797 -7.557 4.682,
            4.775 -7.476 4.811,
            4.750 -7.668 4.499,
            4.748 -7.438 4.870,
            4.713 -7.699 4.444,
            4.710 -7.401 4.925,
            4.668 -7.727 4.395,
            4.661 -7.367 4.976,
            4.614 -7.752 4.353,
            4.612 -7.341 5.014,
            4.565 -7.323 5.040,
            4.548 -7.773 4.315,
            4.511 -7.308 5.062,
            4.455 -7.792 4.280,
            4.451 -7.296 5.079,
            4.367 -7.285 5.095,
            4.337 -7.806 4.255,
            4.271 -7.278 5.105,
            4.190 -7.811 4.245,
            4.168 -7.276 5.108,
            4.110 -7.810 4.248,
            4.023 -7.283 5.098,
            3.969 -7.799 4.267,
            4.041 -7.806 4.254,
            3.921 -7.298 5.077,
            3.895 -7.787 4.288,
            3.841 -7.318 5.048,
            3.829 -7.772 4.316,
            3.774 -7.343 5.012,
            3.770 -7.753 4.351,
            3.712 -7.374 4.965,
            3.668 -7.699 4.444,
            3.714 -7.728 4.395,
            3.587 -7.531 4.724,
            3.585 -7.555 4.685,
            3.590 -7.594 4.622,
            3.605 -7.632 4.558,
            3.592 -7.511 4.756,
            3.662 -7.410 4.912,
            3.631 -7.667 4.500,
            3.606 -7.476 4.810,
            3.628 -7.444 4.860,
            4.777 -5.091 7.288,
            4.768 -5.171 7.231,
            4.775 -5.134 7.258,
            4.754 -5.212 7.202,
            4.777 -4.967 7.373,
            4.738 -5.239 7.182,
            4.717 -5.263 7.165,
            4.777 -4.840 7.457,
            4.693 -5.282 7.151,
            4.777 -4.713 7.538,
            4.664 -5.298 7.139,
            4.631 -5.312 7.129,
            4.597 -5.320 7.123,
            4.538 -5.325 7.119,
            4.289 -5.054 7.314,
            4.298 -5.160 7.239,
            4.311 -5.204 7.208,
            4.289 -4.941 7.390,
            4.327 -5.233 7.186,
            4.345 -5.256 7.170,
            4.289 -4.827 7.465,
            4.370 -5.277 7.155,
            4.289 -4.713 7.538,
            4.399 -5.294 7.142,
            4.436 -5.309 7.131,
            4.486 -5.321 7.122,
            4.509 -5.324 7.120,
            4.474 -3.844 8.016,
            4.650 -3.709 8.079,
            4.570 -3.680 8.092,
            4.496 -3.648 8.107,
            4.074 -3.821 8.027,
            4.074 -3.977 7.951,
            4.074 -3.664 8.100,
            4.074 -3.505 8.170,
            4.777 -3.743 8.064,
            4.132 -2.457 8.544,
            4.095 -2.687 8.474,
            4.111 -2.647 8.487,
            4.121 -2.604 8.500,
            4.128 -2.555 8.515,
            4.132 -2.349 8.574,
            4.077 -2.716 8.465,
            4.132 -2.241 8.603,
            4.055 -2.741 8.457,
            4.132 -2.132 8.630,
            4.027 -2.763 8.450,
            3.992 -2.783 8.443,
            3.950 -2.798 8.438,
            3.916 -2.805 8.436,
            3.869 -2.808 8.435,
            3.605 -2.481 8.537,
            3.606 -2.543 8.518,
            3.612 -2.605 8.500,
            3.630 -2.665 8.481,
            3.605 -2.365 8.570,
            3.645 -2.697 8.471,
            3.663 -2.722 8.463,
            3.605 -2.249 8.601,
            3.687 -2.747 8.455,
            3.605 -2.132 8.630,
            3.718 -2.770 8.448,
            3.751 -2.786 8.442,
            3.794 -2.800 8.438,
            3.829 -2.806 8.436,
            4.777 -2.413 8.556,
            4.741 -2.656 8.484,
            4.754 -2.628 8.493,
            4.765 -2.587 8.505,
            4.775 -2.505 8.530,
            4.777 -2.320 8.582,
            4.722 -2.682 8.476,
            4.777 -2.226 8.607,
            4.699 -2.703 8.469,
            4.777 -2.132 8.630,
            4.671 -2.722 8.463,
            4.632 -2.738 8.458,
            4.595 -2.748 8.455,
            4.539 -2.752 8.453,
            4.308 -2.436 8.550,
            4.313 -2.540 8.519,
            4.319 -2.580 8.507,
            4.326 -2.612 8.498,
            4.344 -2.652 8.485,
            4.308 -2.335 8.578,
            4.363 -2.680 8.476,
            4.308 -2.234 8.605,
            4.386 -2.704 8.469,
            4.308 -2.132 8.630,
            4.412 -2.722 8.463,
            4.443 -2.737 8.458,
            4.467 -2.744 8.456,
            4.487 -2.748 8.455,
            4.132 -1.080 8.824,
            4.095 -1.319 8.792,
            4.111 -1.276 8.798,
            4.121 -1.232 8.804,
            4.128 -1.181 8.811,
            4.132 -0.969 8.837,
            4.077 -1.348 8.787,
            4.132 -0.857 8.849,
            4.055 -1.374 8.783,
            4.132 -0.746 8.859,
            4.027 -1.397 8.780,
            3.992 -1.418 8.776,
            3.950 -1.433 8.774,
            3.916 -1.440 8.773,
            3.869 -1.444 8.772,
            3.605 -1.104 8.821,
            3.606 -1.169 8.813,
            3.612 -1.234 8.804,
            3.630 -1.295 8.795,
            3.605 -0.985 8.835,
            3.645 -1.328 8.790,
            3.663 -1.355 8.786,
            3.605 -0.865 8.848,
            3.687 -1.380 8.782,
            3.605 -0.746 8.859,
            3.718 -1.404 8.778,
            3.751 -1.421 8.776,
            3.794 -1.435 8.773,
            3.829 -1.441 8.772,
            4.777 -1.035 8.830,
            4.741 -1.286 8.796,
            4.754 -1.257 8.801,
            4.765 -1.214 8.807,
            4.775 -1.130 8.818,
            4.777 -0.938 8.840,
            4.722 -1.313 8.793,
            4.777 -0.842 8.850,
            4.699 -1.335 8.789,
            4.777 -0.746 8.859,
            4.671 -1.354 8.786,
            4.632 -1.371 8.784,
            4.595 -1.381 8.782,
            4.539 -1.386 8.781,
            4.308 -1.058 8.827,
            4.313 -1.166 8.813,
            4.319 -1.207 8.808,
            4.326 -1.240 8.803,
            4.344 -1.282 8.797,
            4.308 -0.954 8.839,
            4.363 -1.311 8.793,
            4.308 -0.850 8.849,
            4.386 -1.335 8.789,
            4.308 -0.746 8.859,
            4.412 -1.355 8.786,
            4.443 -1.370 8.784,
            4.467 -1.377 8.783,
            4.487 -1.381 8.782,
            6.395 -0.699 -8.862,
            6.394 -0.634 -8.867,
            6.399 -0.668 -8.865,
            6.384 -0.725 -8.860,
            6.382 -0.604 -8.869,
            6.367 -0.748 -8.859,
            6.363 -0.575 -8.871,
            6.348 -0.764 -8.857,
            6.331 -0.540 -8.874,
            6.332 -0.774 -8.856,
            6.300 -0.786 -8.855,
            6.271 -0.792 -8.855,
            6.231 -0.462 -8.878,
            6.234 -0.794 -8.854,
            6.191 -0.791 -8.855,
            6.175 -0.502 -8.876,
            6.169 -0.786 -8.855,
            6.143 -0.776 -8.856,
            6.125 -0.547 -8.873,
            6.122 -0.765 -8.857,
            6.106 -0.752 -8.858,
            6.094 -0.586 -8.871,
            6.085 -0.728 -8.860,
            6.077 -0.617 -8.869,
            6.071 -0.698 -8.863,
            6.071 -0.635 -8.867,
            6.067 -0.666 -8.865,
            6.434 -0.085 -8.890,
            6.428 0.009 -8.890,
            6.434 -0.011 -8.890,
            6.438 -0.052 -8.890,
            6.426 -0.112 -8.889,
            6.420 0.028 -8.890,
            6.411 -0.139 -8.889,
            6.400 0.057 -8.890,
            6.373 -0.183 -8.888,
            6.350 0.097 -8.889,
            6.375 0.081 -8.890,
            6.304 -0.243 -8.887,
            6.281 0.119 -8.889,
            6.318 0.111 -8.889,
            6.232 -0.298 -8.885,
            6.192 0.120 -8.889,
            6.231 0.123 -8.889,
            6.138 -0.230 -8.887,
            6.127 0.104 -8.889,
            6.162 0.116 -8.889,
            6.093 -0.188 -8.888,
            6.071 0.064 -8.890,
            6.098 0.087 -8.890,
            6.058 -0.146 -8.889,
            6.050 0.036 -8.890,
            6.040 -0.112 -8.889,
            6.036 0.006 -8.890,
            6.031 -0.083 -8.890,
            6.028 -0.048 -8.890,
            6.031 -0.014 -8.890,
            6.827 -7.944 3.990,
            6.808 -7.991 3.895,
            6.824 -7.959 3.960,
            6.824 -7.891 4.094,
            6.829 -7.926 4.027,
            6.807 -7.856 4.162,
            6.782 -8.020 3.835,
            6.780 -7.822 4.224,
            6.745 -8.047 3.778,
            6.742 -7.791 4.281,
            6.700 -8.071 3.726,
            6.693 -7.761 4.336,
            6.646 -8.092 3.682,
            6.644 -7.739 4.376,
            6.597 -7.723 4.403,
            6.580 -8.109 3.643,
            6.543 -7.710 4.426,
            6.487 -8.126 3.606,
            6.483 -7.699 4.444,
            6.399 -7.690 4.461,
            6.369 -8.137 3.580,
            6.303 -7.684 4.471,
            6.222 -8.142 3.570,
            6.200 -7.682 4.475,
            6.142 -8.141 3.572,
            6.055 -7.688 4.464,
            6.001 -8.132 3.593,
            6.073 -8.138 3.579,
            5.953 -7.701 4.442,
            5.927 -8.122 3.615,
            5.873 -7.718 4.411,
            5.861 -8.109 3.644,
            5.806 -7.740 4.373,
            5.802 -8.093 3.680,
            5.744 -7.768 4.324,
            5.700 -8.047 3.778,
            5.746 -8.072 3.726,
            5.619 -7.904 4.070,
            5.617 -7.924 4.030,
            5.622 -7.957 3.964,
            5.637 -7.990 3.897,
            5.624 -7.886 4.105,
            5.694 -7.798 4.268,
            5.663 -8.020 3.836,
            5.638 -7.856 4.161,
            5.660 -7.828 4.214,
            6.827 -5.522 6.967,
            6.808 -5.604 6.901,
            6.824 -5.548 6.946,
            6.824 -5.430 7.039,
            6.829 -5.489 6.993,
            6.807 -5.369 7.086,
            6.782 -5.656 6.859,
            6.780 -5.313 7.128,
            6.745 -5.705 6.818,
            6.742 -5.260 7.167,
            6.700 -5.748 6.782,
            6.693 -5.210 7.204,
            6.646 -5.785 6.750,
            6.644 -5.173 7.230,
            6.597 -5.147 7.248,
            6.580 -5.818 6.722,
            6.543 -5.126 7.264,
            6.487 -5.848 6.695,
            6.483 -5.108 7.276,
            6.399 -5.092 7.287,
            6.369 -5.870 6.676,
            6.303 -5.083 7.294,
            6.222 -5.878 6.669,
            6.200 -5.079 7.296,
            6.142 -5.876 6.671,
            6.055 -5.089 7.289,
            6.001 -5.859 6.686,
            6.073 -5.870 6.676,
            5.953 -5.110 7.274,
            5.927 -5.841 6.702,
            5.873 -5.139 7.254,
            5.861 -5.817 6.723,
            5.806 -5.175 7.228,
            5.802 -5.787 6.749,
            5.744 -5.221 7.196,
            5.700 -5.705 6.818,
            5.746 -5.749 6.781,
            5.619 -5.451 7.023,
            5.617 -5.487 6.995,
            5.622 -5.545 6.949,
            5.637 -5.603 6.902,
            5.624 -5.421 7.046,
            5.694 -5.272 7.158,
            5.663 -5.656 6.859,
            5.638 -5.370 7.085,
            5.660 -5.322 7.121,
            6.506 -2.914 8.399,
            6.682 -2.773 8.446,
            6.602 -2.743 8.456,
            6.528 -2.709 8.467,
            6.106 -2.890 8.407,
            6.106 -3.053 8.349,
            6.106 -2.725 8.462,
            6.106 -2.560 8.513,
            6.809 -2.808 8.435,
            6.262 0.008 8.890,
            6.809 0.008 8.890,
            6.262 0.017 8.890,
            6.809 0.017 8.890,
            6.262 0.025 8.890,
            6.809 0.025 8.890,
            8.609 -8.007 3.862,
            8.060 -8.007 3.862,
            8.060 -7.945 3.989,
            8.060 -7.881 4.115,
            8.060 -7.814 4.239,
            8.538 -7.367 4.975,
            8.714 -7.283 5.098,
            8.634 -7.265 5.124,
            8.560 -7.244 5.153,
            8.138 -7.353 4.996,
            8.138 -7.449 4.852,
            8.138 -7.254 5.139,
            8.138 -7.153 5.279,
            8.841 -7.304 5.068,
            6.164 8.175 3.492,
            6.127 8.078 3.713,
            6.143 8.095 3.674,
            6.153 8.114 3.633,
            6.160 8.135 3.586,
            6.164 8.219 3.389,
            6.109 8.065 3.740,
            6.164 8.261 3.285,
            6.087 8.054 3.763,
            6.164 8.301 3.181,
            6.059 8.044 3.785,
            6.024 8.035 3.804,
            5.982 8.028 3.818,
            5.948 8.026 3.824,
            5.901 8.024 3.827,
            5.637 8.166 3.515,
            5.638 8.140 3.575,
            5.644 8.113 3.634,
            5.662 8.088 3.691,
            5.637 8.212 3.404,
            5.677 8.073 3.722,
            5.695 8.062 3.746,
            5.637 8.258 3.293,
            5.719 8.052 3.769,
            5.637 8.301 3.181,
            5.750 8.041 3.791,
            5.783 8.034 3.806,
            5.826 8.028 3.819,
            5.861 8.025 3.825,
            6.809 8.193 3.450,
            6.773 8.091 3.683,
            6.786 8.103 3.656,
            6.797 8.121 3.617,
            6.807 8.155 3.539,
            6.809 8.230 3.361,
            6.754 8.080 3.707,
            6.809 8.266 3.271,
            6.731 8.071 3.728,
            6.809 8.301 3.181,
            6.703 8.063 3.745,
            6.664 8.055 3.761,
            6.627 8.051 3.770,
            6.571 8.049 3.774,
            6.340 8.184 3.472,
            6.345 8.141 3.572,
            6.351 8.124 3.610,
            6.358 8.111 3.640,
            6.376 8.093 3.679,
            6.340 8.224 3.376,
            6.395 8.081 3.706,
            6.340 8.263 3.279,
            6.418 8.071 3.728,
            6.340 8.301 3.181,
            6.444 8.062 3.746,
            6.475 8.056 3.760,
            6.499 8.053 3.766,
            6.519 8.051 3.770,
            6.506 8.604 2.237,
            6.682 8.640 2.093,
            6.602 8.648 2.062,
            6.528 8.656 2.027,
            6.106 8.610 2.212,
            6.106 8.566 2.380,
            6.106 8.652 2.044,
            6.106 8.690 1.875,
            6.809 8.631 2.128,
            6.809 8.881 -0.396,
            6.800 8.885 -0.298,
            6.807 8.883 -0.344,
            6.786 8.887 -0.247,
            6.809 8.873 -0.547,
            6.770 8.887 -0.214,
            6.749 8.888 -0.185,
            6.809 8.863 -0.698,
            6.725 8.889 -0.161,
            6.809 8.849 -0.849,
            6.696 8.889 -0.141,
            6.663 8.889 -0.124,
            6.629 8.889 -0.114,
            6.570 8.889 -0.107,
            6.321 8.879 -0.442,
            6.330 8.885 -0.312,
            6.343 8.886 -0.258,
            6.321 8.871 -0.577,
            6.359 8.887 -0.221,
            6.377 8.888 -0.194,
            6.321 8.861 -0.713,
            6.402 8.888 -0.168,
            6.321 8.849 -0.849,
            6.431 8.889 -0.146,
            6.468 8.889 -0.127,
            6.518 8.889 -0.112,
            6.541 8.889 -0.109,
            6.827 8.662 -2.001,
            6.808 8.685 -1.898,
            6.824 8.669 -1.968,
            6.824 8.635 -2.114,
            6.829 8.653 -2.041,
            6.807 8.616 -2.188,
            6.782 8.699 -1.832,
            6.780 8.599 -2.257,
            6.745 8.712 -1.770,
            6.742 8.582 -2.320,
            6.700 8.723 -1.714,
            6.693 8.565 -2.380,
            6.646 8.732 -1.667,
            6.644 8.553 -2.424,
            6.597 8.545 -2.454,
            6.580 8.740 -1.624,
            6.543 8.537 -2.480,
            6.487 8.748 -1.585,
            6.483 8.531 -2.500,
            6.399 8.526 -2.519,
            6.369 8.753 -1.556,
            6.303 8.522 -2.530,
            6.222 8.755 -1.545,
            6.200 8.521 -2.534,
            6.142 8.754 -1.548,
            6.055 8.525 -2.522,
            6.001 8.750 -1.571,
            6.073 8.753 -1.556,
            5.953 8.532 -2.498,
            5.927 8.746 -1.594,
            5.873 8.542 -2.463,
            5.861 8.740 -1.626,
            5.806 8.554 -2.421,
            5.802 8.733 -1.664,
            5.744 8.569 -2.367,
            5.700 8.712 -1.770,
            5.746 8.723 -1.714,
            5.619 8.641 -2.088,
            5.617 8.652 -2.044,
            5.622 8.669 -1.972,
            5.637 8.685 -1.899,
            5.624 8.632 -2.126,
            5.694 8.586 -2.305,
            5.663 8.699 -1.833,
            5.638 8.617 -2.188,
            5.660 8.602 -2.245,
            10.414 -5.551 -6.616,
            10.414 -6.616 -5.551,
            10.414 -4.318 -7.479,
            10.414 -7.479 -4.318,
            10.414 -2.954 -8.115,
            10.414 -8.115 -2.954,
            10.414 -1.500 -8.505,
            10.414 -8.505 -1.500,
            10.414 -8.636 0.000,
            10.414 -8.505 1.500,
            10.414 1.224 -6.941,
            10.414 -8.115 2.954,
            10.414 2.411 -6.623,
            10.414 -7.479 4.318,
            10.414 3.524 -6.104,
            10.414 -6.616 5.551,
            10.414 4.531 -5.399,
            10.414 5.399 -4.531,
            10.414 -5.551 6.616,
            10.414 6.104 -3.524,
            10.414 -4.318 7.479,
            10.414 6.623 -2.411,
            10.414 -2.954 8.115,
            10.414 6.941 -1.224,
            10.414 -1.500 8.505,
            10.414 7.049 0.000,
            10.414 6.941 1.224,
            10.414 1.224 6.941,
            10.414 2.411 6.623,
            10.414 6.623 2.411,
            10.414 6.104 3.524,
            10.414 3.524 6.104,
            10.414 5.399 4.531,
            10.414 4.531 5.399,
            2.032 -5.551 6.616,
            2.032 -4.074 4.855,
            2.032 -6.616 5.551,
            2.032 -4.855 4.074,
            2.032 -7.479 4.318,
            2.032 -4.318 7.479,
            2.032 -3.169 5.488,
            2.032 -5.488 3.169,
            2.032 -8.115 2.954,
            2.032 -2.954 8.115,
            2.032 -2.167 5.955,
            2.032 -5.955 2.167,
            2.032 -8.505 1.500,
            2.032 -1.500 8.505,
            2.032 -1.100 6.241,
            2.032 -6.241 1.100,
            2.032 -8.636 -0.000,
            2.032 -6.337 -0.000,
            2.032 -8.505 -1.500,
            2.032 -6.241 -1.100,
            2.032 -8.115 -2.954,
            2.032 -5.955 -2.167,
            2.032 -5.488 -3.169,
            2.032 -7.479 -4.318,
            2.032 -6.616 -5.551,
            2.032 -4.855 -4.074,
            2.032 -4.074 -4.855,
            2.032 -5.551 -6.616,
            2.032 -3.169 -5.488,
            2.032 -4.318 -7.479,
            2.032 -1.100 -6.241,
            2.032 -2.954 -8.115,
            2.032 -2.167 -5.955,
            2.032 -1.500 -8.505,
            1.270 -1.100 -6.241,
            1.270 -2.167 -5.955,
            1.270 -3.169 -5.488,
            1.270 -4.074 -4.855,
            1.270 -4.855 -4.074,
            1.270 -5.488 -3.169,
            1.270 -5.955 -2.167,
            1.270 -6.241 -1.100,
            1.270 -6.337 -0.000,
            1.270 -6.241 1.100,
            1.270 -5.955 2.167,
            1.270 -5.488 3.169,
            1.270 -4.855 4.074,
            1.270 -4.074 4.855,
            1.270 -3.169 5.488,
            1.270 -2.167 5.955,
            1.270 -1.100 6.241,
            1.270 -5.205 -4.367,
            1.270 -5.884 -3.397,
            1.270 -4.367 -5.205,
            1.270 -2.324 -6.385,
            1.270 -3.397 -5.884,
            1.270 -6.385 -2.324,
            1.270 -6.691 -1.180,
            1.270 -1.180 -6.691,
            1.270 -6.794 -0.000,
            1.270 -6.691 1.180,
            1.270 -6.385 2.324,
            1.270 -5.884 3.397,
            1.270 -5.205 4.367,
            1.270 -4.367 5.205,
            1.270 -3.397 5.884,
            1.270 -2.324 6.385,
            1.270 -1.180 6.691,
            0.440 -1.180 -6.691,
            0.440 -2.324 -6.385,
            0.440 -3.397 -5.884,
            0.440 -4.367 -5.205,
            0.440 -5.205 -4.367,
            0.440 -5.884 -3.397,
            0.440 -6.385 -2.324,
            0.440 -6.691 -1.180,
            0.440 -6.794 0.000,
            0.440 -6.691 1.180,
            0.440 -6.385 2.324,
            0.440 -5.884 3.397,
            0.440 -5.205 4.367,
            0.440 -4.367 5.205,
            0.440 -3.397 5.884,
            0.440 -2.324 6.385,
            0.440 -1.180 6.691,
            -0.000 -4.204 5.010,
            -0.000 -5.010 4.204,
            -0.000 -3.270 5.664,
            -0.000 -5.664 3.270,
            -0.000 -2.237 6.146,
            -0.000 -6.146 2.237,
            -0.000 -1.136 6.441,
            -0.000 -6.441 1.136,
            -0.000 -6.541 -0.000,
            -0.000 -6.441 -1.136,
            -0.000 1.037 5.878,
            -0.000 -6.146 -2.237,
            -0.000 2.042 5.609,
            -0.000 -5.664 -3.270,
            -0.000 2.984 5.169,
            -0.000 -5.010 -4.204,
            -0.000 3.837 4.573,
            -0.000 4.573 3.837,
            -0.000 -4.204 -5.010,
            -0.000 5.169 2.984,
            -0.000 -3.270 -5.664,
            -0.000 5.609 2.042,
            -0.000 -2.237 -6.146,
            -0.000 5.878 1.037,
            -0.000 -1.136 -6.441,
            -0.000 5.969 -0.000,
            -0.000 1.037 -5.878,
            -0.000 5.878 -1.037,
            -0.000 5.609 -2.042,
            -0.000 2.042 -5.609,
            -0.000 2.984 -5.169,
            -0.000 5.169 -2.984,
            -0.000 3.837 -4.573,
            -0.000 4.573 -3.837,
            0.254 0.992 5.628,
            2.794 0.992 5.628,
            0.254 1.955 5.370,
            2.794 1.955 5.370,
            0.254 2.858 4.949,
            2.794 2.858 4.949,
            0.254 3.674 4.378,
            2.794 3.674 4.378,
            0.254 4.378 3.674,
            2.794 4.378 3.674,
            0.254 4.949 2.858,
            2.794 4.949 2.858,
            0.254 5.370 1.955,
            2.794 5.370 1.955,
            0.254 5.628 0.992,
            2.794 5.628 0.992,
            0.254 5.715 0.000,
            2.794 5.715 0.000,
            0.254 5.628 -0.992,
            2.794 5.628 -0.992,
            0.254 5.370 -1.955,
            2.794 5.370 -1.955,
            0.254 4.949 -2.858,
            2.794 4.949 -2.858,
            0.254 4.378 -3.674,
            2.794 4.378 -3.674,
            0.254 3.674 -4.378,
            2.794 3.674 -4.378,
            0.254 2.858 -4.949,
            2.794 2.858 -4.949,
            0.254 1.955 -5.370,
            2.794 1.955 -5.370,
            0.254 0.992 -5.628,
            2.794 0.992 -5.628,
            2.794 1.246 -7.066,
            2.794 2.454 -6.743,
            2.794 3.588 -6.214,
            2.794 4.612 -5.497,
            2.794 5.497 -4.612,
            2.794 6.214 -3.588,
            2.794 6.743 -2.454,
            2.794 7.066 -1.246,
            2.794 7.175 0.000,
            2.794 7.066 1.246,
            2.794 1.246 7.066,
            2.794 6.743 2.454,
            2.794 2.454 6.743,
            2.794 6.214 3.588,
            2.794 3.588 6.214,
            2.794 4.612 5.497,
            2.794 5.497 4.612,
            3.175 1.246 7.066,
            3.175 2.454 6.743,
            3.175 3.588 6.214,
            3.175 4.612 5.497,
            3.175 5.497 4.612,
            3.175 6.214 3.588,
            3.175 6.743 2.454,
            3.175 7.066 1.246,
            3.175 7.175 0.000,
            3.175 7.066 -1.246,
            3.175 6.743 -2.454,
            3.175 6.214 -3.588,
            3.175 5.497 -4.612,
            3.175 4.612 -5.497,
            3.175 3.588 -6.214,
            3.175 2.454 -6.743,
            3.175 1.246 -7.066,
            3.175 1.180 6.691,
            3.175 2.324 6.385,
            3.175 3.397 5.884,
            3.175 4.367 5.205,
            3.175 5.205 4.367,
            3.175 5.884 3.397,
            3.175 6.385 2.324,
            3.175 6.691 1.180,
            3.175 6.794 0.000,
            3.175 6.691 -1.180,
            3.175 1.180 -6.691,
            3.175 2.324 -6.385,
            3.175 6.385 -2.324,
            3.175 5.884 -3.397,
            3.175 3.397 -5.884,
            3.175 5.205 -4.367,
            3.175 4.367 -5.205,
            9.974 1.180 6.691,
            9.974 2.324 6.385,
            9.974 3.397 5.884,
            9.974 4.367 5.205,
            9.974 5.205 4.367,
            9.974 5.884 3.397,
            9.974 6.385 2.324,
            9.974 6.691 1.180,
            9.974 6.794 -0.000,
            9.974 6.691 -1.180,
            9.974 6.385 -2.324,
            9.974 5.884 -3.397,
            9.974 5.205 -4.367,
            9.974 4.367 -5.205,
            9.974 3.397 -5.884,
            9.974 2.324 -6.385,
            9.974 1.180 -6.691,
            3.044 -4.473 4.507,
            2.794 -3.480 5.010,
            2.794 -4.297 4.330,
            3.044 -3.622 5.215,
            3.044 -5.188 3.662,
            2.794 -4.984 3.518,
            3.044 -5.745 2.705,
            2.794 -5.519 2.599,
            3.044 -6.127 1.667,
            2.794 -5.886 1.601,
            3.044 -6.324 0.577,
            2.794 -6.075 0.555,
            3.044 -6.328 -0.529,
            2.794 -6.079 -0.509,
            3.044 -6.140 -1.620,
            2.794 -5.898 -1.556,
            3.044 -5.765 -2.662,
            2.794 -5.538 -2.557,
            3.044 -5.215 -3.622,
            2.794 -5.010 -3.480,
            3.044 -4.507 -4.473,
            2.794 -4.330 -4.297,
            3.044 -3.662 -5.188,
            2.794 -3.518 -4.984,
            3.044 -2.705 -5.745,
            2.794 -2.599 -5.519,
            3.044 -1.667 -6.127,
            2.794 -1.601 -5.886,
            3.044 -0.577 -6.324,
            2.794 -0.555 -6.075,
            3.044 0.529 -6.328,
            2.794 0.509 -6.079,
            3.044 1.620 -6.140,
            2.794 1.556 -5.898,
            2.794 2.557 -5.538,
            3.044 2.662 -5.765,
            2.794 3.480 -5.010,
            3.044 3.622 -5.215,
            4.344 3.622 -5.215,
            4.344 2.662 -5.765,
            4.344 1.620 -6.140,
            4.344 0.529 -6.328,
            4.344 -0.577 -6.324,
            4.344 -1.667 -6.127,
            4.344 -2.705 -5.745,
            4.344 -3.662 -5.188,
            4.344 -4.507 -4.473,
            4.344 -5.215 -3.622,
            4.344 -5.765 -2.662,
            4.344 -6.140 -1.620,
            4.344 -6.328 -0.529,
            4.344 -6.324 0.577,
            4.344 -6.127 1.667,
            4.344 -5.745 2.705,
            4.344 -5.188 3.662,
            4.344 -4.473 4.507,
            4.344 -3.622 5.215,
            4.639 3.483 -5.014,
            4.639 2.559 -5.543,
            4.639 1.558 -5.903,
            4.639 0.509 -6.084,
            4.639 -0.555 -6.080,
            4.639 -1.603 -5.891,
            4.639 -2.601 -5.523,
            4.639 -3.521 -4.988,
            4.639 -4.333 -4.301,
            4.639 -5.014 -3.483,
            4.639 -5.543 -2.559,
            4.639 -5.903 -1.558,
            4.639 -6.084 -0.509,
            4.639 -6.080 0.555,
            4.639 -5.891 1.603,
            4.639 -5.523 2.601,
            4.639 -4.988 3.521,
            4.639 -4.301 4.333,
            4.639 -3.483 5.014,
            4.945 1.828 -3.650,
            4.945 2.329 -3.353,
            4.945 1.290 -3.873,
            4.945 0.726 -4.017,
            4.945 0.146 -4.080,
            4.945 -0.436 -4.059,
            5.194 0.000 -0.000,
            5.130 0.916 -1.828,
            5.130 1.167 -1.679,
            4.945 -1.009 -3.956,
            5.130 0.646 -1.940,
            4.945 -1.562 -3.772,
            5.130 0.363 -2.012,
            4.945 -2.082 -3.511,
            5.130 0.073 -2.044,
            4.945 -2.561 -3.179,
            5.130 -0.218 -2.033,
            4.945 -2.987 -2.782,
            5.130 -0.505 -1.981,
            4.945 -3.353 -2.329,
            5.130 -0.782 -1.889,
            4.945 -3.650 -1.828,
            5.130 -1.043 -1.759,
            4.945 -3.873 -1.290,
            5.130 -1.283 -1.592,
            4.945 -4.017 -0.726,
            5.130 -1.496 -1.394,
            4.945 -4.080 -0.146,
            5.130 -1.679 -1.167,
            4.945 -4.059 0.436,
            5.130 -1.828 -0.916,
            4.945 -3.956 1.009,
            5.130 -1.940 -0.646,
            4.945 -3.772 1.562,
            5.130 -2.012 -0.363,
            4.945 -3.511 2.082,
            5.130 -2.044 -0.073,
            4.945 -3.179 2.561,
            5.130 -2.033 0.218,
            4.945 -2.782 2.987,
            4.945 -2.329 3.353,
            5.130 -1.981 0.505,
            5.130 -1.889 0.782,
            5.130 -1.759 1.043,
            5.130 -1.592 1.283,
            5.130 -1.167 1.679,
            5.130 -1.394 1.496,
            2.794 5.886 -1.601,
            2.794 6.079 0.509,
            2.794 6.075 -0.555,
            2.794 5.519 -2.599,
            2.794 4.984 -3.518,
            2.794 5.898 1.556,
            2.794 5.010 3.480,
            2.794 5.538 2.557,
            2.794 4.297 -4.330,
            2.794 0.555 6.075,
            2.794 -1.556 5.898,
            2.794 -0.509 6.079,
            2.794 1.601 5.886,
            2.794 -2.557 5.538,
            2.794 2.599 5.519,
            2.794 3.518 4.984,
            2.794 4.330 4.297,
            4.344 -2.662 5.765,
            3.044 -2.662 5.765,
            4.344 -1.620 6.140,
            3.044 -1.620 6.140,
            4.344 -0.529 6.328,
            3.044 -0.529 6.328,
            4.344 0.577 6.324,
            3.044 0.577 6.324,
            4.344 1.667 6.127,
            3.044 1.667 6.127,
            4.344 2.705 5.745,
            3.044 2.705 5.745,
            4.344 3.662 5.188,
            3.044 3.662 5.188,
            4.344 4.507 4.473,
            3.044 4.507 4.473,
            4.344 5.215 3.622,
            3.044 5.215 3.622,
            4.344 5.765 2.662,
            3.044 5.765 2.662,
            4.344 6.140 1.620,
            3.044 6.140 1.620,
            4.344 6.328 0.529,
            3.044 6.328 0.529,
            4.344 6.324 -0.577,
            3.044 6.324 -0.577,
            3.044 6.127 -1.667,
            4.344 6.127 -1.667,
            4.344 5.745 -2.705,
            3.044 5.745 -2.705,
            4.344 5.188 -3.662,
            3.044 5.188 -3.662,
            4.344 4.473 -4.507,
            3.044 4.473 -4.507,
            4.945 -1.828 3.650,
            4.639 -2.559 5.543,
            4.945 -1.290 3.873,
            4.639 -1.558 5.903,
            4.945 -0.726 4.017,
            4.639 -0.509 6.084,
            4.945 -0.146 4.080,
            4.639 0.555 6.080,
            4.945 0.436 4.059,
            5.130 -0.916 1.828,
            4.945 1.009 3.956,
            4.639 1.603 5.891,
            5.130 -0.646 1.940,
            4.945 1.562 3.772,
            4.639 2.601 5.523,
            5.130 -0.363 2.012,
            4.945 2.082 3.511,
            4.639 3.521 4.988,
            5.130 -0.073 2.044,
            4.945 2.561 3.179,
            4.639 4.333 4.301,
            5.130 0.218 2.033,
            4.945 2.987 2.782,
            4.639 5.014 3.483,
            5.130 0.505 1.981,
            4.945 3.353 2.329,
            5.130 0.782 1.889,
            4.945 3.650 1.828,
            4.639 5.543 2.559,
            5.130 1.043 1.759,
            4.945 3.873 1.290,
            4.639 5.903 1.558,
            5.130 1.283 1.592,
            4.945 4.017 0.726,
            4.639 6.084 0.509,
            5.130 1.496 1.394,
            4.945 4.080 0.146,
            4.639 6.080 -0.555,
            5.130 1.679 1.167,
            4.945 4.059 -0.436,
            4.639 5.891 -1.603,
            5.130 1.828 0.916,
            4.945 3.956 -1.009,
            5.130 1.940 0.646,
            4.945 3.772 -1.562,
            4.639 5.523 -2.601,
            5.130 2.012 0.363,
            4.945 3.511 -2.082,
            4.639 4.988 -3.521,
            5.130 2.044 0.073,
            4.945 3.179 -2.561,
            4.639 4.301 -4.333,
            5.130 2.033 -0.218,
            4.945 2.782 -2.987,
            5.130 1.981 -0.505,
            5.130 1.889 -0.782,
            5.130 1.759 -1.043,
            5.130 1.592 -1.283,
            5.130 1.394 -1.496,
            6.137 1.699 6.579,
            6.391 0.597 6.326,
            6.391 1.622 6.144,
            6.137 0.597 6.768,
            6.137 2.755 6.211,
            6.391 2.604 5.796,
            6.137 3.736 5.675,
            6.391 3.516 5.293,
            6.137 4.616 4.985,
            6.391 4.333 4.648,
            6.137 5.372 4.161,
            6.391 5.034 3.878,
            6.137 5.981 3.223,
            6.391 5.600 3.003,
            6.137 6.429 2.199,
            6.391 6.015 2.048,
            6.137 6.702 1.114,
            6.391 6.269 1.038,
            6.137 6.794 -0.000,
            6.391 6.355 -0.000,
            4.994 -6.691 -1.180,
            4.740 -6.355 -0.000,
            4.740 -6.258 -1.103,
            4.994 -6.794 -0.000,
            4.994 -6.385 -2.324,
            4.740 -5.971 -2.173,
            4.994 -5.884 -3.397,
            4.740 -5.503 -3.177,
            4.994 -5.205 -4.367,
            4.740 -4.868 -4.085,
            4.994 -4.367 -5.205,
            4.740 -4.085 -4.868,
            4.994 -3.397 -5.884,
            4.740 -3.177 -5.503,
            4.994 -2.324 -6.385,
            4.740 -2.173 -5.971,
            4.994 -1.180 -6.691,
            4.740 -1.103 -6.258,
            4.994 0.000 -6.794,
            4.740 0.000 -6.355,
            4.994 1.180 -6.691,
            4.740 1.103 -6.258,
            4.994 2.324 -6.385,
            4.740 2.173 -5.971,
            4.994 3.397 -5.884,
            4.740 3.177 -5.503,
            4.994 4.367 -5.205,
            4.740 4.085 -4.868,
            4.994 5.205 -4.367,
            4.740 4.868 -4.085,
            4.994 5.884 -3.397,
            4.740 5.503 -3.177,
            4.994 6.385 -2.324,
            4.740 5.971 -2.173,
            4.994 6.691 -1.180,
            4.740 6.258 -1.103,
            4.994 6.794 -0.000,
            4.740 6.355 -0.000,
            6.391 -5.524 -0.000,
            4.740 -5.524 -0.000,
            6.391 -5.452 0.894,
            4.740 -5.441 0.959,
            6.391 -5.235 1.764,
            4.740 -5.191 1.889,
            6.391 -4.881 2.588,
            4.740 -4.784 2.762,
            6.391 -4.398 3.343,
            4.740 -4.232 3.551,
            6.391 -3.799 4.011,
            4.740 -3.551 4.232,
            6.391 -3.100 4.573,
            4.740 -2.762 4.784,
            6.391 -2.319 5.014,
            4.740 -1.889 5.191,
            6.391 -1.478 5.323,
            5.502 -0.597 5.492,
            6.391 -0.597 5.492,
            4.740 -0.959 5.441,
            6.391 0.597 5.492,
            5.502 0.597 5.492,
            6.391 1.478 5.323,
            4.740 0.000 5.524,
            5.502 -0.199 5.521,
            5.502 0.199 5.521,
            4.740 0.959 5.441,
            4.740 1.889 5.191,
            6.391 2.319 5.014,
            4.740 2.762 4.784,
            6.391 3.100 4.573,
            4.740 3.551 4.232,
            6.391 3.799 4.011,
            4.740 4.232 3.551,
            6.391 4.398 3.343,
            4.740 4.784 2.762,
            6.391 4.881 2.588,
            4.740 5.191 1.889,
            6.391 5.235 1.764,
            4.740 5.441 0.959,
            6.391 5.452 0.894,
            4.740 5.524 -0.000,
            6.391 5.524 -0.000,
            6.137 6.702 -1.114,
            6.137 6.429 -2.199,
            6.137 5.981 -3.223,
            6.137 5.372 -4.161,
            6.137 4.616 -4.985,
            6.137 3.736 -5.675,
            6.137 2.755 -6.211,
            6.137 1.699 -6.579,
            5.502 0.597 -6.768,
            6.137 0.597 -6.768,
            5.502 -0.597 -6.768,
            6.137 -0.597 -6.768,
            6.137 -1.699 -6.579,
            5.502 -0.199 -6.792,
            5.502 0.199 -6.792,
            6.137 -2.755 -6.211,
            6.137 -3.736 -5.675,
            6.137 -4.616 -4.985,
            6.137 -5.372 -4.161,
            6.137 -5.981 -3.223,
            6.137 -6.429 -2.199,
            6.137 -6.702 -1.114,
            6.137 -6.794 -0.000,
            6.391 5.452 -0.894,
            6.391 6.269 -1.038,
            6.391 5.235 -1.764,
            6.391 6.015 -2.048,
            6.391 4.881 -2.588,
            6.391 5.600 -3.003,
            6.391 4.398 -3.343,
            6.391 5.034 -3.878,
            6.391 3.799 -4.011,
            6.391 4.333 -4.648,
            6.391 3.100 -4.573,
            6.391 3.516 -5.293,
            6.391 2.319 -5.014,
            6.391 2.604 -5.796,
            6.391 1.478 -5.323,
            6.391 1.622 -6.144,
            6.391 0.597 -5.492,
            6.391 0.597 -6.326,
            6.391 -1.682 6.128,
            6.391 -0.597 6.326,
            6.391 -2.715 5.745,
            6.391 -3.668 5.189,
            6.391 -4.510 4.477,
            6.391 -5.216 3.630,
            6.391 -5.765 2.674,
            6.391 -6.140 1.637,
            6.391 -6.331 0.551,
            6.391 -6.331 -0.551,
            6.391 -5.452 -0.894,
            6.391 -6.140 -1.637,
            6.391 -5.235 -1.764,
            6.391 -1.682 -6.128,
            6.391 -0.597 -6.326,
            6.391 -0.597 -5.492,
            6.391 -1.478 -5.323,
            6.391 -2.319 -5.014,
            6.391 -5.765 -2.674,
            6.391 -4.881 -2.588,
            6.391 -2.715 -5.745,
            6.391 -3.100 -4.573,
            6.391 -5.216 -3.630,
            6.391 -4.398 -3.343,
            6.391 -3.668 -5.189,
            6.391 -3.799 -4.011,
            6.391 -4.510 -4.477,
            4.740 4.868 4.085,
            4.740 4.085 4.868,
            4.740 5.503 3.177,
            4.740 3.177 5.503,
            4.740 5.971 2.173,
            4.740 2.173 5.971,
            4.740 6.258 1.103,
            4.740 1.103 6.258,
            4.740 0.000 6.355,
            4.740 -1.103 6.258,
            4.740 5.441 -0.959,
            4.740 -2.173 5.971,
            4.740 5.191 -1.889,
            4.740 -3.177 5.503,
            4.740 4.784 -2.762,
            4.740 -4.085 4.868,
            4.740 4.232 -3.551,
            4.740 3.551 -4.232,
            4.740 -4.868 4.085,
            4.740 2.762 -4.784,
            4.740 -5.503 3.177,
            4.740 1.889 -5.191,
            4.740 -5.971 2.173,
            4.740 0.959 -5.441,
            4.740 -6.258 1.103,
            4.740 0.000 -5.524,
            4.740 -0.959 -5.441,
            4.740 -5.441 -0.959,
            4.740 -5.191 -1.889,
            4.740 -1.889 -5.191,
            4.740 -4.784 -2.762,
            4.740 -2.762 -4.784,
            4.740 -4.232 -3.551,
            4.740 -3.551 -4.232,
            6.137 -6.702 1.114,
            4.994 -6.691 1.180,
            6.137 -6.429 2.199,
            4.994 -6.385 2.324,
            6.137 -5.981 3.223,
            4.994 -5.884 3.397,
            6.137 -5.372 4.161,
            4.994 -5.205 4.367,
            6.137 -4.616 4.985,
            4.994 -4.367 5.205,
            6.137 -3.736 5.675,
            4.994 -3.397 5.884,
            6.137 -2.755 6.211,
            4.994 -2.324 6.385,
            6.137 -1.699 6.579,
            5.502 -0.597 6.768,
            6.137 -0.597 6.768,
            4.994 -1.180 6.691,
            5.502 0.597 6.768,
            4.994 0.000 6.794,
            5.502 0.199 6.792,
            5.502 -0.199 6.792,
            4.994 1.180 6.691,
            4.994 2.324 6.385,
            4.994 3.397 5.884,
            4.994 4.367 5.205,
            4.994 5.205 4.367,
            4.994 5.884 3.397,
            4.994 6.385 2.324,
            4.994 6.691 1.180,
            5.502 0.597 -5.492,
            5.502 -0.597 -5.492,
            5.502 0.199 -5.521,
            5.502 -0.199 -5.521
          ]
        }
        coordIndex [
          0, 1, 2, -1,
          0, 3, 1, -1,
          4, 2, 5, -1,
          4, 0, 2, -1,
          6, 5, 7, -1,
          6, 4, 5, -1,
          8, 7, 9, -1,
          8, 6, 7, -1,
          10, 9, 11, -1,
          10, 8, 9, -1,
          12, 11, 13, -1,
          12, 10, 11, -1,
          14, 13, 15, -1,
          14, 12, 13, -1,
          16, 15, 17, -1,
          16, 14, 15, -1,
          18, 17, 19, -1,
          18, 16, 17, -1,
          20, 19, 21, -1,
          20, 18, 19, -1,
          22, 21, 23, -1,
          22, 20, 21, -1,
          24, 23, 25, -1,
          24, 22, 23, -1,
          26, 25, 27, -1,
          26, 24, 25, -1,
          28, 27, 29, -1,
          28, 26, 27, -1,
          30, 28, 29, -1,
          31, 28, 30, -1,
          32, 30, 33, -1,
          32, 31, 30, -1,
          34, 32, 33, -1,
          35, 32, 34, -1,
          36, 34, 37, -1,
          36, 35, 34, -1,
          38, 39, 40, -1,
          38, 41, 39, -1,
          41, 42, 39, -1,
          41, 43, 42, -1,
          43, 44, 42, -1,
          43, 45, 44, -1,
          45, 46, 44, -1,
          45, 47, 46, -1,
          47, 48, 46, -1,
          47, 49, 48, -1,
          49, 50, 48, -1,
          49, 51, 50, -1,
          51, 52, 50, -1,
          51, 53, 52, -1,
          53, 54, 52, -1,
          53, 55, 54, -1,
          55, 56, 54, -1,
          55, 57, 56, -1,
          57, 58, 56, -1,
          57, 59, 58, -1,
          59, 60, 58, -1,
          59, 61, 60, -1,
          61, 62, 60, -1,
          61, 63, 62, -1,
          62, 64, 65, -1,
          63, 64, 62, -1,
          64, 66, 65, -1,
          64, 67, 66, -1,
          67, 68, 66, -1,
          67, 69, 68, -1,
          69, 70, 68, -1,
          69, 71, 70, -1,
          71, 72, 70, -1,
          71, 73, 72, -1,
          73, 74, 72, -1,
          73, 75, 74, -1,
          76, 77, 78, -1,
          76, 79, 77, -1,
          80, 78, 81, -1,
          80, 76, 78, -1,
          82, 81, 83, -1,
          82, 80, 81, -1,
          84, 83, 85, -1,
          84, 82, 83, -1,
          86, 85, 87, -1,
          86, 84, 85, -1,
          88, 87, 89, -1,
          88, 86, 87, -1,
          90, 89, 91, -1,
          90, 88, 89, -1,
          92, 91, 93, -1,
          92, 90, 91, -1,
          94, 93, 95, -1,
          94, 92, 93, -1,
          96, 95, 97, -1,
          96, 94, 95, -1,
          98, 97, 99, -1,
          98, 96, 97, -1,
          100, 99, 101, -1,
          100, 98, 99, -1,
          102, 101, 103, -1,
          102, 100, 101, -1,
          104, 102, 103, -1,
          105, 102, 104, -1,
          106, 105, 104, -1,
          106, 104, 107, -1,
          108, 107, 109, -1,
          108, 106, 107, -1,
          110, 109, 111, -1,
          110, 108, 109, -1,
          112, 111, 113, -1,
          112, 110, 111, -1,
          114, 115, 116, -1,
          114, 117, 115, -1,
          118, 116, 119, -1,
          118, 114, 116, -1,
          120, 119, 121, -1,
          120, 118, 119, -1,
          122, 121, 123, -1,
          122, 120, 121, -1,
          124, 123, 125, -1,
          124, 122, 123, -1,
          126, 125, 127, -1,
          126, 124, 125, -1,
          128, 127, 129, -1,
          128, 126, 127, -1,
          130, 129, 131, -1,
          130, 128, 129, -1,
          132, 131, 133, -1,
          132, 130, 131, -1,
          134, 133, 135, -1,
          134, 132, 133, -1,
          136, 135, 137, -1,
          136, 134, 135, -1,
          138, 137, 139, -1,
          138, 136, 137, -1,
          140, 139, 141, -1,
          140, 138, 139, -1,
          142, 141, 143, -1,
          142, 140, 141, -1,
          144, 143, 145, -1,
          144, 142, 143, -1,
          146, 144, 145, -1,
          147, 144, 146, -1,
          148, 146, 149, -1,
          148, 147, 146, -1,
          150, 149, 151, -1,
          150, 148, 149, -1,
          152, 153, 154, -1,
          152, 155, 153, -1,
          155, 156, 153, -1,
          155, 157, 156, -1,
          157, 158, 156, -1,
          157, 159, 158, -1,
          159, 160, 158, -1,
          159, 161, 160, -1,
          161, 162, 160, -1,
          161, 163, 162, -1,
          163, 164, 162, -1,
          163, 165, 164, -1,
          165, 166, 164, -1,
          165, 167, 166, -1,
          167, 168, 166, -1,
          167, 169, 168, -1,
          169, 170, 168, -1,
          169, 171, 170, -1,
          171, 172, 170, -1,
          171, 173, 172, -1,
          172, 174, 175, -1,
          173, 174, 172, -1,
          175, 176, 177, -1,
          174, 176, 175, -1,
          176, 178, 177, -1,
          176, 179, 178, -1,
          179, 180, 178, -1,
          179, 181, 180, -1,
          181, 182, 180, -1,
          180, 182, 183, -1,
          182, 184, 183, -1,
          182, 185, 184, -1,
          185, 186, 184, -1,
          185, 187, 186, -1,
          187, 188, 186, -1,
          186, 188, 189, -1,
          190, 191, 189, -1,
          189, 191, 186, -1,
          186, 192, 184, -1,
          191, 192, 186, -1,
          184, 193, 183, -1,
          192, 193, 184, -1,
          183, 194, 180, -1,
          193, 194, 183, -1,
          180, 195, 178, -1,
          194, 195, 180, -1,
          178, 196, 177, -1,
          195, 196, 178, -1,
          177, 197, 175, -1,
          196, 197, 177, -1,
          175, 198, 172, -1,
          197, 198, 175, -1,
          172, 199, 170, -1,
          198, 199, 172, -1,
          170, 200, 168, -1,
          199, 200, 170, -1,
          168, 201, 166, -1,
          200, 201, 168, -1,
          166, 202, 164, -1,
          201, 202, 166, -1,
          164, 203, 162, -1,
          202, 203, 164, -1,
          162, 204, 160, -1,
          203, 204, 162, -1,
          204, 205, 160, -1,
          160, 205, 158, -1,
          205, 206, 158, -1,
          158, 206, 156, -1,
          206, 207, 156, -1,
          156, 207, 153, -1,
          207, 208, 153, -1,
          153, 208, 154, -1,
          209, 210, 211, -1,
          211, 210, 212, -1,
          212, 213, 214, -1,
          210, 213, 212, -1,
          214, 215, 216, -1,
          213, 215, 214, -1,
          216, 217, 218, -1,
          215, 217, 216, -1,
          218, 219, 220, -1,
          217, 219, 218, -1,
          220, 221, 222, -1,
          219, 221, 220, -1,
          222, 223, 224, -1,
          224, 223, 225, -1,
          221, 223, 222, -1,
          223, 226, 225, -1,
          225, 227, 228, -1,
          226, 227, 225, -1,
          228, 229, 230, -1,
          227, 229, 228, -1,
          230, 231, 232, -1,
          229, 231, 230, -1,
          232, 233, 234, -1,
          231, 233, 232, -1,
          234, 235, 236, -1,
          233, 235, 234, -1,
          236, 237, 238, -1,
          238, 237, 239, -1,
          235, 237, 236, -1,
          237, 240, 239, -1,
          240, 241, 239, -1,
          239, 241, 242, -1,
          241, 243, 242, -1,
          242, 243, 244, -1,
          243, 245, 244, -1,
          244, 245, 246, -1,
          40, 39, 247, -1,
          247, 39, 248, -1,
          248, 39, 249, -1,
          249, 42, 250, -1,
          39, 42, 249, -1,
          250, 44, 251, -1,
          42, 44, 250, -1,
          251, 46, 252, -1,
          44, 46, 251, -1,
          252, 48, 253, -1,
          46, 48, 252, -1,
          253, 50, 254, -1,
          48, 50, 253, -1,
          254, 52, 255, -1,
          50, 52, 254, -1,
          255, 54, 256, -1,
          52, 54, 255, -1,
          54, 56, 256, -1,
          256, 58, 257, -1,
          257, 58, 258, -1,
          56, 58, 256, -1,
          258, 60, 259, -1,
          58, 60, 258, -1,
          60, 62, 259, -1,
          259, 65, 260, -1,
          260, 65, 261, -1,
          62, 65, 259, -1,
          65, 66, 261, -1,
          66, 68, 261, -1,
          261, 68, 262, -1,
          262, 68, 263, -1,
          68, 70, 263, -1,
          263, 70, 264, -1,
          264, 72, 265, -1,
          70, 72, 264, -1,
          72, 74, 265, -1,
          150, 266, 267, -1,
          148, 267, 268, -1,
          148, 150, 267, -1,
          147, 268, 269, -1,
          147, 148, 268, -1,
          144, 269, 270, -1,
          144, 147, 269, -1,
          142, 270, 271, -1,
          142, 144, 270, -1,
          140, 271, 272, -1,
          140, 142, 271, -1,
          138, 140, 272, -1,
          136, 272, 273, -1,
          136, 138, 272, -1,
          134, 273, 274, -1,
          134, 136, 273, -1,
          132, 274, 275, -1,
          132, 134, 274, -1,
          130, 275, 276, -1,
          130, 132, 275, -1,
          128, 276, 277, -1,
          128, 130, 276, -1,
          126, 277, 278, -1,
          126, 128, 277, -1,
          124, 278, 279, -1,
          124, 279, 280, -1,
          124, 126, 278, -1,
          122, 124, 280, -1,
          120, 122, 280, -1,
          120, 280, 281, -1,
          120, 281, 282, -1,
          118, 120, 282, -1,
          118, 282, 283, -1,
          114, 118, 283, -1,
          117, 114, 283, -1,
          117, 283, 284, -1,
          285, 286, 287, -1,
          285, 288, 286, -1,
          289, 287, 290, -1,
          289, 285, 287, -1,
          291, 290, 292, -1,
          291, 289, 290, -1,
          293, 292, 294, -1,
          293, 291, 292, -1,
          295, 294, 296, -1,
          295, 293, 294, -1,
          297, 296, 298, -1,
          297, 295, 296, -1,
          299, 298, 300, -1,
          299, 300, 301, -1,
          299, 297, 298, -1,
          302, 299, 301, -1,
          303, 301, 304, -1,
          303, 302, 301, -1,
          305, 304, 306, -1,
          305, 303, 304, -1,
          307, 306, 308, -1,
          307, 305, 306, -1,
          309, 308, 310, -1,
          309, 307, 308, -1,
          311, 310, 312, -1,
          311, 312, 313, -1,
          311, 309, 310, -1,
          314, 313, 315, -1,
          314, 311, 313, -1,
          316, 314, 315, -1,
          317, 316, 315, -1,
          317, 315, 318, -1,
          317, 318, 319, -1,
          320, 317, 319, -1,
          321, 320, 319, -1,
          321, 319, 322, -1,
          323, 324, 325, -1,
          326, 324, 323, -1,
          327, 325, 328, -1,
          327, 323, 325, -1,
          329, 330, 324, -1,
          329, 324, 326, -1,
          331, 332, 333, -1,
          331, 328, 332, -1,
          331, 327, 328, -1,
          334, 330, 329, -1,
          335, 330, 334, -1,
          335, 336, 330, -1,
          337, 333, 338, -1,
          337, 339, 340, -1,
          337, 338, 339, -1,
          337, 331, 333, -1,
          341, 336, 335, -1,
          341, 342, 336, -1,
          343, 340, 344, -1,
          343, 337, 340, -1,
          345, 342, 341, -1,
          346, 344, 347, -1,
          346, 343, 344, -1,
          348, 342, 345, -1,
          348, 349, 342, -1,
          350, 347, 351, -1,
          350, 346, 347, -1,
          352, 349, 348, -1,
          352, 353, 349, -1,
          352, 354, 353, -1,
          355, 354, 352, -1,
          355, 356, 354, -1,
          357, 356, 355, -1,
          357, 358, 356, -1,
          359, 358, 357, -1,
          360, 358, 359, -1,
          360, 361, 358, -1,
          362, 361, 360, -1,
          363, 364, 361, -1,
          363, 361, 362, -1,
          365, 364, 363, -1,
          366, 367, 364, -1,
          366, 364, 365, -1,
          368, 367, 366, -1,
          369, 367, 368, -1,
          370, 369, 368, -1,
          371, 369, 370, -1,
          372, 370, 373, -1,
          372, 371, 370, -1,
          374, 372, 373, -1,
          375, 374, 373, -1,
          376, 375, 373, -1,
          377, 376, 373, -1,
          378, 373, 379, -1,
          378, 377, 373, -1,
          380, 379, 381, -1,
          380, 378, 379, -1,
          382, 381, 383, -1,
          382, 380, 381, -1,
          331, 323, 327, -1,
          326, 323, 331, -1,
          337, 329, 326, -1,
          337, 326, 331, -1,
          343, 334, 329, -1,
          343, 329, 337, -1,
          335, 334, 343, -1,
          346, 335, 343, -1,
          341, 335, 346, -1,
          350, 341, 346, -1,
          345, 341, 350, -1,
          348, 345, 350, -1,
          352, 348, 350, -1,
          355, 352, 350, -1,
          373, 370, 368, -1,
          379, 368, 366, -1,
          379, 366, 365, -1,
          379, 373, 368, -1,
          381, 365, 363, -1,
          381, 379, 365, -1,
          383, 363, 362, -1,
          383, 362, 360, -1,
          383, 360, 359, -1,
          383, 359, 357, -1,
          383, 357, 355, -1,
          383, 355, 350, -1,
          383, 381, 363, -1,
          384, 351, 3, -1,
          385, 384, 3, -1,
          386, 385, 3, -1,
          0, 386, 3, -1,
          387, 382, 388, -1,
          387, 388, 389, -1,
          387, 389, 390, -1,
          112, 382, 387, -1,
          112, 387, 391, -1,
          112, 391, 392, -1,
          112, 392, 393, -1,
          110, 0, 4, -1,
          110, 386, 0, -1,
          110, 112, 393, -1,
          110, 393, 386, -1,
          108, 4, 6, -1,
          108, 110, 4, -1,
          106, 6, 8, -1,
          106, 108, 6, -1,
          105, 106, 8, -1,
          394, 10, 395, -1,
          396, 10, 394, -1,
          397, 395, 10, -1,
          398, 8, 10, -1,
          398, 10, 396, -1,
          399, 397, 10, -1,
          400, 399, 10, -1,
          401, 10, 12, -1,
          401, 400, 10, -1,
          402, 401, 12, -1,
          403, 404, 398, -1,
          405, 398, 404, -1,
          406, 403, 398, -1,
          407, 8, 398, -1,
          407, 398, 405, -1,
          408, 406, 398, -1,
          409, 410, 411, -1,
          409, 411, 412, -1,
          413, 105, 8, -1,
          413, 8, 407, -1,
          414, 398, 415, -1,
          414, 408, 398, -1,
          416, 402, 12, -1,
          417, 415, 418, -1,
          417, 414, 415, -1,
          419, 417, 418, -1,
          419, 409, 412, -1,
          419, 418, 409, -1,
          419, 412, 420, -1,
          421, 416, 12, -1,
          422, 423, 424, -1,
          422, 424, 425, -1,
          426, 422, 425, -1,
          426, 425, 427, -1,
          428, 421, 12, -1,
          429, 427, 430, -1,
          429, 426, 427, -1,
          431, 430, 432, -1,
          431, 429, 430, -1,
          433, 431, 432, -1,
          434, 428, 12, -1,
          435, 436, 437, -1,
          435, 437, 438, -1,
          435, 438, 439, -1,
          435, 439, 440, -1,
          435, 440, 441, -1,
          442, 432, 443, -1,
          442, 433, 432, -1,
          444, 434, 12, -1,
          445, 442, 443, -1,
          445, 443, 446, -1,
          447, 444, 12, -1,
          448, 445, 446, -1,
          449, 435, 441, -1,
          449, 441, 450, -1,
          449, 450, 451, -1,
          452, 447, 12, -1,
          453, 451, 454, -1,
          453, 454, 455, -1,
          453, 449, 451, -1,
          456, 448, 446, -1,
          456, 446, 457, -1,
          458, 455, 459, -1,
          458, 453, 455, -1,
          460, 452, 12, -1,
          461, 458, 459, -1,
          461, 459, 462, -1,
          463, 461, 462, -1,
          463, 462, 464, -1,
          465, 466, 467, -1,
          465, 467, 468, -1,
          469, 463, 464, -1,
          469, 466, 465, -1,
          469, 464, 466, -1,
          470, 456, 457, -1,
          471, 470, 457, -1,
          472, 471, 457, -1,
          102, 413, 473, -1,
          102, 473, 474, -1,
          102, 474, 475, -1,
          102, 475, 476, -1,
          102, 476, 477, -1,
          102, 477, 478, -1,
          102, 478, 479, -1,
          102, 479, 480, -1,
          102, 105, 413, -1,
          481, 472, 457, -1,
          482, 457, 483, -1,
          482, 481, 457, -1,
          484, 482, 483, -1,
          485, 484, 483, -1,
          486, 485, 483, -1,
          487, 488, 489, -1,
          490, 486, 483, -1,
          491, 490, 483, -1,
          492, 488, 487, -1,
          493, 491, 483, -1,
          493, 483, 488, -1,
          493, 488, 492, -1,
          494, 489, 495, -1,
          494, 487, 489, -1,
          496, 495, 497, -1,
          496, 497, 498, -1,
          496, 494, 495, -1,
          499, 500, 501, -1,
          502, 500, 499, -1,
          502, 503, 500, -1,
          504, 499, 501, -1,
          504, 501, 505, -1,
          506, 498, 507, -1,
          506, 507, 508, -1,
          506, 496, 498, -1,
          509, 503, 502, -1,
          509, 510, 503, -1,
          511, 504, 505, -1,
          511, 505, 460, -1,
          512, 510, 509, -1,
          512, 508, 510, -1,
          513, 511, 460, -1,
          513, 460, 12, -1,
          514, 508, 512, -1,
          514, 506, 508, -1,
          515, 513, 12, -1,
          516, 515, 12, -1,
          517, 12, 14, -1,
          517, 516, 12, -1,
          518, 506, 514, -1,
          519, 514, 520, -1,
          519, 518, 514, -1,
          521, 506, 518, -1,
          522, 519, 520, -1,
          523, 506, 521, -1,
          524, 520, 525, -1,
          524, 522, 520, -1,
          526, 506, 523, -1,
          527, 528, 506, -1,
          527, 506, 526, -1,
          529, 525, 530, -1,
          529, 524, 525, -1,
          531, 517, 14, -1,
          532, 533, 528, -1,
          532, 528, 527, -1,
          534, 530, 535, -1,
          534, 529, 530, -1,
          536, 534, 535, -1,
          537, 538, 539, -1,
          537, 539, 533, -1,
          537, 533, 532, -1,
          540, 534, 536, -1,
          541, 540, 536, -1,
          542, 543, 538, -1,
          542, 538, 537, -1,
          544, 531, 14, -1,
          545, 540, 541, -1,
          546, 547, 543, -1,
          546, 543, 542, -1,
          548, 547, 546, -1,
          549, 544, 14, -1,
          550, 549, 14, -1,
          551, 550, 14, -1,
          100, 102, 480, -1,
          100, 548, 552, -1,
          100, 552, 553, -1,
          100, 547, 548, -1,
          100, 553, 554, -1,
          100, 554, 555, -1,
          100, 555, 556, -1,
          100, 480, 557, -1,
          100, 557, 558, -1,
          100, 558, 559, -1,
          100, 559, 560, -1,
          100, 560, 561, -1,
          100, 561, 562, -1,
          100, 562, 563, -1,
          100, 563, 564, -1,
          100, 564, 547, -1,
          565, 566, 551, -1,
          567, 551, 14, -1,
          567, 14, 16, -1,
          568, 567, 16, -1,
          569, 568, 16, -1,
          570, 569, 16, -1,
          571, 572, 573, -1,
          98, 566, 565, -1,
          98, 565, 574, -1,
          98, 574, 575, -1,
          98, 575, 572, -1,
          98, 556, 576, -1,
          98, 576, 577, -1,
          98, 577, 578, -1,
          98, 578, 579, -1,
          98, 579, 566, -1,
          98, 100, 556, -1,
          580, 572, 571, -1,
          580, 571, 581, -1,
          580, 581, 582, -1,
          583, 584, 585, -1,
          586, 16, 18, -1,
          586, 570, 16, -1,
          586, 585, 570, -1,
          587, 585, 586, -1,
          588, 586, 18, -1,
          589, 588, 18, -1,
          590, 589, 18, -1,
          591, 587, 586, -1,
          592, 591, 586, -1,
          593, 590, 594, -1,
          595, 590, 593, -1,
          596, 594, 590, -1,
          597, 590, 595, -1,
          598, 596, 590, -1,
          599, 590, 597, -1,
          600, 590, 18, -1,
          600, 598, 590, -1,
          601, 590, 599, -1,
          602, 600, 18, -1,
          603, 590, 601, -1,
          604, 602, 18, -1,
          605, 604, 18, -1,
          96, 583, 606, -1,
          96, 606, 607, -1,
          96, 98, 572, -1,
          96, 572, 580, -1,
          96, 584, 583, -1,
          96, 580, 608, -1,
          96, 608, 609, -1,
          96, 609, 584, -1,
          610, 601, 611, -1,
          610, 611, 612, -1,
          610, 603, 601, -1,
          613, 605, 18, -1,
          614, 612, 615, -1,
          614, 615, 616, -1,
          617, 614, 616, -1,
          617, 616, 618, -1,
          617, 618, 619, -1,
          620, 617, 619, -1,
          620, 619, 621, -1,
          622, 620, 621, -1,
          623, 622, 621, -1,
          624, 622, 623, -1,
          625, 624, 623, -1,
          626, 613, 18, -1,
          627, 18, 20, -1,
          627, 626, 18, -1,
          628, 627, 20, -1,
          629, 630, 631, -1,
          629, 631, 632, -1,
          629, 632, 633, -1,
          629, 633, 634, -1,
          629, 634, 635, -1,
          629, 635, 636, -1,
          629, 636, 637, -1,
          629, 637, 638, -1,
          629, 638, 639, -1,
          629, 639, 640, -1,
          629, 640, 641, -1,
          629, 641, 642, -1,
          643, 628, 644, -1,
          645, 628, 643, -1,
          646, 644, 628, -1,
          647, 628, 645, -1,
          648, 646, 628, -1,
          649, 628, 20, -1,
          649, 648, 628, -1,
          650, 649, 20, -1,
          651, 652, 653, -1,
          654, 650, 20, -1,
          655, 652, 651, -1,
          94, 603, 610, -1,
          94, 607, 603, -1,
          94, 610, 656, -1,
          94, 656, 657, -1,
          94, 657, 630, -1,
          94, 96, 607, -1,
          94, 630, 629, -1,
          658, 654, 20, -1,
          659, 652, 655, -1,
          660, 658, 20, -1,
          661, 652, 659, -1,
          662, 660, 20, -1,
          663, 652, 661, -1,
          664, 662, 20, -1,
          665, 652, 663, -1,
          666, 20, 22, -1,
          666, 664, 20, -1,
          667, 666, 22, -1,
          668, 667, 22, -1,
          669, 668, 22, -1,
          670, 669, 22, -1,
          670, 671, 672, -1,
          670, 672, 673, -1,
          670, 673, 674, -1,
          670, 674, 675, -1,
          670, 675, 669, -1,
          676, 671, 670, -1,
          677, 670, 22, -1,
          678, 677, 22, -1,
          679, 678, 22, -1,
          92, 652, 665, -1,
          92, 629, 680, -1,
          92, 680, 681, -1,
          92, 681, 652, -1,
          92, 665, 682, -1,
          92, 682, 683, -1,
          92, 683, 684, -1,
          92, 684, 685, -1,
          92, 685, 686, -1,
          92, 686, 687, -1,
          92, 94, 629, -1,
          688, 689, 690, -1,
          688, 690, 691, -1,
          688, 691, 692, -1,
          688, 692, 693, -1,
          688, 693, 694, -1,
          688, 694, 695, -1,
          688, 695, 676, -1,
          696, 697, 679, -1,
          698, 699, 700, -1,
          701, 702, 696, -1,
          701, 22, 24, -1,
          701, 679, 22, -1,
          701, 696, 679, -1,
          703, 698, 700, -1,
          704, 701, 24, -1,
          705, 704, 24, -1,
          706, 705, 24, -1,
          707, 702, 701, -1,
          708, 706, 24, -1,
          709, 706, 708, -1,
          710, 703, 711, -1,
          710, 698, 703, -1,
          712, 709, 713, -1,
          714, 708, 24, -1,
          90, 688, 715, -1,
          90, 715, 716, -1,
          90, 716, 698, -1,
          90, 92, 687, -1,
          90, 698, 710, -1,
          90, 687, 717, -1,
          90, 717, 718, -1,
          90, 718, 689, -1,
          90, 689, 688, -1,
          719, 24, 26, -1,
          719, 714, 24, -1,
          720, 712, 713, -1,
          720, 713, 721, -1,
          720, 721, 722, -1,
          723, 719, 26, -1,
          724, 725, 726, -1,
          724, 726, 727, -1,
          724, 727, 728, -1,
          28, 723, 26, -1,
          28, 728, 723, -1,
          88, 712, 720, -1,
          88, 90, 710, -1,
          88, 720, 729, -1,
          88, 729, 730, -1,
          88, 730, 724, -1,
          88, 710, 731, -1,
          88, 731, 732, -1,
          88, 732, 712, -1,
          86, 88, 724, -1,
          86, 724, 728, -1,
          84, 28, 31, -1,
          84, 728, 28, -1,
          84, 86, 728, -1,
          82, 84, 31, -1,
          80, 31, 32, -1,
          80, 32, 35, -1,
          80, 82, 31, -1,
          733, 35, 36, -1,
          733, 734, 35, -1,
          735, 35, 734, -1,
          736, 35, 735, -1,
          737, 733, 36, -1,
          738, 35, 736, -1,
          739, 737, 36, -1,
          740, 35, 738, -1,
          741, 739, 36, -1,
          742, 741, 36, -1,
          743, 742, 36, -1,
          744, 743, 36, -1,
          745, 744, 36, -1,
          76, 35, 740, -1,
          76, 740, 746, -1,
          76, 746, 747, -1,
          76, 747, 748, -1,
          76, 80, 35, -1,
          79, 76, 748, -1,
          79, 748, 749, -1,
          79, 749, 750, -1,
          79, 750, 751, -1,
          79, 751, 752, -1,
          79, 752, 753, -1,
          79, 753, 754, -1,
          79, 754, 755, -1,
          712, 706, 709, -1,
          670, 688, 676, -1,
          652, 628, 653, -1,
          653, 628, 647, -1,
          614, 610, 612, -1,
          584, 570, 585, -1,
          567, 565, 551, -1,
          435, 419, 420, -1,
          435, 420, 436, -1,
          756, 745, 36, -1,
          757, 756, 36, -1,
          758, 757, 36, -1,
          759, 758, 36, -1,
          760, 759, 36, -1,
          761, 762, 763, -1,
          764, 763, 765, -1,
          764, 761, 763, -1,
          766, 765, 760, -1,
          766, 764, 765, -1,
          767, 760, 36, -1,
          767, 766, 760, -1,
          768, 767, 36, -1,
          769, 768, 36, -1,
          770, 771, 772, -1,
          770, 772, 773, -1,
          774, 769, 36, -1,
          775, 36, 776, -1,
          775, 774, 36, -1,
          777, 771, 770, -1,
          778, 775, 776, -1,
          779, 778, 776, -1,
          780, 779, 776, -1,
          781, 780, 776, -1,
          782, 781, 776, -1,
          783, 782, 776, -1,
          784, 785, 786, -1,
          787, 788, 789, -1,
          787, 789, 785, -1,
          787, 785, 784, -1,
          790, 771, 777, -1,
          790, 786, 771, -1,
          790, 784, 786, -1,
          791, 788, 787, -1,
          791, 792, 788, -1,
          793, 790, 777, -1,
          793, 777, 794, -1,
          795, 793, 794, -1,
          796, 792, 791, -1,
          796, 755, 792, -1,
          797, 795, 794, -1,
          797, 794, 798, -1,
          799, 755, 796, -1,
          800, 798, 801, -1,
          800, 801, 802, -1,
          800, 797, 798, -1,
          803, 800, 802, -1,
          803, 802, 804, -1,
          805, 803, 804, -1,
          805, 804, 806, -1,
          807, 808, 809, -1,
          807, 809, 810, -1,
          811, 805, 806, -1,
          811, 806, 812, -1,
          811, 812, 813, -1,
          814, 807, 810, -1,
          814, 810, 815, -1,
          816, 814, 815, -1,
          816, 815, 817, -1,
          818, 811, 813, -1,
          819, 816, 817, -1,
          79, 755, 799, -1,
          820, 816, 819, -1,
          821, 818, 813, -1,
          821, 813, 822, -1,
          823, 816, 820, -1,
          824, 79, 799, -1,
          825, 816, 823, -1,
          826, 821, 822, -1,
          826, 822, 827, -1,
          828, 79, 824, -1,
          829, 826, 827, -1,
          829, 827, 830, -1,
          831, 79, 828, -1,
          832, 829, 830, -1,
          833, 783, 776, -1,
          833, 834, 835, -1,
          833, 835, 836, -1,
          833, 836, 783, -1,
          837, 834, 833, -1,
          837, 838, 839, -1,
          837, 839, 834, -1,
          840, 825, 841, -1,
          840, 816, 825, -1,
          840, 79, 831, -1,
          842, 833, 776, -1,
          843, 842, 776, -1,
          844, 845, 846, -1,
          847, 846, 845, -1,
          848, 847, 845, -1,
          849, 843, 776, -1,
          850, 848, 845, -1,
          850, 845, 832, -1,
          851, 849, 776, -1,
          852, 850, 832, -1,
          852, 832, 830, -1,
          852, 830, 853, -1,
          854, 851, 776, -1,
          855, 856, 857, -1,
          858, 776, 859, -1,
          858, 854, 776, -1,
          860, 852, 853, -1,
          861, 856, 855, -1,
          861, 841, 862, -1,
          861, 862, 863, -1,
          861, 863, 864, -1,
          861, 864, 865, -1,
          861, 865, 866, -1,
          861, 866, 856, -1,
          867, 860, 853, -1,
          867, 853, 838, -1,
          868, 867, 838, -1,
          868, 838, 837, -1,
          869, 870, 858, -1,
          871, 868, 837, -1,
          872, 873, 874, -1,
          875, 872, 874, -1,
          875, 874, 876, -1,
          875, 876, 877, -1,
          875, 877, 878, -1,
          879, 871, 837, -1,
          880, 875, 878, -1,
          881, 875, 880, -1,
          882, 879, 837, -1,
          883, 858, 859, -1,
          883, 869, 858, -1,
          884, 841, 861, -1,
          884, 840, 841, -1,
          885, 875, 881, -1,
          886, 882, 837, -1,
          887, 875, 885, -1,
          887, 885, 888, -1,
          889, 890, 891, -1,
          889, 891, 886, -1,
          889, 886, 837, -1,
          892, 890, 889, -1,
          893, 883, 859, -1,
          894, 889, 837, -1,
          895, 892, 889, -1,
          896, 897, 898, -1,
          896, 898, 899, -1,
          900, 894, 837, -1,
          900, 901, 894, -1,
          900, 837, 902, -1,
          900, 902, 903, -1,
          904, 897, 896, -1,
          904, 905, 897, -1,
          906, 901, 900, -1,
          907, 905, 904, -1,
          907, 888, 908, -1,
          907, 908, 909, -1,
          907, 909, 910, -1,
          907, 887, 888, -1,
          907, 910, 905, -1,
          911, 912, 913, -1,
          911, 913, 914, -1,
          915, 887, 907, -1,
          916, 917, 918, -1,
          919, 906, 900, -1,
          919, 917, 916, -1,
          919, 900, 917, -1,
          920, 916, 918, -1,
          920, 918, 911, -1,
          921, 906, 919, -1,
          922, 920, 911, -1,
          923, 922, 911, -1,
          924, 906, 921, -1,
          925, 923, 911, -1,
          926, 925, 911, -1,
          927, 915, 928, -1,
          927, 928, 929, -1,
          927, 929, 930, -1,
          927, 884, 931, -1,
          927, 840, 884, -1,
          927, 931, 932, -1,
          927, 932, 887, -1,
          927, 79, 840, -1,
          927, 887, 915, -1,
          933, 930, 906, -1,
          933, 906, 924, -1,
          934, 926, 911, -1,
          935, 911, 914, -1,
          935, 934, 911, -1,
          936, 937, 938, -1,
          939, 936, 938, -1,
          940, 935, 914, -1,
          941, 939, 942, -1,
          941, 936, 939, -1,
          943, 941, 942, -1,
          944, 941, 943, -1,
          945, 940, 914, -1,
          946, 941, 944, -1,
          947, 941, 946, -1,
          948, 927, 930, -1,
          948, 930, 933, -1,
          949, 945, 914, -1,
          950, 893, 951, -1,
          952, 951, 893, -1,
          952, 893, 859, -1,
          953, 941, 947, -1,
          954, 893, 950, -1,
          955, 952, 859, -1,
          956, 955, 859, -1,
          957, 893, 954, -1,
          957, 914, 893, -1,
          958, 927, 948, -1,
          959, 956, 859, -1,
          960, 914, 957, -1,
          961, 949, 914, -1,
          962, 959, 859, -1,
          963, 962, 859, -1,
          964, 963, 859, -1,
          965, 941, 953, -1,
          965, 953, 966, -1,
          967, 968, 969, -1,
          967, 969, 970, -1,
          971, 961, 914, -1,
          971, 972, 973, -1,
          971, 973, 974, -1,
          971, 974, 961, -1,
          975, 964, 859, -1,
          976, 970, 977, -1,
          976, 967, 970, -1,
          978, 977, 979, -1,
          978, 976, 977, -1,
          980, 859, 981, -1,
          980, 975, 859, -1,
          982, 978, 979, -1,
          983, 972, 971, -1,
          984, 978, 982, -1,
          985, 980, 981, -1,
          986, 978, 984, -1,
          987, 914, 960, -1,
          987, 988, 971, -1,
          987, 971, 914, -1,
          989, 978, 986, -1,
          990, 988, 987, -1,
          991, 985, 981, -1,
          992, 993, 994, -1,
          995, 993, 992, -1,
          996, 991, 981, -1,
          997, 990, 987, -1,
          998, 993, 995, -1,
          998, 999, 1000, -1,
          998, 1000, 1001, -1,
          998, 1001, 1002, -1,
          998, 1002, 1003, -1,
          998, 1003, 993, -1,
          1004, 989, 1005, -1,
          1004, 978, 989, -1,
          1006, 1007, 1008, -1,
          1009, 1008, 1007, -1,
          1010, 1009, 1007, -1,
          1011, 965, 966, -1,
          1011, 966, 999, -1,
          1011, 999, 998, -1,
          1012, 1010, 1007, -1,
          1012, 1007, 1013, -1,
          1014, 997, 987, -1,
          1015, 1014, 987, -1,
          1016, 997, 1014, -1,
          1017, 1013, 996, -1,
          1017, 1012, 1013, -1,
          1018, 987, 1019, -1,
          1018, 1015, 987, -1,
          1020, 1021, 1022, -1,
          1023, 997, 1016, -1,
          1024, 1019, 1025, -1,
          1024, 1018, 1019, -1,
          1026, 996, 981, -1,
          1026, 1017, 996, -1,
          1027, 997, 1023, -1,
          1028, 1021, 1020, -1,
          1028, 1005, 1029, -1,
          1028, 1029, 1030, -1,
          1028, 1030, 1031, -1,
          1028, 1031, 1032, -1,
          1028, 1032, 1033, -1,
          1028, 1033, 1021, -1,
          1034, 1024, 1025, -1,
          1035, 1026, 981, -1,
          1036, 1025, 1004, -1,
          1036, 1034, 1025, -1,
          1037, 997, 1027, -1,
          1038, 1035, 981, -1,
          1039, 1036, 1004, -1,
          1040, 997, 1037, -1,
          1041, 1038, 981, -1,
          1042, 1043, 1044, -1,
          1045, 1039, 1004, -1,
          1046, 1044, 1047, -1,
          1046, 1047, 1048, -1,
          1046, 1048, 1049, -1,
          1046, 1042, 1044, -1,
          1050, 1041, 981, -1,
          1051, 1046, 1049, -1,
          1052, 1040, 1037, -1,
          1053, 1046, 1051, -1,
          1054, 1050, 981, -1,
          1055, 1045, 1004, -1,
          1056, 1004, 1005, -1,
          1056, 1005, 1028, -1,
          1056, 1055, 1004, -1,
          1057, 1046, 1053, -1,
          1058, 1040, 1052, -1,
          1059, 1055, 1056, -1,
          1060, 1059, 1056, -1,
          1061, 1040, 1058, -1,
          1062, 1060, 1056, -1,
          1063, 1040, 1061, -1,
          1064, 1062, 1056, -1,
          1065, 1057, 1066, -1,
          1065, 1046, 1057, -1,
          1067, 1068, 1069, -1,
          1067, 1069, 1070, -1,
          1067, 1054, 981, -1,
          1067, 1070, 1054, -1,
          1071, 1068, 1067, -1,
          1072, 1040, 1063, -1,
          1073, 1064, 1056, -1,
          1073, 1056, 1074, -1,
          1075, 927, 958, -1,
          1075, 1011, 1076, -1,
          1075, 1076, 1077, -1,
          1075, 1040, 1072, -1,
          1075, 1077, 1040, -1,
          1075, 965, 1011, -1,
          1075, 958, 1078, -1,
          1075, 1078, 965, -1,
          1079, 1067, 981, -1,
          1080, 1071, 1067, -1,
          1081, 1075, 1072, -1,
          1082, 1073, 1074, -1,
          1082, 1074, 1083, -1,
          1084, 1079, 981, -1,
          1085, 1075, 1081, -1,
          1086, 1087, 1088, -1,
          1086, 1088, 1089, -1,
          1090, 1083, 1065, -1,
          1090, 1082, 1083, -1,
          1091, 1087, 1086, -1,
          1091, 1092, 1087, -1,
          1093, 1084, 981, -1,
          1094, 1075, 1085, -1,
          1095, 1065, 1066, -1,
          1095, 1066, 1096, -1,
          1095, 1096, 1097, -1,
          1095, 1097, 1098, -1,
          1095, 1098, 1092, -1,
          1095, 1092, 1091, -1,
          1099, 1090, 1065, -1,
          1100, 1075, 1094, -1,
          1101, 1099, 1065, -1,
          1102, 1075, 1100, -1,
          1103, 1075, 1102, -1,
          1104, 1065, 1095, -1,
          1105, 1093, 1106, -1,
          1107, 1106, 1093, -1,
          1108, 1093, 1105, -1,
          1109, 1107, 1093, -1,
          1110, 1109, 1093, -1,
          1111, 1093, 1108, -1,
          1112, 1110, 1093, -1,
          1113, 1093, 1111, -1,
          1114, 1093, 1113, -1,
          1115, 1112, 1093, -1,
          1115, 1093, 981, -1,
          1116, 1117, 1101, -1,
          1116, 1101, 1065, -1,
          1118, 1116, 1065, -1,
          1118, 1065, 1104, -1,
          1119, 1117, 1116, -1,
          1119, 1120, 1117, -1,
          1121, 1118, 1104, -1,
          1122, 1115, 981, -1,
          1123, 1120, 1119, -1,
          1124, 1121, 1104, -1,
          1125, 1120, 1123, -1,
          1125, 1126, 1120, -1,
          1127, 981, 1128, -1,
          1127, 1122, 981, -1,
          1129, 1104, 1130, -1,
          1129, 1124, 1104, -1,
          1131, 1130, 1132, -1,
          1131, 1129, 1130, -1,
          1133, 1134, 1126, -1,
          1133, 1126, 1125, -1,
          1135, 1136, 1137, -1,
          1135, 1137, 1138, -1,
          1139, 1127, 1128, -1,
          1140, 1138, 1141, -1,
          1140, 1135, 1138, -1,
          1142, 1132, 1114, -1,
          1142, 1131, 1132, -1,
          1143, 1141, 1144, -1,
          1143, 1140, 1141, -1,
          1145, 1139, 1128, -1,
          1146, 1143, 1144, -1,
          1147, 1143, 1146, -1,
          1148, 1145, 1128, -1,
          1149, 1142, 1114, -1,
          1150, 1143, 1147, -1,
          1151, 1114, 1113, -1,
          1152, 1153, 1154, -1,
          1152, 1154, 1134, -1,
          1152, 1134, 1133, -1,
          1155, 1143, 1150, -1,
          1156, 1148, 1128, -1,
          1157, 1149, 1114, -1,
          1157, 1114, 1151, -1,
          1158, 1156, 1128, -1,
          1159, 1153, 1152, -1,
          1159, 1160, 1153, -1,
          1161, 1157, 1151, -1,
          1162, 1161, 1151, -1,
          1163, 1160, 1159, -1,
          1163, 1164, 1160, -1,
          1165, 1162, 1151, -1,
          1166, 1143, 1155, -1,
          1166, 1155, 1167, -1,
          1168, 1151, 1169, -1,
          1168, 1165, 1151, -1,
          1170, 1169, 1171, -1,
          1170, 1168, 1169, -1,
          1172, 1173, 1174, -1,
          1175, 1174, 1173, -1,
          1176, 1175, 1173, -1,
          1177, 1176, 1173, -1,
          1177, 1173, 1178, -1,
          1179, 1177, 1178, -1,
          1179, 1178, 1158, -1,
          1180, 1181, 1182, -1,
          1183, 1171, 1166, -1,
          1183, 1170, 1171, -1,
          1184, 1158, 1128, -1,
          1184, 1179, 1158, -1,
          1185, 1167, 1186, -1,
          1185, 1186, 1187, -1,
          1185, 1187, 1188, -1,
          1185, 1188, 1189, -1,
          1185, 1189, 1190, -1,
          1185, 1190, 1181, -1,
          1185, 1181, 1180, -1,
          1191, 1184, 1128, -1,
          1192, 1183, 1166, -1,
          1193, 1191, 1128, -1,
          1194, 1192, 1166, -1,
          1195, 1196, 1197, -1,
          1198, 1195, 1197, -1,
          1198, 1197, 1199, -1,
          1198, 1199, 1200, -1,
          1198, 1200, 1201, -1,
          1202, 1194, 1166, -1,
          1203, 1198, 1201, -1,
          1204, 1198, 1203, -1,
          1205, 1202, 1166, -1,
          1205, 1166, 1167, -1,
          1205, 1206, 1202, -1,
          1205, 1167, 1185, -1,
          1207, 1198, 1204, -1,
          1208, 1193, 1128, -1,
          1208, 1209, 1210, -1,
          1208, 1210, 1211, -1,
          1208, 1211, 1193, -1,
          1212, 1075, 1103, -1,
          1212, 1163, 1213, -1,
          1212, 1213, 1214, -1,
          1212, 1214, 1215, -1,
          1212, 1215, 1216, -1,
          1212, 1216, 1217, -1,
          1212, 1217, 1218, -1,
          1212, 1218, 1219, -1,
          1212, 1219, 1220, -1,
          1212, 1164, 1163, -1,
          1212, 1103, 1221, -1,
          1212, 1221, 1222, -1,
          1212, 1222, 1223, -1,
          1212, 1223, 1224, -1,
          1212, 1224, 1225, -1,
          1212, 1225, 1226, -1,
          1212, 1226, 1164, -1,
          1227, 1209, 1208, -1,
          1227, 1228, 1209, -1,
          1229, 1212, 1220, -1,
          1230, 1212, 1229, -1,
          1231, 1198, 1207, -1,
          1231, 1207, 1232, -1,
          1233, 1228, 1227, -1,
          1233, 1234, 1235, -1,
          1233, 1235, 1228, -1,
          1236, 1128, 1237, -1,
          1236, 1208, 1128, -1,
          1238, 1234, 1233, -1,
          1239, 1212, 1230, -1,
          1240, 1208, 1236, -1,
          1241, 1233, 1227, -1,
          1242, 1238, 1233, -1,
          1243, 1236, 1237, -1,
          1244, 1206, 1205, -1,
          1244, 1205, 1245, -1,
          1244, 1245, 1246, -1,
          1244, 1247, 1206, -1,
          1248, 1241, 1227, -1,
          1249, 1244, 1246, -1,
          1250, 1243, 1237, -1,
          1251, 1252, 1253, -1,
          1251, 1253, 1254, -1,
          1255, 1249, 1246, -1,
          1255, 1246, 1231, -1,
          1256, 1252, 1251, -1,
          1256, 1257, 1252, -1,
          1258, 1248, 1227, -1,
          1259, 1257, 1256, -1,
          1259, 1232, 1260, -1,
          1259, 1260, 1261, -1,
          1259, 1261, 1262, -1,
          1259, 1262, 1257, -1,
          1259, 1231, 1232, -1,
          1263, 1250, 1237, -1,
          1264, 1255, 1231, -1,
          1265, 1247, 1244, -1,
          1265, 1266, 1267, -1,
          1265, 1267, 1268, -1,
          1265, 1268, 1247, -1,
          1269, 1240, 1236, -1,
          1270, 1265, 1244, -1,
          1271, 1266, 1265, -1,
          1271, 1272, 1273, -1,
          1271, 1273, 1274, -1,
          1271, 1274, 1266, -1,
          1275, 1258, 1227, -1,
          1276, 1270, 1244, -1,
          1277, 1258, 1275, -1,
          1278, 1264, 1231, -1,
          1278, 1231, 1259, -1,
          1279, 1276, 1244, -1,
          1280, 1269, 1236, -1,
          1281, 1263, 1237, -1,
          1282, 1275, 1283, -1,
          1284, 1285, 1258, -1,
          1284, 1258, 1277, -1,
          1286, 1258, 1285, -1,
          1287, 1284, 1277, -1,
          1288, 1258, 1286, -1,
          1289, 1287, 1277, -1,
          1290, 1281, 1237, -1,
          1291, 1258, 1288, -1,
          1292, 1289, 1277, -1,
          1293, 1272, 1271, -1,
          1293, 1271, 1294, -1,
          1293, 1294, 1295, -1,
          1293, 1295, 1296, -1,
          1293, 1297, 1272, -1,
          1298, 1292, 1277, -1,
          1298, 1277, 1299, -1,
          1300, 1301, 1291, -1,
          1302, 1298, 1299, -1,
          1303, 1290, 1237, -1,
          1304, 1301, 1300, -1,
          1305, 1302, 1299, -1,
          1306, 1282, 1307, -1,
          1308, 1301, 1304, -1,
          1309, 1305, 1299, -1,
          1309, 1299, 1310, -1,
          1311, 1312, 1313, -1,
          1314, 1303, 1237, -1,
          1315, 1301, 1308, -1,
          1316, 1311, 1313, -1,
          1317, 1309, 1310, -1,
          1318, 1301, 1315, -1,
          1319, 1316, 1313, -1,
          1319, 1320, 1316, -1,
          1319, 1313, 1321, -1,
          1322, 1323, 1324, -1,
          1325, 1319, 1321, -1,
          1325, 1321, 1326, -1,
          1327, 1317, 1310, -1,
          1328, 1325, 1326, -1,
          1329, 1327, 1310, -1,
          1330, 1326, 1331, -1,
          1330, 1328, 1326, -1,
          1332, 1327, 1329, -1,
          1333, 1331, 1334, -1,
          1333, 1330, 1331, -1,
          1335, 1306, 1336, -1,
          1337, 1334, 1338, -1,
          1337, 1333, 1334, -1,
          1339, 1332, 1329, -1,
          1340, 1338, 1341, -1,
          1340, 1337, 1338, -1,
          1342, 1336, 1263, -1,
          1342, 1263, 1281, -1,
          1342, 1335, 1336, -1,
          1343, 1339, 1329, -1,
          1344, 1341, 1345, -1,
          1344, 1340, 1341, -1,
          1346, 1343, 1329, -1,
          1347, 1345, 1348, -1,
          1347, 1344, 1345, -1,
          1349, 1347, 1348, -1,
          1349, 1348, 1350, -1,
          1351, 1352, 1353, -1,
          1351, 1353, 1301, -1,
          1354, 1349, 1350, -1,
          1354, 1350, 1355, -1,
          1356, 1354, 1355, -1,
          1357, 1351, 1301, -1,
          1357, 1301, 1318, -1,
          1357, 1318, 1358, -1,
          1359, 1314, 1237, -1,
          1360, 1323, 1322, -1,
          1360, 1297, 1293, -1,
          1360, 1293, 1361, -1,
          1360, 1361, 1362, -1,
          1360, 1362, 1323, -1,
          1360, 1322, 1363, -1,
          1360, 1239, 1364, -1,
          1360, 1364, 1365, -1,
          1360, 1365, 1297, -1,
          1360, 1212, 1239, -1,
          1366, 1360, 1363, -1,
          1367, 1355, 1368, -1,
          1367, 1356, 1355, -1,
          1369, 1367, 1368, -1,
          1369, 1368, 1370, -1,
          1371, 1342, 1372, -1,
          1371, 1372, 1373, -1,
          1371, 1373, 1374, -1,
          1371, 1335, 1342, -1,
          1375, 1369, 1370, -1,
          1375, 1370, 1376, -1,
          1377, 1351, 1357, -1,
          1377, 1366, 1351, -1,
          1378, 1375, 1376, -1,
          1379, 1380, 1381, -1,
          1379, 1381, 1382, -1,
          1383, 1376, 1380, -1,
          1383, 1378, 1376, -1,
          1384, 1380, 1379, -1,
          1385, 1383, 1380, -1,
          1385, 1380, 1384, -1,
          1386, 1335, 1371, -1,
          1387, 1335, 1386, -1,
          1387, 1379, 1382, -1,
          1388, 1357, 1358, -1,
          1388, 1358, 1389, -1,
          1388, 1389, 1390, -1,
          1391, 1366, 1377, -1,
          1392, 1379, 1387, -1,
          1393, 1394, 1314, -1,
          1393, 1314, 1359, -1,
          1395, 1388, 1390, -1,
          1395, 1390, 1396, -1,
          1395, 1396, 1397, -1,
          1398, 1399, 1374, -1,
          1400, 1394, 1393, -1,
          1401, 1394, 1400, -1,
          1402, 1392, 1387, -1,
          1402, 1387, 1386, -1,
          1403, 1393, 1359, -1,
          1404, 1405, 1406, -1,
          1404, 1406, 1407, -1,
          1404, 1407, 1408, -1,
          1404, 1408, 1409, -1,
          1404, 1409, 1410, -1,
          1411, 1403, 1359, -1,
          1412, 1405, 1404, -1,
          1413, 1395, 1397, -1,
          1413, 1405, 1412, -1,
          1413, 1397, 1405, -1,
          1414, 1411, 1359, -1,
          1415, 1392, 1402, -1,
          1416, 1410, 1417, -1,
          1416, 1417, 1418, -1,
          1416, 1418, 1419, -1,
          1416, 1419, 1420, -1,
          1416, 1404, 1410, -1,
          1421, 1398, 1422, -1,
          1421, 1422, 1423, -1,
          1421, 1423, 1424, -1,
          1425, 1426, 1427, -1,
          1428, 1413, 1412, -1,
          1428, 1429, 1413, -1,
          1430, 1413, 1429, -1,
          1431, 1428, 1412, -1,
          1432, 1413, 1430, -1,
          1433, 1431, 1412, -1,
          1434, 1435, 1413, -1,
          1434, 1413, 1432, -1,
          1436, 1433, 1412, -1,
          1437, 1412, 1438, -1,
          1437, 1436, 1412, -1,
          1439, 1435, 1434, -1,
          1440, 1437, 1438, -1,
          1441, 1435, 1439, -1,
          1442, 1440, 1438, -1,
          1443, 1427, 1444, -1,
          1443, 1425, 1427, -1,
          1445, 1420, 1446, -1,
          1445, 1446, 1392, -1,
          1445, 1392, 1415, -1,
          1445, 1416, 1420, -1,
          1445, 1415, 1447, -1,
          1448, 1435, 1441, -1,
          1449, 1438, 1450, -1,
          1449, 1442, 1438, -1,
          1451, 1452, 1453, -1,
          1454, 1451, 1453, -1,
          1455, 1449, 1450, -1,
          1456, 1424, 1457, -1,
          1458, 1454, 1453, -1,
          1458, 1459, 1454, -1,
          1458, 1453, 1460, -1,
          1461, 1458, 1460, -1,
          1461, 1460, 1462, -1,
          1463, 1455, 1450, -1,
          1464, 1461, 1462, -1,
          1465, 1463, 1450, -1,
          1466, 1443, 1444, -1,
          1467, 1466, 1444, -1,
          1468, 1464, 1462, -1,
          1468, 1462, 1469, -1,
          1470, 1463, 1465, -1,
          1471, 1468, 1469, -1,
          1471, 1469, 1472, -1,
          1473, 1445, 1447, -1,
          1473, 1447, 1474, -1,
          1473, 1474, 1475, -1,
          1476, 1473, 1475, -1,
          1477, 1471, 1472, -1,
          1477, 1472, 1478, -1,
          1479, 1470, 1465, -1,
          1480, 1477, 1478, -1,
          1480, 1478, 1481, -1,
          1482, 1473, 1476, -1,
          1483, 1484, 1485, -1,
          1486, 1466, 1467, -1,
          1487, 1479, 1465, -1,
          1488, 1480, 1481, -1,
          1488, 1481, 1489, -1,
          1490, 1487, 1465, -1,
          1491, 1488, 1489, -1,
          1491, 1489, 1492, -1,
          1493, 1485, 1414, -1,
          1494, 1491, 1492, -1,
          1494, 1492, 1495, -1,
          1496, 1457, 1497, -1,
          1496, 1497, 1498, -1,
          1496, 1498, 1484, -1,
          1496, 1467, 1456, -1,
          1496, 1456, 1457, -1,
          1499, 1493, 1414, -1,
          1499, 1414, 1359, -1,
          1500, 1494, 1495, -1,
          1500, 1495, 1501, -1,
          1502, 1500, 1501, -1,
          1503, 1467, 1496, -1,
          1504, 1501, 1505, -1,
          1504, 1502, 1501, -1,
          1506, 1505, 1507, -1,
          1506, 1504, 1505, -1,
          1508, 1499, 1359, -1,
          1508, 1509, 1499, -1,
          1510, 1435, 1448, -1,
          1510, 1391, 1511, -1,
          1510, 1511, 1435, -1,
          1510, 1448, 1512, -1,
          1510, 1512, 1513, -1,
          1510, 1513, 1514, -1,
          1510, 1514, 1515, -1,
          1510, 1515, 1516, -1,
          1510, 1516, 1517, -1,
          1510, 1517, 1518, -1,
          1510, 1518, 1519, -1,
          1510, 1360, 1366, -1,
          1510, 1366, 1391, -1,
          1520, 1507, 1521, -1,
          1520, 1506, 1507, -1,
          1522, 1493, 1499, -1,
          1523, 1520, 1521, -1,
          1524, 1509, 1508, -1,
          1525, 1526, 1527, -1,
          1525, 1527, 1528, -1,
          1529, 1510, 1519, -1,
          1530, 1521, 1526, -1,
          1530, 1523, 1521, -1,
          1531, 1486, 1467, -1,
          1531, 1467, 1503, -1,
          1532, 1526, 1525, -1,
          1533, 1530, 1526, -1,
          1533, 1526, 1532, -1,
          1534, 1525, 1528, -1,
          1534, 1473, 1482, -1,
          1535, 1510, 1529, -1,
          1536, 1524, 1508, -1,
          1537, 1538, 1486, -1,
          1537, 1486, 1531, -1,
          1539, 1510, 1535, -1,
          1540, 1534, 1482, -1,
          1540, 1482, 1541, -1,
          1540, 1541, 1538, -1,
          1542, 1483, 1543, -1,
          1542, 1484, 1483, -1,
          1542, 1496, 1484, -1,
          1544, 1522, 1499, -1,
          1545, 1525, 1534, -1,
          1546, 1540, 1538, -1,
          1547, 1531, 1503, -1,
          1548, 1546, 1538, -1,
          1548, 1538, 1537, -1,
          1549, 1548, 1537, -1,
          1550, 1545, 1534, -1,
          1550, 1534, 1540, -1,
          1551, 1531, 1547, -1,
          1552, 1550, 1540, -1,
          1553, 1545, 1550, -1,
          1553, 1554, 1555, -1,
          1553, 1555, 1556, -1,
          1553, 1556, 1545, -1,
          1557, 1549, 1537, -1,
          1558, 1552, 1540, -1,
          1559, 1543, 1560, -1,
          1559, 1542, 1543, -1,
          1561, 1558, 1540, -1,
          1562, 1551, 1547, -1,
          1562, 1547, 1563, -1,
          1564, 1560, 1565, -1,
          1564, 1559, 1560, -1,
          1566, 1554, 1553, -1,
          1566, 1553, 1567, -1,
          1566, 1567, 1568, -1,
          1566, 1568, 1569, -1,
          1566, 1570, 1571, -1,
          1566, 1571, 1572, -1,
          1566, 1572, 1554, -1,
          1573, 1564, 1565, -1,
          1574, 1564, 1575, -1,
          1574, 1559, 1564, -1,
          1576, 1573, 1565, -1,
          1577, 1536, 1508, -1,
          1578, 1576, 1565, -1,
          1579, 1575, 1580, -1,
          1579, 1574, 1575, -1,
          1581, 1563, 1582, -1,
          1581, 1562, 1563, -1,
          1583, 1580, 1584, -1,
          1583, 1584, 1585, -1,
          1583, 1579, 1580, -1,
          1586, 1582, 1574, -1,
          1586, 1574, 1579, -1,
          1586, 1581, 1582, -1,
          1587, 1588, 1589, -1,
          1590, 1578, 1565, -1,
          1590, 1591, 1592, -1,
          1590, 1592, 1593, -1,
          1590, 1593, 1578, -1,
          1594, 1585, 1595, -1,
          1594, 1595, 1596, -1,
          1594, 1596, 1597, -1,
          1594, 1597, 1598, -1,
          1594, 1583, 1585, -1,
          1599, 1594, 1598, -1,
          1599, 1598, 1600, -1,
          1601, 1581, 1586, -1,
          1601, 1586, 1602, -1,
          1603, 1508, 1604, -1,
          1603, 1577, 1508, -1,
          1605, 1591, 1590, -1,
          1606, 1594, 1599, -1,
          1607, 1577, 1603, -1,
          1608, 1605, 1590, -1,
          1609, 1594, 1606, -1,
          1610, 1604, 1508, -1,
          1611, 1608, 1590, -1,
          1612, 1611, 1590, -1,
          1613, 1610, 1508, -1,
          1614, 1612, 1590, -1,
          1614, 1590, 1615, -1,
          1616, 1617, 1618, -1,
          1616, 1557, 1617, -1,
          1619, 1557, 1616, -1,
          1620, 1618, 1617, -1,
          1621, 1557, 1619, -1,
          1622, 1620, 1617, -1,
          1623, 1622, 1617, -1,
          1623, 1617, 1601, -1,
          1624, 1625, 1626, -1,
          1624, 1626, 1627, -1,
          1628, 1621, 1629, -1,
          1628, 1629, 1630, -1,
          1628, 1557, 1621, -1,
          1631, 1628, 1630, -1,
          1632, 1623, 1601, -1,
          1633, 1627, 1614, -1,
          1633, 1624, 1627, -1,
          1634, 1628, 1631, -1,
          1635, 1632, 1601, -1,
          1636, 1614, 1615, -1,
          1636, 1615, 1637, -1,
          1636, 1637, 1638, -1,
          1636, 1633, 1614, -1,
          1639, 1628, 1634, -1,
          1640, 1613, 1508, -1,
          1640, 1641, 1642, -1,
          1640, 1642, 1613, -1,
          1643, 1566, 1644, -1,
          1643, 1644, 1645, -1,
          1643, 1645, 1588, -1,
          1643, 1587, 1646, -1,
          1643, 1539, 1647, -1,
          1643, 1647, 1570, -1,
          1643, 1510, 1539, -1,
          1643, 1588, 1587, -1,
          1643, 1570, 1566, -1,
          1648, 1641, 1640, -1,
          1649, 1635, 1601, -1,
          1650, 1651, 1652, -1,
          1650, 1652, 1653, -1,
          1654, 1602, 1655, -1,
          1654, 1655, 1656, -1,
          1654, 1601, 1602, -1,
          1654, 1649, 1601, -1,
          1657, 1650, 1653, -1,
          1657, 1653, 1658, -1,
          1659, 1648, 1640, -1,
          1660, 1657, 1658, -1,
          1660, 1658, 1661, -1,
          1662, 1649, 1654, -1,
          1663, 1628, 1639, -1,
          1663, 1639, 1664, -1,
          1663, 1664, 1665, -1,
          1663, 1666, 1628, -1,
          1667, 1659, 1640, -1,
          1668, 1661, 1669, -1,
          1668, 1669, 1670, -1,
          1668, 1670, 1671, -1,
          1668, 1660, 1661, -1,
          1672, 1662, 1654, -1,
          1673, 1646, 1666, -1,
          1673, 1643, 1646, -1,
          1673, 1666, 1663, -1,
          1674, 1672, 1654, -1,
          1675, 1676, 1677, -1,
          1675, 1677, 1678, -1,
          1675, 1678, 1679, -1,
          1680, 1642, 1641, -1,
          1681, 1674, 1654, -1,
          1681, 1654, 1682, -1,
          1683, 1668, 1671, -1,
          1683, 1671, 1684, -1,
          1683, 1684, 1685, -1,
          1683, 1685, 1686, -1,
          1683, 1686, 1687, -1,
          1688, 1681, 1682, -1,
          1688, 1682, 1689, -1,
          1690, 1663, 1665, -1,
          1690, 1665, 1691, -1,
          1692, 1688, 1689, -1,
          1692, 1689, 1675, -1,
          1693, 1690, 1691, -1,
          1694, 1692, 1675, -1,
          1695, 1680, 1696, -1,
          1695, 1696, 1697, -1,
          1695, 1636, 1638, -1,
          1695, 1679, 1636, -1,
          1698, 1694, 1675, -1,
          1699, 1700, 1701, -1,
          1699, 1701, 1702, -1,
          1699, 1702, 1703, -1,
          1699, 1703, 1704, -1,
          1699, 1704, 1705, -1,
          1706, 1695, 1697, -1,
          1707, 1698, 1675, -1,
          1708, 1700, 1699, -1,
          1708, 1683, 1687, -1,
          1708, 1687, 1709, -1,
          1708, 1709, 1710, -1,
          1708, 1710, 1700, -1,
          1711, 1707, 1675, -1,
          1712, 1706, 1697, -1,
          1712, 1697, 1713, -1,
          1712, 1713, 1714, -1,
          1715, 1716, 1717, -1,
          1718, 1719, 1693, -1,
          1720, 1715, 1717, -1,
          1720, 1717, 1721, -1,
          1722, 1721, 1723, -1,
          1722, 1720, 1721, -1,
          1724, 1712, 1714, -1,
          1724, 1714, 1725, -1,
          1724, 1725, 1726, -1,
          1724, 1726, 1727, -1,
          1728, 1708, 1699, -1,
          1729, 1722, 1723, -1,
          1730, 1724, 1727, -1,
          1731, 1729, 1723, -1,
          1732, 1667, 1640, -1,
          1733, 1731, 1723, -1,
          1734, 1728, 1699, -1,
          1734, 1699, 1735, -1,
          1736, 1723, 1667, -1,
          1736, 1733, 1723, -1,
          1737, 1732, 1640, -1,
          1738, 1734, 1735, -1,
          1739, 1679, 1695, -1,
          1739, 1711, 1675, -1,
          1739, 1675, 1679, -1,
          1739, 1735, 1740, -1,
          1739, 1740, 1711, -1,
          1741, 1737, 1640, -1,
          1742, 1667, 1732, -1,
          1742, 1736, 1667, -1,
          1743, 1738, 1735, -1,
          1744, 1741, 1640, -1,
          1745, 1742, 1732, -1,
          1746, 1743, 1735, -1,
          1747, 1746, 1735, -1,
          1748, 1724, 1730, -1,
          1748, 1730, 1749, -1,
          1748, 1749, 1750, -1,
          1751, 1745, 1732, -1,
          1751, 1752, 1753, -1,
          1751, 1753, 1754, -1,
          1751, 1754, 1745, -1,
          1755, 1752, 1751, -1,
          1756, 1755, 1751, -1,
          1757, 1756, 1751, -1,
          1757, 1751, 1758, -1,
          1759, 1757, 1758, -1,
          1760, 1759, 1758, -1,
          1761, 1748, 1762, -1,
          1763, 1762, 1748, -1,
          1764, 1748, 1750, -1,
          1764, 1763, 1748, -1,
          1764, 1750, 1765, -1,
          1764, 1765, 1766, -1,
          1767, 1764, 1766, -1,
          1767, 1766, 1768, -1,
          1769, 1744, 1640, -1,
          1770, 1673, 1771, -1,
          1770, 1771, 1772, -1,
          1770, 1772, 1773, -1,
          1770, 1643, 1673, -1,
          1774, 1767, 1768, -1,
          1774, 1768, 1775, -1,
          1776, 1777, 1778, -1,
          1779, 1739, 1780, -1,
          1781, 1779, 1780, -1,
          1781, 1780, 1782, -1,
          1783, 1739, 1779, -1,
          1784, 1781, 1782, -1,
          1784, 1782, 1785, -1,
          1786, 1784, 1785, -1,
          1787, 1774, 1775, -1,
          1787, 1775, 1788, -1,
          1789, 1786, 1785, -1,
          1790, 1739, 1783, -1,
          1790, 1791, 1747, -1,
          1790, 1735, 1739, -1,
          1790, 1747, 1735, -1,
          1792, 1789, 1785, -1,
          1793, 1794, 1795, -1,
          1793, 1795, 1744, -1,
          1796, 1788, 1797, -1,
          1796, 1797, 1798, -1,
          1796, 1787, 1788, -1,
          1796, 1798, 1799, -1,
          1800, 1794, 1793, -1,
          1800, 1801, 1802, -1,
          1800, 1802, 1794, -1,
          1803, 1792, 1785, -1,
          1803, 1785, 1777, -1,
          1804, 1790, 1783, -1,
          1804, 1783, 1805, -1,
          1806, 1803, 1777, -1,
          1806, 1777, 1776, -1,
          1807, 1793, 1744, -1,
          1807, 1744, 1769, -1,
          1808, 1770, 1773, -1,
          1808, 1791, 1790, -1,
          1808, 1773, 1791, -1,
          1809, 1801, 1800, -1,
          1809, 1799, 1810, -1,
          1809, 1810, 1801, -1,
          1809, 1796, 1799, -1,
          1811, 1806, 1776, -1,
          1812, 1796, 1809, -1,
          1813, 1807, 1769, -1,
          1814, 1807, 1813, -1,
          1815, 1811, 1776, -1,
          1816, 1805, 1817, -1,
          1816, 1817, 1818, -1,
          1816, 1818, 1819, -1,
          1816, 1819, 1820, -1,
          1816, 1820, 1821, -1,
          1816, 1821, 1822, -1,
          1816, 1822, 1823, -1,
          1816, 1823, 1824, -1,
          1816, 1804, 1805, -1,
          1825, 1815, 1776, -1,
          1826, 1814, 1813, -1,
          1827, 1828, 1829, -1,
          1827, 1829, 1830, -1,
          1831, 1815, 1825, -1,
          1832, 1827, 1830, -1,
          1833, 1831, 1825, -1,
          1834, 1814, 1826, -1,
          1835, 1796, 1812, -1,
          1836, 1824, 1837, -1,
          1836, 1837, 1838, -1,
          1836, 1838, 1839, -1,
          1836, 1839, 1840, -1,
          1836, 1816, 1824, -1,
          1841, 1835, 1812, -1,
          1842, 1800, 1843, -1,
          1842, 1843, 1844, -1,
          1842, 1809, 1800, -1,
          1845, 1832, 1830, -1,
          1845, 1830, 1846, -1,
          1847, 1825, 1848, -1,
          1847, 1833, 1825, -1,
          1849, 1796, 1835, -1,
          1850, 1836, 1840, -1,
          1851, 1813, 1769, -1,
          1852, 1853, 1834, -1,
          1852, 1834, 1826, -1,
          1854, 1847, 1848, -1,
          1854, 1848, 1855, -1,
          1856, 1845, 1846, -1,
          1856, 1846, 1857, -1,
          1858, 1859, 1860, -1,
          1861, 1855, 1859, -1,
          1861, 1854, 1855, -1,
          1862, 1835, 1841, -1,
          1863, 1856, 1857, -1,
          1864, 1861, 1859, -1,
          1865, 1863, 1857, -1,
          1866, 1844, 1853, -1,
          1867, 1853, 1852, -1,
          1868, 1865, 1857, -1,
          1869, 1859, 1858, -1,
          1869, 1864, 1859, -1,
          1870, 1851, 1769, -1,
          1871, 1872, 1873, -1,
          1874, 1860, 1849, -1,
          1874, 1849, 1875, -1,
          1876, 1868, 1857, -1,
          1876, 1857, 1836, -1,
          1877, 1862, 1878, -1,
          1879, 1869, 1858, -1,
          1880, 1876, 1836, -1,
          1880, 1850, 1881, -1,
          1880, 1836, 1850, -1,
          1882, 1880, 1881, -1,
          1882, 1881, 1883, -1,
          1884, 1885, 1886, -1,
          1887, 1883, 1888, -1,
          1887, 1882, 1883, -1,
          1889, 1888, 1890, -1,
          1889, 1890, 1891, -1,
          1889, 1887, 1888, -1,
          1892, 1885, 1884, -1,
          1893, 1873, 1894, -1,
          1893, 1871, 1873, -1,
          1895, 1891, 1896, -1,
          1895, 1889, 1891, -1,
          1897, 1885, 1892, -1,
          1897, 1896, 1885, -1,
          1897, 1895, 1896, -1,
          1898, 1867, 1899, -1,
          1898, 1853, 1867, -1,
          1900, 1875, 1901, -1,
          1902, 1879, 1858, -1,
          1902, 1903, 1904, -1,
          1902, 1904, 1879, -1,
          1905, 1906, 1870, -1,
          1905, 1870, 1769, -1,
          1907, 1770, 1808, -1,
          1907, 1808, 1908, -1,
          1907, 1908, 1909, -1,
          1907, 1909, 1910, -1,
          1907, 1910, 1911, -1,
          1907, 1911, 1912, -1,
          1907, 1912, 1913, -1,
          1907, 1913, 1914, -1,
          1907, 1914, 1915, -1,
          1907, 1915, 1916, -1,
          1917, 1903, 1902, -1,
          1918, 1893, 1894, -1,
          1919, 1918, 1894, -1,
          1920, 1902, 1921, -1,
          1922, 1898, 1899, -1,
          1922, 1899, 1923, -1,
          1922, 1923, 1924, -1,
          1925, 1920, 1921, -1,
          1926, 1922, 1924, -1,
          1926, 1924, 1927, -1,
          1928, 1918, 1919, -1,
          1929, 1926, 1927, -1,
          1930, 1901, 1931, -1,
          1932, 1929, 1927, -1,
          1932, 1927, 1933, -1,
          1932, 1933, 1934, -1,
          1935, 1932, 1934, -1,
          1936, 1906, 1937, -1,
          1936, 1919, 1906, -1,
          1938, 1919, 1936, -1,
          1939, 1937, 1906, -1,
          1940, 1919, 1938, -1,
          1941, 1939, 1906, -1,
          1941, 1906, 1905, -1,
          1942, 1919, 1940, -1,
          1943, 1919, 1942, -1,
          1944, 1941, 1905, -1,
          1945, 1919, 1943, -1,
          1946, 1944, 1905, -1,
          1947, 1946, 1905, -1,
          1948, 1947, 1905, -1,
          1949, 1950, 1951, -1,
          1949, 1951, 1952, -1,
          1953, 1907, 1916, -1,
          1953, 1916, 1954, -1,
          1953, 1954, 1955, -1,
          1953, 1955, 1956, -1,
          1953, 1956, 1957, -1,
          1953, 1957, 1958, -1,
          1953, 1958, 1959, -1,
          1953, 1959, 1917, -1,
          1960, 1949, 1952, -1,
          1960, 1952, 1961, -1,
          1962, 1960, 1961, -1,
          1962, 1961, 1963, -1,
          1964, 1948, 1905, -1,
          1965, 1928, 1919, -1,
          1965, 1945, 1966, -1,
          1965, 1966, 1967, -1,
          1965, 1967, 1968, -1,
          1965, 1968, 1969, -1,
          1965, 1935, 1928, -1,
          1965, 1919, 1945, -1,
          1970, 1963, 1971, -1,
          1970, 1962, 1963, -1,
          1970, 1971, 1972, -1,
          1970, 1972, 1973, -1,
          1974, 1964, 1905, -1,
          1975, 1935, 1965, -1,
          1976, 1974, 1905, -1,
          1977, 1976, 1905, -1,
          1978, 1973, 1979, -1,
          1978, 1979, 1980, -1,
          1978, 1980, 1981, -1,
          1978, 1981, 1982, -1,
          1978, 1970, 1973, -1,
          1983, 1977, 1905, -1,
          1984, 1969, 1985, -1,
          1984, 1965, 1969, -1,
          1986, 1983, 1905, -1,
          1987, 1988, 1989, -1,
          1990, 1984, 1985, -1,
          1991, 1986, 1905, -1,
          1992, 1987, 1989, -1,
          1993, 1994, 1995, -1,
          1993, 1995, 1996, -1,
          1993, 1996, 1997, -1,
          1993, 1997, 1998, -1,
          1993, 1998, 1999, -1,
          2000, 1932, 1935, -1,
          2000, 1935, 1975, -1,
          2001, 1994, 1993, -1,
          2001, 1982, 2002, -1,
          2001, 2002, 2003, -1,
          2001, 2003, 1994, -1,
          2001, 1978, 1982, -1,
          2004, 2005, 1990, -1,
          2006, 1975, 2007, -1,
          2008, 2000, 1975, -1,
          2008, 1975, 2006, -1,
          2009, 2001, 1993, -1,
          2010, 2000, 2008, -1,
          2011, 2006, 2007, -1,
          2012, 2009, 1993, -1,
          2012, 1993, 2013, -1,
          2014, 2011, 2007, -1,
          2015, 2016, 2017, -1,
          2018, 2019, 2020, -1,
          2021, 2019, 2018, -1,
          2021, 2022, 2019, -1,
          2023, 2022, 2021, -1,
          2023, 2013, 2022, -1,
          2024, 2018, 2020, -1,
          2024, 2020, 2025, -1,
          2026, 2013, 2023, -1,
          2027, 1991, 1905, -1,
          2028, 1953, 2029, -1,
          2028, 2029, 2030, -1,
          2028, 2030, 2031, -1,
          2028, 1907, 1953, -1,
          2028, 2031, 2032, -1,
          2033, 2012, 2013, -1,
          2034, 2014, 2035, -1,
          2036, 2024, 2025, -1,
          2037, 2013, 2026, -1,
          2038, 2017, 2039, -1,
          2038, 2015, 2017, -1,
          2040, 1991, 2027, -1,
          2040, 2036, 2025, -1,
          2040, 2025, 1991, -1,
          2041, 2013, 2037, -1,
          2042, 2028, 2032, -1,
          2043, 2040, 2027, -1,
          2044, 2039, 2045, -1,
          2044, 2038, 2039, -1,
          2046, 2043, 2027, -1,
          2047, 2028, 2042, -1,
          2048, 2034, 2035, -1,
          2049, 2013, 2050, -1,
          2051, 2050, 2013, -1,
          2051, 2041, 2052, -1,
          2051, 2013, 2041, -1,
          2053, 2045, 2054, -1,
          2053, 2044, 2045, -1,
          2055, 2013, 2049, -1,
          2056, 2051, 2052, -1,
          2056, 2052, 2057, -1,
          2058, 2033, 2013, -1,
          2058, 2059, 2033, -1,
          2058, 2013, 2055, -1,
          2060, 2046, 2027, -1,
          2061, 2056, 2057, -1,
          2061, 2057, 2062, -1,
          2063, 2059, 2058, -1,
          2063, 2064, 2059, -1,
          2065, 2028, 2047, -1,
          2066, 2067, 2068, -1,
          2066, 2068, 2069, -1,
          2070, 2061, 2062, -1,
          2070, 2062, 2071, -1,
          2072, 2048, 2035, -1,
          2073, 2066, 2069, -1,
          2074, 2075, 2076, -1,
          2074, 2076, 2064, -1,
          2074, 2064, 2063, -1,
          2077, 2073, 2069, -1,
          2077, 2069, 2078, -1,
          2079, 2070, 2071, -1,
          2079, 2071, 2080, -1,
          2081, 2078, 2082, -1,
          2081, 2077, 2078, -1,
          2083, 2079, 2080, -1,
          2084, 2060, 2027, -1,
          2085, 2075, 2074, -1,
          2085, 2086, 2075, -1,
          2087, 2081, 2082, -1,
          2087, 2082, 2088, -1,
          2089, 2086, 2085, -1,
          2090, 2087, 2088, -1,
          2090, 2088, 2091, -1,
          2092, 2084, 2027, -1,
          2093, 2094, 2086, -1,
          2095, 2090, 2091, -1,
          2095, 2091, 2096, -1,
          2097, 2053, 2054, -1,
          2098, 2093, 2086, -1,
          2098, 2086, 2089, -1,
          2099, 2100, 2101, -1,
          2099, 2101, 2102, -1,
          2103, 2092, 2027, -1,
          2104, 2102, 2105, -1,
          2104, 2099, 2102, -1,
          2106, 2095, 2096, -1,
          2106, 2096, 2107, -1,
          2106, 2107, 2108, -1,
          2109, 2053, 2097, -1,
          2110, 2093, 2098, -1,
          2111, 2104, 2105, -1,
          2112, 2103, 2027, -1,
          2113, 2108, 2114, -1,
          2113, 2106, 2108, -1,
          2115, 2105, 2116, -1,
          2115, 2111, 2105, -1,
          2117, 2116, 2118, -1,
          2117, 2115, 2116, -1,
          2119, 2093, 2110, -1,
          2120, 2016, 2015, -1,
          2120, 2065, 2016, -1,
          2121, 2112, 2027, -1,
          2122, 2114, 2123, -1,
          2122, 2113, 2114, -1,
          2124, 2118, 2125, -1,
          2124, 2117, 2118, -1,
          2126, 2123, 2127, -1,
          2126, 2127, 2128, -1,
          2126, 2128, 2129, -1,
          2126, 2129, 2130, -1,
          2126, 2130, 2131, -1,
          2126, 2122, 2123, -1,
          2132, 2124, 2125, -1,
          2132, 2125, 2133, -1,
          2134, 2093, 2119, -1,
          2135, 2121, 2027, -1,
          2136, 2126, 2131, -1,
          2137, 2132, 2133, -1,
          2138, 2135, 2027, -1,
          2139, 2140, 2126, -1,
          2139, 2126, 2136, -1,
          2139, 2136, 2141, -1,
          2142, 2137, 2133, -1,
          2142, 2133, 2143, -1,
          2144, 2143, 2145, -1,
          2144, 2145, 2146, -1,
          2144, 2142, 2143, -1,
          2147, 2034, 2048, -1,
          2148, 2109, 2149, -1,
          2148, 2053, 2109, -1,
          2150, 2097, 2147, -1,
          2151, 2146, 2152, -1,
          2151, 2144, 2146, -1,
          2153, 2152, 2154, -1,
          2153, 2151, 2152, -1,
          2155, 2154, 2140, -1,
          2155, 2153, 2154, -1,
          2156, 2155, 2140, -1,
          2157, 2156, 2140, -1,
          2158, 2157, 2140, -1,
          2159, 2158, 2140, -1,
          2160, 2140, 2139, -1,
          2160, 2139, 2161, -1,
          2162, 2159, 2140, -1,
          2163, 2162, 2140, -1,
          2163, 2140, 2160, -1,
          2164, 2134, 2165, -1,
          2164, 2165, 2166, -1,
          2164, 2166, 2167, -1,
          2164, 2167, 2168, -1,
          2164, 2168, 2169, -1,
          2170, 2138, 2027, -1,
          2170, 2161, 2171, -1,
          2170, 2171, 2172, -1,
          2170, 2172, 2138, -1,
          2173, 2164, 2169, -1,
          2173, 2169, 2174, -1,
          2175, 2160, 2161, -1,
          2176, 2177, 2178, -1,
          2179, 2170, 2027, -1,
          2180, 2179, 2027, -1,
          2181, 2173, 2174, -1,
          2181, 2174, 2182, -1,
          2183, 2161, 2170, -1,
          2183, 2175, 2161, -1,
          2184, 2181, 2182, -1,
          2184, 2182, 2185, -1,
          2184, 2185, 2186, -1,
          2184, 2186, 2187, -1,
          2188, 2183, 2170, -1,
          2189, 2175, 2183, -1,
          2189, 2190, 2191, -1,
          2189, 2191, 2192, -1,
          2189, 2192, 2193, -1,
          2189, 2193, 2175, -1,
          2194, 2188, 2170, -1,
          2195, 2149, 2196, -1,
          2195, 2196, 2197, -1,
          2195, 2148, 2149, -1,
          2198, 2194, 2170, -1,
          2199, 2200, 2180, -1,
          2199, 2180, 2027, -1,
          2201, 2028, 2065, -1,
          2201, 2065, 2120, -1,
          2201, 2120, 2202, -1,
          2201, 2202, 2203, -1,
          2201, 2203, 2148, -1,
          2201, 2148, 2195, -1,
          2204, 2201, 2195, -1,
          2205, 2201, 2204, -1,
          2206, 2207, 2208, -1,
          2206, 2208, 2209, -1,
          2206, 2201, 2205, -1,
          2210, 2211, 2212, -1,
          2213, 2189, 2214, -1,
          2213, 2214, 2215, -1,
          2213, 2215, 2216, -1,
          2217, 2184, 2187, -1,
          2217, 2187, 2218, -1,
          2219, 2184, 2217, -1,
          2220, 2184, 2219, -1,
          2221, 2217, 2218, -1,
          2221, 2218, 2190, -1,
          2222, 2184, 2220, -1,
          2223, 2221, 2190, -1,
          2223, 2190, 2189, -1,
          2223, 2189, 2213, -1,
          2224, 2184, 2222, -1,
          2225, 2223, 2213, -1,
          2226, 2225, 2213, -1,
          2227, 2228, 2224, -1,
          2229, 2230, 2231, -1,
          2232, 2213, 2233, -1,
          2232, 2233, 2234, -1,
          2232, 2226, 2213, -1,
          2235, 2228, 2227, -1,
          2236, 2234, 2230, -1,
          2236, 2232, 2234, -1,
          2237, 2236, 2230, -1,
          2238, 2209, 2211, -1,
          2238, 2206, 2209, -1,
          2239, 2210, 2240, -1,
          2239, 2240, 2241, -1,
          2239, 2241, 2228, -1,
          2242, 2230, 2229, -1,
          2242, 2237, 2230, -1,
          2243, 2228, 2235, -1,
          2243, 2235, 2244, -1,
          2243, 2239, 2228, -1,
          2245, 2200, 2199, -1,
          2246, 2242, 2229, -1,
          2247, 2243, 2244, -1,
          2248, 2244, 2249, -1,
          2248, 2249, 2250, -1,
          2248, 2250, 2251, -1,
          2248, 2247, 2244, -1,
          2252, 2229, 2253, -1,
          2252, 2246, 2229, -1,
          2254, 2248, 2251, -1,
          2255, 2252, 2253, -1,
          2256, 2253, 2257, -1,
          2256, 2255, 2253, -1,
          2258, 2245, 2199, -1,
          2259, 2248, 2254, -1,
          2260, 2261, 2262, -1,
          2263, 2255, 2256, -1,
          2264, 2258, 2199, -1,
          2265, 2264, 2199, -1,
          2266, 2263, 2256, -1,
          2267, 2266, 2256, -1,
          2267, 2256, 2268, -1,
          2269, 2268, 2270, -1,
          2269, 2267, 2268, -1,
          2271, 2270, 2272, -1,
          2271, 2269, 2270, -1,
          2273, 2265, 2199, -1,
          2273, 2274, 2265, -1,
          2275, 2206, 2238, -1,
          2275, 2238, 2276, -1,
          2275, 2276, 2277, -1,
          2275, 2277, 2261, -1,
          2275, 2260, 2278, -1,
          2275, 2201, 2206, -1,
          2275, 2261, 2260, -1,
          2279, 2271, 2272, -1,
          2280, 2281, 2282, -1,
          2283, 2281, 2280, -1,
          2283, 2284, 2281, -1,
          2285, 2284, 2283, -1,
          2285, 2259, 2284, -1,
          2286, 2280, 2282, -1,
          2286, 2282, 2287, -1,
          2288, 2286, 2287, -1,
          2288, 2287, 2289, -1,
          2290, 2279, 2272, -1,
          2291, 2290, 2272, -1,
          2292, 2279, 2290, -1,
          2292, 2293, 2294, -1,
          2292, 2294, 2279, -1,
          2295, 2291, 2272, -1,
          2296, 2278, 2297, -1,
          2296, 2275, 2278, -1,
          2298, 2272, 2299, -1,
          2298, 2295, 2272, -1,
          2300, 2288, 2289, -1,
          2301, 2299, 2302, -1,
          2301, 2298, 2299, -1,
          2303, 2301, 2302, -1,
          2304, 2300, 2289, -1,
          2304, 2289, 2305, -1,
          2306, 2303, 2302, -1,
          2307, 2302, 2308, -1,
          2307, 2306, 2302, -1,
          2309, 2304, 2305, -1,
          2309, 2305, 2310, -1,
          2311, 2307, 2308, -1,
          2312, 2313, 2314, -1,
          2312, 2293, 2292, -1,
          2312, 2314, 2315, -1,
          2312, 2315, 2293, -1,
          2316, 2310, 2317, -1,
          2316, 2309, 2310, -1,
          2318, 2319, 2320, -1,
          2321, 2318, 2320, -1,
          2322, 2311, 2308, -1,
          2322, 2308, 2323, -1,
          2324, 2313, 2312, -1,
          2325, 2317, 2326, -1,
          2325, 2326, 2327, -1,
          2325, 2316, 2317, -1,
          2328, 2318, 2321, -1,
          2329, 2292, 2330, -1,
          2329, 2312, 2292, -1,
          2331, 2322, 2323, -1,
          2331, 2323, 2332, -1,
          2333, 2325, 2327, -1,
          2333, 2327, 2313, -1,
          2334, 2329, 2330, -1,
          2335, 2318, 2328, -1,
          2336, 2334, 2330, -1,
          2337, 2333, 2313, -1,
          2337, 2313, 2324, -1,
          2338, 2331, 2332, -1,
          2339, 2336, 2330, -1,
          2340, 2339, 2330, -1,
          2341, 2332, 2342, -1,
          2341, 2338, 2332, -1,
          2343, 2324, 2344, -1,
          2343, 2337, 2324, -1,
          2345, 2330, 2346, -1,
          2345, 2346, 2347, -1,
          2345, 2340, 2330, -1,
          2348, 2349, 2350, -1,
          2351, 2347, 2352, -1,
          2351, 2352, 2353, -1,
          2351, 2345, 2347, -1,
          2354, 2342, 2355, -1,
          2354, 2341, 2342, -1,
          2356, 2344, 2357, -1,
          2356, 2357, 2358, -1,
          2356, 2343, 2344, -1,
          2359, 2353, 2360, -1,
          2359, 2351, 2353, -1,
          2361, 2358, 2362, -1,
          2361, 2356, 2358, -1,
          2363, 2355, 2349, -1,
          2363, 2354, 2355, -1,
          2363, 2349, 2348, -1,
          2364, 2359, 2360, -1,
          2364, 2360, 2365, -1,
          2364, 2365, 2366, -1,
          2367, 2350, 2273, -1,
          2367, 2273, 2368, -1,
          2369, 2368, 2273, -1,
          2370, 2364, 2366, -1,
          2370, 2366, 2371, -1,
          2370, 2371, 2372, -1,
          2373, 2362, 2374, -1,
          2373, 2361, 2362, -1,
          2375, 2363, 2348, -1,
          2376, 2369, 2273, -1,
          2377, 2348, 2378, -1,
          2377, 2375, 2348, -1,
          2379, 2374, 2380, -1,
          2379, 2373, 2374, -1,
          2381, 2370, 2372, -1,
          2381, 2372, 2382, -1,
          2383, 2381, 2382, -1,
          2383, 2382, 2384, -1,
          2385, 2367, 2368, -1,
          2386, 2377, 2378, -1,
          2387, 2383, 2384, -1,
          2388, 2380, 2389, -1,
          2388, 2379, 2380, -1,
          2390, 2384, 2391, -1,
          2390, 2387, 2384, -1,
          2392, 2386, 2378, -1,
          2393, 2391, 2394, -1,
          2393, 2390, 2391, -1,
          2395, 2389, 2396, -1,
          2395, 2396, 2397, -1,
          2395, 2388, 2389, -1,
          2398, 2399, 2400, -1,
          2401, 2402, 2376, -1,
          2401, 2376, 2273, -1,
          2403, 2318, 2335, -1,
          2403, 2275, 2296, -1,
          2403, 2296, 2404, -1,
          2403, 2404, 2405, -1,
          2403, 2405, 2318, -1,
          2403, 2335, 2406, -1,
          2403, 2406, 2407, -1,
          2403, 2407, 2408, -1,
          2403, 2408, 2409, -1,
          2403, 2409, 2410, -1,
          2403, 2410, 2411, -1,
          2403, 2411, 2412, -1,
          2413, 2399, 2398, -1,
          2414, 2394, 2415, -1,
          2414, 2393, 2394, -1,
          2416, 2414, 2415, -1,
          2416, 2415, 2417, -1,
          2418, 2392, 2378, -1,
          2419, 2399, 2413, -1,
          2420, 2403, 2412, -1,
          2421, 2418, 2378, -1,
          2422, 2416, 2417, -1,
          2422, 2417, 2423, -1,
          2424, 2395, 2397, -1,
          2425, 2422, 2423, -1,
          2425, 2423, 2426, -1,
          2425, 2426, 2427, -1,
          2428, 2425, 2427, -1,
          2428, 2399, 2419, -1,
          2428, 2427, 2399, -1,
          2429, 2385, 2368, -1,
          2430, 2418, 2421, -1,
          2431, 2403, 2420, -1,
          2432, 2424, 2397, -1,
          2432, 2397, 2433, -1,
          2434, 2432, 2433, -1,
          2435, 2424, 2432, -1,
          2435, 2436, 2437, -1,
          2435, 2437, 2424, -1,
          2438, 2433, 2439, -1,
          2438, 2434, 2433, -1,
          2440, 2438, 2439, -1,
          2441, 2439, 2442, -1,
          2441, 2440, 2439, -1,
          2443, 2441, 2442, -1,
          2444, 2442, 2445, -1,
          2444, 2443, 2442, -1,
          2446, 2447, 2448, -1,
          2446, 2448, 2430, -1,
          2446, 2430, 2421, -1,
          2449, 2445, 2450, -1,
          2449, 2444, 2445, -1,
          2451, 2452, 2453, -1,
          2451, 2453, 2447, -1,
          2451, 2447, 2446, -1,
          2454, 2450, 2455, -1,
          2454, 2449, 2450, -1,
          2456, 2436, 2435, -1,
          2456, 2457, 2458, -1,
          2456, 2458, 2459, -1,
          2456, 2459, 2436, -1,
          2460, 2455, 2461, -1,
          2460, 2461, 2462, -1,
          2460, 2454, 2455, -1,
          2463, 2446, 2421, -1,
          2464, 2465, 2457, -1,
          2464, 2457, 2456, -1,
          2466, 2435, 2467, -1,
          2466, 2456, 2435, -1,
          2468, 2465, 2464, -1,
          2468, 2469, 2465, -1,
          2470, 2462, 2452, -1,
          2470, 2452, 2451, -1,
          2470, 2460, 2462, -1,
          2471, 2466, 2467, -1,
          2472, 2421, 2473, -1,
          2472, 2463, 2421, -1,
          2474, 2471, 2467, -1,
          2475, 2470, 2451, -1,
          2476, 2474, 2467, -1,
          2477, 2476, 2467, -1,
          2478, 2475, 2451, -1,
          2478, 2451, 2479, -1,
          2480, 2477, 2467, -1,
          2480, 2467, 2481, -1,
          2480, 2481, 2482, -1,
          2483, 2472, 2473, -1,
          2484, 2482, 2485, -1,
          2484, 2480, 2482, -1,
          2484, 2485, 2486, -1,
          2487, 2478, 2479, -1,
          2488, 2473, 2489, -1,
          2490, 2483, 2473, -1,
          2490, 2473, 2488, -1,
          2491, 2489, 2473, -1,
          2492, 2483, 2490, -1,
          2493, 2486, 2494, -1,
          2493, 2484, 2486, -1,
          2495, 2491, 2473, -1,
          2496, 2483, 2492, -1,
          2497, 2495, 2473, -1,
          2498, 2479, 2499, -1,
          2498, 2487, 2479, -1,
          2500, 2494, 2501, -1,
          2500, 2501, 2502, -1,
          2500, 2493, 2494, -1,
          2503, 2473, 2402, -1,
          2503, 2497, 2473, -1,
          2504, 2505, 2483, -1,
          2504, 2483, 2496, -1,
          2506, 2502, 2507, -1,
          2506, 2507, 2508, -1,
          2506, 2500, 2502, -1,
          2509, 2498, 2499, -1,
          2510, 2503, 2402, -1,
          2510, 2402, 2401, -1,
          2511, 2505, 2504, -1,
          2512, 2509, 2499, -1,
          2512, 2499, 2505, -1,
          2513, 2508, 2514, -1,
          2513, 2506, 2508, -1,
          2515, 2510, 2401, -1,
          2516, 2513, 2514, -1,
          2516, 2514, 2517, -1,
          2518, 2505, 2511, -1,
          2519, 2512, 2505, -1,
          2520, 2516, 2517, -1,
          2521, 2515, 2401, -1,
          2522, 2520, 2517, -1,
          2522, 2517, 2523, -1,
          2524, 2519, 2505, -1,
          2524, 2505, 2518, -1,
          2525, 2523, 2526, -1,
          2525, 2522, 2523, -1,
          2527, 2528, 2529, -1,
          2530, 2521, 2401, -1,
          2531, 2469, 2468, -1,
          2531, 2403, 2431, -1,
          2531, 2431, 2532, -1,
          2531, 2532, 2533, -1,
          2531, 2533, 2469, -1,
          2531, 2468, 2534, -1,
          2531, 2534, 2535, -1,
          2531, 2535, 2536, -1,
          2531, 2536, 2537, -1,
          2531, 2537, 2538, -1,
          2531, 2538, 2539, -1,
          2531, 2539, 2540, -1,
          2531, 2540, 2541, -1,
          2531, 2541, 2542, -1,
          2531, 2542, 2543, -1,
          2544, 2528, 2527, -1,
          2545, 2525, 2526, -1,
          2545, 2526, 2546, -1,
          2547, 2545, 2546, -1,
          2547, 2546, 2548, -1,
          2549, 2524, 2518, -1,
          2549, 2518, 2550, -1,
          2549, 2550, 2551, -1,
          2552, 2528, 2544, -1,
          2553, 2547, 2548, -1,
          2553, 2548, 2554, -1,
          2555, 2530, 2401, -1,
          2556, 2554, 2557, -1,
          2556, 2557, 2558, -1,
          2556, 2553, 2554, -1,
          2559, 2528, 2552, -1,
          2559, 2558, 2528, -1,
          2559, 2556, 2558, -1,
          2560, 2531, 2543, -1,
          2561, 2549, 2551, -1,
          2561, 2551, 2562, -1,
          2563, 2555, 2401, -1,
          2564, 2531, 2560, -1,
          2565, 2561, 2562, -1,
          2566, 2561, 2565, -1,
          2567, 2563, 2401, -1,
          2568, 2401, 2569, -1,
          2568, 2567, 2401, -1,
          2570, 2568, 2569, -1,
          2571, 2572, 2573, -1,
          2574, 2575, 2572, -1,
          2574, 2572, 2571, -1,
          2576, 2575, 2574, -1,
          2576, 2577, 2575, -1,
          2578, 2571, 2573, -1,
          2579, 2577, 2576, -1,
          2580, 2578, 2573, -1,
          2580, 2573, 2581, -1,
          2582, 2577, 2579, -1,
          2582, 2565, 2577, -1,
          2582, 2566, 2565, -1,
          2583, 2580, 2581, -1,
          2584, 2566, 2582, -1,
          2585, 2570, 2569, -1,
          2585, 2586, 2587, -1,
          2585, 2587, 2588, -1,
          2585, 2588, 2589, -1,
          2585, 2589, 2590, -1,
          2585, 2590, 2570, -1,
          2591, 2583, 2581, -1,
          2592, 2586, 2585, -1,
          2593, 2591, 2581, -1,
          2593, 2581, 2594, -1,
          2595, 2585, 2569, -1,
          2596, 2593, 2594, -1,
          2596, 2594, 2597, -1,
          2598, 2595, 2569, -1,
          2599, 2598, 2569, -1,
          2600, 2584, 2601, -1,
          2600, 2601, 2602, -1,
          2600, 2566, 2584, -1,
          2600, 2603, 2604, -1,
          2600, 2604, 2605, -1,
          2600, 2605, 2566, -1,
          2606, 2596, 2597, -1,
          2606, 2597, 2607, -1,
          2606, 2607, 2608, -1,
          2606, 2608, 2609, -1,
          2610, 2602, 2611, -1,
          2610, 2611, 2612, -1,
          2613, 2610, 2612, -1,
          2613, 2612, 2614, -1,
          2613, 2614, 2615, -1,
          2616, 2613, 2615, -1,
          2616, 2615, 2617, -1,
          2618, 2616, 2617, -1,
          2619, 2618, 2617, -1,
          2620, 2618, 2619, -1,
          2621, 2620, 2619, -1,
          2622, 2609, 2623, -1,
          2622, 2623, 2624, -1,
          2622, 2606, 2609, -1,
          2625, 2600, 2626, -1,
          2625, 2626, 2627, -1,
          2625, 2627, 2628, -1,
          2625, 2531, 2564, -1,
          2625, 2564, 2629, -1,
          2625, 2629, 2630, -1,
          2625, 2630, 2631, -1,
          2625, 2631, 2632, -1,
          2625, 2632, 2603, -1,
          2625, 2603, 2600, -1,
          2633, 2622, 2624, -1,
          2633, 2624, 2634, -1,
          2633, 2634, 2635, -1,
          2633, 2635, 2592, -1,
          2636, 2622, 2633, -1,
          2636, 2633, 2637, -1,
          2638, 2599, 2569, -1,
          2639, 2637, 2640, -1,
          2639, 2640, 2641, -1,
          2639, 2636, 2637, -1,
          2642, 2569, 2643, -1,
          2642, 2638, 2569, -1,
          2644, 2642, 2643, -1,
          2645, 2644, 2643, -1,
          2646, 2628, 2647, -1,
          2646, 2647, 2648, -1,
          2646, 2648, 2649, -1,
          2646, 2649, 2650, -1,
          2646, 2650, 2651, -1,
          2646, 2651, 2652, -1,
          2646, 2652, 2653, -1,
          2646, 2653, 2654, -1,
          2646, 2654, 2655, -1,
          2646, 2655, 2656, -1,
          2646, 2656, 2657, -1,
          2646, 2657, 2658, -1,
          2659, 2639, 2641, -1,
          2659, 2641, 2660, -1,
          2661, 2660, 2662, -1,
          2661, 2659, 2660, -1,
          2663, 2661, 2662, -1,
          2663, 2662, 2664, -1,
          2665, 2666, 2645, -1,
          2667, 2645, 2643, -1,
          2668, 2663, 2664, -1,
          2668, 2664, 2666, -1,
          2668, 2666, 2665, -1,
          2669, 2668, 2665, -1,
          2670, 2667, 2643, -1,
          2671, 2668, 2669, -1,
          2672, 2670, 2643, -1,
          2673, 2646, 2674, -1,
          2673, 2674, 2675, -1,
          2673, 2675, 2676, -1,
          2673, 2625, 2628, -1,
          2673, 2628, 2646, -1,
          2673, 2677, 2678, -1,
          2673, 2678, 2679, -1,
          2673, 2679, 2680, -1,
          2673, 2676, 2677, -1,
          2681, 2680, 2682, -1,
          2683, 2643, 2684, -1,
          2683, 2672, 2643, -1,
          2685, 2686, 2687, -1,
          2688, 2686, 2689, -1,
          2688, 2689, 2690, -1,
          2688, 2687, 2686, -1,
          2691, 2686, 2685, -1,
          2692, 2688, 2690, -1,
          2693, 2686, 2691, -1,
          2694, 2692, 2690, -1,
          2695, 2694, 2690, -1,
          2696, 2690, 2697, -1,
          2696, 2695, 2690, -1,
          2698, 2680, 2681, -1,
          2698, 2681, 2699, -1,
          2698, 2699, 2700, -1,
          2701, 2696, 2697, -1,
          2702, 2703, 2704, -1,
          2702, 2705, 2703, -1,
          2706, 2693, 2703, -1,
          2706, 2703, 2705, -1,
          2707, 2702, 2704, -1,
          2708, 2704, 2709, -1,
          2708, 2707, 2704, -1,
          2710, 2709, 2711, -1,
          2710, 2708, 2709, -1,
          2712, 2697, 2713, -1,
          2712, 2701, 2697, -1,
          2714, 2710, 2711, -1,
          2714, 2711, 2715, -1,
          2716, 2714, 2715, -1,
          2717, 2714, 2716, -1,
          2718, 2717, 2716, -1,
          2719, 2720, 2721, -1,
          2722, 2719, 2721, -1,
          2723, 2712, 2713, -1,
          2723, 2713, 2724, -1,
          2725, 2717, 2718, -1,
          2726, 2719, 2722, -1,
          2727, 2719, 2726, -1,
          2728, 2719, 2727, -1,
          2729, 2724, 2730, -1,
          2729, 2730, 2731, -1,
          2729, 2723, 2724, -1,
          2732, 2733, 2734, -1,
          2735, 2683, 2684, -1,
          2735, 2734, 2683, -1,
          2736, 2734, 2735, -1,
          2737, 2731, 2733, -1,
          2737, 2729, 2731, -1,
          2737, 2733, 2732, -1,
          2738, 2735, 2684, -1,
          2739, 2719, 2728, -1,
          2739, 2673, 2680, -1,
          2739, 2698, 2740, -1,
          2739, 2740, 2741, -1,
          2739, 2741, 2719, -1,
          2739, 2728, 2742, -1,
          2739, 2742, 2743, -1,
          2739, 2743, 2744, -1,
          2739, 2744, 2745, -1,
          2739, 2680, 2698, -1,
          2746, 2738, 2684, -1,
          2747, 2739, 2745, -1,
          2748, 2746, 2684, -1,
          2749, 2737, 2732, -1,
          2750, 2739, 2747, -1,
          2751, 2736, 2735, -1,
          2752, 2739, 2750, -1,
          2753, 2751, 2735, -1,
          342, 2748, 336, -1,
          330, 336, 2748, -1,
          349, 2748, 342, -1,
          324, 330, 2748, -1,
          353, 2748, 349, -1,
          325, 324, 2748, -1,
          354, 2748, 353, -1,
          328, 325, 2748, -1,
          356, 2748, 354, -1,
          2754, 2755, 2756, -1,
          2754, 2749, 2755, -1,
          2757, 2756, 2755, -1,
          332, 328, 2748, -1,
          332, 2748, 2684, -1,
          2758, 2749, 2754, -1,
          2759, 2749, 2758, -1,
          2760, 2761, 2762, -1,
          2763, 2749, 2759, -1,
          333, 2684, 3, -1,
          333, 332, 2684, -1,
          2764, 2760, 2762, -1,
          2765, 2764, 2762, -1,
          2766, 2748, 356, -1,
          2766, 356, 358, -1,
          2766, 358, 361, -1,
          364, 2766, 361, -1,
          338, 333, 3, -1,
          2767, 2765, 2762, -1,
          367, 2766, 364, -1,
          2768, 2769, 2763, -1,
          2768, 2763, 2770, -1,
          2771, 2763, 2769, -1,
          2771, 2749, 2763, -1,
          2772, 2768, 2770, -1,
          2773, 2749, 2771, -1,
          2773, 2774, 2749, -1,
          2775, 2770, 2776, -1,
          2775, 2772, 2770, -1,
          2777, 2774, 2773, -1,
          2778, 2774, 2777, -1,
          2779, 2776, 2780, -1,
          2779, 2775, 2776, -1,
          339, 338, 3, -1,
          2781, 2767, 2766, -1,
          2782, 2774, 2778, -1,
          2783, 2780, 2784, -1,
          2783, 2779, 2780, -1,
          2785, 2783, 2784, -1,
          2786, 2774, 2782, -1,
          2787, 2783, 2785, -1,
          2788, 2787, 2785, -1,
          340, 339, 3, -1,
          2789, 2774, 2786, -1,
          2790, 2781, 2766, -1,
          2791, 2787, 2788, -1,
          2792, 2774, 2789, -1,
          344, 340, 3, -1,
          2793, 2790, 2766, -1,
          2793, 367, 369, -1,
          2793, 2766, 367, -1,
          347, 344, 3, -1,
          351, 347, 3, -1,
          2794, 369, 371, -1,
          2794, 371, 372, -1,
          2794, 372, 374, -1,
          2794, 2793, 369, -1,
          2795, 2794, 374, -1,
          2795, 374, 375, -1,
          2795, 375, 376, -1,
          2795, 376, 377, -1,
          2795, 377, 378, -1,
          2795, 378, 380, -1,
          2796, 2752, 2797, -1,
          2796, 2797, 2774, -1,
          2796, 2774, 2792, -1,
          2796, 2739, 2752, -1,
          2796, 2792, 2798, -1,
          2796, 2798, 2799, -1,
          2796, 2799, 2800, -1,
          2796, 2800, 2801, -1,
          2796, 2801, 2802, -1,
          2796, 2802, 2803, -1,
          2796, 2803, 2804, -1,
          2796, 2804, 2805, -1,
          382, 2795, 380, -1,
          2806, 2796, 2805, -1,
          2807, 2796, 2806, -1,
          2808, 2795, 382, -1,
          112, 2807, 2808, -1,
          112, 2796, 2807, -1,
          112, 2808, 382, -1,
          1628, 1549, 1557, -1,
          1719, 1690, 1693, -1,
          2809, 1719, 2810, -1,
          2810, 1719, 1718, -1,
          1988, 2811, 1989, -1,
          1989, 2811, 2812, -1,
          2812, 2811, 2813, -1,
          1902, 1953, 1917, -1,
          2031, 2814, 2032, -1,
          2176, 2150, 2147, -1,
          2176, 2147, 2815, -1,
          2176, 2815, 2177, -1,
          2212, 2176, 2178, -1,
          2676, 2639, 2677, -1,
          2610, 2600, 2602, -1,
          1858, 1921, 1902, -1,
          1921, 2812, 2813, -1,
          1921, 2813, 1925, -1,
          1989, 1898, 1922, -1,
          1866, 1842, 1844, -1,
          1898, 1866, 1853, -1,
          1841, 1878, 1862, -1,
          1878, 2816, 2817, -1,
          1878, 2817, 1877, -1,
          1900, 1874, 1875, -1,
          1930, 1900, 1901, -1,
          2228, 2184, 2224, -1,
          2164, 2818, 2134, -1,
          2134, 2818, 2093, -1,
          2178, 2819, 2210, -1,
          2178, 2210, 2212, -1,
          2733, 2683, 2734, -1,
          2667, 2665, 2645, -1,
          1484, 1414, 1485, -1,
          2820, 1398, 1374, -1,
          1424, 2821, 1457, -1,
          1499, 1590, 1544, -1,
          1544, 1590, 1565, -1,
          1638, 1642, 1680, -1,
          1638, 1680, 1695, -1,
          2822, 2079, 2083, -1,
          2349, 2274, 2350, -1,
          2350, 2274, 2273, -1,
          2258, 2256, 2257, -1,
          2258, 2257, 2245, -1,
          2005, 1984, 1990, -1,
          2823, 2005, 2824, -1,
          2824, 2005, 2004, -1,
          2007, 2035, 2014, -1,
          2035, 2086, 2094, -1,
          2035, 2094, 2072, -1,
          2825, 1873, 1872, -1,
          1227, 1283, 1275, -1,
          1283, 1307, 1282, -1,
          1307, 1336, 1306, -1,
          2732, 2755, 2749, -1,
          2755, 2762, 2761, -1,
          2755, 2761, 2757, -1,
          2762, 2766, 2767, -1,
          2638, 2826, 2599, -1,
          2585, 2633, 2592, -1,
          2641, 2827, 2660, -1,
          1922, 2017, 2016, -1,
          1922, 2016, 1992, -1,
          1922, 1992, 1989, -1,
          2054, 2034, 2097, -1,
          2097, 2034, 2147, -1,
          1859, 2828, 1860, -1,
          1860, 2828, 1849, -1,
          1849, 2828, 1796, -1,
          1695, 2829, 1739, -1,
          2830, 1427, 1426, -1,
          1399, 1371, 1374, -1,
          1421, 1399, 1398, -1,
          1456, 1421, 1424, -1,
          1301, 1258, 1291, -1,
          2831, 900, 903, -1,
          2719, 2668, 2720, -1,
          2720, 2668, 2832, -1,
          2832, 2668, 2833, -1,
          2833, 2668, 2834, -1,
          2834, 2668, 2706, -1,
          2706, 2668, 2693, -1,
          2693, 2668, 2671, -1,
          2693, 2671, 2686, -1,
          2659, 2677, 2639, -1,
          2318, 2248, 2319, -1,
          2319, 2248, 2835, -1,
          2835, 2248, 2836, -1,
          2836, 2248, 2285, -1,
          2285, 2248, 2259, -1,
          2239, 2238, 2210, -1,
          2210, 2238, 2211, -1,
          1351, 1264, 1278, -1,
          1351, 1278, 1352, -1,
          818, 805, 811, -1,
          826, 805, 818, -1,
          826, 803, 805, -1,
          826, 800, 803, -1,
          826, 818, 821, -1,
          829, 800, 826, -1,
          829, 797, 800, -1,
          819, 784, 790, -1,
          820, 819, 790, -1,
          820, 793, 795, -1,
          820, 790, 793, -1,
          823, 797, 829, -1,
          823, 820, 795, -1,
          823, 795, 797, -1,
          817, 784, 819, -1,
          825, 823, 829, -1,
          825, 829, 832, -1,
          815, 784, 817, -1,
          815, 787, 784, -1,
          810, 787, 815, -1,
          810, 791, 787, -1,
          845, 841, 825, -1,
          845, 825, 832, -1,
          809, 791, 810, -1,
          862, 841, 845, -1,
          808, 791, 809, -1,
          808, 796, 791, -1,
          879, 868, 871, -1,
          807, 796, 808, -1,
          882, 868, 879, -1,
          882, 867, 868, -1,
          886, 867, 882, -1,
          886, 860, 867, -1,
          886, 852, 860, -1,
          814, 799, 796, -1,
          814, 796, 807, -1,
          844, 864, 863, -1,
          865, 864, 844, -1,
          891, 852, 886, -1,
          866, 865, 844, -1,
          816, 799, 814, -1,
          880, 847, 848, -1,
          880, 846, 847, -1,
          878, 846, 880, -1,
          881, 880, 848, -1,
          881, 848, 850, -1,
          877, 846, 878, -1,
          877, 844, 846, -1,
          885, 850, 852, -1,
          885, 891, 890, -1,
          885, 881, 850, -1,
          885, 852, 891, -1,
          876, 844, 877, -1,
          888, 885, 890, -1,
          874, 844, 876, -1,
          874, 866, 844, -1,
          892, 908, 888, -1,
          892, 888, 890, -1,
          873, 866, 874, -1,
          873, 856, 866, -1,
          872, 856, 873, -1,
          872, 857, 856, -1,
          895, 909, 908, -1,
          895, 910, 909, -1,
          895, 908, 892, -1,
          905, 910, 895, -1,
          875, 855, 857, -1,
          875, 857, 872, -1,
          897, 905, 895, -1,
          861, 855, 875, -1,
          898, 897, 895, -1,
          899, 895, 906, -1,
          899, 898, 895, -1,
          896, 899, 906, -1,
          824, 799, 816, -1,
          828, 824, 816, -1,
          831, 828, 816, -1,
          931, 884, 861, -1,
          932, 931, 861, -1,
          928, 915, 907, -1,
          929, 928, 907, -1,
          930, 929, 907, -1,
          875, 887, 932, -1,
          875, 932, 861, -1,
          816, 840, 831, -1,
          845, 844, 863, -1,
          845, 863, 862, -1,
          895, 889, 894, -1,
          895, 894, 901, -1,
          895, 901, 906, -1,
          906, 930, 907, -1,
          906, 907, 904, -1,
          906, 904, 896, -1,
          2837, 2838, 2839, -1,
          2837, 2839, 2840, -1,
          2841, 2838, 2837, -1,
          2842, 2843, 2838, -1,
          2842, 2838, 2841, -1,
          2844, 2845, 2843, -1,
          2844, 2843, 2842, -1,
          2846, 2847, 2845, -1,
          2846, 2845, 2844, -1,
          2848, 2849, 2847, -1,
          2848, 2847, 2846, -1,
          2850, 2851, 2852, -1,
          2850, 2852, 2849, -1,
          2850, 2849, 2848, -1,
          2853, 2854, 2851, -1,
          2853, 2851, 2850, -1,
          2855, 2856, 2854, -1,
          2855, 2854, 2853, -1,
          2857, 2858, 2856, -1,
          2857, 2856, 2855, -1,
          2859, 2860, 2858, -1,
          2859, 2858, 2857, -1,
          2861, 2862, 2860, -1,
          2861, 2860, 2859, -1,
          2863, 2864, 2862, -1,
          2863, 2862, 2861, -1,
          2865, 2864, 2863, -1,
          2865, 2866, 2864, -1,
          2867, 2866, 2865, -1,
          2867, 2868, 2869, -1,
          2867, 2869, 2866, -1,
          2870, 2868, 2867, -1,
          2870, 2871, 2868, -1,
          2872, 2873, 2874, -1,
          2875, 2871, 2870, -1,
          2875, 2876, 2871, -1,
          2877, 2874, 2876, -1,
          2877, 2872, 2874, -1,
          2877, 2876, 2875, -1,
          945, 935, 940, -1,
          949, 934, 935, -1,
          949, 935, 945, -1,
          961, 934, 949, -1,
          974, 934, 961, -1,
          944, 920, 922, -1,
          946, 922, 923, -1,
          946, 944, 922, -1,
          943, 916, 920, -1,
          943, 920, 944, -1,
          947, 925, 926, -1,
          947, 923, 925, -1,
          947, 946, 923, -1,
          942, 916, 943, -1,
          953, 926, 934, -1,
          953, 974, 973, -1,
          953, 934, 974, -1,
          953, 947, 926, -1,
          939, 916, 942, -1,
          939, 919, 916, -1,
          966, 953, 973, -1,
          938, 919, 939, -1,
          938, 921, 919, -1,
          972, 966, 973, -1,
          999, 966, 972, -1,
          937, 921, 938, -1,
          937, 924, 921, -1,
          936, 924, 937, -1,
          983, 999, 972, -1,
          983, 1000, 999, -1,
          1001, 1000, 983, -1,
          933, 924, 936, -1,
          1002, 1001, 983, -1,
          1003, 1002, 983, -1,
          941, 933, 936, -1,
          993, 1003, 983, -1,
          994, 983, 997, -1,
          994, 993, 983, -1,
          992, 994, 997, -1,
          995, 992, 997, -1,
          948, 933, 941, -1,
          958, 948, 941, -1,
          1078, 958, 941, -1,
          1076, 1011, 998, -1,
          1077, 1076, 998, -1,
          1040, 1077, 998, -1,
          941, 965, 1078, -1,
          983, 971, 988, -1,
          983, 988, 990, -1,
          983, 990, 997, -1,
          997, 1040, 998, -1,
          997, 998, 995, -1,
          2878, 2879, 2880, -1,
          2878, 2880, 2881, -1,
          2882, 2879, 2878, -1,
          2883, 2884, 2879, -1,
          2883, 2879, 2882, -1,
          2885, 2886, 2884, -1,
          2885, 2884, 2883, -1,
          2887, 2888, 2886, -1,
          2887, 2886, 2885, -1,
          2889, 2890, 2888, -1,
          2889, 2888, 2887, -1,
          2891, 2892, 2893, -1,
          2891, 2893, 2890, -1,
          2891, 2890, 2889, -1,
          2894, 2895, 2892, -1,
          2894, 2892, 2891, -1,
          2896, 2897, 2895, -1,
          2896, 2895, 2894, -1,
          2898, 2899, 2897, -1,
          2898, 2897, 2896, -1,
          2900, 2901, 2899, -1,
          2900, 2899, 2898, -1,
          2902, 2903, 2901, -1,
          2902, 2901, 2900, -1,
          2904, 2905, 2903, -1,
          2904, 2903, 2902, -1,
          2906, 2905, 2904, -1,
          2906, 2907, 2905, -1,
          2908, 2907, 2906, -1,
          2908, 2909, 2910, -1,
          2908, 2910, 2907, -1,
          2911, 2909, 2908, -1,
          2911, 2912, 2909, -1,
          2913, 2914, 2915, -1,
          2916, 2912, 2911, -1,
          2916, 2917, 2912, -1,
          2918, 2915, 2917, -1,
          2918, 2913, 2915, -1,
          2918, 2917, 2916, -1,
          2843, 1018, 1024, -1,
          2838, 2843, 1024, -1,
          2838, 1034, 1036, -1,
          2838, 1024, 1034, -1,
          2845, 1018, 2843, -1,
          2845, 1015, 1018, -1,
          2839, 2838, 1036, -1,
          2839, 1039, 1045, -1,
          2839, 1036, 1039, -1,
          2847, 1015, 2845, -1,
          2840, 2839, 1045, -1,
          2840, 1045, 1055, -1,
          2840, 1060, 1062, -1,
          2840, 1059, 1060, -1,
          2840, 1055, 1059, -1,
          2849, 1015, 2847, -1,
          2849, 1014, 1015, -1,
          2837, 2840, 1062, -1,
          2837, 1064, 1073, -1,
          2837, 1062, 1064, -1,
          2852, 1016, 1014, -1,
          2852, 1014, 2849, -1,
          2841, 2837, 1073, -1,
          1082, 2841, 1073, -1,
          2842, 2841, 1082, -1,
          2851, 1023, 1016, -1,
          2851, 1016, 2852, -1,
          1090, 2842, 1082, -1,
          1090, 2844, 2842, -1,
          1099, 2844, 1090, -1,
          1099, 2846, 2844, -1,
          2854, 1027, 1023, -1,
          2854, 1023, 2851, -1,
          1101, 2850, 2848, -1,
          1101, 2848, 2846, -1,
          1101, 2846, 1099, -1,
          1117, 2853, 2850, -1,
          1117, 2850, 1101, -1,
          2856, 1037, 1027, -1,
          2856, 1027, 2854, -1,
          1120, 2853, 1117, -1,
          2855, 2853, 1120, -1,
          2858, 1052, 1037, -1,
          2858, 1037, 2856, -1,
          2860, 1052, 2858, -1,
          1058, 1052, 2860, -1,
          1126, 2857, 2855, -1,
          1126, 2855, 1120, -1,
          2862, 1058, 2860, -1,
          2864, 1061, 1058, -1,
          2864, 1058, 2862, -1,
          1134, 2857, 1126, -1,
          2866, 1061, 2864, -1,
          2859, 2857, 1134, -1,
          2869, 1061, 2866, -1,
          2869, 1063, 1061, -1,
          1154, 2859, 1134, -1,
          2868, 1063, 2869, -1,
          1072, 1063, 2868, -1,
          2871, 1072, 2868, -1,
          2876, 1072, 2871, -1,
          1081, 1072, 2876, -1,
          2874, 1081, 2876, -1,
          1153, 2861, 2859, -1,
          1153, 2859, 1154, -1,
          1085, 1081, 2874, -1,
          1094, 1085, 2874, -1,
          1160, 2861, 1153, -1,
          1160, 2863, 2861, -1,
          1160, 2865, 2863, -1,
          1100, 1094, 2874, -1,
          1100, 2874, 2873, -1,
          1164, 2865, 1160, -1,
          1164, 2867, 2865, -1,
          1164, 2870, 2867, -1,
          1102, 1100, 2873, -1,
          1103, 1102, 2873, -1,
          1226, 2870, 1164, -1,
          1226, 2875, 2870, -1,
          1225, 2875, 1226, -1,
          1225, 2877, 2875, -1,
          1221, 1103, 2873, -1,
          1221, 2873, 2872, -1,
          1224, 2877, 1225, -1,
          1222, 1221, 2872, -1,
          1223, 2877, 1224, -1,
          1223, 1222, 2872, -1,
          1223, 2872, 2877, -1,
          2919, 1244, 1249, -1,
          2919, 1249, 1255, -1,
          2919, 1255, 1264, -1,
          2920, 1279, 2919, -1,
          1294, 1271, 1265, -1,
          1294, 1265, 1270, -1,
          1295, 1270, 1276, -1,
          1295, 1294, 1270, -1,
          1296, 1276, 1279, -1,
          1296, 1279, 2920, -1,
          1296, 1295, 1276, -1,
          1324, 2920, 2921, -1,
          1324, 1296, 2920, -1,
          1322, 2921, 2922, -1,
          1322, 1324, 2921, -1,
          1351, 2923, 2919, -1,
          1351, 2919, 1264, -1,
          1363, 2922, 2923, -1,
          1363, 2923, 1351, -1,
          1363, 1322, 2922, -1,
          1361, 1293, 1296, -1,
          1366, 1363, 1351, -1,
          1362, 1361, 1296, -1,
          1362, 1296, 1324, -1,
          1323, 1362, 1324, -1,
          1279, 1244, 2919, -1,
          2884, 1121, 1124, -1,
          2879, 2884, 1124, -1,
          2879, 1129, 1131, -1,
          2879, 1124, 1129, -1,
          2886, 1121, 2884, -1,
          2886, 1118, 1121, -1,
          2880, 2879, 1131, -1,
          2880, 1142, 1149, -1,
          2880, 1131, 1142, -1,
          2888, 1118, 2886, -1,
          2881, 2880, 1149, -1,
          2881, 1149, 1157, -1,
          2881, 1162, 1165, -1,
          2881, 1161, 1162, -1,
          2881, 1157, 1161, -1,
          2890, 1118, 2888, -1,
          2890, 1116, 1118, -1,
          2878, 2881, 1165, -1,
          2878, 1168, 1170, -1,
          2878, 1165, 1168, -1,
          2893, 1119, 1116, -1,
          2893, 1116, 2890, -1,
          2882, 2878, 1170, -1,
          1183, 2882, 1170, -1,
          2883, 2882, 1183, -1,
          2892, 1123, 1119, -1,
          2892, 1119, 2893, -1,
          1192, 2883, 1183, -1,
          1192, 2885, 2883, -1,
          1194, 2885, 1192, -1,
          1194, 2887, 2885, -1,
          2895, 1125, 1123, -1,
          2895, 1123, 2892, -1,
          1202, 2891, 2889, -1,
          1202, 2889, 2887, -1,
          1202, 2887, 1194, -1,
          1206, 2894, 2891, -1,
          1206, 2891, 1202, -1,
          2897, 1133, 1125, -1,
          2897, 1125, 2895, -1,
          1247, 2894, 1206, -1,
          2896, 2894, 1247, -1,
          2899, 1152, 1133, -1,
          2899, 1133, 2897, -1,
          2901, 1152, 2899, -1,
          1159, 1152, 2901, -1,
          1268, 2898, 2896, -1,
          1268, 2896, 1247, -1,
          2903, 1159, 2901, -1,
          2905, 1163, 1159, -1,
          2905, 1159, 2903, -1,
          1267, 2898, 1268, -1,
          2907, 1163, 2905, -1,
          2900, 2898, 1267, -1,
          2910, 1163, 2907, -1,
          2910, 1213, 1163, -1,
          1266, 2900, 1267, -1,
          2909, 1213, 2910, -1,
          1214, 1213, 2909, -1,
          2912, 1214, 2909, -1,
          2917, 1214, 2912, -1,
          1215, 1214, 2917, -1,
          2915, 1215, 2917, -1,
          1274, 2902, 2900, -1,
          1274, 2900, 1266, -1,
          1216, 1215, 2915, -1,
          1217, 1216, 2915, -1,
          1273, 2902, 1274, -1,
          1273, 2904, 2902, -1,
          1273, 2906, 2904, -1,
          1218, 1217, 2915, -1,
          1218, 2915, 2914, -1,
          1272, 2906, 1273, -1,
          1272, 2908, 2906, -1,
          1272, 2911, 2908, -1,
          1219, 1218, 2914, -1,
          1220, 1219, 2914, -1,
          1297, 2911, 1272, -1,
          1297, 2916, 2911, -1,
          1365, 2916, 1297, -1,
          1365, 2918, 2916, -1,
          1229, 1220, 2914, -1,
          1229, 2914, 2913, -1,
          1364, 2918, 1365, -1,
          1230, 1229, 2913, -1,
          1239, 2918, 1364, -1,
          1239, 1230, 2913, -1,
          1239, 2913, 2918, -1,
          2921, 2920, 2919, -1,
          2922, 2921, 2919, -1,
          2923, 2922, 2919, -1,
          1391, 1377, 1357, -1,
          1391, 1357, 1388, -1,
          1511, 1388, 1395, -1,
          1511, 1391, 1388, -1,
          1435, 1395, 1413, -1,
          1435, 1511, 1395, -1,
          2924, 1540, 1546, -1,
          2924, 1546, 1548, -1,
          2924, 1548, 1549, -1,
          2925, 1561, 2924, -1,
          1567, 1553, 1550, -1,
          1567, 1550, 1552, -1,
          1568, 1552, 1558, -1,
          1568, 1567, 1552, -1,
          1569, 1558, 1561, -1,
          1569, 1568, 1558, -1,
          1589, 2925, 2926, -1,
          1589, 1569, 1561, -1,
          1589, 1561, 2925, -1,
          1587, 2926, 2927, -1,
          1587, 1589, 2926, -1,
          1628, 2928, 2924, -1,
          1628, 2924, 1549, -1,
          1646, 2927, 2928, -1,
          1646, 1587, 2927, -1,
          1646, 2928, 1628, -1,
          1644, 1566, 1569, -1,
          1666, 1646, 1628, -1,
          1645, 1644, 1569, -1,
          1645, 1569, 1589, -1,
          1588, 1645, 1589, -1,
          1561, 1540, 2924, -1,
          1438, 1412, 1404, -1,
          1438, 1404, 1416, -1,
          1450, 1438, 1416, -1,
          1450, 1416, 1445, -1,
          1465, 1450, 1445, -1,
          1465, 1445, 1473, -1,
          1481, 1433, 1436, -1,
          1481, 1478, 1433, -1,
          1472, 1431, 1433, -1,
          1472, 1433, 1478, -1,
          1489, 1481, 1436, -1,
          1489, 1437, 1440, -1,
          1489, 1436, 1437, -1,
          1469, 1431, 1472, -1,
          1469, 1428, 1431, -1,
          1492, 1449, 1455, -1,
          1492, 1442, 1449, -1,
          1492, 1440, 1442, -1,
          1492, 1455, 1463, -1,
          1492, 1489, 1440, -1,
          1462, 1429, 1428, -1,
          1462, 1428, 1469, -1,
          1495, 1479, 1487, -1,
          1495, 1470, 1479, -1,
          1495, 1463, 1470, -1,
          1495, 1492, 1463, -1,
          1460, 1429, 1462, -1,
          1460, 1430, 1429, -1,
          1490, 1465, 1473, -1,
          1501, 1487, 1490, -1,
          1501, 1495, 1487, -1,
          1453, 1430, 1460, -1,
          1505, 1501, 1490, -1,
          1452, 1432, 1430, -1,
          1452, 1430, 1453, -1,
          1507, 1505, 1490, -1,
          1521, 1507, 1490, -1,
          1451, 1434, 1432, -1,
          1451, 1432, 1452, -1,
          1454, 1439, 1434, -1,
          1454, 1434, 1451, -1,
          1459, 1439, 1454, -1,
          1458, 1441, 1439, -1,
          1458, 1439, 1459, -1,
          1534, 1490, 1473, -1,
          1534, 1526, 1521, -1,
          1534, 1527, 1526, -1,
          1534, 1528, 1527, -1,
          1534, 1521, 1490, -1,
          1461, 1441, 1458, -1,
          1464, 1448, 1441, -1,
          1464, 1441, 1461, -1,
          1468, 1448, 1464, -1,
          1471, 1512, 1448, -1,
          1471, 1448, 1468, -1,
          1477, 1513, 1512, -1,
          1477, 1512, 1471, -1,
          1480, 1513, 1477, -1,
          1480, 1514, 1513, -1,
          1488, 1514, 1480, -1,
          1515, 1514, 1488, -1,
          1491, 1515, 1488, -1,
          1545, 1532, 1525, -1,
          1516, 1515, 1491, -1,
          1556, 1532, 1545, -1,
          1555, 1532, 1556, -1,
          1555, 1533, 1532, -1,
          1517, 1516, 1491, -1,
          1517, 1491, 1494, -1,
          1554, 1533, 1555, -1,
          1554, 1530, 1533, -1,
          1518, 1517, 1494, -1,
          1572, 1530, 1554, -1,
          1572, 1523, 1530, -1,
          1519, 1518, 1494, -1,
          1571, 1523, 1572, -1,
          1571, 1520, 1523, -1,
          1571, 1506, 1520, -1,
          1570, 1506, 1571, -1,
          1570, 1504, 1506, -1,
          1529, 1519, 1494, -1,
          1529, 1494, 1500, -1,
          1647, 1504, 1570, -1,
          1535, 1529, 1500, -1,
          1535, 1500, 1502, -1,
          1539, 1504, 1647, -1,
          1539, 1535, 1502, -1,
          1539, 1502, 1504, -1,
          1670, 1620, 1622, -1,
          1671, 1622, 1623, -1,
          1671, 1670, 1622, -1,
          1669, 1618, 1620, -1,
          1669, 1620, 1670, -1,
          1684, 1632, 1635, -1,
          1684, 1623, 1632, -1,
          1684, 1671, 1623, -1,
          1685, 1635, 1649, -1,
          1685, 1684, 1635, -1,
          1661, 1618, 1669, -1,
          1686, 1649, 1662, -1,
          1686, 1674, 1681, -1,
          1686, 1672, 1674, -1,
          1686, 1662, 1672, -1,
          1686, 1685, 1649, -1,
          1658, 1618, 1661, -1,
          1658, 1616, 1618, -1,
          1653, 1616, 1658, -1,
          1653, 1619, 1616, -1,
          1687, 1686, 1681, -1,
          1687, 1688, 1692, -1,
          1687, 1681, 1688, -1,
          1652, 1621, 1619, -1,
          1652, 1619, 1653, -1,
          1709, 1687, 1692, -1,
          1694, 1709, 1692, -1,
          1651, 1629, 1621, -1,
          1651, 1621, 1652, -1,
          1698, 1709, 1694, -1,
          1698, 1710, 1709, -1,
          1650, 1630, 1629, -1,
          1650, 1629, 1651, -1,
          1657, 1631, 1630, -1,
          1657, 1630, 1650, -1,
          1707, 1710, 1698, -1,
          1707, 1700, 1710, -1,
          1707, 1701, 1700, -1,
          1660, 1634, 1631, -1,
          1660, 1631, 1657, -1,
          1711, 1702, 1701, -1,
          1711, 1701, 1707, -1,
          1668, 1639, 1634, -1,
          1668, 1634, 1660, -1,
          1740, 1703, 1702, -1,
          1740, 1704, 1703, -1,
          1740, 1705, 1704, -1,
          1740, 1702, 1711, -1,
          1664, 1639, 1668, -1,
          1735, 1699, 1705, -1,
          1735, 1705, 1740, -1,
          1683, 1665, 1664, -1,
          1683, 1664, 1668, -1,
          1691, 1665, 1683, -1,
          1708, 1691, 1683, -1,
          1693, 1691, 1708, -1,
          1728, 1693, 1708, -1,
          1718, 1693, 1728, -1,
          1673, 1663, 1690, -1,
          1734, 1718, 1728, -1,
          2810, 1718, 1734, -1,
          1738, 2810, 1734, -1,
          1771, 1690, 1719, -1,
          1771, 1673, 1690, -1,
          2809, 2810, 1738, -1,
          1743, 2809, 1738, -1,
          1772, 1771, 1719, -1,
          1772, 1719, 2809, -1,
          1746, 2809, 1743, -1,
          1747, 1772, 2809, -1,
          1747, 2809, 1746, -1,
          1791, 1772, 1747, -1,
          1773, 1772, 1791, -1,
          2926, 2925, 2924, -1,
          2927, 2926, 2924, -1,
          2928, 2927, 2924, -1,
          1821, 1786, 1789, -1,
          1821, 1789, 1822, -1,
          1823, 1789, 1792, -1,
          1823, 1822, 1789, -1,
          1820, 1786, 1821, -1,
          1820, 1784, 1786, -1,
          1824, 1823, 1792, -1,
          1824, 1792, 1803, -1,
          1819, 1784, 1820, -1,
          1819, 1781, 1784, -1,
          1837, 1824, 1803, -1,
          1837, 1806, 1811, -1,
          1837, 1803, 1806, -1,
          1818, 1781, 1819, -1,
          1818, 1779, 1781, -1,
          1838, 1837, 1811, -1,
          1838, 1815, 1831, -1,
          1838, 1811, 1815, -1,
          1817, 1779, 1818, -1,
          1817, 1783, 1779, -1,
          1839, 1838, 1831, -1,
          1839, 1833, 1847, -1,
          1839, 1831, 1833, -1,
          1805, 1783, 1817, -1,
          1840, 1839, 1847, -1,
          1840, 1847, 1854, -1,
          1861, 1840, 1854, -1,
          1850, 1840, 1861, -1,
          1864, 1881, 1850, -1,
          1864, 1850, 1861, -1,
          1869, 1883, 1881, -1,
          1869, 1888, 1883, -1,
          1869, 1881, 1864, -1,
          1879, 1888, 1869, -1,
          1879, 1890, 1888, -1,
          1879, 1891, 1890, -1,
          1829, 1790, 1804, -1,
          1830, 1829, 1804, -1,
          1830, 1804, 1816, -1,
          1904, 1896, 1891, -1,
          1904, 1891, 1879, -1,
          1885, 1896, 1904, -1,
          1846, 1830, 1816, -1,
          1846, 1816, 1836, -1,
          1857, 1846, 1836, -1,
          1903, 1886, 1885, -1,
          1903, 1885, 1904, -1,
          1808, 1790, 1829, -1,
          1828, 1808, 1829, -1,
          1827, 1808, 1828, -1,
          1832, 1808, 1827, -1,
          1917, 1884, 1886, -1,
          1917, 1886, 1903, -1,
          1908, 1808, 1832, -1,
          1845, 1908, 1832, -1,
          1959, 1892, 1884, -1,
          1959, 1884, 1917, -1,
          1909, 1845, 1856, -1,
          1909, 1908, 1845, -1,
          1958, 1892, 1959, -1,
          1958, 1897, 1892, -1,
          1957, 1895, 1897, -1,
          1957, 1897, 1958, -1,
          1910, 1909, 1856, -1,
          1911, 1856, 1863, -1,
          1911, 1910, 1856, -1,
          1956, 1895, 1957, -1,
          1956, 1889, 1895, -1,
          1912, 1911, 1863, -1,
          1955, 1887, 1889, -1,
          1955, 1889, 1956, -1,
          1954, 1882, 1887, -1,
          1954, 1887, 1955, -1,
          1913, 1863, 1865, -1,
          1913, 1912, 1863, -1,
          1916, 1880, 1882, -1,
          1916, 1882, 1954, -1,
          1914, 1865, 1868, -1,
          1914, 1913, 1865, -1,
          1915, 1876, 1880, -1,
          1915, 1868, 1876, -1,
          1915, 1880, 1916, -1,
          1915, 1914, 1868, -1,
          2814, 1988, 1987, -1,
          2814, 1987, 1992, -1,
          2814, 1992, 2016, -1,
          2029, 1953, 2811, -1,
          2030, 2029, 2811, -1,
          2031, 2030, 2811, -1,
          2032, 2814, 2042, -1,
          2042, 2814, 2047, -1,
          2047, 2814, 2065, -1,
          2814, 2031, 2811, -1,
          1953, 1902, 2811, -1,
          2813, 2811, 1925, -1,
          1925, 2811, 1920, -1,
          1920, 2811, 1902, -1,
          2811, 1988, 2814, -1,
          2016, 2065, 2814, -1,
          2120, 2015, 2038, -1,
          2202, 2120, 2038, -1,
          2203, 2038, 2044, -1,
          2203, 2202, 2038, -1,
          2148, 2044, 2053, -1,
          2148, 2203, 2044, -1,
          2929, 2930, 2931, -1,
          2932, 2929, 2931, -1,
          2933, 2934, 2929, -1,
          2935, 2933, 2929, -1,
          2936, 2929, 2932, -1,
          2936, 2935, 2929, -1,
          2929, 2937, 2930, -1,
          2149, 2109, 2097, -1,
          2149, 2097, 2150, -1,
          2196, 2149, 2150, -1,
          2197, 2150, 2176, -1,
          2197, 2196, 2150, -1,
          2207, 2197, 2176, -1,
          2208, 2207, 2176, -1,
          2209, 2176, 2212, -1,
          2209, 2208, 2176, -1,
          2211, 2209, 2212, -1,
          2204, 2195, 2197, -1,
          2205, 2197, 2207, -1,
          2205, 2204, 2197, -1,
          2206, 2205, 2207, -1,
          2938, 2939, 2940, -1,
          2941, 2938, 2942, -1,
          2941, 2939, 2938, -1,
          2943, 2944, 2939, -1,
          2943, 2939, 2941, -1,
          2945, 2946, 2944, -1,
          2945, 2944, 2943, -1,
          2947, 2948, 2946, -1,
          2947, 2946, 2945, -1,
          2949, 2950, 2948, -1,
          2949, 2948, 2947, -1,
          2951, 2950, 2949, -1,
          2952, 2953, 2950, -1,
          2952, 2950, 2951, -1,
          2954, 2955, 2953, -1,
          2954, 2953, 2952, -1,
          2956, 2955, 2954, -1,
          2957, 2958, 2955, -1,
          2957, 2955, 2956, -1,
          2959, 2960, 2958, -1,
          2959, 2958, 2957, -1,
          2961, 2962, 2960, -1,
          2961, 2960, 2959, -1,
          2963, 2962, 2961, -1,
          2963, 2964, 2965, -1,
          2963, 2965, 2962, -1,
          2966, 2964, 2963, -1,
          2966, 2967, 2964, -1,
          2968, 2967, 2966, -1,
          2968, 2969, 2967, -1,
          2970, 2969, 2968, -1,
          2970, 2971, 2969, -1,
          2972, 2971, 2970, -1,
          2972, 2973, 2974, -1,
          2972, 2974, 2971, -1,
          2975, 2976, 2977, -1,
          2975, 2977, 2978, -1,
          2979, 2975, 2978, -1,
          2980, 2973, 2972, -1,
          2980, 2981, 2973, -1,
          2982, 2979, 2978, -1,
          2983, 2981, 2980, -1,
          2983, 2978, 2981, -1,
          2983, 2982, 2978, -1,
          2937, 2239, 2243, -1,
          2937, 2243, 2247, -1,
          2937, 2247, 2248, -1,
          2930, 2937, 2248, -1,
          2931, 2930, 2248, -1,
          2929, 2239, 2937, -1,
          2932, 2931, 2248, -1,
          2260, 2934, 2933, -1,
          2260, 2262, 2934, -1,
          2278, 2933, 2935, -1,
          2278, 2935, 2936, -1,
          2278, 2260, 2933, -1,
          2238, 2934, 2262, -1,
          2276, 2238, 2262, -1,
          2297, 2278, 2936, -1,
          2277, 2276, 2262, -1,
          2261, 2277, 2262, -1,
          2404, 2296, 2297, -1,
          2405, 2404, 2297, -1,
          2318, 2297, 2936, -1,
          2318, 2405, 2297, -1,
          2238, 2239, 2929, -1,
          2238, 2929, 2934, -1,
          2248, 2318, 2932, -1,
          2932, 2318, 2936, -1,
          2944, 2300, 2304, -1,
          2946, 2300, 2944, -1,
          2946, 2288, 2300, -1,
          2939, 2944, 2304, -1,
          2939, 2304, 2309, -1,
          2948, 2288, 2946, -1,
          2948, 2286, 2288, -1,
          2940, 2939, 2309, -1,
          2940, 2309, 2316, -1,
          2938, 2940, 2316, -1,
          2938, 2316, 2325, -1,
          2950, 2286, 2948, -1,
          2950, 2280, 2286, -1,
          2942, 2938, 2325, -1,
          2942, 2325, 2333, -1,
          2942, 2333, 2337, -1,
          2953, 2283, 2280, -1,
          2953, 2280, 2950, -1,
          2941, 2343, 2356, -1,
          2941, 2337, 2343, -1,
          2941, 2942, 2337, -1,
          2943, 2941, 2356, -1,
          2943, 2356, 2361, -1,
          2955, 2285, 2283, -1,
          2955, 2283, 2953, -1,
          2373, 2943, 2361, -1,
          2945, 2943, 2373, -1,
          2958, 2836, 2285, -1,
          2958, 2285, 2955, -1,
          2379, 2945, 2373, -1,
          2379, 2947, 2945, -1,
          2960, 2835, 2836, -1,
          2960, 2836, 2958, -1,
          2388, 2949, 2947, -1,
          2388, 2947, 2379, -1,
          2951, 2949, 2388, -1,
          2962, 2319, 2835, -1,
          2962, 2835, 2960, -1,
          2395, 2951, 2388, -1,
          2395, 2952, 2951, -1,
          2965, 2319, 2962, -1,
          2964, 2319, 2965, -1,
          2320, 2319, 2964, -1,
          2424, 2954, 2952, -1,
          2424, 2956, 2954, -1,
          2424, 2952, 2395, -1,
          2967, 2320, 2964, -1,
          2969, 2321, 2320, -1,
          2969, 2320, 2967, -1,
          2437, 2957, 2956, -1,
          2437, 2956, 2424, -1,
          2959, 2957, 2437, -1,
          2971, 2321, 2969, -1,
          2328, 2321, 2971, -1,
          2974, 2328, 2971, -1,
          2335, 2328, 2974, -1,
          2973, 2335, 2974, -1,
          2436, 2959, 2437, -1,
          2436, 2961, 2959, -1,
          2981, 2335, 2973, -1,
          2981, 2406, 2335, -1,
          2459, 2963, 2961, -1,
          2459, 2961, 2436, -1,
          2407, 2406, 2981, -1,
          2407, 2981, 2978, -1,
          2458, 2963, 2459, -1,
          2458, 2966, 2963, -1,
          2408, 2407, 2978, -1,
          2408, 2978, 2977, -1,
          2457, 2966, 2458, -1,
          2457, 2968, 2966, -1,
          2409, 2408, 2977, -1,
          2410, 2977, 2976, -1,
          2410, 2409, 2977, -1,
          2465, 2968, 2457, -1,
          2465, 2970, 2968, -1,
          2411, 2410, 2976, -1,
          2411, 2976, 2975, -1,
          2469, 2970, 2465, -1,
          2469, 2972, 2970, -1,
          2412, 2411, 2975, -1,
          2412, 2975, 2979, -1,
          2533, 2972, 2469, -1,
          2533, 2980, 2972, -1,
          2532, 2980, 2533, -1,
          2532, 2983, 2980, -1,
          2420, 2412, 2979, -1,
          2420, 2979, 2982, -1,
          2431, 2983, 2532, -1,
          2431, 2420, 2982, -1,
          2431, 2982, 2983, -1,
          2984, 2985, 2986, -1,
          2987, 2985, 2984, -1,
          2988, 2989, 2987, -1,
          2988, 2987, 2984, -1,
          2990, 2989, 2988, -1,
          2991, 2992, 2990, -1,
          2991, 2990, 2988, -1,
          2993, 2992, 2991, -1,
          2994, 2992, 2993, -1,
          2995, 2994, 2993, -1,
          2996, 2995, 2993, -1,
          2997, 2996, 2993, -1,
          2998, 2999, 3000, -1,
          3001, 3000, 3002, -1,
          3001, 3002, 3003, -1,
          3001, 2998, 3000, -1,
          3004, 3003, 3005, -1,
          3004, 3001, 3003, -1,
          3006, 3005, 3007, -1,
          3006, 3007, 3008, -1,
          3006, 3008, 3009, -1,
          3006, 3009, 3010, -1,
          3006, 3010, 2997, -1,
          3006, 2997, 2993, -1,
          3006, 3004, 3005, -1,
          2501, 2443, 2444, -1,
          2494, 2441, 2443, -1,
          2494, 2443, 2501, -1,
          2502, 2501, 2444, -1,
          2502, 2449, 2454, -1,
          2502, 2444, 2449, -1,
          2486, 2441, 2494, -1,
          2486, 2440, 2441, -1,
          2507, 2502, 2454, -1,
          2507, 2454, 2460, -1,
          2485, 2438, 2440, -1,
          2485, 2440, 2486, -1,
          2508, 2507, 2460, -1,
          2508, 2460, 2470, -1,
          2482, 2438, 2485, -1,
          2482, 2434, 2438, -1,
          2514, 2508, 2470, -1,
          2514, 2475, 2478, -1,
          2514, 2470, 2475, -1,
          2481, 2434, 2482, -1,
          2481, 2432, 2434, -1,
          2481, 2435, 2432, -1,
          2517, 2514, 2478, -1,
          2517, 2478, 2487, -1,
          2498, 2517, 2487, -1,
          2523, 2517, 2498, -1,
          2467, 2435, 2481, -1,
          2509, 2523, 2498, -1,
          2526, 2523, 2509, -1,
          2512, 2546, 2526, -1,
          2512, 2526, 2509, -1,
          2519, 2548, 2546, -1,
          2519, 2546, 2512, -1,
          2554, 2548, 2519, -1,
          2524, 2557, 2554, -1,
          2524, 2554, 2519, -1,
          2549, 2558, 2557, -1,
          2549, 2557, 2524, -1,
          2528, 2558, 2549, -1,
          2471, 2456, 2466, -1,
          2464, 2456, 2471, -1,
          2561, 2529, 2528, -1,
          2561, 2528, 2549, -1,
          2527, 2529, 2561, -1,
          2474, 2464, 2471, -1,
          2476, 2464, 2474, -1,
          2477, 2468, 2464, -1,
          2477, 2464, 2476, -1,
          2480, 2468, 2477, -1,
          2566, 2544, 2527, -1,
          2566, 2527, 2561, -1,
          2534, 2468, 2480, -1,
          2484, 2534, 2480, -1,
          2493, 2534, 2484, -1,
          2535, 2534, 2493, -1,
          2605, 2552, 2544, -1,
          2605, 2544, 2566, -1,
          2500, 2535, 2493, -1,
          2536, 2535, 2500, -1,
          2506, 2536, 2500, -1,
          2604, 2559, 2552, -1,
          2604, 2552, 2605, -1,
          2537, 2536, 2506, -1,
          2538, 2537, 2506, -1,
          2603, 2556, 2559, -1,
          2603, 2559, 2604, -1,
          2539, 2506, 2513, -1,
          2539, 2538, 2506, -1,
          2632, 2553, 2556, -1,
          2632, 2556, 2603, -1,
          2540, 2539, 2513, -1,
          2541, 2540, 2513, -1,
          2631, 2547, 2553, -1,
          2631, 2553, 2632, -1,
          2542, 2513, 2516, -1,
          2542, 2541, 2513, -1,
          2630, 2545, 2547, -1,
          2630, 2525, 2545, -1,
          2630, 2547, 2631, -1,
          2543, 2516, 2520, -1,
          2543, 2542, 2516, -1,
          2629, 2522, 2525, -1,
          2629, 2525, 2630, -1,
          2560, 2543, 2520, -1,
          2564, 2520, 2522, -1,
          2564, 2522, 2629, -1,
          2564, 2560, 2520, -1,
          3011, 3012, 3013, -1,
          3014, 3011, 3013, -1,
          3015, 3016, 3011, -1,
          3017, 3015, 3011, -1,
          3018, 3011, 3014, -1,
          3018, 3017, 3011, -1,
          3011, 3019, 3012, -1,
          2989, 2578, 2580, -1,
          2987, 2580, 2583, -1,
          2987, 2989, 2580, -1,
          2990, 2571, 2578, -1,
          2990, 2578, 2989, -1,
          2985, 2987, 2583, -1,
          2985, 2593, 2596, -1,
          2985, 2591, 2593, -1,
          2985, 2583, 2591, -1,
          2992, 2571, 2990, -1,
          2986, 2596, 2606, -1,
          2986, 2985, 2596, -1,
          2994, 2571, 2992, -1,
          2994, 2574, 2571, -1,
          2984, 2986, 2606, -1,
          2995, 2574, 2994, -1,
          2995, 2576, 2574, -1,
          2996, 2576, 2995, -1,
          2996, 2579, 2576, -1,
          2988, 2984, 2606, -1,
          2988, 2606, 2622, -1,
          2997, 2579, 2996, -1,
          2997, 2582, 2579, -1,
          3010, 2582, 2997, -1,
          3010, 2584, 2582, -1,
          2991, 2988, 2622, -1,
          2991, 2622, 2636, -1,
          3009, 2584, 3010, -1,
          3008, 2601, 2584, -1,
          3008, 2584, 3009, -1,
          2993, 2636, 2639, -1,
          2993, 2991, 2636, -1,
          3007, 2602, 2601, -1,
          3007, 2601, 3008, -1,
          3005, 2611, 2602, -1,
          3005, 2602, 3007, -1,
          3003, 2611, 3005, -1,
          3002, 2612, 2611, -1,
          3002, 2611, 3003, -1,
          2614, 2612, 3002, -1,
          3000, 2614, 3002, -1,
          2615, 2614, 3000, -1,
          2999, 2615, 3000, -1,
          2617, 2615, 2999, -1,
          2619, 2617, 2999, -1,
          2621, 2999, 2998, -1,
          2621, 2619, 2999, -1,
          3006, 2993, 2639, -1,
          2652, 2651, 2621, -1,
          2650, 2620, 2621, -1,
          2650, 2621, 2651, -1,
          2653, 2621, 2998, -1,
          2653, 2652, 2621, -1,
          2649, 2616, 2618, -1,
          2649, 2618, 2620, -1,
          2649, 2620, 2650, -1,
          2654, 2998, 3001, -1,
          2654, 2653, 2998, -1,
          2655, 3001, 3004, -1,
          2655, 2654, 3001, -1,
          2648, 2613, 2616, -1,
          2648, 2610, 2613, -1,
          2648, 2616, 2649, -1,
          2656, 2655, 3004, -1,
          2657, 2656, 3004, -1,
          2657, 3004, 3006, -1,
          2658, 2657, 3006, -1,
          2647, 2610, 2648, -1,
          2600, 2610, 2647, -1,
          2626, 2600, 2647, -1,
          2627, 2626, 2647, -1,
          2628, 2627, 2647, -1,
          2675, 2674, 2658, -1,
          2676, 2675, 2658, -1,
          2646, 2658, 2674, -1,
          2639, 2676, 2658, -1,
          2639, 2658, 3006, -1,
          3020, 3021, 3022, -1,
          3020, 3022, 3023, -1,
          3020, 3023, 3024, -1,
          3025, 3026, 3021, -1,
          3025, 3021, 3020, -1,
          3027, 3028, 3026, -1,
          3027, 3026, 3025, -1,
          3029, 3030, 3028, -1,
          3029, 3028, 3027, -1,
          3031, 3030, 3029, -1,
          3032, 3031, 3029, -1,
          3033, 3032, 3029, -1,
          3034, 3033, 3029, -1,
          3035, 3036, 3037, -1,
          3035, 3037, 3038, -1,
          3039, 3038, 3040, -1,
          3039, 3040, 3041, -1,
          3039, 3035, 3038, -1,
          3042, 3041, 3043, -1,
          3042, 3039, 3041, -1,
          3044, 3043, 3045, -1,
          3044, 3045, 3046, -1,
          3044, 3046, 3047, -1,
          3044, 3047, 3048, -1,
          3044, 3048, 3034, -1,
          3044, 3034, 3029, -1,
          3044, 3042, 3043, -1,
          3049, 3050, 3051, -1,
          3049, 3051, 3052, -1,
          3049, 3052, 3053, -1,
          3054, 3055, 3050, -1,
          3054, 3050, 3049, -1,
          3056, 3055, 3054, -1,
          3057, 3055, 3056, -1,
          3058, 3057, 3056, -1,
          3059, 3057, 3058, -1,
          3060, 3059, 3058, -1,
          3061, 3060, 3058, -1,
          3062, 3061, 3058, -1,
          3063, 3064, 3065, -1,
          3063, 3065, 3066, -1,
          3063, 3066, 3067, -1,
          3068, 3067, 3069, -1,
          3068, 3063, 3067, -1,
          3070, 3069, 3071, -1,
          3070, 3068, 3069, -1,
          3072, 3071, 3073, -1,
          3072, 3073, 3074, -1,
          3072, 3074, 3075, -1,
          3072, 3075, 3076, -1,
          3072, 3076, 3062, -1,
          3072, 3062, 3058, -1,
          3072, 3070, 3071, -1,
          3019, 2659, 2661, -1,
          3019, 2661, 2663, -1,
          3019, 2663, 2668, -1,
          3012, 3019, 2668, -1,
          3013, 3012, 2668, -1,
          3011, 2659, 3019, -1,
          3014, 3013, 2668, -1,
          2681, 3016, 3015, -1,
          2681, 3015, 3017, -1,
          2681, 2682, 3016, -1,
          2699, 3017, 3018, -1,
          2699, 2681, 3017, -1,
          2677, 3016, 2682, -1,
          2678, 2677, 2682, -1,
          2700, 2699, 3018, -1,
          2679, 2678, 2682, -1,
          2680, 2679, 2682, -1,
          2740, 2698, 2700, -1,
          2741, 2740, 2700, -1,
          2719, 2700, 3018, -1,
          2719, 2741, 2700, -1,
          2677, 2659, 3011, -1,
          2677, 3011, 3016, -1,
          2668, 2719, 3014, -1,
          3014, 2719, 3018, -1,
          3077, 3078, 3079, -1,
          3077, 3079, 3080, -1,
          3077, 3080, 3081, -1,
          3082, 3083, 3078, -1,
          3082, 3078, 3077, -1,
          3084, 3085, 3083, -1,
          3084, 3083, 3082, -1,
          3086, 3087, 3085, -1,
          3086, 3085, 3084, -1,
          3088, 3087, 3086, -1,
          3089, 3088, 3086, -1,
          3090, 3089, 3086, -1,
          3091, 3090, 3086, -1,
          3092, 3093, 3094, -1,
          3092, 3094, 3095, -1,
          3096, 3095, 3097, -1,
          3096, 3097, 3098, -1,
          3096, 3092, 3095, -1,
          3099, 3098, 3100, -1,
          3099, 3096, 3098, -1,
          3101, 3100, 3102, -1,
          3101, 3102, 3103, -1,
          3101, 3103, 3104, -1,
          3101, 3104, 3105, -1,
          3101, 3105, 3091, -1,
          3101, 3091, 3086, -1,
          3101, 3099, 3100, -1,
          3106, 3107, 3108, -1,
          3106, 3108, 3109, -1,
          3106, 3109, 3110, -1,
          3111, 3112, 3107, -1,
          3111, 3107, 3106, -1,
          3113, 3112, 3111, -1,
          3114, 3112, 3113, -1,
          3115, 3114, 3113, -1,
          3116, 3114, 3115, -1,
          3117, 3116, 3115, -1,
          3118, 3117, 3115, -1,
          3119, 3118, 3115, -1,
          3120, 3121, 3122, -1,
          3120, 3122, 3123, -1,
          3120, 3123, 3124, -1,
          3125, 3124, 3126, -1,
          3125, 3120, 3124, -1,
          3127, 3126, 3128, -1,
          3127, 3125, 3126, -1,
          3129, 3128, 3130, -1,
          3129, 3130, 3131, -1,
          3129, 3131, 3132, -1,
          3129, 3132, 3133, -1,
          3129, 3133, 3119, -1,
          3129, 3119, 3115, -1,
          3129, 3127, 3128, -1,
          3050, 2692, 2694, -1,
          3051, 3050, 2694, -1,
          3051, 2694, 2695, -1,
          3055, 2692, 3050, -1,
          3055, 2688, 2692, -1,
          3052, 2696, 2701, -1,
          3052, 2695, 2696, -1,
          3052, 3051, 2695, -1,
          3057, 2688, 3055, -1,
          3057, 2687, 2688, -1,
          3059, 2687, 3057, -1,
          3059, 2685, 2687, -1,
          3053, 3052, 2701, -1,
          3053, 2712, 2723, -1,
          3053, 2701, 2712, -1,
          3060, 2691, 2685, -1,
          3060, 2685, 3059, -1,
          3049, 2723, 2729, -1,
          3049, 3053, 2723, -1,
          3061, 2693, 2691, -1,
          3061, 2691, 3060, -1,
          3054, 3049, 2729, -1,
          3062, 2703, 2693, -1,
          3062, 2693, 3061, -1,
          3056, 2729, 2737, -1,
          3056, 3054, 2729, -1,
          3076, 2704, 2703, -1,
          3076, 2703, 3062, -1,
          3075, 2704, 3076, -1,
          3058, 3056, 2737, -1,
          3058, 2737, 2749, -1,
          3074, 2709, 2704, -1,
          3074, 2704, 3075, -1,
          3073, 2711, 2709, -1,
          3073, 2709, 3074, -1,
          3071, 2715, 2711, -1,
          3071, 2711, 3073, -1,
          3069, 2715, 3071, -1,
          2716, 2715, 3069, -1,
          3067, 2716, 3069, -1,
          2718, 2716, 3067, -1,
          3066, 2718, 3067, -1,
          2725, 3066, 3065, -1,
          2725, 2718, 3066, -1,
          3064, 2725, 3065, -1,
          3021, 2714, 2717, -1,
          3026, 2714, 3021, -1,
          3026, 2710, 2714, -1,
          3022, 2717, 2725, -1,
          3022, 3021, 2717, -1,
          3028, 2708, 2710, -1,
          3028, 2707, 2708, -1,
          3028, 2710, 3026, -1,
          3023, 3022, 2725, -1,
          3030, 2707, 3028, -1,
          3030, 2702, 2707, -1,
          3024, 2725, 3064, -1,
          3024, 3023, 2725, -1,
          3031, 2705, 2702, -1,
          3031, 2702, 3030, -1,
          3072, 3058, 2749, -1,
          3020, 3064, 3063, -1,
          3020, 3024, 3064, -1,
          3032, 2706, 2705, -1,
          3032, 2834, 2706, -1,
          3032, 2705, 3031, -1,
          3033, 2833, 2834, -1,
          3033, 2834, 3032, -1,
          3025, 3063, 3068, -1,
          3025, 3020, 3063, -1,
          3034, 2832, 2833, -1,
          3034, 2833, 3033, -1,
          3027, 3068, 3070, -1,
          3027, 3025, 3068, -1,
          3048, 2720, 2832, -1,
          3048, 2832, 3034, -1,
          3047, 2721, 2720, -1,
          3047, 2720, 3048, -1,
          3029, 3070, 3072, -1,
          3029, 3027, 3070, -1,
          3046, 2721, 3047, -1,
          3045, 2722, 2721, -1,
          3045, 2721, 3046, -1,
          3043, 2726, 2722, -1,
          3043, 2722, 3045, -1,
          3041, 2726, 3043, -1,
          3040, 2727, 2726, -1,
          3040, 2726, 3041, -1,
          3038, 2727, 3040, -1,
          2728, 2727, 3038, -1,
          2742, 3038, 3037, -1,
          2742, 2728, 3038, -1,
          2743, 2742, 3037, -1,
          2744, 2743, 3037, -1,
          2745, 2744, 3037, -1,
          2745, 3037, 3036, -1,
          2747, 2745, 3036, -1,
          2747, 3036, 3035, -1,
          2750, 2747, 3035, -1,
          2750, 3035, 3039, -1,
          2752, 2750, 3039, -1,
          2752, 3039, 3042, -1,
          2797, 2752, 3042, -1,
          2797, 3042, 3044, -1,
          2774, 2797, 3044, -1,
          2774, 3044, 3029, -1,
          2749, 2774, 3029, -1,
          2749, 3029, 3072, -1,
          3134, 3135, 3136, -1,
          3137, 3138, 3135, -1,
          3137, 3135, 3134, -1,
          3139, 3140, 3138, -1,
          3139, 3138, 3137, -1,
          3141, 3142, 3140, -1,
          3141, 3140, 3139, -1,
          3143, 3142, 3141, -1,
          3144, 3142, 3143, -1,
          3145, 3142, 3144, -1,
          3146, 3142, 3145, -1,
          3147, 3146, 3145, -1,
          3148, 3149, 3146, -1,
          3148, 3146, 3147, -1,
          3150, 3149, 3148, -1,
          3151, 3152, 3149, -1,
          3151, 3149, 3150, -1,
          3153, 3152, 3151, -1,
          3154, 3155, 3152, -1,
          3154, 3152, 3153, -1,
          3156, 3157, 3155, -1,
          3156, 3155, 3154, -1,
          3158, 3159, 3157, -1,
          3158, 3157, 3156, -1,
          3160, 3159, 3158, -1,
          3161, 3162, 3163, -1,
          3161, 3163, 3164, -1,
          3165, 3166, 3162, -1,
          3165, 3162, 3161, -1,
          3167, 3168, 3166, -1,
          3167, 3166, 3165, -1,
          3169, 3170, 3171, -1,
          3169, 3171, 3168, -1,
          3169, 3168, 3167, -1,
          3172, 3173, 3174, -1,
          3172, 3174, 3170, -1,
          3172, 3170, 3169, -1,
          3175, 3176, 3177, -1,
          3175, 3177, 3173, -1,
          3175, 3173, 3172, -1,
          3178, 3179, 3180, -1,
          3178, 3180, 3176, -1,
          3178, 3176, 3175, -1,
          3181, 3182, 3183, -1,
          3181, 3183, 3179, -1,
          3181, 3179, 3178, -1,
          3184, 3185, 3182, -1,
          3184, 3182, 3181, -1,
          3186, 3187, 3185, -1,
          3186, 3185, 3184, -1,
          3188, 3189, 3190, -1,
          3188, 3190, 3187, -1,
          3188, 3187, 3186, -1,
          3107, 2761, 2760, -1,
          3108, 3107, 2760, -1,
          3108, 2760, 2764, -1,
          3112, 2761, 3107, -1,
          3112, 2757, 2761, -1,
          3109, 2765, 2767, -1,
          3109, 2764, 2765, -1,
          3109, 3108, 2764, -1,
          3114, 2757, 3112, -1,
          3114, 2756, 2757, -1,
          3116, 2756, 3114, -1,
          3116, 2754, 2756, -1,
          3110, 3109, 2767, -1,
          3110, 2781, 2790, -1,
          3110, 2767, 2781, -1,
          3117, 2758, 2754, -1,
          3117, 2754, 3116, -1,
          3106, 2790, 2793, -1,
          3106, 3110, 2790, -1,
          3118, 2759, 2758, -1,
          3118, 2758, 3117, -1,
          3111, 3106, 2793, -1,
          3119, 2763, 2759, -1,
          3119, 2759, 3118, -1,
          3113, 2793, 2794, -1,
          3113, 3111, 2793, -1,
          3133, 2770, 2763, -1,
          3133, 2763, 3119, -1,
          3132, 2770, 3133, -1,
          3115, 3113, 2794, -1,
          3115, 2794, 2795, -1,
          3131, 2776, 2770, -1,
          3131, 2770, 3132, -1,
          3130, 2780, 2776, -1,
          3130, 2776, 3131, -1,
          3128, 2784, 2780, -1,
          3128, 2780, 3130, -1,
          3126, 2784, 3128, -1,
          2785, 2784, 3126, -1,
          3124, 2785, 3126, -1,
          2788, 2785, 3124, -1,
          3123, 2788, 3124, -1,
          2791, 3123, 3122, -1,
          2791, 2788, 3123, -1,
          3121, 2791, 3122, -1,
          3078, 2783, 2787, -1,
          3083, 2783, 3078, -1,
          3083, 2779, 2783, -1,
          3079, 2787, 2791, -1,
          3079, 3078, 2787, -1,
          3085, 2775, 2779, -1,
          3085, 2772, 2775, -1,
          3085, 2779, 3083, -1,
          3080, 3079, 2791, -1,
          3087, 2772, 3085, -1,
          3087, 2768, 2772, -1,
          3081, 2791, 3121, -1,
          3081, 3080, 2791, -1,
          3088, 2769, 2768, -1,
          3088, 2768, 3087, -1,
          3129, 3115, 2795, -1,
          3077, 3121, 3120, -1,
          3077, 3081, 3121, -1,
          3089, 2771, 2769, -1,
          3089, 2773, 2771, -1,
          3089, 2769, 3088, -1,
          3090, 2777, 2773, -1,
          3090, 2773, 3089, -1,
          3082, 3120, 3125, -1,
          3082, 3077, 3120, -1,
          3091, 2778, 2777, -1,
          3091, 2777, 3090, -1,
          3084, 3125, 3127, -1,
          3084, 3082, 3125, -1,
          3105, 2782, 2778, -1,
          3105, 2778, 3091, -1,
          3104, 2786, 2782, -1,
          3104, 2782, 3105, -1,
          3086, 3127, 3129, -1,
          3086, 3084, 3127, -1,
          3103, 2786, 3104, -1,
          3102, 2789, 2786, -1,
          3102, 2786, 3103, -1,
          3100, 2792, 2789, -1,
          3100, 2789, 3102, -1,
          3098, 2792, 3100, -1,
          3097, 2798, 2792, -1,
          3097, 2792, 3098, -1,
          3095, 2798, 3097, -1,
          2799, 2798, 3095, -1,
          2800, 3095, 3094, -1,
          2800, 2799, 3095, -1,
          2801, 2800, 3094, -1,
          2802, 2801, 3094, -1,
          2803, 2802, 3094, -1,
          2803, 3094, 3093, -1,
          2804, 2803, 3093, -1,
          2804, 3093, 3092, -1,
          2805, 2804, 3092, -1,
          2805, 3092, 3096, -1,
          2806, 2805, 3096, -1,
          2806, 3096, 3099, -1,
          2807, 2806, 3099, -1,
          2807, 3099, 3101, -1,
          2808, 2807, 3101, -1,
          2808, 3101, 3086, -1,
          2795, 2808, 3086, -1,
          2795, 3086, 3129, -1,
          757, 745, 756, -1,
          758, 745, 757, -1,
          758, 744, 745, -1,
          758, 743, 744, -1,
          759, 743, 758, -1,
          759, 742, 743, -1,
          760, 742, 759, -1,
          760, 741, 742, -1,
          760, 739, 741, -1,
          3162, 733, 737, -1,
          3162, 737, 3163, -1,
          3164, 737, 739, -1,
          3164, 3163, 737, -1,
          3166, 733, 3162, -1,
          765, 739, 760, -1,
          765, 3164, 739, -1,
          3161, 3164, 765, -1,
          3168, 734, 733, -1,
          3168, 733, 3166, -1,
          3171, 735, 734, -1,
          3171, 734, 3168, -1,
          775, 769, 774, -1,
          3170, 736, 735, -1,
          3170, 735, 3171, -1,
          763, 3165, 3161, -1,
          763, 3167, 3165, -1,
          763, 3161, 765, -1,
          778, 768, 769, -1,
          778, 769, 775, -1,
          3174, 736, 3170, -1,
          779, 767, 768, -1,
          779, 768, 778, -1,
          738, 736, 3174, -1,
          780, 767, 779, -1,
          780, 766, 767, -1,
          3173, 738, 3174, -1,
          740, 738, 3173, -1,
          781, 766, 780, -1,
          3177, 740, 3173, -1,
          3135, 761, 764, -1,
          3136, 766, 781, -1,
          3136, 764, 766, -1,
          3136, 3135, 764, -1,
          3172, 3169, 762, -1,
          3138, 761, 3135, -1,
          782, 3136, 781, -1,
          3134, 3136, 782, -1,
          3140, 762, 761, -1,
          3140, 761, 3138, -1,
          3176, 740, 3177, -1,
          746, 740, 3176, -1,
          3142, 762, 3140, -1,
          3142, 3172, 762, -1,
          783, 3134, 782, -1,
          783, 3137, 3134, -1,
          783, 3139, 3137, -1,
          3180, 746, 3176, -1,
          836, 3139, 783, -1,
          836, 3141, 3139, -1,
          836, 3143, 3141, -1,
          3179, 746, 3180, -1,
          747, 746, 3179, -1,
          3146, 3175, 3172, -1,
          3146, 3172, 3142, -1,
          3183, 747, 3179, -1,
          835, 3143, 836, -1,
          835, 3144, 3143, -1,
          835, 3145, 3144, -1,
          3182, 748, 747, -1,
          3182, 747, 3183, -1,
          3149, 3178, 3175, -1,
          3149, 3175, 3146, -1,
          3185, 749, 748, -1,
          3185, 748, 3182, -1,
          773, 3181, 3178, -1,
          773, 3178, 3149, -1,
          3187, 749, 3185, -1,
          3190, 749, 3187, -1,
          834, 3145, 835, -1,
          834, 3147, 3145, -1,
          750, 749, 3190, -1,
          3189, 750, 3190, -1,
          3152, 773, 3149, -1,
          839, 3147, 834, -1,
          839, 3148, 3147, -1,
          838, 3148, 839, -1,
          838, 3150, 3148, -1,
          3151, 3150, 838, -1,
          772, 3186, 3184, -1,
          772, 3188, 3186, -1,
          772, 3184, 3181, -1,
          3155, 773, 3152, -1,
          770, 773, 3155, -1,
          770, 3155, 3157, -1,
          3159, 770, 3157, -1,
          771, 750, 3189, -1,
          771, 3189, 3188, -1,
          771, 3188, 772, -1,
          3160, 770, 3159, -1,
          853, 3151, 838, -1,
          853, 3153, 3151, -1,
          853, 3154, 3153, -1,
          786, 750, 771, -1,
          786, 751, 750, -1,
          786, 752, 751, -1,
          785, 752, 786, -1,
          785, 753, 752, -1,
          830, 3154, 853, -1,
          830, 3156, 3154, -1,
          830, 3158, 3156, -1,
          777, 770, 3160, -1,
          789, 753, 785, -1,
          789, 754, 753, -1,
          788, 792, 755, -1,
          788, 755, 754, -1,
          788, 754, 789, -1,
          827, 3158, 830, -1,
          827, 3160, 3158, -1,
          822, 777, 3160, -1,
          822, 3160, 827, -1,
          813, 794, 777, -1,
          813, 777, 822, -1,
          812, 798, 794, -1,
          812, 794, 813, -1,
          806, 801, 798, -1,
          806, 798, 812, -1,
          804, 802, 801, -1,
          804, 801, 806, -1,
          773, 772, 3181, -1,
          763, 762, 3169, -1,
          763, 3169, 3167, -1,
          870, 843, 849, -1,
          870, 849, 851, -1,
          870, 851, 854, -1,
          870, 854, 858, -1,
          869, 843, 870, -1,
          2831, 842, 843, -1,
          903, 842, 2831, -1,
          902, 837, 833, -1,
          902, 833, 842, -1,
          902, 842, 903, -1,
          912, 843, 869, -1,
          912, 2831, 843, -1,
          883, 912, 869, -1,
          913, 912, 883, -1,
          893, 913, 883, -1,
          914, 913, 893, -1,
          912, 911, 918, -1,
          912, 918, 2831, -1,
          900, 2831, 917, -1,
          917, 2831, 918, -1,
          980, 964, 975, -1,
          991, 964, 980, -1,
          991, 963, 964, -1,
          991, 962, 963, -1,
          991, 980, 985, -1,
          996, 962, 991, -1,
          996, 959, 962, -1,
          982, 951, 952, -1,
          984, 982, 952, -1,
          984, 955, 956, -1,
          984, 952, 955, -1,
          986, 959, 996, -1,
          986, 984, 956, -1,
          986, 956, 959, -1,
          979, 951, 982, -1,
          989, 986, 996, -1,
          989, 996, 1013, -1,
          977, 951, 979, -1,
          977, 950, 951, -1,
          970, 950, 977, -1,
          970, 954, 950, -1,
          1007, 1005, 989, -1,
          1007, 989, 1013, -1,
          969, 954, 970, -1,
          1029, 1005, 1007, -1,
          968, 954, 969, -1,
          968, 957, 954, -1,
          1050, 1038, 1041, -1,
          967, 957, 968, -1,
          1054, 1038, 1050, -1,
          1054, 1035, 1038, -1,
          1070, 1035, 1054, -1,
          1070, 1026, 1035, -1,
          1070, 1017, 1026, -1,
          976, 960, 957, -1,
          976, 957, 967, -1,
          1006, 1031, 1030, -1,
          1032, 1031, 1006, -1,
          1069, 1017, 1070, -1,
          1033, 1032, 1006, -1,
          978, 960, 976, -1,
          1051, 1009, 1010, -1,
          1051, 1008, 1009, -1,
          1049, 1008, 1051, -1,
          1053, 1051, 1010, -1,
          1053, 1010, 1012, -1,
          1048, 1008, 1049, -1,
          1048, 1006, 1008, -1,
          1057, 1012, 1017, -1,
          1057, 1069, 1068, -1,
          1057, 1053, 1012, -1,
          1057, 1017, 1069, -1,
          1047, 1006, 1048, -1,
          1066, 1057, 1068, -1,
          1044, 1006, 1047, -1,
          1044, 1033, 1006, -1,
          1071, 1096, 1066, -1,
          1071, 1066, 1068, -1,
          1043, 1033, 1044, -1,
          1043, 1021, 1033, -1,
          1042, 1021, 1043, -1,
          1042, 1022, 1021, -1,
          1080, 1097, 1096, -1,
          1080, 1098, 1097, -1,
          1080, 1096, 1071, -1,
          1092, 1098, 1080, -1,
          1046, 1020, 1022, -1,
          1046, 1022, 1042, -1,
          1087, 1092, 1080, -1,
          1028, 1020, 1046, -1,
          1088, 1087, 1080, -1,
          1089, 1080, 1093, -1,
          1089, 1088, 1080, -1,
          1086, 1089, 1093, -1,
          987, 960, 978, -1,
          1019, 987, 978, -1,
          1025, 1019, 978, -1,
          1074, 1056, 1028, -1,
          1083, 1074, 1028, -1,
          1130, 1104, 1095, -1,
          1132, 1130, 1095, -1,
          1114, 1132, 1095, -1,
          1046, 1065, 1083, -1,
          1046, 1083, 1028, -1,
          978, 1004, 1025, -1,
          1007, 1006, 1030, -1,
          1007, 1030, 1029, -1,
          1080, 1067, 1079, -1,
          1080, 1079, 1084, -1,
          1080, 1084, 1093, -1,
          1093, 1114, 1095, -1,
          1093, 1095, 1091, -1,
          1093, 1091, 1086, -1,
          1145, 1127, 1139, -1,
          1156, 1127, 1145, -1,
          1156, 1122, 1127, -1,
          1156, 1115, 1122, -1,
          1156, 1145, 1148, -1,
          1158, 1115, 1156, -1,
          1158, 1112, 1115, -1,
          1146, 1106, 1107, -1,
          1147, 1146, 1107, -1,
          1147, 1109, 1110, -1,
          1147, 1107, 1109, -1,
          1150, 1112, 1158, -1,
          1150, 1147, 1110, -1,
          1150, 1110, 1112, -1,
          1144, 1106, 1146, -1,
          1155, 1150, 1158, -1,
          1155, 1158, 1178, -1,
          1141, 1106, 1144, -1,
          1141, 1105, 1106, -1,
          1138, 1105, 1141, -1,
          1138, 1108, 1105, -1,
          1173, 1167, 1155, -1,
          1173, 1155, 1178, -1,
          1137, 1108, 1138, -1,
          1186, 1167, 1173, -1,
          1136, 1108, 1137, -1,
          1136, 1111, 1108, -1,
          1210, 1193, 1211, -1,
          1135, 1111, 1136, -1,
          1209, 1193, 1210, -1,
          1209, 1191, 1193, -1,
          1228, 1191, 1209, -1,
          1228, 1184, 1191, -1,
          1228, 1179, 1184, -1,
          1140, 1113, 1111, -1,
          1140, 1111, 1135, -1,
          1172, 1188, 1187, -1,
          1189, 1188, 1172, -1,
          1235, 1179, 1228, -1,
          1190, 1189, 1172, -1,
          1143, 1113, 1140, -1,
          1203, 1175, 1176, -1,
          1203, 1174, 1175, -1,
          1201, 1174, 1203, -1,
          1204, 1203, 1176, -1,
          1204, 1176, 1177, -1,
          1200, 1174, 1201, -1,
          1200, 1172, 1174, -1,
          1207, 1177, 1179, -1,
          1207, 1235, 1234, -1,
          1207, 1204, 1177, -1,
          1207, 1179, 1235, -1,
          1199, 1172, 1200, -1,
          1232, 1207, 1234, -1,
          1197, 1172, 1199, -1,
          1197, 1190, 1172, -1,
          1238, 1260, 1232, -1,
          1238, 1232, 1234, -1,
          1196, 1190, 1197, -1,
          1196, 1181, 1190, -1,
          1195, 1181, 1196, -1,
          1195, 1182, 1181, -1,
          1242, 1261, 1260, -1,
          1242, 1262, 1261, -1,
          1242, 1260, 1238, -1,
          1257, 1262, 1242, -1,
          1198, 1180, 1182, -1,
          1198, 1182, 1195, -1,
          1252, 1257, 1242, -1,
          1185, 1180, 1198, -1,
          1253, 1252, 1242, -1,
          1254, 1242, 1258, -1,
          1254, 1253, 1242, -1,
          1251, 1254, 1258, -1,
          1151, 1113, 1143, -1,
          1169, 1151, 1143, -1,
          1171, 1169, 1143, -1,
          1245, 1205, 1185, -1,
          1246, 1245, 1185, -1,
          1352, 1278, 1259, -1,
          1353, 1352, 1259, -1,
          1301, 1353, 1259, -1,
          1198, 1231, 1246, -1,
          1198, 1246, 1185, -1,
          1143, 1166, 1171, -1,
          1173, 1172, 1187, -1,
          1173, 1187, 1186, -1,
          1242, 1233, 1241, -1,
          1242, 1241, 1248, -1,
          1242, 1248, 1258, -1,
          1258, 1301, 1259, -1,
          1258, 1259, 1256, -1,
          1258, 1256, 1251, -1,
          1299, 1277, 1275, -1,
          1299, 1275, 1282, -1,
          1310, 1299, 1282, -1,
          1310, 1282, 1306, -1,
          1329, 1310, 1306, -1,
          1329, 1306, 1335, -1,
          1341, 1289, 1292, -1,
          1341, 1338, 1289, -1,
          1334, 1287, 1289, -1,
          1334, 1289, 1338, -1,
          1345, 1341, 1292, -1,
          1345, 1298, 1302, -1,
          1345, 1292, 1298, -1,
          1331, 1287, 1334, -1,
          1331, 1284, 1287, -1,
          1348, 1309, 1317, -1,
          1348, 1305, 1309, -1,
          1348, 1302, 1305, -1,
          1348, 1317, 1327, -1,
          1348, 1345, 1302, -1,
          1326, 1285, 1284, -1,
          1326, 1284, 1331, -1,
          1350, 1339, 1343, -1,
          1350, 1332, 1339, -1,
          1350, 1327, 1332, -1,
          1350, 1348, 1327, -1,
          1321, 1285, 1326, -1,
          1321, 1286, 1285, -1,
          1346, 1329, 1335, -1,
          1355, 1343, 1346, -1,
          1355, 1350, 1343, -1,
          1313, 1286, 1321, -1,
          1368, 1355, 1346, -1,
          1312, 1288, 1286, -1,
          1312, 1286, 1313, -1,
          1370, 1368, 1346, -1,
          1376, 1370, 1346, -1,
          1311, 1291, 1288, -1,
          1311, 1288, 1312, -1,
          1316, 1300, 1291, -1,
          1316, 1291, 1311, -1,
          1320, 1300, 1316, -1,
          1319, 1304, 1300, -1,
          1319, 1300, 1320, -1,
          1387, 1346, 1335, -1,
          1387, 1380, 1376, -1,
          1387, 1381, 1380, -1,
          1387, 1382, 1381, -1,
          1387, 1376, 1346, -1,
          1325, 1304, 1319, -1,
          1328, 1308, 1304, -1,
          1328, 1304, 1325, -1,
          1330, 1308, 1328, -1,
          1333, 1315, 1308, -1,
          1333, 1308, 1330, -1,
          1337, 1318, 1315, -1,
          1337, 1315, 1333, -1,
          1340, 1318, 1337, -1,
          1340, 1358, 1318, -1,
          1344, 1358, 1340, -1,
          1389, 1358, 1344, -1,
          1347, 1389, 1344, -1,
          1392, 1384, 1379, -1,
          1390, 1389, 1347, -1,
          1446, 1384, 1392, -1,
          1420, 1384, 1446, -1,
          1420, 1385, 1384, -1,
          1396, 1390, 1347, -1,
          1396, 1347, 1349, -1,
          1419, 1385, 1420, -1,
          1419, 1383, 1385, -1,
          1397, 1396, 1349, -1,
          1418, 1383, 1419, -1,
          1418, 1378, 1383, -1,
          1405, 1397, 1349, -1,
          1417, 1378, 1418, -1,
          1417, 1375, 1378, -1,
          1417, 1369, 1375, -1,
          1410, 1369, 1417, -1,
          1410, 1367, 1369, -1,
          1406, 1405, 1349, -1,
          1406, 1349, 1354, -1,
          1409, 1367, 1410, -1,
          1407, 1406, 1354, -1,
          1407, 1354, 1356, -1,
          1408, 1367, 1409, -1,
          1408, 1407, 1356, -1,
          1408, 1356, 1367, -1,
          1386, 1371, 1399, -1,
          2830, 1386, 1399, -1,
          1427, 1399, 1421, -1,
          1427, 2830, 1399, -1,
          1402, 1386, 2830, -1,
          1426, 1402, 2830, -1,
          1444, 1421, 1456, -1,
          1444, 1427, 1421, -1,
          1467, 1444, 1456, -1,
          1425, 1402, 1426, -1,
          1415, 1402, 1425, -1,
          1443, 1415, 1425, -1,
          1447, 1415, 1443, -1,
          1466, 1447, 1443, -1,
          1474, 1447, 1466, -1,
          1486, 1475, 1474, -1,
          1486, 1474, 1466, -1,
          1482, 1476, 1475, -1,
          1541, 1482, 1475, -1,
          1538, 1475, 1486, -1,
          1538, 1541, 1475, -1,
          1557, 1537, 1531, -1,
          1557, 1531, 1551, -1,
          1617, 1551, 1562, -1,
          1617, 1557, 1551, -1,
          1601, 1562, 1581, -1,
          1601, 1617, 1562, -1,
          1547, 1503, 1496, -1,
          1547, 1496, 1542, -1,
          1563, 1542, 1559, -1,
          1563, 1547, 1542, -1,
          1582, 1559, 1574, -1,
          1582, 1563, 1559, -1,
          1580, 1575, 1564, -1,
          1580, 1573, 1576, -1,
          1580, 1564, 1573, -1,
          1584, 1591, 1605, -1,
          1584, 1592, 1591, -1,
          1584, 1593, 1592, -1,
          1584, 1578, 1593, -1,
          1584, 1576, 1578, -1,
          1584, 1580, 1576, -1,
          1585, 1584, 1605, -1,
          1608, 1585, 1605, -1,
          1595, 1585, 1608, -1,
          1611, 1596, 1595, -1,
          1611, 1595, 1608, -1,
          1612, 1597, 1596, -1,
          1612, 1596, 1611, -1,
          1614, 1598, 1597, -1,
          1614, 1597, 1612, -1,
          1627, 1600, 1598, -1,
          1627, 1599, 1600, -1,
          1627, 1598, 1614, -1,
          1626, 1606, 1599, -1,
          1626, 1599, 1627, -1,
          1625, 1609, 1606, -1,
          1625, 1606, 1626, -1,
          1602, 1586, 1579, -1,
          1602, 1579, 1583, -1,
          1655, 1602, 1583, -1,
          1655, 1583, 1594, -1,
          1656, 1609, 1625, -1,
          1656, 1594, 1609, -1,
          1656, 1655, 1594, -1,
          1676, 1656, 1625, -1,
          1677, 1676, 1625, -1,
          1677, 1625, 1624, -1,
          1678, 1677, 1624, -1,
          1678, 1624, 1633, -1,
          1679, 1678, 1633, -1,
          1679, 1633, 1636, -1,
          1682, 1654, 1656, -1,
          1689, 1656, 1676, -1,
          1689, 1682, 1656, -1,
          1675, 1689, 1676, -1,
          1748, 1695, 1706, -1,
          1748, 1706, 1712, -1,
          1748, 1712, 1724, -1,
          1764, 1767, 1774, -1,
          1764, 1774, 1787, -1,
          1764, 1787, 1796, -1,
          2829, 1748, 1761, -1,
          2829, 1695, 1748, -1,
          2828, 1763, 1764, -1,
          2828, 1762, 1763, -1,
          2828, 1761, 1762, -1,
          2828, 1764, 1796, -1,
          2828, 2829, 1761, -1,
          1778, 2829, 2828, -1,
          1777, 2829, 1778, -1,
          1776, 1778, 2828, -1,
          1739, 2829, 1777, -1,
          1780, 1739, 1777, -1,
          1782, 1780, 1777, -1,
          1785, 1782, 1777, -1,
          1848, 1825, 1776, -1,
          1855, 1848, 1776, -1,
          1859, 1776, 2828, -1,
          1859, 1855, 1776, -1,
          1841, 1812, 1809, -1,
          1841, 1809, 1842, -1,
          1878, 1842, 1866, -1,
          1878, 1841, 1842, -1,
          2816, 1866, 1898, -1,
          2816, 1878, 1866, -1,
          1875, 1849, 1835, -1,
          1875, 1835, 1862, -1,
          2817, 2816, 1898, -1,
          1901, 1862, 1877, -1,
          1901, 1875, 1862, -1,
          1931, 1877, 2817, -1,
          1931, 1901, 1877, -1,
          1858, 1860, 1874, -1,
          1921, 1874, 1900, -1,
          1921, 1858, 1874, -1,
          2812, 1900, 1930, -1,
          2812, 1921, 1900, -1,
          1989, 1930, 1931, -1,
          1989, 2812, 1930, -1,
          1898, 1989, 1931, -1,
          1898, 1931, 2817, -1,
          2000, 1922, 1926, -1,
          2000, 1926, 1929, -1,
          2000, 1929, 1932, -1,
          2008, 2006, 2011, -1,
          2008, 2011, 2014, -1,
          2008, 2014, 2034, -1,
          2017, 2000, 2010, -1,
          2039, 2017, 2010, -1,
          2045, 2039, 2010, -1,
          2054, 2010, 2008, -1,
          2054, 2045, 2010, -1,
          2017, 1922, 2000, -1,
          2034, 2054, 2008, -1,
          3191, 3192, 3193, -1,
          3194, 3191, 3195, -1,
          3194, 3192, 3191, -1,
          3196, 3197, 3192, -1,
          3196, 3192, 3194, -1,
          3198, 3199, 3197, -1,
          3198, 3197, 3196, -1,
          3200, 3201, 3199, -1,
          3200, 3199, 3198, -1,
          3202, 3203, 3201, -1,
          3202, 3201, 3200, -1,
          3204, 3203, 3202, -1,
          3205, 3206, 3203, -1,
          3205, 3203, 3204, -1,
          3207, 3208, 3206, -1,
          3207, 3206, 3205, -1,
          3209, 3208, 3207, -1,
          3210, 3211, 3208, -1,
          3210, 3208, 3209, -1,
          3212, 3213, 3211, -1,
          3212, 3211, 3210, -1,
          3214, 3215, 3213, -1,
          3214, 3213, 3212, -1,
          3216, 3215, 3214, -1,
          3216, 3217, 3218, -1,
          3216, 3218, 3215, -1,
          3219, 3217, 3216, -1,
          3219, 3220, 3217, -1,
          3221, 3220, 3219, -1,
          3221, 3222, 3220, -1,
          3223, 3222, 3221, -1,
          3223, 3224, 3222, -1,
          3225, 3224, 3223, -1,
          3225, 3226, 3227, -1,
          3225, 3227, 3224, -1,
          3228, 3229, 3230, -1,
          3228, 3230, 3231, -1,
          3232, 3228, 3231, -1,
          3233, 3226, 3225, -1,
          3233, 3234, 3226, -1,
          3235, 3232, 3231, -1,
          3236, 3234, 3233, -1,
          3236, 3231, 3234, -1,
          3236, 3235, 3231, -1,
          2819, 2164, 2173, -1,
          2819, 2173, 2181, -1,
          2819, 2181, 2184, -1,
          2815, 2147, 2818, -1,
          2177, 2815, 2818, -1,
          2178, 2177, 2818, -1,
          2210, 2819, 2240, -1,
          2240, 2819, 2241, -1,
          2241, 2819, 2228, -1,
          2819, 2178, 2818, -1,
          2147, 2048, 2818, -1,
          2093, 2818, 2094, -1,
          2094, 2818, 2072, -1,
          2072, 2818, 2048, -1,
          2818, 2164, 2819, -1,
          2184, 2228, 2819, -1,
          3197, 2225, 2226, -1,
          3199, 2225, 3197, -1,
          3199, 2223, 2225, -1,
          3192, 3197, 2226, -1,
          3192, 2226, 2232, -1,
          3201, 2223, 3199, -1,
          3201, 2221, 2223, -1,
          3193, 3192, 2232, -1,
          3193, 2232, 2236, -1,
          3191, 3193, 2236, -1,
          3191, 2236, 2237, -1,
          3203, 2221, 3201, -1,
          3203, 2217, 2221, -1,
          3195, 3191, 2237, -1,
          3195, 2237, 2242, -1,
          3195, 2242, 2246, -1,
          3206, 2219, 2217, -1,
          3206, 2217, 3203, -1,
          3194, 2252, 2255, -1,
          3194, 2246, 2252, -1,
          3194, 3195, 2246, -1,
          3196, 3194, 2255, -1,
          3196, 2255, 2263, -1,
          3208, 2220, 2219, -1,
          3208, 2219, 3206, -1,
          2266, 3196, 2263, -1,
          3198, 3196, 2266, -1,
          3211, 2222, 2220, -1,
          3211, 2220, 3208, -1,
          2267, 3198, 2266, -1,
          2267, 3200, 3198, -1,
          3213, 2224, 2222, -1,
          3213, 2222, 3211, -1,
          2269, 3202, 3200, -1,
          2269, 3200, 2267, -1,
          3204, 3202, 2269, -1,
          3215, 2227, 2224, -1,
          3215, 2224, 3213, -1,
          2271, 3204, 2269, -1,
          2271, 3205, 3204, -1,
          3218, 2227, 3215, -1,
          3217, 2227, 3218, -1,
          2235, 2227, 3217, -1,
          2279, 3207, 3205, -1,
          2279, 3209, 3207, -1,
          2279, 3205, 2271, -1,
          3220, 2235, 3217, -1,
          3222, 2244, 2235, -1,
          3222, 2235, 3220, -1,
          2294, 3210, 3209, -1,
          2294, 3209, 2279, -1,
          3212, 3210, 2294, -1,
          3224, 2244, 3222, -1,
          2249, 2244, 3224, -1,
          3227, 2249, 3224, -1,
          2250, 2249, 3227, -1,
          3226, 2250, 3227, -1,
          2293, 3212, 2294, -1,
          2293, 3214, 3212, -1,
          3234, 2250, 3226, -1,
          3234, 2251, 2250, -1,
          2315, 3216, 3214, -1,
          2315, 3214, 2293, -1,
          2254, 2251, 3234, -1,
          2254, 3234, 3231, -1,
          2314, 3216, 2315, -1,
          2314, 3219, 3216, -1,
          2259, 2254, 3231, -1,
          2259, 3231, 3230, -1,
          2313, 3219, 2314, -1,
          2313, 3221, 3219, -1,
          2284, 2259, 3230, -1,
          2281, 3230, 3229, -1,
          2281, 2284, 3230, -1,
          2327, 3221, 2313, -1,
          2327, 3223, 3221, -1,
          2282, 2281, 3229, -1,
          2282, 3229, 3228, -1,
          2326, 3223, 2327, -1,
          2326, 3225, 3223, -1,
          2287, 2282, 3228, -1,
          2287, 3228, 3232, -1,
          2317, 3225, 2326, -1,
          2317, 3233, 3225, -1,
          2310, 3233, 2317, -1,
          2310, 3236, 3233, -1,
          2289, 2287, 3232, -1,
          2289, 3232, 3235, -1,
          2305, 3236, 2310, -1,
          2305, 2289, 3235, -1,
          2305, 3235, 3236, -1,
          2365, 2303, 2306, -1,
          2360, 2301, 2303, -1,
          2360, 2303, 2365, -1,
          2366, 2365, 2306, -1,
          2366, 2307, 2311, -1,
          2366, 2306, 2307, -1,
          2353, 2301, 2360, -1,
          2353, 2298, 2301, -1,
          2371, 2366, 2311, -1,
          2371, 2311, 2322, -1,
          2352, 2295, 2298, -1,
          2352, 2298, 2353, -1,
          2372, 2371, 2322, -1,
          2372, 2322, 2331, -1,
          2347, 2295, 2352, -1,
          2347, 2291, 2295, -1,
          2382, 2372, 2331, -1,
          2382, 2338, 2341, -1,
          2382, 2331, 2338, -1,
          2346, 2291, 2347, -1,
          2346, 2290, 2291, -1,
          2346, 2292, 2290, -1,
          2384, 2382, 2341, -1,
          2384, 2341, 2354, -1,
          2363, 2384, 2354, -1,
          2391, 2384, 2363, -1,
          2330, 2292, 2346, -1,
          2375, 2391, 2363, -1,
          2394, 2391, 2375, -1,
          2377, 2415, 2394, -1,
          2377, 2394, 2375, -1,
          2386, 2417, 2415, -1,
          2386, 2415, 2377, -1,
          2423, 2417, 2386, -1,
          2392, 2426, 2423, -1,
          2392, 2423, 2386, -1,
          2418, 2427, 2426, -1,
          2418, 2426, 2392, -1,
          2399, 2427, 2418, -1,
          2334, 2312, 2329, -1,
          2324, 2312, 2334, -1,
          2430, 2400, 2399, -1,
          2430, 2399, 2418, -1,
          2398, 2400, 2430, -1,
          2336, 2324, 2334, -1,
          2339, 2324, 2336, -1,
          2340, 2344, 2324, -1,
          2340, 2324, 2339, -1,
          2345, 2344, 2340, -1,
          2448, 2413, 2398, -1,
          2448, 2398, 2430, -1,
          2357, 2344, 2345, -1,
          2351, 2357, 2345, -1,
          2359, 2357, 2351, -1,
          2358, 2357, 2359, -1,
          2447, 2419, 2413, -1,
          2447, 2413, 2448, -1,
          2364, 2358, 2359, -1,
          2362, 2358, 2364, -1,
          2370, 2362, 2364, -1,
          2453, 2428, 2419, -1,
          2453, 2419, 2447, -1,
          2374, 2362, 2370, -1,
          2380, 2374, 2370, -1,
          2452, 2425, 2428, -1,
          2452, 2428, 2453, -1,
          2389, 2370, 2381, -1,
          2389, 2380, 2370, -1,
          2462, 2422, 2425, -1,
          2462, 2425, 2452, -1,
          2396, 2389, 2381, -1,
          2397, 2396, 2381, -1,
          2461, 2416, 2422, -1,
          2461, 2422, 2462, -1,
          2433, 2381, 2383, -1,
          2433, 2397, 2381, -1,
          2455, 2414, 2416, -1,
          2455, 2393, 2414, -1,
          2455, 2416, 2461, -1,
          2439, 2383, 2387, -1,
          2439, 2433, 2383, -1,
          2450, 2390, 2393, -1,
          2450, 2393, 2455, -1,
          2442, 2439, 2387, -1,
          2445, 2387, 2390, -1,
          2445, 2390, 2450, -1,
          2445, 2442, 2387, -1,
          3237, 3238, 3239, -1,
          3240, 3237, 3241, -1,
          3240, 3238, 3237, -1,
          3242, 3243, 3238, -1,
          3242, 3238, 3240, -1,
          3244, 3245, 3243, -1,
          3244, 3243, 3242, -1,
          3246, 3247, 3245, -1,
          3246, 3245, 3244, -1,
          3248, 3249, 3247, -1,
          3248, 3247, 3246, -1,
          3250, 3249, 3248, -1,
          3251, 3252, 3249, -1,
          3251, 3249, 3250, -1,
          3253, 3254, 3252, -1,
          3253, 3252, 3251, -1,
          3255, 3254, 3253, -1,
          3256, 3257, 3254, -1,
          3256, 3254, 3255, -1,
          3258, 3259, 3257, -1,
          3258, 3257, 3256, -1,
          3260, 3261, 3259, -1,
          3260, 3259, 3258, -1,
          3262, 3261, 3260, -1,
          3262, 3263, 3264, -1,
          3262, 3264, 3261, -1,
          3265, 3263, 3262, -1,
          3265, 3266, 3263, -1,
          3267, 3266, 3265, -1,
          3267, 3268, 3266, -1,
          3269, 3268, 3267, -1,
          3269, 3270, 3268, -1,
          3271, 3270, 3269, -1,
          3271, 3272, 3273, -1,
          3271, 3273, 3270, -1,
          3274, 3275, 3276, -1,
          3274, 3276, 3277, -1,
          3278, 3274, 3277, -1,
          3279, 3272, 3271, -1,
          3279, 3280, 3272, -1,
          3281, 3278, 3277, -1,
          3282, 3280, 3279, -1,
          3282, 3277, 3280, -1,
          3282, 3281, 3277, -1,
          2479, 2451, 2446, -1,
          2479, 2446, 2463, -1,
          2499, 2463, 2472, -1,
          2499, 2479, 2463, -1,
          2505, 2472, 2483, -1,
          2505, 2499, 2472, -1,
          3243, 2497, 2503, -1,
          3245, 2497, 3243, -1,
          3245, 2495, 2497, -1,
          3238, 3243, 2503, -1,
          3238, 2503, 2510, -1,
          3247, 2495, 3245, -1,
          3247, 2491, 2495, -1,
          3239, 3238, 2510, -1,
          3239, 2510, 2515, -1,
          3237, 3239, 2515, -1,
          3237, 2515, 2521, -1,
          3249, 2491, 3247, -1,
          3249, 2489, 2491, -1,
          3241, 3237, 2521, -1,
          3241, 2521, 2530, -1,
          3241, 2530, 2555, -1,
          3252, 2488, 2489, -1,
          3252, 2489, 3249, -1,
          3240, 2563, 2567, -1,
          3240, 2555, 2563, -1,
          3240, 3241, 2555, -1,
          3242, 3240, 2567, -1,
          3242, 2567, 2568, -1,
          3254, 2490, 2488, -1,
          3254, 2488, 3252, -1,
          2570, 3242, 2568, -1,
          3244, 3242, 2570, -1,
          3257, 2492, 2490, -1,
          3257, 2490, 3254, -1,
          2590, 3244, 2570, -1,
          2590, 3246, 3244, -1,
          3259, 2496, 2492, -1,
          3259, 2492, 3257, -1,
          2589, 3248, 3246, -1,
          2589, 3246, 2590, -1,
          3250, 3248, 2589, -1,
          3261, 2504, 2496, -1,
          3261, 2496, 3259, -1,
          2588, 3250, 2589, -1,
          2588, 3251, 3250, -1,
          3264, 2504, 3261, -1,
          3263, 2504, 3264, -1,
          2511, 2504, 3263, -1,
          2587, 3253, 3251, -1,
          2587, 3255, 3253, -1,
          2587, 3251, 2588, -1,
          3266, 2511, 3263, -1,
          3268, 2518, 2511, -1,
          3268, 2511, 3266, -1,
          2586, 3256, 3255, -1,
          2586, 3255, 2587, -1,
          3258, 3256, 2586, -1,
          3270, 2518, 3268, -1,
          2550, 2518, 3270, -1,
          3273, 2550, 3270, -1,
          2551, 2550, 3273, -1,
          3272, 2551, 3273, -1,
          2592, 3258, 2586, -1,
          2592, 3260, 3258, -1,
          3280, 2551, 3272, -1,
          3280, 2562, 2551, -1,
          2635, 3262, 3260, -1,
          2635, 3260, 2592, -1,
          2565, 2562, 3280, -1,
          2565, 3280, 3277, -1,
          2634, 3262, 2635, -1,
          2634, 3265, 3262, -1,
          2577, 2565, 3277, -1,
          2577, 3277, 3276, -1,
          2624, 3265, 2634, -1,
          2624, 3267, 3265, -1,
          2575, 2577, 3276, -1,
          2572, 3276, 3275, -1,
          2572, 2575, 3276, -1,
          2623, 3267, 2624, -1,
          2623, 3269, 3267, -1,
          2573, 2572, 3275, -1,
          2573, 3275, 3274, -1,
          2609, 3269, 2623, -1,
          2609, 3271, 3269, -1,
          2581, 2573, 3274, -1,
          2581, 3274, 3278, -1,
          2608, 3271, 2609, -1,
          2608, 3279, 3271, -1,
          2607, 3279, 2608, -1,
          2607, 3282, 3279, -1,
          2594, 2581, 3278, -1,
          2594, 3278, 3281, -1,
          2597, 3282, 2607, -1,
          2597, 2594, 3281, -1,
          2597, 3281, 3282, -1,
          3283, 3284, 3285, -1,
          3286, 3283, 3285, -1,
          3287, 3288, 3283, -1,
          3289, 3287, 3283, -1,
          3290, 3283, 3286, -1,
          3290, 3289, 3283, -1,
          3283, 3291, 3284, -1,
          2827, 2638, 2642, -1,
          2827, 2642, 2644, -1,
          2827, 2644, 2645, -1,
          2637, 2633, 2826, -1,
          2640, 2637, 2826, -1,
          2641, 2640, 2826, -1,
          2660, 2827, 2662, -1,
          2662, 2827, 2664, -1,
          2664, 2827, 2666, -1,
          2827, 2641, 2826, -1,
          2633, 2585, 2826, -1,
          2599, 2826, 2598, -1,
          2598, 2826, 2595, -1,
          2595, 2826, 2585, -1,
          2826, 2638, 2827, -1,
          2645, 2666, 2827, -1,
          3291, 2667, 2670, -1,
          3291, 2670, 2672, -1,
          3291, 2672, 2683, -1,
          3284, 3291, 2683, -1,
          3285, 3284, 2683, -1,
          3283, 2667, 3291, -1,
          3286, 3285, 2683, -1,
          2690, 3288, 3287, -1,
          2690, 3287, 3289, -1,
          2690, 2689, 3288, -1,
          2697, 3289, 3290, -1,
          2697, 2690, 3289, -1,
          2665, 3288, 2689, -1,
          2669, 2665, 2689, -1,
          2713, 2697, 3290, -1,
          2671, 2669, 2689, -1,
          2686, 2671, 2689, -1,
          2730, 2724, 2713, -1,
          2731, 2730, 2713, -1,
          2733, 2713, 3290, -1,
          2733, 2731, 2713, -1,
          2665, 2667, 3283, -1,
          2665, 3283, 3288, -1,
          2683, 2733, 3286, -1,
          3286, 2733, 3290, -1,
          3292, 383, 350, -1,
          3292, 350, 3293, -1,
          3294, 3293, 3295, -1,
          3294, 3292, 3293, -1,
          3296, 3295, 3297, -1,
          3296, 3294, 3295, -1,
          2732, 2734, 2736, -1,
          2755, 2736, 2751, -1,
          2755, 2732, 2736, -1,
          2753, 2735, 2738, -1,
          2753, 2738, 2746, -1,
          2753, 2746, 2748, -1,
          2762, 2751, 2753, -1,
          2762, 2755, 2751, -1,
          2766, 2753, 2748, -1,
          2766, 2762, 2753, -1,
          3293, 350, 351, -1,
          3295, 3293, 351, -1,
          3297, 351, 384, -1,
          3297, 384, 385, -1,
          3297, 385, 386, -1,
          3297, 3295, 351, -1,
          3296, 3297, 386, -1,
          388, 382, 383, -1,
          388, 383, 3292, -1,
          389, 3292, 3294, -1,
          389, 388, 3292, -1,
          390, 3294, 3296, -1,
          390, 389, 3294, -1,
          391, 387, 390, -1,
          392, 391, 390, -1,
          393, 392, 390, -1,
          386, 393, 390, -1,
          386, 390, 3296, -1,
          1227, 1208, 1240, -1,
          1283, 1240, 1269, -1,
          1283, 1227, 1240, -1,
          1280, 1236, 1243, -1,
          1280, 1243, 1250, -1,
          1280, 1250, 1263, -1,
          1307, 1269, 1280, -1,
          1307, 1283, 1269, -1,
          1336, 1280, 1263, -1,
          1336, 1307, 1280, -1,
          2820, 1281, 1290, -1,
          2820, 1290, 1303, -1,
          2820, 1303, 1314, -1,
          2821, 1393, 1403, -1,
          2821, 1403, 1411, -1,
          2821, 1411, 1414, -1,
          1342, 1281, 2820, -1,
          1422, 1398, 1401, -1,
          1423, 1422, 1401, -1,
          1424, 1423, 1401, -1,
          1484, 2821, 1414, -1,
          1457, 2821, 1497, -1,
          1497, 2821, 1498, -1,
          1498, 2821, 1484, -1,
          2821, 1424, 1401, -1,
          2821, 1401, 1400, -1,
          1398, 2820, 1401, -1,
          1401, 2820, 1394, -1,
          2820, 1374, 1373, -1,
          2820, 1373, 1372, -1,
          2820, 1372, 1342, -1,
          1314, 1394, 2820, -1,
          1400, 1393, 2821, -1,
          1483, 1485, 1493, -1,
          1543, 1483, 1493, -1,
          1560, 1493, 1522, -1,
          1560, 1543, 1493, -1,
          1565, 1522, 1544, -1,
          1565, 1560, 1522, -1,
          1577, 1499, 1509, -1,
          1577, 1509, 1524, -1,
          1577, 1524, 1536, -1,
          1603, 1604, 1610, -1,
          1603, 1610, 1613, -1,
          1603, 1613, 1642, -1,
          1590, 1577, 1607, -1,
          1615, 1590, 1607, -1,
          1637, 1615, 1607, -1,
          1638, 1607, 1603, -1,
          1638, 1637, 1607, -1,
          1590, 1499, 1577, -1,
          1642, 1638, 1603, -1,
          1723, 1680, 1641, -1,
          1723, 1641, 1648, -1,
          1723, 1648, 1659, -1,
          1723, 1659, 1667, -1,
          1721, 1696, 1680, -1,
          1721, 1680, 1723, -1,
          1717, 1696, 1721, -1,
          1716, 1697, 1696, -1,
          1716, 1696, 1717, -1,
          1715, 1713, 1697, -1,
          1715, 1697, 1716, -1,
          1751, 1732, 1737, -1,
          1751, 1737, 1741, -1,
          1751, 1741, 1744, -1,
          1720, 1713, 1715, -1,
          1722, 1714, 1713, -1,
          1722, 1713, 1720, -1,
          1729, 1725, 1714, -1,
          1729, 1714, 1722, -1,
          1795, 1751, 1744, -1,
          1731, 1725, 1729, -1,
          1726, 1725, 1731, -1,
          1733, 1726, 1731, -1,
          1727, 1726, 1733, -1,
          1794, 1751, 1795, -1,
          1794, 1758, 1751, -1,
          1730, 1733, 1736, -1,
          1730, 1727, 1733, -1,
          1749, 1730, 1736, -1,
          1802, 1758, 1794, -1,
          1802, 1760, 1758, -1,
          1802, 1759, 1760, -1,
          1750, 1749, 1736, -1,
          1765, 1736, 1742, -1,
          1765, 1750, 1736, -1,
          1801, 1757, 1759, -1,
          1801, 1759, 1802, -1,
          1766, 1765, 1742, -1,
          1810, 1756, 1757, -1,
          1810, 1757, 1801, -1,
          1799, 1755, 1756, -1,
          1799, 1756, 1810, -1,
          1768, 1742, 1745, -1,
          1768, 1766, 1742, -1,
          1798, 1752, 1755, -1,
          1798, 1755, 1799, -1,
          1775, 1745, 1754, -1,
          1775, 1768, 1745, -1,
          1797, 1753, 1752, -1,
          1797, 1752, 1798, -1,
          1788, 1754, 1753, -1,
          1788, 1775, 1754, -1,
          1788, 1753, 1797, -1,
          1800, 1793, 1807, -1,
          1843, 1800, 1807, -1,
          1844, 1807, 1814, -1,
          1844, 1843, 1807, -1,
          1853, 1814, 1834, -1,
          1853, 1844, 1814, -1,
          1972, 1939, 1941, -1,
          1973, 1941, 1944, -1,
          1973, 1972, 1941, -1,
          1971, 1937, 1939, -1,
          1971, 1939, 1972, -1,
          1979, 1946, 1947, -1,
          1979, 1944, 1946, -1,
          1979, 1973, 1944, -1,
          1980, 1947, 1948, -1,
          1980, 1979, 1947, -1,
          1963, 1937, 1971, -1,
          1981, 1948, 1964, -1,
          1981, 1976, 1977, -1,
          1981, 1974, 1976, -1,
          1981, 1964, 1974, -1,
          1981, 1980, 1948, -1,
          1961, 1937, 1963, -1,
          1961, 1936, 1937, -1,
          1952, 1936, 1961, -1,
          1952, 1938, 1936, -1,
          1982, 1981, 1977, -1,
          1982, 1983, 1986, -1,
          1982, 1977, 1983, -1,
          1951, 1940, 1938, -1,
          1951, 1938, 1952, -1,
          2002, 1982, 1986, -1,
          1991, 2002, 1986, -1,
          1950, 1942, 1940, -1,
          1950, 1940, 1951, -1,
          2025, 2002, 1991, -1,
          2025, 2003, 2002, -1,
          1949, 1943, 1942, -1,
          1949, 1942, 1950, -1,
          1960, 1945, 1943, -1,
          1960, 1943, 1949, -1,
          2020, 2003, 2025, -1,
          2020, 1994, 2003, -1,
          2020, 1995, 1994, -1,
          1962, 1966, 1945, -1,
          1962, 1945, 1960, -1,
          2019, 1996, 1995, -1,
          2019, 1995, 2020, -1,
          1970, 1967, 1966, -1,
          1970, 1966, 1962, -1,
          2022, 1997, 1996, -1,
          2022, 1998, 1997, -1,
          2022, 1999, 1998, -1,
          2022, 1996, 2019, -1,
          1968, 1967, 1970, -1,
          2013, 1993, 1999, -1,
          2013, 1999, 2022, -1,
          1978, 1969, 1968, -1,
          1978, 1968, 1970, -1,
          1985, 1969, 1978, -1,
          2001, 1985, 1978, -1,
          1990, 1985, 2001, -1,
          2009, 1990, 2001, -1,
          2004, 1990, 2009, -1,
          1975, 1965, 1984, -1,
          2012, 2004, 2009, -1,
          2824, 2004, 2012, -1,
          2033, 2824, 2012, -1,
          2007, 1984, 2005, -1,
          2007, 1975, 1984, -1,
          2823, 2824, 2033, -1,
          2059, 2823, 2033, -1,
          2035, 2007, 2005, -1,
          2035, 2005, 2823, -1,
          2064, 2823, 2059, -1,
          2076, 2035, 2823, -1,
          2076, 2823, 2064, -1,
          2075, 2035, 2076, -1,
          2086, 2035, 2075, -1,
          1826, 1813, 1851, -1,
          2825, 1826, 1851, -1,
          1873, 1851, 1870, -1,
          1873, 2825, 1851, -1,
          1852, 1826, 2825, -1,
          1872, 1852, 2825, -1,
          1894, 1870, 1906, -1,
          1894, 1873, 1870, -1,
          1919, 1894, 1906, -1,
          1871, 1852, 1872, -1,
          1867, 1852, 1871, -1,
          1893, 1867, 1871, -1,
          1899, 1867, 1893, -1,
          1918, 1899, 1893, -1,
          1923, 1899, 1918, -1,
          1928, 1924, 1923, -1,
          1928, 1923, 1918, -1,
          1933, 1927, 1924, -1,
          1934, 1933, 1924, -1,
          1935, 1924, 1928, -1,
          1935, 1934, 1924, -1,
          3298, 2170, 2179, -1,
          3298, 2179, 2180, -1,
          3298, 2180, 2200, -1,
          3299, 2198, 3298, -1,
          2189, 2183, 2188, -1,
          2214, 2189, 2188, -1,
          2215, 2188, 2194, -1,
          2215, 2214, 2188, -1,
          2216, 2194, 2198, -1,
          2216, 2215, 2194, -1,
          2231, 3299, 3300, -1,
          2231, 2216, 2198, -1,
          2231, 2198, 3299, -1,
          2229, 3300, 3301, -1,
          2229, 2231, 3300, -1,
          2245, 3302, 3298, -1,
          2245, 3298, 2200, -1,
          2253, 3301, 3302, -1,
          2253, 2229, 3301, -1,
          2253, 3302, 2245, -1,
          2233, 2213, 2216, -1,
          2257, 2253, 2245, -1,
          2234, 2233, 2216, -1,
          2234, 2216, 2231, -1,
          2230, 2234, 2231, -1,
          2198, 2170, 3298, -1,
          2096, 2036, 2040, -1,
          2091, 2024, 2036, -1,
          2091, 2036, 2096, -1,
          2088, 2024, 2091, -1,
          2088, 2018, 2024, -1,
          2107, 2040, 2043, -1,
          2107, 2096, 2040, -1,
          2108, 2046, 2060, -1,
          2108, 2043, 2046, -1,
          2108, 2107, 2043, -1,
          2082, 2018, 2088, -1,
          2114, 2060, 2084, -1,
          2114, 2108, 2060, -1,
          2114, 2092, 2103, -1,
          2114, 2084, 2092, -1,
          2078, 2021, 2018, -1,
          2078, 2018, 2082, -1,
          2069, 2023, 2021, -1,
          2069, 2021, 2078, -1,
          2123, 2114, 2103, -1,
          2123, 2112, 2121, -1,
          2123, 2103, 2112, -1,
          2068, 2026, 2023, -1,
          2068, 2023, 2069, -1,
          2127, 2123, 2121, -1,
          2135, 2127, 2121, -1,
          2128, 2127, 2135, -1,
          2067, 2041, 2037, -1,
          2067, 2037, 2026, -1,
          2067, 2026, 2068, -1,
          2138, 2129, 2128, -1,
          2138, 2128, 2135, -1,
          2066, 2041, 2067, -1,
          2073, 2052, 2041, -1,
          2073, 2041, 2066, -1,
          2077, 2052, 2073, -1,
          2172, 2130, 2129, -1,
          2172, 2131, 2130, -1,
          2172, 2129, 2138, -1,
          2081, 2052, 2077, -1,
          2081, 2057, 2052, -1,
          2087, 2057, 2081, -1,
          2087, 2062, 2057, -1,
          2090, 2062, 2087, -1,
          2090, 2071, 2062, -1,
          2171, 2131, 2172, -1,
          2171, 2136, 2131, -1,
          2171, 2141, 2136, -1,
          2095, 2071, 2090, -1,
          2095, 2080, 2071, -1,
          2083, 2080, 2095, -1,
          2106, 2083, 2095, -1,
          2822, 2083, 2106, -1,
          2113, 2822, 2106, -1,
          2161, 2141, 2171, -1,
          2161, 2139, 2141, -1,
          2133, 2070, 2079, -1,
          2125, 2061, 2070, -1,
          2125, 2070, 2133, -1,
          2143, 2079, 2822, -1,
          2143, 2133, 2079, -1,
          2118, 2056, 2061, -1,
          2118, 2061, 2125, -1,
          2145, 2143, 2822, -1,
          2116, 2051, 2056, -1,
          2116, 2056, 2118, -1,
          2146, 2145, 2822, -1,
          2146, 2822, 2113, -1,
          2146, 2113, 2122, -1,
          2105, 2050, 2051, -1,
          2105, 2049, 2050, -1,
          2105, 2051, 2116, -1,
          2152, 2146, 2122, -1,
          2102, 2055, 2049, -1,
          2102, 2049, 2105, -1,
          2154, 2152, 2122, -1,
          2154, 2122, 2126, -1,
          2101, 2058, 2055, -1,
          2101, 2055, 2102, -1,
          2140, 2154, 2126, -1,
          2100, 2063, 2058, -1,
          2100, 2058, 2101, -1,
          2099, 2074, 2063, -1,
          2099, 2063, 2100, -1,
          2104, 2085, 2074, -1,
          2104, 2074, 2099, -1,
          2111, 2085, 2104, -1,
          2115, 2085, 2111, -1,
          2115, 2089, 2085, -1,
          2117, 2098, 2089, -1,
          2117, 2089, 2115, -1,
          2124, 2098, 2117, -1,
          2132, 2098, 2124, -1,
          2132, 2110, 2098, -1,
          2137, 2110, 2132, -1,
          2119, 2137, 2142, -1,
          2119, 2110, 2137, -1,
          2134, 2142, 2144, -1,
          2134, 2119, 2142, -1,
          2193, 2163, 2160, -1,
          2193, 2160, 2175, -1,
          2165, 2134, 2144, -1,
          2192, 2162, 2163, -1,
          2192, 2163, 2193, -1,
          2166, 2144, 2151, -1,
          2166, 2165, 2144, -1,
          2191, 2162, 2192, -1,
          2167, 2166, 2151, -1,
          2190, 2159, 2162, -1,
          2190, 2162, 2191, -1,
          2218, 2158, 2159, -1,
          2218, 2159, 2190, -1,
          2168, 2167, 2151, -1,
          2187, 2157, 2158, -1,
          2187, 2158, 2218, -1,
          2169, 2151, 2153, -1,
          2169, 2168, 2151, -1,
          2186, 2156, 2157, -1,
          2186, 2157, 2187, -1,
          2185, 2155, 2156, -1,
          2185, 2156, 2186, -1,
          2174, 2169, 2153, -1,
          2182, 2153, 2155, -1,
          2182, 2155, 2185, -1,
          2182, 2174, 2153, -1,
          3303, 3304, 3305, -1,
          3306, 3303, 3305, -1,
          3307, 3308, 3303, -1,
          3309, 3307, 3303, -1,
          3310, 3303, 3306, -1,
          3310, 3309, 3303, -1,
          3303, 3311, 3304, -1,
          3300, 3299, 3298, -1,
          3301, 3300, 3298, -1,
          3302, 3301, 3298, -1,
          3311, 2258, 2264, -1,
          3311, 2264, 2265, -1,
          3311, 2265, 2274, -1,
          3304, 3311, 2274, -1,
          3305, 3304, 2274, -1,
          3303, 2258, 3311, -1,
          3306, 3305, 2274, -1,
          2302, 3308, 3307, -1,
          2302, 3307, 3309, -1,
          2302, 2299, 3308, -1,
          2308, 3309, 3310, -1,
          2308, 2302, 3309, -1,
          2256, 3308, 2299, -1,
          2268, 2256, 2299, -1,
          2323, 2308, 3310, -1,
          2270, 2268, 2299, -1,
          2272, 2270, 2299, -1,
          2342, 2332, 2323, -1,
          2355, 2342, 2323, -1,
          2349, 2323, 3310, -1,
          2349, 2355, 2323, -1,
          2256, 2258, 3303, -1,
          2256, 3303, 3308, -1,
          2274, 2349, 3306, -1,
          3306, 2349, 3310, -1,
          2348, 2350, 2367, -1,
          2378, 2367, 2385, -1,
          2378, 2348, 2367, -1,
          2429, 2368, 2369, -1,
          2429, 2369, 2376, -1,
          2429, 2376, 2402, -1,
          2421, 2385, 2429, -1,
          2421, 2378, 2385, -1,
          2473, 2429, 2402, -1,
          2473, 2421, 2429, -1,
          3312, 3313, 3314, -1,
          3312, 3314, 3315, -1,
          3312, 3315, 3316, -1,
          3317, 3318, 3313, -1,
          3317, 3313, 3312, -1,
          3319, 3320, 3318, -1,
          3319, 3318, 3317, -1,
          3321, 3322, 3320, -1,
          3321, 3320, 3319, -1,
          3323, 3322, 3321, -1,
          3324, 3323, 3321, -1,
          3325, 3324, 3321, -1,
          3326, 3325, 3321, -1,
          3327, 3328, 3329, -1,
          3327, 3329, 3330, -1,
          3331, 3330, 3332, -1,
          3331, 3332, 3333, -1,
          3331, 3327, 3330, -1,
          3334, 3333, 3335, -1,
          3334, 3331, 3333, -1,
          3336, 3335, 3337, -1,
          3336, 3337, 3338, -1,
          3336, 3338, 3339, -1,
          3336, 3339, 3340, -1,
          3336, 3340, 3326, -1,
          3336, 3326, 3321, -1,
          3336, 3334, 3335, -1,
          3341, 3342, 3343, -1,
          3341, 3343, 3344, -1,
          3341, 3344, 3345, -1,
          3346, 3347, 3342, -1,
          3346, 3342, 3341, -1,
          3348, 3347, 3346, -1,
          3349, 3347, 3348, -1,
          3350, 3349, 3348, -1,
          3351, 3349, 3350, -1,
          3352, 3351, 3350, -1,
          3353, 3352, 3350, -1,
          3354, 3353, 3350, -1,
          3355, 3356, 3357, -1,
          3355, 3357, 3358, -1,
          3355, 3358, 3359, -1,
          3360, 3359, 3361, -1,
          3360, 3355, 3359, -1,
          3362, 3361, 3363, -1,
          3362, 3360, 3361, -1,
          3364, 3363, 3365, -1,
          3364, 3365, 3366, -1,
          3364, 3366, 3367, -1,
          3364, 3367, 3368, -1,
          3364, 3368, 3354, -1,
          3364, 3354, 3350, -1,
          3364, 3362, 3363, -1,
          437, 399, 400, -1,
          438, 437, 400, -1,
          438, 400, 401, -1,
          436, 399, 437, -1,
          436, 397, 399, -1,
          439, 438, 401, -1,
          439, 401, 402, -1,
          420, 397, 436, -1,
          420, 395, 397, -1,
          412, 395, 420, -1,
          440, 439, 402, -1,
          440, 402, 416, -1,
          411, 395, 412, -1,
          411, 394, 395, -1,
          441, 440, 416, -1,
          441, 416, 421, -1,
          441, 421, 428, -1,
          415, 398, 396, -1,
          410, 394, 411, -1,
          410, 396, 394, -1,
          450, 441, 428, -1,
          450, 434, 444, -1,
          450, 428, 434, -1,
          418, 415, 396, -1,
          418, 396, 410, -1,
          451, 450, 444, -1,
          451, 444, 447, -1,
          409, 418, 410, -1,
          452, 451, 447, -1,
          454, 451, 452, -1,
          460, 454, 452, -1,
          455, 454, 460, -1,
          505, 459, 455, -1,
          505, 455, 460, -1,
          501, 459, 505, -1,
          501, 462, 459, -1,
          500, 462, 501, -1,
          500, 464, 462, -1,
          500, 466, 464, -1,
          503, 466, 500, -1,
          503, 467, 466, -1,
          503, 468, 467, -1,
          510, 468, 503, -1,
          510, 465, 468, -1,
          508, 465, 510, -1,
          508, 469, 465, -1,
          507, 463, 469, -1,
          507, 469, 508, -1,
          443, 408, 414, -1,
          446, 417, 419, -1,
          446, 414, 417, -1,
          446, 443, 414, -1,
          432, 406, 408, -1,
          432, 408, 443, -1,
          498, 461, 463, -1,
          498, 463, 507, -1,
          430, 406, 432, -1,
          430, 403, 406, -1,
          430, 404, 403, -1,
          427, 405, 404, -1,
          427, 404, 430, -1,
          497, 458, 461, -1,
          497, 461, 498, -1,
          425, 407, 405, -1,
          425, 405, 427, -1,
          457, 419, 435, -1,
          457, 446, 419, -1,
          495, 453, 458, -1,
          495, 458, 497, -1,
          424, 413, 407, -1,
          424, 407, 425, -1,
          483, 435, 449, -1,
          483, 457, 435, -1,
          489, 449, 453, -1,
          489, 453, 495, -1,
          488, 449, 489, -1,
          488, 483, 449, -1,
          423, 473, 413, -1,
          423, 413, 424, -1,
          422, 473, 423, -1,
          426, 474, 473, -1,
          426, 473, 422, -1,
          429, 475, 474, -1,
          429, 474, 426, -1,
          431, 475, 429, -1,
          433, 475, 431, -1,
          433, 476, 475, -1,
          442, 477, 476, -1,
          442, 476, 433, -1,
          445, 477, 442, -1,
          478, 477, 445, -1,
          448, 478, 445, -1,
          492, 487, 494, -1,
          479, 478, 448, -1,
          480, 448, 456, -1,
          480, 479, 448, -1,
          528, 492, 494, -1,
          528, 494, 496, -1,
          528, 496, 506, -1,
          557, 480, 456, -1,
          533, 493, 492, -1,
          533, 492, 528, -1,
          558, 456, 470, -1,
          558, 557, 456, -1,
          539, 491, 493, -1,
          539, 493, 533, -1,
          559, 558, 470, -1,
          560, 470, 471, -1,
          560, 559, 470, -1,
          538, 490, 491, -1,
          538, 491, 539, -1,
          543, 486, 490, -1,
          543, 490, 538, -1,
          561, 471, 472, -1,
          561, 560, 471, -1,
          547, 485, 486, -1,
          547, 484, 485, -1,
          547, 486, 543, -1,
          564, 482, 484, -1,
          564, 484, 547, -1,
          562, 472, 481, -1,
          562, 561, 472, -1,
          563, 481, 482, -1,
          563, 482, 564, -1,
          563, 562, 481, -1,
          3369, 3370, 3371, -1,
          3372, 3369, 3371, -1,
          3373, 3374, 3369, -1,
          3375, 3373, 3369, -1,
          3376, 3369, 3372, -1,
          3376, 3375, 3369, -1,
          3369, 3377, 3370, -1,
          3342, 511, 513, -1,
          3343, 3342, 513, -1,
          3343, 513, 515, -1,
          3347, 511, 3342, -1,
          3347, 504, 511, -1,
          3344, 516, 517, -1,
          3344, 515, 516, -1,
          3344, 3343, 515, -1,
          3349, 504, 3347, -1,
          3349, 499, 504, -1,
          3351, 499, 3349, -1,
          3351, 502, 499, -1,
          3345, 3344, 517, -1,
          3345, 531, 544, -1,
          3345, 517, 531, -1,
          3352, 509, 502, -1,
          3352, 502, 3351, -1,
          3341, 544, 549, -1,
          3341, 3345, 544, -1,
          3353, 512, 509, -1,
          3353, 509, 3352, -1,
          3346, 3341, 549, -1,
          3354, 514, 512, -1,
          3354, 512, 3353, -1,
          3348, 549, 550, -1,
          3348, 3346, 549, -1,
          3368, 520, 514, -1,
          3368, 514, 3354, -1,
          3367, 520, 3368, -1,
          3350, 3348, 550, -1,
          3350, 550, 551, -1,
          3366, 525, 520, -1,
          3366, 520, 3367, -1,
          3365, 530, 525, -1,
          3365, 525, 3366, -1,
          3363, 535, 530, -1,
          3363, 530, 3365, -1,
          3361, 535, 3363, -1,
          536, 535, 3361, -1,
          3359, 536, 3361, -1,
          541, 536, 3359, -1,
          3358, 541, 3359, -1,
          545, 3358, 3357, -1,
          545, 541, 3358, -1,
          3356, 545, 3357, -1,
          3313, 534, 540, -1,
          3318, 534, 3313, -1,
          3318, 529, 534, -1,
          3314, 540, 545, -1,
          3314, 3313, 540, -1,
          3320, 524, 529, -1,
          3320, 522, 524, -1,
          3320, 529, 3318, -1,
          3315, 3314, 545, -1,
          3322, 522, 3320, -1,
          3322, 519, 522, -1,
          3316, 545, 3356, -1,
          3316, 3315, 545, -1,
          3323, 518, 519, -1,
          3323, 519, 3322, -1,
          3364, 3350, 551, -1,
          3312, 3356, 3355, -1,
          3312, 3316, 3356, -1,
          3324, 521, 518, -1,
          3324, 523, 521, -1,
          3324, 518, 3323, -1,
          3325, 526, 523, -1,
          3325, 523, 3324, -1,
          3317, 3355, 3360, -1,
          3317, 3312, 3355, -1,
          3326, 527, 526, -1,
          3326, 526, 3325, -1,
          3319, 3360, 3362, -1,
          3319, 3317, 3360, -1,
          3340, 532, 527, -1,
          3340, 527, 3326, -1,
          3339, 537, 532, -1,
          3339, 532, 3340, -1,
          3321, 3362, 3364, -1,
          3321, 3319, 3362, -1,
          3338, 537, 3339, -1,
          3337, 542, 537, -1,
          3337, 537, 3338, -1,
          3335, 546, 542, -1,
          3335, 542, 3337, -1,
          3333, 546, 3335, -1,
          3332, 548, 546, -1,
          3332, 546, 3333, -1,
          3330, 548, 3332, -1,
          552, 548, 3330, -1,
          553, 3330, 3329, -1,
          553, 552, 3330, -1,
          554, 553, 3329, -1,
          555, 554, 3329, -1,
          556, 555, 3329, -1,
          556, 3329, 3328, -1,
          576, 556, 3328, -1,
          576, 3328, 3327, -1,
          577, 576, 3327, -1,
          577, 3327, 3331, -1,
          578, 577, 3331, -1,
          578, 3331, 3334, -1,
          579, 578, 3334, -1,
          579, 3334, 3336, -1,
          566, 579, 3336, -1,
          566, 3336, 3321, -1,
          551, 566, 3321, -1,
          551, 3321, 3364, -1,
          3377, 567, 568, -1,
          3377, 568, 569, -1,
          3377, 569, 570, -1,
          3370, 3377, 570, -1,
          3371, 3370, 570, -1,
          3369, 567, 3377, -1,
          3372, 3371, 570, -1,
          571, 3374, 3373, -1,
          571, 573, 3374, -1,
          581, 3373, 3375, -1,
          581, 3375, 3376, -1,
          581, 571, 3373, -1,
          565, 3374, 573, -1,
          574, 565, 573, -1,
          582, 581, 3376, -1,
          575, 574, 573, -1,
          572, 575, 573, -1,
          608, 580, 582, -1,
          609, 608, 582, -1,
          584, 582, 3376, -1,
          584, 609, 582, -1,
          565, 567, 3369, -1,
          565, 3369, 3374, -1,
          570, 584, 3372, -1,
          3372, 584, 3376, -1,
          3378, 3379, 3380, -1,
          3381, 3379, 3378, -1,
          3382, 3383, 3381, -1,
          3382, 3381, 3378, -1,
          3384, 3383, 3382, -1,
          3385, 3386, 3384, -1,
          3385, 3384, 3382, -1,
          3387, 3386, 3385, -1,
          3388, 3386, 3387, -1,
          3389, 3388, 3387, -1,
          3390, 3389, 3387, -1,
          3391, 3390, 3387, -1,
          3392, 3393, 3394, -1,
          3395, 3394, 3396, -1,
          3395, 3396, 3397, -1,
          3395, 3392, 3394, -1,
          3398, 3397, 3399, -1,
          3398, 3395, 3397, -1,
          3400, 3399, 3401, -1,
          3400, 3401, 3402, -1,
          3400, 3402, 3403, -1,
          3400, 3403, 3404, -1,
          3400, 3404, 3391, -1,
          3400, 3391, 3387, -1,
          3400, 3398, 3399, -1,
          583, 585, 587, -1,
          606, 587, 591, -1,
          606, 583, 587, -1,
          592, 586, 588, -1,
          592, 588, 589, -1,
          592, 589, 590, -1,
          607, 591, 592, -1,
          607, 606, 591, -1,
          603, 592, 590, -1,
          603, 607, 592, -1,
          3405, 3406, 3407, -1,
          3408, 3405, 3409, -1,
          3408, 3406, 3405, -1,
          3410, 3411, 3406, -1,
          3410, 3406, 3408, -1,
          3412, 3413, 3411, -1,
          3412, 3411, 3410, -1,
          3414, 3415, 3413, -1,
          3414, 3413, 3412, -1,
          3416, 3417, 3415, -1,
          3416, 3415, 3414, -1,
          3418, 3417, 3416, -1,
          3419, 3420, 3417, -1,
          3419, 3417, 3418, -1,
          3421, 3422, 3420, -1,
          3421, 3420, 3419, -1,
          3423, 3422, 3421, -1,
          3424, 3425, 3422, -1,
          3424, 3422, 3423, -1,
          3426, 3427, 3425, -1,
          3426, 3425, 3424, -1,
          3428, 3429, 3427, -1,
          3428, 3427, 3426, -1,
          3430, 3429, 3428, -1,
          3430, 3431, 3432, -1,
          3430, 3432, 3429, -1,
          3433, 3431, 3430, -1,
          3433, 3434, 3431, -1,
          3435, 3434, 3433, -1,
          3435, 3436, 3434, -1,
          3437, 3436, 3435, -1,
          3437, 3438, 3436, -1,
          3439, 3438, 3437, -1,
          3439, 3440, 3441, -1,
          3439, 3441, 3438, -1,
          3442, 3443, 3444, -1,
          3442, 3444, 3445, -1,
          3446, 3442, 3445, -1,
          3447, 3440, 3439, -1,
          3447, 3448, 3440, -1,
          3449, 3446, 3445, -1,
          3450, 3448, 3447, -1,
          3450, 3445, 3448, -1,
          3450, 3449, 3445, -1,
          3383, 596, 598, -1,
          3381, 598, 600, -1,
          3381, 3383, 598, -1,
          3384, 594, 596, -1,
          3384, 596, 3383, -1,
          3379, 3381, 600, -1,
          3379, 604, 605, -1,
          3379, 602, 604, -1,
          3379, 600, 602, -1,
          3386, 594, 3384, -1,
          3380, 605, 613, -1,
          3380, 3379, 605, -1,
          3388, 594, 3386, -1,
          3388, 593, 594, -1,
          3378, 3380, 613, -1,
          3389, 593, 3388, -1,
          3389, 595, 593, -1,
          3390, 595, 3389, -1,
          3390, 597, 595, -1,
          3382, 3378, 613, -1,
          3382, 613, 626, -1,
          3391, 597, 3390, -1,
          3391, 599, 597, -1,
          3404, 599, 3391, -1,
          3404, 601, 599, -1,
          3385, 3382, 626, -1,
          3385, 626, 627, -1,
          3403, 601, 3404, -1,
          3402, 611, 601, -1,
          3402, 601, 3403, -1,
          3387, 627, 628, -1,
          3387, 3385, 627, -1,
          3401, 612, 611, -1,
          3401, 611, 3402, -1,
          3399, 615, 612, -1,
          3399, 612, 3401, -1,
          3397, 615, 3399, -1,
          3396, 616, 615, -1,
          3396, 615, 3397, -1,
          618, 616, 3396, -1,
          3394, 618, 3396, -1,
          619, 618, 3394, -1,
          3393, 619, 3394, -1,
          621, 619, 3393, -1,
          623, 621, 3393, -1,
          625, 3393, 3392, -1,
          625, 623, 3393, -1,
          3400, 3387, 628, -1,
          636, 635, 625, -1,
          634, 624, 625, -1,
          634, 625, 635, -1,
          637, 625, 3392, -1,
          637, 636, 625, -1,
          633, 620, 622, -1,
          633, 622, 624, -1,
          633, 624, 634, -1,
          638, 3392, 3395, -1,
          638, 637, 3392, -1,
          639, 3395, 3398, -1,
          639, 638, 3395, -1,
          632, 617, 620, -1,
          632, 614, 617, -1,
          632, 620, 633, -1,
          640, 639, 3398, -1,
          641, 640, 3398, -1,
          641, 3398, 3400, -1,
          642, 641, 3400, -1,
          631, 614, 632, -1,
          610, 614, 631, -1,
          656, 610, 631, -1,
          657, 656, 631, -1,
          630, 657, 631, -1,
          681, 680, 642, -1,
          652, 681, 642, -1,
          629, 642, 680, -1,
          628, 652, 642, -1,
          628, 642, 3400, -1,
          3411, 649, 650, -1,
          3413, 649, 3411, -1,
          3413, 648, 649, -1,
          3406, 3411, 650, -1,
          3406, 650, 654, -1,
          3415, 648, 3413, -1,
          3415, 646, 648, -1,
          3407, 3406, 654, -1,
          3407, 654, 658, -1,
          3405, 3407, 658, -1,
          3405, 658, 660, -1,
          3417, 646, 3415, -1,
          3417, 644, 646, -1,
          3409, 3405, 660, -1,
          3409, 660, 662, -1,
          3409, 662, 664, -1,
          3420, 643, 644, -1,
          3420, 644, 3417, -1,
          3408, 666, 667, -1,
          3408, 664, 666, -1,
          3408, 3409, 664, -1,
          3410, 3408, 667, -1,
          3410, 667, 668, -1,
          3422, 645, 643, -1,
          3422, 643, 3420, -1,
          669, 3410, 668, -1,
          3412, 3410, 669, -1,
          3425, 647, 645, -1,
          3425, 645, 3422, -1,
          675, 3412, 669, -1,
          675, 3414, 3412, -1,
          3427, 653, 647, -1,
          3427, 647, 3425, -1,
          674, 3416, 3414, -1,
          674, 3414, 675, -1,
          3418, 3416, 674, -1,
          3429, 651, 653, -1,
          3429, 653, 3427, -1,
          673, 3418, 674, -1,
          673, 3419, 3418, -1,
          3432, 651, 3429, -1,
          3431, 651, 3432, -1,
          655, 651, 3431, -1,
          672, 3421, 3419, -1,
          672, 3423, 3421, -1,
          672, 3419, 673, -1,
          3434, 655, 3431, -1,
          3436, 659, 655, -1,
          3436, 655, 3434, -1,
          671, 3424, 3423, -1,
          671, 3423, 672, -1,
          3426, 3424, 671, -1,
          3438, 659, 3436, -1,
          661, 659, 3438, -1,
          3441, 661, 3438, -1,
          663, 661, 3441, -1,
          3440, 663, 3441, -1,
          676, 3426, 671, -1,
          676, 3428, 3426, -1,
          3448, 663, 3440, -1,
          3448, 665, 663, -1,
          695, 3430, 3428, -1,
          695, 3428, 676, -1,
          682, 665, 3448, -1,
          682, 3448, 3445, -1,
          694, 3430, 695, -1,
          694, 3433, 3430, -1,
          683, 682, 3445, -1,
          683, 3445, 3444, -1,
          693, 3433, 694, -1,
          693, 3435, 3433, -1,
          684, 683, 3444, -1,
          685, 3444, 3443, -1,
          685, 684, 3444, -1,
          692, 3435, 693, -1,
          692, 3437, 3435, -1,
          686, 685, 3443, -1,
          686, 3443, 3442, -1,
          691, 3437, 692, -1,
          691, 3439, 3437, -1,
          687, 686, 3442, -1,
          687, 3442, 3446, -1,
          690, 3439, 691, -1,
          690, 3447, 3439, -1,
          689, 3447, 690, -1,
          689, 3450, 3447, -1,
          717, 687, 3446, -1,
          717, 3446, 3449, -1,
          718, 3450, 689, -1,
          718, 717, 3449, -1,
          718, 3449, 3450, -1,
          697, 670, 677, -1,
          697, 677, 678, -1,
          697, 678, 679, -1,
          700, 697, 696, -1,
          700, 699, 697, -1,
          707, 701, 704, -1,
          707, 704, 705, -1,
          707, 705, 706, -1,
          703, 696, 702, -1,
          703, 700, 696, -1,
          711, 702, 707, -1,
          711, 703, 702, -1,
          715, 688, 699, -1,
          716, 715, 699, -1,
          698, 716, 699, -1,
          731, 710, 711, -1,
          732, 731, 711, -1,
          712, 732, 711, -1,
          688, 670, 699, -1,
          699, 670, 697, -1,
          706, 712, 711, -1,
          706, 711, 707, -1,
          3451, 179, 3452, -1,
          3453, 181, 3451, -1,
          3451, 181, 179, -1,
          3452, 176, 3454, -1,
          179, 176, 3452, -1,
          3455, 182, 3453, -1,
          3453, 182, 181, -1,
          3454, 174, 3456, -1,
          176, 174, 3454, -1,
          3457, 185, 3455, -1,
          3455, 185, 182, -1,
          3456, 173, 3458, -1,
          174, 173, 3456, -1,
          3457, 187, 185, -1,
          37, 187, 3457, -1,
          3458, 171, 3459, -1,
          173, 171, 3458, -1,
          37, 188, 187, -1,
          37, 34, 188, -1,
          171, 169, 3459, -1,
          3459, 169, 3460, -1,
          34, 3461, 188, -1,
          34, 33, 3461, -1,
          169, 167, 3460, -1,
          3460, 167, 3462, -1,
          33, 3463, 3461, -1,
          33, 30, 3463, -1,
          167, 165, 3462, -1,
          3462, 165, 3464, -1,
          30, 3465, 3463, -1,
          30, 29, 3465, -1,
          3464, 163, 3466, -1,
          165, 163, 3464, -1,
          29, 3467, 3465, -1,
          163, 161, 3466, -1,
          3467, 27, 3468, -1,
          29, 27, 3467, -1,
          161, 3469, 3466, -1,
          161, 159, 3469, -1,
          3468, 25, 3470, -1,
          27, 25, 3468, -1,
          159, 3471, 3469, -1,
          159, 157, 3471, -1,
          3470, 23, 3472, -1,
          25, 23, 3470, -1,
          157, 3473, 3471, -1,
          157, 155, 3473, -1,
          3472, 21, 3474, -1,
          23, 21, 3472, -1,
          155, 3475, 3473, -1,
          155, 152, 3475, -1,
          3474, 19, 3476, -1,
          21, 19, 3474, -1,
          152, 1, 3475, -1,
          3476, 17, 3477, -1,
          19, 17, 3476, -1,
          3478, 2, 152, -1,
          3479, 2, 3478, -1,
          152, 2, 1, -1,
          17, 15, 3477, -1,
          3477, 15, 3480, -1,
          3479, 5, 2, -1,
          15, 13, 3480, -1,
          3480, 13, 3481, -1,
          3479, 7, 5, -1,
          3482, 7, 3479, -1,
          13, 11, 3481, -1,
          3481, 11, 3483, -1,
          3482, 9, 7, -1,
          11, 9, 3483, -1,
          3484, 9, 3482, -1,
          3483, 9, 3484, -1,
          713, 709, 708, -1,
          713, 708, 714, -1,
          721, 713, 714, -1,
          722, 721, 714, -1,
          725, 714, 719, -1,
          725, 722, 714, -1,
          726, 725, 719, -1,
          727, 719, 723, -1,
          727, 726, 719, -1,
          728, 727, 723, -1,
          729, 720, 722, -1,
          730, 722, 725, -1,
          730, 729, 722, -1,
          724, 730, 725, -1,
          3485, 3486, 3487, -1,
          3487, 3488, 3489, -1,
          3486, 3488, 3487, -1,
          3490, 3491, 3485, -1,
          3485, 3491, 3486, -1,
          3489, 3492, 3493, -1,
          3488, 3492, 3489, -1,
          3494, 3495, 3490, -1,
          3490, 3495, 3491, -1,
          3493, 3496, 3497, -1,
          3492, 3496, 3493, -1,
          3498, 3499, 3494, -1,
          3494, 3499, 3495, -1,
          3497, 3500, 3501, -1,
          3496, 3500, 3497, -1,
          3498, 286, 3499, -1,
          113, 286, 3498, -1,
          3500, 3502, 3501, -1,
          3501, 3502, 3503, -1,
          111, 287, 113, -1,
          113, 287, 286, -1,
          3502, 3504, 3503, -1,
          3503, 3504, 3505, -1,
          109, 290, 111, -1,
          111, 290, 287, -1,
          3504, 3506, 3505, -1,
          107, 292, 109, -1,
          109, 292, 290, -1,
          3506, 3507, 3505, -1,
          3505, 3507, 3508, -1,
          3507, 3509, 3508, -1,
          104, 294, 107, -1,
          107, 294, 292, -1,
          3507, 3510, 3509, -1,
          104, 296, 294, -1,
          3510, 3511, 3509, -1,
          104, 103, 296, -1,
          3511, 3512, 3509, -1,
          103, 101, 296, -1,
          296, 101, 298, -1,
          3513, 3514, 3511, -1,
          3511, 3514, 3512, -1,
          298, 99, 300, -1,
          101, 99, 298, -1,
          3515, 3516, 3517, -1,
          3517, 3516, 3513, -1,
          3513, 3516, 3514, -1,
          300, 97, 301, -1,
          99, 97, 300, -1,
          3515, 3518, 3516, -1,
          301, 95, 304, -1,
          304, 95, 306, -1,
          97, 95, 301, -1,
          322, 77, 3515, -1,
          319, 77, 322, -1,
          3515, 77, 3518, -1,
          95, 93, 306, -1,
          319, 78, 77, -1,
          306, 91, 308, -1,
          93, 91, 306, -1,
          319, 81, 78, -1,
          318, 81, 319, -1,
          308, 89, 310, -1,
          91, 89, 308, -1,
          318, 83, 81, -1,
          315, 83, 318, -1,
          89, 87, 310, -1,
          310, 87, 312, -1,
          315, 85, 83, -1,
          87, 85, 312, -1,
          312, 85, 313, -1,
          313, 85, 315, -1,
          3519, 321, 322, -1,
          3519, 322, 3515, -1,
          3520, 3515, 3517, -1,
          3520, 3519, 3515, -1,
          3521, 3517, 3513, -1,
          3521, 3520, 3517, -1,
          3522, 3513, 3511, -1,
          3522, 3511, 3510, -1,
          3522, 3521, 3513, -1,
          3523, 3522, 3510, -1,
          3524, 3510, 3507, -1,
          3524, 3523, 3510, -1,
          3525, 3507, 3506, -1,
          3525, 3524, 3507, -1,
          3526, 3506, 3504, -1,
          3526, 3525, 3506, -1,
          3527, 3504, 3502, -1,
          3527, 3526, 3504, -1,
          3528, 3502, 3500, -1,
          3528, 3527, 3502, -1,
          3529, 3500, 3496, -1,
          3529, 3528, 3500, -1,
          3530, 3496, 3492, -1,
          3530, 3529, 3496, -1,
          3531, 3492, 3488, -1,
          3531, 3530, 3492, -1,
          3532, 3488, 3486, -1,
          3532, 3531, 3488, -1,
          3533, 3532, 3486, -1,
          3533, 3486, 3491, -1,
          3534, 3533, 3491, -1,
          3534, 3491, 3495, -1,
          3534, 3495, 3499, -1,
          3535, 3534, 3499, -1,
          288, 3535, 3499, -1,
          288, 3499, 286, -1,
          3536, 3523, 3537, -1,
          3538, 3522, 3536, -1,
          3536, 3522, 3523, -1,
          3523, 3524, 3537, -1,
          3539, 3521, 3540, -1,
          3540, 3521, 3538, -1,
          3538, 3521, 3522, -1,
          3537, 3525, 3541, -1,
          3524, 3525, 3537, -1,
          3539, 3520, 3521, -1,
          3541, 3526, 3542, -1,
          3525, 3526, 3541, -1,
          3539, 3519, 3520, -1,
          3543, 3519, 3539, -1,
          3526, 3527, 3542, -1,
          3542, 3527, 3544, -1,
          284, 321, 3543, -1,
          3543, 321, 3519, -1,
          284, 283, 321, -1,
          3544, 3528, 3545, -1,
          3527, 3528, 3544, -1,
          283, 320, 321, -1,
          3528, 3546, 3545, -1,
          3528, 3529, 3546, -1,
          283, 317, 320, -1,
          282, 317, 283, -1,
          3546, 3530, 3547, -1,
          3529, 3530, 3546, -1,
          282, 316, 317, -1,
          281, 316, 282, -1,
          3547, 3531, 3548, -1,
          3530, 3531, 3547, -1,
          280, 314, 281, -1,
          281, 314, 316, -1,
          3531, 3532, 3548, -1,
          280, 311, 314, -1,
          3532, 3549, 3548, -1,
          280, 279, 311, -1,
          279, 309, 311, -1,
          3532, 3550, 3549, -1,
          3533, 3550, 3532, -1,
          279, 278, 309, -1,
          3534, 3551, 3533, -1,
          3533, 3551, 3550, -1,
          278, 277, 309, -1,
          309, 277, 307, -1,
          3534, 3535, 3551, -1,
          3535, 3552, 3551, -1,
          307, 276, 305, -1,
          277, 276, 307, -1,
          276, 303, 305, -1,
          288, 266, 3535, -1,
          3535, 266, 3552, -1,
          276, 275, 303, -1,
          285, 267, 288, -1,
          288, 267, 266, -1,
          303, 274, 302, -1,
          275, 274, 303, -1,
          299, 273, 297, -1,
          302, 273, 299, -1,
          274, 273, 302, -1,
          289, 268, 285, -1,
          285, 268, 267, -1,
          273, 272, 297, -1,
          291, 269, 289, -1,
          289, 269, 268, -1,
          291, 270, 269, -1,
          293, 270, 291, -1,
          272, 271, 297, -1,
          293, 271, 270, -1,
          295, 271, 293, -1,
          297, 271, 295, -1,
          117, 284, 3543, -1,
          3553, 3543, 3539, -1,
          3553, 117, 3543, -1,
          3554, 3539, 3540, -1,
          3554, 3553, 3539, -1,
          3555, 3540, 3538, -1,
          3555, 3554, 3540, -1,
          3556, 3538, 3536, -1,
          3556, 3555, 3538, -1,
          3557, 3536, 3537, -1,
          3557, 3556, 3536, -1,
          3558, 3537, 3541, -1,
          3558, 3557, 3537, -1,
          3559, 3541, 3542, -1,
          3559, 3558, 3541, -1,
          3560, 3542, 3544, -1,
          3560, 3559, 3542, -1,
          3561, 3544, 3545, -1,
          3561, 3560, 3544, -1,
          3562, 3561, 3545, -1,
          3563, 3545, 3546, -1,
          3563, 3546, 3547, -1,
          3563, 3562, 3545, -1,
          3564, 3547, 3548, -1,
          3564, 3563, 3547, -1,
          3565, 3548, 3549, -1,
          3565, 3564, 3548, -1,
          3566, 3565, 3549, -1,
          3567, 3566, 3549, -1,
          3567, 3549, 3550, -1,
          3567, 3550, 3551, -1,
          3568, 3567, 3551, -1,
          3568, 3551, 3552, -1,
          3569, 3568, 3552, -1,
          150, 3569, 3552, -1,
          150, 3552, 266, -1,
          3570, 64, 3571, -1,
          3572, 67, 3570, -1,
          3570, 67, 64, -1,
          3571, 63, 3573, -1,
          64, 63, 3571, -1,
          3574, 69, 3572, -1,
          3572, 69, 67, -1,
          3573, 61, 3575, -1,
          63, 61, 3573, -1,
          3574, 71, 69, -1,
          3574, 3576, 71, -1,
          3575, 59, 3577, -1,
          61, 59, 3575, -1,
          3576, 73, 71, -1,
          3576, 151, 73, -1,
          59, 57, 3577, -1,
          3577, 57, 3578, -1,
          151, 75, 73, -1,
          151, 149, 75, -1,
          3578, 55, 3579, -1,
          57, 55, 3578, -1,
          149, 3580, 75, -1,
          149, 146, 3580, -1,
          55, 53, 3579, -1,
          3579, 53, 3581, -1,
          146, 3582, 3580, -1,
          146, 145, 3582, -1,
          53, 51, 3581, -1,
          3581, 51, 3583, -1,
          145, 3584, 3582, -1,
          3583, 49, 3585, -1,
          51, 49, 3583, -1,
          143, 3586, 145, -1,
          145, 3586, 3584, -1,
          49, 47, 3585, -1,
          143, 141, 3586, -1,
          3586, 141, 3587, -1,
          47, 3588, 3585, -1,
          47, 45, 3588, -1,
          3587, 139, 3589, -1,
          141, 139, 3587, -1,
          45, 3590, 3588, -1,
          45, 43, 3590, -1,
          3589, 137, 3591, -1,
          139, 137, 3589, -1,
          43, 3592, 3590, -1,
          43, 41, 3592, -1,
          3591, 135, 3593, -1,
          137, 135, 3591, -1,
          41, 3594, 3592, -1,
          41, 38, 3594, -1,
          3593, 133, 3595, -1,
          135, 133, 3593, -1,
          38, 115, 3594, -1,
          38, 3596, 115, -1,
          3595, 131, 3597, -1,
          133, 131, 3595, -1,
          3596, 116, 115, -1,
          3597, 129, 3598, -1,
          131, 129, 3597, -1,
          3599, 119, 3596, -1,
          3600, 119, 3599, -1,
          3596, 119, 116, -1,
          129, 127, 3598, -1,
          3598, 127, 3601, -1,
          3600, 121, 119, -1,
          3602, 121, 3600, -1,
          127, 125, 3601, -1,
          3601, 125, 3603, -1,
          3602, 123, 121, -1,
          125, 123, 3603, -1,
          3603, 123, 3602, -1,
          74, 3604, 265, -1,
          265, 3604, 3605, -1,
          3605, 3606, 3607, -1,
          3604, 3606, 3605, -1,
          3607, 3608, 3609, -1,
          3606, 3608, 3607, -1,
          3609, 3610, 3611, -1,
          3608, 3610, 3609, -1,
          3611, 3612, 3613, -1,
          3610, 3612, 3611, -1,
          3613, 3614, 3615, -1,
          3612, 3614, 3613, -1,
          3615, 3616, 3617, -1,
          3614, 3616, 3615, -1,
          3617, 3618, 3619, -1,
          3616, 3618, 3617, -1,
          3619, 3620, 3621, -1,
          3618, 3620, 3619, -1,
          3621, 3622, 3623, -1,
          3620, 3622, 3621, -1,
          3623, 3624, 3625, -1,
          3622, 3624, 3623, -1,
          3625, 3626, 3627, -1,
          3624, 3626, 3625, -1,
          3627, 3628, 3629, -1,
          3626, 3628, 3627, -1,
          3629, 3630, 3631, -1,
          3628, 3630, 3629, -1,
          3630, 3632, 3631, -1,
          3631, 3632, 3633, -1,
          3632, 3634, 3633, -1,
          3633, 3634, 3635, -1,
          3634, 3636, 3635, -1,
          3635, 3636, 3637, -1,
          3637, 3636, 247, -1,
          3636, 40, 247, -1,
          219, 252, 221, -1,
          217, 251, 219, -1,
          219, 251, 252, -1,
          252, 253, 221, -1,
          213, 250, 215, -1,
          215, 250, 217, -1,
          217, 250, 251, -1,
          221, 254, 223, -1,
          223, 254, 226, -1,
          253, 254, 221, -1,
          213, 249, 250, -1,
          254, 255, 226, -1,
          210, 248, 213, -1,
          213, 248, 249, -1,
          226, 256, 227, -1,
          255, 256, 226, -1,
          210, 247, 248, -1,
          209, 247, 210, -1,
          3638, 247, 209, -1,
          227, 257, 229, -1,
          256, 257, 227, -1,
          3638, 3637, 247, -1,
          257, 231, 229, -1,
          3638, 3639, 3637, -1,
          257, 258, 231, -1,
          3639, 3635, 3637, -1,
          231, 259, 233, -1,
          258, 259, 231, -1,
          3639, 3633, 3635, -1,
          3640, 3633, 3639, -1,
          233, 260, 235, -1,
          259, 260, 233, -1,
          3641, 3631, 3640, -1,
          3640, 3631, 3633, -1,
          260, 237, 235, -1,
          261, 237, 260, -1,
          3641, 3642, 3631, -1,
          3631, 3642, 3629, -1,
          261, 262, 237, -1,
          262, 240, 237, -1,
          3642, 3643, 3629, -1,
          3629, 3643, 3627, -1,
          262, 263, 240, -1,
          3643, 3625, 3627, -1,
          263, 241, 240, -1,
          3643, 3644, 3625, -1,
          263, 243, 241, -1,
          264, 243, 263, -1,
          265, 243, 264, -1,
          3625, 3645, 3623, -1,
          3644, 3645, 3625, -1,
          3621, 3646, 3619, -1,
          3623, 3646, 3621, -1,
          3645, 3646, 3623, -1,
          265, 245, 243, -1,
          3646, 3647, 3619, -1,
          3605, 3648, 265, -1,
          3607, 3648, 3605, -1,
          265, 3648, 245, -1,
          3647, 3649, 3619, -1,
          3619, 3649, 3617, -1,
          3607, 3650, 3648, -1,
          3649, 3651, 3617, -1,
          3617, 3651, 3615, -1,
          3607, 3652, 3650, -1,
          3609, 3652, 3607, -1,
          3609, 3653, 3652, -1,
          3611, 3653, 3609, -1,
          3613, 3653, 3611, -1,
          3651, 3654, 3615, -1,
          3615, 3654, 3613, -1,
          3613, 3654, 3653, -1,
          245, 3648, 246, -1,
          246, 3648, 3655, -1,
          3655, 3650, 3656, -1,
          3648, 3650, 3655, -1,
          3656, 3652, 3657, -1,
          3650, 3652, 3656, -1,
          3657, 3653, 3658, -1,
          3652, 3653, 3657, -1,
          3658, 3654, 3659, -1,
          3653, 3654, 3658, -1,
          3659, 3651, 3660, -1,
          3654, 3651, 3659, -1,
          3660, 3649, 3661, -1,
          3651, 3649, 3660, -1,
          3661, 3647, 3662, -1,
          3649, 3647, 3661, -1,
          3662, 3646, 3663, -1,
          3647, 3646, 3662, -1,
          3663, 3645, 3664, -1,
          3646, 3645, 3663, -1,
          3664, 3644, 3665, -1,
          3645, 3644, 3664, -1,
          3665, 3643, 3666, -1,
          3644, 3643, 3665, -1,
          3666, 3642, 3667, -1,
          3643, 3642, 3666, -1,
          3667, 3641, 3668, -1,
          3668, 3641, 3669, -1,
          3642, 3641, 3667, -1,
          3641, 3640, 3669, -1,
          3640, 3639, 3669, -1,
          3669, 3639, 3670, -1,
          3639, 3638, 3670, -1,
          3670, 3638, 3671, -1,
          3638, 209, 3671, -1,
          3671, 209, 211, -1,
          238, 203, 236, -1,
          204, 203, 238, -1,
          239, 205, 238, -1,
          238, 205, 204, -1,
          236, 202, 234, -1,
          203, 202, 236, -1,
          242, 206, 239, -1,
          239, 206, 205, -1,
          234, 201, 232, -1,
          202, 201, 234, -1,
          242, 244, 206, -1,
          244, 207, 206, -1,
          232, 200, 230, -1,
          201, 200, 232, -1,
          244, 246, 207, -1,
          246, 208, 207, -1,
          230, 199, 228, -1,
          200, 199, 230, -1,
          3655, 3672, 246, -1,
          246, 3672, 208, -1,
          199, 198, 228, -1,
          228, 198, 225, -1,
          3656, 3673, 3655, -1,
          3655, 3673, 3672, -1,
          225, 197, 224, -1,
          198, 197, 225, -1,
          3656, 3657, 3673, -1,
          3657, 3674, 3673, -1,
          224, 196, 222, -1,
          197, 196, 224, -1,
          3657, 3658, 3674, -1,
          3658, 3675, 3674, -1,
          222, 195, 220, -1,
          196, 195, 222, -1,
          3658, 3659, 3675, -1,
          3675, 3659, 3676, -1,
          195, 218, 220, -1,
          194, 218, 195, -1,
          194, 193, 218, -1,
          3659, 3660, 3676, -1,
          3676, 3660, 3677, -1,
          193, 216, 218, -1,
          3677, 3661, 3678, -1,
          3660, 3661, 3677, -1,
          192, 214, 193, -1,
          193, 214, 216, -1,
          3678, 3662, 3679, -1,
          3661, 3662, 3678, -1,
          191, 212, 192, -1,
          192, 212, 214, -1,
          191, 190, 212, -1,
          190, 211, 212, -1,
          3679, 3663, 3680, -1,
          3662, 3663, 3679, -1,
          3663, 3681, 3680, -1,
          3663, 3664, 3681, -1,
          190, 3671, 211, -1,
          3682, 3671, 190, -1,
          3682, 3683, 3671, -1,
          3681, 3665, 3684, -1,
          3664, 3665, 3681, -1,
          3683, 3670, 3671, -1,
          3684, 3666, 3685, -1,
          3665, 3666, 3684, -1,
          3683, 3669, 3670, -1,
          3686, 3669, 3683, -1,
          3666, 3667, 3685, -1,
          3685, 3667, 3687, -1,
          3686, 3668, 3669, -1,
          3667, 3668, 3687, -1,
          3687, 3668, 3688, -1,
          3688, 3668, 3686, -1,
          208, 3672, 154, -1,
          154, 3672, 3689, -1,
          3689, 3673, 3690, -1,
          3672, 3673, 3689, -1,
          3690, 3674, 3691, -1,
          3673, 3674, 3690, -1,
          3691, 3675, 3692, -1,
          3674, 3675, 3691, -1,
          3692, 3676, 3693, -1,
          3675, 3676, 3692, -1,
          3693, 3677, 3694, -1,
          3676, 3677, 3693, -1,
          3694, 3678, 3695, -1,
          3677, 3678, 3694, -1,
          3695, 3679, 3696, -1,
          3678, 3679, 3695, -1,
          3696, 3680, 3697, -1,
          3679, 3680, 3696, -1,
          3697, 3681, 3698, -1,
          3680, 3681, 3697, -1,
          3698, 3684, 3699, -1,
          3681, 3684, 3698, -1,
          3699, 3685, 3700, -1,
          3684, 3685, 3699, -1,
          3700, 3687, 3701, -1,
          3685, 3687, 3700, -1,
          3701, 3688, 3702, -1,
          3687, 3688, 3701, -1,
          3688, 3686, 3702, -1,
          3702, 3686, 3703, -1,
          3686, 3683, 3703, -1,
          3703, 3683, 3704, -1,
          3683, 3682, 3704, -1,
          3705, 3682, 189, -1,
          3704, 3682, 3705, -1,
          3682, 190, 189, -1,
          188, 3705, 189, -1,
          188, 3461, 3705, -1,
          3461, 3704, 3705, -1,
          3461, 3463, 3704, -1,
          3463, 3703, 3704, -1,
          3463, 3465, 3703, -1,
          3465, 3702, 3703, -1,
          3465, 3467, 3702, -1,
          3467, 3701, 3702, -1,
          3467, 3468, 3701, -1,
          3468, 3700, 3701, -1,
          3468, 3470, 3700, -1,
          3470, 3699, 3700, -1,
          3470, 3472, 3699, -1,
          3472, 3698, 3699, -1,
          3472, 3474, 3698, -1,
          3474, 3697, 3698, -1,
          3474, 3476, 3697, -1,
          3476, 3696, 3697, -1,
          3476, 3477, 3696, -1,
          3696, 3480, 3695, -1,
          3477, 3480, 3696, -1,
          3695, 3481, 3694, -1,
          3480, 3481, 3695, -1,
          3481, 3693, 3694, -1,
          3481, 3483, 3693, -1,
          3483, 3692, 3693, -1,
          3483, 3484, 3692, -1,
          3484, 3482, 3692, -1,
          3692, 3482, 3691, -1,
          3482, 3690, 3691, -1,
          3482, 3479, 3690, -1,
          3479, 3689, 3690, -1,
          3479, 3478, 3689, -1,
          3478, 152, 3689, -1,
          3689, 152, 154, -1,
          3569, 150, 151, -1,
          3569, 151, 3576, -1,
          3568, 3576, 3574, -1,
          3568, 3569, 3576, -1,
          3567, 3574, 3572, -1,
          3567, 3568, 3574, -1,
          3566, 3572, 3570, -1,
          3566, 3567, 3572, -1,
          3565, 3570, 3571, -1,
          3565, 3566, 3570, -1,
          3564, 3571, 3573, -1,
          3564, 3565, 3571, -1,
          3563, 3573, 3575, -1,
          3563, 3564, 3573, -1,
          3562, 3575, 3577, -1,
          3562, 3563, 3575, -1,
          3561, 3577, 3578, -1,
          3561, 3562, 3577, -1,
          3560, 3578, 3579, -1,
          3560, 3561, 3578, -1,
          3559, 3579, 3581, -1,
          3559, 3560, 3579, -1,
          3558, 3581, 3583, -1,
          3558, 3559, 3581, -1,
          3557, 3583, 3585, -1,
          3557, 3558, 3583, -1,
          3556, 3585, 3588, -1,
          3556, 3557, 3585, -1,
          3555, 3588, 3590, -1,
          3555, 3556, 3588, -1,
          3554, 3555, 3590, -1,
          3554, 3590, 3592, -1,
          3553, 3592, 3594, -1,
          3553, 3554, 3592, -1,
          117, 3594, 115, -1,
          117, 3553, 3594, -1,
          2796, 112, 113, -1,
          2796, 113, 3498, -1,
          2739, 3498, 3494, -1,
          2739, 2796, 3498, -1,
          2673, 3494, 3490, -1,
          2673, 2739, 3494, -1,
          2625, 3490, 3485, -1,
          2625, 2673, 3490, -1,
          2531, 3485, 3487, -1,
          2531, 2625, 3485, -1,
          2403, 3487, 3489, -1,
          2403, 2531, 3487, -1,
          2275, 3489, 3493, -1,
          2275, 2403, 3489, -1,
          2201, 3493, 3497, -1,
          2201, 2275, 3493, -1,
          2028, 3497, 3501, -1,
          2028, 2201, 3497, -1,
          1907, 3501, 3503, -1,
          1907, 2028, 3501, -1,
          1770, 3503, 3505, -1,
          1770, 1907, 3503, -1,
          1643, 3505, 3508, -1,
          1643, 1770, 3505, -1,
          1510, 3508, 3509, -1,
          1510, 1643, 3508, -1,
          1360, 3509, 3512, -1,
          1360, 1510, 3509, -1,
          1212, 3512, 3514, -1,
          1212, 1360, 3512, -1,
          1075, 1212, 3514, -1,
          1075, 3514, 3516, -1,
          927, 3516, 3518, -1,
          927, 1075, 3516, -1,
          79, 3518, 77, -1,
          79, 927, 3518, -1,
          75, 3604, 74, -1,
          75, 3580, 3604, -1,
          3580, 3606, 3604, -1,
          3580, 3582, 3606, -1,
          3582, 3608, 3606, -1,
          3582, 3584, 3608, -1,
          3584, 3610, 3608, -1,
          3584, 3586, 3610, -1,
          3586, 3612, 3610, -1,
          3586, 3587, 3612, -1,
          3587, 3614, 3612, -1,
          3587, 3589, 3614, -1,
          3589, 3616, 3614, -1,
          3589, 3591, 3616, -1,
          3591, 3618, 3616, -1,
          3591, 3593, 3618, -1,
          3593, 3620, 3618, -1,
          3593, 3595, 3620, -1,
          3595, 3622, 3620, -1,
          3595, 3597, 3622, -1,
          3597, 3624, 3622, -1,
          3597, 3598, 3624, -1,
          3598, 3626, 3624, -1,
          3598, 3601, 3626, -1,
          3626, 3603, 3628, -1,
          3601, 3603, 3626, -1,
          3603, 3630, 3628, -1,
          3603, 3602, 3630, -1,
          3602, 3632, 3630, -1,
          3602, 3600, 3632, -1,
          3600, 3634, 3632, -1,
          3600, 3599, 3634, -1,
          3599, 3636, 3634, -1,
          3599, 3596, 3636, -1,
          3596, 38, 3636, -1,
          3636, 38, 40, -1,
          776, 36, 37, -1,
          776, 37, 3457, -1,
          859, 3457, 3455, -1,
          859, 776, 3457, -1,
          981, 3455, 3453, -1,
          981, 859, 3455, -1,
          1128, 3453, 3451, -1,
          1128, 981, 3453, -1,
          1237, 3451, 3452, -1,
          1237, 1128, 3451, -1,
          1359, 3452, 3454, -1,
          1359, 1237, 3452, -1,
          1508, 3454, 3456, -1,
          1508, 1359, 3454, -1,
          1640, 3456, 3458, -1,
          1640, 1508, 3456, -1,
          1769, 3458, 3459, -1,
          1769, 1640, 3458, -1,
          1905, 3459, 3460, -1,
          1905, 1769, 3459, -1,
          2027, 3460, 3462, -1,
          2027, 1905, 3460, -1,
          2199, 3462, 3464, -1,
          2199, 2027, 3462, -1,
          2273, 3464, 3466, -1,
          2273, 2199, 3464, -1,
          2401, 3466, 3469, -1,
          2401, 2273, 3466, -1,
          2569, 3469, 3471, -1,
          2569, 2401, 3469, -1,
          2643, 2569, 3471, -1,
          2643, 3471, 3473, -1,
          2684, 3473, 3475, -1,
          2684, 2643, 3473, -1,
          3, 3475, 1, -1,
          3, 2684, 3475, -1,
          3706, 3707, 3708, -1,
          3706, 3709, 3707, -1,
          3710, 3708, 3711, -1,
          3710, 3706, 3708, -1,
          3712, 3711, 3713, -1,
          3712, 3710, 3711, -1,
          3714, 3713, 3715, -1,
          3714, 3712, 3713, -1,
          3716, 3715, 3717, -1,
          3716, 3714, 3715, -1,
          3718, 3717, 3719, -1,
          3718, 3716, 3717, -1,
          3720, 3719, 3721, -1,
          3720, 3718, 3719, -1,
          3722, 3721, 3723, -1,
          3722, 3720, 3721, -1,
          3724, 3723, 3725, -1,
          3724, 3722, 3723, -1,
          3726, 3725, 3727, -1,
          3726, 3724, 3725, -1,
          3728, 3727, 3729, -1,
          3728, 3726, 3727, -1,
          3730, 3729, 3731, -1,
          3730, 3728, 3729, -1,
          3732, 3731, 3733, -1,
          3732, 3730, 3731, -1,
          3734, 3733, 3735, -1,
          3734, 3732, 3733, -1,
          3736, 3735, 3737, -1,
          3736, 3734, 3735, -1,
          3738, 3736, 3737, -1,
          3738, 3737, 3739, -1,
          3740, 3738, 3739, -1,
          3741, 3738, 3740, -1,
          3742, 3741, 3740, -1,
          3743, 3741, 3742, -1,
          3743, 3744, 3745, -1,
          3741, 3745, 3746, -1,
          3741, 3743, 3745, -1,
          3738, 3746, 3747, -1,
          3738, 3741, 3746, -1,
          3736, 3747, 3748, -1,
          3736, 3738, 3747, -1,
          3734, 3748, 3749, -1,
          3734, 3736, 3748, -1,
          3732, 3749, 3750, -1,
          3732, 3734, 3749, -1,
          3730, 3732, 3750, -1,
          3728, 3750, 3751, -1,
          3728, 3730, 3750, -1,
          3726, 3751, 3752, -1,
          3726, 3728, 3751, -1,
          3724, 3752, 3753, -1,
          3724, 3726, 3752, -1,
          3722, 3753, 3754, -1,
          3722, 3724, 3753, -1,
          3720, 3754, 3755, -1,
          3720, 3722, 3754, -1,
          3718, 3755, 3756, -1,
          3718, 3756, 3757, -1,
          3718, 3720, 3755, -1,
          3716, 3757, 3758, -1,
          3716, 3718, 3757, -1,
          3714, 3716, 3758, -1,
          3712, 3714, 3758, -1,
          3712, 3758, 3759, -1,
          3710, 3712, 3759, -1,
          3710, 3759, 3760, -1,
          3710, 3760, 3761, -1,
          3706, 3710, 3761, -1,
          3709, 3706, 3761, -1,
          3709, 3761, 3762, -1,
          3745, 3763, 3764, -1,
          3745, 3744, 3763, -1,
          3746, 3764, 3765, -1,
          3746, 3745, 3764, -1,
          3747, 3765, 3766, -1,
          3747, 3746, 3765, -1,
          3748, 3766, 3767, -1,
          3748, 3747, 3766, -1,
          3749, 3767, 3768, -1,
          3749, 3748, 3767, -1,
          3750, 3768, 3769, -1,
          3750, 3749, 3768, -1,
          3751, 3769, 3770, -1,
          3751, 3750, 3769, -1,
          3752, 3770, 3771, -1,
          3752, 3751, 3770, -1,
          3753, 3771, 3772, -1,
          3753, 3752, 3771, -1,
          3754, 3772, 3773, -1,
          3754, 3753, 3772, -1,
          3774, 3754, 3773, -1,
          3755, 3754, 3774, -1,
          3756, 3774, 3775, -1,
          3756, 3755, 3774, -1,
          3757, 3775, 3776, -1,
          3757, 3756, 3775, -1,
          3758, 3776, 3777, -1,
          3758, 3757, 3776, -1,
          3759, 3777, 3778, -1,
          3759, 3758, 3777, -1,
          3760, 3759, 3778, -1,
          3760, 3778, 3779, -1,
          3761, 3779, 3780, -1,
          3761, 3760, 3779, -1,
          3762, 3780, 3781, -1,
          3762, 3761, 3780, -1,
          3763, 3782, 3764, -1,
          3783, 3782, 3763, -1,
          3764, 3784, 3765, -1,
          3782, 3784, 3764, -1,
          3765, 3785, 3766, -1,
          3784, 3785, 3765, -1,
          3766, 3786, 3767, -1,
          3785, 3786, 3766, -1,
          3786, 3787, 3767, -1,
          3788, 3789, 3790, -1,
          3790, 3789, 3783, -1,
          3783, 3789, 3782, -1,
          3767, 3791, 3768, -1,
          3787, 3791, 3767, -1,
          3788, 3792, 3789, -1,
          3782, 3792, 3784, -1,
          3789, 3792, 3782, -1,
          3768, 3793, 3769, -1,
          3791, 3793, 3768, -1,
          3792, 3794, 3784, -1,
          3784, 3794, 3785, -1,
          3788, 3794, 3792, -1,
          3769, 3795, 3770, -1,
          3793, 3795, 3769, -1,
          3794, 3796, 3785, -1,
          3785, 3796, 3786, -1,
          3788, 3796, 3794, -1,
          3770, 3797, 3771, -1,
          3795, 3797, 3770, -1,
          3786, 3798, 3787, -1,
          3788, 3798, 3796, -1,
          3796, 3798, 3786, -1,
          3771, 3799, 3772, -1,
          3797, 3799, 3771, -1,
          3787, 3800, 3791, -1,
          3798, 3800, 3787, -1,
          3788, 3800, 3798, -1,
          3799, 3801, 3772, -1,
          3791, 3802, 3793, -1,
          3800, 3802, 3791, -1,
          3788, 3802, 3800, -1,
          3772, 3803, 3773, -1,
          3801, 3803, 3772, -1,
          3793, 3804, 3795, -1,
          3788, 3804, 3802, -1,
          3802, 3804, 3793, -1,
          3773, 3805, 3774, -1,
          3803, 3805, 3773, -1,
          3804, 3806, 3795, -1,
          3795, 3806, 3797, -1,
          3797, 3806, 3799, -1,
          3788, 3806, 3804, -1,
          3774, 3807, 3775, -1,
          3805, 3807, 3774, -1,
          3788, 3808, 3806, -1,
          3806, 3808, 3799, -1,
          3799, 3808, 3801, -1,
          3775, 3809, 3776, -1,
          3807, 3809, 3775, -1,
          3788, 3810, 3808, -1,
          3808, 3810, 3801, -1,
          3809, 3811, 3776, -1,
          3801, 3812, 3803, -1,
          3810, 3812, 3801, -1,
          3788, 3812, 3810, -1,
          3776, 3813, 3777, -1,
          3811, 3813, 3776, -1,
          3803, 3814, 3805, -1,
          3812, 3814, 3803, -1,
          3788, 3814, 3812, -1,
          3777, 3815, 3778, -1,
          3813, 3815, 3777, -1,
          3805, 3816, 3807, -1,
          3807, 3816, 3809, -1,
          3814, 3816, 3805, -1,
          3788, 3816, 3814, -1,
          3778, 3817, 3779, -1,
          3815, 3817, 3778, -1,
          3788, 3818, 3816, -1,
          3816, 3818, 3809, -1,
          3779, 3819, 3780, -1,
          3817, 3819, 3779, -1,
          3809, 3820, 3811, -1,
          3818, 3820, 3809, -1,
          3788, 3820, 3818, -1,
          3780, 3821, 3781, -1,
          3781, 3821, 3822, -1,
          3819, 3821, 3780, -1,
          3811, 3823, 3813, -1,
          3788, 3823, 3820, -1,
          3820, 3823, 3811, -1,
          3813, 3824, 3815, -1,
          3815, 3824, 3817, -1,
          3788, 3824, 3823, -1,
          3823, 3824, 3813, -1,
          3817, 3825, 3819, -1,
          3788, 3825, 3824, -1,
          3824, 3825, 3817, -1,
          3819, 3826, 3821, -1,
          3788, 3826, 3825, -1,
          3825, 3826, 3819, -1,
          3827, 3828, 3788, -1,
          3822, 3828, 3827, -1,
          3821, 3828, 3822, -1,
          3788, 3828, 3826, -1,
          3826, 3828, 3821, -1,
          3829, 3830, 3831, -1,
          3832, 3833, 3829, -1,
          3834, 3835, 3836, -1,
          3830, 3835, 3834, -1,
          3742, 3740, 3837, -1,
          3739, 3737, 3740, -1,
          3740, 3737, 3837, -1,
          3735, 3731, 3737, -1,
          3733, 3731, 3735, -1,
          3737, 3731, 3837, -1,
          3838, 3839, 3840, -1,
          3841, 3842, 3838, -1,
          3843, 3842, 3841, -1,
          3844, 3842, 3843, -1,
          3845, 3842, 3844, -1,
          3835, 3842, 3845, -1,
          3829, 3842, 3830, -1,
          3830, 3842, 3835, -1,
          3838, 3842, 3839, -1,
          3729, 3725, 3731, -1,
          3727, 3725, 3729, -1,
          3731, 3725, 3837, -1,
          3842, 3708, 3707, -1,
          3833, 3708, 3829, -1,
          3829, 3708, 3842, -1,
          3723, 3717, 3725, -1,
          3721, 3717, 3723, -1,
          3719, 3717, 3721, -1,
          3837, 3717, 3833, -1,
          3725, 3717, 3837, -1,
          3717, 3715, 3833, -1,
          3711, 3715, 3713, -1,
          3708, 3715, 3711, -1,
          3833, 3715, 3708, -1,
          3709, 3762, 3846, -1,
          3847, 3846, 3848, -1,
          3847, 3709, 3846, -1,
          3849, 3848, 3850, -1,
          3849, 3847, 3848, -1,
          3851, 3850, 3852, -1,
          3851, 3849, 3850, -1,
          3853, 3852, 3854, -1,
          3853, 3851, 3852, -1,
          3855, 3854, 3856, -1,
          3855, 3853, 3854, -1,
          3857, 3856, 3858, -1,
          3857, 3855, 3856, -1,
          3859, 3858, 3860, -1,
          3859, 3857, 3858, -1,
          3861, 3860, 3862, -1,
          3861, 3859, 3860, -1,
          3863, 3862, 3864, -1,
          3863, 3861, 3862, -1,
          3865, 3864, 3866, -1,
          3865, 3863, 3864, -1,
          3867, 3866, 3868, -1,
          3867, 3865, 3866, -1,
          3869, 3868, 3870, -1,
          3869, 3867, 3868, -1,
          3871, 3869, 3870, -1,
          3872, 3870, 3873, -1,
          3872, 3873, 3874, -1,
          3872, 3871, 3870, -1,
          3875, 3872, 3874, -1,
          3875, 3874, 3876, -1,
          3877, 3875, 3876, -1,
          3877, 3876, 3878, -1,
          3879, 3877, 3878, -1,
          3743, 3879, 3878, -1,
          3743, 3878, 3744, -1,
          3781, 3880, 3881, -1,
          3822, 3880, 3781, -1,
          3881, 3882, 3883, -1,
          3880, 3882, 3881, -1,
          3883, 3884, 3885, -1,
          3882, 3884, 3883, -1,
          3885, 3886, 3887, -1,
          3884, 3886, 3885, -1,
          3886, 3888, 3887, -1,
          3788, 3889, 3827, -1,
          3827, 3889, 3822, -1,
          3822, 3889, 3880, -1,
          3887, 3890, 3891, -1,
          3888, 3890, 3887, -1,
          3788, 3892, 3889, -1,
          3880, 3892, 3882, -1,
          3889, 3892, 3880, -1,
          3891, 3893, 3894, -1,
          3890, 3893, 3891, -1,
          3892, 3895, 3882, -1,
          3882, 3895, 3884, -1,
          3788, 3895, 3892, -1,
          3894, 3896, 3897, -1,
          3893, 3896, 3894, -1,
          3895, 3898, 3884, -1,
          3884, 3898, 3886, -1,
          3788, 3898, 3895, -1,
          3897, 3899, 3900, -1,
          3896, 3899, 3897, -1,
          3886, 3901, 3888, -1,
          3788, 3901, 3898, -1,
          3898, 3901, 3886, -1,
          3900, 3902, 3903, -1,
          3899, 3902, 3900, -1,
          3888, 3904, 3890, -1,
          3901, 3904, 3888, -1,
          3788, 3904, 3901, -1,
          3902, 3905, 3903, -1,
          3890, 3906, 3893, -1,
          3904, 3906, 3890, -1,
          3788, 3906, 3904, -1,
          3903, 3907, 3908, -1,
          3905, 3907, 3903, -1,
          3893, 3909, 3896, -1,
          3906, 3909, 3893, -1,
          3788, 3909, 3906, -1,
          3908, 3910, 3911, -1,
          3907, 3910, 3908, -1,
          3909, 3912, 3896, -1,
          3896, 3912, 3899, -1,
          3788, 3912, 3909, -1,
          3911, 3913, 3914, -1,
          3910, 3913, 3911, -1,
          3788, 3915, 3912, -1,
          3912, 3915, 3899, -1,
          3899, 3915, 3902, -1,
          3902, 3915, 3905, -1,
          3914, 3916, 3917, -1,
          3913, 3916, 3914, -1,
          3788, 3918, 3915, -1,
          3915, 3918, 3905, -1,
          3917, 3919, 3920, -1,
          3916, 3919, 3917, -1,
          3905, 3921, 3907, -1,
          3918, 3921, 3905, -1,
          3788, 3921, 3918, -1,
          3919, 3922, 3920, -1,
          3907, 3923, 3910, -1,
          3921, 3923, 3907, -1,
          3788, 3923, 3921, -1,
          3920, 3924, 3925, -1,
          3922, 3924, 3920, -1,
          3910, 3926, 3913, -1,
          3913, 3926, 3916, -1,
          3923, 3926, 3910, -1,
          3788, 3926, 3923, -1,
          3925, 3927, 3928, -1,
          3924, 3927, 3925, -1,
          3788, 3929, 3926, -1,
          3926, 3929, 3916, -1,
          3928, 3930, 3931, -1,
          3927, 3930, 3928, -1,
          3929, 3932, 3916, -1,
          3916, 3932, 3919, -1,
          3788, 3932, 3929, -1,
          3931, 3933, 3763, -1,
          3763, 3933, 3783, -1,
          3930, 3933, 3931, -1,
          3919, 3934, 3922, -1,
          3788, 3934, 3932, -1,
          3932, 3934, 3919, -1,
          3922, 3935, 3924, -1,
          3924, 3935, 3927, -1,
          3934, 3935, 3922, -1,
          3788, 3935, 3934, -1,
          3788, 3936, 3935, -1,
          3935, 3936, 3927, -1,
          3936, 3937, 3927, -1,
          3927, 3937, 3930, -1,
          3930, 3937, 3933, -1,
          3788, 3937, 3936, -1,
          3790, 3938, 3788, -1,
          3783, 3938, 3790, -1,
          3933, 3938, 3783, -1,
          3788, 3938, 3937, -1,
          3937, 3938, 3933, -1,
          3846, 3762, 3781, -1,
          3846, 3781, 3881, -1,
          3848, 3881, 3883, -1,
          3848, 3846, 3881, -1,
          3850, 3883, 3885, -1,
          3850, 3848, 3883, -1,
          3852, 3885, 3887, -1,
          3852, 3850, 3885, -1,
          3854, 3887, 3891, -1,
          3854, 3852, 3887, -1,
          3856, 3891, 3894, -1,
          3856, 3854, 3891, -1,
          3858, 3894, 3897, -1,
          3858, 3856, 3894, -1,
          3860, 3897, 3900, -1,
          3860, 3858, 3897, -1,
          3862, 3900, 3903, -1,
          3862, 3860, 3900, -1,
          3864, 3903, 3908, -1,
          3864, 3862, 3903, -1,
          3866, 3908, 3911, -1,
          3866, 3864, 3908, -1,
          3868, 3911, 3914, -1,
          3868, 3866, 3911, -1,
          3870, 3914, 3917, -1,
          3870, 3868, 3914, -1,
          3873, 3917, 3920, -1,
          3873, 3870, 3917, -1,
          3874, 3920, 3925, -1,
          3874, 3873, 3920, -1,
          3876, 3874, 3925, -1,
          3876, 3925, 3928, -1,
          3878, 3928, 3931, -1,
          3878, 3876, 3928, -1,
          3744, 3931, 3763, -1,
          3744, 3878, 3931, -1,
          3879, 3743, 3742, -1,
          3879, 3742, 3837, -1,
          3877, 3837, 3833, -1,
          3877, 3879, 3837, -1,
          3875, 3833, 3832, -1,
          3875, 3877, 3833, -1,
          3872, 3832, 3829, -1,
          3872, 3875, 3832, -1,
          3871, 3829, 3831, -1,
          3871, 3872, 3829, -1,
          3869, 3831, 3830, -1,
          3869, 3871, 3831, -1,
          3867, 3830, 3834, -1,
          3867, 3869, 3830, -1,
          3865, 3834, 3836, -1,
          3865, 3867, 3834, -1,
          3863, 3836, 3835, -1,
          3863, 3865, 3836, -1,
          3861, 3835, 3845, -1,
          3861, 3863, 3835, -1,
          3859, 3845, 3844, -1,
          3859, 3861, 3845, -1,
          3857, 3844, 3843, -1,
          3857, 3859, 3844, -1,
          3855, 3843, 3841, -1,
          3855, 3857, 3843, -1,
          3853, 3841, 3838, -1,
          3853, 3855, 3841, -1,
          3851, 3838, 3840, -1,
          3851, 3853, 3838, -1,
          3849, 3851, 3840, -1,
          3849, 3840, 3839, -1,
          3847, 3839, 3842, -1,
          3847, 3849, 3839, -1,
          3709, 3842, 3707, -1,
          3709, 3847, 3842, -1,
          3939, 3940, 3941, -1,
          3939, 3942, 3940, -1,
          3943, 3941, 3944, -1,
          3943, 3939, 3941, -1,
          3945, 3944, 3946, -1,
          3945, 3943, 3944, -1,
          3947, 3946, 3948, -1,
          3947, 3945, 3946, -1,
          3949, 3948, 3950, -1,
          3949, 3947, 3948, -1,
          3951, 3950, 3952, -1,
          3951, 3949, 3950, -1,
          3953, 3952, 3954, -1,
          3953, 3951, 3952, -1,
          3955, 3954, 3956, -1,
          3955, 3953, 3954, -1,
          3957, 3956, 3958, -1,
          3957, 3955, 3956, -1,
          3959, 3960, 3961, -1,
          3959, 3962, 3960, -1,
          3963, 3961, 3964, -1,
          3963, 3959, 3961, -1,
          3965, 3964, 3966, -1,
          3965, 3963, 3964, -1,
          3967, 3966, 3968, -1,
          3967, 3965, 3966, -1,
          3969, 3968, 3970, -1,
          3969, 3967, 3968, -1,
          3971, 3970, 3972, -1,
          3971, 3969, 3970, -1,
          3973, 3972, 3974, -1,
          3973, 3971, 3972, -1,
          3975, 3974, 3976, -1,
          3975, 3973, 3974, -1,
          3977, 3976, 3978, -1,
          3977, 3975, 3976, -1,
          3979, 3978, 3980, -1,
          3979, 3977, 3978, -1,
          3981, 3980, 3982, -1,
          3981, 3979, 3980, -1,
          3983, 3982, 3984, -1,
          3983, 3981, 3982, -1,
          3985, 3984, 3986, -1,
          3985, 3983, 3984, -1,
          3987, 3986, 3988, -1,
          3987, 3985, 3986, -1,
          3989, 3988, 3990, -1,
          3989, 3987, 3988, -1,
          3991, 3989, 3990, -1,
          3991, 3990, 3992, -1,
          3993, 3992, 3994, -1,
          3993, 3991, 3992, -1,
          3995, 3994, 3996, -1,
          3995, 3993, 3994, -1,
          3997, 3998, 3999, -1,
          3999, 4000, 4001, -1,
          3998, 4000, 3999, -1,
          4001, 4002, 4003, -1,
          4000, 4002, 4001, -1,
          4003, 4004, 4005, -1,
          4002, 4004, 4003, -1,
          4005, 4006, 4007, -1,
          4004, 4006, 4005, -1,
          4007, 4008, 4009, -1,
          4006, 4008, 4007, -1,
          4009, 4010, 4011, -1,
          4008, 4010, 4009, -1,
          4011, 4012, 4013, -1,
          4010, 4012, 4011, -1,
          4013, 4014, 4015, -1,
          4012, 4014, 4013, -1,
          4012, 4016, 4014, -1,
          4017, 4018, 4019, -1,
          4014, 4020, 4021, -1,
          4021, 4020, 4022, -1,
          4022, 4020, 4018, -1,
          4016, 4020, 4014, -1,
          4020, 4023, 4018, -1,
          4023, 4024, 4018, -1,
          4019, 4024, 4025, -1,
          4018, 4024, 4019, -1,
          4024, 4026, 4025, -1,
          4025, 4026, 4027, -1,
          4026, 4028, 4027, -1,
          4027, 4028, 4029, -1,
          4029, 4030, 4031, -1,
          4028, 4030, 4029, -1,
          4031, 4032, 4033, -1,
          4030, 4032, 4031, -1,
          4033, 4034, 4035, -1,
          4032, 4034, 4033, -1,
          4035, 4036, 4037, -1,
          4034, 4036, 4035, -1,
          4037, 4038, 4039, -1,
          4036, 4038, 4037, -1,
          3995, 3957, 4040, -1,
          3993, 4040, 4041, -1,
          3993, 3995, 4040, -1,
          3991, 4041, 4042, -1,
          3991, 3993, 4041, -1,
          3989, 4042, 4043, -1,
          3989, 3991, 4042, -1,
          3987, 4043, 4044, -1,
          3987, 3989, 4043, -1,
          3985, 4044, 4045, -1,
          3985, 3987, 4044, -1,
          3983, 4045, 4046, -1,
          3983, 3985, 4045, -1,
          3981, 4046, 4047, -1,
          3981, 3983, 4046, -1,
          4048, 4047, 4049, -1,
          4048, 3981, 4047, -1,
          3979, 3981, 4048, -1,
          4050, 4051, 4052, -1,
          3977, 4053, 4050, -1,
          3977, 4054, 4053, -1,
          3977, 4048, 4054, -1,
          3977, 3979, 4048, -1,
          3975, 3977, 4050, -1,
          3973, 3975, 4050, -1,
          3973, 4052, 4055, -1,
          3973, 4050, 4052, -1,
          3971, 3973, 4055, -1,
          3971, 4055, 4056, -1,
          3969, 4056, 4057, -1,
          3969, 3971, 4056, -1,
          3967, 4057, 4058, -1,
          3967, 3969, 4057, -1,
          3965, 4058, 4059, -1,
          3965, 3967, 4058, -1,
          3963, 4059, 4060, -1,
          3963, 3965, 4059, -1,
          3959, 4060, 4061, -1,
          3959, 3963, 4060, -1,
          3962, 4061, 4062, -1,
          3962, 3959, 4061, -1,
          4029, 3950, 3948, -1,
          4031, 3952, 3950, -1,
          4031, 3950, 4029, -1,
          4027, 3948, 3946, -1,
          4027, 4029, 3948, -1,
          4033, 3954, 3952, -1,
          4033, 3952, 4031, -1,
          4025, 3946, 3944, -1,
          4025, 4027, 3946, -1,
          4035, 3956, 3954, -1,
          4035, 3954, 4033, -1,
          4019, 3944, 3941, -1,
          4019, 4025, 3944, -1,
          4037, 3958, 3956, -1,
          4037, 3956, 4035, -1,
          4017, 3941, 3940, -1,
          4017, 4019, 3941, -1,
          4039, 3958, 4037, -1,
          4063, 4064, 3958, -1,
          4063, 3958, 4039, -1,
          4065, 4066, 4064, -1,
          4065, 4064, 4063, -1,
          4067, 4068, 4066, -1,
          4067, 4066, 4065, -1,
          4069, 4070, 4068, -1,
          4069, 4068, 4067, -1,
          4071, 4070, 4069, -1,
          4072, 4070, 4071, -1,
          4073, 4072, 4071, -1,
          4074, 4072, 4073, -1,
          4075, 4074, 4073, -1,
          4076, 4074, 4075, -1,
          4077, 4076, 4075, -1,
          4078, 4076, 4077, -1,
          4079, 4078, 4077, -1,
          4080, 4078, 4079, -1,
          4081, 4015, 4082, -1,
          4013, 4015, 4081, -1,
          4011, 4081, 4083, -1,
          4011, 4013, 4081, -1,
          4009, 4083, 4084, -1,
          4009, 4011, 4083, -1,
          4007, 4009, 4084, -1,
          4085, 4007, 4084, -1,
          4005, 4007, 4085, -1,
          4086, 4005, 4085, -1,
          4003, 4005, 4086, -1,
          4087, 4003, 4086, -1,
          4001, 4003, 4087, -1,
          4088, 4001, 4087, -1,
          3999, 4001, 4088, -1,
          4089, 3997, 3999, -1,
          4089, 3999, 4088, -1,
          4090, 4091, 3997, -1,
          4090, 3997, 4089, -1,
          4092, 4093, 4091, -1,
          4092, 4091, 4090, -1,
          4094, 4095, 4096, -1,
          4094, 4097, 4098, -1,
          4094, 4096, 4097, -1,
          4099, 4100, 4093, -1,
          4099, 4093, 4092, -1,
          4101, 4098, 4102, -1,
          4101, 4094, 4098, -1,
          4103, 4104, 4100, -1,
          4103, 4100, 4099, -1,
          4105, 4102, 4106, -1,
          4105, 4101, 4102, -1,
          4107, 4105, 4106, -1,
          4107, 4104, 4103, -1,
          4107, 4106, 4104, -1,
          4108, 4028, 4109, -1,
          4110, 4030, 4108, -1,
          4108, 4030, 4028, -1,
          4109, 4026, 4111, -1,
          4028, 4026, 4109, -1,
          4112, 4032, 4110, -1,
          4110, 4032, 4030, -1,
          4111, 4024, 4113, -1,
          4026, 4024, 4111, -1,
          4114, 4034, 4112, -1,
          4112, 4034, 4032, -1,
          4024, 4023, 4113, -1,
          4113, 4023, 4115, -1,
          4114, 4036, 4034, -1,
          4114, 3996, 4036, -1,
          4023, 4020, 4115, -1,
          4115, 4020, 4116, -1,
          3996, 4038, 4036, -1,
          3996, 3994, 4038, -1,
          4020, 4016, 4116, -1,
          4116, 4016, 4117, -1,
          3994, 4118, 4038, -1,
          3994, 3992, 4118, -1,
          4016, 4012, 4117, -1,
          4117, 4012, 4119, -1,
          3992, 4120, 4118, -1,
          4119, 4010, 4121, -1,
          4012, 4010, 4119, -1,
          3990, 4122, 3992, -1,
          3992, 4122, 4120, -1,
          3990, 3988, 4122, -1,
          4121, 4008, 4123, -1,
          4010, 4008, 4121, -1,
          3988, 4124, 4122, -1,
          4008, 4006, 4123, -1,
          3988, 3986, 4124, -1,
          4124, 3986, 4125, -1,
          4006, 4126, 4123, -1,
          4006, 4004, 4126, -1,
          4125, 3984, 4127, -1,
          3986, 3984, 4125, -1,
          4004, 4128, 4126, -1,
          4004, 4002, 4128, -1,
          4127, 3982, 4129, -1,
          3984, 3982, 4127, -1,
          4002, 4130, 4128, -1,
          4002, 4000, 4130, -1,
          4129, 3980, 4131, -1,
          3982, 3980, 4129, -1,
          4000, 4132, 4130, -1,
          4000, 3998, 4132, -1,
          4131, 3978, 4133, -1,
          3980, 3978, 4131, -1,
          3998, 3960, 4132, -1,
          4133, 3976, 4134, -1,
          3978, 3976, 4133, -1,
          4135, 3961, 3998, -1,
          4136, 3961, 4135, -1,
          3998, 3961, 3960, -1,
          4134, 3974, 4137, -1,
          3976, 3974, 4134, -1,
          4138, 3964, 4136, -1,
          4136, 3964, 3961, -1,
          3974, 3972, 4137, -1,
          4137, 3972, 4139, -1,
          4138, 3966, 3964, -1,
          4140, 3966, 4138, -1,
          3972, 3970, 4139, -1,
          4139, 3970, 4141, -1,
          4140, 3968, 3966, -1,
          3970, 3968, 4141, -1,
          4141, 3968, 4140, -1,
          3962, 4062, 4142, -1,
          4143, 4142, 4144, -1,
          4143, 3962, 4142, -1,
          4145, 4144, 4146, -1,
          4145, 4143, 4144, -1,
          4147, 4146, 4148, -1,
          4147, 4145, 4146, -1,
          4149, 4148, 4150, -1,
          4149, 4147, 4148, -1,
          4151, 4150, 4152, -1,
          4151, 4149, 4150, -1,
          4153, 4152, 4154, -1,
          4153, 4151, 4152, -1,
          4155, 4154, 4156, -1,
          4155, 4153, 4154, -1,
          4157, 4156, 4158, -1,
          4157, 4155, 4156, -1,
          4159, 4155, 4157, -1,
          4160, 3942, 3939, -1,
          4161, 4162, 4160, -1,
          4161, 4163, 4162, -1,
          4161, 4157, 4163, -1,
          4161, 4159, 4157, -1,
          4164, 4161, 4160, -1,
          4165, 4164, 4160, -1,
          4165, 3939, 3943, -1,
          4165, 4160, 3939, -1,
          4166, 4165, 3943, -1,
          4166, 3943, 3945, -1,
          4167, 4166, 3945, -1,
          4167, 3945, 3947, -1,
          4168, 4167, 3947, -1,
          4168, 3947, 3949, -1,
          4169, 4168, 3949, -1,
          4169, 3949, 3951, -1,
          4170, 3951, 3953, -1,
          4170, 4169, 3951, -1,
          4171, 3953, 3955, -1,
          4171, 4170, 3953, -1,
          3995, 3955, 3957, -1,
          3995, 4171, 3955, -1,
          4039, 4038, 4063, -1,
          4063, 4118, 4065, -1,
          4038, 4118, 4063, -1,
          4065, 4120, 4067, -1,
          4118, 4120, 4065, -1,
          4067, 4122, 4069, -1,
          4120, 4122, 4067, -1,
          4069, 4124, 4071, -1,
          4122, 4124, 4069, -1,
          4071, 4125, 4073, -1,
          4124, 4125, 4071, -1,
          4073, 4127, 4075, -1,
          4125, 4127, 4073, -1,
          4075, 4129, 4077, -1,
          4127, 4129, 4075, -1,
          4077, 4172, 4079, -1,
          4129, 4172, 4077, -1,
          4129, 4131, 4172, -1,
          4096, 4173, 4097, -1,
          4172, 4133, 4174, -1,
          4174, 4133, 4175, -1,
          4175, 4133, 4173, -1,
          4131, 4133, 4172, -1,
          4133, 4134, 4173, -1,
          4134, 4137, 4173, -1,
          4097, 4137, 4098, -1,
          4173, 4137, 4097, -1,
          4137, 4139, 4098, -1,
          4098, 4139, 4102, -1,
          4139, 4141, 4102, -1,
          4102, 4141, 4106, -1,
          4141, 4140, 4106, -1,
          4106, 4140, 4104, -1,
          4140, 4138, 4104, -1,
          4104, 4138, 4100, -1,
          4138, 4136, 4100, -1,
          4100, 4136, 4093, -1,
          4136, 4135, 4093, -1,
          4093, 4135, 4091, -1,
          4135, 3998, 4091, -1,
          4091, 3998, 3997, -1,
          4096, 4095, 4173, -1,
          4173, 4095, 4050, -1,
          4095, 4051, 4050, -1,
          4048, 4080, 4172, -1,
          4049, 4080, 4048, -1,
          4080, 4079, 4172, -1,
          4048, 4172, 4174, -1,
          4054, 4174, 4175, -1,
          4054, 4048, 4174, -1,
          4053, 4054, 4175, -1,
          4050, 4175, 4173, -1,
          4050, 4053, 4175, -1,
          4017, 3940, 4018, -1,
          4018, 3940, 4160, -1,
          3940, 3942, 4160, -1,
          4157, 4082, 4014, -1,
          4158, 4082, 4157, -1,
          4082, 4015, 4014, -1,
          4022, 4160, 4162, -1,
          4022, 4018, 4160, -1,
          4021, 4162, 4163, -1,
          4021, 4163, 4157, -1,
          4021, 4022, 4162, -1,
          4014, 4021, 4157, -1,
          4171, 3995, 3996, -1,
          4171, 3996, 4114, -1,
          4170, 4114, 4112, -1,
          4170, 4171, 4114, -1,
          4169, 4112, 4110, -1,
          4169, 4170, 4112, -1,
          4168, 4110, 4108, -1,
          4168, 4169, 4110, -1,
          4167, 4108, 4109, -1,
          4167, 4168, 4108, -1,
          4166, 4109, 4111, -1,
          4166, 4167, 4109, -1,
          4165, 4111, 4113, -1,
          4165, 4166, 4111, -1,
          4164, 4113, 4115, -1,
          4164, 4165, 4113, -1,
          4161, 4115, 4116, -1,
          4161, 4164, 4115, -1,
          4159, 4116, 4117, -1,
          4159, 4161, 4116, -1,
          4155, 4117, 4119, -1,
          4155, 4159, 4117, -1,
          4153, 4119, 4121, -1,
          4153, 4155, 4119, -1,
          4151, 4121, 4123, -1,
          4151, 4153, 4121, -1,
          4149, 4123, 4126, -1,
          4149, 4151, 4123, -1,
          4147, 4126, 4128, -1,
          4147, 4149, 4126, -1,
          4145, 4147, 4128, -1,
          4145, 4128, 4130, -1,
          4143, 4130, 4132, -1,
          4143, 4145, 4130, -1,
          3962, 4132, 3960, -1,
          3962, 4143, 4132, -1,
          4052, 4051, 4095, -1,
          4052, 4095, 4094, -1,
          4055, 4094, 4101, -1,
          4055, 4052, 4094, -1,
          4056, 4101, 4105, -1,
          4056, 4055, 4101, -1,
          4057, 4105, 4107, -1,
          4057, 4056, 4105, -1,
          4058, 4107, 4103, -1,
          4058, 4057, 4107, -1,
          4059, 4103, 4099, -1,
          4059, 4058, 4103, -1,
          4060, 4099, 4092, -1,
          4060, 4059, 4099, -1,
          4061, 4060, 4092, -1,
          4090, 4061, 4092, -1,
          4062, 4061, 4090, -1,
          4089, 4062, 4090, -1,
          4142, 4062, 4089, -1,
          4088, 4142, 4089, -1,
          4144, 4142, 4088, -1,
          4087, 4144, 4088, -1,
          4146, 4144, 4087, -1,
          4086, 4146, 4087, -1,
          4148, 4146, 4086, -1,
          4085, 4148, 4086, -1,
          4150, 4148, 4085, -1,
          4084, 4150, 4085, -1,
          4152, 4150, 4084, -1,
          4083, 4152, 4084, -1,
          4154, 4152, 4083, -1,
          4081, 4154, 4083, -1,
          4156, 4154, 4081, -1,
          4082, 4156, 4081, -1,
          4158, 4156, 4082, -1,
          4064, 3957, 3958, -1,
          4040, 3957, 4064, -1,
          4066, 4040, 4064, -1,
          4041, 4040, 4066, -1,
          4068, 4041, 4066, -1,
          4042, 4041, 4068, -1,
          4070, 4042, 4068, -1,
          4043, 4042, 4070, -1,
          4072, 4043, 4070, -1,
          4044, 4043, 4072, -1,
          4074, 4044, 4072, -1,
          4045, 4044, 4074, -1,
          4076, 4045, 4074, -1,
          4046, 4045, 4076, -1,
          4078, 4046, 4076, -1,
          4047, 4046, 4078, -1,
          4080, 4047, 4078, -1,
          4049, 4047, 4080, -1,
          4176, 4177, 4178, -1,
          4176, 4179, 4177, -1,
          4180, 4178, 4181, -1,
          4180, 4176, 4178, -1,
          4182, 4181, 4183, -1,
          4182, 4180, 4181, -1,
          4184, 4183, 4185, -1,
          4184, 4182, 4183, -1,
          4186, 4185, 4187, -1,
          4186, 4184, 4185, -1,
          4188, 4187, 4189, -1,
          4188, 4186, 4187, -1,
          4190, 4189, 4191, -1,
          4190, 4188, 4189, -1,
          4192, 4191, 4193, -1,
          4192, 4190, 4191, -1,
          4194, 4193, 4195, -1,
          4194, 4192, 4193, -1,
          4196, 4195, 4197, -1,
          4196, 4194, 4195, -1,
          4198, 4197, 4199, -1,
          4198, 4196, 4197, -1,
          4200, 4199, 4201, -1,
          4200, 4198, 4199, -1,
          4202, 4201, 4203, -1,
          4202, 4200, 4201, -1,
          4204, 4203, 4205, -1,
          4204, 4202, 4203, -1,
          4206, 4204, 4205, -1,
          4207, 4204, 4206, -1,
          4208, 4206, 4209, -1,
          4208, 4207, 4206, -1,
          4210, 4208, 4209, -1,
          4211, 4208, 4210, -1,
          4212, 4210, 4213, -1,
          4212, 4211, 4210, -1,
          4214, 4215, 4216, -1,
          4214, 4217, 4215, -1,
          4217, 4218, 4215, -1,
          4217, 4219, 4218, -1,
          4219, 4220, 4218, -1,
          4219, 4221, 4220, -1,
          4221, 4222, 4220, -1,
          4221, 4223, 4222, -1,
          4223, 4224, 4222, -1,
          4223, 4225, 4224, -1,
          4225, 4226, 4224, -1,
          4225, 4227, 4226, -1,
          4227, 4228, 4226, -1,
          4227, 4229, 4228, -1,
          4229, 4230, 4228, -1,
          4229, 4231, 4230, -1,
          4231, 4232, 4230, -1,
          4231, 4233, 4232, -1,
          4233, 4234, 4232, -1,
          4233, 4235, 4234, -1,
          4235, 4236, 4234, -1,
          4235, 4237, 4236, -1,
          4237, 4238, 4236, -1,
          4237, 4239, 4238, -1,
          4238, 4240, 4241, -1,
          4239, 4240, 4238, -1,
          4240, 4242, 4241, -1,
          4240, 4243, 4242, -1,
          4243, 4244, 4242, -1,
          4243, 4245, 4244, -1,
          4245, 4246, 4244, -1,
          4245, 4247, 4246, -1,
          4247, 4248, 4246, -1,
          4247, 4249, 4248, -1,
          4249, 4250, 4248, -1,
          4249, 4251, 4250, -1,
          4252, 4253, 4254, -1,
          4252, 4255, 4253, -1,
          4256, 4254, 4257, -1,
          4256, 4252, 4254, -1,
          4258, 4257, 4259, -1,
          4258, 4256, 4257, -1,
          4260, 4259, 4261, -1,
          4260, 4258, 4259, -1,
          4262, 4261, 4263, -1,
          4262, 4260, 4261, -1,
          4264, 4263, 4265, -1,
          4264, 4262, 4263, -1,
          4266, 4265, 4267, -1,
          4266, 4264, 4265, -1,
          4268, 4267, 4269, -1,
          4268, 4266, 4267, -1,
          4270, 4269, 4271, -1,
          4270, 4268, 4269, -1,
          4272, 4271, 4273, -1,
          4272, 4270, 4271, -1,
          4274, 4273, 4275, -1,
          4274, 4272, 4273, -1,
          4276, 4275, 4277, -1,
          4276, 4274, 4275, -1,
          4278, 4277, 4279, -1,
          4278, 4276, 4277, -1,
          4280, 4278, 4279, -1,
          4281, 4278, 4280, -1,
          4282, 4281, 4280, -1,
          4282, 4280, 4283, -1,
          4284, 4283, 4285, -1,
          4284, 4282, 4283, -1,
          4286, 4285, 4287, -1,
          4286, 4284, 4285, -1,
          4288, 4287, 4289, -1,
          4288, 4286, 4287, -1,
          4290, 4291, 4292, -1,
          4290, 4293, 4291, -1,
          4294, 4292, 4295, -1,
          4294, 4290, 4292, -1,
          4296, 4295, 4297, -1,
          4296, 4294, 4295, -1,
          4298, 4297, 4299, -1,
          4298, 4296, 4297, -1,
          4300, 4299, 4301, -1,
          4300, 4298, 4299, -1,
          4302, 4301, 4303, -1,
          4302, 4300, 4301, -1,
          4304, 4303, 4305, -1,
          4304, 4302, 4303, -1,
          4306, 4305, 4307, -1,
          4306, 4304, 4305, -1,
          4308, 4307, 4309, -1,
          4308, 4306, 4307, -1,
          4310, 4309, 4311, -1,
          4310, 4308, 4309, -1,
          4312, 4311, 4313, -1,
          4312, 4310, 4311, -1,
          4314, 4313, 4315, -1,
          4314, 4312, 4313, -1,
          4316, 4315, 4317, -1,
          4316, 4314, 4315, -1,
          4318, 4317, 4319, -1,
          4318, 4316, 4317, -1,
          4320, 4319, 4321, -1,
          4320, 4318, 4319, -1,
          4322, 4320, 4321, -1,
          4323, 4320, 4322, -1,
          4324, 4322, 4325, -1,
          4324, 4323, 4322, -1,
          4326, 4325, 4327, -1,
          4326, 4324, 4325, -1,
          4328, 4329, 4330, -1,
          4328, 4331, 4329, -1,
          4331, 4332, 4329, -1,
          4331, 4333, 4332, -1,
          4333, 4334, 4332, -1,
          4333, 4335, 4334, -1,
          4335, 4336, 4334, -1,
          4335, 4337, 4336, -1,
          4337, 4338, 4336, -1,
          4337, 4339, 4338, -1,
          4339, 4340, 4338, -1,
          4339, 4341, 4340, -1,
          4341, 4342, 4340, -1,
          4341, 4343, 4342, -1,
          4343, 4344, 4342, -1,
          4343, 4345, 4344, -1,
          4345, 4346, 4344, -1,
          4345, 4347, 4346, -1,
          4347, 4348, 4346, -1,
          4347, 4349, 4348, -1,
          4348, 4350, 4351, -1,
          4349, 4350, 4348, -1,
          4351, 4352, 4353, -1,
          4350, 4352, 4351, -1,
          4352, 4354, 4353, -1,
          4352, 4355, 4354, -1,
          4355, 4356, 4354, -1,
          4355, 4357, 4356, -1,
          4357, 4358, 4356, -1,
          4356, 4358, 4359, -1,
          4358, 4360, 4359, -1,
          4358, 4361, 4360, -1,
          4361, 4362, 4360, -1,
          4361, 4363, 4362, -1,
          4363, 4364, 4362, -1,
          4362, 4364, 4365, -1,
          4366, 4367, 4365, -1,
          4365, 4367, 4362, -1,
          4362, 4368, 4360, -1,
          4367, 4368, 4362, -1,
          4360, 4369, 4359, -1,
          4368, 4369, 4360, -1,
          4359, 4370, 4356, -1,
          4369, 4370, 4359, -1,
          4356, 4371, 4354, -1,
          4370, 4371, 4356, -1,
          4354, 4372, 4353, -1,
          4371, 4372, 4354, -1,
          4353, 4373, 4351, -1,
          4372, 4373, 4353, -1,
          4351, 4374, 4348, -1,
          4373, 4374, 4351, -1,
          4348, 4375, 4346, -1,
          4374, 4375, 4348, -1,
          4346, 4376, 4344, -1,
          4375, 4376, 4346, -1,
          4344, 4377, 4342, -1,
          4376, 4377, 4344, -1,
          4342, 4378, 4340, -1,
          4377, 4378, 4342, -1,
          4340, 4379, 4338, -1,
          4378, 4379, 4340, -1,
          4338, 4380, 4336, -1,
          4379, 4380, 4338, -1,
          4380, 4381, 4336, -1,
          4336, 4381, 4334, -1,
          4381, 4382, 4334, -1,
          4334, 4382, 4332, -1,
          4382, 4383, 4332, -1,
          4332, 4383, 4329, -1,
          4383, 4384, 4329, -1,
          4329, 4384, 4330, -1,
          4385, 4386, 4387, -1,
          4387, 4386, 4388, -1,
          4388, 4389, 4390, -1,
          4386, 4389, 4388, -1,
          4390, 4391, 4392, -1,
          4389, 4391, 4390, -1,
          4392, 4393, 4394, -1,
          4391, 4393, 4392, -1,
          4394, 4395, 4396, -1,
          4393, 4395, 4394, -1,
          4396, 4397, 4398, -1,
          4395, 4397, 4396, -1,
          4398, 4399, 4400, -1,
          4400, 4399, 4401, -1,
          4397, 4399, 4398, -1,
          4399, 4402, 4401, -1,
          4401, 4403, 4404, -1,
          4402, 4403, 4401, -1,
          4404, 4405, 4406, -1,
          4403, 4405, 4404, -1,
          4406, 4407, 4408, -1,
          4405, 4407, 4406, -1,
          4408, 4409, 4410, -1,
          4407, 4409, 4408, -1,
          4410, 4411, 4412, -1,
          4409, 4411, 4410, -1,
          4412, 4413, 4414, -1,
          4414, 4413, 4415, -1,
          4411, 4413, 4412, -1,
          4413, 4416, 4415, -1,
          4416, 4417, 4415, -1,
          4415, 4417, 4418, -1,
          4417, 4419, 4418, -1,
          4418, 4419, 4420, -1,
          4419, 4421, 4420, -1,
          4420, 4421, 4422, -1,
          4216, 4215, 4423, -1,
          4423, 4215, 4424, -1,
          4424, 4215, 4425, -1,
          4425, 4218, 4426, -1,
          4215, 4218, 4425, -1,
          4426, 4220, 4427, -1,
          4218, 4220, 4426, -1,
          4427, 4222, 4428, -1,
          4220, 4222, 4427, -1,
          4428, 4224, 4429, -1,
          4222, 4224, 4428, -1,
          4429, 4226, 4430, -1,
          4224, 4226, 4429, -1,
          4430, 4228, 4431, -1,
          4226, 4228, 4430, -1,
          4431, 4230, 4432, -1,
          4228, 4230, 4431, -1,
          4230, 4232, 4432, -1,
          4432, 4234, 4433, -1,
          4433, 4234, 4434, -1,
          4232, 4234, 4432, -1,
          4434, 4236, 4435, -1,
          4234, 4236, 4434, -1,
          4236, 4238, 4435, -1,
          4435, 4241, 4436, -1,
          4436, 4241, 4437, -1,
          4238, 4241, 4435, -1,
          4241, 4242, 4437, -1,
          4242, 4244, 4437, -1,
          4437, 4244, 4438, -1,
          4438, 4244, 4439, -1,
          4244, 4246, 4439, -1,
          4439, 4246, 4440, -1,
          4440, 4248, 4441, -1,
          4246, 4248, 4440, -1,
          4248, 4250, 4441, -1,
          4326, 4442, 4443, -1,
          4324, 4443, 4444, -1,
          4324, 4326, 4443, -1,
          4323, 4444, 4445, -1,
          4323, 4324, 4444, -1,
          4320, 4445, 4446, -1,
          4320, 4323, 4445, -1,
          4318, 4446, 4447, -1,
          4318, 4320, 4446, -1,
          4316, 4447, 4448, -1,
          4316, 4318, 4447, -1,
          4314, 4316, 4448, -1,
          4312, 4448, 4449, -1,
          4312, 4314, 4448, -1,
          4310, 4449, 4450, -1,
          4310, 4312, 4449, -1,
          4308, 4450, 4451, -1,
          4308, 4310, 4450, -1,
          4306, 4451, 4452, -1,
          4306, 4308, 4451, -1,
          4304, 4452, 4453, -1,
          4304, 4306, 4452, -1,
          4302, 4453, 4454, -1,
          4302, 4304, 4453, -1,
          4300, 4454, 4455, -1,
          4300, 4455, 4456, -1,
          4300, 4302, 4454, -1,
          4298, 4300, 4456, -1,
          4296, 4298, 4456, -1,
          4296, 4456, 4457, -1,
          4296, 4457, 4458, -1,
          4294, 4296, 4458, -1,
          4294, 4458, 4459, -1,
          4290, 4294, 4459, -1,
          4293, 4290, 4459, -1,
          4293, 4459, 4460, -1,
          4461, 4462, 4463, -1,
          4461, 4464, 4462, -1,
          4465, 4463, 4466, -1,
          4465, 4461, 4463, -1,
          4467, 4466, 4468, -1,
          4467, 4465, 4466, -1,
          4469, 4468, 4470, -1,
          4469, 4467, 4468, -1,
          4471, 4470, 4472, -1,
          4471, 4469, 4470, -1,
          4473, 4472, 4474, -1,
          4473, 4471, 4472, -1,
          4475, 4474, 4476, -1,
          4475, 4476, 4477, -1,
          4475, 4473, 4474, -1,
          4478, 4475, 4477, -1,
          4479, 4477, 4480, -1,
          4479, 4478, 4477, -1,
          4481, 4480, 4482, -1,
          4481, 4479, 4480, -1,
          4483, 4482, 4484, -1,
          4483, 4481, 4482, -1,
          4485, 4484, 4486, -1,
          4485, 4483, 4484, -1,
          4487, 4486, 4488, -1,
          4487, 4488, 4489, -1,
          4487, 4485, 4486, -1,
          4490, 4489, 4491, -1,
          4490, 4487, 4489, -1,
          4492, 4490, 4491, -1,
          4493, 4492, 4491, -1,
          4493, 4491, 4494, -1,
          4493, 4494, 4495, -1,
          4496, 4493, 4495, -1,
          4497, 4496, 4495, -1,
          4497, 4495, 4498, -1,
          4499, 4500, 4501, -1,
          4502, 4500, 4499, -1,
          4503, 4501, 4504, -1,
          4503, 4499, 4501, -1,
          4505, 4506, 4500, -1,
          4505, 4500, 4502, -1,
          4507, 4508, 4509, -1,
          4507, 4504, 4508, -1,
          4507, 4503, 4504, -1,
          4510, 4506, 4505, -1,
          4511, 4506, 4510, -1,
          4511, 4512, 4506, -1,
          4513, 4509, 4514, -1,
          4513, 4515, 4516, -1,
          4513, 4514, 4515, -1,
          4513, 4507, 4509, -1,
          4517, 4512, 4511, -1,
          4517, 4518, 4512, -1,
          4519, 4516, 4520, -1,
          4519, 4513, 4516, -1,
          4521, 4518, 4517, -1,
          4522, 4520, 4523, -1,
          4522, 4519, 4520, -1,
          4524, 4518, 4521, -1,
          4524, 4525, 4518, -1,
          4526, 4523, 4527, -1,
          4526, 4522, 4523, -1,
          4528, 4525, 4524, -1,
          4528, 4529, 4525, -1,
          4528, 4530, 4529, -1,
          4531, 4530, 4528, -1,
          4531, 4532, 4530, -1,
          4533, 4532, 4531, -1,
          4533, 4534, 4532, -1,
          4535, 4534, 4533, -1,
          4536, 4534, 4535, -1,
          4536, 4537, 4534, -1,
          4538, 4537, 4536, -1,
          4539, 4540, 4537, -1,
          4539, 4537, 4538, -1,
          4541, 4540, 4539, -1,
          4542, 4543, 4540, -1,
          4542, 4540, 4541, -1,
          4544, 4543, 4542, -1,
          4545, 4543, 4544, -1,
          4546, 4545, 4544, -1,
          4547, 4545, 4546, -1,
          4548, 4546, 4549, -1,
          4548, 4547, 4546, -1,
          4550, 4548, 4549, -1,
          4551, 4550, 4549, -1,
          4552, 4551, 4549, -1,
          4553, 4552, 4549, -1,
          4554, 4549, 4555, -1,
          4554, 4553, 4549, -1,
          4556, 4555, 4557, -1,
          4556, 4554, 4555, -1,
          4558, 4557, 4559, -1,
          4558, 4556, 4557, -1,
          4507, 4499, 4503, -1,
          4502, 4499, 4507, -1,
          4513, 4505, 4502, -1,
          4513, 4502, 4507, -1,
          4519, 4510, 4505, -1,
          4519, 4505, 4513, -1,
          4511, 4510, 4519, -1,
          4522, 4511, 4519, -1,
          4517, 4511, 4522, -1,
          4526, 4517, 4522, -1,
          4521, 4517, 4526, -1,
          4524, 4521, 4526, -1,
          4528, 4524, 4526, -1,
          4531, 4528, 4526, -1,
          4549, 4546, 4544, -1,
          4555, 4544, 4542, -1,
          4555, 4542, 4541, -1,
          4555, 4549, 4544, -1,
          4557, 4541, 4539, -1,
          4557, 4555, 4541, -1,
          4559, 4539, 4538, -1,
          4559, 4538, 4536, -1,
          4559, 4536, 4535, -1,
          4559, 4535, 4533, -1,
          4559, 4533, 4531, -1,
          4559, 4531, 4526, -1,
          4559, 4557, 4539, -1,
          4560, 4527, 4179, -1,
          4561, 4560, 4179, -1,
          4562, 4561, 4179, -1,
          4176, 4562, 4179, -1,
          4563, 4558, 4564, -1,
          4563, 4564, 4565, -1,
          4563, 4565, 4566, -1,
          4288, 4558, 4563, -1,
          4288, 4563, 4567, -1,
          4288, 4567, 4568, -1,
          4288, 4568, 4569, -1,
          4286, 4176, 4180, -1,
          4286, 4562, 4176, -1,
          4286, 4288, 4569, -1,
          4286, 4569, 4562, -1,
          4284, 4180, 4182, -1,
          4284, 4286, 4180, -1,
          4282, 4182, 4184, -1,
          4282, 4284, 4182, -1,
          4281, 4282, 4184, -1,
          4570, 4186, 4571, -1,
          4572, 4186, 4570, -1,
          4573, 4571, 4186, -1,
          4574, 4184, 4186, -1,
          4574, 4186, 4572, -1,
          4575, 4573, 4186, -1,
          4576, 4575, 4186, -1,
          4577, 4186, 4188, -1,
          4577, 4576, 4186, -1,
          4578, 4577, 4188, -1,
          4579, 4580, 4574, -1,
          4581, 4574, 4580, -1,
          4582, 4579, 4574, -1,
          4583, 4184, 4574, -1,
          4583, 4574, 4581, -1,
          4584, 4582, 4574, -1,
          4585, 4586, 4587, -1,
          4585, 4587, 4588, -1,
          4589, 4281, 4184, -1,
          4589, 4184, 4583, -1,
          4590, 4574, 4591, -1,
          4590, 4584, 4574, -1,
          4592, 4578, 4188, -1,
          4593, 4591, 4594, -1,
          4593, 4590, 4591, -1,
          4595, 4593, 4594, -1,
          4595, 4585, 4588, -1,
          4595, 4594, 4585, -1,
          4595, 4588, 4596, -1,
          4597, 4592, 4188, -1,
          4598, 4599, 4600, -1,
          4598, 4600, 4601, -1,
          4602, 4598, 4601, -1,
          4602, 4601, 4603, -1,
          4604, 4597, 4188, -1,
          4605, 4603, 4606, -1,
          4605, 4602, 4603, -1,
          4607, 4606, 4608, -1,
          4607, 4605, 4606, -1,
          4609, 4607, 4608, -1,
          4610, 4604, 4188, -1,
          4611, 4612, 4613, -1,
          4611, 4613, 4614, -1,
          4611, 4614, 4615, -1,
          4611, 4615, 4616, -1,
          4611, 4616, 4617, -1,
          4618, 4608, 4619, -1,
          4618, 4609, 4608, -1,
          4620, 4610, 4188, -1,
          4621, 4618, 4619, -1,
          4621, 4619, 4622, -1,
          4623, 4620, 4188, -1,
          4624, 4621, 4622, -1,
          4625, 4611, 4617, -1,
          4625, 4617, 4626, -1,
          4625, 4626, 4627, -1,
          4628, 4623, 4188, -1,
          4629, 4627, 4630, -1,
          4629, 4630, 4631, -1,
          4629, 4625, 4627, -1,
          4632, 4624, 4622, -1,
          4632, 4622, 4633, -1,
          4634, 4631, 4635, -1,
          4634, 4629, 4631, -1,
          4636, 4628, 4188, -1,
          4637, 4634, 4635, -1,
          4637, 4635, 4638, -1,
          4639, 4637, 4638, -1,
          4639, 4638, 4640, -1,
          4641, 4642, 4643, -1,
          4641, 4643, 4644, -1,
          4645, 4639, 4640, -1,
          4645, 4642, 4641, -1,
          4645, 4640, 4642, -1,
          4646, 4632, 4633, -1,
          4647, 4646, 4633, -1,
          4648, 4647, 4633, -1,
          4278, 4589, 4649, -1,
          4278, 4649, 4650, -1,
          4278, 4650, 4651, -1,
          4278, 4651, 4652, -1,
          4278, 4652, 4653, -1,
          4278, 4653, 4654, -1,
          4278, 4654, 4655, -1,
          4278, 4655, 4656, -1,
          4278, 4281, 4589, -1,
          4657, 4648, 4633, -1,
          4658, 4633, 4659, -1,
          4658, 4657, 4633, -1,
          4660, 4658, 4659, -1,
          4661, 4660, 4659, -1,
          4662, 4661, 4659, -1,
          4663, 4664, 4665, -1,
          4666, 4662, 4659, -1,
          4667, 4666, 4659, -1,
          4668, 4664, 4663, -1,
          4669, 4667, 4659, -1,
          4669, 4659, 4664, -1,
          4669, 4664, 4668, -1,
          4670, 4665, 4671, -1,
          4670, 4663, 4665, -1,
          4672, 4671, 4673, -1,
          4672, 4673, 4674, -1,
          4672, 4670, 4671, -1,
          4675, 4676, 4677, -1,
          4678, 4676, 4675, -1,
          4678, 4679, 4676, -1,
          4680, 4675, 4677, -1,
          4680, 4677, 4681, -1,
          4682, 4674, 4683, -1,
          4682, 4683, 4684, -1,
          4682, 4672, 4674, -1,
          4685, 4679, 4678, -1,
          4685, 4686, 4679, -1,
          4687, 4680, 4681, -1,
          4687, 4681, 4636, -1,
          4688, 4686, 4685, -1,
          4688, 4684, 4686, -1,
          4689, 4687, 4636, -1,
          4689, 4636, 4188, -1,
          4690, 4684, 4688, -1,
          4690, 4682, 4684, -1,
          4691, 4689, 4188, -1,
          4692, 4691, 4188, -1,
          4693, 4188, 4190, -1,
          4693, 4692, 4188, -1,
          4694, 4682, 4690, -1,
          4695, 4690, 4696, -1,
          4695, 4694, 4690, -1,
          4697, 4682, 4694, -1,
          4698, 4695, 4696, -1,
          4699, 4682, 4697, -1,
          4700, 4696, 4701, -1,
          4700, 4698, 4696, -1,
          4702, 4682, 4699, -1,
          4703, 4704, 4682, -1,
          4703, 4682, 4702, -1,
          4705, 4701, 4706, -1,
          4705, 4700, 4701, -1,
          4707, 4693, 4190, -1,
          4708, 4709, 4704, -1,
          4708, 4704, 4703, -1,
          4710, 4706, 4711, -1,
          4710, 4705, 4706, -1,
          4712, 4710, 4711, -1,
          4713, 4714, 4715, -1,
          4713, 4715, 4709, -1,
          4713, 4709, 4708, -1,
          4716, 4710, 4712, -1,
          4717, 4716, 4712, -1,
          4718, 4719, 4714, -1,
          4718, 4714, 4713, -1,
          4720, 4707, 4190, -1,
          4721, 4716, 4717, -1,
          4722, 4723, 4719, -1,
          4722, 4719, 4718, -1,
          4724, 4723, 4722, -1,
          4725, 4720, 4190, -1,
          4726, 4725, 4190, -1,
          4727, 4726, 4190, -1,
          4276, 4278, 4656, -1,
          4276, 4724, 4728, -1,
          4276, 4728, 4729, -1,
          4276, 4723, 4724, -1,
          4276, 4729, 4730, -1,
          4276, 4730, 4731, -1,
          4276, 4731, 4732, -1,
          4276, 4656, 4733, -1,
          4276, 4733, 4734, -1,
          4276, 4734, 4735, -1,
          4276, 4735, 4736, -1,
          4276, 4736, 4737, -1,
          4276, 4737, 4738, -1,
          4276, 4738, 4739, -1,
          4276, 4739, 4740, -1,
          4276, 4740, 4723, -1,
          4741, 4742, 4727, -1,
          4743, 4727, 4190, -1,
          4743, 4190, 4192, -1,
          4744, 4743, 4192, -1,
          4745, 4744, 4192, -1,
          4746, 4745, 4192, -1,
          4747, 4748, 4749, -1,
          4274, 4742, 4741, -1,
          4274, 4741, 4750, -1,
          4274, 4750, 4751, -1,
          4274, 4751, 4748, -1,
          4274, 4732, 4752, -1,
          4274, 4752, 4753, -1,
          4274, 4753, 4754, -1,
          4274, 4754, 4755, -1,
          4274, 4755, 4742, -1,
          4274, 4276, 4732, -1,
          4756, 4748, 4747, -1,
          4756, 4747, 4757, -1,
          4756, 4757, 4758, -1,
          4759, 4760, 4761, -1,
          4762, 4192, 4194, -1,
          4762, 4746, 4192, -1,
          4762, 4761, 4746, -1,
          4763, 4761, 4762, -1,
          4764, 4762, 4194, -1,
          4765, 4764, 4194, -1,
          4766, 4765, 4194, -1,
          4767, 4763, 4762, -1,
          4768, 4767, 4762, -1,
          4769, 4766, 4770, -1,
          4771, 4766, 4769, -1,
          4772, 4770, 4766, -1,
          4773, 4766, 4771, -1,
          4774, 4772, 4766, -1,
          4775, 4766, 4773, -1,
          4776, 4766, 4194, -1,
          4776, 4774, 4766, -1,
          4777, 4766, 4775, -1,
          4778, 4776, 4194, -1,
          4779, 4766, 4777, -1,
          4780, 4778, 4194, -1,
          4781, 4780, 4194, -1,
          4272, 4759, 4782, -1,
          4272, 4782, 4783, -1,
          4272, 4274, 4748, -1,
          4272, 4748, 4756, -1,
          4272, 4760, 4759, -1,
          4272, 4756, 4784, -1,
          4272, 4784, 4785, -1,
          4272, 4785, 4760, -1,
          4786, 4777, 4787, -1,
          4786, 4787, 4788, -1,
          4786, 4779, 4777, -1,
          4789, 4781, 4194, -1,
          4790, 4788, 4791, -1,
          4790, 4791, 4792, -1,
          4793, 4790, 4792, -1,
          4793, 4792, 4794, -1,
          4793, 4794, 4795, -1,
          4796, 4793, 4795, -1,
          4796, 4795, 4797, -1,
          4798, 4796, 4797, -1,
          4799, 4798, 4797, -1,
          4800, 4798, 4799, -1,
          4801, 4800, 4799, -1,
          4802, 4789, 4194, -1,
          4803, 4194, 4196, -1,
          4803, 4802, 4194, -1,
          4804, 4803, 4196, -1,
          4805, 4806, 4807, -1,
          4805, 4807, 4808, -1,
          4805, 4808, 4809, -1,
          4805, 4809, 4810, -1,
          4805, 4810, 4811, -1,
          4805, 4811, 4812, -1,
          4805, 4812, 4813, -1,
          4805, 4813, 4814, -1,
          4805, 4814, 4815, -1,
          4805, 4815, 4816, -1,
          4805, 4816, 4817, -1,
          4805, 4817, 4818, -1,
          4819, 4804, 4820, -1,
          4821, 4804, 4819, -1,
          4822, 4820, 4804, -1,
          4823, 4804, 4821, -1,
          4824, 4822, 4804, -1,
          4825, 4804, 4196, -1,
          4825, 4824, 4804, -1,
          4826, 4825, 4196, -1,
          4827, 4828, 4829, -1,
          4830, 4826, 4196, -1,
          4831, 4828, 4827, -1,
          4270, 4779, 4786, -1,
          4270, 4783, 4779, -1,
          4270, 4786, 4832, -1,
          4270, 4832, 4833, -1,
          4270, 4833, 4806, -1,
          4270, 4272, 4783, -1,
          4270, 4806, 4805, -1,
          4834, 4830, 4196, -1,
          4835, 4828, 4831, -1,
          4836, 4834, 4196, -1,
          4837, 4828, 4835, -1,
          4838, 4836, 4196, -1,
          4839, 4828, 4837, -1,
          4840, 4838, 4196, -1,
          4841, 4828, 4839, -1,
          4842, 4196, 4198, -1,
          4842, 4840, 4196, -1,
          4843, 4842, 4198, -1,
          4844, 4843, 4198, -1,
          4845, 4844, 4198, -1,
          4846, 4845, 4198, -1,
          4846, 4847, 4848, -1,
          4846, 4848, 4849, -1,
          4846, 4849, 4850, -1,
          4846, 4850, 4851, -1,
          4846, 4851, 4845, -1,
          4852, 4847, 4846, -1,
          4853, 4846, 4198, -1,
          4854, 4853, 4198, -1,
          4855, 4854, 4198, -1,
          4268, 4828, 4841, -1,
          4268, 4805, 4856, -1,
          4268, 4856, 4857, -1,
          4268, 4857, 4828, -1,
          4268, 4841, 4858, -1,
          4268, 4858, 4859, -1,
          4268, 4859, 4860, -1,
          4268, 4860, 4861, -1,
          4268, 4861, 4862, -1,
          4268, 4862, 4863, -1,
          4268, 4270, 4805, -1,
          4864, 4865, 4866, -1,
          4864, 4866, 4867, -1,
          4864, 4867, 4868, -1,
          4864, 4868, 4869, -1,
          4864, 4869, 4870, -1,
          4864, 4870, 4871, -1,
          4864, 4871, 4852, -1,
          4872, 4873, 4855, -1,
          4874, 4875, 4876, -1,
          4877, 4878, 4872, -1,
          4877, 4198, 4200, -1,
          4877, 4855, 4198, -1,
          4877, 4872, 4855, -1,
          4879, 4874, 4876, -1,
          4880, 4877, 4200, -1,
          4881, 4880, 4200, -1,
          4882, 4881, 4200, -1,
          4883, 4878, 4877, -1,
          4884, 4882, 4200, -1,
          4885, 4882, 4884, -1,
          4886, 4879, 4887, -1,
          4886, 4874, 4879, -1,
          4888, 4885, 4889, -1,
          4890, 4884, 4200, -1,
          4266, 4864, 4891, -1,
          4266, 4891, 4892, -1,
          4266, 4892, 4874, -1,
          4266, 4268, 4863, -1,
          4266, 4874, 4886, -1,
          4266, 4863, 4893, -1,
          4266, 4893, 4894, -1,
          4266, 4894, 4865, -1,
          4266, 4865, 4864, -1,
          4895, 4200, 4202, -1,
          4895, 4890, 4200, -1,
          4896, 4888, 4889, -1,
          4896, 4889, 4897, -1,
          4896, 4897, 4898, -1,
          4899, 4895, 4202, -1,
          4900, 4901, 4902, -1,
          4900, 4902, 4903, -1,
          4900, 4903, 4904, -1,
          4204, 4899, 4202, -1,
          4204, 4904, 4899, -1,
          4264, 4888, 4896, -1,
          4264, 4266, 4886, -1,
          4264, 4896, 4905, -1,
          4264, 4905, 4906, -1,
          4264, 4906, 4900, -1,
          4264, 4886, 4907, -1,
          4264, 4907, 4908, -1,
          4264, 4908, 4888, -1,
          4262, 4264, 4900, -1,
          4262, 4900, 4904, -1,
          4260, 4204, 4207, -1,
          4260, 4904, 4204, -1,
          4260, 4262, 4904, -1,
          4258, 4260, 4207, -1,
          4256, 4207, 4208, -1,
          4256, 4208, 4211, -1,
          4256, 4258, 4207, -1,
          4909, 4211, 4212, -1,
          4909, 4910, 4211, -1,
          4911, 4211, 4910, -1,
          4912, 4211, 4911, -1,
          4913, 4909, 4212, -1,
          4914, 4211, 4912, -1,
          4915, 4913, 4212, -1,
          4916, 4211, 4914, -1,
          4917, 4915, 4212, -1,
          4918, 4917, 4212, -1,
          4919, 4918, 4212, -1,
          4920, 4919, 4212, -1,
          4921, 4920, 4212, -1,
          4252, 4211, 4916, -1,
          4252, 4916, 4922, -1,
          4252, 4922, 4923, -1,
          4252, 4923, 4924, -1,
          4252, 4256, 4211, -1,
          4255, 4252, 4924, -1,
          4255, 4924, 4925, -1,
          4255, 4925, 4926, -1,
          4255, 4926, 4927, -1,
          4255, 4927, 4928, -1,
          4255, 4928, 4929, -1,
          4255, 4929, 4930, -1,
          4255, 4930, 4931, -1,
          4888, 4882, 4885, -1,
          4846, 4864, 4852, -1,
          4828, 4804, 4829, -1,
          4829, 4804, 4823, -1,
          4790, 4786, 4788, -1,
          4760, 4746, 4761, -1,
          4743, 4741, 4727, -1,
          4611, 4595, 4596, -1,
          4611, 4596, 4612, -1,
          4932, 4921, 4212, -1,
          4933, 4932, 4212, -1,
          4934, 4933, 4212, -1,
          4935, 4934, 4212, -1,
          4936, 4935, 4212, -1,
          4937, 4938, 4939, -1,
          4940, 4939, 4941, -1,
          4940, 4937, 4939, -1,
          4942, 4941, 4936, -1,
          4942, 4940, 4941, -1,
          4943, 4936, 4212, -1,
          4943, 4942, 4936, -1,
          4944, 4943, 4212, -1,
          4945, 4944, 4212, -1,
          4946, 4947, 4948, -1,
          4946, 4948, 4949, -1,
          4950, 4945, 4212, -1,
          4951, 4212, 4952, -1,
          4951, 4950, 4212, -1,
          4953, 4947, 4946, -1,
          4954, 4951, 4952, -1,
          4955, 4954, 4952, -1,
          4956, 4955, 4952, -1,
          4957, 4956, 4952, -1,
          4958, 4957, 4952, -1,
          4959, 4958, 4952, -1,
          4960, 4961, 4962, -1,
          4963, 4964, 4965, -1,
          4963, 4965, 4961, -1,
          4963, 4961, 4960, -1,
          4966, 4947, 4953, -1,
          4966, 4962, 4947, -1,
          4966, 4960, 4962, -1,
          4967, 4964, 4963, -1,
          4967, 4968, 4964, -1,
          4969, 4966, 4953, -1,
          4969, 4953, 4970, -1,
          4971, 4969, 4970, -1,
          4972, 4968, 4967, -1,
          4972, 4931, 4968, -1,
          4973, 4971, 4970, -1,
          4973, 4970, 4974, -1,
          4975, 4931, 4972, -1,
          4976, 4974, 4977, -1,
          4976, 4977, 4978, -1,
          4976, 4973, 4974, -1,
          4979, 4976, 4978, -1,
          4979, 4978, 4980, -1,
          4981, 4979, 4980, -1,
          4981, 4980, 4982, -1,
          4983, 4984, 4985, -1,
          4983, 4985, 4986, -1,
          4987, 4981, 4982, -1,
          4987, 4982, 4988, -1,
          4987, 4988, 4989, -1,
          4990, 4983, 4986, -1,
          4990, 4986, 4991, -1,
          4992, 4990, 4991, -1,
          4992, 4991, 4993, -1,
          4994, 4987, 4989, -1,
          4995, 4992, 4993, -1,
          4255, 4931, 4975, -1,
          4996, 4992, 4995, -1,
          4997, 4994, 4989, -1,
          4997, 4989, 4998, -1,
          4999, 4992, 4996, -1,
          5000, 4255, 4975, -1,
          5001, 4992, 4999, -1,
          5002, 4997, 4998, -1,
          5002, 4998, 5003, -1,
          5004, 4255, 5000, -1,
          5005, 5002, 5003, -1,
          5005, 5003, 5006, -1,
          5007, 4255, 5004, -1,
          5008, 5005, 5006, -1,
          5009, 4959, 4952, -1,
          5009, 5010, 5011, -1,
          5009, 5011, 5012, -1,
          5009, 5012, 4959, -1,
          5013, 5010, 5009, -1,
          5013, 5014, 5015, -1,
          5013, 5015, 5010, -1,
          5016, 5001, 5017, -1,
          5016, 4992, 5001, -1,
          5016, 4255, 5007, -1,
          5018, 5009, 4952, -1,
          5019, 5018, 4952, -1,
          5020, 5021, 5022, -1,
          5023, 5022, 5021, -1,
          5024, 5023, 5021, -1,
          5025, 5019, 4952, -1,
          5026, 5024, 5021, -1,
          5026, 5021, 5008, -1,
          5027, 5025, 4952, -1,
          5028, 5026, 5008, -1,
          5028, 5008, 5006, -1,
          5028, 5006, 5029, -1,
          5030, 5027, 4952, -1,
          5031, 5032, 5033, -1,
          5034, 4952, 5035, -1,
          5034, 5030, 4952, -1,
          5036, 5028, 5029, -1,
          5037, 5032, 5031, -1,
          5037, 5017, 5038, -1,
          5037, 5038, 5039, -1,
          5037, 5039, 5040, -1,
          5037, 5040, 5041, -1,
          5037, 5041, 5042, -1,
          5037, 5042, 5032, -1,
          5043, 5036, 5029, -1,
          5043, 5029, 5014, -1,
          5044, 5043, 5014, -1,
          5044, 5014, 5013, -1,
          5045, 5046, 5034, -1,
          5047, 5044, 5013, -1,
          5048, 5049, 5050, -1,
          5051, 5048, 5050, -1,
          5051, 5050, 5052, -1,
          5051, 5052, 5053, -1,
          5051, 5053, 5054, -1,
          5055, 5047, 5013, -1,
          5056, 5051, 5054, -1,
          5057, 5051, 5056, -1,
          5058, 5055, 5013, -1,
          5059, 5034, 5035, -1,
          5059, 5045, 5034, -1,
          5060, 5017, 5037, -1,
          5060, 5016, 5017, -1,
          5061, 5051, 5057, -1,
          5062, 5058, 5013, -1,
          5063, 5051, 5061, -1,
          5063, 5061, 5064, -1,
          5065, 5066, 5067, -1,
          5065, 5067, 5062, -1,
          5065, 5062, 5013, -1,
          5068, 5066, 5065, -1,
          5069, 5059, 5035, -1,
          5070, 5065, 5013, -1,
          5071, 5068, 5065, -1,
          5072, 5073, 5074, -1,
          5072, 5074, 5075, -1,
          5076, 5070, 5013, -1,
          5076, 5077, 5070, -1,
          5076, 5013, 5078, -1,
          5076, 5078, 5079, -1,
          5080, 5073, 5072, -1,
          5080, 5081, 5073, -1,
          5082, 5077, 5076, -1,
          5083, 5081, 5080, -1,
          5083, 5064, 5084, -1,
          5083, 5084, 5085, -1,
          5083, 5085, 5086, -1,
          5083, 5063, 5064, -1,
          5083, 5086, 5081, -1,
          5087, 5088, 5089, -1,
          5087, 5089, 5090, -1,
          5091, 5063, 5083, -1,
          5092, 5093, 5094, -1,
          5095, 5082, 5076, -1,
          5095, 5093, 5092, -1,
          5095, 5076, 5093, -1,
          5096, 5092, 5094, -1,
          5096, 5094, 5087, -1,
          5097, 5082, 5095, -1,
          5098, 5096, 5087, -1,
          5099, 5098, 5087, -1,
          5100, 5082, 5097, -1,
          5101, 5099, 5087, -1,
          5102, 5101, 5087, -1,
          5103, 5091, 5104, -1,
          5103, 5104, 5105, -1,
          5103, 5105, 5106, -1,
          5103, 5060, 5107, -1,
          5103, 5016, 5060, -1,
          5103, 5107, 5108, -1,
          5103, 5108, 5063, -1,
          5103, 4255, 5016, -1,
          5103, 5063, 5091, -1,
          5109, 5106, 5082, -1,
          5109, 5082, 5100, -1,
          5110, 5102, 5087, -1,
          5111, 5087, 5090, -1,
          5111, 5110, 5087, -1,
          5112, 5113, 5114, -1,
          5115, 5112, 5114, -1,
          5116, 5111, 5090, -1,
          5117, 5115, 5118, -1,
          5117, 5112, 5115, -1,
          5119, 5117, 5118, -1,
          5120, 5117, 5119, -1,
          5121, 5116, 5090, -1,
          5122, 5117, 5120, -1,
          5123, 5117, 5122, -1,
          5124, 5103, 5106, -1,
          5124, 5106, 5109, -1,
          5125, 5121, 5090, -1,
          5126, 5069, 5127, -1,
          5128, 5127, 5069, -1,
          5128, 5069, 5035, -1,
          5129, 5117, 5123, -1,
          5130, 5069, 5126, -1,
          5131, 5128, 5035, -1,
          5132, 5131, 5035, -1,
          5133, 5069, 5130, -1,
          5133, 5090, 5069, -1,
          5134, 5103, 5124, -1,
          5135, 5132, 5035, -1,
          5136, 5090, 5133, -1,
          5137, 5125, 5090, -1,
          5138, 5135, 5035, -1,
          5139, 5138, 5035, -1,
          5140, 5139, 5035, -1,
          5141, 5117, 5129, -1,
          5141, 5129, 5142, -1,
          5143, 5144, 5145, -1,
          5143, 5145, 5146, -1,
          5147, 5137, 5090, -1,
          5147, 5148, 5149, -1,
          5147, 5149, 5150, -1,
          5147, 5150, 5137, -1,
          5151, 5140, 5035, -1,
          5152, 5146, 5153, -1,
          5152, 5143, 5146, -1,
          5154, 5153, 5155, -1,
          5154, 5152, 5153, -1,
          5156, 5035, 5157, -1,
          5156, 5151, 5035, -1,
          5158, 5154, 5155, -1,
          5159, 5148, 5147, -1,
          5160, 5154, 5158, -1,
          5161, 5156, 5157, -1,
          5162, 5154, 5160, -1,
          5163, 5090, 5136, -1,
          5163, 5164, 5147, -1,
          5163, 5147, 5090, -1,
          5165, 5154, 5162, -1,
          5166, 5164, 5163, -1,
          5167, 5161, 5157, -1,
          5168, 5169, 5170, -1,
          5171, 5169, 5168, -1,
          5172, 5167, 5157, -1,
          5173, 5166, 5163, -1,
          5174, 5169, 5171, -1,
          5174, 5175, 5176, -1,
          5174, 5176, 5177, -1,
          5174, 5177, 5178, -1,
          5174, 5178, 5179, -1,
          5174, 5179, 5169, -1,
          5180, 5165, 5181, -1,
          5180, 5154, 5165, -1,
          5182, 5183, 5184, -1,
          5185, 5184, 5183, -1,
          5186, 5185, 5183, -1,
          5187, 5141, 5142, -1,
          5187, 5142, 5175, -1,
          5187, 5175, 5174, -1,
          5188, 5186, 5183, -1,
          5188, 5183, 5189, -1,
          5190, 5173, 5163, -1,
          5191, 5190, 5163, -1,
          5192, 5173, 5190, -1,
          5193, 5189, 5172, -1,
          5193, 5188, 5189, -1,
          5194, 5163, 5195, -1,
          5194, 5191, 5163, -1,
          5196, 5197, 5198, -1,
          5199, 5173, 5192, -1,
          5200, 5195, 5201, -1,
          5200, 5194, 5195, -1,
          5202, 5172, 5157, -1,
          5202, 5193, 5172, -1,
          5203, 5173, 5199, -1,
          5204, 5197, 5196, -1,
          5204, 5181, 5205, -1,
          5204, 5205, 5206, -1,
          5204, 5206, 5207, -1,
          5204, 5207, 5208, -1,
          5204, 5208, 5209, -1,
          5204, 5209, 5197, -1,
          5210, 5200, 5201, -1,
          5211, 5202, 5157, -1,
          5212, 5201, 5180, -1,
          5212, 5210, 5201, -1,
          5213, 5173, 5203, -1,
          5214, 5211, 5157, -1,
          5215, 5212, 5180, -1,
          5216, 5173, 5213, -1,
          5217, 5214, 5157, -1,
          5218, 5219, 5220, -1,
          5221, 5215, 5180, -1,
          5222, 5220, 5223, -1,
          5222, 5223, 5224, -1,
          5222, 5224, 5225, -1,
          5222, 5218, 5220, -1,
          5226, 5217, 5157, -1,
          5227, 5222, 5225, -1,
          5228, 5216, 5213, -1,
          5229, 5222, 5227, -1,
          5230, 5226, 5157, -1,
          5231, 5221, 5180, -1,
          5232, 5180, 5181, -1,
          5232, 5181, 5204, -1,
          5232, 5231, 5180, -1,
          5233, 5222, 5229, -1,
          5234, 5216, 5228, -1,
          5235, 5231, 5232, -1,
          5236, 5235, 5232, -1,
          5237, 5216, 5234, -1,
          5238, 5236, 5232, -1,
          5239, 5216, 5237, -1,
          5240, 5238, 5232, -1,
          5241, 5233, 5242, -1,
          5241, 5222, 5233, -1,
          5243, 5244, 5245, -1,
          5243, 5245, 5246, -1,
          5243, 5230, 5157, -1,
          5243, 5246, 5230, -1,
          5247, 5244, 5243, -1,
          5248, 5216, 5239, -1,
          5249, 5240, 5232, -1,
          5249, 5232, 5250, -1,
          5251, 5103, 5134, -1,
          5251, 5187, 5252, -1,
          5251, 5252, 5253, -1,
          5251, 5216, 5248, -1,
          5251, 5253, 5216, -1,
          5251, 5141, 5187, -1,
          5251, 5134, 5254, -1,
          5251, 5254, 5141, -1,
          5255, 5243, 5157, -1,
          5256, 5247, 5243, -1,
          5257, 5251, 5248, -1,
          5258, 5249, 5250, -1,
          5258, 5250, 5259, -1,
          5260, 5255, 5157, -1,
          5261, 5251, 5257, -1,
          5262, 5263, 5264, -1,
          5262, 5264, 5265, -1,
          5266, 5259, 5241, -1,
          5266, 5258, 5259, -1,
          5267, 5263, 5262, -1,
          5267, 5268, 5263, -1,
          5269, 5260, 5157, -1,
          5270, 5251, 5261, -1,
          5271, 5241, 5242, -1,
          5271, 5242, 5272, -1,
          5271, 5272, 5273, -1,
          5271, 5273, 5274, -1,
          5271, 5274, 5268, -1,
          5271, 5268, 5267, -1,
          5275, 5266, 5241, -1,
          5276, 5251, 5270, -1,
          5277, 5275, 5241, -1,
          5278, 5251, 5276, -1,
          5279, 5251, 5278, -1,
          5280, 5241, 5271, -1,
          5281, 5269, 5282, -1,
          5283, 5282, 5269, -1,
          5284, 5269, 5281, -1,
          5285, 5283, 5269, -1,
          5286, 5285, 5269, -1,
          5287, 5269, 5284, -1,
          5288, 5286, 5269, -1,
          5289, 5269, 5287, -1,
          5290, 5269, 5289, -1,
          5291, 5288, 5269, -1,
          5291, 5269, 5157, -1,
          5292, 5293, 5277, -1,
          5292, 5277, 5241, -1,
          5294, 5292, 5241, -1,
          5294, 5241, 5280, -1,
          5295, 5293, 5292, -1,
          5295, 5296, 5293, -1,
          5297, 5294, 5280, -1,
          5298, 5291, 5157, -1,
          5299, 5296, 5295, -1,
          5300, 5297, 5280, -1,
          5301, 5296, 5299, -1,
          5301, 5302, 5296, -1,
          5303, 5157, 5304, -1,
          5303, 5298, 5157, -1,
          5305, 5280, 5306, -1,
          5305, 5300, 5280, -1,
          5307, 5306, 5308, -1,
          5307, 5305, 5306, -1,
          5309, 5310, 5302, -1,
          5309, 5302, 5301, -1,
          5311, 5312, 5313, -1,
          5311, 5313, 5314, -1,
          5315, 5303, 5304, -1,
          5316, 5314, 5317, -1,
          5316, 5311, 5314, -1,
          5318, 5308, 5290, -1,
          5318, 5307, 5308, -1,
          5319, 5317, 5320, -1,
          5319, 5316, 5317, -1,
          5321, 5315, 5304, -1,
          5322, 5319, 5320, -1,
          5323, 5319, 5322, -1,
          5324, 5321, 5304, -1,
          5325, 5318, 5290, -1,
          5326, 5319, 5323, -1,
          5327, 5290, 5289, -1,
          5328, 5329, 5330, -1,
          5328, 5330, 5310, -1,
          5328, 5310, 5309, -1,
          5331, 5319, 5326, -1,
          5332, 5324, 5304, -1,
          5333, 5325, 5290, -1,
          5333, 5290, 5327, -1,
          5334, 5332, 5304, -1,
          5335, 5329, 5328, -1,
          5335, 5336, 5329, -1,
          5337, 5333, 5327, -1,
          5338, 5337, 5327, -1,
          5339, 5336, 5335, -1,
          5339, 5340, 5336, -1,
          5341, 5338, 5327, -1,
          5342, 5319, 5331, -1,
          5342, 5331, 5343, -1,
          5344, 5327, 5345, -1,
          5344, 5341, 5327, -1,
          5346, 5345, 5347, -1,
          5346, 5344, 5345, -1,
          5348, 5349, 5350, -1,
          5351, 5350, 5349, -1,
          5352, 5351, 5349, -1,
          5353, 5352, 5349, -1,
          5353, 5349, 5354, -1,
          5355, 5353, 5354, -1,
          5355, 5354, 5334, -1,
          5356, 5357, 5358, -1,
          5359, 5347, 5342, -1,
          5359, 5346, 5347, -1,
          5360, 5334, 5304, -1,
          5360, 5355, 5334, -1,
          5361, 5343, 5362, -1,
          5361, 5362, 5363, -1,
          5361, 5363, 5364, -1,
          5361, 5364, 5365, -1,
          5361, 5365, 5366, -1,
          5361, 5366, 5357, -1,
          5361, 5357, 5356, -1,
          5367, 5360, 5304, -1,
          5368, 5359, 5342, -1,
          5369, 5367, 5304, -1,
          5370, 5368, 5342, -1,
          5371, 5372, 5373, -1,
          5374, 5371, 5373, -1,
          5374, 5373, 5375, -1,
          5374, 5375, 5376, -1,
          5374, 5376, 5377, -1,
          5378, 5370, 5342, -1,
          5379, 5374, 5377, -1,
          5380, 5374, 5379, -1,
          5381, 5378, 5342, -1,
          5381, 5342, 5343, -1,
          5381, 5382, 5378, -1,
          5381, 5343, 5361, -1,
          5383, 5374, 5380, -1,
          5384, 5369, 5304, -1,
          5384, 5385, 5386, -1,
          5384, 5386, 5387, -1,
          5384, 5387, 5369, -1,
          5388, 5251, 5279, -1,
          5388, 5339, 5389, -1,
          5388, 5389, 5390, -1,
          5388, 5390, 5391, -1,
          5388, 5391, 5392, -1,
          5388, 5392, 5393, -1,
          5388, 5393, 5394, -1,
          5388, 5394, 5395, -1,
          5388, 5395, 5396, -1,
          5388, 5340, 5339, -1,
          5388, 5279, 5397, -1,
          5388, 5397, 5398, -1,
          5388, 5398, 5399, -1,
          5388, 5399, 5400, -1,
          5388, 5400, 5401, -1,
          5388, 5401, 5402, -1,
          5388, 5402, 5340, -1,
          5403, 5385, 5384, -1,
          5403, 5404, 5385, -1,
          5405, 5388, 5396, -1,
          5406, 5388, 5405, -1,
          5407, 5374, 5383, -1,
          5407, 5383, 5408, -1,
          5409, 5404, 5403, -1,
          5409, 5410, 5411, -1,
          5409, 5411, 5404, -1,
          5412, 5304, 5413, -1,
          5412, 5384, 5304, -1,
          5414, 5410, 5409, -1,
          5415, 5388, 5406, -1,
          5416, 5384, 5412, -1,
          5417, 5409, 5403, -1,
          5418, 5414, 5409, -1,
          5419, 5412, 5413, -1,
          5420, 5382, 5381, -1,
          5420, 5381, 5421, -1,
          5420, 5421, 5422, -1,
          5420, 5423, 5382, -1,
          5424, 5417, 5403, -1,
          5425, 5420, 5422, -1,
          5426, 5419, 5413, -1,
          5427, 5428, 5429, -1,
          5427, 5429, 5430, -1,
          5431, 5425, 5422, -1,
          5431, 5422, 5407, -1,
          5432, 5428, 5427, -1,
          5432, 5433, 5428, -1,
          5434, 5424, 5403, -1,
          5435, 5433, 5432, -1,
          5435, 5408, 5436, -1,
          5435, 5436, 5437, -1,
          5435, 5437, 5438, -1,
          5435, 5438, 5433, -1,
          5435, 5407, 5408, -1,
          5439, 5426, 5413, -1,
          5440, 5431, 5407, -1,
          5441, 5423, 5420, -1,
          5441, 5442, 5443, -1,
          5441, 5443, 5444, -1,
          5441, 5444, 5423, -1,
          5445, 5416, 5412, -1,
          5446, 5441, 5420, -1,
          5447, 5442, 5441, -1,
          5447, 5448, 5449, -1,
          5447, 5449, 5450, -1,
          5447, 5450, 5442, -1,
          5451, 5434, 5403, -1,
          5452, 5446, 5420, -1,
          5453, 5434, 5451, -1,
          5454, 5440, 5407, -1,
          5454, 5407, 5435, -1,
          5455, 5452, 5420, -1,
          5456, 5445, 5412, -1,
          5457, 5439, 5413, -1,
          5458, 5451, 5459, -1,
          5460, 5461, 5434, -1,
          5460, 5434, 5453, -1,
          5462, 5434, 5461, -1,
          5463, 5460, 5453, -1,
          5464, 5434, 5462, -1,
          5465, 5463, 5453, -1,
          5466, 5457, 5413, -1,
          5467, 5434, 5464, -1,
          5468, 5465, 5453, -1,
          5469, 5448, 5447, -1,
          5469, 5447, 5470, -1,
          5469, 5470, 5471, -1,
          5469, 5471, 5472, -1,
          5469, 5473, 5448, -1,
          5474, 5468, 5453, -1,
          5474, 5453, 5475, -1,
          5476, 5477, 5467, -1,
          5478, 5474, 5475, -1,
          5479, 5466, 5413, -1,
          5480, 5477, 5476, -1,
          5481, 5478, 5475, -1,
          5482, 5458, 5483, -1,
          5484, 5477, 5480, -1,
          5485, 5481, 5475, -1,
          5485, 5475, 5486, -1,
          5487, 5488, 5489, -1,
          5490, 5479, 5413, -1,
          5491, 5477, 5484, -1,
          5492, 5487, 5489, -1,
          5493, 5485, 5486, -1,
          5494, 5477, 5491, -1,
          5495, 5492, 5489, -1,
          5495, 5496, 5492, -1,
          5495, 5489, 5497, -1,
          5498, 5499, 5500, -1,
          5501, 5495, 5497, -1,
          5501, 5497, 5502, -1,
          5503, 5493, 5486, -1,
          5504, 5501, 5502, -1,
          5505, 5503, 5486, -1,
          5506, 5502, 5507, -1,
          5506, 5504, 5502, -1,
          5508, 5503, 5505, -1,
          5509, 5507, 5510, -1,
          5509, 5506, 5507, -1,
          5511, 5482, 5512, -1,
          5513, 5510, 5514, -1,
          5513, 5509, 5510, -1,
          5515, 5508, 5505, -1,
          5516, 5514, 5517, -1,
          5516, 5513, 5514, -1,
          5518, 5512, 5439, -1,
          5518, 5439, 5457, -1,
          5518, 5511, 5512, -1,
          5519, 5515, 5505, -1,
          5520, 5517, 5521, -1,
          5520, 5516, 5517, -1,
          5522, 5519, 5505, -1,
          5523, 5521, 5524, -1,
          5523, 5520, 5521, -1,
          5525, 5523, 5524, -1,
          5525, 5524, 5526, -1,
          5527, 5528, 5529, -1,
          5527, 5529, 5477, -1,
          5530, 5525, 5526, -1,
          5530, 5526, 5531, -1,
          5532, 5530, 5531, -1,
          5533, 5527, 5477, -1,
          5533, 5477, 5494, -1,
          5533, 5494, 5534, -1,
          5535, 5490, 5413, -1,
          5536, 5499, 5498, -1,
          5536, 5473, 5469, -1,
          5536, 5469, 5537, -1,
          5536, 5537, 5538, -1,
          5536, 5538, 5499, -1,
          5536, 5498, 5539, -1,
          5536, 5415, 5540, -1,
          5536, 5540, 5541, -1,
          5536, 5541, 5473, -1,
          5536, 5388, 5415, -1,
          5542, 5536, 5539, -1,
          5543, 5531, 5544, -1,
          5543, 5532, 5531, -1,
          5545, 5543, 5544, -1,
          5545, 5544, 5546, -1,
          5547, 5518, 5548, -1,
          5547, 5548, 5549, -1,
          5547, 5549, 5550, -1,
          5547, 5511, 5518, -1,
          5551, 5545, 5546, -1,
          5551, 5546, 5552, -1,
          5553, 5527, 5533, -1,
          5553, 5542, 5527, -1,
          5554, 5551, 5552, -1,
          5555, 5556, 5557, -1,
          5555, 5557, 5558, -1,
          5559, 5552, 5556, -1,
          5559, 5554, 5552, -1,
          5560, 5556, 5555, -1,
          5561, 5559, 5556, -1,
          5561, 5556, 5560, -1,
          5562, 5511, 5547, -1,
          5563, 5511, 5562, -1,
          5563, 5555, 5558, -1,
          5564, 5533, 5534, -1,
          5564, 5534, 5565, -1,
          5564, 5565, 5566, -1,
          5567, 5542, 5553, -1,
          5568, 5555, 5563, -1,
          5569, 5570, 5490, -1,
          5569, 5490, 5535, -1,
          5571, 5564, 5566, -1,
          5571, 5566, 5572, -1,
          5571, 5572, 5573, -1,
          5574, 5575, 5550, -1,
          5576, 5570, 5569, -1,
          5577, 5570, 5576, -1,
          5578, 5568, 5563, -1,
          5578, 5563, 5562, -1,
          5579, 5569, 5535, -1,
          5580, 5581, 5582, -1,
          5580, 5582, 5583, -1,
          5580, 5583, 5584, -1,
          5580, 5584, 5585, -1,
          5580, 5585, 5586, -1,
          5587, 5579, 5535, -1,
          5588, 5581, 5580, -1,
          5589, 5571, 5573, -1,
          5589, 5581, 5588, -1,
          5589, 5573, 5581, -1,
          5590, 5587, 5535, -1,
          5591, 5568, 5578, -1,
          5592, 5586, 5593, -1,
          5592, 5593, 5594, -1,
          5592, 5594, 5595, -1,
          5592, 5595, 5596, -1,
          5592, 5580, 5586, -1,
          5597, 5574, 5598, -1,
          5597, 5598, 5599, -1,
          5597, 5599, 5600, -1,
          5601, 5602, 5603, -1,
          5604, 5589, 5588, -1,
          5604, 5605, 5589, -1,
          5606, 5589, 5605, -1,
          5607, 5604, 5588, -1,
          5608, 5589, 5606, -1,
          5609, 5607, 5588, -1,
          5610, 5611, 5589, -1,
          5610, 5589, 5608, -1,
          5612, 5609, 5588, -1,
          5613, 5588, 5614, -1,
          5613, 5612, 5588, -1,
          5615, 5611, 5610, -1,
          5616, 5613, 5614, -1,
          5617, 5611, 5615, -1,
          5618, 5616, 5614, -1,
          5619, 5603, 5620, -1,
          5619, 5601, 5603, -1,
          5621, 5596, 5622, -1,
          5621, 5622, 5568, -1,
          5621, 5568, 5591, -1,
          5621, 5592, 5596, -1,
          5621, 5591, 5623, -1,
          5624, 5611, 5617, -1,
          5625, 5614, 5626, -1,
          5625, 5618, 5614, -1,
          5627, 5628, 5629, -1,
          5630, 5627, 5629, -1,
          5631, 5625, 5626, -1,
          5632, 5600, 5633, -1,
          5634, 5630, 5629, -1,
          5634, 5635, 5630, -1,
          5634, 5629, 5636, -1,
          5637, 5634, 5636, -1,
          5637, 5636, 5638, -1,
          5639, 5631, 5626, -1,
          5640, 5637, 5638, -1,
          5641, 5639, 5626, -1,
          5642, 5619, 5620, -1,
          5643, 5642, 5620, -1,
          5644, 5640, 5638, -1,
          5644, 5638, 5645, -1,
          5646, 5639, 5641, -1,
          5647, 5644, 5645, -1,
          5647, 5645, 5648, -1,
          5649, 5621, 5623, -1,
          5649, 5623, 5650, -1,
          5649, 5650, 5651, -1,
          5652, 5649, 5651, -1,
          5653, 5647, 5648, -1,
          5653, 5648, 5654, -1,
          5655, 5646, 5641, -1,
          5656, 5653, 5654, -1,
          5656, 5654, 5657, -1,
          5658, 5649, 5652, -1,
          5659, 5660, 5661, -1,
          5662, 5642, 5643, -1,
          5663, 5655, 5641, -1,
          5664, 5656, 5657, -1,
          5664, 5657, 5665, -1,
          5666, 5663, 5641, -1,
          5667, 5664, 5665, -1,
          5667, 5665, 5668, -1,
          5669, 5661, 5590, -1,
          5670, 5667, 5668, -1,
          5670, 5668, 5671, -1,
          5672, 5633, 5673, -1,
          5672, 5673, 5674, -1,
          5672, 5674, 5660, -1,
          5672, 5643, 5632, -1,
          5672, 5632, 5633, -1,
          5675, 5669, 5590, -1,
          5675, 5590, 5535, -1,
          5676, 5670, 5671, -1,
          5676, 5671, 5677, -1,
          5678, 5676, 5677, -1,
          5679, 5643, 5672, -1,
          5680, 5677, 5681, -1,
          5680, 5678, 5677, -1,
          5682, 5681, 5683, -1,
          5682, 5680, 5681, -1,
          5684, 5675, 5535, -1,
          5684, 5685, 5675, -1,
          5686, 5611, 5624, -1,
          5686, 5567, 5687, -1,
          5686, 5687, 5611, -1,
          5686, 5624, 5688, -1,
          5686, 5688, 5689, -1,
          5686, 5689, 5690, -1,
          5686, 5690, 5691, -1,
          5686, 5691, 5692, -1,
          5686, 5692, 5693, -1,
          5686, 5693, 5694, -1,
          5686, 5694, 5695, -1,
          5686, 5536, 5542, -1,
          5686, 5542, 5567, -1,
          5696, 5683, 5697, -1,
          5696, 5682, 5683, -1,
          5698, 5669, 5675, -1,
          5699, 5696, 5697, -1,
          5700, 5685, 5684, -1,
          5701, 5702, 5703, -1,
          5701, 5703, 5704, -1,
          5705, 5686, 5695, -1,
          5706, 5697, 5702, -1,
          5706, 5699, 5697, -1,
          5707, 5662, 5643, -1,
          5707, 5643, 5679, -1,
          5708, 5702, 5701, -1,
          5709, 5706, 5702, -1,
          5709, 5702, 5708, -1,
          5710, 5701, 5704, -1,
          5710, 5649, 5658, -1,
          5711, 5686, 5705, -1,
          5712, 5700, 5684, -1,
          5713, 5714, 5662, -1,
          5713, 5662, 5707, -1,
          5715, 5686, 5711, -1,
          5716, 5710, 5658, -1,
          5716, 5658, 5717, -1,
          5716, 5717, 5714, -1,
          5718, 5659, 5719, -1,
          5718, 5660, 5659, -1,
          5718, 5672, 5660, -1,
          5720, 5698, 5675, -1,
          5721, 5701, 5710, -1,
          5722, 5716, 5714, -1,
          5723, 5707, 5679, -1,
          5724, 5722, 5714, -1,
          5724, 5714, 5713, -1,
          5725, 5724, 5713, -1,
          5726, 5721, 5710, -1,
          5726, 5710, 5716, -1,
          5727, 5707, 5723, -1,
          5728, 5726, 5716, -1,
          5729, 5721, 5726, -1,
          5729, 5730, 5731, -1,
          5729, 5731, 5732, -1,
          5729, 5732, 5721, -1,
          5733, 5725, 5713, -1,
          5734, 5728, 5716, -1,
          5735, 5719, 5736, -1,
          5735, 5718, 5719, -1,
          5737, 5734, 5716, -1,
          5738, 5727, 5723, -1,
          5738, 5723, 5739, -1,
          5740, 5736, 5741, -1,
          5740, 5735, 5736, -1,
          5742, 5730, 5729, -1,
          5742, 5729, 5743, -1,
          5742, 5743, 5744, -1,
          5742, 5744, 5745, -1,
          5742, 5746, 5747, -1,
          5742, 5747, 5748, -1,
          5742, 5748, 5730, -1,
          5749, 5740, 5741, -1,
          5750, 5740, 5751, -1,
          5750, 5735, 5740, -1,
          5752, 5749, 5741, -1,
          5753, 5712, 5684, -1,
          5754, 5752, 5741, -1,
          5755, 5751, 5756, -1,
          5755, 5750, 5751, -1,
          5757, 5739, 5758, -1,
          5757, 5738, 5739, -1,
          5759, 5756, 5760, -1,
          5759, 5760, 5761, -1,
          5759, 5755, 5756, -1,
          5762, 5758, 5750, -1,
          5762, 5750, 5755, -1,
          5762, 5757, 5758, -1,
          5763, 5764, 5765, -1,
          5766, 5754, 5741, -1,
          5766, 5767, 5768, -1,
          5766, 5768, 5769, -1,
          5766, 5769, 5754, -1,
          5770, 5761, 5771, -1,
          5770, 5771, 5772, -1,
          5770, 5772, 5773, -1,
          5770, 5773, 5774, -1,
          5770, 5759, 5761, -1,
          5775, 5770, 5774, -1,
          5775, 5774, 5776, -1,
          5777, 5757, 5762, -1,
          5777, 5762, 5778, -1,
          5779, 5684, 5780, -1,
          5779, 5753, 5684, -1,
          5781, 5767, 5766, -1,
          5782, 5770, 5775, -1,
          5783, 5753, 5779, -1,
          5784, 5781, 5766, -1,
          5785, 5770, 5782, -1,
          5786, 5780, 5684, -1,
          5787, 5784, 5766, -1,
          5788, 5787, 5766, -1,
          5789, 5786, 5684, -1,
          5790, 5788, 5766, -1,
          5790, 5766, 5791, -1,
          5792, 5793, 5794, -1,
          5792, 5733, 5793, -1,
          5795, 5733, 5792, -1,
          5796, 5794, 5793, -1,
          5797, 5733, 5795, -1,
          5798, 5796, 5793, -1,
          5799, 5798, 5793, -1,
          5799, 5793, 5777, -1,
          5800, 5801, 5802, -1,
          5800, 5802, 5803, -1,
          5804, 5797, 5805, -1,
          5804, 5805, 5806, -1,
          5804, 5733, 5797, -1,
          5807, 5804, 5806, -1,
          5808, 5799, 5777, -1,
          5809, 5803, 5790, -1,
          5809, 5800, 5803, -1,
          5810, 5804, 5807, -1,
          5811, 5808, 5777, -1,
          5812, 5790, 5791, -1,
          5812, 5791, 5813, -1,
          5812, 5813, 5814, -1,
          5812, 5809, 5790, -1,
          5815, 5804, 5810, -1,
          5816, 5789, 5684, -1,
          5816, 5817, 5818, -1,
          5816, 5818, 5789, -1,
          5819, 5742, 5820, -1,
          5819, 5820, 5821, -1,
          5819, 5821, 5764, -1,
          5819, 5763, 5822, -1,
          5819, 5715, 5823, -1,
          5819, 5823, 5746, -1,
          5819, 5686, 5715, -1,
          5819, 5764, 5763, -1,
          5819, 5746, 5742, -1,
          5824, 5817, 5816, -1,
          5825, 5811, 5777, -1,
          5826, 5827, 5828, -1,
          5826, 5828, 5829, -1,
          5830, 5778, 5831, -1,
          5830, 5831, 5832, -1,
          5830, 5777, 5778, -1,
          5830, 5825, 5777, -1,
          5833, 5826, 5829, -1,
          5833, 5829, 5834, -1,
          5835, 5824, 5816, -1,
          5836, 5833, 5834, -1,
          5836, 5834, 5837, -1,
          5838, 5825, 5830, -1,
          5839, 5804, 5815, -1,
          5839, 5815, 5840, -1,
          5839, 5840, 5841, -1,
          5839, 5842, 5804, -1,
          5843, 5835, 5816, -1,
          5844, 5837, 5845, -1,
          5844, 5845, 5846, -1,
          5844, 5846, 5847, -1,
          5844, 5836, 5837, -1,
          5848, 5838, 5830, -1,
          5849, 5822, 5842, -1,
          5849, 5819, 5822, -1,
          5849, 5842, 5839, -1,
          5850, 5848, 5830, -1,
          5851, 5852, 5853, -1,
          5851, 5853, 5854, -1,
          5851, 5854, 5855, -1,
          5856, 5818, 5817, -1,
          5857, 5850, 5830, -1,
          5857, 5830, 5858, -1,
          5859, 5844, 5847, -1,
          5859, 5847, 5860, -1,
          5859, 5860, 5861, -1,
          5859, 5861, 5862, -1,
          5859, 5862, 5863, -1,
          5864, 5857, 5858, -1,
          5864, 5858, 5865, -1,
          5866, 5839, 5841, -1,
          5866, 5841, 5867, -1,
          5868, 5864, 5865, -1,
          5868, 5865, 5851, -1,
          5869, 5866, 5867, -1,
          5870, 5868, 5851, -1,
          5871, 5856, 5872, -1,
          5871, 5872, 5873, -1,
          5871, 5812, 5814, -1,
          5871, 5855, 5812, -1,
          5874, 5870, 5851, -1,
          5875, 5876, 5877, -1,
          5875, 5877, 5878, -1,
          5875, 5878, 5879, -1,
          5875, 5879, 5880, -1,
          5875, 5880, 5881, -1,
          5882, 5871, 5873, -1,
          5883, 5874, 5851, -1,
          5884, 5876, 5875, -1,
          5884, 5859, 5863, -1,
          5884, 5863, 5885, -1,
          5884, 5885, 5886, -1,
          5884, 5886, 5876, -1,
          5887, 5883, 5851, -1,
          5888, 5882, 5873, -1,
          5888, 5873, 5889, -1,
          5888, 5889, 5890, -1,
          5891, 5892, 5893, -1,
          5894, 5895, 5869, -1,
          5896, 5891, 5893, -1,
          5896, 5893, 5897, -1,
          5898, 5897, 5899, -1,
          5898, 5896, 5897, -1,
          5900, 5888, 5890, -1,
          5900, 5890, 5901, -1,
          5900, 5901, 5902, -1,
          5900, 5902, 5903, -1,
          5904, 5884, 5875, -1,
          5905, 5898, 5899, -1,
          5906, 5900, 5903, -1,
          5907, 5905, 5899, -1,
          5908, 5843, 5816, -1,
          5909, 5907, 5899, -1,
          5910, 5904, 5875, -1,
          5910, 5875, 5911, -1,
          5912, 5899, 5843, -1,
          5912, 5909, 5899, -1,
          5913, 5908, 5816, -1,
          5914, 5910, 5911, -1,
          5915, 5855, 5871, -1,
          5915, 5887, 5851, -1,
          5915, 5851, 5855, -1,
          5915, 5911, 5916, -1,
          5915, 5916, 5887, -1,
          5917, 5913, 5816, -1,
          5918, 5843, 5908, -1,
          5918, 5912, 5843, -1,
          5919, 5914, 5911, -1,
          5920, 5917, 5816, -1,
          5921, 5918, 5908, -1,
          5922, 5919, 5911, -1,
          5923, 5922, 5911, -1,
          5924, 5900, 5906, -1,
          5924, 5906, 5925, -1,
          5924, 5925, 5926, -1,
          5927, 5921, 5908, -1,
          5927, 5928, 5929, -1,
          5927, 5929, 5930, -1,
          5927, 5930, 5921, -1,
          5931, 5928, 5927, -1,
          5932, 5931, 5927, -1,
          5933, 5932, 5927, -1,
          5933, 5927, 5934, -1,
          5935, 5933, 5934, -1,
          5936, 5935, 5934, -1,
          5937, 5924, 5938, -1,
          5939, 5938, 5924, -1,
          5940, 5924, 5926, -1,
          5940, 5939, 5924, -1,
          5940, 5926, 5941, -1,
          5940, 5941, 5942, -1,
          5943, 5940, 5942, -1,
          5943, 5942, 5944, -1,
          5945, 5920, 5816, -1,
          5946, 5849, 5947, -1,
          5946, 5947, 5948, -1,
          5946, 5948, 5949, -1,
          5946, 5819, 5849, -1,
          5950, 5943, 5944, -1,
          5950, 5944, 5951, -1,
          5952, 5953, 5954, -1,
          5955, 5915, 5956, -1,
          5957, 5955, 5956, -1,
          5957, 5956, 5958, -1,
          5959, 5915, 5955, -1,
          5960, 5957, 5958, -1,
          5960, 5958, 5961, -1,
          5962, 5960, 5961, -1,
          5963, 5950, 5951, -1,
          5963, 5951, 5964, -1,
          5965, 5962, 5961, -1,
          5966, 5915, 5959, -1,
          5966, 5967, 5923, -1,
          5966, 5911, 5915, -1,
          5966, 5923, 5911, -1,
          5968, 5965, 5961, -1,
          5969, 5970, 5971, -1,
          5969, 5971, 5920, -1,
          5972, 5964, 5973, -1,
          5972, 5973, 5974, -1,
          5972, 5963, 5964, -1,
          5972, 5974, 5975, -1,
          5976, 5970, 5969, -1,
          5976, 5977, 5978, -1,
          5976, 5978, 5970, -1,
          5979, 5968, 5961, -1,
          5979, 5961, 5953, -1,
          5980, 5966, 5959, -1,
          5980, 5959, 5981, -1,
          5982, 5979, 5953, -1,
          5982, 5953, 5952, -1,
          5983, 5969, 5920, -1,
          5983, 5920, 5945, -1,
          5984, 5946, 5949, -1,
          5984, 5967, 5966, -1,
          5984, 5949, 5967, -1,
          5985, 5977, 5976, -1,
          5985, 5975, 5986, -1,
          5985, 5986, 5977, -1,
          5985, 5972, 5975, -1,
          5987, 5982, 5952, -1,
          5988, 5972, 5985, -1,
          5989, 5983, 5945, -1,
          5990, 5983, 5989, -1,
          5991, 5987, 5952, -1,
          5992, 5981, 5993, -1,
          5992, 5993, 5994, -1,
          5992, 5994, 5995, -1,
          5992, 5995, 5996, -1,
          5992, 5996, 5997, -1,
          5992, 5997, 5998, -1,
          5992, 5998, 5999, -1,
          5992, 5999, 6000, -1,
          5992, 5980, 5981, -1,
          6001, 5991, 5952, -1,
          6002, 5990, 5989, -1,
          6003, 6004, 6005, -1,
          6003, 6005, 6006, -1,
          6007, 5991, 6001, -1,
          6008, 6003, 6006, -1,
          6009, 6007, 6001, -1,
          6010, 5990, 6002, -1,
          6011, 5972, 5988, -1,
          6012, 6000, 6013, -1,
          6012, 6013, 6014, -1,
          6012, 6014, 6015, -1,
          6012, 6015, 6016, -1,
          6012, 5992, 6000, -1,
          6017, 6011, 5988, -1,
          6018, 5976, 6019, -1,
          6018, 6019, 6020, -1,
          6018, 5985, 5976, -1,
          6021, 6008, 6006, -1,
          6021, 6006, 6022, -1,
          6023, 6001, 6024, -1,
          6023, 6009, 6001, -1,
          6025, 5972, 6011, -1,
          6026, 6012, 6016, -1,
          6027, 5989, 5945, -1,
          6028, 6029, 6010, -1,
          6028, 6010, 6002, -1,
          6030, 6023, 6024, -1,
          6030, 6024, 6031, -1,
          6032, 6021, 6022, -1,
          6032, 6022, 6033, -1,
          6034, 6035, 6036, -1,
          6037, 6031, 6035, -1,
          6037, 6030, 6031, -1,
          6038, 6011, 6017, -1,
          6039, 6032, 6033, -1,
          6040, 6037, 6035, -1,
          6041, 6039, 6033, -1,
          6042, 6020, 6029, -1,
          6043, 6029, 6028, -1,
          6044, 6041, 6033, -1,
          6045, 6035, 6034, -1,
          6045, 6040, 6035, -1,
          6046, 6027, 5945, -1,
          6047, 6048, 6049, -1,
          6050, 6036, 6025, -1,
          6050, 6025, 6051, -1,
          6052, 6044, 6033, -1,
          6052, 6033, 6012, -1,
          6053, 6038, 6054, -1,
          6055, 6045, 6034, -1,
          6056, 6052, 6012, -1,
          6056, 6026, 6057, -1,
          6056, 6012, 6026, -1,
          6058, 6056, 6057, -1,
          6058, 6057, 6059, -1,
          6060, 6061, 6062, -1,
          6063, 6059, 6064, -1,
          6063, 6058, 6059, -1,
          6065, 6064, 6066, -1,
          6065, 6066, 6067, -1,
          6065, 6063, 6064, -1,
          6068, 6061, 6060, -1,
          6069, 6049, 6070, -1,
          6069, 6047, 6049, -1,
          6071, 6067, 6072, -1,
          6071, 6065, 6067, -1,
          6073, 6061, 6068, -1,
          6073, 6072, 6061, -1,
          6073, 6071, 6072, -1,
          6074, 6043, 6075, -1,
          6074, 6029, 6043, -1,
          6076, 6051, 6077, -1,
          6078, 6055, 6034, -1,
          6078, 6079, 6080, -1,
          6078, 6080, 6055, -1,
          6081, 6082, 6046, -1,
          6081, 6046, 5945, -1,
          6083, 5946, 5984, -1,
          6083, 5984, 6084, -1,
          6083, 6084, 6085, -1,
          6083, 6085, 6086, -1,
          6083, 6086, 6087, -1,
          6083, 6087, 6088, -1,
          6083, 6088, 6089, -1,
          6083, 6089, 6090, -1,
          6083, 6090, 6091, -1,
          6083, 6091, 6092, -1,
          6093, 6079, 6078, -1,
          6094, 6069, 6070, -1,
          6095, 6094, 6070, -1,
          6096, 6078, 6097, -1,
          6098, 6074, 6075, -1,
          6098, 6075, 6099, -1,
          6098, 6099, 6100, -1,
          6101, 6096, 6097, -1,
          6102, 6098, 6100, -1,
          6102, 6100, 6103, -1,
          6104, 6094, 6095, -1,
          6105, 6102, 6103, -1,
          6106, 6077, 6107, -1,
          6108, 6105, 6103, -1,
          6108, 6103, 6109, -1,
          6108, 6109, 6110, -1,
          6111, 6108, 6110, -1,
          6112, 6082, 6113, -1,
          6112, 6095, 6082, -1,
          6114, 6095, 6112, -1,
          6115, 6113, 6082, -1,
          6116, 6095, 6114, -1,
          6117, 6115, 6082, -1,
          6117, 6082, 6081, -1,
          6118, 6095, 6116, -1,
          6119, 6095, 6118, -1,
          6120, 6117, 6081, -1,
          6121, 6095, 6119, -1,
          6122, 6120, 6081, -1,
          6123, 6122, 6081, -1,
          6124, 6123, 6081, -1,
          6125, 6126, 6127, -1,
          6125, 6127, 6128, -1,
          6129, 6083, 6092, -1,
          6129, 6092, 6130, -1,
          6129, 6130, 6131, -1,
          6129, 6131, 6132, -1,
          6129, 6132, 6133, -1,
          6129, 6133, 6134, -1,
          6129, 6134, 6135, -1,
          6129, 6135, 6093, -1,
          6136, 6125, 6128, -1,
          6136, 6128, 6137, -1,
          6138, 6136, 6137, -1,
          6138, 6137, 6139, -1,
          6140, 6124, 6081, -1,
          6141, 6104, 6095, -1,
          6141, 6121, 6142, -1,
          6141, 6142, 6143, -1,
          6141, 6143, 6144, -1,
          6141, 6144, 6145, -1,
          6141, 6111, 6104, -1,
          6141, 6095, 6121, -1,
          6146, 6139, 6147, -1,
          6146, 6138, 6139, -1,
          6146, 6147, 6148, -1,
          6146, 6148, 6149, -1,
          6150, 6140, 6081, -1,
          6151, 6111, 6141, -1,
          6152, 6150, 6081, -1,
          6153, 6152, 6081, -1,
          6154, 6149, 6155, -1,
          6154, 6155, 6156, -1,
          6154, 6156, 6157, -1,
          6154, 6157, 6158, -1,
          6154, 6146, 6149, -1,
          6159, 6153, 6081, -1,
          6160, 6145, 6161, -1,
          6160, 6141, 6145, -1,
          6162, 6159, 6081, -1,
          6163, 6164, 6165, -1,
          6166, 6160, 6161, -1,
          6167, 6162, 6081, -1,
          6168, 6163, 6165, -1,
          6169, 6170, 6171, -1,
          6169, 6171, 6172, -1,
          6169, 6172, 6173, -1,
          6169, 6173, 6174, -1,
          6169, 6174, 6175, -1,
          6176, 6108, 6111, -1,
          6176, 6111, 6151, -1,
          6177, 6170, 6169, -1,
          6177, 6158, 6178, -1,
          6177, 6178, 6179, -1,
          6177, 6179, 6170, -1,
          6177, 6154, 6158, -1,
          6180, 6181, 6166, -1,
          6182, 6151, 6183, -1,
          6184, 6176, 6151, -1,
          6184, 6151, 6182, -1,
          6185, 6177, 6169, -1,
          6186, 6176, 6184, -1,
          6187, 6182, 6183, -1,
          6188, 6185, 6169, -1,
          6188, 6169, 6189, -1,
          6190, 6187, 6183, -1,
          6191, 6192, 6193, -1,
          6194, 6195, 6196, -1,
          6197, 6195, 6194, -1,
          6197, 6198, 6195, -1,
          6199, 6198, 6197, -1,
          6199, 6189, 6198, -1,
          6200, 6194, 6196, -1,
          6200, 6196, 6201, -1,
          6202, 6189, 6199, -1,
          6203, 6167, 6081, -1,
          6204, 6129, 6205, -1,
          6204, 6205, 6206, -1,
          6204, 6206, 6207, -1,
          6204, 6083, 6129, -1,
          6204, 6207, 6208, -1,
          6209, 6188, 6189, -1,
          6210, 6190, 6211, -1,
          6212, 6200, 6201, -1,
          6213, 6189, 6202, -1,
          6214, 6193, 6215, -1,
          6214, 6191, 6193, -1,
          6216, 6167, 6203, -1,
          6216, 6212, 6201, -1,
          6216, 6201, 6167, -1,
          6217, 6189, 6213, -1,
          6218, 6204, 6208, -1,
          6219, 6216, 6203, -1,
          6220, 6215, 6221, -1,
          6220, 6214, 6215, -1,
          6222, 6219, 6203, -1,
          6223, 6204, 6218, -1,
          6224, 6210, 6211, -1,
          6225, 6189, 6226, -1,
          6227, 6226, 6189, -1,
          6227, 6217, 6228, -1,
          6227, 6189, 6217, -1,
          6229, 6221, 6230, -1,
          6229, 6220, 6221, -1,
          6231, 6189, 6225, -1,
          6232, 6227, 6228, -1,
          6232, 6228, 6233, -1,
          6234, 6209, 6189, -1,
          6234, 6235, 6209, -1,
          6234, 6189, 6231, -1,
          6236, 6222, 6203, -1,
          6237, 6232, 6233, -1,
          6237, 6233, 6238, -1,
          6239, 6235, 6234, -1,
          6239, 6240, 6235, -1,
          6241, 6204, 6223, -1,
          6242, 6243, 6244, -1,
          6242, 6244, 6245, -1,
          6246, 6237, 6238, -1,
          6246, 6238, 6247, -1,
          6248, 6224, 6211, -1,
          6249, 6242, 6245, -1,
          6250, 6251, 6252, -1,
          6250, 6252, 6240, -1,
          6250, 6240, 6239, -1,
          6253, 6249, 6245, -1,
          6253, 6245, 6254, -1,
          6255, 6246, 6247, -1,
          6255, 6247, 6256, -1,
          6257, 6254, 6258, -1,
          6257, 6253, 6254, -1,
          6259, 6255, 6256, -1,
          6260, 6236, 6203, -1,
          6261, 6251, 6250, -1,
          6261, 6262, 6251, -1,
          6263, 6257, 6258, -1,
          6263, 6258, 6264, -1,
          6265, 6262, 6261, -1,
          6266, 6263, 6264, -1,
          6266, 6264, 6267, -1,
          6268, 6260, 6203, -1,
          6269, 6270, 6262, -1,
          6271, 6266, 6267, -1,
          6271, 6267, 6272, -1,
          6273, 6229, 6230, -1,
          6274, 6269, 6262, -1,
          6274, 6262, 6265, -1,
          6275, 6276, 6277, -1,
          6275, 6277, 6278, -1,
          6279, 6268, 6203, -1,
          6280, 6278, 6281, -1,
          6280, 6275, 6278, -1,
          6282, 6271, 6272, -1,
          6282, 6272, 6283, -1,
          6282, 6283, 6284, -1,
          6285, 6229, 6273, -1,
          6286, 6269, 6274, -1,
          6287, 6280, 6281, -1,
          6288, 6279, 6203, -1,
          6289, 6284, 6290, -1,
          6289, 6282, 6284, -1,
          6291, 6281, 6292, -1,
          6291, 6287, 6281, -1,
          6293, 6292, 6294, -1,
          6293, 6291, 6292, -1,
          6295, 6269, 6286, -1,
          6296, 6192, 6191, -1,
          6296, 6241, 6192, -1,
          6297, 6288, 6203, -1,
          6298, 6290, 6299, -1,
          6298, 6289, 6290, -1,
          6300, 6294, 6301, -1,
          6300, 6293, 6294, -1,
          6302, 6299, 6303, -1,
          6302, 6303, 6304, -1,
          6302, 6304, 6305, -1,
          6302, 6305, 6306, -1,
          6302, 6306, 6307, -1,
          6302, 6298, 6299, -1,
          6308, 6300, 6301, -1,
          6308, 6301, 6309, -1,
          6310, 6269, 6295, -1,
          6311, 6297, 6203, -1,
          6312, 6302, 6307, -1,
          6313, 6308, 6309, -1,
          6314, 6311, 6203, -1,
          6315, 6316, 6302, -1,
          6315, 6302, 6312, -1,
          6315, 6312, 6317, -1,
          6318, 6313, 6309, -1,
          6318, 6309, 6319, -1,
          6320, 6319, 6321, -1,
          6320, 6321, 6322, -1,
          6320, 6318, 6319, -1,
          6323, 6210, 6224, -1,
          6324, 6285, 6325, -1,
          6324, 6229, 6285, -1,
          6326, 6273, 6323, -1,
          6327, 6322, 6328, -1,
          6327, 6320, 6322, -1,
          6329, 6328, 6330, -1,
          6329, 6327, 6328, -1,
          6331, 6330, 6316, -1,
          6331, 6329, 6330, -1,
          6332, 6331, 6316, -1,
          6333, 6332, 6316, -1,
          6334, 6333, 6316, -1,
          6335, 6334, 6316, -1,
          6336, 6316, 6315, -1,
          6336, 6315, 6337, -1,
          6338, 6335, 6316, -1,
          6339, 6338, 6316, -1,
          6339, 6316, 6336, -1,
          6340, 6310, 6341, -1,
          6340, 6341, 6342, -1,
          6340, 6342, 6343, -1,
          6340, 6343, 6344, -1,
          6340, 6344, 6345, -1,
          6346, 6314, 6203, -1,
          6346, 6337, 6347, -1,
          6346, 6347, 6348, -1,
          6346, 6348, 6314, -1,
          6349, 6340, 6345, -1,
          6349, 6345, 6350, -1,
          6351, 6336, 6337, -1,
          6352, 6353, 6354, -1,
          6355, 6346, 6203, -1,
          6356, 6355, 6203, -1,
          6357, 6349, 6350, -1,
          6357, 6350, 6358, -1,
          6359, 6337, 6346, -1,
          6359, 6351, 6337, -1,
          6360, 6357, 6358, -1,
          6360, 6358, 6361, -1,
          6360, 6361, 6362, -1,
          6360, 6362, 6363, -1,
          6364, 6359, 6346, -1,
          6365, 6351, 6359, -1,
          6365, 6366, 6367, -1,
          6365, 6367, 6368, -1,
          6365, 6368, 6369, -1,
          6365, 6369, 6351, -1,
          6370, 6364, 6346, -1,
          6371, 6325, 6372, -1,
          6371, 6372, 6373, -1,
          6371, 6324, 6325, -1,
          6374, 6370, 6346, -1,
          6375, 6376, 6356, -1,
          6375, 6356, 6203, -1,
          6377, 6204, 6241, -1,
          6377, 6241, 6296, -1,
          6377, 6296, 6378, -1,
          6377, 6378, 6379, -1,
          6377, 6379, 6324, -1,
          6377, 6324, 6371, -1,
          6380, 6377, 6371, -1,
          6381, 6377, 6380, -1,
          6382, 6383, 6384, -1,
          6382, 6384, 6385, -1,
          6382, 6377, 6381, -1,
          6386, 6387, 6388, -1,
          6389, 6365, 6390, -1,
          6389, 6390, 6391, -1,
          6389, 6391, 6392, -1,
          6393, 6360, 6363, -1,
          6393, 6363, 6394, -1,
          6395, 6360, 6393, -1,
          6396, 6360, 6395, -1,
          6397, 6393, 6394, -1,
          6397, 6394, 6366, -1,
          6398, 6360, 6396, -1,
          6399, 6397, 6366, -1,
          6399, 6366, 6365, -1,
          6399, 6365, 6389, -1,
          6400, 6360, 6398, -1,
          6401, 6399, 6389, -1,
          6402, 6401, 6389, -1,
          6403, 6404, 6400, -1,
          6405, 6406, 6407, -1,
          6408, 6389, 6409, -1,
          6408, 6409, 6410, -1,
          6408, 6402, 6389, -1,
          6411, 6404, 6403, -1,
          6412, 6410, 6406, -1,
          6412, 6408, 6410, -1,
          6413, 6412, 6406, -1,
          6414, 6385, 6387, -1,
          6414, 6382, 6385, -1,
          6415, 6386, 6416, -1,
          6415, 6416, 6417, -1,
          6415, 6417, 6404, -1,
          6418, 6406, 6405, -1,
          6418, 6413, 6406, -1,
          6419, 6404, 6411, -1,
          6419, 6411, 6420, -1,
          6419, 6415, 6404, -1,
          6421, 6376, 6375, -1,
          6422, 6418, 6405, -1,
          6423, 6419, 6420, -1,
          6424, 6420, 6425, -1,
          6424, 6425, 6426, -1,
          6424, 6426, 6427, -1,
          6424, 6423, 6420, -1,
          6428, 6405, 6429, -1,
          6428, 6422, 6405, -1,
          6430, 6424, 6427, -1,
          6431, 6428, 6429, -1,
          6432, 6429, 6433, -1,
          6432, 6431, 6429, -1,
          6434, 6421, 6375, -1,
          6435, 6424, 6430, -1,
          6436, 6437, 6438, -1,
          6439, 6431, 6432, -1,
          6440, 6434, 6375, -1,
          6441, 6440, 6375, -1,
          6442, 6439, 6432, -1,
          6443, 6442, 6432, -1,
          6443, 6432, 6444, -1,
          6445, 6444, 6446, -1,
          6445, 6443, 6444, -1,
          6447, 6446, 6448, -1,
          6447, 6445, 6446, -1,
          6449, 6441, 6375, -1,
          6449, 6450, 6441, -1,
          6451, 6382, 6414, -1,
          6451, 6414, 6452, -1,
          6451, 6452, 6453, -1,
          6451, 6453, 6437, -1,
          6451, 6436, 6454, -1,
          6451, 6377, 6382, -1,
          6451, 6437, 6436, -1,
          6455, 6447, 6448, -1,
          6456, 6457, 6458, -1,
          6459, 6457, 6456, -1,
          6459, 6460, 6457, -1,
          6461, 6460, 6459, -1,
          6461, 6435, 6460, -1,
          6462, 6456, 6458, -1,
          6462, 6458, 6463, -1,
          6464, 6462, 6463, -1,
          6464, 6463, 6465, -1,
          6466, 6455, 6448, -1,
          6467, 6466, 6448, -1,
          6468, 6455, 6466, -1,
          6468, 6469, 6470, -1,
          6468, 6470, 6455, -1,
          6471, 6467, 6448, -1,
          6472, 6454, 6473, -1,
          6472, 6451, 6454, -1,
          6474, 6448, 6475, -1,
          6474, 6471, 6448, -1,
          6476, 6464, 6465, -1,
          6477, 6475, 6478, -1,
          6477, 6474, 6475, -1,
          6479, 6477, 6478, -1,
          6480, 6476, 6465, -1,
          6480, 6465, 6481, -1,
          6482, 6479, 6478, -1,
          6483, 6478, 6484, -1,
          6483, 6482, 6478, -1,
          6485, 6480, 6481, -1,
          6485, 6481, 6486, -1,
          6487, 6483, 6484, -1,
          6488, 6489, 6490, -1,
          6488, 6469, 6468, -1,
          6488, 6490, 6491, -1,
          6488, 6491, 6469, -1,
          6492, 6486, 6493, -1,
          6492, 6485, 6486, -1,
          6494, 6495, 6496, -1,
          6497, 6494, 6496, -1,
          6498, 6487, 6484, -1,
          6498, 6484, 6499, -1,
          6500, 6489, 6488, -1,
          6501, 6493, 6502, -1,
          6501, 6502, 6503, -1,
          6501, 6492, 6493, -1,
          6504, 6494, 6497, -1,
          6505, 6468, 6506, -1,
          6505, 6488, 6468, -1,
          6507, 6498, 6499, -1,
          6507, 6499, 6508, -1,
          6509, 6501, 6503, -1,
          6509, 6503, 6489, -1,
          6510, 6505, 6506, -1,
          6511, 6494, 6504, -1,
          6512, 6510, 6506, -1,
          6513, 6509, 6489, -1,
          6513, 6489, 6500, -1,
          6514, 6507, 6508, -1,
          6515, 6512, 6506, -1,
          6516, 6515, 6506, -1,
          6517, 6508, 6518, -1,
          6517, 6514, 6508, -1,
          6519, 6500, 6520, -1,
          6519, 6513, 6500, -1,
          6521, 6506, 6522, -1,
          6521, 6522, 6523, -1,
          6521, 6516, 6506, -1,
          6524, 6525, 6526, -1,
          6527, 6523, 6528, -1,
          6527, 6528, 6529, -1,
          6527, 6521, 6523, -1,
          6530, 6518, 6531, -1,
          6530, 6517, 6518, -1,
          6532, 6520, 6533, -1,
          6532, 6533, 6534, -1,
          6532, 6519, 6520, -1,
          6535, 6529, 6536, -1,
          6535, 6527, 6529, -1,
          6537, 6534, 6538, -1,
          6537, 6532, 6534, -1,
          6539, 6531, 6525, -1,
          6539, 6530, 6531, -1,
          6539, 6525, 6524, -1,
          6540, 6535, 6536, -1,
          6540, 6536, 6541, -1,
          6540, 6541, 6542, -1,
          6543, 6526, 6449, -1,
          6543, 6449, 6544, -1,
          6545, 6544, 6449, -1,
          6546, 6540, 6542, -1,
          6546, 6542, 6547, -1,
          6546, 6547, 6548, -1,
          6549, 6538, 6550, -1,
          6549, 6537, 6538, -1,
          6551, 6539, 6524, -1,
          6552, 6545, 6449, -1,
          6553, 6524, 6554, -1,
          6553, 6551, 6524, -1,
          6555, 6550, 6556, -1,
          6555, 6549, 6550, -1,
          6557, 6546, 6548, -1,
          6557, 6548, 6558, -1,
          6559, 6557, 6558, -1,
          6559, 6558, 6560, -1,
          6561, 6543, 6544, -1,
          6562, 6553, 6554, -1,
          6563, 6559, 6560, -1,
          6564, 6556, 6565, -1,
          6564, 6555, 6556, -1,
          6566, 6560, 6567, -1,
          6566, 6563, 6560, -1,
          6568, 6562, 6554, -1,
          6569, 6567, 6570, -1,
          6569, 6566, 6567, -1,
          6571, 6565, 6572, -1,
          6571, 6572, 6573, -1,
          6571, 6564, 6565, -1,
          6574, 6575, 6576, -1,
          6577, 6578, 6552, -1,
          6577, 6552, 6449, -1,
          6579, 6494, 6511, -1,
          6579, 6451, 6472, -1,
          6579, 6472, 6580, -1,
          6579, 6580, 6581, -1,
          6579, 6581, 6494, -1,
          6579, 6511, 6582, -1,
          6579, 6582, 6583, -1,
          6579, 6583, 6584, -1,
          6579, 6584, 6585, -1,
          6579, 6585, 6586, -1,
          6579, 6586, 6587, -1,
          6579, 6587, 6588, -1,
          6589, 6575, 6574, -1,
          6590, 6570, 6591, -1,
          6590, 6569, 6570, -1,
          6592, 6590, 6591, -1,
          6592, 6591, 6593, -1,
          6594, 6568, 6554, -1,
          6595, 6575, 6589, -1,
          6596, 6579, 6588, -1,
          6597, 6594, 6554, -1,
          6598, 6592, 6593, -1,
          6598, 6593, 6599, -1,
          6600, 6571, 6573, -1,
          6601, 6598, 6599, -1,
          6601, 6599, 6602, -1,
          6601, 6602, 6603, -1,
          6604, 6601, 6603, -1,
          6604, 6575, 6595, -1,
          6604, 6603, 6575, -1,
          6605, 6561, 6544, -1,
          6606, 6594, 6597, -1,
          6607, 6579, 6596, -1,
          6608, 6600, 6573, -1,
          6608, 6573, 6609, -1,
          6610, 6608, 6609, -1,
          6611, 6600, 6608, -1,
          6611, 6612, 6613, -1,
          6611, 6613, 6600, -1,
          6614, 6609, 6615, -1,
          6614, 6610, 6609, -1,
          6616, 6614, 6615, -1,
          6617, 6615, 6618, -1,
          6617, 6616, 6615, -1,
          6619, 6617, 6618, -1,
          6620, 6618, 6621, -1,
          6620, 6619, 6618, -1,
          6622, 6623, 6624, -1,
          6622, 6624, 6606, -1,
          6622, 6606, 6597, -1,
          6625, 6621, 6626, -1,
          6625, 6620, 6621, -1,
          6627, 6628, 6629, -1,
          6627, 6629, 6623, -1,
          6627, 6623, 6622, -1,
          6630, 6626, 6631, -1,
          6630, 6625, 6626, -1,
          6632, 6612, 6611, -1,
          6632, 6633, 6634, -1,
          6632, 6634, 6635, -1,
          6632, 6635, 6612, -1,
          6636, 6631, 6637, -1,
          6636, 6637, 6638, -1,
          6636, 6630, 6631, -1,
          6639, 6622, 6597, -1,
          6640, 6641, 6633, -1,
          6640, 6633, 6632, -1,
          6642, 6611, 6643, -1,
          6642, 6632, 6611, -1,
          6644, 6641, 6640, -1,
          6644, 6645, 6641, -1,
          6646, 6638, 6628, -1,
          6646, 6628, 6627, -1,
          6646, 6636, 6638, -1,
          6647, 6642, 6643, -1,
          6648, 6597, 6649, -1,
          6648, 6639, 6597, -1,
          6650, 6647, 6643, -1,
          6651, 6646, 6627, -1,
          6652, 6650, 6643, -1,
          6653, 6652, 6643, -1,
          6654, 6651, 6627, -1,
          6654, 6627, 6655, -1,
          6656, 6653, 6643, -1,
          6656, 6643, 6657, -1,
          6656, 6657, 6658, -1,
          6659, 6648, 6649, -1,
          6660, 6658, 6661, -1,
          6660, 6656, 6658, -1,
          6660, 6661, 6662, -1,
          6663, 6654, 6655, -1,
          6664, 6649, 6665, -1,
          6666, 6659, 6649, -1,
          6666, 6649, 6664, -1,
          6667, 6665, 6649, -1,
          6668, 6659, 6666, -1,
          6669, 6662, 6670, -1,
          6669, 6660, 6662, -1,
          6671, 6667, 6649, -1,
          6672, 6659, 6668, -1,
          6673, 6671, 6649, -1,
          6674, 6655, 6675, -1,
          6674, 6663, 6655, -1,
          6676, 6670, 6677, -1,
          6676, 6677, 6678, -1,
          6676, 6669, 6670, -1,
          6679, 6649, 6578, -1,
          6679, 6673, 6649, -1,
          6680, 6681, 6659, -1,
          6680, 6659, 6672, -1,
          6682, 6678, 6683, -1,
          6682, 6683, 6684, -1,
          6682, 6676, 6678, -1,
          6685, 6674, 6675, -1,
          6686, 6679, 6578, -1,
          6686, 6578, 6577, -1,
          6687, 6681, 6680, -1,
          6688, 6685, 6675, -1,
          6688, 6675, 6681, -1,
          6689, 6684, 6690, -1,
          6689, 6682, 6684, -1,
          6691, 6686, 6577, -1,
          6692, 6689, 6690, -1,
          6692, 6690, 6693, -1,
          6694, 6681, 6687, -1,
          6695, 6688, 6681, -1,
          6696, 6692, 6693, -1,
          6697, 6691, 6577, -1,
          6698, 6696, 6693, -1,
          6698, 6693, 6699, -1,
          6700, 6695, 6681, -1,
          6700, 6681, 6694, -1,
          6701, 6699, 6702, -1,
          6701, 6698, 6699, -1,
          6703, 6704, 6705, -1,
          6706, 6697, 6577, -1,
          6707, 6645, 6644, -1,
          6707, 6579, 6607, -1,
          6707, 6607, 6708, -1,
          6707, 6708, 6709, -1,
          6707, 6709, 6645, -1,
          6707, 6644, 6710, -1,
          6707, 6710, 6711, -1,
          6707, 6711, 6712, -1,
          6707, 6712, 6713, -1,
          6707, 6713, 6714, -1,
          6707, 6714, 6715, -1,
          6707, 6715, 6716, -1,
          6707, 6716, 6717, -1,
          6707, 6717, 6718, -1,
          6707, 6718, 6719, -1,
          6720, 6704, 6703, -1,
          6721, 6701, 6702, -1,
          6721, 6702, 6722, -1,
          6723, 6721, 6722, -1,
          6723, 6722, 6724, -1,
          6725, 6700, 6694, -1,
          6725, 6694, 6726, -1,
          6725, 6726, 6727, -1,
          6728, 6704, 6720, -1,
          6729, 6723, 6724, -1,
          6729, 6724, 6730, -1,
          6731, 6706, 6577, -1,
          6732, 6730, 6733, -1,
          6732, 6733, 6734, -1,
          6732, 6729, 6730, -1,
          6735, 6704, 6728, -1,
          6735, 6734, 6704, -1,
          6735, 6732, 6734, -1,
          6736, 6707, 6719, -1,
          6737, 6725, 6727, -1,
          6737, 6727, 6738, -1,
          6739, 6731, 6577, -1,
          6740, 6707, 6736, -1,
          6741, 6737, 6738, -1,
          6742, 6737, 6741, -1,
          6743, 6739, 6577, -1,
          6744, 6577, 6745, -1,
          6744, 6743, 6577, -1,
          6746, 6744, 6745, -1,
          6747, 6748, 6749, -1,
          6750, 6751, 6748, -1,
          6750, 6748, 6747, -1,
          6752, 6751, 6750, -1,
          6752, 6753, 6751, -1,
          6754, 6747, 6749, -1,
          6755, 6753, 6752, -1,
          6756, 6754, 6749, -1,
          6756, 6749, 6757, -1,
          6758, 6753, 6755, -1,
          6758, 6741, 6753, -1,
          6758, 6742, 6741, -1,
          6759, 6756, 6757, -1,
          6760, 6742, 6758, -1,
          6761, 6746, 6745, -1,
          6761, 6762, 6763, -1,
          6761, 6763, 6764, -1,
          6761, 6764, 6765, -1,
          6761, 6765, 6766, -1,
          6761, 6766, 6746, -1,
          6767, 6759, 6757, -1,
          6768, 6762, 6761, -1,
          6769, 6767, 6757, -1,
          6769, 6757, 6770, -1,
          6771, 6761, 6745, -1,
          6772, 6769, 6770, -1,
          6772, 6770, 6773, -1,
          6774, 6771, 6745, -1,
          6775, 6774, 6745, -1,
          6776, 6760, 6777, -1,
          6776, 6777, 6778, -1,
          6776, 6742, 6760, -1,
          6776, 6779, 6780, -1,
          6776, 6780, 6781, -1,
          6776, 6781, 6742, -1,
          6782, 6772, 6773, -1,
          6782, 6773, 6783, -1,
          6782, 6783, 6784, -1,
          6782, 6784, 6785, -1,
          6786, 6778, 6787, -1,
          6786, 6787, 6788, -1,
          6789, 6786, 6788, -1,
          6789, 6788, 6790, -1,
          6789, 6790, 6791, -1,
          6792, 6789, 6791, -1,
          6792, 6791, 6793, -1,
          6794, 6792, 6793, -1,
          6795, 6794, 6793, -1,
          6796, 6794, 6795, -1,
          6797, 6796, 6795, -1,
          6798, 6785, 6799, -1,
          6798, 6799, 6800, -1,
          6798, 6782, 6785, -1,
          6801, 6776, 6802, -1,
          6801, 6802, 6803, -1,
          6801, 6803, 6804, -1,
          6801, 6707, 6740, -1,
          6801, 6740, 6805, -1,
          6801, 6805, 6806, -1,
          6801, 6806, 6807, -1,
          6801, 6807, 6808, -1,
          6801, 6808, 6779, -1,
          6801, 6779, 6776, -1,
          6809, 6798, 6800, -1,
          6809, 6800, 6810, -1,
          6809, 6810, 6811, -1,
          6809, 6811, 6768, -1,
          6812, 6798, 6809, -1,
          6812, 6809, 6813, -1,
          6814, 6775, 6745, -1,
          6815, 6813, 6816, -1,
          6815, 6816, 6817, -1,
          6815, 6812, 6813, -1,
          6818, 6745, 6819, -1,
          6818, 6814, 6745, -1,
          6820, 6818, 6819, -1,
          6821, 6820, 6819, -1,
          6822, 6804, 6823, -1,
          6822, 6823, 6824, -1,
          6822, 6824, 6825, -1,
          6822, 6825, 6826, -1,
          6822, 6826, 6827, -1,
          6822, 6827, 6828, -1,
          6822, 6828, 6829, -1,
          6822, 6829, 6830, -1,
          6822, 6830, 6831, -1,
          6822, 6831, 6832, -1,
          6822, 6832, 6833, -1,
          6822, 6833, 6834, -1,
          6835, 6815, 6817, -1,
          6835, 6817, 6836, -1,
          6837, 6836, 6838, -1,
          6837, 6835, 6836, -1,
          6839, 6837, 6838, -1,
          6839, 6838, 6840, -1,
          6841, 6842, 6821, -1,
          6843, 6821, 6819, -1,
          6844, 6839, 6840, -1,
          6844, 6840, 6842, -1,
          6844, 6842, 6841, -1,
          6845, 6844, 6841, -1,
          6846, 6843, 6819, -1,
          6847, 6844, 6845, -1,
          6848, 6846, 6819, -1,
          6849, 6822, 6850, -1,
          6849, 6850, 6851, -1,
          6849, 6851, 6852, -1,
          6849, 6801, 6804, -1,
          6849, 6804, 6822, -1,
          6849, 6853, 6854, -1,
          6849, 6854, 6855, -1,
          6849, 6855, 6856, -1,
          6849, 6852, 6853, -1,
          6857, 6856, 6858, -1,
          6859, 6819, 6860, -1,
          6859, 6848, 6819, -1,
          6861, 6862, 6863, -1,
          6864, 6862, 6865, -1,
          6864, 6865, 6866, -1,
          6864, 6863, 6862, -1,
          6867, 6862, 6861, -1,
          6868, 6864, 6866, -1,
          6869, 6862, 6867, -1,
          6870, 6868, 6866, -1,
          6871, 6870, 6866, -1,
          6872, 6866, 6873, -1,
          6872, 6871, 6866, -1,
          6874, 6856, 6857, -1,
          6874, 6857, 6875, -1,
          6874, 6875, 6876, -1,
          6877, 6872, 6873, -1,
          6878, 6879, 6880, -1,
          6878, 6881, 6879, -1,
          6882, 6869, 6879, -1,
          6882, 6879, 6881, -1,
          6883, 6878, 6880, -1,
          6884, 6880, 6885, -1,
          6884, 6883, 6880, -1,
          6886, 6885, 6887, -1,
          6886, 6884, 6885, -1,
          6888, 6873, 6889, -1,
          6888, 6877, 6873, -1,
          6890, 6886, 6887, -1,
          6890, 6887, 6891, -1,
          6892, 6890, 6891, -1,
          6893, 6890, 6892, -1,
          6894, 6893, 6892, -1,
          6895, 6896, 6897, -1,
          6898, 6895, 6897, -1,
          6899, 6888, 6889, -1,
          6899, 6889, 6900, -1,
          6901, 6893, 6894, -1,
          6902, 6895, 6898, -1,
          6903, 6895, 6902, -1,
          6904, 6895, 6903, -1,
          6905, 6900, 6906, -1,
          6905, 6906, 6907, -1,
          6905, 6899, 6900, -1,
          6908, 6909, 6910, -1,
          6911, 6859, 6860, -1,
          6911, 6910, 6859, -1,
          6912, 6910, 6911, -1,
          6913, 6907, 6909, -1,
          6913, 6905, 6907, -1,
          6913, 6909, 6908, -1,
          6914, 6911, 6860, -1,
          6915, 6895, 6904, -1,
          6915, 6849, 6856, -1,
          6915, 6874, 6916, -1,
          6915, 6916, 6917, -1,
          6915, 6917, 6895, -1,
          6915, 6904, 6918, -1,
          6915, 6918, 6919, -1,
          6915, 6919, 6920, -1,
          6915, 6920, 6921, -1,
          6915, 6856, 6874, -1,
          6922, 6914, 6860, -1,
          6923, 6915, 6921, -1,
          6924, 6922, 6860, -1,
          6925, 6913, 6908, -1,
          6926, 6915, 6923, -1,
          6927, 6912, 6911, -1,
          6928, 6915, 6926, -1,
          6929, 6927, 6911, -1,
          4518, 6924, 4512, -1,
          4506, 4512, 6924, -1,
          4525, 6924, 4518, -1,
          4500, 4506, 6924, -1,
          4529, 6924, 4525, -1,
          4501, 4500, 6924, -1,
          4530, 6924, 4529, -1,
          4504, 4501, 6924, -1,
          4532, 6924, 4530, -1,
          6930, 6931, 6932, -1,
          6930, 6925, 6931, -1,
          6933, 6932, 6931, -1,
          4508, 4504, 6924, -1,
          4508, 6924, 6860, -1,
          6934, 6925, 6930, -1,
          6935, 6925, 6934, -1,
          6936, 6937, 6938, -1,
          6939, 6925, 6935, -1,
          4509, 6860, 4179, -1,
          4509, 4508, 6860, -1,
          6940, 6936, 6938, -1,
          6941, 6940, 6938, -1,
          6942, 6924, 4532, -1,
          6942, 4532, 4534, -1,
          6942, 4534, 4537, -1,
          4540, 6942, 4537, -1,
          4514, 4509, 4179, -1,
          6943, 6941, 6938, -1,
          4543, 6942, 4540, -1,
          6944, 6945, 6939, -1,
          6944, 6939, 6946, -1,
          6947, 6939, 6945, -1,
          6947, 6925, 6939, -1,
          6948, 6944, 6946, -1,
          6949, 6925, 6947, -1,
          6949, 6950, 6925, -1,
          6951, 6946, 6952, -1,
          6951, 6948, 6946, -1,
          6953, 6950, 6949, -1,
          6954, 6950, 6953, -1,
          6955, 6952, 6956, -1,
          6955, 6951, 6952, -1,
          4515, 4514, 4179, -1,
          6957, 6943, 6942, -1,
          6958, 6950, 6954, -1,
          6959, 6956, 6960, -1,
          6959, 6955, 6956, -1,
          6961, 6959, 6960, -1,
          6962, 6950, 6958, -1,
          6963, 6959, 6961, -1,
          6964, 6963, 6961, -1,
          4516, 4515, 4179, -1,
          6965, 6950, 6962, -1,
          6966, 6957, 6942, -1,
          6967, 6963, 6964, -1,
          6968, 6950, 6965, -1,
          4520, 4516, 4179, -1,
          6969, 6966, 6942, -1,
          6969, 4543, 4545, -1,
          6969, 6942, 4543, -1,
          4523, 4520, 4179, -1,
          4527, 4523, 4179, -1,
          6970, 4545, 4547, -1,
          6970, 4547, 4548, -1,
          6970, 4548, 4550, -1,
          6970, 6969, 4545, -1,
          6971, 6970, 4550, -1,
          6971, 4550, 4551, -1,
          6971, 4551, 4552, -1,
          6971, 4552, 4553, -1,
          6971, 4553, 4554, -1,
          6971, 4554, 4556, -1,
          6972, 6928, 6973, -1,
          6972, 6973, 6950, -1,
          6972, 6950, 6968, -1,
          6972, 6915, 6928, -1,
          6972, 6968, 6974, -1,
          6972, 6974, 6975, -1,
          6972, 6975, 6976, -1,
          6972, 6976, 6977, -1,
          6972, 6977, 6978, -1,
          6972, 6978, 6979, -1,
          6972, 6979, 6980, -1,
          6972, 6980, 6981, -1,
          4558, 6971, 4556, -1,
          6982, 6972, 6981, -1,
          6983, 6972, 6982, -1,
          6984, 6971, 4558, -1,
          4288, 6983, 6984, -1,
          4288, 6972, 6983, -1,
          4288, 6984, 4558, -1,
          5804, 5725, 5733, -1,
          5895, 5866, 5869, -1,
          6985, 5895, 6986, -1,
          6986, 5895, 5894, -1,
          6164, 6987, 6165, -1,
          6165, 6987, 6988, -1,
          6988, 6987, 6989, -1,
          6078, 6129, 6093, -1,
          6207, 6990, 6208, -1,
          6352, 6326, 6323, -1,
          6352, 6323, 6991, -1,
          6352, 6991, 6353, -1,
          6388, 6352, 6354, -1,
          6852, 6815, 6853, -1,
          6786, 6776, 6778, -1,
          6034, 6097, 6078, -1,
          6097, 6988, 6989, -1,
          6097, 6989, 6101, -1,
          6165, 6074, 6098, -1,
          6042, 6018, 6020, -1,
          6074, 6042, 6029, -1,
          6017, 6054, 6038, -1,
          6054, 6992, 6993, -1,
          6054, 6993, 6053, -1,
          6076, 6050, 6051, -1,
          6106, 6076, 6077, -1,
          6404, 6360, 6400, -1,
          6340, 6994, 6310, -1,
          6310, 6994, 6269, -1,
          6354, 6995, 6386, -1,
          6354, 6386, 6388, -1,
          6909, 6859, 6910, -1,
          6843, 6841, 6821, -1,
          5660, 5590, 5661, -1,
          6996, 5574, 5550, -1,
          5600, 6997, 5633, -1,
          5675, 5766, 5720, -1,
          5720, 5766, 5741, -1,
          5814, 5818, 5856, -1,
          5814, 5856, 5871, -1,
          6998, 6255, 6259, -1,
          6525, 6450, 6526, -1,
          6526, 6450, 6449, -1,
          6434, 6432, 6433, -1,
          6434, 6433, 6421, -1,
          6181, 6160, 6166, -1,
          6999, 6181, 7000, -1,
          7000, 6181, 6180, -1,
          6183, 6211, 6190, -1,
          6211, 6262, 6270, -1,
          6211, 6270, 6248, -1,
          7001, 6049, 6048, -1,
          5403, 5459, 5451, -1,
          5459, 5483, 5458, -1,
          5483, 5512, 5482, -1,
          6908, 6931, 6925, -1,
          6931, 6938, 6937, -1,
          6931, 6937, 6933, -1,
          6938, 6942, 6943, -1,
          6814, 7002, 6775, -1,
          6761, 6809, 6768, -1,
          6817, 7003, 6836, -1,
          6098, 6193, 6192, -1,
          6098, 6192, 6168, -1,
          6098, 6168, 6165, -1,
          6230, 6210, 6273, -1,
          6273, 6210, 6323, -1,
          6035, 7004, 6036, -1,
          6036, 7004, 6025, -1,
          6025, 7004, 5972, -1,
          5871, 7005, 5915, -1,
          7006, 5603, 5602, -1,
          5575, 5547, 5550, -1,
          5597, 5575, 5574, -1,
          5632, 5597, 5600, -1,
          5477, 5434, 5467, -1,
          7007, 5076, 5079, -1,
          6895, 6844, 6896, -1,
          6896, 6844, 7008, -1,
          7008, 6844, 7009, -1,
          7009, 6844, 7010, -1,
          7010, 6844, 6882, -1,
          6882, 6844, 6869, -1,
          6869, 6844, 6847, -1,
          6869, 6847, 6862, -1,
          6835, 6853, 6815, -1,
          6494, 6424, 6495, -1,
          6495, 6424, 7011, -1,
          7011, 6424, 7012, -1,
          7012, 6424, 6461, -1,
          6461, 6424, 6435, -1,
          6415, 6414, 6386, -1,
          6386, 6414, 6387, -1,
          5527, 5440, 5454, -1,
          5527, 5454, 5528, -1,
          4994, 4981, 4987, -1,
          5002, 4981, 4994, -1,
          5002, 4979, 4981, -1,
          5002, 4976, 4979, -1,
          5002, 4994, 4997, -1,
          5005, 4976, 5002, -1,
          5005, 4973, 4976, -1,
          4995, 4960, 4966, -1,
          4996, 4995, 4966, -1,
          4996, 4969, 4971, -1,
          4996, 4966, 4969, -1,
          4999, 4973, 5005, -1,
          4999, 4996, 4971, -1,
          4999, 4971, 4973, -1,
          4993, 4960, 4995, -1,
          5001, 4999, 5005, -1,
          5001, 5005, 5008, -1,
          4991, 4960, 4993, -1,
          4991, 4963, 4960, -1,
          4986, 4963, 4991, -1,
          4986, 4967, 4963, -1,
          5021, 5017, 5001, -1,
          5021, 5001, 5008, -1,
          4985, 4967, 4986, -1,
          5038, 5017, 5021, -1,
          4984, 4967, 4985, -1,
          4984, 4972, 4967, -1,
          5055, 5044, 5047, -1,
          4983, 4972, 4984, -1,
          5058, 5044, 5055, -1,
          5058, 5043, 5044, -1,
          5062, 5043, 5058, -1,
          5062, 5036, 5043, -1,
          5062, 5028, 5036, -1,
          4990, 4975, 4972, -1,
          4990, 4972, 4983, -1,
          5020, 5040, 5039, -1,
          5041, 5040, 5020, -1,
          5067, 5028, 5062, -1,
          5042, 5041, 5020, -1,
          4992, 4975, 4990, -1,
          5056, 5023, 5024, -1,
          5056, 5022, 5023, -1,
          5054, 5022, 5056, -1,
          5057, 5056, 5024, -1,
          5057, 5024, 5026, -1,
          5053, 5022, 5054, -1,
          5053, 5020, 5022, -1,
          5061, 5026, 5028, -1,
          5061, 5067, 5066, -1,
          5061, 5057, 5026, -1,
          5061, 5028, 5067, -1,
          5052, 5020, 5053, -1,
          5064, 5061, 5066, -1,
          5050, 5020, 5052, -1,
          5050, 5042, 5020, -1,
          5068, 5084, 5064, -1,
          5068, 5064, 5066, -1,
          5049, 5042, 5050, -1,
          5049, 5032, 5042, -1,
          5048, 5032, 5049, -1,
          5048, 5033, 5032, -1,
          5071, 5085, 5084, -1,
          5071, 5086, 5085, -1,
          5071, 5084, 5068, -1,
          5081, 5086, 5071, -1,
          5051, 5031, 5033, -1,
          5051, 5033, 5048, -1,
          5073, 5081, 5071, -1,
          5037, 5031, 5051, -1,
          5074, 5073, 5071, -1,
          5075, 5071, 5082, -1,
          5075, 5074, 5071, -1,
          5072, 5075, 5082, -1,
          5000, 4975, 4992, -1,
          5004, 5000, 4992, -1,
          5007, 5004, 4992, -1,
          5107, 5060, 5037, -1,
          5108, 5107, 5037, -1,
          5104, 5091, 5083, -1,
          5105, 5104, 5083, -1,
          5106, 5105, 5083, -1,
          5051, 5063, 5108, -1,
          5051, 5108, 5037, -1,
          4992, 5016, 5007, -1,
          5021, 5020, 5039, -1,
          5021, 5039, 5038, -1,
          5071, 5065, 5070, -1,
          5071, 5070, 5077, -1,
          5071, 5077, 5082, -1,
          5082, 5106, 5083, -1,
          5082, 5083, 5080, -1,
          5082, 5080, 5072, -1,
          7013, 7014, 7015, -1,
          7013, 7015, 7016, -1,
          7017, 7014, 7013, -1,
          7018, 7019, 7014, -1,
          7018, 7014, 7017, -1,
          7020, 7021, 7019, -1,
          7020, 7019, 7018, -1,
          7022, 7023, 7021, -1,
          7022, 7021, 7020, -1,
          7024, 7025, 7023, -1,
          7024, 7023, 7022, -1,
          7026, 7027, 7028, -1,
          7026, 7028, 7025, -1,
          7026, 7025, 7024, -1,
          7029, 7030, 7027, -1,
          7029, 7027, 7026, -1,
          7031, 7032, 7030, -1,
          7031, 7030, 7029, -1,
          7033, 7034, 7032, -1,
          7033, 7032, 7031, -1,
          7035, 7036, 7034, -1,
          7035, 7034, 7033, -1,
          7037, 7038, 7036, -1,
          7037, 7036, 7035, -1,
          7039, 7040, 7038, -1,
          7039, 7038, 7037, -1,
          7041, 7040, 7039, -1,
          7041, 7042, 7040, -1,
          7043, 7042, 7041, -1,
          7043, 7044, 7045, -1,
          7043, 7045, 7042, -1,
          7046, 7044, 7043, -1,
          7046, 7047, 7044, -1,
          7048, 7049, 7050, -1,
          7051, 7047, 7046, -1,
          7051, 7052, 7047, -1,
          7053, 7050, 7052, -1,
          7053, 7048, 7050, -1,
          7053, 7052, 7051, -1,
          5121, 5111, 5116, -1,
          5125, 5110, 5111, -1,
          5125, 5111, 5121, -1,
          5137, 5110, 5125, -1,
          5150, 5110, 5137, -1,
          5120, 5096, 5098, -1,
          5122, 5098, 5099, -1,
          5122, 5120, 5098, -1,
          5119, 5092, 5096, -1,
          5119, 5096, 5120, -1,
          5123, 5101, 5102, -1,
          5123, 5099, 5101, -1,
          5123, 5122, 5099, -1,
          5118, 5092, 5119, -1,
          5129, 5102, 5110, -1,
          5129, 5150, 5149, -1,
          5129, 5110, 5150, -1,
          5129, 5123, 5102, -1,
          5115, 5092, 5118, -1,
          5115, 5095, 5092, -1,
          5142, 5129, 5149, -1,
          5114, 5095, 5115, -1,
          5114, 5097, 5095, -1,
          5148, 5142, 5149, -1,
          5175, 5142, 5148, -1,
          5113, 5097, 5114, -1,
          5113, 5100, 5097, -1,
          5112, 5100, 5113, -1,
          5159, 5175, 5148, -1,
          5159, 5176, 5175, -1,
          5177, 5176, 5159, -1,
          5109, 5100, 5112, -1,
          5178, 5177, 5159, -1,
          5179, 5178, 5159, -1,
          5117, 5109, 5112, -1,
          5169, 5179, 5159, -1,
          5170, 5159, 5173, -1,
          5170, 5169, 5159, -1,
          5168, 5170, 5173, -1,
          5171, 5168, 5173, -1,
          5124, 5109, 5117, -1,
          5134, 5124, 5117, -1,
          5254, 5134, 5117, -1,
          5252, 5187, 5174, -1,
          5253, 5252, 5174, -1,
          5216, 5253, 5174, -1,
          5117, 5141, 5254, -1,
          5159, 5147, 5164, -1,
          5159, 5164, 5166, -1,
          5159, 5166, 5173, -1,
          5173, 5216, 5174, -1,
          5173, 5174, 5171, -1,
          7054, 7055, 7056, -1,
          7054, 7056, 7057, -1,
          7058, 7055, 7054, -1,
          7059, 7060, 7055, -1,
          7059, 7055, 7058, -1,
          7061, 7062, 7060, -1,
          7061, 7060, 7059, -1,
          7063, 7064, 7062, -1,
          7063, 7062, 7061, -1,
          7065, 7066, 7064, -1,
          7065, 7064, 7063, -1,
          7067, 7068, 7069, -1,
          7067, 7069, 7066, -1,
          7067, 7066, 7065, -1,
          7070, 7071, 7068, -1,
          7070, 7068, 7067, -1,
          7072, 7073, 7071, -1,
          7072, 7071, 7070, -1,
          7074, 7075, 7073, -1,
          7074, 7073, 7072, -1,
          7076, 7077, 7075, -1,
          7076, 7075, 7074, -1,
          7078, 7079, 7077, -1,
          7078, 7077, 7076, -1,
          7080, 7081, 7079, -1,
          7080, 7079, 7078, -1,
          7082, 7081, 7080, -1,
          7082, 7083, 7081, -1,
          7084, 7083, 7082, -1,
          7084, 7085, 7086, -1,
          7084, 7086, 7083, -1,
          7087, 7085, 7084, -1,
          7087, 7088, 7085, -1,
          7089, 7090, 7091, -1,
          7092, 7088, 7087, -1,
          7092, 7093, 7088, -1,
          7094, 7091, 7093, -1,
          7094, 7089, 7091, -1,
          7094, 7093, 7092, -1,
          7019, 5194, 5200, -1,
          7014, 7019, 5200, -1,
          7014, 5210, 5212, -1,
          7014, 5200, 5210, -1,
          7021, 5194, 7019, -1,
          7021, 5191, 5194, -1,
          7015, 7014, 5212, -1,
          7015, 5215, 5221, -1,
          7015, 5212, 5215, -1,
          7023, 5191, 7021, -1,
          7016, 7015, 5221, -1,
          7016, 5221, 5231, -1,
          7016, 5236, 5238, -1,
          7016, 5235, 5236, -1,
          7016, 5231, 5235, -1,
          7025, 5191, 7023, -1,
          7025, 5190, 5191, -1,
          7013, 7016, 5238, -1,
          7013, 5240, 5249, -1,
          7013, 5238, 5240, -1,
          7028, 5192, 5190, -1,
          7028, 5190, 7025, -1,
          7017, 7013, 5249, -1,
          5258, 7017, 5249, -1,
          7018, 7017, 5258, -1,
          7027, 5199, 5192, -1,
          7027, 5192, 7028, -1,
          5266, 7018, 5258, -1,
          5266, 7020, 7018, -1,
          5275, 7020, 5266, -1,
          5275, 7022, 7020, -1,
          7030, 5203, 5199, -1,
          7030, 5199, 7027, -1,
          5277, 7026, 7024, -1,
          5277, 7024, 7022, -1,
          5277, 7022, 5275, -1,
          5293, 7029, 7026, -1,
          5293, 7026, 5277, -1,
          7032, 5213, 5203, -1,
          7032, 5203, 7030, -1,
          5296, 7029, 5293, -1,
          7031, 7029, 5296, -1,
          7034, 5228, 5213, -1,
          7034, 5213, 7032, -1,
          7036, 5228, 7034, -1,
          5234, 5228, 7036, -1,
          5302, 7033, 7031, -1,
          5302, 7031, 5296, -1,
          7038, 5234, 7036, -1,
          7040, 5237, 5234, -1,
          7040, 5234, 7038, -1,
          5310, 7033, 5302, -1,
          7042, 5237, 7040, -1,
          7035, 7033, 5310, -1,
          7045, 5237, 7042, -1,
          7045, 5239, 5237, -1,
          5330, 7035, 5310, -1,
          7044, 5239, 7045, -1,
          5248, 5239, 7044, -1,
          7047, 5248, 7044, -1,
          7052, 5248, 7047, -1,
          5257, 5248, 7052, -1,
          7050, 5257, 7052, -1,
          5329, 7037, 7035, -1,
          5329, 7035, 5330, -1,
          5261, 5257, 7050, -1,
          5270, 5261, 7050, -1,
          5336, 7037, 5329, -1,
          5336, 7039, 7037, -1,
          5336, 7041, 7039, -1,
          5276, 5270, 7050, -1,
          5276, 7050, 7049, -1,
          5340, 7041, 5336, -1,
          5340, 7043, 7041, -1,
          5340, 7046, 7043, -1,
          5278, 5276, 7049, -1,
          5279, 5278, 7049, -1,
          5402, 7046, 5340, -1,
          5402, 7051, 7046, -1,
          5401, 7051, 5402, -1,
          5401, 7053, 7051, -1,
          5397, 5279, 7049, -1,
          5397, 7049, 7048, -1,
          5400, 7053, 5401, -1,
          5398, 5397, 7048, -1,
          5399, 7053, 5400, -1,
          5399, 5398, 7048, -1,
          5399, 7048, 7053, -1,
          7095, 5420, 5425, -1,
          7095, 5425, 5431, -1,
          7095, 5431, 5440, -1,
          7096, 5455, 7095, -1,
          5470, 5447, 5441, -1,
          5470, 5441, 5446, -1,
          5471, 5446, 5452, -1,
          5471, 5470, 5446, -1,
          5472, 5452, 5455, -1,
          5472, 5455, 7096, -1,
          5472, 5471, 5452, -1,
          5500, 7096, 7097, -1,
          5500, 5472, 7096, -1,
          5498, 7097, 7098, -1,
          5498, 5500, 7097, -1,
          5527, 7099, 7095, -1,
          5527, 7095, 5440, -1,
          5539, 7098, 7099, -1,
          5539, 7099, 5527, -1,
          5539, 5498, 7098, -1,
          5537, 5469, 5472, -1,
          5542, 5539, 5527, -1,
          5538, 5537, 5472, -1,
          5538, 5472, 5500, -1,
          5499, 5538, 5500, -1,
          5455, 5420, 7095, -1,
          7060, 5297, 5300, -1,
          7055, 7060, 5300, -1,
          7055, 5305, 5307, -1,
          7055, 5300, 5305, -1,
          7062, 5297, 7060, -1,
          7062, 5294, 5297, -1,
          7056, 7055, 5307, -1,
          7056, 5318, 5325, -1,
          7056, 5307, 5318, -1,
          7064, 5294, 7062, -1,
          7057, 7056, 5325, -1,
          7057, 5325, 5333, -1,
          7057, 5338, 5341, -1,
          7057, 5337, 5338, -1,
          7057, 5333, 5337, -1,
          7066, 5294, 7064, -1,
          7066, 5292, 5294, -1,
          7054, 7057, 5341, -1,
          7054, 5344, 5346, -1,
          7054, 5341, 5344, -1,
          7069, 5295, 5292, -1,
          7069, 5292, 7066, -1,
          7058, 7054, 5346, -1,
          5359, 7058, 5346, -1,
          7059, 7058, 5359, -1,
          7068, 5299, 5295, -1,
          7068, 5295, 7069, -1,
          5368, 7059, 5359, -1,
          5368, 7061, 7059, -1,
          5370, 7061, 5368, -1,
          5370, 7063, 7061, -1,
          7071, 5301, 5299, -1,
          7071, 5299, 7068, -1,
          5378, 7067, 7065, -1,
          5378, 7065, 7063, -1,
          5378, 7063, 5370, -1,
          5382, 7070, 7067, -1,
          5382, 7067, 5378, -1,
          7073, 5309, 5301, -1,
          7073, 5301, 7071, -1,
          5423, 7070, 5382, -1,
          7072, 7070, 5423, -1,
          7075, 5328, 5309, -1,
          7075, 5309, 7073, -1,
          7077, 5328, 7075, -1,
          5335, 5328, 7077, -1,
          5444, 7074, 7072, -1,
          5444, 7072, 5423, -1,
          7079, 5335, 7077, -1,
          7081, 5339, 5335, -1,
          7081, 5335, 7079, -1,
          5443, 7074, 5444, -1,
          7083, 5339, 7081, -1,
          7076, 7074, 5443, -1,
          7086, 5339, 7083, -1,
          7086, 5389, 5339, -1,
          5442, 7076, 5443, -1,
          7085, 5389, 7086, -1,
          5390, 5389, 7085, -1,
          7088, 5390, 7085, -1,
          7093, 5390, 7088, -1,
          5391, 5390, 7093, -1,
          7091, 5391, 7093, -1,
          5450, 7078, 7076, -1,
          5450, 7076, 5442, -1,
          5392, 5391, 7091, -1,
          5393, 5392, 7091, -1,
          5449, 7078, 5450, -1,
          5449, 7080, 7078, -1,
          5449, 7082, 7080, -1,
          5394, 5393, 7091, -1,
          5394, 7091, 7090, -1,
          5448, 7082, 5449, -1,
          5448, 7084, 7082, -1,
          5448, 7087, 7084, -1,
          5395, 5394, 7090, -1,
          5396, 5395, 7090, -1,
          5473, 7087, 5448, -1,
          5473, 7092, 7087, -1,
          5541, 7092, 5473, -1,
          5541, 7094, 7092, -1,
          5405, 5396, 7090, -1,
          5405, 7090, 7089, -1,
          5540, 7094, 5541, -1,
          5406, 5405, 7089, -1,
          5415, 7094, 5540, -1,
          5415, 5406, 7089, -1,
          5415, 7089, 7094, -1,
          7097, 7096, 7095, -1,
          7098, 7097, 7095, -1,
          7099, 7098, 7095, -1,
          5567, 5553, 5533, -1,
          5567, 5533, 5564, -1,
          5687, 5564, 5571, -1,
          5687, 5567, 5564, -1,
          5611, 5571, 5589, -1,
          5611, 5687, 5571, -1,
          7100, 5716, 5722, -1,
          7100, 5722, 5724, -1,
          7100, 5724, 5725, -1,
          7101, 5737, 7100, -1,
          5743, 5729, 5726, -1,
          5743, 5726, 5728, -1,
          5744, 5728, 5734, -1,
          5744, 5743, 5728, -1,
          5745, 5734, 5737, -1,
          5745, 5744, 5734, -1,
          5765, 7101, 7102, -1,
          5765, 5745, 5737, -1,
          5765, 5737, 7101, -1,
          5763, 7102, 7103, -1,
          5763, 5765, 7102, -1,
          5804, 7104, 7100, -1,
          5804, 7100, 5725, -1,
          5822, 7103, 7104, -1,
          5822, 5763, 7103, -1,
          5822, 7104, 5804, -1,
          5820, 5742, 5745, -1,
          5842, 5822, 5804, -1,
          5821, 5820, 5745, -1,
          5821, 5745, 5765, -1,
          5764, 5821, 5765, -1,
          5737, 5716, 7100, -1,
          5614, 5588, 5580, -1,
          5614, 5580, 5592, -1,
          5626, 5614, 5592, -1,
          5626, 5592, 5621, -1,
          5641, 5626, 5621, -1,
          5641, 5621, 5649, -1,
          5657, 5609, 5612, -1,
          5657, 5654, 5609, -1,
          5648, 5607, 5609, -1,
          5648, 5609, 5654, -1,
          5665, 5657, 5612, -1,
          5665, 5613, 5616, -1,
          5665, 5612, 5613, -1,
          5645, 5607, 5648, -1,
          5645, 5604, 5607, -1,
          5668, 5625, 5631, -1,
          5668, 5618, 5625, -1,
          5668, 5616, 5618, -1,
          5668, 5631, 5639, -1,
          5668, 5665, 5616, -1,
          5638, 5605, 5604, -1,
          5638, 5604, 5645, -1,
          5671, 5655, 5663, -1,
          5671, 5646, 5655, -1,
          5671, 5639, 5646, -1,
          5671, 5668, 5639, -1,
          5636, 5605, 5638, -1,
          5636, 5606, 5605, -1,
          5666, 5641, 5649, -1,
          5677, 5663, 5666, -1,
          5677, 5671, 5663, -1,
          5629, 5606, 5636, -1,
          5681, 5677, 5666, -1,
          5628, 5608, 5606, -1,
          5628, 5606, 5629, -1,
          5683, 5681, 5666, -1,
          5697, 5683, 5666, -1,
          5627, 5610, 5608, -1,
          5627, 5608, 5628, -1,
          5630, 5615, 5610, -1,
          5630, 5610, 5627, -1,
          5635, 5615, 5630, -1,
          5634, 5617, 5615, -1,
          5634, 5615, 5635, -1,
          5710, 5666, 5649, -1,
          5710, 5702, 5697, -1,
          5710, 5703, 5702, -1,
          5710, 5704, 5703, -1,
          5710, 5697, 5666, -1,
          5637, 5617, 5634, -1,
          5640, 5624, 5617, -1,
          5640, 5617, 5637, -1,
          5644, 5624, 5640, -1,
          5647, 5688, 5624, -1,
          5647, 5624, 5644, -1,
          5653, 5689, 5688, -1,
          5653, 5688, 5647, -1,
          5656, 5689, 5653, -1,
          5656, 5690, 5689, -1,
          5664, 5690, 5656, -1,
          5691, 5690, 5664, -1,
          5667, 5691, 5664, -1,
          5721, 5708, 5701, -1,
          5692, 5691, 5667, -1,
          5732, 5708, 5721, -1,
          5731, 5708, 5732, -1,
          5731, 5709, 5708, -1,
          5693, 5692, 5667, -1,
          5693, 5667, 5670, -1,
          5730, 5709, 5731, -1,
          5730, 5706, 5709, -1,
          5694, 5693, 5670, -1,
          5748, 5706, 5730, -1,
          5748, 5699, 5706, -1,
          5695, 5694, 5670, -1,
          5747, 5699, 5748, -1,
          5747, 5696, 5699, -1,
          5747, 5682, 5696, -1,
          5746, 5682, 5747, -1,
          5746, 5680, 5682, -1,
          5705, 5695, 5670, -1,
          5705, 5670, 5676, -1,
          5823, 5680, 5746, -1,
          5711, 5705, 5676, -1,
          5711, 5676, 5678, -1,
          5715, 5680, 5823, -1,
          5715, 5711, 5678, -1,
          5715, 5678, 5680, -1,
          5846, 5796, 5798, -1,
          5847, 5798, 5799, -1,
          5847, 5846, 5798, -1,
          5845, 5794, 5796, -1,
          5845, 5796, 5846, -1,
          5860, 5808, 5811, -1,
          5860, 5799, 5808, -1,
          5860, 5847, 5799, -1,
          5861, 5811, 5825, -1,
          5861, 5860, 5811, -1,
          5837, 5794, 5845, -1,
          5862, 5825, 5838, -1,
          5862, 5850, 5857, -1,
          5862, 5848, 5850, -1,
          5862, 5838, 5848, -1,
          5862, 5861, 5825, -1,
          5834, 5794, 5837, -1,
          5834, 5792, 5794, -1,
          5829, 5792, 5834, -1,
          5829, 5795, 5792, -1,
          5863, 5862, 5857, -1,
          5863, 5864, 5868, -1,
          5863, 5857, 5864, -1,
          5828, 5797, 5795, -1,
          5828, 5795, 5829, -1,
          5885, 5863, 5868, -1,
          5870, 5885, 5868, -1,
          5827, 5805, 5797, -1,
          5827, 5797, 5828, -1,
          5874, 5885, 5870, -1,
          5874, 5886, 5885, -1,
          5826, 5806, 5805, -1,
          5826, 5805, 5827, -1,
          5833, 5807, 5806, -1,
          5833, 5806, 5826, -1,
          5883, 5886, 5874, -1,
          5883, 5876, 5886, -1,
          5883, 5877, 5876, -1,
          5836, 5810, 5807, -1,
          5836, 5807, 5833, -1,
          5887, 5878, 5877, -1,
          5887, 5877, 5883, -1,
          5844, 5815, 5810, -1,
          5844, 5810, 5836, -1,
          5916, 5879, 5878, -1,
          5916, 5880, 5879, -1,
          5916, 5881, 5880, -1,
          5916, 5878, 5887, -1,
          5840, 5815, 5844, -1,
          5911, 5875, 5881, -1,
          5911, 5881, 5916, -1,
          5859, 5841, 5840, -1,
          5859, 5840, 5844, -1,
          5867, 5841, 5859, -1,
          5884, 5867, 5859, -1,
          5869, 5867, 5884, -1,
          5904, 5869, 5884, -1,
          5894, 5869, 5904, -1,
          5849, 5839, 5866, -1,
          5910, 5894, 5904, -1,
          6986, 5894, 5910, -1,
          5914, 6986, 5910, -1,
          5947, 5866, 5895, -1,
          5947, 5849, 5866, -1,
          6985, 6986, 5914, -1,
          5919, 6985, 5914, -1,
          5948, 5947, 5895, -1,
          5948, 5895, 6985, -1,
          5922, 6985, 5919, -1,
          5923, 5948, 6985, -1,
          5923, 6985, 5922, -1,
          5967, 5948, 5923, -1,
          5949, 5948, 5967, -1,
          7102, 7101, 7100, -1,
          7103, 7102, 7100, -1,
          7104, 7103, 7100, -1,
          5997, 5962, 5965, -1,
          5997, 5965, 5998, -1,
          5999, 5965, 5968, -1,
          5999, 5998, 5965, -1,
          5996, 5962, 5997, -1,
          5996, 5960, 5962, -1,
          6000, 5999, 5968, -1,
          6000, 5968, 5979, -1,
          5995, 5960, 5996, -1,
          5995, 5957, 5960, -1,
          6013, 6000, 5979, -1,
          6013, 5982, 5987, -1,
          6013, 5979, 5982, -1,
          5994, 5957, 5995, -1,
          5994, 5955, 5957, -1,
          6014, 6013, 5987, -1,
          6014, 5991, 6007, -1,
          6014, 5987, 5991, -1,
          5993, 5955, 5994, -1,
          5993, 5959, 5955, -1,
          6015, 6014, 6007, -1,
          6015, 6009, 6023, -1,
          6015, 6007, 6009, -1,
          5981, 5959, 5993, -1,
          6016, 6015, 6023, -1,
          6016, 6023, 6030, -1,
          6037, 6016, 6030, -1,
          6026, 6016, 6037, -1,
          6040, 6057, 6026, -1,
          6040, 6026, 6037, -1,
          6045, 6059, 6057, -1,
          6045, 6064, 6059, -1,
          6045, 6057, 6040, -1,
          6055, 6064, 6045, -1,
          6055, 6066, 6064, -1,
          6055, 6067, 6066, -1,
          6005, 5966, 5980, -1,
          6006, 6005, 5980, -1,
          6006, 5980, 5992, -1,
          6080, 6072, 6067, -1,
          6080, 6067, 6055, -1,
          6061, 6072, 6080, -1,
          6022, 6006, 5992, -1,
          6022, 5992, 6012, -1,
          6033, 6022, 6012, -1,
          6079, 6062, 6061, -1,
          6079, 6061, 6080, -1,
          5984, 5966, 6005, -1,
          6004, 5984, 6005, -1,
          6003, 5984, 6004, -1,
          6008, 5984, 6003, -1,
          6093, 6060, 6062, -1,
          6093, 6062, 6079, -1,
          6084, 5984, 6008, -1,
          6021, 6084, 6008, -1,
          6135, 6068, 6060, -1,
          6135, 6060, 6093, -1,
          6085, 6021, 6032, -1,
          6085, 6084, 6021, -1,
          6134, 6068, 6135, -1,
          6134, 6073, 6068, -1,
          6133, 6071, 6073, -1,
          6133, 6073, 6134, -1,
          6086, 6085, 6032, -1,
          6087, 6032, 6039, -1,
          6087, 6086, 6032, -1,
          6132, 6071, 6133, -1,
          6132, 6065, 6071, -1,
          6088, 6087, 6039, -1,
          6131, 6063, 6065, -1,
          6131, 6065, 6132, -1,
          6130, 6058, 6063, -1,
          6130, 6063, 6131, -1,
          6089, 6039, 6041, -1,
          6089, 6088, 6039, -1,
          6092, 6056, 6058, -1,
          6092, 6058, 6130, -1,
          6090, 6041, 6044, -1,
          6090, 6089, 6041, -1,
          6091, 6052, 6056, -1,
          6091, 6044, 6052, -1,
          6091, 6056, 6092, -1,
          6091, 6090, 6044, -1,
          6990, 6164, 6163, -1,
          6990, 6163, 6168, -1,
          6990, 6168, 6192, -1,
          6205, 6129, 6987, -1,
          6206, 6205, 6987, -1,
          6207, 6206, 6987, -1,
          6208, 6990, 6218, -1,
          6218, 6990, 6223, -1,
          6223, 6990, 6241, -1,
          6990, 6207, 6987, -1,
          6129, 6078, 6987, -1,
          6989, 6987, 6101, -1,
          6101, 6987, 6096, -1,
          6096, 6987, 6078, -1,
          6987, 6164, 6990, -1,
          6192, 6241, 6990, -1,
          6296, 6191, 6214, -1,
          6378, 6296, 6214, -1,
          6379, 6214, 6220, -1,
          6379, 6378, 6214, -1,
          6324, 6220, 6229, -1,
          6324, 6379, 6220, -1,
          7105, 7106, 7107, -1,
          7108, 7105, 7107, -1,
          7109, 7110, 7105, -1,
          7111, 7109, 7105, -1,
          7112, 7105, 7108, -1,
          7112, 7111, 7105, -1,
          7105, 7113, 7106, -1,
          6325, 6285, 6273, -1,
          6325, 6273, 6326, -1,
          6372, 6325, 6326, -1,
          6373, 6326, 6352, -1,
          6373, 6372, 6326, -1,
          6383, 6373, 6352, -1,
          6384, 6383, 6352, -1,
          6385, 6352, 6388, -1,
          6385, 6384, 6352, -1,
          6387, 6385, 6388, -1,
          6380, 6371, 6373, -1,
          6381, 6373, 6383, -1,
          6381, 6380, 6373, -1,
          6382, 6381, 6383, -1,
          7114, 7115, 7116, -1,
          7117, 7114, 7118, -1,
          7117, 7115, 7114, -1,
          7119, 7120, 7115, -1,
          7119, 7115, 7117, -1,
          7121, 7122, 7120, -1,
          7121, 7120, 7119, -1,
          7123, 7124, 7122, -1,
          7123, 7122, 7121, -1,
          7125, 7126, 7124, -1,
          7125, 7124, 7123, -1,
          7127, 7126, 7125, -1,
          7128, 7129, 7126, -1,
          7128, 7126, 7127, -1,
          7130, 7131, 7129, -1,
          7130, 7129, 7128, -1,
          7132, 7131, 7130, -1,
          7133, 7134, 7131, -1,
          7133, 7131, 7132, -1,
          7135, 7136, 7134, -1,
          7135, 7134, 7133, -1,
          7137, 7138, 7136, -1,
          7137, 7136, 7135, -1,
          7139, 7138, 7137, -1,
          7139, 7140, 7141, -1,
          7139, 7141, 7138, -1,
          7142, 7140, 7139, -1,
          7142, 7143, 7140, -1,
          7144, 7143, 7142, -1,
          7144, 7145, 7143, -1,
          7146, 7145, 7144, -1,
          7146, 7147, 7145, -1,
          7148, 7147, 7146, -1,
          7148, 7149, 7150, -1,
          7148, 7150, 7147, -1,
          7151, 7152, 7153, -1,
          7151, 7153, 7154, -1,
          7155, 7151, 7154, -1,
          7156, 7149, 7148, -1,
          7156, 7157, 7149, -1,
          7158, 7155, 7154, -1,
          7159, 7157, 7156, -1,
          7159, 7154, 7157, -1,
          7159, 7158, 7154, -1,
          7113, 6415, 6419, -1,
          7113, 6419, 6423, -1,
          7113, 6423, 6424, -1,
          7106, 7113, 6424, -1,
          7107, 7106, 6424, -1,
          7105, 6415, 7113, -1,
          7108, 7107, 6424, -1,
          6436, 7110, 7109, -1,
          6436, 6438, 7110, -1,
          6454, 7109, 7111, -1,
          6454, 7111, 7112, -1,
          6454, 6436, 7109, -1,
          6414, 7110, 6438, -1,
          6452, 6414, 6438, -1,
          6473, 6454, 7112, -1,
          6453, 6452, 6438, -1,
          6437, 6453, 6438, -1,
          6580, 6472, 6473, -1,
          6581, 6580, 6473, -1,
          6494, 6473, 7112, -1,
          6494, 6581, 6473, -1,
          6414, 6415, 7105, -1,
          6414, 7105, 7110, -1,
          6424, 6494, 7108, -1,
          7108, 6494, 7112, -1,
          7120, 6476, 6480, -1,
          7122, 6476, 7120, -1,
          7122, 6464, 6476, -1,
          7115, 7120, 6480, -1,
          7115, 6480, 6485, -1,
          7124, 6464, 7122, -1,
          7124, 6462, 6464, -1,
          7116, 7115, 6485, -1,
          7116, 6485, 6492, -1,
          7114, 7116, 6492, -1,
          7114, 6492, 6501, -1,
          7126, 6462, 7124, -1,
          7126, 6456, 6462, -1,
          7118, 7114, 6501, -1,
          7118, 6501, 6509, -1,
          7118, 6509, 6513, -1,
          7129, 6459, 6456, -1,
          7129, 6456, 7126, -1,
          7117, 6519, 6532, -1,
          7117, 6513, 6519, -1,
          7117, 7118, 6513, -1,
          7119, 7117, 6532, -1,
          7119, 6532, 6537, -1,
          7131, 6461, 6459, -1,
          7131, 6459, 7129, -1,
          6549, 7119, 6537, -1,
          7121, 7119, 6549, -1,
          7134, 7012, 6461, -1,
          7134, 6461, 7131, -1,
          6555, 7121, 6549, -1,
          6555, 7123, 7121, -1,
          7136, 7011, 7012, -1,
          7136, 7012, 7134, -1,
          6564, 7125, 7123, -1,
          6564, 7123, 6555, -1,
          7127, 7125, 6564, -1,
          7138, 6495, 7011, -1,
          7138, 7011, 7136, -1,
          6571, 7127, 6564, -1,
          6571, 7128, 7127, -1,
          7141, 6495, 7138, -1,
          7140, 6495, 7141, -1,
          6496, 6495, 7140, -1,
          6600, 7130, 7128, -1,
          6600, 7132, 7130, -1,
          6600, 7128, 6571, -1,
          7143, 6496, 7140, -1,
          7145, 6497, 6496, -1,
          7145, 6496, 7143, -1,
          6613, 7133, 7132, -1,
          6613, 7132, 6600, -1,
          7135, 7133, 6613, -1,
          7147, 6497, 7145, -1,
          6504, 6497, 7147, -1,
          7150, 6504, 7147, -1,
          6511, 6504, 7150, -1,
          7149, 6511, 7150, -1,
          6612, 7135, 6613, -1,
          6612, 7137, 7135, -1,
          7157, 6511, 7149, -1,
          7157, 6582, 6511, -1,
          6635, 7139, 7137, -1,
          6635, 7137, 6612, -1,
          6583, 6582, 7157, -1,
          6583, 7157, 7154, -1,
          6634, 7139, 6635, -1,
          6634, 7142, 7139, -1,
          6584, 6583, 7154, -1,
          6584, 7154, 7153, -1,
          6633, 7142, 6634, -1,
          6633, 7144, 7142, -1,
          6585, 6584, 7153, -1,
          6586, 7153, 7152, -1,
          6586, 6585, 7153, -1,
          6641, 7144, 6633, -1,
          6641, 7146, 7144, -1,
          6587, 6586, 7152, -1,
          6587, 7152, 7151, -1,
          6645, 7146, 6641, -1,
          6645, 7148, 7146, -1,
          6588, 6587, 7151, -1,
          6588, 7151, 7155, -1,
          6709, 7148, 6645, -1,
          6709, 7156, 7148, -1,
          6708, 7156, 6709, -1,
          6708, 7159, 7156, -1,
          6596, 6588, 7155, -1,
          6596, 7155, 7158, -1,
          6607, 7159, 6708, -1,
          6607, 6596, 7158, -1,
          6607, 7158, 7159, -1,
          7160, 7161, 7162, -1,
          7163, 7161, 7160, -1,
          7164, 7165, 7163, -1,
          7164, 7163, 7160, -1,
          7166, 7165, 7164, -1,
          7167, 7168, 7166, -1,
          7167, 7166, 7164, -1,
          7169, 7168, 7167, -1,
          7170, 7168, 7169, -1,
          7171, 7170, 7169, -1,
          7172, 7171, 7169, -1,
          7173, 7172, 7169, -1,
          7174, 7175, 7176, -1,
          7177, 7176, 7178, -1,
          7177, 7178, 7179, -1,
          7177, 7174, 7176, -1,
          7180, 7179, 7181, -1,
          7180, 7177, 7179, -1,
          7182, 7181, 7183, -1,
          7182, 7183, 7184, -1,
          7182, 7184, 7185, -1,
          7182, 7185, 7186, -1,
          7182, 7186, 7173, -1,
          7182, 7173, 7169, -1,
          7182, 7180, 7181, -1,
          6677, 6619, 6620, -1,
          6670, 6617, 6619, -1,
          6670, 6619, 6677, -1,
          6678, 6677, 6620, -1,
          6678, 6625, 6630, -1,
          6678, 6620, 6625, -1,
          6662, 6617, 6670, -1,
          6662, 6616, 6617, -1,
          6683, 6678, 6630, -1,
          6683, 6630, 6636, -1,
          6661, 6614, 6616, -1,
          6661, 6616, 6662, -1,
          6684, 6683, 6636, -1,
          6684, 6636, 6646, -1,
          6658, 6614, 6661, -1,
          6658, 6610, 6614, -1,
          6690, 6684, 6646, -1,
          6690, 6651, 6654, -1,
          6690, 6646, 6651, -1,
          6657, 6610, 6658, -1,
          6657, 6608, 6610, -1,
          6657, 6611, 6608, -1,
          6693, 6690, 6654, -1,
          6693, 6654, 6663, -1,
          6674, 6693, 6663, -1,
          6699, 6693, 6674, -1,
          6643, 6611, 6657, -1,
          6685, 6699, 6674, -1,
          6702, 6699, 6685, -1,
          6688, 6722, 6702, -1,
          6688, 6702, 6685, -1,
          6695, 6724, 6722, -1,
          6695, 6722, 6688, -1,
          6730, 6724, 6695, -1,
          6700, 6733, 6730, -1,
          6700, 6730, 6695, -1,
          6725, 6734, 6733, -1,
          6725, 6733, 6700, -1,
          6704, 6734, 6725, -1,
          6647, 6632, 6642, -1,
          6640, 6632, 6647, -1,
          6737, 6705, 6704, -1,
          6737, 6704, 6725, -1,
          6703, 6705, 6737, -1,
          6650, 6640, 6647, -1,
          6652, 6640, 6650, -1,
          6653, 6644, 6640, -1,
          6653, 6640, 6652, -1,
          6656, 6644, 6653, -1,
          6742, 6720, 6703, -1,
          6742, 6703, 6737, -1,
          6710, 6644, 6656, -1,
          6660, 6710, 6656, -1,
          6669, 6710, 6660, -1,
          6711, 6710, 6669, -1,
          6781, 6728, 6720, -1,
          6781, 6720, 6742, -1,
          6676, 6711, 6669, -1,
          6712, 6711, 6676, -1,
          6682, 6712, 6676, -1,
          6780, 6735, 6728, -1,
          6780, 6728, 6781, -1,
          6713, 6712, 6682, -1,
          6714, 6713, 6682, -1,
          6779, 6732, 6735, -1,
          6779, 6735, 6780, -1,
          6715, 6682, 6689, -1,
          6715, 6714, 6682, -1,
          6808, 6729, 6732, -1,
          6808, 6732, 6779, -1,
          6716, 6715, 6689, -1,
          6717, 6716, 6689, -1,
          6807, 6723, 6729, -1,
          6807, 6729, 6808, -1,
          6718, 6689, 6692, -1,
          6718, 6717, 6689, -1,
          6806, 6721, 6723, -1,
          6806, 6701, 6721, -1,
          6806, 6723, 6807, -1,
          6719, 6692, 6696, -1,
          6719, 6718, 6692, -1,
          6805, 6698, 6701, -1,
          6805, 6701, 6806, -1,
          6736, 6719, 6696, -1,
          6740, 6696, 6698, -1,
          6740, 6698, 6805, -1,
          6740, 6736, 6696, -1,
          7187, 7188, 7189, -1,
          7190, 7187, 7189, -1,
          7191, 7192, 7187, -1,
          7193, 7191, 7187, -1,
          7194, 7187, 7190, -1,
          7194, 7193, 7187, -1,
          7187, 7195, 7188, -1,
          7165, 6754, 6756, -1,
          7163, 6756, 6759, -1,
          7163, 7165, 6756, -1,
          7166, 6747, 6754, -1,
          7166, 6754, 7165, -1,
          7161, 7163, 6759, -1,
          7161, 6769, 6772, -1,
          7161, 6767, 6769, -1,
          7161, 6759, 6767, -1,
          7168, 6747, 7166, -1,
          7162, 6772, 6782, -1,
          7162, 7161, 6772, -1,
          7170, 6747, 7168, -1,
          7170, 6750, 6747, -1,
          7160, 7162, 6782, -1,
          7171, 6750, 7170, -1,
          7171, 6752, 6750, -1,
          7172, 6752, 7171, -1,
          7172, 6755, 6752, -1,
          7164, 7160, 6782, -1,
          7164, 6782, 6798, -1,
          7173, 6755, 7172, -1,
          7173, 6758, 6755, -1,
          7186, 6758, 7173, -1,
          7186, 6760, 6758, -1,
          7167, 7164, 6798, -1,
          7167, 6798, 6812, -1,
          7185, 6760, 7186, -1,
          7184, 6777, 6760, -1,
          7184, 6760, 7185, -1,
          7169, 6812, 6815, -1,
          7169, 7167, 6812, -1,
          7183, 6778, 6777, -1,
          7183, 6777, 7184, -1,
          7181, 6787, 6778, -1,
          7181, 6778, 7183, -1,
          7179, 6787, 7181, -1,
          7178, 6788, 6787, -1,
          7178, 6787, 7179, -1,
          6790, 6788, 7178, -1,
          7176, 6790, 7178, -1,
          6791, 6790, 7176, -1,
          7175, 6791, 7176, -1,
          6793, 6791, 7175, -1,
          6795, 6793, 7175, -1,
          6797, 7175, 7174, -1,
          6797, 6795, 7175, -1,
          7182, 7169, 6815, -1,
          6828, 6827, 6797, -1,
          6826, 6796, 6797, -1,
          6826, 6797, 6827, -1,
          6829, 6797, 7174, -1,
          6829, 6828, 6797, -1,
          6825, 6792, 6794, -1,
          6825, 6794, 6796, -1,
          6825, 6796, 6826, -1,
          6830, 7174, 7177, -1,
          6830, 6829, 7174, -1,
          6831, 7177, 7180, -1,
          6831, 6830, 7177, -1,
          6824, 6789, 6792, -1,
          6824, 6786, 6789, -1,
          6824, 6792, 6825, -1,
          6832, 6831, 7180, -1,
          6833, 6832, 7180, -1,
          6833, 7180, 7182, -1,
          6834, 6833, 7182, -1,
          6823, 6786, 6824, -1,
          6776, 6786, 6823, -1,
          6802, 6776, 6823, -1,
          6803, 6802, 6823, -1,
          6804, 6803, 6823, -1,
          6851, 6850, 6834, -1,
          6852, 6851, 6834, -1,
          6822, 6834, 6850, -1,
          6815, 6852, 6834, -1,
          6815, 6834, 7182, -1,
          7196, 7197, 7198, -1,
          7196, 7198, 7199, -1,
          7196, 7199, 7200, -1,
          7201, 7202, 7197, -1,
          7201, 7197, 7196, -1,
          7203, 7204, 7202, -1,
          7203, 7202, 7201, -1,
          7205, 7206, 7204, -1,
          7205, 7204, 7203, -1,
          7207, 7206, 7205, -1,
          7208, 7207, 7205, -1,
          7209, 7208, 7205, -1,
          7210, 7209, 7205, -1,
          7211, 7212, 7213, -1,
          7211, 7213, 7214, -1,
          7215, 7214, 7216, -1,
          7215, 7216, 7217, -1,
          7215, 7211, 7214, -1,
          7218, 7217, 7219, -1,
          7218, 7215, 7217, -1,
          7220, 7219, 7221, -1,
          7220, 7221, 7222, -1,
          7220, 7222, 7223, -1,
          7220, 7223, 7224, -1,
          7220, 7224, 7210, -1,
          7220, 7210, 7205, -1,
          7220, 7218, 7219, -1,
          7225, 7226, 7227, -1,
          7225, 7227, 7228, -1,
          7225, 7228, 7229, -1,
          7230, 7231, 7226, -1,
          7230, 7226, 7225, -1,
          7232, 7231, 7230, -1,
          7233, 7231, 7232, -1,
          7234, 7233, 7232, -1,
          7235, 7233, 7234, -1,
          7236, 7235, 7234, -1,
          7237, 7236, 7234, -1,
          7238, 7237, 7234, -1,
          7239, 7240, 7241, -1,
          7239, 7241, 7242, -1,
          7239, 7242, 7243, -1,
          7244, 7243, 7245, -1,
          7244, 7239, 7243, -1,
          7246, 7245, 7247, -1,
          7246, 7244, 7245, -1,
          7248, 7247, 7249, -1,
          7248, 7249, 7250, -1,
          7248, 7250, 7251, -1,
          7248, 7251, 7252, -1,
          7248, 7252, 7238, -1,
          7248, 7238, 7234, -1,
          7248, 7246, 7247, -1,
          7195, 6835, 6837, -1,
          7195, 6837, 6839, -1,
          7195, 6839, 6844, -1,
          7188, 7195, 6844, -1,
          7189, 7188, 6844, -1,
          7187, 6835, 7195, -1,
          7190, 7189, 6844, -1,
          6857, 7192, 7191, -1,
          6857, 7191, 7193, -1,
          6857, 6858, 7192, -1,
          6875, 7193, 7194, -1,
          6875, 6857, 7193, -1,
          6853, 7192, 6858, -1,
          6854, 6853, 6858, -1,
          6876, 6875, 7194, -1,
          6855, 6854, 6858, -1,
          6856, 6855, 6858, -1,
          6916, 6874, 6876, -1,
          6917, 6916, 6876, -1,
          6895, 6876, 7194, -1,
          6895, 6917, 6876, -1,
          6853, 6835, 7187, -1,
          6853, 7187, 7192, -1,
          6844, 6895, 7190, -1,
          7190, 6895, 7194, -1,
          7253, 7254, 7255, -1,
          7253, 7255, 7256, -1,
          7253, 7256, 7257, -1,
          7258, 7259, 7254, -1,
          7258, 7254, 7253, -1,
          7260, 7261, 7259, -1,
          7260, 7259, 7258, -1,
          7262, 7263, 7261, -1,
          7262, 7261, 7260, -1,
          7264, 7263, 7262, -1,
          7265, 7264, 7262, -1,
          7266, 7265, 7262, -1,
          7267, 7266, 7262, -1,
          7268, 7269, 7270, -1,
          7268, 7270, 7271, -1,
          7272, 7271, 7273, -1,
          7272, 7273, 7274, -1,
          7272, 7268, 7271, -1,
          7275, 7274, 7276, -1,
          7275, 7272, 7274, -1,
          7277, 7276, 7278, -1,
          7277, 7278, 7279, -1,
          7277, 7279, 7280, -1,
          7277, 7280, 7281, -1,
          7277, 7281, 7267, -1,
          7277, 7267, 7262, -1,
          7277, 7275, 7276, -1,
          7282, 7283, 7284, -1,
          7282, 7284, 7285, -1,
          7282, 7285, 7286, -1,
          7287, 7288, 7283, -1,
          7287, 7283, 7282, -1,
          7289, 7288, 7287, -1,
          7290, 7288, 7289, -1,
          7291, 7290, 7289, -1,
          7292, 7290, 7291, -1,
          7293, 7292, 7291, -1,
          7294, 7293, 7291, -1,
          7295, 7294, 7291, -1,
          7296, 7297, 7298, -1,
          7296, 7298, 7299, -1,
          7296, 7299, 7300, -1,
          7301, 7300, 7302, -1,
          7301, 7296, 7300, -1,
          7303, 7302, 7304, -1,
          7303, 7301, 7302, -1,
          7305, 7304, 7306, -1,
          7305, 7306, 7307, -1,
          7305, 7307, 7308, -1,
          7305, 7308, 7309, -1,
          7305, 7309, 7295, -1,
          7305, 7295, 7291, -1,
          7305, 7303, 7304, -1,
          7226, 6868, 6870, -1,
          7227, 7226, 6870, -1,
          7227, 6870, 6871, -1,
          7231, 6868, 7226, -1,
          7231, 6864, 6868, -1,
          7228, 6872, 6877, -1,
          7228, 6871, 6872, -1,
          7228, 7227, 6871, -1,
          7233, 6864, 7231, -1,
          7233, 6863, 6864, -1,
          7235, 6863, 7233, -1,
          7235, 6861, 6863, -1,
          7229, 7228, 6877, -1,
          7229, 6888, 6899, -1,
          7229, 6877, 6888, -1,
          7236, 6867, 6861, -1,
          7236, 6861, 7235, -1,
          7225, 6899, 6905, -1,
          7225, 7229, 6899, -1,
          7237, 6869, 6867, -1,
          7237, 6867, 7236, -1,
          7230, 7225, 6905, -1,
          7238, 6879, 6869, -1,
          7238, 6869, 7237, -1,
          7232, 6905, 6913, -1,
          7232, 7230, 6905, -1,
          7252, 6880, 6879, -1,
          7252, 6879, 7238, -1,
          7251, 6880, 7252, -1,
          7234, 7232, 6913, -1,
          7234, 6913, 6925, -1,
          7250, 6885, 6880, -1,
          7250, 6880, 7251, -1,
          7249, 6887, 6885, -1,
          7249, 6885, 7250, -1,
          7247, 6891, 6887, -1,
          7247, 6887, 7249, -1,
          7245, 6891, 7247, -1,
          6892, 6891, 7245, -1,
          7243, 6892, 7245, -1,
          6894, 6892, 7243, -1,
          7242, 6894, 7243, -1,
          6901, 7242, 7241, -1,
          6901, 6894, 7242, -1,
          7240, 6901, 7241, -1,
          7197, 6890, 6893, -1,
          7202, 6890, 7197, -1,
          7202, 6886, 6890, -1,
          7198, 6893, 6901, -1,
          7198, 7197, 6893, -1,
          7204, 6884, 6886, -1,
          7204, 6883, 6884, -1,
          7204, 6886, 7202, -1,
          7199, 7198, 6901, -1,
          7206, 6883, 7204, -1,
          7206, 6878, 6883, -1,
          7200, 6901, 7240, -1,
          7200, 7199, 6901, -1,
          7207, 6881, 6878, -1,
          7207, 6878, 7206, -1,
          7248, 7234, 6925, -1,
          7196, 7240, 7239, -1,
          7196, 7200, 7240, -1,
          7208, 6882, 6881, -1,
          7208, 7010, 6882, -1,
          7208, 6881, 7207, -1,
          7209, 7009, 7010, -1,
          7209, 7010, 7208, -1,
          7201, 7239, 7244, -1,
          7201, 7196, 7239, -1,
          7210, 7008, 7009, -1,
          7210, 7009, 7209, -1,
          7203, 7244, 7246, -1,
          7203, 7201, 7244, -1,
          7224, 6896, 7008, -1,
          7224, 7008, 7210, -1,
          7223, 6897, 6896, -1,
          7223, 6896, 7224, -1,
          7205, 7246, 7248, -1,
          7205, 7203, 7246, -1,
          7222, 6897, 7223, -1,
          7221, 6898, 6897, -1,
          7221, 6897, 7222, -1,
          7219, 6902, 6898, -1,
          7219, 6898, 7221, -1,
          7217, 6902, 7219, -1,
          7216, 6903, 6902, -1,
          7216, 6902, 7217, -1,
          7214, 6903, 7216, -1,
          6904, 6903, 7214, -1,
          6918, 7214, 7213, -1,
          6918, 6904, 7214, -1,
          6919, 6918, 7213, -1,
          6920, 6919, 7213, -1,
          6921, 6920, 7213, -1,
          6921, 7213, 7212, -1,
          6923, 6921, 7212, -1,
          6923, 7212, 7211, -1,
          6926, 6923, 7211, -1,
          6926, 7211, 7215, -1,
          6928, 6926, 7215, -1,
          6928, 7215, 7218, -1,
          6973, 6928, 7218, -1,
          6973, 7218, 7220, -1,
          6950, 6973, 7220, -1,
          6950, 7220, 7205, -1,
          6925, 6950, 7205, -1,
          6925, 7205, 7248, -1,
          7310, 7311, 7312, -1,
          7313, 7314, 7311, -1,
          7313, 7311, 7310, -1,
          7315, 7316, 7314, -1,
          7315, 7314, 7313, -1,
          7317, 7318, 7316, -1,
          7317, 7316, 7315, -1,
          7319, 7318, 7317, -1,
          7320, 7318, 7319, -1,
          7321, 7318, 7320, -1,
          7322, 7318, 7321, -1,
          7323, 7322, 7321, -1,
          7324, 7325, 7322, -1,
          7324, 7322, 7323, -1,
          7326, 7325, 7324, -1,
          7327, 7328, 7325, -1,
          7327, 7325, 7326, -1,
          7329, 7328, 7327, -1,
          7330, 7331, 7328, -1,
          7330, 7328, 7329, -1,
          7332, 7333, 7331, -1,
          7332, 7331, 7330, -1,
          7334, 7335, 7333, -1,
          7334, 7333, 7332, -1,
          7336, 7335, 7334, -1,
          7337, 7338, 7339, -1,
          7337, 7339, 7340, -1,
          7341, 7342, 7338, -1,
          7341, 7338, 7337, -1,
          7343, 7344, 7342, -1,
          7343, 7342, 7341, -1,
          7345, 7346, 7347, -1,
          7345, 7347, 7344, -1,
          7345, 7344, 7343, -1,
          7348, 7349, 7350, -1,
          7348, 7350, 7346, -1,
          7348, 7346, 7345, -1,
          7351, 7352, 7353, -1,
          7351, 7353, 7349, -1,
          7351, 7349, 7348, -1,
          7354, 7355, 7356, -1,
          7354, 7356, 7352, -1,
          7354, 7352, 7351, -1,
          7357, 7358, 7359, -1,
          7357, 7359, 7355, -1,
          7357, 7355, 7354, -1,
          7360, 7361, 7358, -1,
          7360, 7358, 7357, -1,
          7362, 7363, 7361, -1,
          7362, 7361, 7360, -1,
          7364, 7365, 7366, -1,
          7364, 7366, 7363, -1,
          7364, 7363, 7362, -1,
          7283, 6937, 6936, -1,
          7284, 7283, 6936, -1,
          7284, 6936, 6940, -1,
          7288, 6937, 7283, -1,
          7288, 6933, 6937, -1,
          7285, 6941, 6943, -1,
          7285, 6940, 6941, -1,
          7285, 7284, 6940, -1,
          7290, 6933, 7288, -1,
          7290, 6932, 6933, -1,
          7292, 6932, 7290, -1,
          7292, 6930, 6932, -1,
          7286, 7285, 6943, -1,
          7286, 6957, 6966, -1,
          7286, 6943, 6957, -1,
          7293, 6934, 6930, -1,
          7293, 6930, 7292, -1,
          7282, 6966, 6969, -1,
          7282, 7286, 6966, -1,
          7294, 6935, 6934, -1,
          7294, 6934, 7293, -1,
          7287, 7282, 6969, -1,
          7295, 6939, 6935, -1,
          7295, 6935, 7294, -1,
          7289, 6969, 6970, -1,
          7289, 7287, 6969, -1,
          7309, 6946, 6939, -1,
          7309, 6939, 7295, -1,
          7308, 6946, 7309, -1,
          7291, 7289, 6970, -1,
          7291, 6970, 6971, -1,
          7307, 6952, 6946, -1,
          7307, 6946, 7308, -1,
          7306, 6956, 6952, -1,
          7306, 6952, 7307, -1,
          7304, 6960, 6956, -1,
          7304, 6956, 7306, -1,
          7302, 6960, 7304, -1,
          6961, 6960, 7302, -1,
          7300, 6961, 7302, -1,
          6964, 6961, 7300, -1,
          7299, 6964, 7300, -1,
          6967, 7299, 7298, -1,
          6967, 6964, 7299, -1,
          7297, 6967, 7298, -1,
          7254, 6959, 6963, -1,
          7259, 6959, 7254, -1,
          7259, 6955, 6959, -1,
          7255, 6963, 6967, -1,
          7255, 7254, 6963, -1,
          7261, 6951, 6955, -1,
          7261, 6948, 6951, -1,
          7261, 6955, 7259, -1,
          7256, 7255, 6967, -1,
          7263, 6948, 7261, -1,
          7263, 6944, 6948, -1,
          7257, 6967, 7297, -1,
          7257, 7256, 6967, -1,
          7264, 6945, 6944, -1,
          7264, 6944, 7263, -1,
          7305, 7291, 6971, -1,
          7253, 7297, 7296, -1,
          7253, 7257, 7297, -1,
          7265, 6947, 6945, -1,
          7265, 6949, 6947, -1,
          7265, 6945, 7264, -1,
          7266, 6953, 6949, -1,
          7266, 6949, 7265, -1,
          7258, 7296, 7301, -1,
          7258, 7253, 7296, -1,
          7267, 6954, 6953, -1,
          7267, 6953, 7266, -1,
          7260, 7301, 7303, -1,
          7260, 7258, 7301, -1,
          7281, 6958, 6954, -1,
          7281, 6954, 7267, -1,
          7280, 6962, 6958, -1,
          7280, 6958, 7281, -1,
          7262, 7303, 7305, -1,
          7262, 7260, 7303, -1,
          7279, 6962, 7280, -1,
          7278, 6965, 6962, -1,
          7278, 6962, 7279, -1,
          7276, 6968, 6965, -1,
          7276, 6965, 7278, -1,
          7274, 6968, 7276, -1,
          7273, 6974, 6968, -1,
          7273, 6968, 7274, -1,
          7271, 6974, 7273, -1,
          6975, 6974, 7271, -1,
          6976, 7271, 7270, -1,
          6976, 6975, 7271, -1,
          6977, 6976, 7270, -1,
          6978, 6977, 7270, -1,
          6979, 6978, 7270, -1,
          6979, 7270, 7269, -1,
          6980, 6979, 7269, -1,
          6980, 7269, 7268, -1,
          6981, 6980, 7268, -1,
          6981, 7268, 7272, -1,
          6982, 6981, 7272, -1,
          6982, 7272, 7275, -1,
          6983, 6982, 7275, -1,
          6983, 7275, 7277, -1,
          6984, 6983, 7277, -1,
          6984, 7277, 7262, -1,
          6971, 6984, 7262, -1,
          6971, 7262, 7305, -1,
          4933, 4921, 4932, -1,
          4934, 4921, 4933, -1,
          4934, 4920, 4921, -1,
          4934, 4919, 4920, -1,
          4935, 4919, 4934, -1,
          4935, 4918, 4919, -1,
          4936, 4918, 4935, -1,
          4936, 4917, 4918, -1,
          4936, 4915, 4917, -1,
          7338, 4909, 4913, -1,
          7338, 4913, 7339, -1,
          7340, 4913, 4915, -1,
          7340, 7339, 4913, -1,
          7342, 4909, 7338, -1,
          4941, 4915, 4936, -1,
          4941, 7340, 4915, -1,
          7337, 7340, 4941, -1,
          7344, 4910, 4909, -1,
          7344, 4909, 7342, -1,
          7347, 4911, 4910, -1,
          7347, 4910, 7344, -1,
          4951, 4945, 4950, -1,
          7346, 4912, 4911, -1,
          7346, 4911, 7347, -1,
          4939, 7341, 7337, -1,
          4939, 7343, 7341, -1,
          4939, 7337, 4941, -1,
          4954, 4944, 4945, -1,
          4954, 4945, 4951, -1,
          7350, 4912, 7346, -1,
          4955, 4943, 4944, -1,
          4955, 4944, 4954, -1,
          4914, 4912, 7350, -1,
          4956, 4943, 4955, -1,
          4956, 4942, 4943, -1,
          7349, 4914, 7350, -1,
          4916, 4914, 7349, -1,
          4957, 4942, 4956, -1,
          7353, 4916, 7349, -1,
          7311, 4937, 4940, -1,
          7312, 4942, 4957, -1,
          7312, 4940, 4942, -1,
          7312, 7311, 4940, -1,
          7348, 7345, 4938, -1,
          7314, 4937, 7311, -1,
          4958, 7312, 4957, -1,
          7310, 7312, 4958, -1,
          7316, 4938, 4937, -1,
          7316, 4937, 7314, -1,
          7352, 4916, 7353, -1,
          4922, 4916, 7352, -1,
          7318, 4938, 7316, -1,
          7318, 7348, 4938, -1,
          4959, 7310, 4958, -1,
          4959, 7313, 7310, -1,
          4959, 7315, 7313, -1,
          7356, 4922, 7352, -1,
          5012, 7315, 4959, -1,
          5012, 7317, 7315, -1,
          5012, 7319, 7317, -1,
          7355, 4922, 7356, -1,
          4923, 4922, 7355, -1,
          7322, 7351, 7348, -1,
          7322, 7348, 7318, -1,
          7359, 4923, 7355, -1,
          5011, 7319, 5012, -1,
          5011, 7320, 7319, -1,
          5011, 7321, 7320, -1,
          7358, 4924, 4923, -1,
          7358, 4923, 7359, -1,
          7325, 7354, 7351, -1,
          7325, 7351, 7322, -1,
          7361, 4925, 4924, -1,
          7361, 4924, 7358, -1,
          4949, 7357, 7354, -1,
          4949, 7354, 7325, -1,
          7363, 4925, 7361, -1,
          7366, 4925, 7363, -1,
          5010, 7321, 5011, -1,
          5010, 7323, 7321, -1,
          4926, 4925, 7366, -1,
          7365, 4926, 7366, -1,
          7328, 4949, 7325, -1,
          5015, 7323, 5010, -1,
          5015, 7324, 7323, -1,
          5014, 7324, 5015, -1,
          5014, 7326, 7324, -1,
          7327, 7326, 5014, -1,
          4948, 7362, 7360, -1,
          4948, 7364, 7362, -1,
          4948, 7360, 7357, -1,
          7331, 4949, 7328, -1,
          4946, 4949, 7331, -1,
          4946, 7331, 7333, -1,
          7335, 4946, 7333, -1,
          4947, 4926, 7365, -1,
          4947, 7365, 7364, -1,
          4947, 7364, 4948, -1,
          7336, 4946, 7335, -1,
          5029, 7327, 5014, -1,
          5029, 7329, 7327, -1,
          5029, 7330, 7329, -1,
          4962, 4926, 4947, -1,
          4962, 4927, 4926, -1,
          4962, 4928, 4927, -1,
          4961, 4928, 4962, -1,
          4961, 4929, 4928, -1,
          5006, 7330, 5029, -1,
          5006, 7332, 7330, -1,
          5006, 7334, 7332, -1,
          4953, 4946, 7336, -1,
          4965, 4929, 4961, -1,
          4965, 4930, 4929, -1,
          4964, 4968, 4931, -1,
          4964, 4931, 4930, -1,
          4964, 4930, 4965, -1,
          5003, 7334, 5006, -1,
          5003, 7336, 7334, -1,
          4998, 4953, 7336, -1,
          4998, 7336, 5003, -1,
          4989, 4970, 4953, -1,
          4989, 4953, 4998, -1,
          4988, 4974, 4970, -1,
          4988, 4970, 4989, -1,
          4982, 4977, 4974, -1,
          4982, 4974, 4988, -1,
          4980, 4978, 4977, -1,
          4980, 4977, 4982, -1,
          4949, 4948, 7357, -1,
          4939, 4938, 7345, -1,
          4939, 7345, 7343, -1,
          5046, 5019, 5025, -1,
          5046, 5025, 5027, -1,
          5046, 5027, 5030, -1,
          5046, 5030, 5034, -1,
          5045, 5019, 5046, -1,
          7007, 5018, 5019, -1,
          5079, 5018, 7007, -1,
          5078, 5013, 5009, -1,
          5078, 5009, 5018, -1,
          5078, 5018, 5079, -1,
          5088, 5019, 5045, -1,
          5088, 7007, 5019, -1,
          5059, 5088, 5045, -1,
          5089, 5088, 5059, -1,
          5069, 5089, 5059, -1,
          5090, 5089, 5069, -1,
          5088, 5087, 5094, -1,
          5088, 5094, 7007, -1,
          5076, 7007, 5093, -1,
          5093, 7007, 5094, -1,
          5156, 5140, 5151, -1,
          5167, 5140, 5156, -1,
          5167, 5139, 5140, -1,
          5167, 5138, 5139, -1,
          5167, 5156, 5161, -1,
          5172, 5138, 5167, -1,
          5172, 5135, 5138, -1,
          5158, 5127, 5128, -1,
          5160, 5158, 5128, -1,
          5160, 5131, 5132, -1,
          5160, 5128, 5131, -1,
          5162, 5135, 5172, -1,
          5162, 5160, 5132, -1,
          5162, 5132, 5135, -1,
          5155, 5127, 5158, -1,
          5165, 5162, 5172, -1,
          5165, 5172, 5189, -1,
          5153, 5127, 5155, -1,
          5153, 5126, 5127, -1,
          5146, 5126, 5153, -1,
          5146, 5130, 5126, -1,
          5183, 5181, 5165, -1,
          5183, 5165, 5189, -1,
          5145, 5130, 5146, -1,
          5205, 5181, 5183, -1,
          5144, 5130, 5145, -1,
          5144, 5133, 5130, -1,
          5226, 5214, 5217, -1,
          5143, 5133, 5144, -1,
          5230, 5214, 5226, -1,
          5230, 5211, 5214, -1,
          5246, 5211, 5230, -1,
          5246, 5202, 5211, -1,
          5246, 5193, 5202, -1,
          5152, 5136, 5133, -1,
          5152, 5133, 5143, -1,
          5182, 5207, 5206, -1,
          5208, 5207, 5182, -1,
          5245, 5193, 5246, -1,
          5209, 5208, 5182, -1,
          5154, 5136, 5152, -1,
          5227, 5185, 5186, -1,
          5227, 5184, 5185, -1,
          5225, 5184, 5227, -1,
          5229, 5227, 5186, -1,
          5229, 5186, 5188, -1,
          5224, 5184, 5225, -1,
          5224, 5182, 5184, -1,
          5233, 5188, 5193, -1,
          5233, 5245, 5244, -1,
          5233, 5229, 5188, -1,
          5233, 5193, 5245, -1,
          5223, 5182, 5224, -1,
          5242, 5233, 5244, -1,
          5220, 5182, 5223, -1,
          5220, 5209, 5182, -1,
          5247, 5272, 5242, -1,
          5247, 5242, 5244, -1,
          5219, 5209, 5220, -1,
          5219, 5197, 5209, -1,
          5218, 5197, 5219, -1,
          5218, 5198, 5197, -1,
          5256, 5273, 5272, -1,
          5256, 5274, 5273, -1,
          5256, 5272, 5247, -1,
          5268, 5274, 5256, -1,
          5222, 5196, 5198, -1,
          5222, 5198, 5218, -1,
          5263, 5268, 5256, -1,
          5204, 5196, 5222, -1,
          5264, 5263, 5256, -1,
          5265, 5256, 5269, -1,
          5265, 5264, 5256, -1,
          5262, 5265, 5269, -1,
          5163, 5136, 5154, -1,
          5195, 5163, 5154, -1,
          5201, 5195, 5154, -1,
          5250, 5232, 5204, -1,
          5259, 5250, 5204, -1,
          5306, 5280, 5271, -1,
          5308, 5306, 5271, -1,
          5290, 5308, 5271, -1,
          5222, 5241, 5259, -1,
          5222, 5259, 5204, -1,
          5154, 5180, 5201, -1,
          5183, 5182, 5206, -1,
          5183, 5206, 5205, -1,
          5256, 5243, 5255, -1,
          5256, 5255, 5260, -1,
          5256, 5260, 5269, -1,
          5269, 5290, 5271, -1,
          5269, 5271, 5267, -1,
          5269, 5267, 5262, -1,
          5321, 5303, 5315, -1,
          5332, 5303, 5321, -1,
          5332, 5298, 5303, -1,
          5332, 5291, 5298, -1,
          5332, 5321, 5324, -1,
          5334, 5291, 5332, -1,
          5334, 5288, 5291, -1,
          5322, 5282, 5283, -1,
          5323, 5322, 5283, -1,
          5323, 5285, 5286, -1,
          5323, 5283, 5285, -1,
          5326, 5288, 5334, -1,
          5326, 5323, 5286, -1,
          5326, 5286, 5288, -1,
          5320, 5282, 5322, -1,
          5331, 5326, 5334, -1,
          5331, 5334, 5354, -1,
          5317, 5282, 5320, -1,
          5317, 5281, 5282, -1,
          5314, 5281, 5317, -1,
          5314, 5284, 5281, -1,
          5349, 5343, 5331, -1,
          5349, 5331, 5354, -1,
          5313, 5284, 5314, -1,
          5362, 5343, 5349, -1,
          5312, 5284, 5313, -1,
          5312, 5287, 5284, -1,
          5386, 5369, 5387, -1,
          5311, 5287, 5312, -1,
          5385, 5369, 5386, -1,
          5385, 5367, 5369, -1,
          5404, 5367, 5385, -1,
          5404, 5360, 5367, -1,
          5404, 5355, 5360, -1,
          5316, 5289, 5287, -1,
          5316, 5287, 5311, -1,
          5348, 5364, 5363, -1,
          5365, 5364, 5348, -1,
          5411, 5355, 5404, -1,
          5366, 5365, 5348, -1,
          5319, 5289, 5316, -1,
          5379, 5351, 5352, -1,
          5379, 5350, 5351, -1,
          5377, 5350, 5379, -1,
          5380, 5379, 5352, -1,
          5380, 5352, 5353, -1,
          5376, 5350, 5377, -1,
          5376, 5348, 5350, -1,
          5383, 5353, 5355, -1,
          5383, 5411, 5410, -1,
          5383, 5380, 5353, -1,
          5383, 5355, 5411, -1,
          5375, 5348, 5376, -1,
          5408, 5383, 5410, -1,
          5373, 5348, 5375, -1,
          5373, 5366, 5348, -1,
          5414, 5436, 5408, -1,
          5414, 5408, 5410, -1,
          5372, 5366, 5373, -1,
          5372, 5357, 5366, -1,
          5371, 5357, 5372, -1,
          5371, 5358, 5357, -1,
          5418, 5437, 5436, -1,
          5418, 5438, 5437, -1,
          5418, 5436, 5414, -1,
          5433, 5438, 5418, -1,
          5374, 5356, 5358, -1,
          5374, 5358, 5371, -1,
          5428, 5433, 5418, -1,
          5361, 5356, 5374, -1,
          5429, 5428, 5418, -1,
          5430, 5418, 5434, -1,
          5430, 5429, 5418, -1,
          5427, 5430, 5434, -1,
          5327, 5289, 5319, -1,
          5345, 5327, 5319, -1,
          5347, 5345, 5319, -1,
          5421, 5381, 5361, -1,
          5422, 5421, 5361, -1,
          5528, 5454, 5435, -1,
          5529, 5528, 5435, -1,
          5477, 5529, 5435, -1,
          5374, 5407, 5422, -1,
          5374, 5422, 5361, -1,
          5319, 5342, 5347, -1,
          5349, 5348, 5363, -1,
          5349, 5363, 5362, -1,
          5418, 5409, 5417, -1,
          5418, 5417, 5424, -1,
          5418, 5424, 5434, -1,
          5434, 5477, 5435, -1,
          5434, 5435, 5432, -1,
          5434, 5432, 5427, -1,
          5475, 5453, 5451, -1,
          5475, 5451, 5458, -1,
          5486, 5475, 5458, -1,
          5486, 5458, 5482, -1,
          5505, 5486, 5482, -1,
          5505, 5482, 5511, -1,
          5517, 5465, 5468, -1,
          5517, 5514, 5465, -1,
          5510, 5463, 5465, -1,
          5510, 5465, 5514, -1,
          5521, 5517, 5468, -1,
          5521, 5474, 5478, -1,
          5521, 5468, 5474, -1,
          5507, 5463, 5510, -1,
          5507, 5460, 5463, -1,
          5524, 5485, 5493, -1,
          5524, 5481, 5485, -1,
          5524, 5478, 5481, -1,
          5524, 5493, 5503, -1,
          5524, 5521, 5478, -1,
          5502, 5461, 5460, -1,
          5502, 5460, 5507, -1,
          5526, 5515, 5519, -1,
          5526, 5508, 5515, -1,
          5526, 5503, 5508, -1,
          5526, 5524, 5503, -1,
          5497, 5461, 5502, -1,
          5497, 5462, 5461, -1,
          5522, 5505, 5511, -1,
          5531, 5519, 5522, -1,
          5531, 5526, 5519, -1,
          5489, 5462, 5497, -1,
          5544, 5531, 5522, -1,
          5488, 5464, 5462, -1,
          5488, 5462, 5489, -1,
          5546, 5544, 5522, -1,
          5552, 5546, 5522, -1,
          5487, 5467, 5464, -1,
          5487, 5464, 5488, -1,
          5492, 5476, 5467, -1,
          5492, 5467, 5487, -1,
          5496, 5476, 5492, -1,
          5495, 5480, 5476, -1,
          5495, 5476, 5496, -1,
          5563, 5522, 5511, -1,
          5563, 5556, 5552, -1,
          5563, 5557, 5556, -1,
          5563, 5558, 5557, -1,
          5563, 5552, 5522, -1,
          5501, 5480, 5495, -1,
          5504, 5484, 5480, -1,
          5504, 5480, 5501, -1,
          5506, 5484, 5504, -1,
          5509, 5491, 5484, -1,
          5509, 5484, 5506, -1,
          5513, 5494, 5491, -1,
          5513, 5491, 5509, -1,
          5516, 5494, 5513, -1,
          5516, 5534, 5494, -1,
          5520, 5534, 5516, -1,
          5565, 5534, 5520, -1,
          5523, 5565, 5520, -1,
          5568, 5560, 5555, -1,
          5566, 5565, 5523, -1,
          5622, 5560, 5568, -1,
          5596, 5560, 5622, -1,
          5596, 5561, 5560, -1,
          5572, 5566, 5523, -1,
          5572, 5523, 5525, -1,
          5595, 5561, 5596, -1,
          5595, 5559, 5561, -1,
          5573, 5572, 5525, -1,
          5594, 5559, 5595, -1,
          5594, 5554, 5559, -1,
          5581, 5573, 5525, -1,
          5593, 5554, 5594, -1,
          5593, 5551, 5554, -1,
          5593, 5545, 5551, -1,
          5586, 5545, 5593, -1,
          5586, 5543, 5545, -1,
          5582, 5581, 5525, -1,
          5582, 5525, 5530, -1,
          5585, 5543, 5586, -1,
          5583, 5582, 5530, -1,
          5583, 5530, 5532, -1,
          5584, 5543, 5585, -1,
          5584, 5583, 5532, -1,
          5584, 5532, 5543, -1,
          5562, 5547, 5575, -1,
          7006, 5562, 5575, -1,
          5603, 5575, 5597, -1,
          5603, 7006, 5575, -1,
          5578, 5562, 7006, -1,
          5602, 5578, 7006, -1,
          5620, 5597, 5632, -1,
          5620, 5603, 5597, -1,
          5643, 5620, 5632, -1,
          5601, 5578, 5602, -1,
          5591, 5578, 5601, -1,
          5619, 5591, 5601, -1,
          5623, 5591, 5619, -1,
          5642, 5623, 5619, -1,
          5650, 5623, 5642, -1,
          5662, 5651, 5650, -1,
          5662, 5650, 5642, -1,
          5658, 5652, 5651, -1,
          5717, 5658, 5651, -1,
          5714, 5651, 5662, -1,
          5714, 5717, 5651, -1,
          5733, 5713, 5707, -1,
          5733, 5707, 5727, -1,
          5793, 5727, 5738, -1,
          5793, 5733, 5727, -1,
          5777, 5738, 5757, -1,
          5777, 5793, 5738, -1,
          5723, 5679, 5672, -1,
          5723, 5672, 5718, -1,
          5739, 5718, 5735, -1,
          5739, 5723, 5718, -1,
          5758, 5735, 5750, -1,
          5758, 5739, 5735, -1,
          5756, 5751, 5740, -1,
          5756, 5749, 5752, -1,
          5756, 5740, 5749, -1,
          5760, 5767, 5781, -1,
          5760, 5768, 5767, -1,
          5760, 5769, 5768, -1,
          5760, 5754, 5769, -1,
          5760, 5752, 5754, -1,
          5760, 5756, 5752, -1,
          5761, 5760, 5781, -1,
          5784, 5761, 5781, -1,
          5771, 5761, 5784, -1,
          5787, 5772, 5771, -1,
          5787, 5771, 5784, -1,
          5788, 5773, 5772, -1,
          5788, 5772, 5787, -1,
          5790, 5774, 5773, -1,
          5790, 5773, 5788, -1,
          5803, 5776, 5774, -1,
          5803, 5775, 5776, -1,
          5803, 5774, 5790, -1,
          5802, 5782, 5775, -1,
          5802, 5775, 5803, -1,
          5801, 5785, 5782, -1,
          5801, 5782, 5802, -1,
          5778, 5762, 5755, -1,
          5778, 5755, 5759, -1,
          5831, 5778, 5759, -1,
          5831, 5759, 5770, -1,
          5832, 5785, 5801, -1,
          5832, 5770, 5785, -1,
          5832, 5831, 5770, -1,
          5852, 5832, 5801, -1,
          5853, 5852, 5801, -1,
          5853, 5801, 5800, -1,
          5854, 5853, 5800, -1,
          5854, 5800, 5809, -1,
          5855, 5854, 5809, -1,
          5855, 5809, 5812, -1,
          5858, 5830, 5832, -1,
          5865, 5832, 5852, -1,
          5865, 5858, 5832, -1,
          5851, 5865, 5852, -1,
          5924, 5871, 5882, -1,
          5924, 5882, 5888, -1,
          5924, 5888, 5900, -1,
          5940, 5943, 5950, -1,
          5940, 5950, 5963, -1,
          5940, 5963, 5972, -1,
          7005, 5924, 5937, -1,
          7005, 5871, 5924, -1,
          7004, 5939, 5940, -1,
          7004, 5938, 5939, -1,
          7004, 5937, 5938, -1,
          7004, 5940, 5972, -1,
          7004, 7005, 5937, -1,
          5954, 7005, 7004, -1,
          5953, 7005, 5954, -1,
          5952, 5954, 7004, -1,
          5915, 7005, 5953, -1,
          5956, 5915, 5953, -1,
          5958, 5956, 5953, -1,
          5961, 5958, 5953, -1,
          6024, 6001, 5952, -1,
          6031, 6024, 5952, -1,
          6035, 5952, 7004, -1,
          6035, 6031, 5952, -1,
          6017, 5988, 5985, -1,
          6017, 5985, 6018, -1,
          6054, 6018, 6042, -1,
          6054, 6017, 6018, -1,
          6992, 6042, 6074, -1,
          6992, 6054, 6042, -1,
          6051, 6025, 6011, -1,
          6051, 6011, 6038, -1,
          6993, 6992, 6074, -1,
          6077, 6038, 6053, -1,
          6077, 6051, 6038, -1,
          6107, 6053, 6993, -1,
          6107, 6077, 6053, -1,
          6034, 6036, 6050, -1,
          6097, 6050, 6076, -1,
          6097, 6034, 6050, -1,
          6988, 6076, 6106, -1,
          6988, 6097, 6076, -1,
          6165, 6106, 6107, -1,
          6165, 6988, 6106, -1,
          6074, 6165, 6107, -1,
          6074, 6107, 6993, -1,
          6176, 6098, 6102, -1,
          6176, 6102, 6105, -1,
          6176, 6105, 6108, -1,
          6184, 6182, 6187, -1,
          6184, 6187, 6190, -1,
          6184, 6190, 6210, -1,
          6193, 6176, 6186, -1,
          6215, 6193, 6186, -1,
          6221, 6215, 6186, -1,
          6230, 6186, 6184, -1,
          6230, 6221, 6186, -1,
          6193, 6098, 6176, -1,
          6210, 6230, 6184, -1,
          7367, 7368, 7369, -1,
          7370, 7367, 7371, -1,
          7370, 7368, 7367, -1,
          7372, 7373, 7368, -1,
          7372, 7368, 7370, -1,
          7374, 7375, 7373, -1,
          7374, 7373, 7372, -1,
          7376, 7377, 7375, -1,
          7376, 7375, 7374, -1,
          7378, 7379, 7377, -1,
          7378, 7377, 7376, -1,
          7380, 7379, 7378, -1,
          7381, 7382, 7379, -1,
          7381, 7379, 7380, -1,
          7383, 7384, 7382, -1,
          7383, 7382, 7381, -1,
          7385, 7384, 7383, -1,
          7386, 7387, 7384, -1,
          7386, 7384, 7385, -1,
          7388, 7389, 7387, -1,
          7388, 7387, 7386, -1,
          7390, 7391, 7389, -1,
          7390, 7389, 7388, -1,
          7392, 7391, 7390, -1,
          7392, 7393, 7394, -1,
          7392, 7394, 7391, -1,
          7395, 7393, 7392, -1,
          7395, 7396, 7393, -1,
          7397, 7396, 7395, -1,
          7397, 7398, 7396, -1,
          7399, 7398, 7397, -1,
          7399, 7400, 7398, -1,
          7401, 7400, 7399, -1,
          7401, 7402, 7403, -1,
          7401, 7403, 7400, -1,
          7404, 7405, 7406, -1,
          7404, 7406, 7407, -1,
          7408, 7404, 7407, -1,
          7409, 7402, 7401, -1,
          7409, 7410, 7402, -1,
          7411, 7408, 7407, -1,
          7412, 7410, 7409, -1,
          7412, 7407, 7410, -1,
          7412, 7411, 7407, -1,
          6995, 6340, 6349, -1,
          6995, 6349, 6357, -1,
          6995, 6357, 6360, -1,
          6991, 6323, 6994, -1,
          6353, 6991, 6994, -1,
          6354, 6353, 6994, -1,
          6386, 6995, 6416, -1,
          6416, 6995, 6417, -1,
          6417, 6995, 6404, -1,
          6995, 6354, 6994, -1,
          6323, 6224, 6994, -1,
          6269, 6994, 6270, -1,
          6270, 6994, 6248, -1,
          6248, 6994, 6224, -1,
          6994, 6340, 6995, -1,
          6360, 6404, 6995, -1,
          7373, 6401, 6402, -1,
          7375, 6401, 7373, -1,
          7375, 6399, 6401, -1,
          7368, 7373, 6402, -1,
          7368, 6402, 6408, -1,
          7377, 6399, 7375, -1,
          7377, 6397, 6399, -1,
          7369, 7368, 6408, -1,
          7369, 6408, 6412, -1,
          7367, 7369, 6412, -1,
          7367, 6412, 6413, -1,
          7379, 6397, 7377, -1,
          7379, 6393, 6397, -1,
          7371, 7367, 6413, -1,
          7371, 6413, 6418, -1,
          7371, 6418, 6422, -1,
          7382, 6395, 6393, -1,
          7382, 6393, 7379, -1,
          7370, 6428, 6431, -1,
          7370, 6422, 6428, -1,
          7370, 7371, 6422, -1,
          7372, 7370, 6431, -1,
          7372, 6431, 6439, -1,
          7384, 6396, 6395, -1,
          7384, 6395, 7382, -1,
          6442, 7372, 6439, -1,
          7374, 7372, 6442, -1,
          7387, 6398, 6396, -1,
          7387, 6396, 7384, -1,
          6443, 7374, 6442, -1,
          6443, 7376, 7374, -1,
          7389, 6400, 6398, -1,
          7389, 6398, 7387, -1,
          6445, 7378, 7376, -1,
          6445, 7376, 6443, -1,
          7380, 7378, 6445, -1,
          7391, 6403, 6400, -1,
          7391, 6400, 7389, -1,
          6447, 7380, 6445, -1,
          6447, 7381, 7380, -1,
          7394, 6403, 7391, -1,
          7393, 6403, 7394, -1,
          6411, 6403, 7393, -1,
          6455, 7383, 7381, -1,
          6455, 7385, 7383, -1,
          6455, 7381, 6447, -1,
          7396, 6411, 7393, -1,
          7398, 6420, 6411, -1,
          7398, 6411, 7396, -1,
          6470, 7386, 7385, -1,
          6470, 7385, 6455, -1,
          7388, 7386, 6470, -1,
          7400, 6420, 7398, -1,
          6425, 6420, 7400, -1,
          7403, 6425, 7400, -1,
          6426, 6425, 7403, -1,
          7402, 6426, 7403, -1,
          6469, 7388, 6470, -1,
          6469, 7390, 7388, -1,
          7410, 6426, 7402, -1,
          7410, 6427, 6426, -1,
          6491, 7392, 7390, -1,
          6491, 7390, 6469, -1,
          6430, 6427, 7410, -1,
          6430, 7410, 7407, -1,
          6490, 7392, 6491, -1,
          6490, 7395, 7392, -1,
          6435, 6430, 7407, -1,
          6435, 7407, 7406, -1,
          6489, 7395, 6490, -1,
          6489, 7397, 7395, -1,
          6460, 6435, 7406, -1,
          6457, 7406, 7405, -1,
          6457, 6460, 7406, -1,
          6503, 7397, 6489, -1,
          6503, 7399, 7397, -1,
          6458, 6457, 7405, -1,
          6458, 7405, 7404, -1,
          6502, 7399, 6503, -1,
          6502, 7401, 7399, -1,
          6463, 6458, 7404, -1,
          6463, 7404, 7408, -1,
          6493, 7401, 6502, -1,
          6493, 7409, 7401, -1,
          6486, 7409, 6493, -1,
          6486, 7412, 7409, -1,
          6465, 6463, 7408, -1,
          6465, 7408, 7411, -1,
          6481, 7412, 6486, -1,
          6481, 6465, 7411, -1,
          6481, 7411, 7412, -1,
          6541, 6479, 6482, -1,
          6536, 6477, 6479, -1,
          6536, 6479, 6541, -1,
          6542, 6541, 6482, -1,
          6542, 6483, 6487, -1,
          6542, 6482, 6483, -1,
          6529, 6477, 6536, -1,
          6529, 6474, 6477, -1,
          6547, 6542, 6487, -1,
          6547, 6487, 6498, -1,
          6528, 6471, 6474, -1,
          6528, 6474, 6529, -1,
          6548, 6547, 6498, -1,
          6548, 6498, 6507, -1,
          6523, 6471, 6528, -1,
          6523, 6467, 6471, -1,
          6558, 6548, 6507, -1,
          6558, 6514, 6517, -1,
          6558, 6507, 6514, -1,
          6522, 6467, 6523, -1,
          6522, 6466, 6467, -1,
          6522, 6468, 6466, -1,
          6560, 6558, 6517, -1,
          6560, 6517, 6530, -1,
          6539, 6560, 6530, -1,
          6567, 6560, 6539, -1,
          6506, 6468, 6522, -1,
          6551, 6567, 6539, -1,
          6570, 6567, 6551, -1,
          6553, 6591, 6570, -1,
          6553, 6570, 6551, -1,
          6562, 6593, 6591, -1,
          6562, 6591, 6553, -1,
          6599, 6593, 6562, -1,
          6568, 6602, 6599, -1,
          6568, 6599, 6562, -1,
          6594, 6603, 6602, -1,
          6594, 6602, 6568, -1,
          6575, 6603, 6594, -1,
          6510, 6488, 6505, -1,
          6500, 6488, 6510, -1,
          6606, 6576, 6575, -1,
          6606, 6575, 6594, -1,
          6574, 6576, 6606, -1,
          6512, 6500, 6510, -1,
          6515, 6500, 6512, -1,
          6516, 6520, 6500, -1,
          6516, 6500, 6515, -1,
          6521, 6520, 6516, -1,
          6624, 6589, 6574, -1,
          6624, 6574, 6606, -1,
          6533, 6520, 6521, -1,
          6527, 6533, 6521, -1,
          6535, 6533, 6527, -1,
          6534, 6533, 6535, -1,
          6623, 6595, 6589, -1,
          6623, 6589, 6624, -1,
          6540, 6534, 6535, -1,
          6538, 6534, 6540, -1,
          6546, 6538, 6540, -1,
          6629, 6604, 6595, -1,
          6629, 6595, 6623, -1,
          6550, 6538, 6546, -1,
          6556, 6550, 6546, -1,
          6628, 6601, 6604, -1,
          6628, 6604, 6629, -1,
          6565, 6546, 6557, -1,
          6565, 6556, 6546, -1,
          6638, 6598, 6601, -1,
          6638, 6601, 6628, -1,
          6572, 6565, 6557, -1,
          6573, 6572, 6557, -1,
          6637, 6592, 6598, -1,
          6637, 6598, 6638, -1,
          6609, 6557, 6559, -1,
          6609, 6573, 6557, -1,
          6631, 6590, 6592, -1,
          6631, 6569, 6590, -1,
          6631, 6592, 6637, -1,
          6615, 6559, 6563, -1,
          6615, 6609, 6559, -1,
          6626, 6566, 6569, -1,
          6626, 6569, 6631, -1,
          6618, 6615, 6563, -1,
          6621, 6563, 6566, -1,
          6621, 6566, 6626, -1,
          6621, 6618, 6563, -1,
          7413, 7414, 7415, -1,
          7416, 7413, 7417, -1,
          7416, 7414, 7413, -1,
          7418, 7419, 7414, -1,
          7418, 7414, 7416, -1,
          7420, 7421, 7419, -1,
          7420, 7419, 7418, -1,
          7422, 7423, 7421, -1,
          7422, 7421, 7420, -1,
          7424, 7425, 7423, -1,
          7424, 7423, 7422, -1,
          7426, 7425, 7424, -1,
          7427, 7428, 7425, -1,
          7427, 7425, 7426, -1,
          7429, 7430, 7428, -1,
          7429, 7428, 7427, -1,
          7431, 7430, 7429, -1,
          7432, 7433, 7430, -1,
          7432, 7430, 7431, -1,
          7434, 7435, 7433, -1,
          7434, 7433, 7432, -1,
          7436, 7437, 7435, -1,
          7436, 7435, 7434, -1,
          7438, 7437, 7436, -1,
          7438, 7439, 7440, -1,
          7438, 7440, 7437, -1,
          7441, 7439, 7438, -1,
          7441, 7442, 7439, -1,
          7443, 7442, 7441, -1,
          7443, 7444, 7442, -1,
          7445, 7444, 7443, -1,
          7445, 7446, 7444, -1,
          7447, 7446, 7445, -1,
          7447, 7448, 7449, -1,
          7447, 7449, 7446, -1,
          7450, 7451, 7452, -1,
          7450, 7452, 7453, -1,
          7454, 7450, 7453, -1,
          7455, 7448, 7447, -1,
          7455, 7456, 7448, -1,
          7457, 7454, 7453, -1,
          7458, 7456, 7455, -1,
          7458, 7453, 7456, -1,
          7458, 7457, 7453, -1,
          6655, 6627, 6622, -1,
          6655, 6622, 6639, -1,
          6675, 6639, 6648, -1,
          6675, 6655, 6639, -1,
          6681, 6648, 6659, -1,
          6681, 6675, 6648, -1,
          7419, 6673, 6679, -1,
          7421, 6673, 7419, -1,
          7421, 6671, 6673, -1,
          7414, 7419, 6679, -1,
          7414, 6679, 6686, -1,
          7423, 6671, 7421, -1,
          7423, 6667, 6671, -1,
          7415, 7414, 6686, -1,
          7415, 6686, 6691, -1,
          7413, 7415, 6691, -1,
          7413, 6691, 6697, -1,
          7425, 6667, 7423, -1,
          7425, 6665, 6667, -1,
          7417, 7413, 6697, -1,
          7417, 6697, 6706, -1,
          7417, 6706, 6731, -1,
          7428, 6664, 6665, -1,
          7428, 6665, 7425, -1,
          7416, 6739, 6743, -1,
          7416, 6731, 6739, -1,
          7416, 7417, 6731, -1,
          7418, 7416, 6743, -1,
          7418, 6743, 6744, -1,
          7430, 6666, 6664, -1,
          7430, 6664, 7428, -1,
          6746, 7418, 6744, -1,
          7420, 7418, 6746, -1,
          7433, 6668, 6666, -1,
          7433, 6666, 7430, -1,
          6766, 7420, 6746, -1,
          6766, 7422, 7420, -1,
          7435, 6672, 6668, -1,
          7435, 6668, 7433, -1,
          6765, 7424, 7422, -1,
          6765, 7422, 6766, -1,
          7426, 7424, 6765, -1,
          7437, 6680, 6672, -1,
          7437, 6672, 7435, -1,
          6764, 7426, 6765, -1,
          6764, 7427, 7426, -1,
          7440, 6680, 7437, -1,
          7439, 6680, 7440, -1,
          6687, 6680, 7439, -1,
          6763, 7429, 7427, -1,
          6763, 7431, 7429, -1,
          6763, 7427, 6764, -1,
          7442, 6687, 7439, -1,
          7444, 6694, 6687, -1,
          7444, 6687, 7442, -1,
          6762, 7432, 7431, -1,
          6762, 7431, 6763, -1,
          7434, 7432, 6762, -1,
          7446, 6694, 7444, -1,
          6726, 6694, 7446, -1,
          7449, 6726, 7446, -1,
          6727, 6726, 7449, -1,
          7448, 6727, 7449, -1,
          6768, 7434, 6762, -1,
          6768, 7436, 7434, -1,
          7456, 6727, 7448, -1,
          7456, 6738, 6727, -1,
          6811, 7438, 7436, -1,
          6811, 7436, 6768, -1,
          6741, 6738, 7456, -1,
          6741, 7456, 7453, -1,
          6810, 7438, 6811, -1,
          6810, 7441, 7438, -1,
          6753, 6741, 7453, -1,
          6753, 7453, 7452, -1,
          6800, 7441, 6810, -1,
          6800, 7443, 7441, -1,
          6751, 6753, 7452, -1,
          6748, 7452, 7451, -1,
          6748, 6751, 7452, -1,
          6799, 7443, 6800, -1,
          6799, 7445, 7443, -1,
          6749, 6748, 7451, -1,
          6749, 7451, 7450, -1,
          6785, 7445, 6799, -1,
          6785, 7447, 7445, -1,
          6757, 6749, 7450, -1,
          6757, 7450, 7454, -1,
          6784, 7447, 6785, -1,
          6784, 7455, 7447, -1,
          6783, 7455, 6784, -1,
          6783, 7458, 7455, -1,
          6770, 6757, 7454, -1,
          6770, 7454, 7457, -1,
          6773, 7458, 6783, -1,
          6773, 6770, 7457, -1,
          6773, 7457, 7458, -1,
          7459, 7460, 7461, -1,
          7462, 7459, 7461, -1,
          7463, 7464, 7459, -1,
          7465, 7463, 7459, -1,
          7466, 7459, 7462, -1,
          7466, 7465, 7459, -1,
          7459, 7467, 7460, -1,
          7003, 6814, 6818, -1,
          7003, 6818, 6820, -1,
          7003, 6820, 6821, -1,
          6813, 6809, 7002, -1,
          6816, 6813, 7002, -1,
          6817, 6816, 7002, -1,
          6836, 7003, 6838, -1,
          6838, 7003, 6840, -1,
          6840, 7003, 6842, -1,
          7003, 6817, 7002, -1,
          6809, 6761, 7002, -1,
          6775, 7002, 6774, -1,
          6774, 7002, 6771, -1,
          6771, 7002, 6761, -1,
          7002, 6814, 7003, -1,
          6821, 6842, 7003, -1,
          7467, 6843, 6846, -1,
          7467, 6846, 6848, -1,
          7467, 6848, 6859, -1,
          7460, 7467, 6859, -1,
          7461, 7460, 6859, -1,
          7459, 6843, 7467, -1,
          7462, 7461, 6859, -1,
          6866, 7464, 7463, -1,
          6866, 7463, 7465, -1,
          6866, 6865, 7464, -1,
          6873, 7465, 7466, -1,
          6873, 6866, 7465, -1,
          6841, 7464, 6865, -1,
          6845, 6841, 6865, -1,
          6889, 6873, 7466, -1,
          6847, 6845, 6865, -1,
          6862, 6847, 6865, -1,
          6906, 6900, 6889, -1,
          6907, 6906, 6889, -1,
          6909, 6889, 7466, -1,
          6909, 6907, 6889, -1,
          6841, 6843, 7459, -1,
          6841, 7459, 7464, -1,
          6859, 6909, 7462, -1,
          7462, 6909, 7466, -1,
          7468, 4559, 4526, -1,
          7468, 4526, 7469, -1,
          7470, 7469, 7471, -1,
          7470, 7468, 7469, -1,
          7472, 7471, 7473, -1,
          7472, 7470, 7471, -1,
          6908, 6910, 6912, -1,
          6931, 6912, 6927, -1,
          6931, 6908, 6912, -1,
          6929, 6911, 6914, -1,
          6929, 6914, 6922, -1,
          6929, 6922, 6924, -1,
          6938, 6927, 6929, -1,
          6938, 6931, 6927, -1,
          6942, 6929, 6924, -1,
          6942, 6938, 6929, -1,
          7469, 4526, 4527, -1,
          7471, 7469, 4527, -1,
          7473, 4527, 4560, -1,
          7473, 4560, 4561, -1,
          7473, 4561, 4562, -1,
          7473, 7471, 4527, -1,
          7472, 7473, 4562, -1,
          4564, 4558, 4559, -1,
          4564, 4559, 7468, -1,
          4565, 7468, 7470, -1,
          4565, 4564, 7468, -1,
          4566, 7470, 7472, -1,
          4566, 4565, 7470, -1,
          4567, 4563, 4566, -1,
          4568, 4567, 4566, -1,
          4569, 4568, 4566, -1,
          4562, 4569, 4566, -1,
          4562, 4566, 7472, -1,
          5403, 5384, 5416, -1,
          5459, 5416, 5445, -1,
          5459, 5403, 5416, -1,
          5456, 5412, 5419, -1,
          5456, 5419, 5426, -1,
          5456, 5426, 5439, -1,
          5483, 5445, 5456, -1,
          5483, 5459, 5445, -1,
          5512, 5456, 5439, -1,
          5512, 5483, 5456, -1,
          6996, 5457, 5466, -1,
          6996, 5466, 5479, -1,
          6996, 5479, 5490, -1,
          6997, 5569, 5579, -1,
          6997, 5579, 5587, -1,
          6997, 5587, 5590, -1,
          5518, 5457, 6996, -1,
          5598, 5574, 5577, -1,
          5599, 5598, 5577, -1,
          5600, 5599, 5577, -1,
          5660, 6997, 5590, -1,
          5633, 6997, 5673, -1,
          5673, 6997, 5674, -1,
          5674, 6997, 5660, -1,
          6997, 5600, 5577, -1,
          6997, 5577, 5576, -1,
          5574, 6996, 5577, -1,
          5577, 6996, 5570, -1,
          6996, 5550, 5549, -1,
          6996, 5549, 5548, -1,
          6996, 5548, 5518, -1,
          5490, 5570, 6996, -1,
          5576, 5569, 6997, -1,
          5659, 5661, 5669, -1,
          5719, 5659, 5669, -1,
          5736, 5669, 5698, -1,
          5736, 5719, 5669, -1,
          5741, 5698, 5720, -1,
          5741, 5736, 5698, -1,
          5753, 5675, 5685, -1,
          5753, 5685, 5700, -1,
          5753, 5700, 5712, -1,
          5779, 5780, 5786, -1,
          5779, 5786, 5789, -1,
          5779, 5789, 5818, -1,
          5766, 5753, 5783, -1,
          5791, 5766, 5783, -1,
          5813, 5791, 5783, -1,
          5814, 5783, 5779, -1,
          5814, 5813, 5783, -1,
          5766, 5675, 5753, -1,
          5818, 5814, 5779, -1,
          5899, 5856, 5817, -1,
          5899, 5817, 5824, -1,
          5899, 5824, 5835, -1,
          5899, 5835, 5843, -1,
          5897, 5872, 5856, -1,
          5897, 5856, 5899, -1,
          5893, 5872, 5897, -1,
          5892, 5873, 5872, -1,
          5892, 5872, 5893, -1,
          5891, 5889, 5873, -1,
          5891, 5873, 5892, -1,
          5927, 5908, 5913, -1,
          5927, 5913, 5917, -1,
          5927, 5917, 5920, -1,
          5896, 5889, 5891, -1,
          5898, 5890, 5889, -1,
          5898, 5889, 5896, -1,
          5905, 5901, 5890, -1,
          5905, 5890, 5898, -1,
          5971, 5927, 5920, -1,
          5907, 5901, 5905, -1,
          5902, 5901, 5907, -1,
          5909, 5902, 5907, -1,
          5903, 5902, 5909, -1,
          5970, 5927, 5971, -1,
          5970, 5934, 5927, -1,
          5906, 5909, 5912, -1,
          5906, 5903, 5909, -1,
          5925, 5906, 5912, -1,
          5978, 5934, 5970, -1,
          5978, 5936, 5934, -1,
          5978, 5935, 5936, -1,
          5926, 5925, 5912, -1,
          5941, 5912, 5918, -1,
          5941, 5926, 5912, -1,
          5977, 5933, 5935, -1,
          5977, 5935, 5978, -1,
          5942, 5941, 5918, -1,
          5986, 5932, 5933, -1,
          5986, 5933, 5977, -1,
          5975, 5931, 5932, -1,
          5975, 5932, 5986, -1,
          5944, 5918, 5921, -1,
          5944, 5942, 5918, -1,
          5974, 5928, 5931, -1,
          5974, 5931, 5975, -1,
          5951, 5921, 5930, -1,
          5951, 5944, 5921, -1,
          5973, 5929, 5928, -1,
          5973, 5928, 5974, -1,
          5964, 5930, 5929, -1,
          5964, 5951, 5930, -1,
          5964, 5929, 5973, -1,
          5976, 5969, 5983, -1,
          6019, 5976, 5983, -1,
          6020, 5983, 5990, -1,
          6020, 6019, 5983, -1,
          6029, 5990, 6010, -1,
          6029, 6020, 5990, -1,
          6148, 6115, 6117, -1,
          6149, 6117, 6120, -1,
          6149, 6148, 6117, -1,
          6147, 6113, 6115, -1,
          6147, 6115, 6148, -1,
          6155, 6122, 6123, -1,
          6155, 6120, 6122, -1,
          6155, 6149, 6120, -1,
          6156, 6123, 6124, -1,
          6156, 6155, 6123, -1,
          6139, 6113, 6147, -1,
          6157, 6124, 6140, -1,
          6157, 6152, 6153, -1,
          6157, 6150, 6152, -1,
          6157, 6140, 6150, -1,
          6157, 6156, 6124, -1,
          6137, 6113, 6139, -1,
          6137, 6112, 6113, -1,
          6128, 6112, 6137, -1,
          6128, 6114, 6112, -1,
          6158, 6157, 6153, -1,
          6158, 6159, 6162, -1,
          6158, 6153, 6159, -1,
          6127, 6116, 6114, -1,
          6127, 6114, 6128, -1,
          6178, 6158, 6162, -1,
          6167, 6178, 6162, -1,
          6126, 6118, 6116, -1,
          6126, 6116, 6127, -1,
          6201, 6178, 6167, -1,
          6201, 6179, 6178, -1,
          6125, 6119, 6118, -1,
          6125, 6118, 6126, -1,
          6136, 6121, 6119, -1,
          6136, 6119, 6125, -1,
          6196, 6179, 6201, -1,
          6196, 6170, 6179, -1,
          6196, 6171, 6170, -1,
          6138, 6142, 6121, -1,
          6138, 6121, 6136, -1,
          6195, 6172, 6171, -1,
          6195, 6171, 6196, -1,
          6146, 6143, 6142, -1,
          6146, 6142, 6138, -1,
          6198, 6173, 6172, -1,
          6198, 6174, 6173, -1,
          6198, 6175, 6174, -1,
          6198, 6172, 6195, -1,
          6144, 6143, 6146, -1,
          6189, 6169, 6175, -1,
          6189, 6175, 6198, -1,
          6154, 6145, 6144, -1,
          6154, 6144, 6146, -1,
          6161, 6145, 6154, -1,
          6177, 6161, 6154, -1,
          6166, 6161, 6177, -1,
          6185, 6166, 6177, -1,
          6180, 6166, 6185, -1,
          6151, 6141, 6160, -1,
          6188, 6180, 6185, -1,
          7000, 6180, 6188, -1,
          6209, 7000, 6188, -1,
          6183, 6160, 6181, -1,
          6183, 6151, 6160, -1,
          6999, 7000, 6209, -1,
          6235, 6999, 6209, -1,
          6211, 6183, 6181, -1,
          6211, 6181, 6999, -1,
          6240, 6999, 6235, -1,
          6252, 6211, 6999, -1,
          6252, 6999, 6240, -1,
          6251, 6211, 6252, -1,
          6262, 6211, 6251, -1,
          6002, 5989, 6027, -1,
          7001, 6002, 6027, -1,
          6049, 6027, 6046, -1,
          6049, 7001, 6027, -1,
          6028, 6002, 7001, -1,
          6048, 6028, 7001, -1,
          6070, 6046, 6082, -1,
          6070, 6049, 6046, -1,
          6095, 6070, 6082, -1,
          6047, 6028, 6048, -1,
          6043, 6028, 6047, -1,
          6069, 6043, 6047, -1,
          6075, 6043, 6069, -1,
          6094, 6075, 6069, -1,
          6099, 6075, 6094, -1,
          6104, 6100, 6099, -1,
          6104, 6099, 6094, -1,
          6109, 6103, 6100, -1,
          6110, 6109, 6100, -1,
          6111, 6100, 6104, -1,
          6111, 6110, 6100, -1,
          7474, 6346, 6355, -1,
          7474, 6355, 6356, -1,
          7474, 6356, 6376, -1,
          7475, 6374, 7474, -1,
          6365, 6359, 6364, -1,
          6390, 6365, 6364, -1,
          6391, 6364, 6370, -1,
          6391, 6390, 6364, -1,
          6392, 6370, 6374, -1,
          6392, 6391, 6370, -1,
          6407, 7475, 7476, -1,
          6407, 6392, 6374, -1,
          6407, 6374, 7475, -1,
          6405, 7476, 7477, -1,
          6405, 6407, 7476, -1,
          6421, 7478, 7474, -1,
          6421, 7474, 6376, -1,
          6429, 7477, 7478, -1,
          6429, 6405, 7477, -1,
          6429, 7478, 6421, -1,
          6409, 6389, 6392, -1,
          6433, 6429, 6421, -1,
          6410, 6409, 6392, -1,
          6410, 6392, 6407, -1,
          6406, 6410, 6407, -1,
          6374, 6346, 7474, -1,
          6272, 6212, 6216, -1,
          6267, 6200, 6212, -1,
          6267, 6212, 6272, -1,
          6264, 6200, 6267, -1,
          6264, 6194, 6200, -1,
          6283, 6216, 6219, -1,
          6283, 6272, 6216, -1,
          6284, 6222, 6236, -1,
          6284, 6219, 6222, -1,
          6284, 6283, 6219, -1,
          6258, 6194, 6264, -1,
          6290, 6236, 6260, -1,
          6290, 6284, 6236, -1,
          6290, 6268, 6279, -1,
          6290, 6260, 6268, -1,
          6254, 6197, 6194, -1,
          6254, 6194, 6258, -1,
          6245, 6199, 6197, -1,
          6245, 6197, 6254, -1,
          6299, 6290, 6279, -1,
          6299, 6288, 6297, -1,
          6299, 6279, 6288, -1,
          6244, 6202, 6199, -1,
          6244, 6199, 6245, -1,
          6303, 6299, 6297, -1,
          6311, 6303, 6297, -1,
          6304, 6303, 6311, -1,
          6243, 6217, 6213, -1,
          6243, 6213, 6202, -1,
          6243, 6202, 6244, -1,
          6314, 6305, 6304, -1,
          6314, 6304, 6311, -1,
          6242, 6217, 6243, -1,
          6249, 6228, 6217, -1,
          6249, 6217, 6242, -1,
          6253, 6228, 6249, -1,
          6348, 6306, 6305, -1,
          6348, 6307, 6306, -1,
          6348, 6305, 6314, -1,
          6257, 6228, 6253, -1,
          6257, 6233, 6228, -1,
          6263, 6233, 6257, -1,
          6263, 6238, 6233, -1,
          6266, 6238, 6263, -1,
          6266, 6247, 6238, -1,
          6347, 6307, 6348, -1,
          6347, 6312, 6307, -1,
          6347, 6317, 6312, -1,
          6271, 6247, 6266, -1,
          6271, 6256, 6247, -1,
          6259, 6256, 6271, -1,
          6282, 6259, 6271, -1,
          6998, 6259, 6282, -1,
          6289, 6998, 6282, -1,
          6337, 6317, 6347, -1,
          6337, 6315, 6317, -1,
          6309, 6246, 6255, -1,
          6301, 6237, 6246, -1,
          6301, 6246, 6309, -1,
          6319, 6255, 6998, -1,
          6319, 6309, 6255, -1,
          6294, 6232, 6237, -1,
          6294, 6237, 6301, -1,
          6321, 6319, 6998, -1,
          6292, 6227, 6232, -1,
          6292, 6232, 6294, -1,
          6322, 6321, 6998, -1,
          6322, 6998, 6289, -1,
          6322, 6289, 6298, -1,
          6281, 6226, 6227, -1,
          6281, 6225, 6226, -1,
          6281, 6227, 6292, -1,
          6328, 6322, 6298, -1,
          6278, 6231, 6225, -1,
          6278, 6225, 6281, -1,
          6330, 6328, 6298, -1,
          6330, 6298, 6302, -1,
          6277, 6234, 6231, -1,
          6277, 6231, 6278, -1,
          6316, 6330, 6302, -1,
          6276, 6239, 6234, -1,
          6276, 6234, 6277, -1,
          6275, 6250, 6239, -1,
          6275, 6239, 6276, -1,
          6280, 6261, 6250, -1,
          6280, 6250, 6275, -1,
          6287, 6261, 6280, -1,
          6291, 6261, 6287, -1,
          6291, 6265, 6261, -1,
          6293, 6274, 6265, -1,
          6293, 6265, 6291, -1,
          6300, 6274, 6293, -1,
          6308, 6274, 6300, -1,
          6308, 6286, 6274, -1,
          6313, 6286, 6308, -1,
          6295, 6313, 6318, -1,
          6295, 6286, 6313, -1,
          6310, 6318, 6320, -1,
          6310, 6295, 6318, -1,
          6369, 6339, 6336, -1,
          6369, 6336, 6351, -1,
          6341, 6310, 6320, -1,
          6368, 6338, 6339, -1,
          6368, 6339, 6369, -1,
          6342, 6320, 6327, -1,
          6342, 6341, 6320, -1,
          6367, 6338, 6368, -1,
          6343, 6342, 6327, -1,
          6366, 6335, 6338, -1,
          6366, 6338, 6367, -1,
          6394, 6334, 6335, -1,
          6394, 6335, 6366, -1,
          6344, 6343, 6327, -1,
          6363, 6333, 6334, -1,
          6363, 6334, 6394, -1,
          6345, 6327, 6329, -1,
          6345, 6344, 6327, -1,
          6362, 6332, 6333, -1,
          6362, 6333, 6363, -1,
          6361, 6331, 6332, -1,
          6361, 6332, 6362, -1,
          6350, 6345, 6329, -1,
          6358, 6329, 6331, -1,
          6358, 6331, 6361, -1,
          6358, 6350, 6329, -1,
          7479, 7480, 7481, -1,
          7482, 7479, 7481, -1,
          7483, 7484, 7479, -1,
          7485, 7483, 7479, -1,
          7486, 7479, 7482, -1,
          7486, 7485, 7479, -1,
          7479, 7487, 7480, -1,
          7476, 7475, 7474, -1,
          7477, 7476, 7474, -1,
          7478, 7477, 7474, -1,
          7487, 6434, 6440, -1,
          7487, 6440, 6441, -1,
          7487, 6441, 6450, -1,
          7480, 7487, 6450, -1,
          7481, 7480, 6450, -1,
          7479, 6434, 7487, -1,
          7482, 7481, 6450, -1,
          6478, 7484, 7483, -1,
          6478, 7483, 7485, -1,
          6478, 6475, 7484, -1,
          6484, 7485, 7486, -1,
          6484, 6478, 7485, -1,
          6432, 7484, 6475, -1,
          6444, 6432, 6475, -1,
          6499, 6484, 7486, -1,
          6446, 6444, 6475, -1,
          6448, 6446, 6475, -1,
          6518, 6508, 6499, -1,
          6531, 6518, 6499, -1,
          6525, 6499, 7486, -1,
          6525, 6531, 6499, -1,
          6432, 6434, 7479, -1,
          6432, 7479, 7484, -1,
          6450, 6525, 7482, -1,
          7482, 6525, 7486, -1,
          6524, 6526, 6543, -1,
          6554, 6543, 6561, -1,
          6554, 6524, 6543, -1,
          6605, 6544, 6545, -1,
          6605, 6545, 6552, -1,
          6605, 6552, 6578, -1,
          6597, 6561, 6605, -1,
          6597, 6554, 6561, -1,
          6649, 6605, 6578, -1,
          6649, 6597, 6605, -1,
          7488, 7489, 7490, -1,
          7488, 7490, 7491, -1,
          7488, 7491, 7492, -1,
          7493, 7494, 7489, -1,
          7493, 7489, 7488, -1,
          7495, 7496, 7494, -1,
          7495, 7494, 7493, -1,
          7497, 7498, 7496, -1,
          7497, 7496, 7495, -1,
          7499, 7498, 7497, -1,
          7500, 7499, 7497, -1,
          7501, 7500, 7497, -1,
          7502, 7501, 7497, -1,
          7503, 7504, 7505, -1,
          7503, 7505, 7506, -1,
          7507, 7506, 7508, -1,
          7507, 7508, 7509, -1,
          7507, 7503, 7506, -1,
          7510, 7509, 7511, -1,
          7510, 7507, 7509, -1,
          7512, 7511, 7513, -1,
          7512, 7513, 7514, -1,
          7512, 7514, 7515, -1,
          7512, 7515, 7516, -1,
          7512, 7516, 7502, -1,
          7512, 7502, 7497, -1,
          7512, 7510, 7511, -1,
          7517, 7518, 7519, -1,
          7517, 7519, 7520, -1,
          7517, 7520, 7521, -1,
          7522, 7523, 7518, -1,
          7522, 7518, 7517, -1,
          7524, 7523, 7522, -1,
          7525, 7523, 7524, -1,
          7526, 7525, 7524, -1,
          7527, 7525, 7526, -1,
          7528, 7527, 7526, -1,
          7529, 7528, 7526, -1,
          7530, 7529, 7526, -1,
          7531, 7532, 7533, -1,
          7531, 7533, 7534, -1,
          7531, 7534, 7535, -1,
          7536, 7535, 7537, -1,
          7536, 7531, 7535, -1,
          7538, 7537, 7539, -1,
          7538, 7536, 7537, -1,
          7540, 7539, 7541, -1,
          7540, 7541, 7542, -1,
          7540, 7542, 7543, -1,
          7540, 7543, 7544, -1,
          7540, 7544, 7530, -1,
          7540, 7530, 7526, -1,
          7540, 7538, 7539, -1,
          4613, 4575, 4576, -1,
          4614, 4613, 4576, -1,
          4614, 4576, 4577, -1,
          4612, 4575, 4613, -1,
          4612, 4573, 4575, -1,
          4615, 4614, 4577, -1,
          4615, 4577, 4578, -1,
          4596, 4573, 4612, -1,
          4596, 4571, 4573, -1,
          4588, 4571, 4596, -1,
          4616, 4615, 4578, -1,
          4616, 4578, 4592, -1,
          4587, 4571, 4588, -1,
          4587, 4570, 4571, -1,
          4617, 4616, 4592, -1,
          4617, 4592, 4597, -1,
          4617, 4597, 4604, -1,
          4591, 4574, 4572, -1,
          4586, 4570, 4587, -1,
          4586, 4572, 4570, -1,
          4626, 4617, 4604, -1,
          4626, 4610, 4620, -1,
          4626, 4604, 4610, -1,
          4594, 4591, 4572, -1,
          4594, 4572, 4586, -1,
          4627, 4626, 4620, -1,
          4627, 4620, 4623, -1,
          4585, 4594, 4586, -1,
          4628, 4627, 4623, -1,
          4630, 4627, 4628, -1,
          4636, 4630, 4628, -1,
          4631, 4630, 4636, -1,
          4681, 4635, 4631, -1,
          4681, 4631, 4636, -1,
          4677, 4635, 4681, -1,
          4677, 4638, 4635, -1,
          4676, 4638, 4677, -1,
          4676, 4640, 4638, -1,
          4676, 4642, 4640, -1,
          4679, 4642, 4676, -1,
          4679, 4643, 4642, -1,
          4679, 4644, 4643, -1,
          4686, 4644, 4679, -1,
          4686, 4641, 4644, -1,
          4684, 4641, 4686, -1,
          4684, 4645, 4641, -1,
          4683, 4639, 4645, -1,
          4683, 4645, 4684, -1,
          4619, 4584, 4590, -1,
          4622, 4593, 4595, -1,
          4622, 4590, 4593, -1,
          4622, 4619, 4590, -1,
          4608, 4582, 4584, -1,
          4608, 4584, 4619, -1,
          4674, 4637, 4639, -1,
          4674, 4639, 4683, -1,
          4606, 4582, 4608, -1,
          4606, 4579, 4582, -1,
          4606, 4580, 4579, -1,
          4603, 4581, 4580, -1,
          4603, 4580, 4606, -1,
          4673, 4634, 4637, -1,
          4673, 4637, 4674, -1,
          4601, 4583, 4581, -1,
          4601, 4581, 4603, -1,
          4633, 4595, 4611, -1,
          4633, 4622, 4595, -1,
          4671, 4629, 4634, -1,
          4671, 4634, 4673, -1,
          4600, 4589, 4583, -1,
          4600, 4583, 4601, -1,
          4659, 4611, 4625, -1,
          4659, 4633, 4611, -1,
          4665, 4625, 4629, -1,
          4665, 4629, 4671, -1,
          4664, 4625, 4665, -1,
          4664, 4659, 4625, -1,
          4599, 4649, 4589, -1,
          4599, 4589, 4600, -1,
          4598, 4649, 4599, -1,
          4602, 4650, 4649, -1,
          4602, 4649, 4598, -1,
          4605, 4651, 4650, -1,
          4605, 4650, 4602, -1,
          4607, 4651, 4605, -1,
          4609, 4651, 4607, -1,
          4609, 4652, 4651, -1,
          4618, 4653, 4652, -1,
          4618, 4652, 4609, -1,
          4621, 4653, 4618, -1,
          4654, 4653, 4621, -1,
          4624, 4654, 4621, -1,
          4668, 4663, 4670, -1,
          4655, 4654, 4624, -1,
          4656, 4624, 4632, -1,
          4656, 4655, 4624, -1,
          4704, 4668, 4670, -1,
          4704, 4670, 4672, -1,
          4704, 4672, 4682, -1,
          4733, 4656, 4632, -1,
          4709, 4669, 4668, -1,
          4709, 4668, 4704, -1,
          4734, 4632, 4646, -1,
          4734, 4733, 4632, -1,
          4715, 4667, 4669, -1,
          4715, 4669, 4709, -1,
          4735, 4734, 4646, -1,
          4736, 4646, 4647, -1,
          4736, 4735, 4646, -1,
          4714, 4666, 4667, -1,
          4714, 4667, 4715, -1,
          4719, 4662, 4666, -1,
          4719, 4666, 4714, -1,
          4737, 4647, 4648, -1,
          4737, 4736, 4647, -1,
          4723, 4661, 4662, -1,
          4723, 4660, 4661, -1,
          4723, 4662, 4719, -1,
          4740, 4658, 4660, -1,
          4740, 4660, 4723, -1,
          4738, 4648, 4657, -1,
          4738, 4737, 4648, -1,
          4739, 4657, 4658, -1,
          4739, 4658, 4740, -1,
          4739, 4738, 4657, -1,
          7545, 7546, 7547, -1,
          7548, 7545, 7547, -1,
          7549, 7550, 7545, -1,
          7551, 7549, 7545, -1,
          7552, 7545, 7548, -1,
          7552, 7551, 7545, -1,
          7545, 7553, 7546, -1,
          7518, 4687, 4689, -1,
          7519, 7518, 4689, -1,
          7519, 4689, 4691, -1,
          7523, 4687, 7518, -1,
          7523, 4680, 4687, -1,
          7520, 4692, 4693, -1,
          7520, 4691, 4692, -1,
          7520, 7519, 4691, -1,
          7525, 4680, 7523, -1,
          7525, 4675, 4680, -1,
          7527, 4675, 7525, -1,
          7527, 4678, 4675, -1,
          7521, 7520, 4693, -1,
          7521, 4707, 4720, -1,
          7521, 4693, 4707, -1,
          7528, 4685, 4678, -1,
          7528, 4678, 7527, -1,
          7517, 4720, 4725, -1,
          7517, 7521, 4720, -1,
          7529, 4688, 4685, -1,
          7529, 4685, 7528, -1,
          7522, 7517, 4725, -1,
          7530, 4690, 4688, -1,
          7530, 4688, 7529, -1,
          7524, 4725, 4726, -1,
          7524, 7522, 4725, -1,
          7544, 4696, 4690, -1,
          7544, 4690, 7530, -1,
          7543, 4696, 7544, -1,
          7526, 7524, 4726, -1,
          7526, 4726, 4727, -1,
          7542, 4701, 4696, -1,
          7542, 4696, 7543, -1,
          7541, 4706, 4701, -1,
          7541, 4701, 7542, -1,
          7539, 4711, 4706, -1,
          7539, 4706, 7541, -1,
          7537, 4711, 7539, -1,
          4712, 4711, 7537, -1,
          7535, 4712, 7537, -1,
          4717, 4712, 7535, -1,
          7534, 4717, 7535, -1,
          4721, 7534, 7533, -1,
          4721, 4717, 7534, -1,
          7532, 4721, 7533, -1,
          7489, 4710, 4716, -1,
          7494, 4710, 7489, -1,
          7494, 4705, 4710, -1,
          7490, 4716, 4721, -1,
          7490, 7489, 4716, -1,
          7496, 4700, 4705, -1,
          7496, 4698, 4700, -1,
          7496, 4705, 7494, -1,
          7491, 7490, 4721, -1,
          7498, 4698, 7496, -1,
          7498, 4695, 4698, -1,
          7492, 4721, 7532, -1,
          7492, 7491, 4721, -1,
          7499, 4694, 4695, -1,
          7499, 4695, 7498, -1,
          7540, 7526, 4727, -1,
          7488, 7532, 7531, -1,
          7488, 7492, 7532, -1,
          7500, 4697, 4694, -1,
          7500, 4699, 4697, -1,
          7500, 4694, 7499, -1,
          7501, 4702, 4699, -1,
          7501, 4699, 7500, -1,
          7493, 7531, 7536, -1,
          7493, 7488, 7531, -1,
          7502, 4703, 4702, -1,
          7502, 4702, 7501, -1,
          7495, 7536, 7538, -1,
          7495, 7493, 7536, -1,
          7516, 4708, 4703, -1,
          7516, 4703, 7502, -1,
          7515, 4713, 4708, -1,
          7515, 4708, 7516, -1,
          7497, 7538, 7540, -1,
          7497, 7495, 7538, -1,
          7514, 4713, 7515, -1,
          7513, 4718, 4713, -1,
          7513, 4713, 7514, -1,
          7511, 4722, 4718, -1,
          7511, 4718, 7513, -1,
          7509, 4722, 7511, -1,
          7508, 4724, 4722, -1,
          7508, 4722, 7509, -1,
          7506, 4724, 7508, -1,
          4728, 4724, 7506, -1,
          4729, 7506, 7505, -1,
          4729, 4728, 7506, -1,
          4730, 4729, 7505, -1,
          4731, 4730, 7505, -1,
          4732, 4731, 7505, -1,
          4732, 7505, 7504, -1,
          4752, 4732, 7504, -1,
          4752, 7504, 7503, -1,
          4753, 4752, 7503, -1,
          4753, 7503, 7507, -1,
          4754, 4753, 7507, -1,
          4754, 7507, 7510, -1,
          4755, 4754, 7510, -1,
          4755, 7510, 7512, -1,
          4742, 4755, 7512, -1,
          4742, 7512, 7497, -1,
          4727, 4742, 7497, -1,
          4727, 7497, 7540, -1,
          7553, 4743, 4744, -1,
          7553, 4744, 4745, -1,
          7553, 4745, 4746, -1,
          7546, 7553, 4746, -1,
          7547, 7546, 4746, -1,
          7545, 4743, 7553, -1,
          7548, 7547, 4746, -1,
          4747, 7550, 7549, -1,
          4747, 4749, 7550, -1,
          4757, 7549, 7551, -1,
          4757, 7551, 7552, -1,
          4757, 4747, 7549, -1,
          4741, 7550, 4749, -1,
          4750, 4741, 4749, -1,
          4758, 4757, 7552, -1,
          4751, 4750, 4749, -1,
          4748, 4751, 4749, -1,
          4784, 4756, 4758, -1,
          4785, 4784, 4758, -1,
          4760, 4758, 7552, -1,
          4760, 4785, 4758, -1,
          4741, 4743, 7545, -1,
          4741, 7545, 7550, -1,
          4746, 4760, 7548, -1,
          7548, 4760, 7552, -1,
          7554, 7555, 7556, -1,
          7557, 7555, 7554, -1,
          7558, 7559, 7557, -1,
          7558, 7557, 7554, -1,
          7560, 7559, 7558, -1,
          7561, 7562, 7560, -1,
          7561, 7560, 7558, -1,
          7563, 7562, 7561, -1,
          7564, 7562, 7563, -1,
          7565, 7564, 7563, -1,
          7566, 7565, 7563, -1,
          7567, 7566, 7563, -1,
          7568, 7569, 7570, -1,
          7571, 7570, 7572, -1,
          7571, 7572, 7573, -1,
          7571, 7568, 7570, -1,
          7574, 7573, 7575, -1,
          7574, 7571, 7573, -1,
          7576, 7575, 7577, -1,
          7576, 7577, 7578, -1,
          7576, 7578, 7579, -1,
          7576, 7579, 7580, -1,
          7576, 7580, 7567, -1,
          7576, 7567, 7563, -1,
          7576, 7574, 7575, -1,
          4759, 4761, 4763, -1,
          4782, 4763, 4767, -1,
          4782, 4759, 4763, -1,
          4768, 4762, 4764, -1,
          4768, 4764, 4765, -1,
          4768, 4765, 4766, -1,
          4783, 4767, 4768, -1,
          4783, 4782, 4767, -1,
          4779, 4768, 4766, -1,
          4779, 4783, 4768, -1,
          7581, 7582, 7583, -1,
          7584, 7581, 7585, -1,
          7584, 7582, 7581, -1,
          7586, 7587, 7582, -1,
          7586, 7582, 7584, -1,
          7588, 7589, 7587, -1,
          7588, 7587, 7586, -1,
          7590, 7591, 7589, -1,
          7590, 7589, 7588, -1,
          7592, 7593, 7591, -1,
          7592, 7591, 7590, -1,
          7594, 7593, 7592, -1,
          7595, 7596, 7593, -1,
          7595, 7593, 7594, -1,
          7597, 7598, 7596, -1,
          7597, 7596, 7595, -1,
          7599, 7598, 7597, -1,
          7600, 7601, 7598, -1,
          7600, 7598, 7599, -1,
          7602, 7603, 7601, -1,
          7602, 7601, 7600, -1,
          7604, 7605, 7603, -1,
          7604, 7603, 7602, -1,
          7606, 7605, 7604, -1,
          7606, 7607, 7608, -1,
          7606, 7608, 7605, -1,
          7609, 7607, 7606, -1,
          7609, 7610, 7607, -1,
          7611, 7610, 7609, -1,
          7611, 7612, 7610, -1,
          7613, 7612, 7611, -1,
          7613, 7614, 7612, -1,
          7615, 7614, 7613, -1,
          7615, 7616, 7617, -1,
          7615, 7617, 7614, -1,
          7618, 7619, 7620, -1,
          7618, 7620, 7621, -1,
          7622, 7618, 7621, -1,
          7623, 7616, 7615, -1,
          7623, 7624, 7616, -1,
          7625, 7622, 7621, -1,
          7626, 7624, 7623, -1,
          7626, 7621, 7624, -1,
          7626, 7625, 7621, -1,
          7559, 4772, 4774, -1,
          7557, 4774, 4776, -1,
          7557, 7559, 4774, -1,
          7560, 4770, 4772, -1,
          7560, 4772, 7559, -1,
          7555, 7557, 4776, -1,
          7555, 4780, 4781, -1,
          7555, 4778, 4780, -1,
          7555, 4776, 4778, -1,
          7562, 4770, 7560, -1,
          7556, 4781, 4789, -1,
          7556, 7555, 4781, -1,
          7564, 4770, 7562, -1,
          7564, 4769, 4770, -1,
          7554, 7556, 4789, -1,
          7565, 4769, 7564, -1,
          7565, 4771, 4769, -1,
          7566, 4771, 7565, -1,
          7566, 4773, 4771, -1,
          7558, 7554, 4789, -1,
          7558, 4789, 4802, -1,
          7567, 4773, 7566, -1,
          7567, 4775, 4773, -1,
          7580, 4775, 7567, -1,
          7580, 4777, 4775, -1,
          7561, 7558, 4802, -1,
          7561, 4802, 4803, -1,
          7579, 4777, 7580, -1,
          7578, 4787, 4777, -1,
          7578, 4777, 7579, -1,
          7563, 4803, 4804, -1,
          7563, 7561, 4803, -1,
          7577, 4788, 4787, -1,
          7577, 4787, 7578, -1,
          7575, 4791, 4788, -1,
          7575, 4788, 7577, -1,
          7573, 4791, 7575, -1,
          7572, 4792, 4791, -1,
          7572, 4791, 7573, -1,
          4794, 4792, 7572, -1,
          7570, 4794, 7572, -1,
          4795, 4794, 7570, -1,
          7569, 4795, 7570, -1,
          4797, 4795, 7569, -1,
          4799, 4797, 7569, -1,
          4801, 7569, 7568, -1,
          4801, 4799, 7569, -1,
          7576, 7563, 4804, -1,
          4812, 4811, 4801, -1,
          4810, 4800, 4801, -1,
          4810, 4801, 4811, -1,
          4813, 4801, 7568, -1,
          4813, 4812, 4801, -1,
          4809, 4796, 4798, -1,
          4809, 4798, 4800, -1,
          4809, 4800, 4810, -1,
          4814, 7568, 7571, -1,
          4814, 4813, 7568, -1,
          4815, 7571, 7574, -1,
          4815, 4814, 7571, -1,
          4808, 4793, 4796, -1,
          4808, 4790, 4793, -1,
          4808, 4796, 4809, -1,
          4816, 4815, 7574, -1,
          4817, 4816, 7574, -1,
          4817, 7574, 7576, -1,
          4818, 4817, 7576, -1,
          4807, 4790, 4808, -1,
          4786, 4790, 4807, -1,
          4832, 4786, 4807, -1,
          4833, 4832, 4807, -1,
          4806, 4833, 4807, -1,
          4857, 4856, 4818, -1,
          4828, 4857, 4818, -1,
          4805, 4818, 4856, -1,
          4804, 4828, 4818, -1,
          4804, 4818, 7576, -1,
          7587, 4825, 4826, -1,
          7589, 4825, 7587, -1,
          7589, 4824, 4825, -1,
          7582, 7587, 4826, -1,
          7582, 4826, 4830, -1,
          7591, 4824, 7589, -1,
          7591, 4822, 4824, -1,
          7583, 7582, 4830, -1,
          7583, 4830, 4834, -1,
          7581, 7583, 4834, -1,
          7581, 4834, 4836, -1,
          7593, 4822, 7591, -1,
          7593, 4820, 4822, -1,
          7585, 7581, 4836, -1,
          7585, 4836, 4838, -1,
          7585, 4838, 4840, -1,
          7596, 4819, 4820, -1,
          7596, 4820, 7593, -1,
          7584, 4842, 4843, -1,
          7584, 4840, 4842, -1,
          7584, 7585, 4840, -1,
          7586, 7584, 4843, -1,
          7586, 4843, 4844, -1,
          7598, 4821, 4819, -1,
          7598, 4819, 7596, -1,
          4845, 7586, 4844, -1,
          7588, 7586, 4845, -1,
          7601, 4823, 4821, -1,
          7601, 4821, 7598, -1,
          4851, 7588, 4845, -1,
          4851, 7590, 7588, -1,
          7603, 4829, 4823, -1,
          7603, 4823, 7601, -1,
          4850, 7592, 7590, -1,
          4850, 7590, 4851, -1,
          7594, 7592, 4850, -1,
          7605, 4827, 4829, -1,
          7605, 4829, 7603, -1,
          4849, 7594, 4850, -1,
          4849, 7595, 7594, -1,
          7608, 4827, 7605, -1,
          7607, 4827, 7608, -1,
          4831, 4827, 7607, -1,
          4848, 7597, 7595, -1,
          4848, 7599, 7597, -1,
          4848, 7595, 4849, -1,
          7610, 4831, 7607, -1,
          7612, 4835, 4831, -1,
          7612, 4831, 7610, -1,
          4847, 7600, 7599, -1,
          4847, 7599, 4848, -1,
          7602, 7600, 4847, -1,
          7614, 4835, 7612, -1,
          4837, 4835, 7614, -1,
          7617, 4837, 7614, -1,
          4839, 4837, 7617, -1,
          7616, 4839, 7617, -1,
          4852, 7602, 4847, -1,
          4852, 7604, 7602, -1,
          7624, 4839, 7616, -1,
          7624, 4841, 4839, -1,
          4871, 7606, 7604, -1,
          4871, 7604, 4852, -1,
          4858, 4841, 7624, -1,
          4858, 7624, 7621, -1,
          4870, 7606, 4871, -1,
          4870, 7609, 7606, -1,
          4859, 4858, 7621, -1,
          4859, 7621, 7620, -1,
          4869, 7609, 4870, -1,
          4869, 7611, 7609, -1,
          4860, 4859, 7620, -1,
          4861, 7620, 7619, -1,
          4861, 4860, 7620, -1,
          4868, 7611, 4869, -1,
          4868, 7613, 7611, -1,
          4862, 4861, 7619, -1,
          4862, 7619, 7618, -1,
          4867, 7613, 4868, -1,
          4867, 7615, 7613, -1,
          4863, 4862, 7618, -1,
          4863, 7618, 7622, -1,
          4866, 7615, 4867, -1,
          4866, 7623, 7615, -1,
          4865, 7623, 4866, -1,
          4865, 7626, 7623, -1,
          4893, 4863, 7622, -1,
          4893, 7622, 7625, -1,
          4894, 7626, 4865, -1,
          4894, 4893, 7625, -1,
          4894, 7625, 7626, -1,
          4873, 4846, 4853, -1,
          4873, 4853, 4854, -1,
          4873, 4854, 4855, -1,
          4876, 4873, 4872, -1,
          4876, 4875, 4873, -1,
          4883, 4877, 4880, -1,
          4883, 4880, 4881, -1,
          4883, 4881, 4882, -1,
          4879, 4872, 4878, -1,
          4879, 4876, 4872, -1,
          4887, 4878, 4883, -1,
          4887, 4879, 4878, -1,
          4891, 4864, 4875, -1,
          4892, 4891, 4875, -1,
          4874, 4892, 4875, -1,
          4907, 4886, 4887, -1,
          4908, 4907, 4887, -1,
          4888, 4908, 4887, -1,
          4864, 4846, 4875, -1,
          4875, 4846, 4873, -1,
          4882, 4888, 4887, -1,
          4882, 4887, 4883, -1,
          7627, 4355, 7628, -1,
          7629, 4357, 7627, -1,
          7627, 4357, 4355, -1,
          7628, 4352, 7630, -1,
          4355, 4352, 7628, -1,
          7631, 4358, 7629, -1,
          7629, 4358, 4357, -1,
          7630, 4350, 7632, -1,
          4352, 4350, 7630, -1,
          7633, 4361, 7631, -1,
          7631, 4361, 4358, -1,
          7632, 4349, 7634, -1,
          4350, 4349, 7632, -1,
          7633, 4363, 4361, -1,
          4213, 4363, 7633, -1,
          7634, 4347, 7635, -1,
          4349, 4347, 7634, -1,
          4213, 4364, 4363, -1,
          4213, 4210, 4364, -1,
          4347, 4345, 7635, -1,
          7635, 4345, 7636, -1,
          4210, 7637, 4364, -1,
          4210, 4209, 7637, -1,
          4345, 4343, 7636, -1,
          7636, 4343, 7638, -1,
          4209, 7639, 7637, -1,
          4209, 4206, 7639, -1,
          4343, 4341, 7638, -1,
          7638, 4341, 7640, -1,
          4206, 7641, 7639, -1,
          4206, 4205, 7641, -1,
          7640, 4339, 7642, -1,
          4341, 4339, 7640, -1,
          4205, 7643, 7641, -1,
          4339, 4337, 7642, -1,
          7643, 4203, 7644, -1,
          4205, 4203, 7643, -1,
          4337, 7645, 7642, -1,
          4337, 4335, 7645, -1,
          7644, 4201, 7646, -1,
          4203, 4201, 7644, -1,
          4335, 7647, 7645, -1,
          4335, 4333, 7647, -1,
          7646, 4199, 7648, -1,
          4201, 4199, 7646, -1,
          4333, 7649, 7647, -1,
          4333, 4331, 7649, -1,
          7648, 4197, 7650, -1,
          4199, 4197, 7648, -1,
          4331, 7651, 7649, -1,
          4331, 4328, 7651, -1,
          7650, 4195, 7652, -1,
          4197, 4195, 7650, -1,
          4328, 4177, 7651, -1,
          7652, 4193, 7653, -1,
          4195, 4193, 7652, -1,
          7654, 4178, 4328, -1,
          7655, 4178, 7654, -1,
          4328, 4178, 4177, -1,
          4193, 4191, 7653, -1,
          7653, 4191, 7656, -1,
          7655, 4181, 4178, -1,
          4191, 4189, 7656, -1,
          7656, 4189, 7657, -1,
          7655, 4183, 4181, -1,
          7658, 4183, 7655, -1,
          4189, 4187, 7657, -1,
          7657, 4187, 7659, -1,
          7658, 4185, 4183, -1,
          4187, 4185, 7659, -1,
          7660, 4185, 7658, -1,
          7659, 4185, 7660, -1,
          4889, 4885, 4884, -1,
          4889, 4884, 4890, -1,
          4897, 4889, 4890, -1,
          4898, 4897, 4890, -1,
          4901, 4890, 4895, -1,
          4901, 4898, 4890, -1,
          4902, 4901, 4895, -1,
          4903, 4895, 4899, -1,
          4903, 4902, 4895, -1,
          4904, 4903, 4899, -1,
          4905, 4896, 4898, -1,
          4906, 4898, 4901, -1,
          4906, 4905, 4898, -1,
          4900, 4906, 4901, -1,
          7661, 7662, 7663, -1,
          7663, 7664, 7665, -1,
          7662, 7664, 7663, -1,
          7666, 7667, 7661, -1,
          7661, 7667, 7662, -1,
          7665, 7668, 7669, -1,
          7664, 7668, 7665, -1,
          7670, 7671, 7666, -1,
          7666, 7671, 7667, -1,
          7669, 7672, 7673, -1,
          7668, 7672, 7669, -1,
          7674, 7675, 7670, -1,
          7670, 7675, 7671, -1,
          7673, 7676, 7677, -1,
          7672, 7676, 7673, -1,
          7674, 4462, 7675, -1,
          4289, 4462, 7674, -1,
          7676, 7678, 7677, -1,
          7677, 7678, 7679, -1,
          4287, 4463, 4289, -1,
          4289, 4463, 4462, -1,
          7678, 7680, 7679, -1,
          7679, 7680, 7681, -1,
          4285, 4466, 4287, -1,
          4287, 4466, 4463, -1,
          7680, 7682, 7681, -1,
          4283, 4468, 4285, -1,
          4285, 4468, 4466, -1,
          7682, 7683, 7681, -1,
          7681, 7683, 7684, -1,
          7683, 7685, 7684, -1,
          4280, 4470, 4283, -1,
          4283, 4470, 4468, -1,
          7683, 7686, 7685, -1,
          4280, 4472, 4470, -1,
          7686, 7687, 7685, -1,
          4280, 4279, 4472, -1,
          7687, 7688, 7685, -1,
          4279, 4277, 4472, -1,
          4472, 4277, 4474, -1,
          7689, 7690, 7687, -1,
          7687, 7690, 7688, -1,
          4474, 4275, 4476, -1,
          4277, 4275, 4474, -1,
          7691, 7692, 7693, -1,
          7693, 7692, 7689, -1,
          7689, 7692, 7690, -1,
          4476, 4273, 4477, -1,
          4275, 4273, 4476, -1,
          7691, 7694, 7692, -1,
          4477, 4271, 4480, -1,
          4480, 4271, 4482, -1,
          4273, 4271, 4477, -1,
          4498, 4253, 7691, -1,
          4495, 4253, 4498, -1,
          7691, 4253, 7694, -1,
          4271, 4269, 4482, -1,
          4495, 4254, 4253, -1,
          4482, 4267, 4484, -1,
          4269, 4267, 4482, -1,
          4495, 4257, 4254, -1,
          4494, 4257, 4495, -1,
          4484, 4265, 4486, -1,
          4267, 4265, 4484, -1,
          4494, 4259, 4257, -1,
          4491, 4259, 4494, -1,
          4265, 4263, 4486, -1,
          4486, 4263, 4488, -1,
          4491, 4261, 4259, -1,
          4263, 4261, 4488, -1,
          4488, 4261, 4489, -1,
          4489, 4261, 4491, -1,
          7695, 4497, 4498, -1,
          7695, 4498, 7691, -1,
          7696, 7691, 7693, -1,
          7696, 7695, 7691, -1,
          7697, 7693, 7689, -1,
          7697, 7696, 7693, -1,
          7698, 7689, 7687, -1,
          7698, 7687, 7686, -1,
          7698, 7697, 7689, -1,
          7699, 7698, 7686, -1,
          7700, 7686, 7683, -1,
          7700, 7699, 7686, -1,
          7701, 7683, 7682, -1,
          7701, 7700, 7683, -1,
          7702, 7682, 7680, -1,
          7702, 7701, 7682, -1,
          7703, 7680, 7678, -1,
          7703, 7702, 7680, -1,
          7704, 7678, 7676, -1,
          7704, 7703, 7678, -1,
          7705, 7676, 7672, -1,
          7705, 7704, 7676, -1,
          7706, 7672, 7668, -1,
          7706, 7705, 7672, -1,
          7707, 7668, 7664, -1,
          7707, 7706, 7668, -1,
          7708, 7664, 7662, -1,
          7708, 7707, 7664, -1,
          7709, 7708, 7662, -1,
          7709, 7662, 7667, -1,
          7710, 7709, 7667, -1,
          7710, 7667, 7671, -1,
          7710, 7671, 7675, -1,
          7711, 7710, 7675, -1,
          4464, 7711, 7675, -1,
          4464, 7675, 4462, -1,
          7712, 7699, 7713, -1,
          7714, 7698, 7712, -1,
          7712, 7698, 7699, -1,
          7699, 7700, 7713, -1,
          7715, 7697, 7716, -1,
          7716, 7697, 7714, -1,
          7714, 7697, 7698, -1,
          7713, 7701, 7717, -1,
          7700, 7701, 7713, -1,
          7715, 7696, 7697, -1,
          7717, 7702, 7718, -1,
          7701, 7702, 7717, -1,
          7715, 7695, 7696, -1,
          7719, 7695, 7715, -1,
          7702, 7703, 7718, -1,
          7718, 7703, 7720, -1,
          4460, 4497, 7719, -1,
          7719, 4497, 7695, -1,
          4460, 4459, 4497, -1,
          7720, 7704, 7721, -1,
          7703, 7704, 7720, -1,
          4459, 4496, 4497, -1,
          7704, 7722, 7721, -1,
          7704, 7705, 7722, -1,
          4459, 4493, 4496, -1,
          4458, 4493, 4459, -1,
          7722, 7706, 7723, -1,
          7705, 7706, 7722, -1,
          4458, 4492, 4493, -1,
          4457, 4492, 4458, -1,
          7723, 7707, 7724, -1,
          7706, 7707, 7723, -1,
          4456, 4490, 4457, -1,
          4457, 4490, 4492, -1,
          7707, 7708, 7724, -1,
          4456, 4487, 4490, -1,
          7708, 7725, 7724, -1,
          4456, 4455, 4487, -1,
          4455, 4485, 4487, -1,
          7708, 7726, 7725, -1,
          7709, 7726, 7708, -1,
          4455, 4454, 4485, -1,
          7710, 7727, 7709, -1,
          7709, 7727, 7726, -1,
          4454, 4453, 4485, -1,
          4485, 4453, 4483, -1,
          7710, 7711, 7727, -1,
          7711, 7728, 7727, -1,
          4483, 4452, 4481, -1,
          4453, 4452, 4483, -1,
          4452, 4479, 4481, -1,
          4464, 4442, 7711, -1,
          7711, 4442, 7728, -1,
          4452, 4451, 4479, -1,
          4461, 4443, 4464, -1,
          4464, 4443, 4442, -1,
          4479, 4450, 4478, -1,
          4451, 4450, 4479, -1,
          4475, 4449, 4473, -1,
          4478, 4449, 4475, -1,
          4450, 4449, 4478, -1,
          4465, 4444, 4461, -1,
          4461, 4444, 4443, -1,
          4449, 4448, 4473, -1,
          4467, 4445, 4465, -1,
          4465, 4445, 4444, -1,
          4467, 4446, 4445, -1,
          4469, 4446, 4467, -1,
          4448, 4447, 4473, -1,
          4469, 4447, 4446, -1,
          4471, 4447, 4469, -1,
          4473, 4447, 4471, -1,
          4293, 4460, 7719, -1,
          7729, 7719, 7715, -1,
          7729, 4293, 7719, -1,
          7730, 7715, 7716, -1,
          7730, 7729, 7715, -1,
          7731, 7716, 7714, -1,
          7731, 7730, 7716, -1,
          7732, 7714, 7712, -1,
          7732, 7731, 7714, -1,
          7733, 7712, 7713, -1,
          7733, 7732, 7712, -1,
          7734, 7713, 7717, -1,
          7734, 7733, 7713, -1,
          7735, 7717, 7718, -1,
          7735, 7734, 7717, -1,
          7736, 7718, 7720, -1,
          7736, 7735, 7718, -1,
          7737, 7720, 7721, -1,
          7737, 7736, 7720, -1,
          7738, 7737, 7721, -1,
          7739, 7721, 7722, -1,
          7739, 7722, 7723, -1,
          7739, 7738, 7721, -1,
          7740, 7723, 7724, -1,
          7740, 7739, 7723, -1,
          7741, 7724, 7725, -1,
          7741, 7740, 7724, -1,
          7742, 7741, 7725, -1,
          7743, 7742, 7725, -1,
          7743, 7725, 7726, -1,
          7743, 7726, 7727, -1,
          7744, 7743, 7727, -1,
          7744, 7727, 7728, -1,
          7745, 7744, 7728, -1,
          4326, 7745, 7728, -1,
          4326, 7728, 4442, -1,
          7746, 4240, 7747, -1,
          7748, 4243, 7746, -1,
          7746, 4243, 4240, -1,
          7747, 4239, 7749, -1,
          4240, 4239, 7747, -1,
          7750, 4245, 7748, -1,
          7748, 4245, 4243, -1,
          7749, 4237, 7751, -1,
          4239, 4237, 7749, -1,
          7750, 4247, 4245, -1,
          7750, 7752, 4247, -1,
          7751, 4235, 7753, -1,
          4237, 4235, 7751, -1,
          7752, 4249, 4247, -1,
          7752, 4327, 4249, -1,
          4235, 4233, 7753, -1,
          7753, 4233, 7754, -1,
          4327, 4251, 4249, -1,
          4327, 4325, 4251, -1,
          7754, 4231, 7755, -1,
          4233, 4231, 7754, -1,
          4325, 7756, 4251, -1,
          4325, 4322, 7756, -1,
          4231, 4229, 7755, -1,
          7755, 4229, 7757, -1,
          4322, 7758, 7756, -1,
          4322, 4321, 7758, -1,
          4229, 4227, 7757, -1,
          7757, 4227, 7759, -1,
          4321, 7760, 7758, -1,
          7759, 4225, 7761, -1,
          4227, 4225, 7759, -1,
          4319, 7762, 4321, -1,
          4321, 7762, 7760, -1,
          4225, 4223, 7761, -1,
          4319, 4317, 7762, -1,
          7762, 4317, 7763, -1,
          4223, 7764, 7761, -1,
          4223, 4221, 7764, -1,
          7763, 4315, 7765, -1,
          4317, 4315, 7763, -1,
          4221, 7766, 7764, -1,
          4221, 4219, 7766, -1,
          7765, 4313, 7767, -1,
          4315, 4313, 7765, -1,
          4219, 7768, 7766, -1,
          4219, 4217, 7768, -1,
          7767, 4311, 7769, -1,
          4313, 4311, 7767, -1,
          4217, 7770, 7768, -1,
          4217, 4214, 7770, -1,
          7769, 4309, 7771, -1,
          4311, 4309, 7769, -1,
          4214, 4291, 7770, -1,
          4214, 7772, 4291, -1,
          7771, 4307, 7773, -1,
          4309, 4307, 7771, -1,
          7772, 4292, 4291, -1,
          7773, 4305, 7774, -1,
          4307, 4305, 7773, -1,
          7775, 4295, 7772, -1,
          7776, 4295, 7775, -1,
          7772, 4295, 4292, -1,
          4305, 4303, 7774, -1,
          7774, 4303, 7777, -1,
          7776, 4297, 4295, -1,
          7778, 4297, 7776, -1,
          4303, 4301, 7777, -1,
          7777, 4301, 7779, -1,
          7778, 4299, 4297, -1,
          4301, 4299, 7779, -1,
          7779, 4299, 7778, -1,
          4250, 7780, 4441, -1,
          4441, 7780, 7781, -1,
          7781, 7782, 7783, -1,
          7780, 7782, 7781, -1,
          7783, 7784, 7785, -1,
          7782, 7784, 7783, -1,
          7785, 7786, 7787, -1,
          7784, 7786, 7785, -1,
          7787, 7788, 7789, -1,
          7786, 7788, 7787, -1,
          7789, 7790, 7791, -1,
          7788, 7790, 7789, -1,
          7791, 7792, 7793, -1,
          7790, 7792, 7791, -1,
          7793, 7794, 7795, -1,
          7792, 7794, 7793, -1,
          7795, 7796, 7797, -1,
          7794, 7796, 7795, -1,
          7797, 7798, 7799, -1,
          7796, 7798, 7797, -1,
          7799, 7800, 7801, -1,
          7798, 7800, 7799, -1,
          7801, 7802, 7803, -1,
          7800, 7802, 7801, -1,
          7803, 7804, 7805, -1,
          7802, 7804, 7803, -1,
          7805, 7806, 7807, -1,
          7804, 7806, 7805, -1,
          7806, 7808, 7807, -1,
          7807, 7808, 7809, -1,
          7808, 7810, 7809, -1,
          7809, 7810, 7811, -1,
          7810, 7812, 7811, -1,
          7811, 7812, 7813, -1,
          7813, 7812, 4423, -1,
          7812, 4216, 4423, -1,
          4395, 4428, 4397, -1,
          4393, 4427, 4395, -1,
          4395, 4427, 4428, -1,
          4428, 4429, 4397, -1,
          4389, 4426, 4391, -1,
          4391, 4426, 4393, -1,
          4393, 4426, 4427, -1,
          4397, 4430, 4399, -1,
          4399, 4430, 4402, -1,
          4429, 4430, 4397, -1,
          4389, 4425, 4426, -1,
          4430, 4431, 4402, -1,
          4386, 4424, 4389, -1,
          4389, 4424, 4425, -1,
          4402, 4432, 4403, -1,
          4431, 4432, 4402, -1,
          4386, 4423, 4424, -1,
          4385, 4423, 4386, -1,
          7814, 4423, 4385, -1,
          4403, 4433, 4405, -1,
          4432, 4433, 4403, -1,
          7814, 7813, 4423, -1,
          4433, 4407, 4405, -1,
          7814, 7815, 7813, -1,
          4433, 4434, 4407, -1,
          7815, 7811, 7813, -1,
          4407, 4435, 4409, -1,
          4434, 4435, 4407, -1,
          7815, 7809, 7811, -1,
          7816, 7809, 7815, -1,
          4409, 4436, 4411, -1,
          4435, 4436, 4409, -1,
          7817, 7807, 7816, -1,
          7816, 7807, 7809, -1,
          4436, 4413, 4411, -1,
          4437, 4413, 4436, -1,
          7817, 7818, 7807, -1,
          7807, 7818, 7805, -1,
          4437, 4438, 4413, -1,
          4438, 4416, 4413, -1,
          7818, 7819, 7805, -1,
          7805, 7819, 7803, -1,
          4438, 4439, 4416, -1,
          7819, 7801, 7803, -1,
          4439, 4417, 4416, -1,
          7819, 7820, 7801, -1,
          4439, 4419, 4417, -1,
          4440, 4419, 4439, -1,
          4441, 4419, 4440, -1,
          7801, 7821, 7799, -1,
          7820, 7821, 7801, -1,
          7797, 7822, 7795, -1,
          7799, 7822, 7797, -1,
          7821, 7822, 7799, -1,
          4441, 4421, 4419, -1,
          7822, 7823, 7795, -1,
          7781, 7824, 4441, -1,
          7783, 7824, 7781, -1,
          4441, 7824, 4421, -1,
          7823, 7825, 7795, -1,
          7795, 7825, 7793, -1,
          7783, 7826, 7824, -1,
          7825, 7827, 7793, -1,
          7793, 7827, 7791, -1,
          7783, 7828, 7826, -1,
          7785, 7828, 7783, -1,
          7785, 7829, 7828, -1,
          7787, 7829, 7785, -1,
          7789, 7829, 7787, -1,
          7827, 7830, 7791, -1,
          7791, 7830, 7789, -1,
          7789, 7830, 7829, -1,
          4421, 7824, 4422, -1,
          4422, 7824, 7831, -1,
          7831, 7826, 7832, -1,
          7824, 7826, 7831, -1,
          7832, 7828, 7833, -1,
          7826, 7828, 7832, -1,
          7833, 7829, 7834, -1,
          7828, 7829, 7833, -1,
          7834, 7830, 7835, -1,
          7829, 7830, 7834, -1,
          7835, 7827, 7836, -1,
          7830, 7827, 7835, -1,
          7836, 7825, 7837, -1,
          7827, 7825, 7836, -1,
          7837, 7823, 7838, -1,
          7825, 7823, 7837, -1,
          7838, 7822, 7839, -1,
          7823, 7822, 7838, -1,
          7839, 7821, 7840, -1,
          7822, 7821, 7839, -1,
          7840, 7820, 7841, -1,
          7821, 7820, 7840, -1,
          7841, 7819, 7842, -1,
          7820, 7819, 7841, -1,
          7842, 7818, 7843, -1,
          7819, 7818, 7842, -1,
          7843, 7817, 7844, -1,
          7844, 7817, 7845, -1,
          7818, 7817, 7843, -1,
          7817, 7816, 7845, -1,
          7816, 7815, 7845, -1,
          7845, 7815, 7846, -1,
          7815, 7814, 7846, -1,
          7846, 7814, 7847, -1,
          7814, 4385, 7847, -1,
          7847, 4385, 4387, -1,
          4414, 4379, 4412, -1,
          4380, 4379, 4414, -1,
          4415, 4381, 4414, -1,
          4414, 4381, 4380, -1,
          4412, 4378, 4410, -1,
          4379, 4378, 4412, -1,
          4418, 4382, 4415, -1,
          4415, 4382, 4381, -1,
          4410, 4377, 4408, -1,
          4378, 4377, 4410, -1,
          4418, 4420, 4382, -1,
          4420, 4383, 4382, -1,
          4408, 4376, 4406, -1,
          4377, 4376, 4408, -1,
          4420, 4422, 4383, -1,
          4422, 4384, 4383, -1,
          4406, 4375, 4404, -1,
          4376, 4375, 4406, -1,
          7831, 7848, 4422, -1,
          4422, 7848, 4384, -1,
          4375, 4374, 4404, -1,
          4404, 4374, 4401, -1,
          7832, 7849, 7831, -1,
          7831, 7849, 7848, -1,
          4401, 4373, 4400, -1,
          4374, 4373, 4401, -1,
          7832, 7833, 7849, -1,
          7833, 7850, 7849, -1,
          4400, 4372, 4398, -1,
          4373, 4372, 4400, -1,
          7833, 7834, 7850, -1,
          7834, 7851, 7850, -1,
          4398, 4371, 4396, -1,
          4372, 4371, 4398, -1,
          7834, 7835, 7851, -1,
          7851, 7835, 7852, -1,
          4371, 4394, 4396, -1,
          4370, 4394, 4371, -1,
          4370, 4369, 4394, -1,
          7835, 7836, 7852, -1,
          7852, 7836, 7853, -1,
          4369, 4392, 4394, -1,
          7853, 7837, 7854, -1,
          7836, 7837, 7853, -1,
          4368, 4390, 4369, -1,
          4369, 4390, 4392, -1,
          7854, 7838, 7855, -1,
          7837, 7838, 7854, -1,
          4367, 4388, 4368, -1,
          4368, 4388, 4390, -1,
          4367, 4366, 4388, -1,
          4366, 4387, 4388, -1,
          7855, 7839, 7856, -1,
          7838, 7839, 7855, -1,
          7839, 7857, 7856, -1,
          7839, 7840, 7857, -1,
          4366, 7847, 4387, -1,
          7858, 7847, 4366, -1,
          7858, 7859, 7847, -1,
          7857, 7841, 7860, -1,
          7840, 7841, 7857, -1,
          7859, 7846, 7847, -1,
          7860, 7842, 7861, -1,
          7841, 7842, 7860, -1,
          7859, 7845, 7846, -1,
          7862, 7845, 7859, -1,
          7842, 7843, 7861, -1,
          7861, 7843, 7863, -1,
          7862, 7844, 7845, -1,
          7843, 7844, 7863, -1,
          7863, 7844, 7864, -1,
          7864, 7844, 7862, -1,
          4384, 7848, 4330, -1,
          4330, 7848, 7865, -1,
          7865, 7849, 7866, -1,
          7848, 7849, 7865, -1,
          7866, 7850, 7867, -1,
          7849, 7850, 7866, -1,
          7867, 7851, 7868, -1,
          7850, 7851, 7867, -1,
          7868, 7852, 7869, -1,
          7851, 7852, 7868, -1,
          7869, 7853, 7870, -1,
          7852, 7853, 7869, -1,
          7870, 7854, 7871, -1,
          7853, 7854, 7870, -1,
          7871, 7855, 7872, -1,
          7854, 7855, 7871, -1,
          7872, 7856, 7873, -1,
          7855, 7856, 7872, -1,
          7873, 7857, 7874, -1,
          7856, 7857, 7873, -1,
          7874, 7860, 7875, -1,
          7857, 7860, 7874, -1,
          7875, 7861, 7876, -1,
          7860, 7861, 7875, -1,
          7876, 7863, 7877, -1,
          7861, 7863, 7876, -1,
          7877, 7864, 7878, -1,
          7863, 7864, 7877, -1,
          7864, 7862, 7878, -1,
          7878, 7862, 7879, -1,
          7862, 7859, 7879, -1,
          7879, 7859, 7880, -1,
          7859, 7858, 7880, -1,
          7881, 7858, 4365, -1,
          7880, 7858, 7881, -1,
          7858, 4366, 4365, -1,
          4364, 7881, 4365, -1,
          4364, 7637, 7881, -1,
          7637, 7880, 7881, -1,
          7637, 7639, 7880, -1,
          7639, 7879, 7880, -1,
          7639, 7641, 7879, -1,
          7641, 7878, 7879, -1,
          7641, 7643, 7878, -1,
          7643, 7877, 7878, -1,
          7643, 7644, 7877, -1,
          7644, 7876, 7877, -1,
          7644, 7646, 7876, -1,
          7646, 7875, 7876, -1,
          7646, 7648, 7875, -1,
          7648, 7874, 7875, -1,
          7648, 7650, 7874, -1,
          7650, 7873, 7874, -1,
          7650, 7652, 7873, -1,
          7652, 7872, 7873, -1,
          7652, 7653, 7872, -1,
          7872, 7656, 7871, -1,
          7653, 7656, 7872, -1,
          7871, 7657, 7870, -1,
          7656, 7657, 7871, -1,
          7657, 7869, 7870, -1,
          7657, 7659, 7869, -1,
          7659, 7868, 7869, -1,
          7659, 7660, 7868, -1,
          7660, 7658, 7868, -1,
          7868, 7658, 7867, -1,
          7658, 7866, 7867, -1,
          7658, 7655, 7866, -1,
          7655, 7865, 7866, -1,
          7655, 7654, 7865, -1,
          7654, 4328, 7865, -1,
          7865, 4328, 4330, -1,
          7745, 4326, 4327, -1,
          7745, 4327, 7752, -1,
          7744, 7752, 7750, -1,
          7744, 7745, 7752, -1,
          7743, 7750, 7748, -1,
          7743, 7744, 7750, -1,
          7742, 7748, 7746, -1,
          7742, 7743, 7748, -1,
          7741, 7746, 7747, -1,
          7741, 7742, 7746, -1,
          7740, 7747, 7749, -1,
          7740, 7741, 7747, -1,
          7739, 7749, 7751, -1,
          7739, 7740, 7749, -1,
          7738, 7751, 7753, -1,
          7738, 7739, 7751, -1,
          7737, 7753, 7754, -1,
          7737, 7738, 7753, -1,
          7736, 7754, 7755, -1,
          7736, 7737, 7754, -1,
          7735, 7755, 7757, -1,
          7735, 7736, 7755, -1,
          7734, 7757, 7759, -1,
          7734, 7735, 7757, -1,
          7733, 7759, 7761, -1,
          7733, 7734, 7759, -1,
          7732, 7761, 7764, -1,
          7732, 7733, 7761, -1,
          7731, 7764, 7766, -1,
          7731, 7732, 7764, -1,
          7730, 7731, 7766, -1,
          7730, 7766, 7768, -1,
          7729, 7768, 7770, -1,
          7729, 7730, 7768, -1,
          4293, 7770, 4291, -1,
          4293, 7729, 7770, -1,
          6972, 4288, 4289, -1,
          6972, 4289, 7674, -1,
          6915, 7674, 7670, -1,
          6915, 6972, 7674, -1,
          6849, 7670, 7666, -1,
          6849, 6915, 7670, -1,
          6801, 7666, 7661, -1,
          6801, 6849, 7666, -1,
          6707, 7661, 7663, -1,
          6707, 6801, 7661, -1,
          6579, 7663, 7665, -1,
          6579, 6707, 7663, -1,
          6451, 7665, 7669, -1,
          6451, 6579, 7665, -1,
          6377, 7669, 7673, -1,
          6377, 6451, 7669, -1,
          6204, 7673, 7677, -1,
          6204, 6377, 7673, -1,
          6083, 7677, 7679, -1,
          6083, 6204, 7677, -1,
          5946, 7679, 7681, -1,
          5946, 6083, 7679, -1,
          5819, 7681, 7684, -1,
          5819, 5946, 7681, -1,
          5686, 7684, 7685, -1,
          5686, 5819, 7684, -1,
          5536, 7685, 7688, -1,
          5536, 5686, 7685, -1,
          5388, 7688, 7690, -1,
          5388, 5536, 7688, -1,
          5251, 5388, 7690, -1,
          5251, 7690, 7692, -1,
          5103, 7692, 7694, -1,
          5103, 5251, 7692, -1,
          4255, 7694, 4253, -1,
          4255, 5103, 7694, -1,
          4251, 7780, 4250, -1,
          4251, 7756, 7780, -1,
          7756, 7782, 7780, -1,
          7756, 7758, 7782, -1,
          7758, 7784, 7782, -1,
          7758, 7760, 7784, -1,
          7760, 7786, 7784, -1,
          7760, 7762, 7786, -1,
          7762, 7788, 7786, -1,
          7762, 7763, 7788, -1,
          7763, 7790, 7788, -1,
          7763, 7765, 7790, -1,
          7765, 7792, 7790, -1,
          7765, 7767, 7792, -1,
          7767, 7794, 7792, -1,
          7767, 7769, 7794, -1,
          7769, 7796, 7794, -1,
          7769, 7771, 7796, -1,
          7771, 7798, 7796, -1,
          7771, 7773, 7798, -1,
          7773, 7800, 7798, -1,
          7773, 7774, 7800, -1,
          7774, 7802, 7800, -1,
          7774, 7777, 7802, -1,
          7802, 7779, 7804, -1,
          7777, 7779, 7802, -1,
          7779, 7806, 7804, -1,
          7779, 7778, 7806, -1,
          7778, 7808, 7806, -1,
          7778, 7776, 7808, -1,
          7776, 7810, 7808, -1,
          7776, 7775, 7810, -1,
          7775, 7812, 7810, -1,
          7775, 7772, 7812, -1,
          7772, 4214, 7812, -1,
          7812, 4214, 4216, -1,
          4952, 4212, 4213, -1,
          4952, 4213, 7633, -1,
          5035, 7633, 7631, -1,
          5035, 4952, 7633, -1,
          5157, 7631, 7629, -1,
          5157, 5035, 7631, -1,
          5304, 7629, 7627, -1,
          5304, 5157, 7629, -1,
          5413, 7627, 7628, -1,
          5413, 5304, 7627, -1,
          5535, 7628, 7630, -1,
          5535, 5413, 7628, -1,
          5684, 7630, 7632, -1,
          5684, 5535, 7630, -1,
          5816, 7632, 7634, -1,
          5816, 5684, 7632, -1,
          5945, 7634, 7635, -1,
          5945, 5816, 7634, -1,
          6081, 7635, 7636, -1,
          6081, 5945, 7635, -1,
          6203, 7636, 7638, -1,
          6203, 6081, 7636, -1,
          6375, 7638, 7640, -1,
          6375, 6203, 7638, -1,
          6449, 7640, 7642, -1,
          6449, 6375, 7640, -1,
          6577, 7642, 7645, -1,
          6577, 6449, 7642, -1,
          6745, 7645, 7647, -1,
          6745, 6577, 7645, -1,
          6819, 6745, 7647, -1,
          6819, 7647, 7649, -1,
          6860, 7649, 7651, -1,
          6860, 6819, 7649, -1,
          4179, 7651, 4177, -1,
          4179, 6860, 7651, -1,
          7882, 7883, 7884, -1,
          7882, 7885, 7883, -1,
          7886, 7884, 7887, -1,
          7886, 7882, 7884, -1,
          7888, 7887, 7889, -1,
          7888, 7886, 7887, -1,
          7890, 7889, 7891, -1,
          7890, 7888, 7889, -1,
          7892, 7891, 7893, -1,
          7892, 7890, 7891, -1,
          7894, 7893, 7895, -1,
          7894, 7892, 7893, -1,
          7896, 7895, 7897, -1,
          7896, 7894, 7895, -1,
          7898, 7897, 7899, -1,
          7898, 7896, 7897, -1,
          7900, 7899, 7901, -1,
          7900, 7898, 7899, -1,
          7902, 7901, 7903, -1,
          7902, 7900, 7901, -1,
          7904, 7903, 7905, -1,
          7904, 7902, 7903, -1,
          7906, 7905, 7907, -1,
          7906, 7904, 7905, -1,
          7908, 7907, 7909, -1,
          7908, 7906, 7907, -1,
          7910, 7909, 7911, -1,
          7910, 7908, 7909, -1,
          7912, 7911, 7913, -1,
          7912, 7910, 7911, -1,
          7914, 7912, 7913, -1,
          7914, 7913, 7915, -1,
          7916, 7914, 7915, -1,
          7917, 7914, 7916, -1,
          7918, 7917, 7916, -1,
          7919, 7917, 7918, -1,
          7919, 7920, 7921, -1,
          7917, 7921, 7922, -1,
          7917, 7919, 7921, -1,
          7914, 7922, 7923, -1,
          7914, 7917, 7922, -1,
          7912, 7923, 7924, -1,
          7912, 7914, 7923, -1,
          7910, 7924, 7925, -1,
          7910, 7912, 7924, -1,
          7908, 7925, 7926, -1,
          7908, 7910, 7925, -1,
          7906, 7908, 7926, -1,
          7904, 7926, 7927, -1,
          7904, 7906, 7926, -1,
          7902, 7927, 7928, -1,
          7902, 7904, 7927, -1,
          7900, 7928, 7929, -1,
          7900, 7902, 7928, -1,
          7898, 7929, 7930, -1,
          7898, 7900, 7929, -1,
          7896, 7930, 7931, -1,
          7896, 7898, 7930, -1,
          7894, 7931, 7932, -1,
          7894, 7932, 7933, -1,
          7894, 7896, 7931, -1,
          7892, 7933, 7934, -1,
          7892, 7894, 7933, -1,
          7890, 7892, 7934, -1,
          7888, 7890, 7934, -1,
          7888, 7934, 7935, -1,
          7886, 7888, 7935, -1,
          7886, 7935, 7936, -1,
          7886, 7936, 7937, -1,
          7882, 7886, 7937, -1,
          7885, 7882, 7937, -1,
          7885, 7937, 7938, -1,
          7921, 7939, 7940, -1,
          7921, 7920, 7939, -1,
          7922, 7940, 7941, -1,
          7922, 7921, 7940, -1,
          7923, 7941, 7942, -1,
          7923, 7922, 7941, -1,
          7924, 7942, 7943, -1,
          7924, 7923, 7942, -1,
          7925, 7943, 7944, -1,
          7925, 7924, 7943, -1,
          7926, 7944, 7945, -1,
          7926, 7925, 7944, -1,
          7927, 7945, 7946, -1,
          7927, 7926, 7945, -1,
          7928, 7946, 7947, -1,
          7928, 7927, 7946, -1,
          7929, 7947, 7948, -1,
          7929, 7928, 7947, -1,
          7930, 7948, 7949, -1,
          7930, 7929, 7948, -1,
          7950, 7930, 7949, -1,
          7931, 7930, 7950, -1,
          7932, 7950, 7951, -1,
          7932, 7931, 7950, -1,
          7933, 7951, 7952, -1,
          7933, 7932, 7951, -1,
          7934, 7952, 7953, -1,
          7934, 7933, 7952, -1,
          7935, 7953, 7954, -1,
          7935, 7934, 7953, -1,
          7936, 7935, 7954, -1,
          7936, 7954, 7955, -1,
          7937, 7955, 7956, -1,
          7937, 7936, 7955, -1,
          7938, 7956, 7957, -1,
          7938, 7937, 7956, -1,
          7939, 7958, 7940, -1,
          7959, 7958, 7939, -1,
          7940, 7960, 7941, -1,
          7958, 7960, 7940, -1,
          7941, 7961, 7942, -1,
          7960, 7961, 7941, -1,
          7942, 7962, 7943, -1,
          7961, 7962, 7942, -1,
          7962, 7963, 7943, -1,
          7964, 7965, 7966, -1,
          7966, 7965, 7959, -1,
          7959, 7965, 7958, -1,
          7943, 7967, 7944, -1,
          7963, 7967, 7943, -1,
          7964, 7968, 7965, -1,
          7958, 7968, 7960, -1,
          7965, 7968, 7958, -1,
          7944, 7969, 7945, -1,
          7967, 7969, 7944, -1,
          7968, 7970, 7960, -1,
          7960, 7970, 7961, -1,
          7964, 7970, 7968, -1,
          7945, 7971, 7946, -1,
          7969, 7971, 7945, -1,
          7970, 7972, 7961, -1,
          7961, 7972, 7962, -1,
          7964, 7972, 7970, -1,
          7946, 7973, 7947, -1,
          7971, 7973, 7946, -1,
          7962, 7974, 7963, -1,
          7964, 7974, 7972, -1,
          7972, 7974, 7962, -1,
          7947, 7975, 7948, -1,
          7973, 7975, 7947, -1,
          7963, 7976, 7967, -1,
          7974, 7976, 7963, -1,
          7964, 7976, 7974, -1,
          7975, 7977, 7948, -1,
          7967, 7978, 7969, -1,
          7976, 7978, 7967, -1,
          7964, 7978, 7976, -1,
          7948, 7979, 7949, -1,
          7977, 7979, 7948, -1,
          7969, 7980, 7971, -1,
          7964, 7980, 7978, -1,
          7978, 7980, 7969, -1,
          7949, 7981, 7950, -1,
          7979, 7981, 7949, -1,
          7980, 7982, 7971, -1,
          7971, 7982, 7973, -1,
          7973, 7982, 7975, -1,
          7964, 7982, 7980, -1,
          7950, 7983, 7951, -1,
          7981, 7983, 7950, -1,
          7964, 7984, 7982, -1,
          7982, 7984, 7975, -1,
          7975, 7984, 7977, -1,
          7951, 7985, 7952, -1,
          7983, 7985, 7951, -1,
          7964, 7986, 7984, -1,
          7984, 7986, 7977, -1,
          7985, 7987, 7952, -1,
          7977, 7988, 7979, -1,
          7986, 7988, 7977, -1,
          7964, 7988, 7986, -1,
          7952, 7989, 7953, -1,
          7987, 7989, 7952, -1,
          7979, 7990, 7981, -1,
          7988, 7990, 7979, -1,
          7964, 7990, 7988, -1,
          7953, 7991, 7954, -1,
          7989, 7991, 7953, -1,
          7981, 7992, 7983, -1,
          7983, 7992, 7985, -1,
          7990, 7992, 7981, -1,
          7964, 7992, 7990, -1,
          7954, 7993, 7955, -1,
          7991, 7993, 7954, -1,
          7964, 7994, 7992, -1,
          7992, 7994, 7985, -1,
          7955, 7995, 7956, -1,
          7993, 7995, 7955, -1,
          7985, 7996, 7987, -1,
          7994, 7996, 7985, -1,
          7964, 7996, 7994, -1,
          7956, 7997, 7957, -1,
          7957, 7997, 7998, -1,
          7995, 7997, 7956, -1,
          7987, 7999, 7989, -1,
          7964, 7999, 7996, -1,
          7996, 7999, 7987, -1,
          7989, 8000, 7991, -1,
          7991, 8000, 7993, -1,
          7964, 8000, 7999, -1,
          7999, 8000, 7989, -1,
          7993, 8001, 7995, -1,
          7964, 8001, 8000, -1,
          8000, 8001, 7993, -1,
          7995, 8002, 7997, -1,
          7964, 8002, 8001, -1,
          8001, 8002, 7995, -1,
          8003, 8004, 7964, -1,
          7998, 8004, 8003, -1,
          7997, 8004, 7998, -1,
          7964, 8004, 8002, -1,
          8002, 8004, 7997, -1,
          8005, 8006, 8007, -1,
          8008, 8009, 8005, -1,
          8010, 8011, 8012, -1,
          8006, 8011, 8010, -1,
          7918, 7916, 8013, -1,
          7915, 7913, 7916, -1,
          7916, 7913, 8013, -1,
          7911, 7907, 7913, -1,
          7909, 7907, 7911, -1,
          7913, 7907, 8013, -1,
          8014, 8015, 8016, -1,
          8017, 8018, 8014, -1,
          8019, 8018, 8017, -1,
          8020, 8018, 8019, -1,
          8021, 8018, 8020, -1,
          8011, 8018, 8021, -1,
          8005, 8018, 8006, -1,
          8006, 8018, 8011, -1,
          8014, 8018, 8015, -1,
          7905, 7901, 7907, -1,
          7903, 7901, 7905, -1,
          7907, 7901, 8013, -1,
          8018, 7884, 7883, -1,
          8009, 7884, 8005, -1,
          8005, 7884, 8018, -1,
          7899, 7893, 7901, -1,
          7897, 7893, 7899, -1,
          7895, 7893, 7897, -1,
          8013, 7893, 8009, -1,
          7901, 7893, 8013, -1,
          7893, 7891, 8009, -1,
          7887, 7891, 7889, -1,
          7884, 7891, 7887, -1,
          8009, 7891, 7884, -1,
          7885, 7938, 8022, -1,
          8023, 8022, 8024, -1,
          8023, 7885, 8022, -1,
          8025, 8024, 8026, -1,
          8025, 8023, 8024, -1,
          8027, 8026, 8028, -1,
          8027, 8025, 8026, -1,
          8029, 8028, 8030, -1,
          8029, 8027, 8028, -1,
          8031, 8030, 8032, -1,
          8031, 8029, 8030, -1,
          8033, 8032, 8034, -1,
          8033, 8031, 8032, -1,
          8035, 8034, 8036, -1,
          8035, 8033, 8034, -1,
          8037, 8036, 8038, -1,
          8037, 8035, 8036, -1,
          8039, 8038, 8040, -1,
          8039, 8037, 8038, -1,
          8041, 8040, 8042, -1,
          8041, 8039, 8040, -1,
          8043, 8042, 8044, -1,
          8043, 8041, 8042, -1,
          8045, 8044, 8046, -1,
          8045, 8043, 8044, -1,
          8047, 8045, 8046, -1,
          8048, 8046, 8049, -1,
          8048, 8049, 8050, -1,
          8048, 8047, 8046, -1,
          8051, 8048, 8050, -1,
          8051, 8050, 8052, -1,
          8053, 8051, 8052, -1,
          8053, 8052, 8054, -1,
          8055, 8053, 8054, -1,
          7919, 8055, 8054, -1,
          7919, 8054, 7920, -1,
          7957, 8056, 8057, -1,
          7998, 8056, 7957, -1,
          8057, 8058, 8059, -1,
          8056, 8058, 8057, -1,
          8059, 8060, 8061, -1,
          8058, 8060, 8059, -1,
          8061, 8062, 8063, -1,
          8060, 8062, 8061, -1,
          8062, 8064, 8063, -1,
          7964, 8065, 8003, -1,
          8003, 8065, 7998, -1,
          7998, 8065, 8056, -1,
          8063, 8066, 8067, -1,
          8064, 8066, 8063, -1,
          7964, 8068, 8065, -1,
          8056, 8068, 8058, -1,
          8065, 8068, 8056, -1,
          8067, 8069, 8070, -1,
          8066, 8069, 8067, -1,
          8068, 8071, 8058, -1,
          8058, 8071, 8060, -1,
          7964, 8071, 8068, -1,
          8070, 8072, 8073, -1,
          8069, 8072, 8070, -1,
          8071, 8074, 8060, -1,
          8060, 8074, 8062, -1,
          7964, 8074, 8071, -1,
          8073, 8075, 8076, -1,
          8072, 8075, 8073, -1,
          8062, 8077, 8064, -1,
          7964, 8077, 8074, -1,
          8074, 8077, 8062, -1,
          8076, 8078, 8079, -1,
          8075, 8078, 8076, -1,
          8064, 8080, 8066, -1,
          8077, 8080, 8064, -1,
          7964, 8080, 8077, -1,
          8078, 8081, 8079, -1,
          8066, 8082, 8069, -1,
          8080, 8082, 8066, -1,
          7964, 8082, 8080, -1,
          8079, 8083, 8084, -1,
          8081, 8083, 8079, -1,
          8069, 8085, 8072, -1,
          8082, 8085, 8069, -1,
          7964, 8085, 8082, -1,
          8084, 8086, 8087, -1,
          8083, 8086, 8084, -1,
          8085, 8088, 8072, -1,
          8072, 8088, 8075, -1,
          7964, 8088, 8085, -1,
          8087, 8089, 8090, -1,
          8086, 8089, 8087, -1,
          7964, 8091, 8088, -1,
          8088, 8091, 8075, -1,
          8075, 8091, 8078, -1,
          8078, 8091, 8081, -1,
          8090, 8092, 8093, -1,
          8089, 8092, 8090, -1,
          7964, 8094, 8091, -1,
          8091, 8094, 8081, -1,
          8093, 8095, 8096, -1,
          8092, 8095, 8093, -1,
          8081, 8097, 8083, -1,
          8094, 8097, 8081, -1,
          7964, 8097, 8094, -1,
          8095, 8098, 8096, -1,
          8083, 8099, 8086, -1,
          8097, 8099, 8083, -1,
          7964, 8099, 8097, -1,
          8096, 8100, 8101, -1,
          8098, 8100, 8096, -1,
          8086, 8102, 8089, -1,
          8089, 8102, 8092, -1,
          8099, 8102, 8086, -1,
          7964, 8102, 8099, -1,
          8101, 8103, 8104, -1,
          8100, 8103, 8101, -1,
          7964, 8105, 8102, -1,
          8102, 8105, 8092, -1,
          8104, 8106, 8107, -1,
          8103, 8106, 8104, -1,
          8105, 8108, 8092, -1,
          8092, 8108, 8095, -1,
          7964, 8108, 8105, -1,
          8107, 8109, 7939, -1,
          7939, 8109, 7959, -1,
          8106, 8109, 8107, -1,
          8095, 8110, 8098, -1,
          7964, 8110, 8108, -1,
          8108, 8110, 8095, -1,
          8098, 8111, 8100, -1,
          8100, 8111, 8103, -1,
          8110, 8111, 8098, -1,
          7964, 8111, 8110, -1,
          7964, 8112, 8111, -1,
          8111, 8112, 8103, -1,
          8112, 8113, 8103, -1,
          8103, 8113, 8106, -1,
          8106, 8113, 8109, -1,
          7964, 8113, 8112, -1,
          7966, 8114, 7964, -1,
          7959, 8114, 7966, -1,
          8109, 8114, 7959, -1,
          7964, 8114, 8113, -1,
          8113, 8114, 8109, -1,
          8022, 7938, 7957, -1,
          8022, 7957, 8057, -1,
          8024, 8057, 8059, -1,
          8024, 8022, 8057, -1,
          8026, 8059, 8061, -1,
          8026, 8024, 8059, -1,
          8028, 8061, 8063, -1,
          8028, 8026, 8061, -1,
          8030, 8063, 8067, -1,
          8030, 8028, 8063, -1,
          8032, 8067, 8070, -1,
          8032, 8030, 8067, -1,
          8034, 8070, 8073, -1,
          8034, 8032, 8070, -1,
          8036, 8073, 8076, -1,
          8036, 8034, 8073, -1,
          8038, 8076, 8079, -1,
          8038, 8036, 8076, -1,
          8040, 8079, 8084, -1,
          8040, 8038, 8079, -1,
          8042, 8084, 8087, -1,
          8042, 8040, 8084, -1,
          8044, 8087, 8090, -1,
          8044, 8042, 8087, -1,
          8046, 8090, 8093, -1,
          8046, 8044, 8090, -1,
          8049, 8093, 8096, -1,
          8049, 8046, 8093, -1,
          8050, 8096, 8101, -1,
          8050, 8049, 8096, -1,
          8052, 8050, 8101, -1,
          8052, 8101, 8104, -1,
          8054, 8104, 8107, -1,
          8054, 8052, 8104, -1,
          7920, 8107, 7939, -1,
          7920, 8054, 8107, -1,
          8055, 7919, 7918, -1,
          8055, 7918, 8013, -1,
          8053, 8013, 8009, -1,
          8053, 8055, 8013, -1,
          8051, 8009, 8008, -1,
          8051, 8053, 8009, -1,
          8048, 8008, 8005, -1,
          8048, 8051, 8008, -1,
          8047, 8005, 8007, -1,
          8047, 8048, 8005, -1,
          8045, 8007, 8006, -1,
          8045, 8047, 8007, -1,
          8043, 8006, 8010, -1,
          8043, 8045, 8006, -1,
          8041, 8010, 8012, -1,
          8041, 8043, 8010, -1,
          8039, 8012, 8011, -1,
          8039, 8041, 8012, -1,
          8037, 8011, 8021, -1,
          8037, 8039, 8011, -1,
          8035, 8021, 8020, -1,
          8035, 8037, 8021, -1,
          8033, 8020, 8019, -1,
          8033, 8035, 8020, -1,
          8031, 8019, 8017, -1,
          8031, 8033, 8019, -1,
          8029, 8017, 8014, -1,
          8029, 8031, 8017, -1,
          8027, 8014, 8016, -1,
          8027, 8029, 8014, -1,
          8025, 8027, 8016, -1,
          8025, 8016, 8015, -1,
          8023, 8015, 8018, -1,
          8023, 8025, 8015, -1,
          7885, 8018, 7883, -1,
          7885, 8023, 8018, -1,
          8115, 8116, 8117, -1,
          8115, 8118, 8116, -1,
          8119, 8117, 8120, -1,
          8119, 8115, 8117, -1,
          8121, 8120, 8122, -1,
          8121, 8119, 8120, -1,
          8123, 8122, 8124, -1,
          8123, 8121, 8122, -1,
          8125, 8124, 8126, -1,
          8125, 8123, 8124, -1,
          8127, 8126, 8128, -1,
          8127, 8125, 8126, -1,
          8129, 8128, 8130, -1,
          8129, 8127, 8128, -1,
          8131, 8130, 8132, -1,
          8131, 8129, 8130, -1,
          8133, 8132, 8134, -1,
          8133, 8131, 8132, -1,
          8135, 8136, 8137, -1,
          8135, 8138, 8136, -1,
          8139, 8137, 8140, -1,
          8139, 8135, 8137, -1,
          8141, 8140, 8142, -1,
          8141, 8139, 8140, -1,
          8143, 8142, 8144, -1,
          8143, 8141, 8142, -1,
          8145, 8144, 8146, -1,
          8145, 8143, 8144, -1,
          8147, 8146, 8148, -1,
          8147, 8145, 8146, -1,
          8149, 8148, 8150, -1,
          8149, 8147, 8148, -1,
          8151, 8150, 8152, -1,
          8151, 8149, 8150, -1,
          8153, 8152, 8154, -1,
          8153, 8151, 8152, -1,
          8155, 8154, 8156, -1,
          8155, 8153, 8154, -1,
          8157, 8156, 8158, -1,
          8157, 8155, 8156, -1,
          8159, 8158, 8160, -1,
          8159, 8157, 8158, -1,
          8161, 8160, 8162, -1,
          8161, 8159, 8160, -1,
          8163, 8162, 8164, -1,
          8163, 8161, 8162, -1,
          8165, 8164, 8166, -1,
          8165, 8163, 8164, -1,
          8167, 8165, 8166, -1,
          8167, 8166, 8168, -1,
          8169, 8168, 8170, -1,
          8169, 8167, 8168, -1,
          8171, 8170, 8172, -1,
          8171, 8169, 8170, -1,
          8173, 8174, 8175, -1,
          8175, 8176, 8177, -1,
          8174, 8176, 8175, -1,
          8177, 8178, 8179, -1,
          8176, 8178, 8177, -1,
          8179, 8180, 8181, -1,
          8178, 8180, 8179, -1,
          8181, 8182, 8183, -1,
          8180, 8182, 8181, -1,
          8183, 8184, 8185, -1,
          8182, 8184, 8183, -1,
          8185, 8186, 8187, -1,
          8184, 8186, 8185, -1,
          8187, 8188, 8189, -1,
          8186, 8188, 8187, -1,
          8189, 8190, 8191, -1,
          8188, 8190, 8189, -1,
          8188, 8192, 8190, -1,
          8193, 8194, 8195, -1,
          8190, 8196, 8197, -1,
          8197, 8196, 8198, -1,
          8198, 8196, 8194, -1,
          8192, 8196, 8190, -1,
          8196, 8199, 8194, -1,
          8199, 8200, 8194, -1,
          8195, 8200, 8201, -1,
          8194, 8200, 8195, -1,
          8200, 8202, 8201, -1,
          8201, 8202, 8203, -1,
          8202, 8204, 8203, -1,
          8203, 8204, 8205, -1,
          8205, 8206, 8207, -1,
          8204, 8206, 8205, -1,
          8207, 8208, 8209, -1,
          8206, 8208, 8207, -1,
          8209, 8210, 8211, -1,
          8208, 8210, 8209, -1,
          8211, 8212, 8213, -1,
          8210, 8212, 8211, -1,
          8213, 8214, 8215, -1,
          8212, 8214, 8213, -1,
          8171, 8133, 8216, -1,
          8169, 8216, 8217, -1,
          8169, 8171, 8216, -1,
          8167, 8217, 8218, -1,
          8167, 8169, 8217, -1,
          8165, 8218, 8219, -1,
          8165, 8167, 8218, -1,
          8163, 8219, 8220, -1,
          8163, 8165, 8219, -1,
          8161, 8220, 8221, -1,
          8161, 8163, 8220, -1,
          8159, 8221, 8222, -1,
          8159, 8161, 8221, -1,
          8157, 8222, 8223, -1,
          8157, 8159, 8222, -1,
          8224, 8223, 8225, -1,
          8224, 8157, 8223, -1,
          8155, 8157, 8224, -1,
          8226, 8227, 8228, -1,
          8153, 8229, 8226, -1,
          8153, 8230, 8229, -1,
          8153, 8224, 8230, -1,
          8153, 8155, 8224, -1,
          8151, 8153, 8226, -1,
          8149, 8151, 8226, -1,
          8149, 8228, 8231, -1,
          8149, 8226, 8228, -1,
          8147, 8149, 8231, -1,
          8147, 8231, 8232, -1,
          8145, 8232, 8233, -1,
          8145, 8147, 8232, -1,
          8143, 8233, 8234, -1,
          8143, 8145, 8233, -1,
          8141, 8234, 8235, -1,
          8141, 8143, 8234, -1,
          8139, 8235, 8236, -1,
          8139, 8141, 8235, -1,
          8135, 8236, 8237, -1,
          8135, 8139, 8236, -1,
          8138, 8237, 8238, -1,
          8138, 8135, 8237, -1,
          8205, 8126, 8124, -1,
          8207, 8128, 8126, -1,
          8207, 8126, 8205, -1,
          8203, 8124, 8122, -1,
          8203, 8205, 8124, -1,
          8209, 8130, 8128, -1,
          8209, 8128, 8207, -1,
          8201, 8122, 8120, -1,
          8201, 8203, 8122, -1,
          8211, 8132, 8130, -1,
          8211, 8130, 8209, -1,
          8195, 8120, 8117, -1,
          8195, 8201, 8120, -1,
          8213, 8134, 8132, -1,
          8213, 8132, 8211, -1,
          8193, 8117, 8116, -1,
          8193, 8195, 8117, -1,
          8215, 8134, 8213, -1,
          8239, 8240, 8134, -1,
          8239, 8134, 8215, -1,
          8241, 8242, 8240, -1,
          8241, 8240, 8239, -1,
          8243, 8244, 8242, -1,
          8243, 8242, 8241, -1,
          8245, 8246, 8244, -1,
          8245, 8244, 8243, -1,
          8247, 8246, 8245, -1,
          8248, 8246, 8247, -1,
          8249, 8248, 8247, -1,
          8250, 8248, 8249, -1,
          8251, 8250, 8249, -1,
          8252, 8250, 8251, -1,
          8253, 8252, 8251, -1,
          8254, 8252, 8253, -1,
          8255, 8254, 8253, -1,
          8256, 8254, 8255, -1,
          8257, 8191, 8258, -1,
          8189, 8191, 8257, -1,
          8187, 8257, 8259, -1,
          8187, 8189, 8257, -1,
          8185, 8259, 8260, -1,
          8185, 8187, 8259, -1,
          8183, 8185, 8260, -1,
          8261, 8183, 8260, -1,
          8181, 8183, 8261, -1,
          8262, 8181, 8261, -1,
          8179, 8181, 8262, -1,
          8263, 8179, 8262, -1,
          8177, 8179, 8263, -1,
          8264, 8177, 8263, -1,
          8175, 8177, 8264, -1,
          8265, 8173, 8175, -1,
          8265, 8175, 8264, -1,
          8266, 8267, 8173, -1,
          8266, 8173, 8265, -1,
          8268, 8269, 8267, -1,
          8268, 8267, 8266, -1,
          8270, 8271, 8272, -1,
          8270, 8273, 8274, -1,
          8270, 8272, 8273, -1,
          8275, 8276, 8269, -1,
          8275, 8269, 8268, -1,
          8277, 8274, 8278, -1,
          8277, 8270, 8274, -1,
          8279, 8280, 8276, -1,
          8279, 8276, 8275, -1,
          8281, 8278, 8282, -1,
          8281, 8277, 8278, -1,
          8283, 8281, 8282, -1,
          8283, 8280, 8279, -1,
          8283, 8282, 8280, -1,
          8284, 8204, 8285, -1,
          8286, 8206, 8284, -1,
          8284, 8206, 8204, -1,
          8285, 8202, 8287, -1,
          8204, 8202, 8285, -1,
          8288, 8208, 8286, -1,
          8286, 8208, 8206, -1,
          8287, 8200, 8289, -1,
          8202, 8200, 8287, -1,
          8290, 8210, 8288, -1,
          8288, 8210, 8208, -1,
          8200, 8199, 8289, -1,
          8289, 8199, 8291, -1,
          8290, 8212, 8210, -1,
          8290, 8172, 8212, -1,
          8199, 8196, 8291, -1,
          8291, 8196, 8292, -1,
          8172, 8214, 8212, -1,
          8172, 8170, 8214, -1,
          8196, 8192, 8292, -1,
          8292, 8192, 8293, -1,
          8170, 8294, 8214, -1,
          8170, 8168, 8294, -1,
          8192, 8188, 8293, -1,
          8293, 8188, 8295, -1,
          8168, 8296, 8294, -1,
          8295, 8186, 8297, -1,
          8188, 8186, 8295, -1,
          8166, 8298, 8168, -1,
          8168, 8298, 8296, -1,
          8166, 8164, 8298, -1,
          8297, 8184, 8299, -1,
          8186, 8184, 8297, -1,
          8164, 8300, 8298, -1,
          8184, 8182, 8299, -1,
          8164, 8162, 8300, -1,
          8300, 8162, 8301, -1,
          8182, 8302, 8299, -1,
          8182, 8180, 8302, -1,
          8301, 8160, 8303, -1,
          8162, 8160, 8301, -1,
          8180, 8304, 8302, -1,
          8180, 8178, 8304, -1,
          8303, 8158, 8305, -1,
          8160, 8158, 8303, -1,
          8178, 8306, 8304, -1,
          8178, 8176, 8306, -1,
          8305, 8156, 8307, -1,
          8158, 8156, 8305, -1,
          8176, 8308, 8306, -1,
          8176, 8174, 8308, -1,
          8307, 8154, 8309, -1,
          8156, 8154, 8307, -1,
          8174, 8136, 8308, -1,
          8309, 8152, 8310, -1,
          8154, 8152, 8309, -1,
          8311, 8137, 8174, -1,
          8312, 8137, 8311, -1,
          8174, 8137, 8136, -1,
          8310, 8150, 8313, -1,
          8152, 8150, 8310, -1,
          8314, 8140, 8312, -1,
          8312, 8140, 8137, -1,
          8150, 8148, 8313, -1,
          8313, 8148, 8315, -1,
          8314, 8142, 8140, -1,
          8316, 8142, 8314, -1,
          8148, 8146, 8315, -1,
          8315, 8146, 8317, -1,
          8316, 8144, 8142, -1,
          8146, 8144, 8317, -1,
          8317, 8144, 8316, -1,
          8138, 8238, 8318, -1,
          8319, 8318, 8320, -1,
          8319, 8138, 8318, -1,
          8321, 8320, 8322, -1,
          8321, 8319, 8320, -1,
          8323, 8322, 8324, -1,
          8323, 8321, 8322, -1,
          8325, 8324, 8326, -1,
          8325, 8323, 8324, -1,
          8327, 8326, 8328, -1,
          8327, 8325, 8326, -1,
          8329, 8328, 8330, -1,
          8329, 8327, 8328, -1,
          8331, 8330, 8332, -1,
          8331, 8329, 8330, -1,
          8333, 8332, 8334, -1,
          8333, 8331, 8332, -1,
          8335, 8331, 8333, -1,
          8336, 8118, 8115, -1,
          8337, 8338, 8336, -1,
          8337, 8339, 8338, -1,
          8337, 8333, 8339, -1,
          8337, 8335, 8333, -1,
          8340, 8337, 8336, -1,
          8341, 8340, 8336, -1,
          8341, 8115, 8119, -1,
          8341, 8336, 8115, -1,
          8342, 8341, 8119, -1,
          8342, 8119, 8121, -1,
          8343, 8342, 8121, -1,
          8343, 8121, 8123, -1,
          8344, 8343, 8123, -1,
          8344, 8123, 8125, -1,
          8345, 8344, 8125, -1,
          8345, 8125, 8127, -1,
          8346, 8127, 8129, -1,
          8346, 8345, 8127, -1,
          8347, 8129, 8131, -1,
          8347, 8346, 8129, -1,
          8171, 8131, 8133, -1,
          8171, 8347, 8131, -1,
          8215, 8214, 8239, -1,
          8239, 8294, 8241, -1,
          8214, 8294, 8239, -1,
          8241, 8296, 8243, -1,
          8294, 8296, 8241, -1,
          8243, 8298, 8245, -1,
          8296, 8298, 8243, -1,
          8245, 8300, 8247, -1,
          8298, 8300, 8245, -1,
          8247, 8301, 8249, -1,
          8300, 8301, 8247, -1,
          8249, 8303, 8251, -1,
          8301, 8303, 8249, -1,
          8251, 8305, 8253, -1,
          8303, 8305, 8251, -1,
          8253, 8348, 8255, -1,
          8305, 8348, 8253, -1,
          8305, 8307, 8348, -1,
          8272, 8349, 8273, -1,
          8348, 8309, 8350, -1,
          8350, 8309, 8351, -1,
          8351, 8309, 8349, -1,
          8307, 8309, 8348, -1,
          8309, 8310, 8349, -1,
          8310, 8313, 8349, -1,
          8273, 8313, 8274, -1,
          8349, 8313, 8273, -1,
          8313, 8315, 8274, -1,
          8274, 8315, 8278, -1,
          8315, 8317, 8278, -1,
          8278, 8317, 8282, -1,
          8317, 8316, 8282, -1,
          8282, 8316, 8280, -1,
          8316, 8314, 8280, -1,
          8280, 8314, 8276, -1,
          8314, 8312, 8276, -1,
          8276, 8312, 8269, -1,
          8312, 8311, 8269, -1,
          8269, 8311, 8267, -1,
          8311, 8174, 8267, -1,
          8267, 8174, 8173, -1,
          8272, 8271, 8349, -1,
          8349, 8271, 8226, -1,
          8271, 8227, 8226, -1,
          8224, 8256, 8348, -1,
          8225, 8256, 8224, -1,
          8256, 8255, 8348, -1,
          8224, 8348, 8350, -1,
          8230, 8350, 8351, -1,
          8230, 8224, 8350, -1,
          8229, 8230, 8351, -1,
          8226, 8351, 8349, -1,
          8226, 8229, 8351, -1,
          8193, 8116, 8194, -1,
          8194, 8116, 8336, -1,
          8116, 8118, 8336, -1,
          8333, 8258, 8190, -1,
          8334, 8258, 8333, -1,
          8258, 8191, 8190, -1,
          8198, 8336, 8338, -1,
          8198, 8194, 8336, -1,
          8197, 8338, 8339, -1,
          8197, 8339, 8333, -1,
          8197, 8198, 8338, -1,
          8190, 8197, 8333, -1,
          8347, 8171, 8172, -1,
          8347, 8172, 8290, -1,
          8346, 8290, 8288, -1,
          8346, 8347, 8290, -1,
          8345, 8288, 8286, -1,
          8345, 8346, 8288, -1,
          8344, 8286, 8284, -1,
          8344, 8345, 8286, -1,
          8343, 8284, 8285, -1,
          8343, 8344, 8284, -1,
          8342, 8285, 8287, -1,
          8342, 8343, 8285, -1,
          8341, 8287, 8289, -1,
          8341, 8342, 8287, -1,
          8340, 8289, 8291, -1,
          8340, 8341, 8289, -1,
          8337, 8291, 8292, -1,
          8337, 8340, 8291, -1,
          8335, 8292, 8293, -1,
          8335, 8337, 8292, -1,
          8331, 8293, 8295, -1,
          8331, 8335, 8293, -1,
          8329, 8295, 8297, -1,
          8329, 8331, 8295, -1,
          8327, 8297, 8299, -1,
          8327, 8329, 8297, -1,
          8325, 8299, 8302, -1,
          8325, 8327, 8299, -1,
          8323, 8302, 8304, -1,
          8323, 8325, 8302, -1,
          8321, 8323, 8304, -1,
          8321, 8304, 8306, -1,
          8319, 8306, 8308, -1,
          8319, 8321, 8306, -1,
          8138, 8308, 8136, -1,
          8138, 8319, 8308, -1,
          8228, 8227, 8271, -1,
          8228, 8271, 8270, -1,
          8231, 8270, 8277, -1,
          8231, 8228, 8270, -1,
          8232, 8277, 8281, -1,
          8232, 8231, 8277, -1,
          8233, 8281, 8283, -1,
          8233, 8232, 8281, -1,
          8234, 8283, 8279, -1,
          8234, 8233, 8283, -1,
          8235, 8279, 8275, -1,
          8235, 8234, 8279, -1,
          8236, 8275, 8268, -1,
          8236, 8235, 8275, -1,
          8237, 8236, 8268, -1,
          8266, 8237, 8268, -1,
          8238, 8237, 8266, -1,
          8265, 8238, 8266, -1,
          8318, 8238, 8265, -1,
          8264, 8318, 8265, -1,
          8320, 8318, 8264, -1,
          8263, 8320, 8264, -1,
          8322, 8320, 8263, -1,
          8262, 8322, 8263, -1,
          8324, 8322, 8262, -1,
          8261, 8324, 8262, -1,
          8326, 8324, 8261, -1,
          8260, 8326, 8261, -1,
          8328, 8326, 8260, -1,
          8259, 8328, 8260, -1,
          8330, 8328, 8259, -1,
          8257, 8330, 8259, -1,
          8332, 8330, 8257, -1,
          8258, 8332, 8257, -1,
          8334, 8332, 8258, -1,
          8240, 8133, 8134, -1,
          8216, 8133, 8240, -1,
          8242, 8216, 8240, -1,
          8217, 8216, 8242, -1,
          8244, 8217, 8242, -1,
          8218, 8217, 8244, -1,
          8246, 8218, 8244, -1,
          8219, 8218, 8246, -1,
          8248, 8219, 8246, -1,
          8220, 8219, 8248, -1,
          8250, 8220, 8248, -1,
          8221, 8220, 8250, -1,
          8252, 8221, 8250, -1,
          8222, 8221, 8252, -1,
          8254, 8222, 8252, -1,
          8223, 8222, 8254, -1,
          8256, 8223, 8254, -1,
          8225, 8223, 8256, -1
        ]
      }
    }
}
