#VRML V2.0 utf8
WorldInfo {
  title "Exported triangle mesh to VRML97"
  info ["Created by FreeCAD"
        "<https://www.freecad.org>"]
}

Transform {
  scale 1 1 1
  rotation 0 0 1 0
  scaleOrientation 0 0 1 0
  center 0.000 0.000 0.000
  translation 0.000 0.000 0.000
  children
    Shape { 
      appearance
      Appearance {
        material
        Material {
          diffuseColor 0.8 0.8 0.8
        }
      }
      geometry
      IndexedFaceSet {
        coord
        Coordinate {
          point [
            -0.635 4.821 25.391,
            -0.381 0.381 25.402,
            -0.381 4.745 24.958,
            -0.635 0.381 25.842,
            -0.635 9.117 24.183,
            -0.381 8.967 23.769,
            -0.635 13.142 22.254,
            -0.381 12.922 21.873,
            -0.635 16.774 19.661,
            -0.381 16.491 19.324,
            -0.635 19.906 16.482,
            -0.381 19.569 16.200,
            -0.635 22.445 12.812,
            -0.381 22.064 12.592,
            -0.635 24.315 8.760,
            -0.381 23.901 8.609,
            -0.635 25.459 4.446,
            -0.381 25.026 4.370,
            -0.635 25.844 -0.000,
            -0.381 25.405 0.000,
            -2.481 -25.452 -4.488,
            -2.921 -25.590 -0.000,
            -2.921 -25.202 -4.444,
            -2.481 -25.844 -0.000,
            -2.481 -24.286 -8.839,
            -2.921 -24.047 -8.752,
            -2.481 -22.382 -12.922,
            -2.921 -22.162 -12.795,
            -2.481 -19.798 -16.613,
            -2.921 -19.603 -16.449,
            -2.481 -16.613 -19.798,
            -2.921 -16.449 -19.603,
            -2.481 -12.922 -22.382,
            -2.921 -12.795 -22.162,
            -2.481 -8.839 -24.286,
            -2.921 -8.752 -24.047,
            -2.481 -4.488 -25.452,
            -2.921 -4.444 -25.202,
            -2.481 0.000 -25.844,
            -2.921 0.000 -25.590,
            -2.481 4.488 -25.452,
            -2.921 4.444 -25.202,
            -2.481 8.839 -24.286,
            -2.921 8.752 -24.047,
            -2.481 12.922 -22.382,
            -2.921 12.795 -22.162,
            -2.481 16.613 -19.798,
            -2.921 16.449 -19.603,
            -2.481 19.798 -16.613,
            -2.921 19.603 -16.449,
            -2.481 22.382 -12.922,
            -2.921 22.162 -12.795,
            -2.921 24.047 -8.752,
            -2.481 24.286 -8.839,
            -2.481 25.452 -4.488,
            -2.921 25.202 -4.444,
            -2.921 25.590 -0.000,
            -2.481 25.844 -0.000,
            -0.381 -24.384 -0.000,
            -0.821 -23.771 -4.148,
            -0.821 -24.130 -0.000,
            -0.381 -24.021 -4.193,
            -0.821 -22.704 -8.173,
            -0.381 -22.942 -8.260,
            -0.821 -20.960 -11.955,
            -0.381 -21.180 -12.082,
            -0.821 -18.593 -15.380,
            -0.381 -18.788 -15.544,
            -0.821 -15.672 -18.348,
            -0.381 -15.835 -18.542,
            -0.821 -12.284 -20.769,
            -0.381 -12.411 -20.989,
            -0.821 -8.531 -22.572,
            -0.381 -8.618 -22.810,
            -0.821 -4.523 -23.702,
            -0.381 -4.567 -23.952,
            -0.821 -0.381 -24.127,
            -0.381 -0.381 -24.381,
            -2.921 -24.570 -0.000,
            -2.667 -23.763 4.190,
            -2.667 -24.130 -0.000,
            -2.921 -24.197 4.267,
            -2.667 -22.675 8.253,
            -2.921 -23.088 8.403,
            -2.667 -20.897 12.065,
            -2.921 -21.278 12.285,
            -2.667 -18.485 15.510,
            -2.921 -18.822 15.793,
            -2.667 -15.510 18.485,
            -2.921 -15.793 18.822,
            -2.667 -12.065 20.897,
            -2.921 -12.285 21.278,
            -2.667 -8.253 22.675,
            -2.921 -8.403 23.088,
            -2.921 -4.267 24.197,
            -2.667 -4.190 23.763,
            -2.667 -0.000 24.130,
            -2.921 0.000 24.570,
            -2.921 4.267 24.197,
            -2.667 4.190 23.763,
            -2.667 8.253 22.675,
            -2.921 8.403 23.088,
            -2.667 12.065 20.897,
            -2.921 12.285 21.278,
            -2.921 15.793 18.822,
            -2.667 15.510 18.485,
            -2.921 18.822 15.793,
            -2.667 18.485 15.510,
            -2.921 21.278 12.285,
            -2.667 20.897 12.065,
            -2.921 23.088 8.403,
            -2.667 22.675 8.253,
            -2.667 23.763 4.190,
            -2.921 24.197 4.267,
            -2.921 24.570 0.000,
            -2.667 24.130 -0.000,
            -0.635 -25.459 -4.446,
            -0.635 -25.844 -0.000,
            -0.635 -24.315 -8.760,
            -0.635 -22.445 -12.812,
            -0.635 -19.906 -16.482,
            -0.635 -16.774 -19.661,
            -0.635 -13.142 -22.254,
            -0.635 -9.117 -24.183,
            -0.635 -4.821 -25.391,
            -1.016 -0.381 -25.842,
            -1.016 -0.127 -25.844,
            -1.016 0.127 -25.844,
            -1.016 0.381 -25.842,
            -0.635 -0.381 -25.842,
            -0.635 4.821 -25.391,
            -0.635 0.381 -25.842,
            -0.635 9.117 -24.183,
            -0.635 13.142 -22.254,
            -0.635 16.774 -19.661,
            -0.635 19.906 -16.482,
            -0.635 22.445 -12.812,
            -0.635 24.315 -8.760,
            -0.635 25.459 -4.446,
            -0.821 24.130 -0.000,
            -0.821 23.771 4.148,
            -0.821 22.704 8.173,
            -0.821 20.960 11.955,
            -0.821 18.593 15.380,
            -0.821 15.672 18.348,
            -0.821 12.284 20.769,
            -0.821 8.531 22.572,
            -0.821 4.523 23.702,
            -1.016 0.381 24.127,
            -1.016 0.127 24.130,
            -1.016 -0.127 24.130,
            -1.016 -0.381 24.127,
            -0.821 0.381 24.127,
            -0.821 -0.381 24.127,
            -0.821 -4.523 23.702,
            -0.821 -8.531 22.572,
            -0.821 -12.284 20.769,
            -0.821 -15.672 18.348,
            -0.821 -18.593 15.380,
            -0.821 -20.960 11.955,
            -0.821 -22.704 8.173,
            -0.821 -23.771 4.148,
            -0.381 0.381 24.381,
            -0.381 4.567 23.952,
            -0.381 8.618 22.810,
            -0.381 12.411 20.989,
            -0.381 15.835 18.542,
            -0.381 18.788 15.544,
            -0.381 21.180 12.082,
            -0.381 22.942 8.260,
            -0.381 24.021 4.193,
            -0.381 24.384 0.000,
            -0.381 24.021 -4.193,
            -0.381 25.026 -4.370,
            -0.381 0.381 -25.402,
            -0.381 4.745 -24.958,
            -0.381 0.381 -24.381,
            -0.381 4.567 -23.952,
            -0.381 22.942 -8.260,
            -0.381 23.901 -8.609,
            -0.381 8.967 -23.769,
            -0.381 8.618 -22.810,
            -0.381 21.180 -12.082,
            -0.381 22.064 -12.592,
            -0.381 18.788 -15.544,
            -0.381 12.922 -21.873,
            -0.381 12.411 -20.989,
            -0.381 19.569 -16.200,
            -0.381 15.835 -18.542,
            -0.381 16.491 -19.324,
            -0.381 -19.569 16.200,
            -0.381 -15.835 18.542,
            -0.381 -16.491 19.324,
            -0.381 -22.064 12.592,
            -0.381 -18.788 15.544,
            -0.381 -12.411 20.989,
            -0.381 -12.922 21.873,
            -0.381 -21.180 12.082,
            -0.381 -23.901 8.609,
            -0.381 -8.618 22.810,
            -0.381 -8.967 23.769,
            -0.381 -22.942 8.260,
            -0.381 -25.026 4.370,
            -0.381 -4.567 23.952,
            -0.381 -4.745 24.958,
            -0.381 -24.021 4.193,
            -0.381 -25.405 -0.000,
            -0.381 -0.381 24.381,
            -0.381 -0.381 25.402,
            -0.381 -25.026 -4.370,
            -0.381 -23.901 -8.609,
            -0.381 -22.064 -12.592,
            -0.381 -19.569 -16.200,
            -0.381 -16.491 -19.324,
            -0.381 -12.922 -21.873,
            -0.381 -8.967 -23.769,
            -0.381 -4.745 -24.958,
            -0.381 -0.381 -25.402,
            -2.667 -23.763 -4.190,
            -2.667 -22.675 -8.253,
            -2.667 -20.897 -12.065,
            -2.667 -18.485 -15.510,
            -2.667 -15.510 -18.485,
            -2.667 -12.065 -20.897,
            -2.667 -8.253 -22.675,
            -2.667 -4.190 -23.763,
            -1.016 -0.381 -24.127,
            -2.667 0.000 -24.130,
            -1.016 -0.127 -24.130,
            -1.016 0.127 -24.130,
            -1.016 0.381 -24.127,
            -2.667 4.190 -23.763,
            -0.821 0.381 -24.127,
            -0.821 4.523 -23.702,
            -2.667 8.253 -22.675,
            -0.821 8.531 -22.572,
            -2.667 12.065 -20.897,
            -0.821 12.284 -20.769,
            -2.667 15.510 -18.485,
            -0.821 15.672 -18.348,
            -2.667 18.485 -15.510,
            -0.821 18.593 -15.380,
            -2.667 20.897 -12.065,
            -0.821 20.960 -11.955,
            -2.667 22.675 -8.253,
            -0.821 22.704 -8.173,
            -2.667 23.763 -4.190,
            -0.821 23.771 -4.148,
            -2.921 19.603 16.449,
            -2.921 16.449 19.603,
            -2.921 22.162 12.795,
            -2.921 12.795 22.162,
            -2.921 24.047 8.752,
            -2.921 8.752 24.047,
            -2.921 25.202 4.444,
            -2.921 4.444 25.202,
            -2.921 -0.000 25.590,
            -2.921 -4.444 25.202,
            -2.921 24.197 -4.267,
            -2.921 -8.752 24.047,
            -2.921 23.088 -8.403,
            -2.921 -12.795 22.162,
            -2.921 21.278 -12.285,
            -2.921 -16.449 19.603,
            -2.921 18.822 -15.793,
            -2.921 15.793 -18.822,
            -2.921 -19.603 16.449,
            -2.921 12.285 -21.278,
            -2.921 -22.162 12.795,
            -2.921 8.403 -23.088,
            -2.921 -24.047 8.752,
            -2.921 4.267 -24.197,
            -2.921 -25.202 4.444,
            -2.921 0.000 -24.570,
            -2.921 -4.267 -24.197,
            -2.921 -24.197 -4.267,
            -2.921 -23.088 -8.403,
            -2.921 -8.403 -23.088,
            -2.921 -21.278 -12.285,
            -2.921 -12.285 -21.278,
            -2.921 -15.793 -18.822,
            -2.921 -18.822 -15.793,
            -2.481 25.452 4.488,
            -2.481 24.286 8.839,
            -2.481 22.382 12.922,
            -2.481 19.798 16.613,
            -2.481 16.613 19.798,
            -2.481 12.922 22.382,
            -2.481 8.839 24.286,
            -2.481 4.488 25.452,
            -1.016 0.381 25.842,
            -2.481 0.000 25.844,
            -1.016 0.127 25.844,
            -1.016 -0.127 25.844,
            -1.016 -0.381 25.842,
            -2.481 -4.488 25.452,
            -0.635 -4.821 25.391,
            -2.481 -8.839 24.286,
            -0.635 -0.381 25.842,
            -0.635 -9.117 24.183,
            -2.481 -12.922 22.382,
            -0.635 -13.142 22.254,
            -2.481 -16.613 19.798,
            -0.635 -16.774 19.661,
            -2.481 -19.798 16.613,
            -0.635 -19.906 16.482,
            -2.481 -22.382 12.922,
            -0.635 -22.445 12.812,
            -2.481 -24.286 8.839,
            -0.635 -24.315 8.760,
            -2.481 -25.452 4.488,
            -0.635 -25.459 4.446,
            -5.318 0.249 -25.399,
            -5.318 4.656 -24.970,
            -5.220 4.652 -24.950,
            -5.220 0.249 -25.379,
            -5.318 -4.165 -25.056,
            -5.220 -4.162 -25.036,
            -5.318 -8.453 -23.952,
            -5.220 -8.446 -23.933,
            -5.318 -12.484 -22.120,
            -5.220 -12.474 -22.103,
            -5.318 -16.135 -19.617,
            -5.220 -16.123 -19.601,
            -5.318 -19.297 -16.517,
            -5.220 -19.281 -16.504,
            -5.318 -21.872 -12.915,
            -5.220 -21.854 -12.905,
            -5.318 -23.782 -8.921,
            -5.220 -23.763 -8.914,
            -5.318 -24.970 -4.656,
            -5.220 -24.950 -4.652,
            -5.318 -25.399 -0.249,
            -5.220 -25.379 -0.249,
            -5.318 -25.056 4.165,
            -5.220 -25.036 4.162,
            -5.318 -23.952 8.453,
            -5.220 -23.933 8.446,
            -5.318 -22.120 12.484,
            -5.220 -22.103 12.474,
            -5.318 -19.617 16.135,
            -5.220 -19.601 16.123,
            -5.220 -16.504 19.281,
            -5.318 -16.517 19.297,
            -5.318 -12.915 21.872,
            -5.220 -12.905 21.854,
            -5.318 -8.921 23.782,
            -5.220 -8.914 23.763,
            -5.318 -4.656 24.970,
            -5.220 -4.652 24.950,
            -8.005 -8.921 23.782,
            -8.255 -4.610 24.724,
            -8.255 -8.833 23.548,
            -8.005 -4.656 24.970,
            -8.005 -12.915 21.872,
            -8.255 -12.788 21.656,
            -8.005 -16.517 19.297,
            -8.255 -16.354 19.107,
            -8.005 -19.617 16.135,
            -8.255 -19.423 15.977,
            -8.005 -22.120 12.484,
            -8.255 -21.903 12.361,
            -8.005 -23.952 8.453,
            -8.255 -23.716 8.370,
            -8.005 -25.056 4.165,
            -8.255 -24.810 4.124,
            -8.005 -25.399 -0.249,
            -8.255 -25.149 -0.246,
            -8.005 -24.970 -4.656,
            -8.255 -24.724 -4.610,
            -8.005 -23.782 -8.921,
            -8.255 -23.548 -8.833,
            -8.005 -21.872 -12.915,
            -8.255 -21.656 -12.788,
            -8.005 -19.297 -16.517,
            -8.255 -19.107 -16.354,
            -8.005 -16.135 -19.617,
            -8.255 -15.977 -19.423,
            -8.005 -12.484 -22.120,
            -8.255 -12.361 -21.903,
            -8.005 -8.453 -23.952,
            -8.255 -8.370 -23.716,
            -8.005 -4.165 -25.056,
            -8.255 -4.124 -24.810,
            -8.005 0.249 -25.399,
            -8.255 0.246 -25.149,
            -8.005 4.656 -24.970,
            -8.255 4.610 -24.724,
            -5.220 25.379 0.249,
            -5.220 24.950 4.652,
            -1.159 22.835 4.257,
            -1.159 -22.835 -4.257,
            -2.711 24.071 -2.005,
            -5.220 25.036 -4.162,
            2.315 20.414 -2.687,
            2.489 20.087 3.745,
            5.623 16.781 3.129,
            -1.401 21.751 -8.579,
            -5.220 22.103 -12.474,
            -5.220 23.933 -8.446,
            6.344 15.713 -3.564,
            8.155 13.011 2.426,
            2.784 17.889 -9.299,
            9.158 10.224 -4.587,
            10.015 8.880 1.656,
            11.152 4.502 0.839,
            -1.618 18.386 -14.663,
            -5.220 16.504 -19.281,
            -5.220 19.601 -16.123,
            5.946 13.180 -10.177,
            10.604 4.243 -5.702,
            11.535 -0.000 0.000,
            1.549 14.691 -15.352,
            7.914 7.880 -11.165,
            10.604 -1.903 -6.848,
            11.152 -4.502 -0.839,
            -3.507 14.468 -19.868,
            -5.220 12.905 -21.854,
            3.761 10.376 -16.156,
            8.582 2.277 -12.210,
            9.158 -7.884 -7.963,
            10.015 -8.880 -1.656,
            8.155 -13.011 -2.426,
            -1.401 11.331 -20.453,
            -5.220 8.914 -23.763,
            4.898 5.675 -17.032,
            7.914 -3.327 -13.255,
            6.344 -13.373 -8.987,
            5.623 -16.781 -3.129,
            -0.089 7.799 -21.112,
            4.898 0.844 -17.933,
            5.946 -8.627 -14.243,
            2.315 -18.074 -9.863,
            2.489 -20.087 -3.745,
            0.356 4.066 -21.808,
            3.761 -3.857 -18.810,
            2.784 -13.336 -15.121,
            -2.711 -21.731 -10.545,
            -0.089 0.332 -22.504,
            1.549 -8.172 -19.614,
            -1.401 -17.198 -15.841,
            -1.401 -3.199 -23.162,
            -1.618 -11.867 -20.303,
            -3.507 -6.336 -23.747,
            -7.361 -25.219 3.024,
            -7.361 -25.248 2.775,
            -7.361 -25.274 2.525,
            -7.361 -25.298 2.276,
            -7.361 -25.310 2.134,
            -7.361 -25.315 2.082,
            -7.361 -25.319 2.030,
            -7.361 -25.323 1.979,
            -7.199 -25.298 2.276,
            -7.361 -25.388 0.785,
            -7.361 -25.389 0.733,
            -7.361 -25.391 0.682,
            -7.361 -25.392 0.630,
            -7.361 -25.399 -0.225,
            -7.361 -25.399 -0.272,
            -7.361 -25.398 -0.320,
            -7.361 -25.397 -0.367,
            -6.995 -25.398 0.277,
            -6.995 -25.395 0.528,
            -6.995 -25.400 0.026,
            -6.995 -25.399 -0.225,
            -7.361 -25.359 -1.445,
            -7.361 -25.356 -1.493,
            -7.361 -25.353 -1.540,
            -7.361 -25.350 -1.587,
            -6.995 -25.396 -0.428,
            -6.995 -25.397 -0.367,
            -6.995 -25.395 -0.489,
            -6.995 -25.394 -0.550,
            -6.995 -25.391 -0.693,
            -6.995 -25.382 -0.944,
            -7.390 -25.290 -2.360,
            -7.356 -25.299 -2.263,
            -6.832 -25.394 -0.550,
            -7.402 -25.279 -2.472,
            -7.309 -25.306 -2.185,
            -6.995 -25.372 -1.194,
            -7.261 -25.311 -2.129,
            -5.774 -25.230 2.930,
            -5.774 -25.236 2.883,
            -5.774 -25.219 3.024,
            -5.774 -25.225 2.977,
            -7.388 -25.267 -2.595,
            -7.213 -25.314 -2.089,
            -6.995 -25.359 -1.445,
            -6.995 -25.346 -1.648,
            -6.995 -25.350 -1.587,
            -7.121 -25.318 -2.036,
            -6.995 -25.342 -1.709,
            -6.995 -25.338 -1.770,
            -7.022 -25.321 -2.004,
            -6.919 -25.322 -1.993,
            -6.811 -25.321 -2.005,
            -6.832 -25.338 -1.770,
            -5.774 -25.362 1.382,
            -7.361 -25.103 -3.873,
            -7.130 -25.232 -2.919,
            -7.209 -25.237 -2.871,
            -7.284 -25.245 -2.801,
            -7.343 -25.255 -2.713,
            -7.369 -25.261 -2.655,
            -7.361 -25.096 -3.920,
            -7.361 -25.088 -3.967,
            -7.361 -25.081 -4.014,
            -6.692 -25.318 -2.041,
            -6.832 -25.350 -1.587,
            -6.832 -25.346 -1.648,
            -6.832 -25.342 -1.709,
            -6.995 -25.207 -3.127,
            -7.031 -25.228 -2.953,
            -6.916 -25.226 -2.966,
            -6.995 -25.175 -3.376,
            -6.581 -25.313 -2.095,
            -6.995 -25.140 -3.625,
            -6.995 -25.103 -3.873,
            -7.361 -24.888 -5.075,
            -7.361 -24.877 -5.126,
            -7.361 -24.867 -5.177,
            -7.361 -24.856 -5.227,
            -6.995 -25.071 -4.074,
            -6.995 -25.081 -4.014,
            -6.995 -25.061 -4.134,
            -6.995 -25.051 -4.195,
            -5.733 -25.397 -0.367,
            -6.832 -25.397 -0.367,
            -6.832 -25.396 -0.428,
            -6.832 -25.027 -4.335,
            -6.832 -25.051 -4.195,
            -6.832 -24.992 -4.535,
            -7.361 -24.583 -6.391,
            -6.832 -24.955 -4.736,
            -7.361 -24.570 -6.441,
            -7.361 -24.557 -6.491,
            -6.669 -25.027 -4.335,
            -6.832 -25.081 -4.014,
            -6.832 -25.071 -4.074,
            -6.832 -25.061 -4.134,
            -6.832 -24.916 -4.935,
            -7.830 -24.022 -8.254,
            -7.361 -24.479 -6.777,
            -7.361 -24.543 -6.541,
            -5.733 -25.352 -1.558,
            -5.733 -25.352 -1.568,
            -5.733 -25.351 -1.578,
            -5.733 -25.350 -1.587,
            -5.733 -25.398 -0.338,
            -5.733 -25.398 -0.348,
            -5.733 -25.397 -0.358,
            -5.774 -25.363 1.362,
            -5.774 -25.363 1.376,
            -5.774 -25.363 1.369,
            -7.830 -24.010 -8.286,
            -7.830 -23.999 -8.318,
            -7.830 -23.988 -8.350,
            -7.361 -24.441 -6.914,
            -7.361 -24.401 -7.052,
            -7.361 -24.361 -7.189,
            -7.355 -24.333 -7.286,
            -6.853 -24.753 -5.697,
            -6.853 -24.806 -5.463,
            -7.332 -24.304 -7.380,
            -6.853 -24.698 -5.931,
            -5.819 -25.251 -2.751,
            -6.450 -25.285 -2.416,
            -6.446 -25.277 -2.497,
            -6.457 -25.266 -2.608,
            -6.853 -24.641 -6.164,
            -5.733 -25.262 -2.642,
            -5.733 -25.085 -3.985,
            -6.479 -25.258 -2.678,
            -5.733 -25.081 -4.014,
            -6.669 -24.992 -4.535,
            -6.669 -24.955 -4.736,
            -7.231 -23.581 -9.438,
            -7.254 -23.555 -9.503,
            -7.270 -23.527 -9.573,
            -7.273 -23.468 -9.716,
            -6.466 -24.288 -7.434,
            -6.505 -24.304 -7.382,
            -6.550 -24.274 -7.478,
            -6.424 -24.275 -7.474,
            -5.774 -24.726 -5.811,
            -6.669 -24.916 -4.935,
            -5.774 -24.725 -5.817,
            -5.774 -24.723 -5.824,
            -5.774 -24.722 -5.830,
            -5.733 -25.084 -3.995,
            -5.733 -25.082 -4.004,
            -6.323 -24.125 -7.945,
            -6.256 -24.252 -7.549,
            -6.314 -24.257 -7.534,
            -6.372 -24.265 -7.508,
            -6.590 -24.256 -7.536,
            -6.632 -24.243 -7.578,
            -7.250 -22.955 -10.872,
            -7.213 -23.380 -9.926,
            -7.253 -23.424 -9.823,
            -7.221 -22.989 -10.802,
            -7.269 -22.921 -10.944,
            -7.274 -22.881 -11.029,
            -7.159 -23.037 -10.698,
            -7.142 -23.330 -10.043,
            -6.241 -24.125 -7.945,
            -6.167 -24.250 -7.558,
            -7.269 -22.839 -11.114,
            -7.066 -23.090 -10.584,
            -7.046 -23.280 -10.160,
            -7.242 -22.791 -11.214,
            -5.774 -24.479 -6.777,
            -7.201 -22.748 -11.301,
            -6.908 -23.160 -10.429,
            -6.898 -23.216 -10.305,
            -6.323 -23.879 -8.657,
            -6.602 -23.712 -9.106,
            -6.505 -23.705 -9.122,
            -6.835 -23.190 -10.362,
            -6.415 -23.694 -9.151,
            -7.149 -22.712 -11.372,
            -6.058 -24.069 -8.115,
            -5.983 -24.263 -7.515,
            -6.072 -24.253 -7.547,
            -7.084 -22.679 -11.438,
            -6.322 -23.676 -9.199,
            -6.241 -23.879 -8.657,
            -5.932 -24.038 -8.206,
            -5.903 -24.279 -7.463,
            -7.004 -22.649 -11.497,
            -6.236 -23.650 -9.264,
            -5.862 -24.024 -8.247,
            -5.865 -24.291 -7.423,
            -6.191 -23.633 -9.308,
            -6.139 -23.915 -8.557,
            -6.909 -22.625 -11.544,
            -6.153 -23.614 -9.356,
            -5.794 -24.014 -8.277,
            -5.780 -24.360 -7.195,
            -5.799 -24.330 -7.296,
            -5.829 -24.308 -7.369,
            -6.102 -23.581 -9.439,
            -6.029 -23.949 -8.463,
            -6.422 -23.164 -10.420,
            -6.414 -23.219 -10.297,
            -6.485 -23.190 -10.362,
            -6.067 -23.544 -9.531,
            -5.917 -23.976 -8.384,
            -6.047 -23.502 -9.634,
            -5.794 -23.998 -8.321,
            -6.273 -23.099 -10.565,
            -6.250 -23.290 -10.135,
            -6.177 -23.046 -10.679,
            -6.158 -23.340 -10.020,
            -6.108 -22.993 -10.793,
            -6.096 -23.385 -9.914,
            -6.068 -22.946 -10.893,
            -6.068 -23.416 -9.842,
            -6.050 -23.446 -9.769,
            -6.047 -22.896 -10.996,
            -5.794 -24.009 -8.291,
            -5.794 -24.004 -8.306,
            -5.774 -24.452 -6.876,
            -5.774 -24.423 -6.975,
            -5.774 -24.395 -7.075,
            -6.669 -22.601 -11.590,
            -6.748 -22.604 -11.586,
            -6.832 -22.612 -11.569,
            -6.048 -22.835 -11.123,
            -6.145 -22.716 -11.364,
            -6.212 -22.680 -11.436,
            -6.092 -22.760 -11.276,
            -6.064 -22.796 -11.203,
            -6.283 -22.653 -11.489,
            -6.364 -22.631 -11.532,
            -6.471 -22.612 -11.569,
            -6.584 -22.603 -11.588,
            -6.120 -23.988 -8.350,
            -6.181 -23.964 -8.418,
            -6.235 -23.937 -8.496,
            -6.683 -23.712 -9.105,
            -6.764 -23.710 -9.110,
            -6.886 -23.700 -9.137,
            -6.984 -23.684 -9.178,
            -7.057 -23.666 -9.223,
            -7.123 -23.645 -9.279,
            -7.186 -23.615 -9.355,
            -6.120 -24.022 -8.254,
            -6.220 -24.066 -8.123,
            -6.275 -24.096 -8.035,
            -6.810 -24.216 -7.664,
            -6.715 -24.227 -7.631,
            -6.911 -24.213 -7.674,
            -7.010 -24.216 -7.664,
            -7.102 -24.226 -7.634,
            -7.180 -24.240 -7.587,
            -7.256 -24.263 -7.516,
            -7.290 -24.277 -7.469,
            -6.817 -25.227 -2.956,
            -6.722 -25.231 -2.927,
            -6.637 -25.236 -2.877,
            -6.590 -25.241 -2.838,
            -6.522 -25.250 -2.758,
            -6.458 -25.307 -2.170,
            -6.461 -25.293 -2.334,
            -6.832 -25.395 -0.489,
            -7.199 -25.279 2.478,
            -7.199 -25.258 2.681,
            -7.199 -25.236 2.883,
            -6.853 -25.380 1.019,
            -6.853 -25.369 1.259,
            -6.853 -25.356 1.498,
            -6.853 -25.340 1.738,
            -7.011 -23.440 -9.783,
            -6.989 -23.547 -9.523,
            -7.019 -23.515 -9.602,
            -7.026 -23.479 -9.689,
            -6.970 -23.402 -9.876,
            -6.928 -23.579 -9.444,
            -6.911 -23.364 -9.964,
            -6.877 -23.594 -9.405,
            -6.830 -23.324 -10.057,
            -6.822 -23.606 -9.377,
            -6.764 -23.613 -9.358,
            -6.660 -23.257 -10.212,
            -6.594 -23.616 -9.352,
            -6.698 -23.617 -9.348,
            -6.485 -23.328 -10.049,
            -6.497 -23.604 -9.382,
            -6.411 -23.582 -9.437,
            -6.399 -23.369 -9.953,
            -6.362 -23.562 -9.487,
            -6.363 -23.390 -9.902,
            -6.334 -23.411 -9.853,
            -6.312 -23.525 -9.577,
            -6.311 -23.434 -9.798,
            -6.298 -23.457 -9.743,
            -6.294 -23.484 -9.679,
            -6.294 -23.466 -9.723,
            -7.008 -22.838 -11.116,
            -7.002 -22.932 -10.921,
            -7.021 -22.885 -11.019,
            -6.973 -22.802 -11.191,
            -6.961 -22.972 -10.837,
            -6.915 -22.769 -11.257,
            -6.889 -23.018 -10.740,
            -6.833 -22.741 -11.313,
            -6.720 -23.094 -10.575,
            -6.736 -22.725 -11.346,
            -6.675 -22.722 -11.353,
            -6.659 -23.120 -10.517,
            -6.612 -22.722 -11.351,
            -6.590 -23.092 -10.580,
            -6.540 -22.729 -11.337,
            -6.446 -23.026 -10.722,
            -6.475 -22.741 -11.313,
            -6.419 -22.758 -11.279,
            -6.373 -22.981 -10.818,
            -6.371 -22.780 -11.235,
            -6.343 -22.957 -10.869,
            -6.323 -22.817 -11.159,
            -6.322 -22.933 -10.919,
            -6.300 -22.860 -11.072,
            -6.300 -22.889 -11.012,
            -8.005 8.921 -23.782,
            -5.318 8.921 -23.782,
            -8.005 12.915 -21.872,
            -5.318 12.915 -21.872,
            -8.005 16.517 -19.297,
            -5.318 16.517 -19.297,
            -8.005 19.617 -16.135,
            -5.318 19.617 -16.135,
            -8.005 22.120 -12.484,
            -5.318 22.120 -12.484,
            -8.005 23.952 -8.453,
            -5.318 23.952 -8.453,
            -8.005 25.056 -4.165,
            -5.318 25.056 -4.165,
            -8.005 25.399 0.249,
            -5.318 25.399 0.249,
            -8.005 24.970 4.656,
            -5.318 24.970 4.656,
            -8.005 23.782 8.921,
            -5.318 23.782 8.921,
            -8.005 21.872 12.915,
            -5.318 21.872 12.915,
            -8.005 19.297 16.517,
            -5.318 19.297 16.517,
            -8.005 16.135 19.617,
            -5.318 16.135 19.617,
            -8.005 12.484 22.120,
            -5.318 12.484 22.120,
            -5.318 8.453 23.952,
            -8.005 8.453 23.952,
            -8.005 4.165 25.056,
            -5.318 4.165 25.056,
            -5.318 -0.249 25.399,
            -8.005 -0.249 25.399,
            -6.083 -25.363 1.374,
            -6.690 -25.346 1.661,
            -6.690 -25.357 1.472,
            -6.690 -25.368 1.283,
            -6.690 -25.376 1.094,
            -6.143 -25.399 -0.225,
            -6.832 -25.399 0.248,
            -6.832 -25.400 0.091,
            -6.832 -25.400 -0.067,
            -6.832 -25.399 -0.225,
            -6.143 -25.359 -1.445,
            -6.832 -25.381 -0.972,
            -6.832 -25.375 -1.130,
            -6.832 -25.367 -1.288,
            -6.832 -25.359 -1.445,
            -7.234 -25.272 -2.548,
            -7.225 -25.289 -2.375,
            -7.239 -25.279 -2.480,
            -7.217 -25.265 -2.611,
            -7.181 -25.298 -2.279,
            -7.190 -25.260 -2.667,
            -7.119 -25.251 -2.752,
            -7.107 -25.305 -2.199,
            -7.055 -25.308 -2.165,
            -7.029 -25.245 -2.806,
            -6.992 -25.309 -2.143,
            -6.925 -25.243 -2.824,
            -6.925 -25.310 -2.135,
            -6.855 -25.243 -2.816,
            -6.819 -25.309 -2.152,
            -6.792 -25.246 -2.793,
            -6.726 -25.304 -2.205,
            -6.739 -25.250 -2.757,
            -6.666 -25.259 -2.674,
            -6.654 -25.297 -2.286,
            -6.622 -25.269 -2.575,
            -6.624 -25.291 -2.356,
            -6.608 -25.280 -2.468,
            -6.143 -25.103 -3.873,
            -6.832 -25.171 -3.405,
            -6.832 -25.149 -3.561,
            -6.832 -25.127 -3.717,
            -6.832 -25.103 -3.873,
            -6.083 -24.724 -5.819,
            -6.690 -24.789 -5.539,
            -6.690 -24.747 -5.723,
            -6.690 -24.704 -5.907,
            -6.690 -24.659 -6.091,
            -7.199 -24.441 -6.914,
            -7.199 -24.422 -6.979,
            -7.199 -24.404 -7.044,
            -7.199 -24.385 -7.109,
            -7.186 -24.333 -7.285,
            -7.174 -24.317 -7.338,
            -7.152 -24.301 -7.391,
            -7.091 -24.278 -7.467,
            -7.009 -24.262 -7.519,
            -6.911 -24.256 -7.538,
            -6.818 -24.260 -7.523,
            -6.764 -24.269 -7.496,
            -6.701 -24.286 -7.441,
            -6.655 -24.308 -7.369,
            -6.627 -24.331 -7.290,
            -6.611 -24.374 -7.148,
            -6.446 -24.441 -6.914,
            -6.608 -24.441 -6.914,
            -6.608 -24.432 -6.944,
            -6.446 -24.432 -6.945,
            -6.608 -24.424 -6.974,
            -6.446 -24.423 -6.975,
            -6.446 -24.415 -7.006,
            -6.608 -24.415 -7.005,
            -6.434 -24.365 -7.176,
            -6.402 -24.335 -7.279,
            -6.345 -24.312 -7.354,
            -6.266 -24.297 -7.404,
            -6.170 -24.292 -7.421,
            -6.070 -24.298 -7.401,
            -6.015 -24.310 -7.363,
            -5.966 -24.332 -7.286,
            -5.943 -24.359 -7.196,
            -5.937 -24.388 -7.100,
            -5.937 -24.441 -6.914,
            -5.937 -24.406 -7.038,
            -5.937 -24.423 -6.976,
            -5.220 23.763 8.914,
            -3.507 13.417 20.592,
            -5.220 16.123 19.601,
            -5.220 12.474 22.103,
            -2.361 4.828 23.466,
            -5.220 8.446 23.933,
            -5.220 4.162 25.036,
            -5.220 -0.249 25.379,
            -3.807 18.744 16.129,
            -5.220 21.854 12.905,
            -5.220 19.281 16.504,
            0.076 10.110 19.976,
            -0.640 1.471 22.840,
            0.806 15.387 15.503,
            2.784 6.078 19.224,
            0.244 -2.186 22.158,
            -0.089 20.046 10.231,
            4.504 11.072 14.699,
            4.469 1.539 18.378,
            0.244 -5.946 21.457,
            4.469 15.839 9.446,
            7.087 6.034 13.760,
            5.041 -3.260 17.483,
            -0.640 -9.603 20.775,
            7.914 10.709 8.490,
            8.415 0.545 12.736,
            4.469 -8.058 16.588,
            -2.361 -12.960 20.149,
            10.059 4.935 7.413,
            8.415 -5.098 11.684,
            2.784 -12.597 15.742,
            -4.825 -15.834 19.614,
            10.787 -1.170 6.275,
            7.087 -10.587 10.661,
            0.076 -16.629 14.990,
            10.059 -7.275 5.137,
            4.504 -15.626 9.721,
            -3.507 -19.937 14.374,
            7.914 -13.049 4.060,
            0.806 -19.940 8.917,
            4.469 -18.179 3.104,
            -3.807 -23.297 8.291,
            -0.089 -22.386 2.319,
            -8.255 19.423 -15.977,
            -8.255 23.716 -8.370,
            -8.255 21.903 -12.361,
            -8.255 25.149 0.246,
            -8.255 24.810 -4.124,
            -8.255 8.833 -23.548,
            -8.255 12.788 -21.656,
            -8.255 23.548 8.833,
            -8.255 24.724 4.610,
            -8.255 16.354 -19.107,
            -8.255 21.656 12.788,
            -8.255 15.977 19.423,
            -8.255 19.107 16.354,
            -8.255 12.361 21.903,
            -8.255 4.124 24.810,
            -8.255 8.370 23.716,
            -8.255 -0.246 25.149,
            -8.763 4.852 -27.516,
            -9.017 0.000 -27.686,
            -9.017 4.808 -27.265,
            -8.763 0.000 -27.940,
            -8.763 9.556 -26.255,
            -9.017 9.469 -26.016,
            -8.763 13.970 -24.197,
            -9.017 13.843 -23.977,
            -8.763 17.959 -21.403,
            -9.017 17.796 -21.209,
            -8.763 21.403 -17.959,
            -9.017 21.209 -17.796,
            -8.763 24.197 -13.970,
            -9.017 23.977 -13.843,
            -8.763 26.255 -9.556,
            -9.017 26.016 -9.469,
            -8.763 27.516 -4.852,
            -9.017 27.265 -4.808,
            -8.763 27.940 -0.000,
            -9.017 27.686 0.000,
            -8.763 27.516 4.852,
            -9.017 27.265 4.808,
            -8.763 26.255 9.556,
            -9.017 26.016 9.469,
            -8.763 24.197 13.970,
            -9.017 23.977 13.843,
            -8.763 21.403 17.959,
            -9.017 21.209 17.796,
            -9.017 17.796 21.209,
            -8.763 17.959 21.403,
            -8.763 13.970 24.197,
            -9.017 13.843 23.977,
            -9.017 9.469 26.016,
            -8.763 9.556 26.255,
            -8.763 4.852 27.516,
            -9.017 4.808 27.265,
            -8.763 0.000 27.940,
            -9.017 0.000 27.686,
            11.811 4.852 27.516,
            12.065 0.000 27.686,
            12.065 4.808 27.265,
            11.811 0.000 27.940,
            11.811 9.556 26.255,
            12.065 9.469 26.016,
            11.811 13.970 24.197,
            12.065 13.843 23.977,
            11.811 17.959 21.403,
            12.065 17.796 21.209,
            11.811 21.403 17.959,
            12.065 21.209 17.796,
            11.811 24.197 13.970,
            12.065 23.977 13.843,
            11.811 26.255 9.556,
            12.065 26.016 9.469,
            11.811 27.516 4.852,
            12.065 27.265 4.808,
            11.811 27.940 0.000,
            12.065 27.686 -0.000,
            11.811 27.516 -4.852,
            12.065 27.265 -4.808,
            11.811 26.255 -9.556,
            12.065 26.016 -9.469,
            11.811 24.197 -13.970,
            12.065 23.977 -13.843,
            11.811 21.403 -17.959,
            12.065 21.209 -17.796,
            11.811 17.959 -21.403,
            12.065 17.796 -21.209,
            11.811 13.970 -24.197,
            12.065 13.843 -23.977,
            11.811 9.556 -26.255,
            12.065 9.469 -26.016,
            11.811 4.852 -27.516,
            12.065 4.808 -27.265,
            11.811 0.000 -27.940,
            12.065 0.000 -27.686,
            -11.811 4.488 -25.452,
            -12.065 0.000 -25.405,
            -12.065 4.411 -25.019,
            -11.811 0.000 -25.844,
            -11.811 8.839 -24.286,
            -12.065 8.689 -23.872,
            -11.811 12.922 -22.382,
            -12.065 12.702 -22.001,
            -11.811 16.613 -19.798,
            -12.065 16.330 -19.461,
            -11.811 19.798 -16.613,
            -12.065 19.461 -16.330,
            -11.811 22.382 -12.922,
            -12.065 22.001 -12.702,
            -11.811 24.286 -8.839,
            -12.065 23.872 -8.689,
            -11.811 25.452 -4.488,
            -12.065 25.019 -4.411,
            -11.811 25.844 -0.000,
            -12.065 25.405 0.000,
            -11.811 25.452 4.488,
            -12.065 25.019 4.411,
            -11.811 24.286 8.839,
            -12.065 23.872 8.689,
            -11.811 22.382 12.922,
            -12.065 22.001 12.702,
            -11.811 19.798 16.613,
            -12.065 19.461 16.330,
            -11.811 16.613 19.798,
            -12.065 16.330 19.461,
            -11.811 12.922 22.382,
            -12.065 12.702 22.001,
            -12.065 8.689 23.872,
            -11.811 8.839 24.286,
            -11.811 4.488 25.452,
            -12.065 4.411 25.019,
            -12.065 0.000 25.405,
            -11.811 0.000 25.844,
            12.065 0.000 26.284,
            11.811 -4.488 25.452,
            11.811 0.000 25.844,
            12.065 -4.564 25.885,
            11.811 -8.839 24.286,
            12.065 -8.990 24.699,
            11.811 -12.922 22.382,
            12.065 -13.142 22.763,
            11.811 -16.613 19.798,
            12.065 -16.895 20.135,
            11.811 -19.798 16.613,
            12.065 -20.135 16.895,
            11.811 -22.382 12.922,
            12.065 -22.763 13.142,
            11.811 -24.286 8.839,
            12.065 -24.699 8.990,
            11.811 -25.452 4.488,
            12.065 -25.885 4.564,
            11.811 -25.844 0.000,
            12.065 -26.284 -0.000,
            11.811 -25.452 -4.488,
            12.065 -25.885 -4.564,
            12.065 -24.699 -8.990,
            11.811 -24.286 -8.839,
            12.065 -22.763 -13.142,
            11.811 -22.382 -12.922,
            12.065 -20.135 -16.895,
            11.811 -19.798 -16.613,
            11.811 -16.613 -19.798,
            12.065 -16.895 -20.135,
            11.811 -12.922 -22.382,
            12.065 -13.142 -22.763,
            12.065 -8.990 -24.699,
            11.811 -8.839 -24.286,
            11.811 -4.488 -25.452,
            12.065 -4.564 -25.885,
            11.811 0.000 -25.844,
            12.065 0.000 -26.284,
            -12.065 0.000 -24.130,
            -12.065 -4.190 -23.763,
            -8.255 0.000 -24.130,
            -8.255 -4.190 -23.763,
            -12.065 -8.253 -22.675,
            -8.255 -8.253 -22.675,
            -8.255 -12.065 -20.897,
            -12.065 -12.065 -20.897,
            -12.065 -15.510 -18.485,
            -8.255 -15.510 -18.485,
            -8.255 -18.485 -15.510,
            -12.065 -18.485 -15.510,
            -12.065 -20.897 -12.065,
            -8.255 -20.897 -12.065,
            -12.065 -22.675 -8.253,
            -8.255 -22.675 -8.253,
            -12.065 -23.763 -4.190,
            -8.255 -23.763 -4.190,
            -8.255 -24.130 -0.000,
            -12.065 -24.130 -0.000,
            -8.255 -23.763 4.190,
            -12.065 -23.763 4.190,
            -12.065 -22.675 8.253,
            -8.255 -22.675 8.253,
            -12.065 -20.897 12.065,
            -8.255 -20.897 12.065,
            -12.065 -18.485 15.510,
            -8.255 -18.485 15.510,
            -12.065 -15.510 18.485,
            -8.255 -15.510 18.485,
            -12.065 -12.065 20.897,
            -8.255 -12.065 20.897,
            -12.065 -8.253 22.675,
            -8.255 -8.253 22.675,
            -8.255 -4.190 23.763,
            -12.065 -4.190 23.763,
            -12.065 0.000 24.130,
            -8.255 0.000 24.130,
            -8.255 0.000 -26.098,
            -8.255 -4.532 -25.702,
            -8.001 0.000 -26.098,
            -8.001 -4.532 -25.702,
            -8.255 -8.926 -24.525,
            -8.001 -8.926 -24.525,
            -8.255 -13.049 -22.602,
            -8.001 -13.049 -22.602,
            -8.255 -16.776 -19.993,
            -8.001 -16.776 -19.993,
            -8.255 -19.993 -16.776,
            -8.001 -19.993 -16.776,
            -8.255 -22.602 -13.049,
            -8.001 -22.602 -13.049,
            -8.255 -24.525 -8.926,
            -8.001 -24.525 -8.926,
            -8.255 -25.702 -4.532,
            -8.001 -25.702 -4.532,
            -8.255 -26.098 -0.000,
            -8.001 -26.098 -0.000,
            -8.255 -25.702 4.532,
            -8.001 -25.702 4.532,
            -8.255 -24.525 8.926,
            -8.001 -24.525 8.926,
            -8.255 -22.602 13.049,
            -8.001 -22.602 13.049,
            -8.255 -19.993 16.776,
            -8.001 -19.993 16.776,
            -8.255 -16.776 19.993,
            -8.001 -16.776 19.993,
            -8.255 -13.049 22.602,
            -8.001 -13.049 22.602,
            -8.255 -8.926 24.525,
            -8.001 -8.926 24.525,
            -8.255 -4.532 25.702,
            -8.001 -4.532 25.702,
            -8.255 0.000 26.098,
            -8.001 0.000 26.098,
            -8.001 0.000 -25.844,
            -8.001 -4.488 -25.452,
            -8.001 -8.839 -24.286,
            -8.001 -12.922 -22.382,
            -8.001 -16.613 -19.798,
            -8.001 -19.798 -16.613,
            -8.001 -22.382 -12.922,
            -8.001 -24.286 -8.839,
            -8.001 -25.452 -4.488,
            -8.001 -25.844 -0.000,
            -8.001 -25.452 4.488,
            -8.001 -24.286 8.839,
            -8.001 -22.382 12.922,
            -8.001 -19.798 16.613,
            -8.001 -16.613 19.798,
            -8.001 -12.922 22.382,
            -8.001 -8.839 24.286,
            -8.001 -4.488 25.452,
            -8.001 0.000 25.844,
            -9.271 4.444 25.202,
            -9.017 0.000 25.590,
            -9.017 4.444 25.202,
            -9.271 0.000 25.590,
            -9.271 8.752 24.047,
            -9.017 8.752 24.047,
            -9.271 12.795 22.162,
            -9.017 12.795 22.162,
            -9.271 16.449 19.603,
            -9.017 16.449 19.603,
            -9.271 19.603 16.449,
            -9.017 19.603 16.449,
            -9.271 22.162 12.795,
            -9.017 22.162 12.795,
            -9.271 24.047 8.752,
            -9.017 24.047 8.752,
            -9.271 25.202 4.444,
            -9.017 25.202 4.444,
            -9.271 25.590 0.000,
            -9.017 25.590 0.000,
            -9.271 25.202 -4.444,
            -9.017 25.202 -4.444,
            -9.271 24.047 -8.752,
            -9.017 24.047 -8.752,
            -9.271 22.162 -12.795,
            -9.017 22.162 -12.795,
            -9.271 19.603 -16.449,
            -9.017 19.603 -16.449,
            -9.271 16.449 -19.603,
            -9.017 16.449 -19.603,
            -9.271 12.795 -22.162,
            -9.017 12.795 -22.162,
            -9.017 8.752 -24.047,
            -9.271 8.752 -24.047,
            -9.271 4.444 -25.202,
            -9.017 4.444 -25.202,
            -9.017 0.000 -25.590,
            -9.271 0.000 -25.590,
            -9.271 0.000 25.844,
            -9.271 4.488 25.452,
            -9.271 8.839 24.286,
            -9.271 12.922 22.382,
            -9.271 16.613 19.798,
            -9.271 19.798 16.613,
            -9.271 22.382 12.922,
            -9.271 24.286 8.839,
            -9.271 25.452 4.488,
            -9.271 25.844 0.000,
            -9.271 25.452 -4.488,
            -9.271 24.286 -8.839,
            -9.271 22.382 -12.922,
            -9.271 19.798 -16.613,
            -9.271 16.613 -19.798,
            -9.271 12.922 -22.382,
            -9.271 8.839 -24.286,
            -9.271 4.488 -25.452,
            -9.271 0.000 -25.844,
            2.676 26.564 8.660,
            2.556 26.543 8.725,
            2.415 26.527 8.774,
            2.769 26.588 8.587,
            2.282 26.518 8.800,
            2.852 26.616 8.498,
            2.009 26.512 8.817,
            2.918 26.648 8.400,
            2.971 26.683 8.287,
            3.013 26.722 8.161,
            1.449 26.504 8.842,
            1.550 26.518 8.801,
            1.641 26.535 8.747,
            1.317 26.494 8.872,
            1.721 26.557 8.680,
            1.801 26.588 8.586,
            3.043 26.764 8.021,
            1.129 26.490 8.885,
            1.012 26.492 8.878,
            0.899 26.500 8.855,
            3.060 26.809 7.871,
            3.066 26.856 7.707,
            3.053 26.916 7.494,
            3.012 26.970 7.298,
            2.945 27.018 7.119,
            2.726 27.156 6.572,
            2.645 27.114 6.745,
            2.746 27.092 6.833,
            2.535 27.131 6.674,
            2.812 27.173 6.502,
            2.852 27.059 6.960,
            2.879 27.192 6.420,
            2.932 27.215 6.322,
            2.986 27.252 6.161,
            3.026 27.306 5.917,
            3.040 27.370 5.616,
            0.645 27.138 6.645,
            0.606 27.121 6.713,
            0.697 27.132 6.669,
            0.595 27.146 6.614,
            0.524 27.107 6.772,
            0.514 27.162 6.547,
            0.435 27.084 6.864,
            0.439 27.183 6.458,
            0.353 27.054 6.980,
            3.040 27.450 5.212,
            0.363 27.213 6.331,
            0.275 27.011 7.145,
            0.304 27.247 6.183,
            3.040 27.523 4.808,
            3.040 27.591 4.402,
            0.774 26.514 8.811,
            0.658 26.535 8.749,
            0.186 26.903 7.543,
            0.217 26.957 7.345,
            0.176 26.841 7.758,
            0.196 26.769 8.004,
            0.250 26.705 8.215,
            0.332 26.649 8.396,
            0.430 26.602 8.542,
            0.543 26.563 8.662,
            3.040 27.685 3.764,
            1.300 27.591 4.402,
            3.040 27.723 3.479,
            3.040 27.757 3.194,
            3.040 27.788 2.908,
            0.666 27.729 3.429,
            0.254 27.679 3.811,
            0.666 27.700 3.653,
            0.666 27.756 3.205,
            0.254 27.798 2.815,
            0.666 27.781 2.980,
            3.040 27.915 1.192,
            1.049 27.856 2.159,
            1.049 27.880 1.837,
            3.040 27.926 0.876,
            1.049 27.899 1.515,
            3.040 27.934 0.560,
            1.049 27.915 1.192,
            3.040 27.939 0.243,
            2.492 27.940 0.167,
            2.597 27.940 0.126,
            2.686 27.940 0.072,
            2.377 27.939 0.192,
            2.767 27.940 0.004,
            2.844 27.940 -0.085,
            2.916 27.939 -0.203,
            2.981 27.938 -0.366,
            3.026 27.934 -0.569,
            0.268 27.283 6.025,
            0.254 27.317 5.865,
            0.254 27.455 5.184,
            0.254 27.575 4.499,
            1.260 27.940 0.079,
            1.956 27.940 0.150,
            1.846 27.940 0.099,
            1.352 27.940 0.029,
            1.743 27.940 0.028,
            3.040 27.929 -0.782,
            1.117 27.940 0.129,
            2.087 27.939 0.185,
            1.434 27.940 -0.038,
            1.668 27.940 -0.046,
            1.472 27.940 -0.082,
            1.606 27.940 -0.131,
            1.503 27.940 -0.130,
            1.528 27.939 -0.183,
            1.553 27.939 -0.240,
            1.545 27.939 -0.240,
            3.040 27.912 -1.258,
            1.166 27.932 -0.654,
            0.991 27.934 -0.562,
            1.097 27.933 -0.605,
            0.851 27.935 -0.533,
            1.226 27.931 -0.728,
            0.700 27.935 -0.518,
            1.260 27.928 -0.818,
            3.040 27.886 -1.734,
            1.271 27.925 -0.927,
            0.473 27.936 -0.496,
            3.040 27.852 -2.210,
            2.429 27.835 -2.420,
            2.206 27.844 -2.315,
            2.604 27.824 -2.543,
            1.953 27.850 -2.244,
            0.254 27.901 -1.480,
            0.339 27.936 -0.470,
            0.254 27.937 -0.436,
            1.271 27.918 -1.111,
            1.271 27.910 -1.296,
            1.271 27.901 -1.480,
            2.743 27.811 -2.679,
            1.650 27.852 -2.210,
            1.650 27.852 -2.210,
            1.650 27.852 -2.211,
            1.650 27.852 -2.212,
            2.858 27.796 -2.835,
            1.499 27.852 -2.214,
            1.644 27.852 -2.210,
            1.644 27.852 -2.210,
            1.644 27.852 -2.211,
            1.644 27.852 -2.211,
            2.948 27.778 -3.009,
            3.009 27.757 -3.188,
            3.046 27.735 -3.378,
            3.055 27.722 -3.482,
            0.254 27.852 -2.210,
            1.008 27.844 -2.315,
            0.839 27.838 -2.390,
            3.059 27.709 -3.589,
            0.686 27.829 -2.484,
            0.548 27.819 -2.598,
            3.035 27.671 -3.866,
            0.426 27.806 -2.733,
            2.975 27.639 -4.093,
            0.327 27.791 -2.884,
            0.243 27.771 -3.067,
            3.040 27.498 -4.951,
            2.883 27.608 -4.292,
            2.773 27.583 -4.452,
            2.651 27.562 -4.581,
            2.515 27.544 -4.689,
            2.364 27.528 -4.779,
            3.040 27.454 -5.190,
            2.196 27.516 -4.851,
            3.040 27.407 -5.429,
            0.254 27.886 1.733,
            0.254 27.932 0.649,
            0.254 27.887 -1.724,
            0.254 27.871 -1.967,
            1.617 27.498 -4.949,
            1.617 27.498 -4.948,
            1.738 27.499 -4.943,
            1.617 27.498 -4.950,
            1.617 27.498 -4.951,
            3.040 27.359 -5.668,
            1.302 27.503 -4.923,
            1.612 27.498 -4.948,
            1.612 27.498 -4.949,
            1.612 27.498 -4.950,
            1.612 27.498 -4.951,
            0.254 27.498 -4.951,
            0.834 27.530 -4.769,
            1.042 27.514 -4.858,
            0.668 27.548 -4.665,
            0.519 27.569 -4.536,
            0.393 27.594 -4.386,
            0.292 27.620 -4.215,
            2.022 27.292 -5.982,
            2.022 27.359 -5.668,
            3.040 27.148 -6.607,
            2.022 27.222 -6.295,
            0.254 27.359 -5.668,
            1.405 27.359 -5.668,
            1.405 27.292 -5.982,
            1.405 27.222 -6.295,
            2.022 27.148 -6.607,
            3.040 26.889 -7.593,
            0.254 27.148 -6.607,
            1.405 27.148 -6.607,
            3.040 26.594 -8.568,
            0.254 26.965 -7.315,
            2.422 26.965 -7.315,
            2.422 26.898 -7.558,
            0.254 26.757 -8.044,
            2.422 26.829 -7.801,
            2.422 26.757 -8.044,
            3.040 26.264 -9.532,
            0.254 26.538 -8.741,
            2.414 26.358 -9.269,
            2.414 26.264 -9.532,
            2.414 26.538 -8.741,
            2.414 26.449 -9.005,
            0.180 27.744 -3.301,
            0.155 27.709 -3.584,
            0.221 27.647 -4.034,
            0.176 27.674 -3.845,
            0.161 27.692 -3.717,
            0.254 27.454 -5.190,
            0.254 27.407 -5.429,
            0.254 27.089 -6.844,
            0.254 27.028 -7.080,
            0.254 26.686 -8.277,
            0.254 26.613 -8.509,
            0.376 27.939 0.242,
            2.253 27.939 0.201,
            2.169 27.939 0.197,
            0.624 27.939 0.194,
            0.876 27.939 0.169,
            2.014 26.745 8.084,
            2.009 26.739 8.102,
            1.952 26.683 8.286,
            1.885 26.633 8.444,
            1.358 27.851 -2.228,
            1.181 27.848 -2.261,
            1.856 27.501 -4.932,
            2.029 27.507 -4.900,
            2.460 27.919 -1.093,
            2.448 27.929 -0.779,
            2.457 27.927 -0.837,
            2.460 27.926 -0.899,
            2.460 27.910 -1.287,
            2.413 27.932 -0.680,
            2.460 27.901 -1.480,
            2.349 27.934 -0.597,
            2.297 27.934 -0.561,
            2.233 27.935 -0.538,
            1.830 27.919 -1.072,
            1.830 27.927 -0.868,
            1.835 27.929 -0.789,
            1.852 27.931 -0.720,
            1.830 27.911 -1.276,
            1.878 27.932 -0.664,
            1.830 27.901 -1.480,
            1.945 27.934 -0.591,
            2.038 27.935 -0.546,
            2.095 27.935 -0.534,
            2.158 27.935 -0.530,
            2.465 27.692 -3.711,
            2.439 27.736 -3.368,
            2.466 27.723 -3.473,
            2.475 27.709 -3.588,
            2.438 27.679 -3.811,
            2.395 27.748 -3.273,
            2.394 27.666 -3.904,
            2.333 27.757 -3.189,
            2.334 27.654 -3.986,
            2.260 27.644 -4.055,
            2.250 27.766 -3.113,
            2.162 27.635 -4.119,
            2.153 27.773 -3.052,
            2.043 27.627 -4.171,
            2.021 27.779 -2.996,
            1.947 27.623 -4.199,
            1.847 27.783 -2.955,
            1.848 27.620 -4.219,
            1.646 27.617 -4.234,
            1.646 27.785 -2.940,
            1.445 27.620 -4.219,
            1.344 27.781 -2.975,
            1.444 27.783 -2.955,
            1.270 27.626 -4.179,
            1.249 27.778 -3.003,
            1.138 27.634 -4.123,
            1.129 27.772 -3.056,
            1.041 27.643 -4.062,
            1.032 27.765 -3.121,
            0.959 27.654 -3.987,
            0.898 27.748 -3.271,
            0.958 27.757 -3.190,
            0.897 27.666 -3.902,
            0.853 27.737 -3.365,
            0.852 27.679 -3.808,
            0.827 27.724 -3.465,
            0.825 27.694 -3.703,
            0.816 27.709 -3.588,
            1.190 26.819 7.837,
            1.344 26.944 7.394,
            1.233 26.943 7.399,
            1.165 26.939 7.413,
            1.131 26.787 7.944,
            1.083 26.925 7.462,
            1.084 26.777 7.976,
            1.026 26.903 7.541,
            1.000 26.790 7.934,
            0.990 26.877 7.634,
            0.962 26.812 7.859,
            0.960 26.835 7.779,
            1.877 27.132 6.669,
            1.938 27.135 6.657,
            1.899 27.148 6.606,
            1.775 27.173 6.501,
            1.762 27.121 6.716,
            1.819 27.128 6.689,
            1.703 27.153 6.587,
            1.678 27.107 6.773,
            1.618 27.134 6.662,
            1.594 27.086 6.854,
            1.527 27.120 6.718,
            1.505 27.055 6.976,
            1.438 27.112 6.751,
            1.435 27.019 7.113,
            1.384 26.981 7.258,
            1.349 27.004 7.173,
            1.349 26.948 7.378,
            1.349 27.057 6.968,
            1.349 27.109 6.762,
            2.000 27.136 6.653,
            2.936 26.918 7.486,
            2.910 26.752 8.062,
            2.940 26.796 7.914,
            2.951 26.824 7.817,
            2.954 26.853 7.717,
            2.879 26.981 7.258,
            2.823 26.684 8.283,
            2.872 26.716 8.178,
            2.811 27.021 7.106,
            2.763 26.654 8.378,
            2.734 27.052 6.986,
            2.419 26.812 7.858,
            2.495 26.581 8.607,
            2.596 26.601 8.547,
            2.437 26.833 7.787,
            2.685 26.625 8.471,
            2.397 26.797 7.909,
            2.387 26.568 8.649,
            2.447 26.868 7.666,
            2.654 27.075 6.898,
            2.338 26.773 7.991,
            2.270 26.559 8.674,
            2.439 26.894 7.572,
            2.144 26.624 8.475,
            2.144 26.556 8.684,
            2.253 26.758 8.042,
            2.901 27.354 5.692,
            2.758 27.210 6.343,
            2.812 27.234 6.243,
            2.859 27.264 6.107,
            2.893 27.307 5.915,
            2.565 27.093 6.829,
            2.416 26.917 7.492,
            2.144 26.689 8.266,
            2.144 26.753 8.056,
            2.468 27.106 6.777,
            2.371 26.937 7.418,
            2.362 27.114 6.742,
            2.323 26.947 7.381,
            2.278 27.118 6.728,
            2.232 26.953 7.359,
            2.190 27.119 6.723,
            2.146 26.945 7.389,
            2.406 27.326 5.823,
            2.386 27.156 6.574,
            2.486 27.161 6.551,
            2.421 27.339 5.764,
            2.580 27.171 6.510,
            2.641 27.181 6.469,
            2.426 27.353 5.696,
            2.692 27.191 6.424,
            2.348 27.306 5.917,
            2.271 27.154 6.582,
            2.426 27.392 5.505,
            2.901 27.431 5.306,
            2.060 27.116 6.734,
            2.088 26.927 7.456,
            2.254 27.293 5.976,
            2.426 27.430 5.313,
            2.191 27.290 5.993,
            2.168 27.156 6.573,
            2.426 27.467 5.122,
            2.901 27.504 4.919,
            2.901 27.570 4.531,
            1.955 27.110 6.761,
            1.997 26.859 7.697,
            2.051 26.906 7.529,
            2.118 27.289 5.998,
            2.071 27.163 6.545,
            1.860 27.099 6.805,
            1.777 27.084 6.864,
            1.901 26.751 8.063,
            2.011 27.292 5.983,
            1.980 27.173 6.500,
            1.697 27.063 6.944,
            1.835 26.692 8.258,
            1.618 27.034 7.057,
            1.747 26.636 8.436,
            1.925 27.302 5.939,
            1.826 27.207 6.358,
            1.893 27.189 6.433,
            1.531 26.986 7.239,
            1.667 26.601 8.547,
            1.364 26.827 7.806,
            1.410 26.543 8.724,
            1.504 26.557 8.682,
            1.588 26.576 8.624,
            1.464 26.932 7.438,
            1.300 26.777 7.978,
            1.305 26.534 8.750,
            1.256 26.755 8.049,
            1.861 27.317 5.866,
            1.764 27.230 6.259,
            1.190 26.737 8.110,
            1.176 26.531 8.761,
            1.831 27.331 5.800,
            1.815 27.353 5.696,
            1.098 26.730 8.134,
            1.031 26.534 8.751,
            1.102 26.532 8.758,
            0.989 26.738 8.106,
            0.914 26.542 8.727,
            2.237 27.735 3.375,
            2.901 27.701 3.650,
            2.901 27.729 3.429,
            0.931 26.753 8.058,
            0.806 26.555 8.689,
            2.237 27.740 3.341,
            1.130 26.969 7.301,
            1.232 26.973 7.288,
            1.232 27.027 7.085,
            2.237 27.744 3.307,
            2.901 27.755 3.208,
            2.237 27.748 3.273,
            2.901 27.780 2.987,
            1.232 27.079 6.882,
            1.507 27.314 5.881,
            1.531 27.155 6.577,
            1.610 27.170 6.515,
            1.519 27.326 5.823,
            1.675 27.188 6.440,
            1.726 27.208 6.355,
            1.523 27.340 5.760,
            1.459 27.293 5.977,
            1.443 27.143 6.626,
            0.877 26.781 7.963,
            0.704 26.573 8.634,
            1.523 27.384 5.547,
            1.815 27.392 5.505,
            1.381 27.278 6.045,
            1.343 27.135 6.660,
            0.850 26.811 7.864,
            1.323 27.272 6.072,
            1.523 27.426 5.335,
            1.815 27.430 5.313,
            0.612 26.595 8.563,
            0.841 26.844 7.747,
            1.523 27.467 5.122,
            1.815 27.467 5.122,
            1.251 27.268 6.089,
            1.232 27.130 6.679,
            0.525 26.625 8.469,
            1.025 27.132 6.672,
            0.961 26.947 7.383,
            1.042 26.961 7.330,
            1.169 27.267 6.095,
            1.106 27.268 6.091,
            0.909 27.124 6.703,
            0.923 26.935 7.425,
            1.049 27.271 6.079,
            0.802 27.113 6.748,
            0.867 26.903 7.542,
            0.894 26.922 7.473,
            0.952 27.281 6.033,
            0.907 27.138 6.647,
            0.704 27.098 6.806,
            0.850 26.882 7.617,
            0.878 27.298 5.956,
            0.800 27.147 6.608,
            0.616 27.080 6.878,
            0.846 27.311 5.896,
            0.707 27.160 6.555,
            0.537 27.059 6.962,
            0.826 27.325 5.830,
            0.469 27.034 7.058,
            0.442 26.665 8.343,
            0.627 27.176 6.490,
            0.819 27.340 5.760,
            0.309 26.899 7.556,
            0.301 26.855 7.710,
            0.321 26.780 7.968,
            0.417 27.008 7.155,
            0.376 26.713 8.191,
            0.332 26.940 7.409,
            0.374 26.980 7.260,
            0.558 27.195 6.410,
            0.493 27.219 6.305,
            0.819 27.384 5.547,
            0.376 27.347 5.724,
            0.391 27.297 5.959,
            0.435 27.252 6.163,
            0.819 27.426 5.335,
            0.551 27.570 4.531,
            0.819 27.467 5.122,
            0.376 27.467 5.120,
            0.805 27.726 3.450,
            1.228 27.727 3.443,
            1.228 27.757 3.194,
            0.805 27.691 3.720,
            1.228 27.695 3.691,
            0.805 27.758 3.180,
            1.228 27.784 2.945,
            0.376 27.573 4.514,
            0.805 27.788 2.910,
            0.950 27.849 2.256,
            0.950 27.878 1.854,
            0.376 27.666 3.906,
            0.380 27.872 1.944,
            0.950 27.902 1.451,
            0.380 27.807 2.719,
            0.380 27.916 1.168,
            0.950 27.920 1.048,
            0.380 27.937 0.390,
            2.901 27.937 0.390,
            2.901 27.920 1.048,
            2.901 27.928 0.829,
            2.901 27.933 0.610,
            2.276 26.875 7.640,
            2.273 26.832 7.790,
            2.280 26.854 7.714,
            2.263 26.898 7.561,
            2.260 26.816 7.844,
            2.227 26.916 7.496,
            2.221 26.802 7.894,
            2.165 26.905 7.536,
            2.154 26.795 7.918,
            2.140 26.889 7.592,
            2.110 26.860 7.692,
            2.049 26.793 7.924,
            1.379 27.327 5.822,
            1.392 27.348 5.723,
            1.392 27.380 5.564,
            1.392 27.412 5.404,
            1.392 27.443 5.244,
            1.342 27.310 5.898,
            1.268 27.298 5.955,
            0.939 27.380 5.564,
            0.939 27.348 5.723,
            0.950 27.330 5.805,
            0.939 27.412 5.404,
            0.970 27.319 5.859,
            0.939 27.443 5.244,
            1.004 27.308 5.908,
            1.047 27.300 5.945,
            1.101 27.295 5.967,
            1.164 27.294 5.975,
            2.282 27.346 5.732,
            2.292 27.363 5.648,
            2.292 27.390 5.515,
            2.292 27.417 5.381,
            2.292 27.443 5.248,
            2.252 27.332 5.796,
            2.195 27.322 5.843,
            1.939 27.390 5.515,
            1.939 27.363 5.648,
            1.951 27.347 5.727,
            1.939 27.417 5.381,
            1.939 27.443 5.248,
            1.981 27.333 5.793,
            2.038 27.322 5.842,
            2.114 27.319 5.860,
            1.362 27.735 3.378,
            1.362 27.719 3.506,
            1.971 27.742 3.317,
            1.362 27.750 3.250,
            1.362 27.765 3.121,
            11.811 -4.852 -27.516,
            -8.763 -4.852 -27.516,
            11.811 -9.556 -26.255,
            -8.763 -9.556 -26.255,
            11.811 -13.970 -24.197,
            -8.763 -13.970 -24.197,
            11.811 -17.959 -21.403,
            1.740 -21.030 -18.396,
            11.811 -21.403 -17.959,
            1.633 -21.007 -18.422,
            1.826 -21.071 -18.348,
            1.868 -21.105 -18.309,
            1.520 -21.000 -18.429,
            1.907 -21.151 -18.256,
            1.932 -21.201 -18.197,
            1.941 -21.257 -18.132,
            1.928 -21.321 -18.057,
            -8.763 -17.959 -21.403,
            1.412 -21.006 -18.423,
            1.704 -21.586 -17.740,
            1.643 -21.549 -17.784,
            1.829 -21.435 -17.921,
            1.749 -21.617 -17.701,
            1.793 -21.657 -17.653,
            1.826 -21.696 -17.605,
            1.892 -21.379 -17.988,
            1.849 -21.737 -17.554,
            1.278 -21.614 -17.706,
            1.247 -21.473 -17.876,
            1.379 -21.549 -17.784,
            1.863 -21.802 -17.473,
            1.851 -21.860 -17.401,
            1.214 -21.673 -17.633,
            1.183 -21.429 -17.929,
            1.813 -21.912 -17.335,
            -1.269 -21.199 -18.200,
            1.213 -21.062 -18.359,
            1.140 -21.118 -18.294,
            -1.368 -21.172 -18.231,
            1.267 -21.037 -18.387,
            -1.190 -21.235 -18.158,
            1.095 -21.185 -18.217,
            -1.448 -21.160 -18.246,
            1.342 -21.016 -18.411,
            -1.542 -21.151 -18.255,
            -1.121 -21.283 -18.102,
            -1.088 -21.316 -18.062,
            1.081 -21.257 -18.132,
            -1.736 -21.146 -18.262,
            -1.060 -21.356 -18.016,
            1.088 -21.306 -18.075,
            -1.039 -21.401 -17.962,
            1.107 -21.350 -18.023,
            -1.491 -21.274 -18.113,
            -1.414 -21.285 -18.099,
            -1.354 -21.305 -18.076,
            -1.274 -21.355 -18.017,
            -1.029 -21.471 -17.879,
            1.138 -21.389 -17.976,
            -1.735 -21.264 -18.124,
            -1.246 -21.386 -17.980,
            -1.226 -21.420 -17.940,
            -1.039 -21.541 -17.795,
            -1.211 -21.491 -17.854,
            -2.540 -21.146 -18.262,
            -1.072 -21.608 -17.713,
            1.173 -21.736 -17.556,
            -1.225 -21.562 -17.769,
            -1.124 -21.669 -17.638,
            1.159 -21.802 -17.473,
            -2.540 -21.264 -18.124,
            1.942 -22.747 -16.225,
            1.582 -22.010 -17.210,
            1.649 -21.998 -17.226,
            1.707 -21.979 -17.250,
            1.752 -21.957 -17.278,
            -1.388 -21.815 -17.457,
            -1.272 -21.769 -17.515,
            -1.293 -21.839 -17.427,
            -1.205 -21.872 -17.385,
            -1.189 -21.721 -17.574,
            1.837 -22.747 -16.225,
            1.511 -22.014 -17.206,
            1.418 -22.007 -17.214,
            -1.133 -21.916 -17.330,
            -1.099 -21.947 -17.291,
            1.167 -21.847 -17.417,
            -1.773 -21.792 -17.486,
            -1.321 -21.677 -17.628,
            -1.395 -21.722 -17.573,
            -1.479 -21.754 -17.533,
            -1.584 -21.776 -17.506,
            -1.055 -22.007 -17.214,
            1.188 -21.888 -17.366,
            2.514 -23.009 -15.851,
            11.811 -24.197 -13.970,
            2.357 -22.960 -15.922,
            2.142 -22.863 -16.061,
            2.514 -23.020 -15.834,
            2.514 -23.031 -15.818,
            2.514 -23.042 -15.802,
            -1.036 -22.055 -17.153,
            1.221 -21.923 -17.321,
            1.258 -21.950 -17.287,
            -1.524 -21.917 -17.329,
            -1.437 -21.927 -17.316,
            -1.376 -21.943 -17.296,
            -1.327 -21.964 -17.269,
            -1.962 -21.796 -17.481,
            -1.250 -21.607 -17.714,
            -1.283 -21.645 -17.667,
            -1.262 -22.010 -17.210,
            -1.029 -22.107 -17.085,
            -1.785 -21.909 -17.339,
            -1.223 -22.066 -17.138,
            2.337 -23.096 -15.723,
            2.429 -23.065 -15.769,
            -1.036 -22.165 -17.010,
            1.332 -21.986 -17.241,
            -1.211 -22.127 -17.060,
            -1.057 -22.222 -16.935,
            -2.540 -21.796 -17.481,
            -1.224 -22.191 -16.976,
            2.178 -23.165 -15.622,
            -1.055 -22.417 -16.677,
            -1.208 -22.367 -16.745,
            -1.152 -22.332 -16.790,
            -1.104 -22.293 -16.842,
            -1.055 -22.453 -16.628,
            1.942 -23.293 -15.430,
            -1.055 -22.489 -16.580,
            -1.313 -22.417 -16.677,
            -1.055 -22.525 -16.531,
            -1.615 -22.402 -16.696,
            -1.423 -22.358 -16.757,
            -1.513 -22.385 -16.720,
            -1.754 -22.413 -16.682,
            -1.344 -22.319 -16.808,
            -1.915 -22.417 -16.677,
            -2.540 -21.909 -17.339,
            -1.248 -22.232 -16.923,
            -1.278 -22.267 -16.876,
            -0.091 -22.986 -15.883,
            1.950 -22.873 -16.046,
            2.020 -22.934 -15.959,
            -0.091 -23.060 -15.776,
            1.970 -23.159 -15.630,
            1.899 -23.225 -15.531,
            1.837 -23.293 -15.430,
            -2.540 -22.417 -16.677,
            -1.246 -22.836 -16.099,
            -1.327 -22.808 -16.137,
            -1.429 -22.788 -16.166,
            -1.164 -22.878 -16.039,
            -1.595 -22.773 -16.187,
            -1.102 -22.926 -15.970,
            -1.071 -22.962 -15.918,
            -1.782 -22.769 -16.193,
            -1.040 -23.020 -15.835,
            -0.091 -23.011 -15.848,
            -0.091 -23.035 -15.812,
            -1.672 -22.876 -16.041,
            -1.504 -22.887 -16.026,
            -1.404 -22.906 -15.998,
            -1.343 -22.928 -15.967,
            -1.300 -22.951 -15.934,
            -1.249 -22.996 -15.870,
            -1.029 -23.087 -15.737,
            -1.842 -22.874 -16.044,
            -1.219 -23.050 -15.791,
            -1.035 -23.139 -15.660,
            -1.211 -23.104 -15.711,
            -2.540 -22.769 -16.193,
            -2.540 -22.525 -16.531,
            -1.053 -23.192 -15.582,
            -1.219 -23.154 -15.638,
            -1.090 -23.248 -15.497,
            1.680 -23.954 -14.383,
            1.779 -23.975 -14.347,
            1.858 -24.003 -14.300,
            -2.540 -22.874 -16.044,
            1.600 -23.944 -14.399,
            1.506 -23.937 -14.410,
            1.927 -24.041 -14.236,
            1.960 -24.067 -14.192,
            1.312 -23.933 -14.417,
            1.988 -24.098 -14.139,
            2.009 -24.134 -14.079,
            1.557 -24.034 -14.249,
            1.634 -24.043 -14.233,
            1.694 -24.058 -14.207,
            1.774 -24.097 -14.141,
            -1.055 -23.400 -15.267,
            -1.213 -23.347 -15.348,
            -1.144 -23.301 -15.418,
            2.019 -24.188 -13.985,
            -1.055 -23.433 -15.216,
            1.313 -24.026 -14.261,
            1.802 -24.122 -14.099,
            1.822 -24.149 -14.053,
            -1.055 -23.466 -15.165,
            -1.323 -23.400 -15.267,
            2.009 -24.243 -13.890,
            1.837 -24.204 -13.957,
            -1.055 -23.499 -15.114,
            0.508 -23.933 -14.417,
            1.976 -24.295 -13.798,
            1.823 -24.260 -13.861,
            -1.695 -23.393 -15.278,
            -1.508 -23.365 -15.321,
            -1.605 -23.385 -15.291,
            -8.763 -21.403 -17.959,
            -2.540 -22.453 -16.628,
            -2.540 -22.489 -16.580,
            -2.540 -21.185 -18.216,
            -2.540 -21.225 -18.170,
            -2.540 -21.834 -17.434,
            -2.540 -21.872 -17.386,
            -2.540 -22.804 -16.143,
            -2.540 -22.839 -16.094,
            -1.803 -23.398 -15.271,
            -1.348 -23.297 -15.423,
            -1.423 -23.336 -15.365,
            0.508 -24.026 -14.261,
            -2.003 -23.400 -15.267,
            -1.242 -23.202 -15.566,
            -1.286 -23.253 -15.490,
            -2.540 -23.400 -15.267,
            1.660 -24.456 -13.510,
            1.776 -24.420 -13.576,
            1.755 -24.475 -13.477,
            1.843 -24.500 -13.430,
            1.859 -24.384 -13.641,
            1.915 -24.534 -13.368,
            1.924 -24.343 -13.713,
            1.949 -24.558 -13.325,
            1.275 -24.438 -13.543,
            1.727 -24.349 -13.702,
            1.653 -24.384 -13.641,
            1.569 -24.409 -13.596,
            1.464 -24.426 -13.565,
            1.993 -24.604 -13.239,
            2.012 -24.641 -13.170,
            1.524 -24.535 -13.367,
            1.611 -24.543 -13.352,
            1.672 -24.555 -13.330,
            1.721 -24.571 -13.300,
            1.086 -24.441 -13.538,
            1.798 -24.295 -13.799,
            1.765 -24.324 -13.747,
            1.786 -24.607 -13.234,
            2.019 -24.681 -13.095,
            1.263 -24.529 -13.378,
            1.825 -24.650 -13.154,
            2.012 -24.726 -13.011,
            1.837 -24.696 -13.067,
            0.508 -24.441 -13.538,
            1.824 -24.746 -12.973,
            -0.864 -24.131 -14.084,
            0.508 -23.964 -14.365,
            0.508 -23.995 -14.313,
            -0.735 -24.167 -14.022,
            -1.023 -24.101 -14.134,
            -0.645 -24.203 -13.958,
            -0.577 -24.241 -13.892,
            -1.271 -24.079 -14.172,
            -0.523 -24.284 -13.818,
            -1.525 -24.073 -14.182,
            -0.483 -24.332 -13.734,
            1.993 -24.917 -12.640,
            1.840 -24.879 -12.715,
            1.896 -24.853 -12.766,
            1.944 -24.823 -12.824,
            1.991 -24.769 -12.927,
            -0.462 -24.376 -13.655,
            -1.732 -24.077 -14.176,
            -2.540 -23.499 -15.114,
            1.993 -24.945 -12.586,
            -0.456 -24.421 -13.574,
            1.993 -24.972 -12.532,
            1.735 -24.917 -12.640,
            -1.913 -24.088 -14.157,
            -0.460 -24.455 -13.512,
            0.508 -24.471 -13.485,
            1.993 -24.999 -12.477,
            -0.469 -24.484 -13.460,
            0.508 -24.500 -13.431,
            1.433 -24.906 -12.662,
            1.625 -24.872 -12.728,
            1.535 -24.893 -12.687,
            -2.098 -24.112 -14.116,
            -0.487 -24.514 -13.406,
            0.508 -24.529 -13.378,
            1.294 -24.915 -12.645,
            1.704 -24.843 -12.786,
            -2.231 -24.142 -14.065,
            -0.511 -24.542 -13.354,
            1.133 -24.917 -12.640,
            1.800 -24.777 -12.914,
            1.770 -24.804 -12.862,
            -2.328 -24.172 -14.013,
            -0.568 -24.588 -13.268,
            -2.418 -24.210 -13.946,
            -0.635 -24.626 -13.199,
            0.508 -24.917 -12.640,
            -0.715 -24.658 -13.140,
            1.680 -25.200 -12.066,
            1.779 -25.218 -12.029,
            1.858 -25.241 -11.980,
            1.600 -25.192 -12.084,
            -0.820 -24.687 -13.084,
            1.506 -25.186 -12.095,
            1.927 -25.273 -11.913,
            1.960 -25.295 -11.866,
            1.312 -25.183 -12.103,
            1.988 -25.321 -11.811,
            2.009 -25.351 -11.747,
            1.557 -25.267 -11.926,
            1.634 -25.275 -11.909,
            1.694 -25.288 -11.882,
            1.774 -25.320 -11.812,
            2.019 -25.396 -11.648,
            11.811 -26.255 -9.556,
            1.313 -25.261 -11.938,
            1.802 -25.341 -11.768,
            1.822 -25.363 -11.720,
            2.009 -25.442 -11.549,
            1.837 -25.409 -11.619,
            -0.864 -24.880 -12.713,
            -0.946 -24.711 -13.039,
            -0.735 -24.913 -12.649,
            -1.023 -24.854 -12.765,
            -1.139 -24.732 -12.999,
            0.508 -25.183 -12.103,
            0.508 -24.999 -12.477,
            -0.645 -24.946 -12.583,
            1.823 -25.455 -11.518,
            -0.577 -24.980 -12.515,
            0.508 -24.945 -12.586,
            0.508 -24.972 -12.532,
            -1.271 -24.834 -12.804,
            -1.525 -24.744 -12.976,
            -0.523 -25.019 -12.438,
            -1.525 -24.828 -12.814,
            0.508 -25.261 -11.938,
            -0.483 -25.061 -12.352,
            -0.462 -25.101 -12.271,
            -1.732 -24.832 -12.807,
            -1.773 -24.740 -12.985,
            -0.456 -25.142 -12.187,
            -1.913 -24.842 -12.788,
            -2.024 -24.721 -13.020,
            -0.460 -25.173 -12.123,
            -0.469 -25.198 -12.070,
            0.508 -25.209 -12.048,
            0.508 -25.235 -11.993,
            1.660 -25.618 -11.151,
            1.776 -25.589 -11.219,
            1.755 -25.634 -11.116,
            1.843 -25.655 -11.067,
            1.859 -25.558 -11.288,
            -2.098 -24.864 -12.745,
            -2.176 -24.698 -13.064,
            1.915 -25.683 -11.002,
            1.924 -25.525 -11.364,
            -0.487 -25.225 -12.014,
            1.949 -25.702 -10.956,
            1.976 -25.485 -11.453,
            -2.231 -24.890 -12.693,
            -2.297 -24.668 -13.120,
            -0.511 -25.251 -11.960,
            1.275 -25.604 -11.185,
            1.727 -25.530 -11.352,
            1.653 -25.559 -11.287,
            1.569 -25.579 -11.241,
            1.464 -25.593 -11.208,
            1.993 -25.740 -10.866,
            2.012 -25.771 -10.794,
            1.524 -25.683 -11.001,
            1.611 -25.690 -10.985,
            1.672 -25.700 -10.962,
            1.721 -25.713 -10.931,
            1.086 -25.606 -11.180,
            1.798 -25.485 -11.453,
            1.765 -25.509 -11.398,
            -2.328 -24.918 -12.639,
            -2.391 -24.635 -13.181,
            1.786 -25.742 -10.862,
            -0.568 -25.292 -11.873,
            1.263 -25.678 -11.012,
            1.825 -25.778 -10.778,
            -2.418 -24.952 -12.571,
            -2.468 -24.597 -13.253,
            -0.635 -25.325 -11.802,
            1.837 -25.816 -10.687,
            -2.484 -24.989 -12.499,
            -2.524 -24.555 -13.330,
            -0.715 -25.354 -11.740,
            0.508 -25.606 -11.180,
            1.824 -25.856 -10.589,
            -0.820 -25.380 -11.683,
            -0.946 -25.401 -11.637,
            1.993 -25.995 -10.241,
            1.840 -25.964 -10.319,
            1.896 -25.943 -10.372,
            1.944 -25.919 -10.433,
            1.991 -25.875 -10.541,
            1.735 -25.995 -10.241,
            5.588 -26.634 -8.441,
            5.588 -26.616 -8.499,
            3.764 -26.368 -9.240,
            1.993 -26.018 -10.185,
            1.993 -26.040 -10.128,
            1.993 -26.062 -10.071,
            2.012 -25.839 -10.629,
            2.019 -25.803 -10.716,
            1.433 -25.987 -10.263,
            1.625 -25.959 -10.333,
            1.535 -25.976 -10.290,
            5.588 -26.653 -8.383,
            1.294 -25.993 -10.246,
            1.704 -25.935 -10.393,
            5.588 -26.671 -8.325,
            1.133 -25.995 -10.241,
            0.508 -25.678 -11.012,
            1.800 -25.881 -10.527,
            1.770 -25.903 -10.472,
            3.764 -26.453 -8.994,
            -0.508 -25.734 -10.880,
            0.508 -25.630 -11.124,
            0.508 -25.654 -11.068,
            -1.525 -25.431 -11.572,
            -1.139 -25.420 -11.596,
            2.313 -26.237 -9.605,
            3.556 -26.368 -9.240,
            2.184 -26.212 -9.672,
            2.025 -26.192 -9.727,
            2.403 -26.262 -9.536,
            2.471 -26.288 -9.464,
            1.777 -26.177 -9.768,
            -0.508 -25.783 -10.765,
            2.525 -26.317 -9.383,
            0.508 -25.995 -10.241,
            1.523 -26.173 -9.779,
            2.565 -26.350 -9.292,
            -0.508 -25.831 -10.649,
            3.764 -26.536 -8.747,
            2.586 -26.379 -9.207,
            -0.508 -25.878 -10.533,
            2.592 -26.410 -9.119,
            3.556 -26.472 -8.936,
            -8.763 -24.197 -13.970,
            -2.484 -24.251 -13.876,
            -2.534 -24.294 -13.800,
            -2.560 -24.325 -13.746,
            -2.578 -24.356 -13.691,
            -2.589 -24.390 -13.630,
            -2.592 -24.421 -13.574,
            -2.585 -24.467 -13.492,
            -2.565 -24.509 -13.415,
            -2.540 -23.433 -15.216,
            -2.540 -23.466 -15.165,
            -2.534 -25.028 -12.420,
            -2.560 -25.055 -12.364,
            -2.578 -25.083 -12.308,
            -2.589 -25.114 -12.245,
            -2.592 -25.142 -12.187,
            -2.585 -25.183 -12.103,
            -2.565 -25.221 -12.023,
            2.588 -26.433 -9.052,
            3.764 -26.616 -8.499,
            5.588 -26.867 -7.667,
            5.588 -26.870 -7.659,
            5.588 -26.872 -7.650,
            5.588 -26.875 -7.642,
            11.811 -27.516 -4.852,
            2.579 -26.452 -8.997,
            0.950 -26.200 -9.706,
            0.508 -26.062 -10.071,
            1.135 -26.183 -9.751,
            -0.716 -25.923 -10.423,
            0.508 -26.018 -10.185,
            0.508 -26.040 -10.128,
            2.561 -26.472 -8.938,
            0.817 -26.220 -9.652,
            2.537 -26.491 -8.881,
            3.556 -26.573 -8.631,
            0.720 -26.241 -9.595,
            2.480 -26.522 -8.789,
            2.413 -26.546 -8.715,
            -2.540 -25.734 -10.880,
            -2.524 -25.262 -11.936,
            -2.468 -25.299 -11.857,
            -2.391 -25.334 -11.783,
            -2.297 -25.363 -11.720,
            -2.176 -25.390 -11.662,
            -2.024 -25.410 -11.617,
            -1.773 -25.427 -11.581,
            2.333 -26.567 -8.650,
            3.556 -26.671 -8.325,
            -2.540 -25.805 -10.712,
            -0.716 -25.805 -10.712,
            -0.716 -25.845 -10.616,
            -0.716 -25.884 -10.519,
            2.228 -26.587 -8.591,
            3.556 -26.792 -7.926,
            -0.508 -26.303 -9.424,
            0.630 -26.267 -9.523,
            0.564 -26.295 -9.447,
            0.514 -26.324 -9.364,
            0.488 -26.345 -9.305,
            2.482 -26.767 -8.011,
            1.909 -26.616 -8.499,
            2.102 -26.602 -8.542,
            -0.508 -26.345 -9.306,
            0.470 -26.366 -9.246,
            2.592 -26.807 -7.876,
            3.556 -26.809 -7.868,
            3.556 -26.826 -7.809,
            3.556 -26.843 -7.751,
            -0.508 -26.386 -9.188,
            0.459 -26.389 -9.180,
            0.456 -26.410 -9.119,
            -0.508 -26.427 -9.070,
            0.463 -26.440 -9.031,
            0.483 -26.469 -8.947,
            0.524 -26.499 -8.856,
            1.368 -26.707 -8.208,
            1.523 -26.624 -8.474,
            1.277 -26.695 -8.246,
            1.275 -26.621 -8.484,
            1.460 -26.725 -8.149,
            1.182 -26.689 -8.268,
            1.537 -26.747 -8.076,
            1.078 -26.686 -8.275,
            1.024 -26.609 -8.521,
            1.597 -26.771 -7.997,
            0.945 -26.690 -8.263,
            0.872 -26.594 -8.569,
            1.644 -26.799 -7.905,
            -0.716 -26.465 -8.957,
            0.580 -26.527 -8.773,
            0.657 -26.553 -8.695,
            0.841 -26.699 -8.234,
            0.751 -26.574 -8.629,
            5.588 -27.284 -6.017,
            1.671 -26.827 -7.808,
            5.588 -27.286 -6.009,
            5.588 -27.288 -6.000,
            5.588 -27.290 -5.992,
            0.750 -26.713 -8.190,
            0.664 -26.731 -8.129,
            0.591 -26.754 -8.053,
            -2.540 -26.303 -9.424,
            -2.540 -26.364 -9.253,
            -0.716 -26.364 -9.253,
            -0.716 -26.398 -9.154,
            -0.716 -26.432 -9.056,
            1.665 -26.971 -7.293,
            3.556 -27.086 -6.855,
            1.490 -26.999 -7.190,
            3.556 -27.089 -6.842,
            3.556 -27.093 -6.828,
            3.556 -27.096 -6.815,
            1.327 -27.018 -7.118,
            4.442 -27.443 -5.244,
            4.442 -27.393 -5.500,
            4.233 -27.443 -5.244,
            3.556 -27.346 -5.729,
            4.233 -27.393 -5.500,
            4.442 -27.491 -4.988,
            -1.654 -26.840 -7.764,
            0.535 -26.779 -7.969,
            0.491 -26.808 -7.873,
            0.465 -26.836 -7.775,
            0.456 -26.867 -7.667,
            -1.863 -26.840 -7.764,
            1.915 -27.297 -5.959,
            3.556 -27.308 -5.909,
            1.202 -27.027 -7.085,
            3.556 -27.321 -5.849,
            3.556 -27.334 -5.789,
            5.271 -27.605 -4.312,
            5.328 -27.609 -4.286,
            1.732 -27.297 -5.959,
            -1.654 -26.911 -7.513,
            0.466 -26.900 -7.554,
            0.494 -26.927 -7.456,
            5.210 -27.602 -4.331,
            5.418 -27.619 -4.223,
            5.154 -27.601 -4.342,
            4.442 -27.536 -4.731,
            5.468 -27.627 -4.172,
            5.084 -27.600 -4.346,
            5.515 -27.637 -4.101,
            4.977 -27.601 -4.336,
            5.556 -27.652 -4.001,
            1.316 -27.297 -5.959,
            1.075 -27.030 -7.073,
            -1.654 -26.980 -7.262,
            0.538 -26.952 -7.366,
            0.599 -26.975 -7.281,
            1.133 -27.297 -5.959,
            0.861 -27.021 -7.109,
            0.965 -27.028 -7.082,
            4.379 -27.584 -4.446,
            4.282 -27.578 -4.482,
            4.469 -27.593 -4.389,
            4.871 -27.606 -4.305,
            5.580 -27.671 -3.869,
            4.211 -27.576 -4.495,
            4.233 -27.536 -4.731,
            4.544 -27.605 -4.316,
            4.785 -27.614 -4.257,
            4.133 -27.575 -4.500,
            1.915 -27.390 -5.517,
            4.595 -27.616 -4.240,
            4.711 -27.624 -4.193,
            4.025 -27.577 -4.491,
            3.955 -27.580 -4.474,
            5.588 -27.693 -3.707,
            4.652 -27.636 -4.114,
            -1.654 -27.046 -7.010,
            0.676 -26.994 -7.208,
            0.764 -27.009 -7.151,
            3.857 -27.586 -4.431,
            5.588 -27.710 -3.576,
            1.316 -27.390 -5.517,
            1.732 -27.390 -5.517,
            5.588 -27.727 -3.445,
            1.915 -27.476 -5.073,
            4.233 -27.491 -4.988,
            5.588 -27.743 -3.314,
            1.316 -27.476 -5.073,
            1.732 -27.476 -5.073,
            -8.763 -26.255 -9.556,
            -1.863 -26.911 -7.513,
            -1.863 -26.980 -7.262,
            -2.540 -26.323 -9.367,
            -2.540 -26.343 -9.310,
            -2.540 -25.758 -10.824,
            -2.540 -25.782 -10.768,
            -0.864 -27.297 -5.962,
            -0.735 -27.312 -5.892,
            -1.023 -27.284 -6.019,
            1.915 -27.554 -4.629,
            3.773 -27.596 -4.373,
            3.698 -27.607 -4.299,
            3.639 -27.621 -4.212,
            3.614 -27.628 -4.163,
            3.594 -27.636 -4.110,
            -0.645 -27.327 -5.820,
            -0.577 -27.343 -5.745,
            -1.271 -27.274 -6.062,
            -0.523 -27.361 -5.661,
            1.133 -27.390 -5.517,
            -1.525 -27.272 -6.073,
            -0.483 -27.380 -5.567,
            -0.462 -27.398 -5.478,
            -1.732 -27.274 -6.066,
            -1.863 -27.046 -7.010,
            1.316 -27.554 -4.629,
            1.732 -27.554 -4.629,
            -0.456 -27.416 -5.387,
            -1.913 -27.278 -6.044,
            -0.460 -27.429 -5.318,
            1.133 -27.476 -5.073,
            -0.469 -27.440 -5.260,
            -2.098 -27.289 -5.997,
            -0.487 -27.452 -5.199,
            -2.231 -27.301 -5.940,
            -0.511 -27.463 -5.140,
            2.580 -27.701 -3.650,
            3.556 -27.672 -3.859,
            3.556 -27.697 -3.677,
            3.577 -27.645 -4.051,
            3.565 -27.654 -3.986,
            -2.328 -27.314 -5.881,
            -0.568 -27.481 -5.045,
            1.133 -27.554 -4.629,
            2.390 -27.701 -3.650,
            2.609 -27.716 -3.529,
            3.556 -27.720 -3.496,
            5.588 -27.863 -2.069,
            11.811 -27.940 -0.000,
            5.588 -27.864 -2.061,
            -2.418 -27.330 -5.806,
            5.588 -27.865 -2.052,
            3.556 -27.778 -3.003,
            3.556 -27.743 -3.314,
            5.588 -27.865 -2.043,
            -0.635 -27.495 -4.968,
            2.618 -27.729 -3.429,
            -0.715 -27.507 -4.901,
            2.607 -27.740 -3.336,
            1.993 -27.704 -3.624,
            2.425 -27.714 -3.549,
            1.811 -27.704 -3.624,
            1.993 -27.717 -3.521,
            2.436 -27.724 -3.466,
            2.569 -27.750 -3.250,
            2.308 -27.742 -3.318,
            2.418 -27.735 -3.382,
            2.365 -27.741 -3.327,
            2.504 -27.758 -3.184,
            3.556 -27.785 -2.937,
            1.993 -27.730 -3.418,
            2.199 -27.743 -3.315,
            2.403 -27.762 -3.145,
            3.556 -27.792 -2.872,
            3.556 -27.799 -2.806,
            1.993 -27.743 -3.315,
            4.207 -27.853 -2.201,
            4.207 -27.827 -2.507,
            -0.864 -27.587 -4.426,
            -0.946 -27.527 -4.788,
            -0.820 -27.518 -4.839,
            -0.735 -27.598 -4.355,
            -1.023 -27.578 -4.484,
            -1.139 -27.534 -4.744,
            1.993 -27.772 -3.064,
            1.993 -27.764 -3.133,
            2.230 -27.764 -3.133,
            -0.645 -27.610 -4.283,
            -0.577 -27.621 -4.207,
            1.993 -27.779 -2.994,
            -1.271 -27.571 -4.527,
            -1.525 -27.539 -4.719,
            -0.523 -27.634 -4.122,
            1.993 -27.786 -2.925,
            -1.525 -27.569 -4.539,
            -0.483 -27.648 -4.027,
            -0.462 -27.661 -3.938,
            -1.732 -27.570 -4.531,
            -1.773 -27.537 -4.728,
            -0.456 -27.674 -3.845,
            -1.913 -27.574 -4.509,
            -2.024 -27.530 -4.767,
            0.508 -27.743 -3.314,
            1.811 -27.717 -3.521,
            1.811 -27.730 -3.418,
            1.811 -27.743 -3.315,
            -0.460 -27.684 -3.775,
            -0.469 -27.692 -3.717,
            -2.098 -27.581 -4.462,
            -2.176 -27.522 -4.816,
            -0.487 -27.700 -3.655,
            0.508 -27.764 -3.133,
            1.811 -27.764 -3.133,
            1.811 -27.772 -3.064,
            1.811 -27.779 -2.994,
            1.811 -27.786 -2.925,
            -2.231 -27.591 -4.405,
            -2.297 -27.511 -4.879,
            -0.511 -27.708 -3.596,
            -2.328 -27.600 -4.345,
            -2.391 -27.499 -4.947,
            -0.568 -27.720 -3.500,
            -2.418 -27.612 -4.269,
            -2.468 -27.484 -5.028,
            2.540 -27.874 -1.926,
            4.207 -27.876 -1.895,
            -0.635 -27.730 -3.422,
            0.508 -27.750 -3.253,
            2.540 -27.878 -1.856,
            -2.484 -27.624 -4.189,
            -0.715 -27.738 -3.355,
            0.508 -27.757 -3.193,
            2.540 -27.883 -1.786,
            2.540 -27.887 -1.716,
            4.207 -27.895 -1.588,
            3.556 -27.911 -1.280,
            -0.820 -27.745 -3.293,
            4.233 -27.933 -0.638,
            3.556 -27.919 -1.081,
            4.233 -27.926 -0.899,
            -0.456 -27.804 -2.757,
            -1.139 -27.756 -3.197,
            -0.946 -27.751 -3.242,
            -0.456 -27.805 -2.745,
            -0.456 -27.806 -2.732,
            -0.456 -27.807 -2.720,
            5.640 -27.938 0.300,
            4.442 -27.926 -0.899,
            4.442 -27.933 -0.638,
            4.442 -27.937 -0.378,
            5.640 -27.938 0.312,
            5.640 -27.938 0.324,
            5.640 -27.938 0.337,
            4.442 -27.940 -0.117,
            0.508 -27.872 -1.952,
            -1.863 -27.780 -2.990,
            -1.773 -27.758 -3.181,
            -1.525 -27.759 -3.171,
            -1.863 -27.788 -2.912,
            -2.071 -27.780 -2.990,
            -2.297 -27.741 -3.333,
            -2.176 -27.748 -3.270,
            -2.024 -27.754 -3.221,
            1.709 -27.915 -1.185,
            3.556 -27.914 -1.213,
            3.556 -27.916 -1.147,
            -1.863 -27.796 -2.835,
            4.233 -27.940 0.065,
            4.233 -27.940 -0.117,
            -1.863 -27.804 -2.757,
            4.233 -27.940 0.143,
            2.540 -27.932 -0.653,
            4.025 -27.940 0.065,
            2.540 -27.934 -0.583,
            4.233 -27.939 0.221,
            2.540 -27.935 -0.513,
            4.233 -27.937 -0.378,
            4.233 -27.938 0.300,
            2.540 -27.936 -0.443,
            -2.540 -27.804 -2.757,
            -2.071 -27.788 -2.912,
            -2.071 -27.796 -2.835,
            -2.071 -27.804 -2.757,
            -2.524 -27.711 -3.570,
            -2.468 -27.722 -3.483,
            -2.391 -27.732 -3.402,
            2.540 -27.939 -0.221,
            3.556 -27.938 0.300,
            4.025 -27.940 0.143,
            4.025 -27.939 0.221,
            4.025 -27.938 0.300,
            2.332 -27.939 -0.221,
            -2.071 -27.849 -2.255,
            -2.540 -27.821 -2.575,
            -2.071 -27.821 -2.575,
            4.025 -27.928 0.803,
            3.556 -27.936 0.482,
            4.025 -27.936 0.482,
            2.540 -27.940 0.161,
            3.556 -27.938 0.360,
            1.706 -27.939 -0.221,
            -2.071 -27.873 -1.935,
            1.498 -27.939 -0.221,
            1.544 -27.919 -1.080,
            0.508 -27.933 -0.627,
            0.508 -27.886 -1.742,
            1.380 -27.915 -1.185,
            -8.763 -27.516 -4.852,
            -2.484 -27.347 -5.727,
            -2.534 -27.365 -5.641,
            -2.560 -27.377 -5.580,
            -2.578 -27.390 -5.518,
            -2.589 -27.403 -5.450,
            -2.592 -27.416 -5.387,
            -2.585 -27.434 -5.295,
            -2.565 -27.450 -5.208,
            -2.524 -27.468 -5.114,
            -2.540 -27.810 -2.696,
            -2.540 -27.815 -2.636,
            -2.534 -27.637 -4.103,
            -2.560 -27.646 -4.040,
            -2.578 -27.655 -3.978,
            -2.589 -27.665 -3.910,
            -2.592 -27.674 -3.845,
            -2.585 -27.687 -3.753,
            -2.565 -27.699 -3.665,
            1.706 -27.940 0.100,
            2.332 -27.940 0.100,
            5.530 -27.873 1.929,
            2.540 -27.935 0.543,
            3.556 -27.937 0.421,
            -2.071 -27.893 -1.614,
            5.640 -27.863 2.069,
            11.811 -27.516 4.852,
            0.716 -27.939 -0.221,
            0.508 -27.937 -0.417,
            0.508 -27.939 -0.221,
            1.706 -27.937 0.421,
            2.332 -27.937 0.421,
            4.508 -27.883 1.785,
            4.416 -27.887 1.723,
            4.230 -27.891 1.661,
            4.025 -27.903 1.445,
            4.325 -27.889 1.684,
            4.585 -27.878 1.861,
            4.126 -27.891 1.653,
            2.540 -27.925 0.925,
            4.025 -27.917 1.124,
            4.645 -27.872 1.943,
            0.716 -27.940 0.100,
            1.498 -27.940 0.100,
            1.498 -27.937 0.421,
            3.993 -27.890 1.666,
            4.692 -27.865 2.040,
            3.889 -27.888 1.697,
            4.719 -27.858 2.140,
            1.706 -27.930 0.742,
            2.332 -27.930 0.742,
            -0.855 -27.936 -0.469,
            0.508 -27.934 -0.557,
            3.798 -27.886 1.742,
            -0.736 -27.938 -0.335,
            0.508 -27.936 -0.487,
            0.716 -27.937 0.421,
            -0.640 -27.939 -0.202,
            2.540 -27.909 1.315,
            -1.550 -27.934 -0.599,
            -1.003 -27.938 -0.313,
            2.540 -27.906 1.380,
            -1.682 -27.934 -0.593,
            -0.560 -27.940 -0.054,
            0.508 -27.940 0.161,
            2.540 -27.903 1.445,
            -1.795 -27.934 -0.578,
            2.540 -27.899 1.510,
            3.712 -27.882 1.807,
            3.639 -27.876 1.886,
            3.583 -27.870 1.973,
            -0.502 -27.940 0.106,
            3.539 -27.863 2.073,
            -1.967 -27.935 -0.533,
            0.716 -27.930 0.742,
            1.498 -27.930 0.742,
            -1.550 -27.938 -0.313,
            -0.467 -27.939 0.273,
            3.513 -27.855 2.174,
            -2.119 -27.936 -0.465,
            -2.044 -27.938 -0.309,
            -1.946 -27.938 -0.363,
            -1.758 -27.939 -0.191,
            -0.456 -27.936 0.444,
            0.508 -27.935 0.543,
            -2.242 -27.937 -0.383,
            -1.550 -27.940 -0.026,
            -0.856 -27.940 -0.135,
            -0.764 -27.940 0.028,
            -0.459 -27.935 0.534,
            5.640 -27.730 3.417,
            4.538 -27.801 2.779,
            4.713 -27.812 2.673,
            5.640 -27.729 3.429,
            -2.128 -27.939 -0.243,
            5.640 -27.727 3.442,
            5.640 -27.726 3.454,
            -2.343 -27.938 -0.291,
            -0.467 -27.933 0.612,
            -2.206 -27.940 -0.158,
            -1.758 -27.940 0.035,
            -0.492 -27.930 0.744,
            0.508 -27.925 0.925,
            -1.550 -27.939 0.261,
            -0.703 -27.939 0.190,
            -0.674 -27.938 0.320,
            -0.664 -27.936 0.450,
            -0.676 -27.934 0.600,
            -2.276 -27.940 -0.053,
            -0.712 -27.930 0.746,
            -0.536 -27.926 0.879,
            -2.333 -27.940 0.074,
            -1.758 -27.939 0.261,
            4.233 -27.758 3.184,
            4.123 -27.789 2.899,
            4.250 -27.790 2.887,
            4.375 -27.794 2.853,
            4.233 -27.749 3.262,
            4.025 -27.758 3.184,
            3.812 -27.797 2.819,
            3.909 -27.793 2.863,
            4.013 -27.790 2.891,
            -0.602 -27.922 1.014,
            -2.367 -27.939 0.204,
            4.233 -27.740 3.340,
            4.233 -27.730 3.417,
            -0.686 -27.917 1.139,
            -2.384 -27.937 0.392,
            -2.381 -27.936 0.468,
            -0.789 -27.912 1.250,
            -2.375 -27.935 0.536,
            2.540 -27.793 2.861,
            3.504 -27.846 2.287,
            3.514 -27.836 2.404,
            3.542 -27.827 2.505,
            3.586 -27.819 2.598,
            3.647 -27.811 2.685,
            3.724 -27.803 2.761,
            2.540 -27.786 2.925,
            3.556 -27.730 3.417,
            4.025 -27.749 3.262,
            4.025 -27.740 3.340,
            4.025 -27.730 3.417,
            0.939 -27.854 2.186,
            -2.351 -27.932 0.662,
            2.540 -27.780 2.990,
            2.540 -27.772 3.055,
            -2.310 -27.929 0.786,
            -0.771 -27.926 0.885,
            -2.254 -27.925 0.903,
            -0.850 -27.922 1.013,
            4.025 -27.664 3.916,
            3.556 -27.707 3.598,
            4.025 -27.707 3.598,
            -2.183 -27.922 1.013,
            -0.924 -27.918 1.100,
            -2.098 -27.918 1.109,
            -1.007 -27.915 1.175,
            -1.641 -27.908 1.344,
            -1.309 -27.908 1.327,
            -1.411 -27.907 1.348,
            -1.515 -27.907 1.354,
            -1.999 -27.915 1.193,
            -1.101 -27.913 1.239,
            -1.769 -27.909 1.312,
            -1.202 -27.910 1.290,
            -1.889 -27.912 1.261,
            -0.508 -27.872 1.952,
            0.508 -27.855 2.173,
            -1.337 -27.899 1.521,
            -1.177 -27.901 1.480,
            -1.036 -27.904 1.421,
            -0.906 -27.908 1.344,
            2.540 -27.730 3.417,
            -0.508 -27.867 2.013,
            -1.523 -27.898 1.536,
            2.540 -27.723 3.477,
            3.556 -27.723 3.477,
            5.640 -27.496 4.962,
            -0.508 -27.863 2.074,
            5.640 -27.494 4.975,
            5.640 -27.491 4.987,
            2.540 -27.715 3.538,
            3.556 -27.715 3.538,
            5.640 -27.489 4.999,
            -0.508 -27.858 2.134,
            0.508 -27.855 2.182,
            0.508 -27.854 2.190,
            0.508 -27.853 2.199,
            2.540 -27.707 3.598,
            4.025 -27.617 4.234,
            4.233 -27.523 4.808,
            4.233 -27.536 4.731,
            4.025 -27.536 4.731,
            4.025 -27.567 4.552,
            4.233 -27.510 4.885,
            4.233 -27.496 4.962,
            -2.540 -27.872 1.952,
            -2.457 -27.923 0.986,
            -2.378 -27.918 1.109,
            -2.298 -27.914 1.203,
            -2.208 -27.910 1.287,
            -2.061 -27.905 1.392,
            -1.915 -27.902 1.464,
            -1.775 -27.899 1.508,
            -1.650 -27.898 1.529,
            3.556 -27.496 4.962,
            4.025 -27.523 4.808,
            4.025 -27.510 4.885,
            4.025 -27.496 4.962,
            4.025 -27.402 5.457,
            3.556 -27.463 5.142,
            4.025 -27.463 5.142,
            -0.508 -27.724 3.470,
            0.508 -27.730 3.417,
            0.508 -27.729 3.431,
            0.508 -27.727 3.445,
            0.508 -27.725 3.458,
            -0.508 -27.722 3.482,
            -0.508 -27.721 3.495,
            2.540 -27.503 4.925,
            -0.508 -27.719 3.508,
            2.540 -27.500 4.937,
            2.540 -27.498 4.950,
            2.540 -27.496 4.962,
            3.556 -27.485 5.022,
            3.556 -27.474 5.082,
            -8.763 -27.940 0.000,
            -2.421 -27.939 -0.194,
            -2.484 -27.940 -0.088,
            -2.533 -27.940 0.027,
            -2.566 -27.940 0.147,
            -2.586 -27.939 0.277,
            -2.592 -27.937 0.407,
            -2.572 -27.932 0.648,
            -2.523 -27.927 0.837,
            -2.540 -27.871 1.966,
            -2.540 -27.870 1.980,
            -2.540 -27.869 1.994,
            -0.508 -27.660 3.947,
            5.588 -27.017 7.124,
            4.025 -27.269 6.086,
            5.588 -27.014 7.132,
            2.075 -27.390 5.515,
            1.966 -27.402 5.459,
            5.588 -27.012 7.140,
            1.851 -27.410 5.417,
            3.556 -27.240 6.213,
            4.025 -27.337 5.772,
            5.588 -27.010 7.149,
            11.811 -26.255 9.556,
            2.177 -27.376 5.584,
            1.727 -27.415 5.389,
            2.274 -27.359 5.666,
            2.370 -27.337 5.772,
            -0.508 -27.577 4.487,
            -0.508 -27.634 4.127,
            0.508 -27.528 4.783,
            2.462 -27.308 5.907,
            1.322 -27.415 5.389,
            0.508 -27.496 4.962,
            1.415 -27.418 5.377,
            -0.716 -27.577 4.487,
            2.529 -27.276 6.053,
            1.161 -27.407 5.430,
            1.023 -27.396 5.489,
            2.576 -27.237 6.229,
            3.556 -27.226 6.277,
            3.556 -27.211 6.342,
            -0.508 -27.518 4.838,
            0.508 -27.517 4.843,
            0.508 -27.507 4.903,
            0.895 -27.380 5.568,
            2.592 -27.190 6.429,
            3.556 -27.196 6.406,
            -2.540 -27.634 4.127,
            2.587 -27.165 6.534,
            -0.508 -27.454 5.189,
            2.571 -27.140 6.638,
            2.536 -27.110 6.760,
            4.207 -27.125 6.698,
            4.207 -27.050 6.996,
            2.485 -27.080 6.880,
            -0.508 -27.386 5.538,
            0.776 -27.359 5.667,
            0.679 -27.338 5.771,
            0.606 -27.316 5.873,
            0.547 -27.292 5.982,
            0.502 -27.267 6.097,
            2.420 -27.052 6.990,
            4.207 -26.971 7.293,
            2.340 -27.025 7.092,
            -2.540 -27.503 4.924,
            -0.716 -27.553 4.633,
            -0.716 -27.528 4.779,
            -0.716 -27.503 4.924,
            2.243 -27.000 7.187,
            3.556 -26.804 7.885,
            4.207 -26.890 7.589,
            -2.540 -27.470 5.103,
            -0.716 -27.470 5.103,
            -0.716 -27.443 5.248,
            -0.716 -27.415 5.393,
            2.125 -26.976 7.275,
            5.588 -26.453 8.994,
            5.588 -26.433 9.052,
            5.588 -26.413 9.109,
            3.556 -26.694 8.251,
            3.556 -26.747 8.076,
            3.764 -26.694 8.251,
            5.588 -26.394 9.166,
            2.167 -26.843 7.751,
            1.515 -26.928 7.451,
            1.698 -26.932 7.437,
            1.857 -26.942 7.399,
            1.995 -26.957 7.346,
            -0.508 -27.166 6.530,
            0.456 -27.194 6.413,
            0.473 -27.147 6.610,
            -0.716 -27.386 5.538,
            0.472 -27.239 6.220,
            0.460 -27.217 6.314,
            -0.508 -27.164 6.538,
            -0.508 -27.162 6.547,
            3.764 -26.616 8.499,
            -2.540 -27.370 5.615,
            -0.508 -27.160 6.555,
            0.514 -27.108 6.766,
            0.573 -27.075 6.899,
            0.653 -27.043 7.024,
            2.295 -26.813 7.857,
            2.403 -26.775 7.983,
            3.556 -26.785 7.949,
            3.556 -26.766 8.013,
            2.045 -26.799 7.905,
            2.487 -26.733 8.125,
            3.764 -26.536 8.747,
            2.548 -26.685 8.279,
            2.581 -26.635 8.438,
            3.556 -26.597 8.557,
            -1.889 -27.197 6.401,
            -2.540 -27.330 5.809,
            -1.889 -27.265 6.102,
            3.764 -26.453 8.994,
            0.882 -26.843 7.751,
            0.860 -26.988 7.233,
            0.964 -26.968 7.304,
            1.074 -26.953 7.361,
            1.191 -26.941 7.405,
            1.318 -26.933 7.434,
            1.414 -26.929 7.446,
            2.592 -26.584 8.599,
            1.003 -26.799 7.905,
            -1.889 -27.125 6.700,
            2.584 -26.539 8.737,
            3.556 -26.497 8.862,
            0.904 -26.771 7.997,
            2.148 -26.771 7.997,
            2.233 -26.740 8.102,
            2.559 -26.493 8.876,
            0.818 -26.740 8.101,
            2.300 -26.703 8.220,
            2.515 -26.447 9.010,
            3.556 -26.394 9.166,
            0.750 -26.705 8.215,
            0.702 -26.667 8.337,
            2.347 -26.665 8.344,
            2.450 -26.404 9.137,
            0.673 -26.626 8.468,
            2.375 -26.623 8.478,
            2.366 -26.363 9.255,
            0.664 -26.584 8.598,
            2.384 -26.580 8.610,
            -1.082 -26.822 7.824,
            0.754 -27.013 7.139,
            -0.973 -26.806 7.879,
            0.755 -26.812 7.859,
            -1.197 -26.834 7.783,
            -0.871 -26.786 7.946,
            0.647 -26.775 7.984,
            2.263 -26.325 9.362,
            -0.774 -26.762 8.027,
            0.670 -26.547 8.712,
            2.372 -26.533 8.754,
            -0.678 -26.731 8.130,
            0.561 -26.733 8.125,
            -2.540 -26.970 7.296,
            -1.889 -27.050 6.998,
            2.146 -26.292 9.455,
            0.690 -26.509 8.827,
            2.337 -26.487 8.894,
            -0.586 -26.690 8.263,
            0.502 -26.686 8.275,
            0.725 -26.472 8.938,
            2.279 -26.442 9.026,
            2.020 -26.265 9.528,
            -0.519 -26.646 8.405,
            0.467 -26.636 8.436,
            -1.887 -26.830 7.796,
            -2.540 -26.918 7.488,
            -1.726 -26.842 7.756,
            0.776 -26.436 9.044,
            2.198 -26.400 9.148,
            0.843 -26.402 9.142,
            -2.025 -26.814 7.853,
            1.522 -26.289 9.461,
            1.730 -26.297 9.439,
            1.627 -26.291 9.456,
            -0.472 -26.591 8.577,
            0.456 -26.585 8.597,
            0.925 -26.371 9.232,
            2.123 -26.371 9.231,
            2.037 -26.346 9.302,
            1.370 -26.293 9.450,
            1.020 -26.343 9.311,
            1.942 -26.325 9.361,
            1.235 -26.305 9.418,
            1.839 -26.309 9.407,
            1.124 -26.321 9.372,
            -8.763 -27.516 4.852,
            -2.540 -27.741 3.327,
            -2.540 -27.492 4.984,
            -2.540 -27.481 5.044,
            -2.540 -27.660 3.947,
            -2.540 -27.651 4.007,
            -2.540 -27.642 4.067,
            -2.540 -27.734 3.387,
            -2.540 -27.727 3.447,
            -2.540 -27.719 3.508,
            -2.540 -27.357 5.679,
            -2.540 -27.343 5.744,
            -2.153 -26.791 7.930,
            -0.456 -26.527 8.772,
            0.474 -26.514 8.812,
            -2.272 -26.762 8.027,
            -0.461 -26.493 8.874,
            0.519 -26.456 8.984,
            -0.477 -26.459 8.976,
            -2.369 -26.731 8.129,
            -0.512 -26.418 9.095,
            0.579 -26.411 9.117,
            -2.442 -26.701 8.229,
            -2.501 -26.668 8.335,
            -0.563 -26.378 9.212,
            0.653 -26.372 9.229,
            -0.628 -26.340 9.319,
            0.728 -26.342 9.315,
            -0.708 -26.305 9.418,
            0.811 -26.315 9.390,
            0.892 -26.294 9.449,
            1.966 -25.796 10.734,
            1.884 -26.246 9.581,
            -0.805 -26.271 9.511,
            0.966 -26.277 9.495,
            2.075 -25.774 10.786,
            1.851 -25.812 10.695,
            1.720 -26.232 9.619,
            2.177 -25.747 10.851,
            1.727 -25.823 10.668,
            2.274 -25.714 10.929,
            1.628 -25.828 10.656,
            1.536 -26.227 9.633,
            1.525 -25.830 10.652,
            2.370 -25.671 11.028,
            1.415 -25.828 10.657,
            1.403 -26.229 9.626,
            2.462 -25.616 11.155,
            1.322 -25.823 10.668,
            1.267 -26.237 9.606,
            2.529 -25.557 11.292,
            2.576 -25.483 11.456,
            -0.881 -26.066 10.059,
            -1.533 -26.177 9.767,
            -1.350 -26.182 9.753,
            -1.191 -26.196 9.717,
            -1.053 -26.215 9.665,
            -0.923 -26.240 9.596,
            -0.753 -26.027 10.162,
            1.122 -26.252 9.565,
            2.592 -25.398 11.643,
            -0.645 -25.978 10.284,
            1.161 -25.807 10.707,
            2.587 -25.353 11.741,
            11.811 -24.197 13.970,
            -1.003 -26.009 10.208,
            -0.561 -25.924 10.422,
            1.023 -25.784 10.762,
            2.571 -25.308 11.839,
            -0.500 -25.863 10.571,
            0.895 -25.753 10.836,
            2.536 -25.254 11.952,
            -0.467 -25.800 10.725,
            0.776 -25.714 10.929,
            2.485 -25.201 12.064,
            -2.166 -26.066 10.059,
            -2.188 -26.255 9.555,
            -2.084 -26.230 9.624,
            -1.974 -26.210 9.680,
            -1.857 -26.194 9.722,
            -1.730 -26.183 9.751,
            -1.634 -26.179 9.763,
            -0.456 -25.734 10.881,
            0.679 -25.672 11.027,
            -2.045 -26.009 10.208,
            -2.293 -26.026 10.163,
            -2.395 -26.328 9.352,
            -2.294 -26.288 9.464,
            -0.464 -25.677 11.015,
            0.606 -25.630 11.123,
            -2.144 -25.973 10.297,
            -0.900 -25.973 10.298,
            -0.815 -25.933 10.399,
            -2.401 -25.978 10.285,
            -0.489 -25.619 11.149,
            0.547 -25.586 11.225,
            0.502 -25.539 11.333,
            -2.230 -25.933 10.398,
            -0.748 -25.886 10.514,
            -0.533 -25.562 11.279,
            0.472 -25.487 11.448,
            -2.298 -25.888 10.509,
            -2.346 -25.840 10.627,
            -0.701 -25.837 10.634,
            -0.598 -25.508 11.402,
            0.460 -25.447 11.536,
            -2.375 -25.788 10.754,
            -0.673 -25.784 10.764,
            -0.682 -25.457 11.515,
            0.456 -25.405 11.628,
            2.540 -24.750 12.964,
            1.698 -24.947 12.581,
            1.857 -24.965 12.546,
            1.995 -24.989 12.497,
            2.125 -25.022 12.431,
            2.243 -25.063 12.350,
            2.340 -25.106 12.261,
            2.420 -25.152 12.166,
            -2.384 -25.735 10.880,
            -0.664 -25.730 10.892,
            2.540 -24.722 13.018,
            1.515 -24.941 12.594,
            -0.785 -25.410 11.618,
            0.473 -25.320 11.812,
            2.540 -24.693 13.072,
            -2.378 -25.688 10.990,
            -0.676 -25.670 11.031,
            2.540 -24.665 13.126,
            -0.902 -25.369 11.708,
            0.514 -25.252 11.958,
            -2.358 -25.640 11.102,
            -0.711 -25.612 11.167,
            -2.323 -25.593 11.209,
            -0.769 -25.556 11.294,
            -1.028 -25.336 11.778,
            0.573 -25.193 12.082,
            -2.272 -25.548 11.312,
            -0.850 -25.503 11.412,
            -1.164 -25.312 11.830,
            0.653 -25.137 12.198,
            -2.205 -25.506 11.407,
            -1.526 -25.366 11.714,
            -1.318 -25.376 11.693,
            -1.421 -25.368 11.709,
            -2.123 -25.467 11.493,
            -0.925 -25.467 11.492,
            -1.011 -25.436 11.561,
            -1.678 -25.371 11.703,
            -2.028 -25.432 11.569,
            -1.106 -25.410 11.618,
            -1.813 -25.385 11.673,
            -1.209 -25.390 11.662,
            -1.924 -25.405 11.629,
            0.508 -24.750 12.964,
            0.964 -25.009 12.458,
            1.074 -24.982 12.511,
            1.191 -24.962 12.551,
            1.318 -24.948 12.579,
            0.860 -25.042 12.392,
            2.540 -24.006 14.295,
            2.540 -24.000 14.306,
            -0.810 -24.768 12.930,
            0.754 -25.084 12.305,
            2.540 -23.993 14.317,
            -0.915 -24.785 12.897,
            2.540 -23.986 14.328,
            -0.720 -24.742 12.981,
            -0.979 -24.791 12.887,
            -1.328 -25.295 11.867,
            -0.667 -24.719 13.024,
            0.508 -24.744 12.977,
            -1.051 -24.792 12.884,
            -1.512 -25.289 11.880,
            -8.763 -26.255 9.556,
            -2.546 -26.632 8.448,
            -2.576 -26.594 8.568,
            -2.588 -26.564 8.660,
            -2.592 -26.532 8.756,
            -2.487 -25.924 10.422,
            -2.546 -25.865 10.567,
            -2.581 -25.801 10.723,
            -2.592 -25.735 10.879,
            -2.574 -25.646 11.087,
            -2.529 -25.574 11.253,
            -2.540 -26.953 7.360,
            -2.469 -25.517 11.382,
            -2.540 -26.936 7.424,
            -2.575 -26.468 8.948,
            -2.534 -26.416 9.101,
            -2.475 -26.371 9.231,
            -0.602 -24.679 13.100,
            0.508 -24.737 12.989,
            0.508 -24.731 13.001,
            -1.163 -24.788 12.892,
            -1.645 -25.292 11.874,
            -0.569 -24.649 13.155,
            -0.536 -24.601 13.246,
            -0.515 -24.517 13.400,
            -2.540 -24.804 12.860,
            -2.395 -25.468 11.490,
            -2.320 -25.431 11.573,
            -2.237 -25.397 11.646,
            -2.156 -25.371 11.703,
            -2.082 -25.351 11.747,
            -1.926 -25.319 11.814,
            -1.781 -25.301 11.854,
            -1.264 -24.774 12.918,
            -1.325 -24.761 12.944,
            -1.415 -24.730 13.002,
            -0.508 -24.313 13.767,
            -0.508 -24.379 13.649,
            0.508 -24.079 14.171,
            -0.508 -24.246 13.885,
            -0.508 -24.178 14.002,
            0.508 -24.049 14.224,
            0.508 -24.018 14.276,
            0.508 -23.986 14.328,
            2.540 -23.321 15.387,
            2.540 -23.317 15.394,
            2.540 -23.312 15.401,
            0.508 -23.825 14.596,
            2.540 -23.307 15.409,
            11.811 -21.403 17.959,
            -2.540 -24.269 13.844,
            -1.602 -24.342 13.715,
            -1.602 -24.318 13.758,
            -1.602 -24.293 13.801,
            -1.602 -24.269 13.844,
            -0.508 -23.527 15.070,
            0.508 -23.790 14.652,
            0.508 -23.755 14.708,
            0.508 -23.720 14.764,
            -0.508 -23.523 15.078,
            -0.508 -23.518 15.085,
            -0.508 -23.513 15.092,
            1.159 -23.560 15.018,
            1.159 -23.394 15.276,
            1.159 -23.225 15.533,
            -1.889 -23.598 14.959,
            -2.540 -23.918 14.442,
            -1.889 -23.761 14.699,
            0.508 -22.877 16.041,
            1.159 -23.053 15.787,
            -1.889 -23.432 15.217,
            2.540 -22.189 16.979,
            2.540 -22.152 17.027,
            2.540 -22.115 17.075,
            0.508 -22.655 16.352,
            0.508 -22.762 16.203,
            0.716 -22.655 16.352,
            2.540 -22.078 17.123,
            0.716 -22.502 16.562,
            0.716 -22.347 16.771,
            -0.768 -22.704 16.285,
            0.508 -22.838 16.095,
            0.508 -22.800 16.149,
            -0.825 -22.719 16.263,
            -0.886 -22.730 16.247,
            -0.678 -22.667 16.336,
            -0.942 -22.737 16.239,
            -0.628 -22.636 16.378,
            2.319 -21.759 17.527,
            2.230 -21.791 17.487,
            -0.581 -22.594 16.436,
            2.127 -21.812 17.461,
            2.371 -21.730 17.562,
            2.065 -21.818 17.453,
            1.995 -21.820 17.451,
            0.716 -22.189 16.979,
            -2.540 -23.091 15.730,
            -1.889 -23.264 15.474,
            2.437 -21.680 17.625,
            -0.540 -22.534 16.518,
            0.508 -22.466 16.611,
            1.889 -21.815 17.457,
            2.480 -21.630 17.686,
            -1.717 -22.798 16.153,
            -1.012 -22.739 16.235,
            -1.119 -22.733 16.243,
            2.509 -21.575 17.753,
            -1.627 -22.765 16.199,
            -1.225 -22.715 16.269,
            -0.516 -22.455 16.625,
            -1.552 -22.722 16.260,
            -1.311 -22.687 16.308,
            2.526 -21.513 17.828,
            -1.501 -22.677 16.322,
            -1.385 -22.649 16.361,
            -2.071 -22.824 16.115,
            -2.540 -22.979 15.894,
            -1.963 -22.829 16.108,
            0.508 -22.078 17.123,
            1.818 -21.805 17.469,
            1.736 -21.784 17.496,
            1.673 -21.760 17.526,
            -2.141 -22.814 16.130,
            -0.508 -22.358 16.756,
            0.508 -22.273 16.868,
            -1.444 -22.602 16.426,
            2.535 -21.431 17.927,
            1.592 -21.712 17.585,
            -2.239 -22.789 16.165,
            1.554 -21.679 17.626,
            -0.508 -22.278 16.862,
            -2.323 -22.755 16.213,
            -0.508 -22.198 16.967,
            2.540 -21.278 18.108,
            -2.398 -22.711 16.274,
            -0.508 -22.118 17.072,
            -2.457 -22.660 16.345,
            2.540 -21.192 18.209,
            -2.482 -22.631 16.386,
            -2.502 -22.600 16.428,
            2.540 -21.105 18.309,
            -8.763 -24.197 13.970,
            -2.540 -24.700 13.060,
            -2.540 -24.239 13.897,
            -2.540 -24.208 13.950,
            -2.540 -24.178 14.002,
            -2.540 -24.020 14.272,
            -2.540 -23.986 14.329,
            -2.540 -23.952 14.386,
            -2.540 -23.054 15.785,
            -2.540 -23.016 15.840,
            -2.540 -24.770 12.927,
            -2.540 -24.735 12.994,
            -2.519 -22.565 16.477,
            2.540 -21.017 18.409,
            11.811 -17.959 21.403,
            -0.768 -21.725 17.569,
            -0.825 -21.742 17.548,
            -0.886 -21.754 17.533,
            -0.678 -21.685 17.618,
            -0.942 -21.760 17.525,
            -0.628 -21.652 17.659,
            1.522 -21.642 17.671,
            -1.012 -21.763 17.522,
            -0.581 -21.607 17.714,
            1.499 -21.607 17.713,
            -0.540 -21.542 17.793,
            1.479 -21.565 17.766,
            -1.717 -21.826 17.443,
            -1.119 -21.757 17.530,
            -1.814 -21.849 17.415,
            -1.627 -21.791 17.487,
            -1.225 -21.737 17.554,
            -0.516 -21.457 17.895,
            1.451 -21.403 17.960,
            0.508 -21.137 18.272,
            1.446 -21.232 18.162,
            1.446 -21.200 18.199,
            1.446 -21.169 18.235,
            1.446 -21.137 18.272,
            -1.885 -21.858 17.404,
            -2.540 -22.118 17.072,
            -1.552 -21.744 17.545,
            -1.311 -21.707 17.592,
            -1.963 -21.861 17.400,
            -1.501 -21.696 17.605,
            -1.385 -21.665 17.642,
            -2.071 -21.855 17.407,
            -2.141 -21.844 17.421,
            -0.508 -21.352 18.020,
            0.508 -21.017 18.409,
            -1.444 -21.615 17.704,
            -2.239 -21.817 17.455,
            -0.508 -21.267 18.121,
            -2.323 -21.780 17.501,
            -0.508 -21.181 18.221,
            -2.398 -21.733 17.559,
            -0.508 -21.095 18.321,
            0.508 -21.097 18.318,
            0.508 -21.057 18.364,
            -2.457 -21.678 17.627,
            -2.482 -21.646 17.666,
            -2.540 -21.095 18.321,
            -8.763 -21.403 17.959,
            -2.502 -21.613 17.707,
            -2.519 -21.575 17.753,
            -2.531 -21.533 17.804,
            -2.540 -21.451 17.903,
            -2.540 -22.449 16.633,
            -2.540 -22.340 16.780,
            -2.540 -22.229 16.926,
            -2.531 -22.526 16.530,
            -2.540 -21.333 18.043,
            -2.540 -21.214 18.182,
            -8.763 -17.959 21.403,
            11.811 -13.970 24.197,
            -8.763 -13.970 24.197,
            -8.763 -9.556 26.255,
            11.811 -9.556 26.255,
            11.811 -4.852 27.516,
            -8.763 -4.852 27.516,
            -1.633 -26.845 7.744,
            -1.523 -26.847 7.739,
            -1.420 -26.846 7.743,
            -1.321 -26.842 7.755,
            -1.885 -22.827 16.112,
            -1.814 -22.819 16.123,
            4.709 -27.831 2.464,
            4.723 -27.840 2.359,
            4.728 -27.849 2.255,
            3.921 -27.091 -6.834,
            5.018 -26.897 -7.564,
            5.021 -27.266 -6.099,
            0.941 -24.665 13.126,
            1.414 -24.943 12.590,
            2.104 -24.079 14.171,
            1.525 -27.419 5.372,
            1.628 -27.418 5.376,
            0.941 -27.707 3.598,
            2.104 -27.528 4.783,
            -0.508 -27.642 4.067,
            -0.508 -27.651 4.007,
            1.544 -27.910 -1.290,
            1.661 -26.916 -7.495,
            1.675 -26.887 -7.597,
            1.680 -26.859 -7.698,
            1.316 -26.175 -9.772,
            2.097 -22.986 -15.883,
            2.097 -23.060 -15.776,
            -1.602 -24.452 13.519,
            -1.595 -24.527 13.383,
            -1.570 -24.600 13.248,
            -1.535 -24.649 13.155,
            -1.484 -24.693 13.073,
            -2.107 -27.858 2.134,
            -0.944 -27.741 3.327,
            -1.758 -27.937 -0.417,
            -1.854 -27.937 -0.397,
            0.508 -27.877 -1.882,
            0.508 -27.881 -1.812,
            -0.671 -24.455 -13.513,
            -0.679 -24.365 -13.675,
            -0.664 -24.418 -13.579,
            -0.689 -24.487 -13.455,
            -0.724 -24.315 -13.762,
            -0.739 -24.533 -13.371,
            -0.790 -24.272 -13.839,
            -0.782 -24.559 -13.323,
            -0.827 -24.580 -13.285,
            -0.839 -24.250 -13.877,
            -0.918 -24.609 -13.231,
            -0.934 -24.220 -13.929,
            -1.024 -24.631 -13.190,
            -1.068 -24.193 -13.976,
            -1.133 -24.644 -13.164,
            -1.222 -24.176 -14.006,
            -1.269 -24.654 -13.147,
            -1.524 -24.165 -14.025,
            -1.524 -24.659 -13.137,
            -1.698 -24.169 -14.019,
            -1.736 -24.655 -13.144,
            -1.867 -24.180 -13.998,
            -1.904 -24.645 -13.162,
            -2.035 -24.203 -13.958,
            -2.045 -24.627 -13.196,
            -2.130 -24.224 -13.923,
            -2.145 -24.605 -13.238,
            -2.215 -24.251 -13.875,
            -2.230 -24.576 -13.292,
            -2.286 -24.286 -13.814,
            -2.304 -24.536 -13.366,
            -2.322 -24.311 -13.770,
            -2.338 -24.508 -13.416,
            -2.355 -24.344 -13.712,
            -2.363 -24.480 -13.467,
            -2.377 -24.380 -13.647,
            -2.378 -24.452 -13.519,
            -2.384 -24.418 -13.579,
            -0.671 -25.172 -12.124,
            -0.679 -25.091 -12.291,
            -0.664 -25.139 -12.193,
            -0.689 -25.201 -12.065,
            -0.724 -25.047 -12.381,
            -0.739 -25.242 -11.978,
            -0.790 -25.008 -12.460,
            -0.782 -25.266 -11.929,
            -0.827 -25.284 -11.889,
            -0.839 -24.988 -12.500,
            -0.918 -25.310 -11.834,
            -0.934 -24.961 -12.553,
            -1.024 -25.330 -11.792,
            -1.068 -24.937 -12.601,
            -1.133 -25.342 -11.766,
            -1.222 -24.921 -12.633,
            -1.269 -25.350 -11.748,
            -1.524 -24.911 -12.652,
            -1.524 -25.355 -11.738,
            -1.698 -24.915 -12.645,
            -1.736 -25.352 -11.745,
            -1.867 -24.925 -12.625,
            -1.904 -25.343 -11.764,
            -2.035 -24.946 -12.583,
            -2.045 -25.327 -11.798,
            -2.130 -24.964 -12.547,
            -2.145 -25.307 -11.841,
            -2.215 -24.989 -12.498,
            -2.230 -25.281 -11.897,
            -2.286 -25.021 -12.434,
            -2.304 -25.245 -11.973,
            -2.322 -25.043 -12.389,
            -2.338 -25.220 -12.025,
            -2.355 -25.073 -12.329,
            -2.363 -25.195 -12.078,
            -2.377 -25.105 -12.262,
            -2.378 -25.169 -12.131,
            -2.384 -25.139 -12.193,
            -0.671 -27.429 -5.318,
            -0.679 -27.393 -5.500,
            -0.664 -27.415 -5.393,
            -0.689 -27.442 -5.254,
            -0.724 -27.373 -5.599,
            -0.739 -27.459 -5.160,
            -0.790 -27.356 -5.685,
            -0.782 -27.470 -5.105,
            -0.827 -27.477 -5.063,
            -0.839 -27.347 -5.728,
            -0.918 -27.489 -5.002,
            -0.934 -27.334 -5.787,
            -1.024 -27.497 -4.957,
            -1.068 -27.323 -5.839,
            -1.133 -27.502 -4.929,
            -1.222 -27.316 -5.874,
            -1.269 -27.505 -4.909,
            -1.524 -27.311 -5.895,
            -1.524 -27.507 -4.898,
            -1.698 -27.313 -5.888,
            -1.736 -27.506 -4.906,
            -1.867 -27.317 -5.865,
            -1.904 -27.502 -4.926,
            -2.035 -27.327 -5.820,
            -2.045 -27.496 -4.964,
            -2.130 -27.336 -5.780,
            -2.145 -27.487 -5.011,
            -2.215 -27.347 -5.726,
            -2.230 -27.476 -5.071,
            -2.286 -27.361 -5.656,
            -2.304 -27.461 -5.154,
            -2.322 -27.372 -5.607,
            -2.338 -27.450 -5.210,
            -2.355 -27.385 -5.542,
            -2.363 -27.439 -5.268,
            -2.377 -27.400 -5.469,
            -2.378 -27.428 -5.325,
            -2.384 -27.415 -5.393,
            -0.671 -27.684 -3.776,
            -0.679 -27.658 -3.960,
            -0.664 -27.673 -3.851,
            -0.689 -27.692 -3.711,
            -0.724 -27.644 -4.060,
            -0.739 -27.705 -3.616,
            -0.790 -27.631 -4.146,
            -0.782 -27.712 -3.561,
            -0.827 -27.718 -3.518,
            -0.839 -27.624 -4.190,
            -0.918 -27.725 -3.458,
            -0.934 -27.615 -4.249,
            -1.024 -27.731 -3.412,
            -1.068 -27.607 -4.303,
            -1.133 -27.734 -3.383,
            -1.222 -27.601 -4.338,
            -1.269 -27.737 -3.364,
            -1.524 -27.598 -4.359,
            -1.524 -27.738 -3.353,
            -1.698 -27.599 -4.352,
            -1.736 -27.737 -3.360,
            -1.867 -27.603 -4.328,
            -1.904 -27.735 -3.381,
            -2.035 -27.610 -4.283,
            -2.045 -27.730 -3.419,
            -2.130 -27.616 -4.242,
            -2.145 -27.724 -3.466,
            -2.215 -27.624 -4.188,
            -2.230 -27.717 -3.527,
            -2.286 -27.635 -4.118,
            -2.304 -27.706 -3.610,
            -2.322 -27.642 -4.068,
            -2.338 -27.698 -3.667,
            -2.355 -27.652 -4.002,
            -2.363 -27.691 -3.725,
            -2.377 -27.662 -3.928,
            -2.378 -27.683 -3.783,
            -2.384 -27.673 -3.851,
            -0.980 -27.821 -2.575,
            -1.863 -27.821 -2.575,
            -1.863 -27.839 -2.374,
            -1.863 -27.855 -2.173,
            -1.863 -27.870 -1.972,
            -1.680 -27.190 6.432,
            -1.680 -27.244 6.196,
            -0.904 -27.163 6.545,
            -1.680 -27.133 6.667,
            -1.680 -27.074 6.902,
            -0.675 -26.487 8.892,
            -0.694 -26.602 8.541,
            -0.672 -26.567 8.651,
            -0.664 -26.530 8.763,
            -0.704 -26.446 9.014,
            -0.734 -26.638 8.430,
            -0.755 -26.405 9.134,
            -0.787 -26.670 8.327,
            -0.823 -26.366 9.246,
            -0.855 -26.701 8.228,
            -0.907 -26.331 9.345,
            -0.934 -26.728 8.141,
            -1.008 -26.300 9.431,
            -1.027 -26.751 8.065,
            -1.122 -26.275 9.501,
            -1.130 -26.769 8.004,
            -1.246 -26.256 9.552,
            -1.371 -26.792 7.926,
            -1.242 -26.783 7.957,
            -1.376 -26.245 9.584,
            -1.454 -26.242 9.593,
            -1.523 -26.796 7.914,
            -1.532 -26.240 9.596,
            -1.627 -26.794 7.919,
            -1.683 -26.245 9.584,
            -1.729 -26.789 7.936,
            -1.816 -26.256 9.552,
            -1.838 -26.780 7.968,
            -1.926 -26.273 9.506,
            -1.941 -26.766 8.014,
            -2.028 -26.295 9.444,
            -2.036 -26.748 8.073,
            -2.122 -26.323 9.367,
            -2.197 -26.701 8.226,
            -2.122 -26.727 8.144,
            -2.199 -26.352 9.285,
            -2.279 -26.664 8.348,
            -2.277 -26.391 9.174,
            -2.333 -26.432 9.054,
            -2.337 -26.622 8.480,
            -2.380 -26.502 8.849,
            -2.384 -26.530 8.763,
            -2.372 -26.577 8.620,
            -2.367 -26.472 8.937,
            -0.716 -24.455 13.512,
            -0.733 -24.572 13.299,
            -0.722 -24.531 13.375,
            -0.716 -24.394 13.623,
            -0.748 -24.601 13.244,
            -0.716 -24.332 13.734,
            -0.716 -24.269 13.844,
            -0.770 -24.627 13.197,
            -0.811 -24.655 13.144,
            -0.877 -24.683 13.092,
            -0.960 -24.702 13.057,
            -1.394 -24.269 13.844,
            -1.397 -24.451 13.520,
            -1.379 -24.567 13.307,
            -1.358 -24.605 13.238,
            -1.330 -24.633 13.185,
            -1.258 -24.673 13.110,
            -1.162 -24.699 13.062,
            -1.051 -24.708 13.045,
            -1.680 -23.582 14.985,
            -1.680 -23.711 14.780,
            -0.904 -23.519 15.083,
            -1.680 -23.451 15.189,
            -1.680 -23.318 15.391,
            -1.576 -22.302 16.831,
            -1.600 -22.529 16.526,
            -1.580 -22.416 16.678,
            -1.576 -22.278 16.863,
            -1.576 -22.253 16.895,
            -1.576 -22.229 16.927,
            -1.635 -22.590 16.442,
            -1.692 -22.646 16.365,
            -1.772 -22.690 16.304,
            -2.332 -22.333 16.789,
            -2.332 -22.385 16.720,
            -2.316 -22.524 16.532,
            -2.332 -22.281 16.858,
            -2.300 -22.567 16.474,
            -2.332 -22.229 16.927,
            -2.272 -22.609 16.416,
            -2.237 -22.641 16.372,
            -2.162 -22.684 16.312,
            -2.069 -22.714 16.271,
            -1.829 -22.708 16.278,
            -1.893 -22.720 16.262,
            -1.963 -22.724 16.256,
            -0.716 -22.328 16.795,
            -0.723 -22.450 16.632,
            -0.716 -22.378 16.729,
            -0.735 -22.490 16.578,
            -0.716 -22.279 16.861,
            -0.716 -22.229 16.927,
            -0.752 -22.524 16.532,
            -0.778 -22.556 16.488,
            -0.812 -22.583 16.451,
            -0.868 -22.611 16.414,
            -1.368 -22.278 16.862,
            -1.368 -22.303 16.829,
            -1.353 -22.439 16.647,
            -1.368 -22.253 16.895,
            -1.368 -22.229 16.927,
            -1.336 -22.483 16.587,
            -1.312 -22.521 16.537,
            -1.280 -22.552 16.494,
            -1.208 -22.595 16.435,
            -1.117 -22.623 16.397,
            -1.015 -22.633 16.383,
            -0.935 -22.627 16.391,
            -1.576 -21.292 18.091,
            -1.600 -21.536 17.800,
            -1.580 -21.415 17.945,
            -1.576 -21.266 18.122,
            -1.576 -21.240 18.152,
            -1.576 -21.214 18.183,
            -1.635 -21.602 17.719,
            -1.692 -21.662 17.646,
            -1.772 -21.710 17.588,
            -2.332 -21.326 18.051,
            -2.332 -21.382 17.985,
            -2.316 -21.532 17.805,
            -2.332 -21.270 18.117,
            -2.300 -21.577 17.750,
            -2.332 -21.214 18.183,
            -2.272 -21.622 17.695,
            -2.237 -21.657 17.653,
            -2.162 -21.704 17.595,
            -2.069 -21.735 17.556,
            -1.829 -21.730 17.563,
            -1.893 -21.742 17.548,
            -1.963 -21.747 17.542,
            -0.716 -21.321 18.057,
            -0.723 -21.452 17.902,
            -0.716 -21.374 17.994,
            -0.735 -21.495 17.850,
            -0.716 -21.267 18.120,
            -0.716 -21.214 18.183,
            -0.752 -21.532 17.806,
            -0.778 -21.566 17.764,
            -0.812 -21.595 17.728,
            -0.868 -21.624 17.693,
            -1.368 -21.267 18.121,
            -1.368 -21.293 18.090,
            -1.353 -21.440 17.916,
            -1.368 -21.240 18.152,
            -1.368 -21.214 18.183,
            -1.336 -21.487 17.859,
            -1.312 -21.528 17.810,
            -1.280 -21.561 17.769,
            -1.208 -21.608 17.713,
            -1.117 -21.638 17.676,
            -1.015 -21.648 17.664,
            -0.935 -21.642 17.671,
            1.693 -21.847 -17.416,
            1.691 -21.747 -17.542,
            1.706 -21.800 -17.476,
            1.652 -21.886 -17.368,
            1.642 -21.692 -17.610,
            1.590 -21.910 -17.338,
            1.511 -21.607 -17.714,
            1.512 -21.917 -17.328,
            1.438 -21.650 -17.662,
            1.435 -21.909 -17.338,
            1.381 -21.691 -17.611,
            1.372 -21.885 -17.370,
            1.332 -21.746 -17.542,
            1.329 -21.845 -17.419,
            1.316 -21.798 -17.478,
            1.762 -21.329 -18.048,
            1.771 -21.209 -18.189,
            1.785 -21.265 -18.123,
            1.727 -21.159 -18.246,
            1.721 -21.371 -17.998,
            1.659 -21.124 -18.287,
            1.651 -21.416 -17.944,
            1.601 -21.110 -18.304,
            1.512 -21.491 -17.855,
            1.509 -21.103 -18.311,
            1.423 -21.109 -18.304,
            1.390 -21.431 -17.927,
            1.343 -21.131 -18.279,
            1.330 -21.394 -17.971,
            1.282 -21.169 -18.236,
            1.285 -21.358 -18.013,
            1.253 -21.204 -18.195,
            1.249 -21.312 -18.068,
            1.237 -21.262 -18.127,
            2.377 -26.433 -9.053,
            2.369 -26.372 -9.228,
            2.384 -26.408 -9.125,
            2.359 -26.454 -8.991,
            2.324 -26.339 -9.323,
            2.309 -26.485 -8.900,
            2.258 -26.309 -9.406,
            2.266 -26.502 -8.848,
            2.221 -26.516 -8.807,
            2.209 -26.294 -9.448,
            2.130 -26.535 -8.749,
            2.114 -26.274 -9.504,
            2.024 -26.550 -8.704,
            1.980 -26.256 -9.555,
            1.915 -26.558 -8.677,
            1.826 -26.243 -9.588,
            1.779 -26.564 -8.659,
            1.524 -26.236 -9.608,
            1.524 -26.568 -8.648,
            1.350 -26.239 -9.601,
            1.312 -26.566 -8.655,
            1.181 -26.247 -9.579,
            1.144 -26.559 -8.675,
            1.013 -26.262 -9.536,
            1.003 -26.547 -8.711,
            0.918 -26.276 -9.497,
            0.903 -26.532 -8.756,
            0.833 -26.295 -9.446,
            0.818 -26.513 -8.815,
            0.762 -26.319 -9.379,
            0.744 -26.487 -8.894,
            0.726 -26.336 -9.331,
            0.710 -26.468 -8.949,
            0.693 -26.358 -9.268,
            0.685 -26.449 -9.004,
            0.671 -26.382 -9.198,
            0.670 -26.430 -9.060,
            0.664 -26.408 -9.125,
            1.465 -26.893 -7.576,
            1.459 -26.836 -7.777,
            1.472 -26.869 -7.661,
            1.444 -26.915 -7.500,
            1.417 -26.804 -7.886,
            1.441 -26.819 -7.835,
            1.409 -26.934 -7.430,
            1.368 -26.948 -7.378,
            1.356 -26.779 -7.970,
            1.305 -26.765 -8.019,
            1.281 -26.968 -7.307,
            1.237 -26.751 -8.062,
            1.232 -26.974 -7.282,
            1.179 -26.979 -7.263,
            1.157 -26.743 -8.091,
            1.067 -26.983 -7.250,
            1.067 -26.740 -8.101,
            0.981 -26.981 -7.259,
            0.974 -26.743 -8.090,
            0.901 -26.973 -7.286,
            0.886 -26.753 -8.057,
            0.833 -26.962 -7.329,
            0.810 -26.769 -8.004,
            0.782 -26.949 -7.375,
            0.769 -26.781 -7.962,
            0.722 -26.927 -7.456,
            0.694 -26.818 -7.839,
            0.729 -26.797 -7.909,
            0.696 -26.913 -7.506,
            0.678 -26.897 -7.562,
            0.672 -26.840 -7.761,
            0.664 -26.865 -7.676,
            2.373 -27.161 6.552,
            2.354 -27.245 6.193,
            2.376 -27.219 6.305,
            2.384 -27.192 6.420,
            2.344 -27.130 6.677,
            2.314 -27.271 6.079,
            2.293 -27.100 6.800,
            2.261 -27.294 5.973,
            2.225 -27.071 6.915,
            2.193 -27.316 5.872,
            2.141 -27.045 7.017,
            2.114 -27.335 5.783,
            2.040 -27.021 7.106,
            2.021 -27.351 5.705,
            1.926 -27.002 7.177,
            1.918 -27.364 5.642,
            1.802 -26.988 7.230,
            1.677 -27.381 5.563,
            1.806 -27.374 5.595,
            1.672 -26.980 7.262,
            1.594 -26.977 7.272,
            1.525 -27.383 5.551,
            1.516 -26.976 7.275,
            1.421 -27.382 5.556,
            1.365 -26.980 7.263,
            1.319 -27.378 5.574,
            1.232 -26.988 7.230,
            1.210 -27.372 5.606,
            1.122 -27.001 7.182,
            1.107 -27.362 5.653,
            1.020 -27.018 7.119,
            1.012 -27.350 5.713,
            0.926 -27.039 7.040,
            0.851 -27.316 5.870,
            0.926 -27.334 5.786,
            0.849 -27.061 6.955,
            0.769 -27.289 5.995,
            0.771 -27.089 6.841,
            0.715 -27.120 6.719,
            0.711 -27.259 6.130,
            0.668 -27.171 6.508,
            0.664 -27.192 6.420,
            0.676 -27.227 6.274,
            0.681 -27.150 6.598,
            2.373 -25.345 11.758,
            2.354 -25.498 11.422,
            2.376 -25.451 11.527,
            2.384 -25.402 11.635,
            2.344 -25.291 11.875,
            2.314 -25.546 11.316,
            2.293 -25.237 11.990,
            2.261 -25.590 11.217,
            2.225 -25.186 12.096,
            2.193 -25.631 11.122,
            2.141 -25.140 12.191,
            2.114 -25.667 11.039,
            2.040 -25.100 12.274,
            2.021 -25.698 10.966,
            1.926 -25.067 12.340,
            1.918 -25.723 10.906,
            1.802 -25.043 12.389,
            1.677 -25.755 10.832,
            1.806 -25.742 10.862,
            1.672 -25.028 12.419,
            1.594 -25.024 12.428,
            1.525 -25.760 10.820,
            1.516 -25.022 12.431,
            1.421 -25.758 10.826,
            1.365 -25.028 12.420,
            1.319 -25.751 10.842,
            1.232 -25.043 12.389,
            1.210 -25.738 10.873,
            1.122 -25.065 12.345,
            1.107 -25.719 10.917,
            1.020 -25.094 12.286,
            1.012 -25.695 10.973,
            0.926 -25.130 12.213,
            0.851 -25.632 11.121,
            0.926 -25.666 11.041,
            0.849 -25.168 12.134,
            0.769 -25.581 11.237,
            0.771 -25.218 12.028,
            0.715 -25.273 11.914,
            0.711 -25.525 11.364,
            0.668 -25.364 11.717,
            0.664 -25.402 11.635,
            0.676 -25.464 11.498,
            0.681 -25.325 11.802,
            1.368 -23.377 15.302,
            1.368 -23.509 15.099,
            2.144 -23.313 15.399,
            1.368 -23.243 15.504,
            1.368 -23.108 15.705,
            2.332 -21.298 18.084,
            2.315 -21.531 17.807,
            2.326 -21.477 17.871,
            2.332 -21.378 17.989,
            2.299 -21.570 17.759,
            2.332 -21.218 18.178,
            2.332 -21.137 18.272,
            2.275 -21.603 17.719,
            2.233 -21.640 17.674,
            2.166 -21.674 17.631,
            2.084 -21.698 17.602,
            1.654 -21.137 18.272,
            1.650 -21.368 18.001,
            1.664 -21.510 17.831,
            1.678 -21.552 17.781,
            1.703 -21.594 17.730,
            1.735 -21.626 17.690,
            1.806 -21.669 17.638,
            1.896 -21.697 17.604,
            1.994 -21.706 17.593,
            4.520 -27.705 -3.615,
            4.496 -27.653 -3.991,
            4.516 -27.680 -3.804,
            4.520 -27.710 -3.575,
            4.520 -27.716 -3.535,
            4.520 -27.721 -3.495,
            4.461 -27.638 -4.094,
            4.404 -27.624 -4.188,
            4.324 -27.613 -4.262,
            3.764 -27.698 -3.666,
            3.764 -27.687 -3.752,
            3.780 -27.654 -3.984,
            3.764 -27.710 -3.581,
            3.796 -27.644 -4.055,
            3.764 -27.721 -3.495,
            3.824 -27.634 -4.125,
            3.859 -27.626 -4.179,
            3.934 -27.614 -4.253,
            4.027 -27.607 -4.303,
            4.267 -27.608 -4.293,
            4.203 -27.605 -4.313,
            4.133 -27.604 -4.320,
            5.380 -27.699 -3.658,
            5.373 -27.672 -3.860,
            5.380 -27.689 -3.740,
            5.361 -27.663 -3.927,
            5.380 -27.710 -3.577,
            5.380 -27.721 -3.495,
            5.344 -27.655 -3.984,
            5.318 -27.647 -4.037,
            5.284 -27.640 -4.083,
            5.228 -27.633 -4.129,
            4.728 -27.710 -3.576,
            4.728 -27.705 -3.616,
            4.743 -27.675 -3.842,
            4.728 -27.715 -3.535,
            4.728 -27.721 -3.495,
            4.760 -27.664 -3.916,
            4.784 -27.655 -3.978,
            4.816 -27.648 -4.030,
            4.888 -27.637 -4.103,
            4.979 -27.630 -4.149,
            5.081 -27.628 -4.166,
            5.161 -27.629 -4.156,
            4.416 -27.856 -2.170,
            4.416 -27.836 -2.411,
            5.192 -27.864 -2.054,
            4.416 -27.873 -1.929,
            4.416 -27.889 -1.687,
            5.116 -27.936 0.482,
            4.233 -27.936 0.482,
            4.233 -27.932 0.684,
            4.233 -27.926 0.886,
            4.233 -27.919 1.087,
            4.513 -27.838 2.381,
            4.507 -27.855 2.172,
            4.520 -27.846 2.293,
            4.492 -27.832 2.460,
            4.465 -27.864 2.059,
            4.489 -27.860 2.112,
            4.457 -27.825 2.531,
            4.416 -27.820 2.586,
            4.404 -27.870 1.971,
            4.353 -27.874 1.921,
            4.329 -27.813 2.659,
            4.285 -27.877 1.876,
            4.280 -27.811 2.685,
            4.227 -27.809 2.704,
            4.205 -27.879 1.846,
            4.115 -27.807 2.718,
            4.115 -27.880 1.835,
            4.029 -27.808 2.709,
            4.022 -27.879 1.846,
            3.949 -27.811 2.680,
            3.934 -27.877 1.881,
            3.881 -27.815 2.636,
            3.858 -27.873 1.936,
            3.830 -27.820 2.589,
            3.817 -27.870 1.980,
            3.770 -27.827 2.505,
            3.742 -27.860 2.108,
            3.777 -27.866 2.035,
            3.744 -27.832 2.453,
            3.726 -27.837 2.395,
            3.720 -27.854 2.189,
            3.712 -27.847 2.277,
            5.116 -27.707 3.598,
            4.233 -27.707 3.598,
            4.233 -27.681 3.798,
            4.233 -27.652 3.998,
            4.233 -27.623 4.198,
            5.116 -27.463 5.142,
            4.233 -27.463 5.142,
            4.233 -27.425 5.340,
            4.233 -27.386 5.538,
            4.233 -27.345 5.736,
            4.416 -27.042 7.026,
            4.416 -27.102 6.791,
            5.192 -27.013 7.138,
            4.416 -26.980 7.260,
            4.416 -26.916 7.493,
            -12.065 -16.330 19.461,
            -12.065 -19.461 16.330,
            -12.065 -22.001 12.702,
            -12.065 -12.702 22.001,
            -12.065 -23.872 8.689,
            -12.065 -8.689 23.872,
            -12.065 -25.019 4.411,
            -12.065 -4.411 25.019,
            -12.065 -25.405 -0.000,
            -12.065 -25.019 -4.411,
            -12.065 4.190 23.763,
            -12.065 -23.872 -8.689,
            -12.065 8.253 22.675,
            -12.065 12.065 20.897,
            -12.065 -22.001 -12.702,
            -12.065 -19.461 -16.330,
            -12.065 15.510 18.485,
            -12.065 18.485 15.510,
            -12.065 -16.330 -19.461,
            -12.065 20.897 12.065,
            -12.065 -12.702 -22.001,
            -12.065 22.675 8.253,
            -12.065 -8.689 -23.872,
            -12.065 23.763 4.190,
            -12.065 -4.411 -25.019,
            -12.065 24.130 0.000,
            -12.065 4.190 -23.763,
            -12.065 23.763 -4.190,
            -12.065 8.253 -22.675,
            -12.065 22.675 -8.253,
            -12.065 12.065 -20.897,
            -12.065 20.897 -12.065,
            -12.065 15.510 -18.485,
            -12.065 18.485 -15.510,
            -9.271 -4.488 -25.452,
            -11.811 -4.488 -25.452,
            -9.271 -8.839 -24.286,
            -11.811 -8.839 -24.286,
            -9.271 -12.922 -22.382,
            -11.811 -12.922 -22.382,
            -9.271 -16.613 -19.798,
            -11.811 -16.613 -19.798,
            -9.271 -19.798 -16.613,
            -11.811 -19.798 -16.613,
            -9.271 -22.382 -12.922,
            -11.811 -22.382 -12.922,
            -9.271 -24.286 -8.839,
            -11.811 -24.286 -8.839,
            -9.271 -25.452 -4.488,
            -11.811 -25.452 -4.488,
            -9.271 -25.844 -0.000,
            -11.811 -25.844 0.000,
            -9.271 -25.452 4.488,
            -11.811 -25.452 4.488,
            -9.271 -24.286 8.839,
            -11.811 -24.286 8.839,
            -9.271 -22.382 12.922,
            -11.811 -22.382 12.922,
            -9.271 -19.798 16.613,
            -11.811 -19.798 16.613,
            -9.271 -16.613 19.798,
            -11.811 -16.613 19.798,
            -9.271 -12.922 22.382,
            -11.811 -12.922 22.382,
            -11.811 -8.839 24.286,
            -9.271 -8.839 24.286,
            -9.271 -4.488 25.452,
            -11.811 -4.488 25.452,
            -9.271 -16.449 -19.603,
            -9.271 -19.603 -16.449,
            -9.271 -22.162 -12.795,
            -9.271 -12.795 -22.162,
            -9.271 -24.047 -8.752,
            -9.271 -8.752 -24.047,
            -9.271 -25.202 -4.444,
            -9.271 -4.444 -25.202,
            -9.271 -25.590 -0.000,
            -9.271 -25.202 4.444,
            -9.271 -24.047 8.752,
            -9.271 -22.162 12.795,
            -9.271 -19.603 16.449,
            -9.271 -16.449 19.603,
            -9.271 -12.795 22.162,
            -9.271 -8.752 24.047,
            -9.271 -4.444 25.202,
            -9.017 -4.444 -25.202,
            -9.017 -8.752 -24.047,
            -9.017 -12.795 -22.162,
            -9.017 -16.449 -19.603,
            -9.017 -19.603 -16.449,
            -9.017 -22.162 -12.795,
            -9.017 -24.047 -8.752,
            -9.017 -25.202 -4.444,
            -9.017 -25.590 -0.000,
            -9.017 -25.202 4.444,
            -9.017 -24.047 8.752,
            -9.017 -22.162 12.795,
            -9.017 -19.603 16.449,
            -9.017 -16.449 19.603,
            -9.017 -12.795 22.162,
            -9.017 -8.752 24.047,
            -9.017 -4.444 25.202,
            -9.017 -17.796 21.209,
            -9.017 -21.209 17.796,
            -9.017 -23.977 13.843,
            -9.017 -13.843 23.977,
            -9.017 -26.016 9.469,
            -9.017 -9.469 26.016,
            -9.017 -27.265 4.808,
            -9.017 -4.808 27.265,
            -9.017 -27.686 -0.000,
            -9.017 -27.265 -4.808,
            -9.017 -26.016 -9.469,
            -9.017 -23.977 -13.843,
            -9.017 -21.209 -17.796,
            -9.017 -17.796 -21.209,
            -9.017 -13.843 -23.977,
            -9.017 -9.469 -26.016,
            -9.017 -4.808 -27.265,
            12.065 -17.796 -21.209,
            12.065 -21.209 -17.796,
            12.065 -13.843 -23.977,
            12.065 -23.977 -13.843,
            12.065 -9.469 -26.016,
            12.065 -26.016 -9.469,
            12.065 -4.808 -27.265,
            12.065 -27.265 -4.808,
            12.065 -27.686 0.000,
            12.065 -27.265 4.808,
            12.065 4.564 -25.885,
            12.065 -26.016 9.469,
            12.065 8.990 -24.699,
            12.065 -23.977 13.843,
            12.065 13.142 -22.763,
            12.065 -21.209 17.796,
            12.065 16.895 -20.135,
            12.065 20.135 -16.895,
            12.065 -17.796 21.209,
            12.065 22.763 -13.142,
            12.065 -13.843 23.977,
            12.065 24.699 -8.990,
            12.065 -9.469 26.016,
            12.065 25.885 -4.564,
            12.065 -4.808 27.265,
            12.065 26.284 0.000,
            12.065 4.564 25.885,
            12.065 25.885 4.564,
            12.065 24.699 8.990,
            12.065 8.990 24.699,
            12.065 22.763 13.142,
            12.065 13.142 22.763,
            12.065 16.895 20.135,
            12.065 20.135 16.895,
            -8.001 4.488 25.452,
            11.811 4.488 25.452,
            -8.001 8.839 24.286,
            11.811 8.839 24.286,
            -8.001 12.922 22.382,
            11.811 12.922 22.382,
            -8.001 16.613 19.798,
            11.811 16.613 19.798,
            -8.001 19.798 16.613,
            11.811 19.798 16.613,
            -8.001 22.382 12.922,
            11.811 22.382 12.922,
            -8.001 24.286 8.839,
            11.811 24.286 8.839,
            -8.001 25.452 4.488,
            11.811 25.452 4.488,
            -8.001 25.844 0.000,
            11.811 25.844 -0.000,
            -8.001 25.452 -4.488,
            11.811 25.452 -4.488,
            -8.001 24.286 -8.839,
            11.811 24.286 -8.839,
            -8.001 22.382 -12.922,
            11.811 22.382 -12.922,
            -8.001 19.798 -16.613,
            11.811 19.798 -16.613,
            11.811 16.613 -19.798,
            -8.001 16.613 -19.798,
            11.811 12.922 -22.382,
            -8.001 12.922 -22.382,
            -8.001 8.839 -24.286,
            11.811 8.839 -24.286,
            -8.001 4.488 -25.452,
            11.811 4.488 -25.452,
            -8.001 4.532 25.702,
            -8.001 8.926 24.525,
            -8.001 13.049 22.602,
            -8.001 16.776 19.993,
            -8.001 19.993 16.776,
            -8.001 22.602 13.049,
            -8.001 24.525 8.926,
            -8.001 25.702 4.532,
            -8.001 26.098 0.000,
            -8.001 25.702 -4.532,
            -8.001 4.532 -25.702,
            -8.001 8.926 -24.525,
            -8.001 24.525 -8.926,
            -8.001 13.049 -22.602,
            -8.001 22.602 -13.049,
            -8.001 16.776 -19.993,
            -8.001 19.993 -16.776,
            -8.255 4.532 25.702,
            -8.255 8.926 24.525,
            -8.255 13.049 22.602,
            -8.255 16.776 19.993,
            -8.255 19.993 16.776,
            -8.255 22.602 13.049,
            -8.255 24.525 8.926,
            -8.255 25.702 4.532,
            -8.255 26.098 0.000,
            -8.255 25.702 -4.532,
            -8.255 24.525 -8.926,
            -8.255 22.602 -13.049,
            -8.255 19.993 -16.776,
            -8.255 16.776 -19.993,
            -8.255 13.049 -22.602,
            -8.255 8.926 -24.525,
            -8.255 4.532 -25.702,
            -8.255 4.190 -23.763,
            -8.255 8.253 -22.675,
            -8.255 12.065 -20.897,
            -8.255 15.510 -18.485,
            -8.255 18.485 -15.510,
            -8.255 20.897 -12.065,
            -8.255 22.675 -8.253,
            -8.255 23.763 -4.190,
            -8.255 24.130 0.000,
            -8.255 4.190 23.763,
            -8.255 23.763 4.190,
            -8.255 8.253 22.675,
            -8.255 22.675 8.253,
            -8.255 12.065 20.897,
            -8.255 15.510 18.485,
            -8.255 20.897 12.065,
            -8.255 18.485 15.510
          ]
        }
        coordIndex [
          0, 1, 2, -1,
          0, 3, 1, -1,
          4, 2, 5, -1,
          4, 0, 2, -1,
          6, 5, 7, -1,
          6, 4, 5, -1,
          8, 7, 9, -1,
          8, 6, 7, -1,
          10, 9, 11, -1,
          10, 8, 9, -1,
          12, 11, 13, -1,
          12, 10, 11, -1,
          14, 13, 15, -1,
          14, 12, 13, -1,
          16, 15, 17, -1,
          16, 14, 15, -1,
          18, 17, 19, -1,
          18, 16, 17, -1,
          20, 21, 22, -1,
          20, 23, 21, -1,
          24, 22, 25, -1,
          24, 20, 22, -1,
          26, 25, 27, -1,
          26, 24, 25, -1,
          28, 27, 29, -1,
          28, 26, 27, -1,
          30, 29, 31, -1,
          30, 28, 29, -1,
          32, 31, 33, -1,
          32, 30, 31, -1,
          34, 33, 35, -1,
          34, 32, 33, -1,
          36, 35, 37, -1,
          36, 34, 35, -1,
          38, 37, 39, -1,
          38, 36, 37, -1,
          40, 39, 41, -1,
          40, 38, 39, -1,
          42, 41, 43, -1,
          42, 40, 41, -1,
          44, 43, 45, -1,
          44, 42, 43, -1,
          46, 45, 47, -1,
          46, 44, 45, -1,
          48, 47, 49, -1,
          48, 46, 47, -1,
          50, 49, 51, -1,
          50, 48, 49, -1,
          52, 50, 51, -1,
          53, 50, 52, -1,
          54, 52, 55, -1,
          54, 53, 52, -1,
          56, 54, 55, -1,
          57, 54, 56, -1,
          58, 59, 60, -1,
          58, 61, 59, -1,
          61, 62, 59, -1,
          61, 63, 62, -1,
          63, 64, 62, -1,
          63, 65, 64, -1,
          65, 66, 64, -1,
          65, 67, 66, -1,
          67, 68, 66, -1,
          67, 69, 68, -1,
          69, 70, 68, -1,
          69, 71, 70, -1,
          71, 72, 70, -1,
          71, 73, 72, -1,
          73, 74, 72, -1,
          73, 75, 74, -1,
          75, 76, 74, -1,
          75, 77, 76, -1,
          78, 79, 80, -1,
          78, 81, 79, -1,
          81, 82, 79, -1,
          81, 83, 82, -1,
          83, 84, 82, -1,
          83, 85, 84, -1,
          85, 86, 84, -1,
          85, 87, 86, -1,
          87, 88, 86, -1,
          87, 89, 88, -1,
          89, 90, 88, -1,
          89, 91, 90, -1,
          91, 92, 90, -1,
          91, 93, 92, -1,
          92, 94, 95, -1,
          93, 94, 92, -1,
          94, 96, 95, -1,
          94, 97, 96, -1,
          96, 98, 99, -1,
          97, 98, 96, -1,
          98, 100, 99, -1,
          98, 101, 100, -1,
          101, 102, 100, -1,
          101, 103, 102, -1,
          102, 104, 105, -1,
          103, 104, 102, -1,
          105, 106, 107, -1,
          104, 106, 105, -1,
          107, 108, 109, -1,
          106, 108, 107, -1,
          108, 110, 109, -1,
          109, 110, 111, -1,
          110, 112, 111, -1,
          110, 113, 112, -1,
          113, 114, 112, -1,
          112, 114, 115, -1,
          116, 23, 20, -1,
          116, 117, 23, -1,
          118, 20, 24, -1,
          118, 116, 20, -1,
          119, 24, 26, -1,
          119, 118, 24, -1,
          120, 26, 28, -1,
          120, 119, 26, -1,
          121, 28, 30, -1,
          121, 120, 28, -1,
          122, 30, 32, -1,
          122, 121, 30, -1,
          123, 32, 34, -1,
          123, 122, 32, -1,
          124, 34, 36, -1,
          124, 123, 34, -1,
          125, 36, 38, -1,
          125, 124, 36, -1,
          126, 125, 38, -1,
          127, 126, 38, -1,
          128, 38, 40, -1,
          128, 127, 38, -1,
          129, 124, 125, -1,
          130, 40, 42, -1,
          130, 131, 128, -1,
          130, 128, 40, -1,
          132, 130, 42, -1,
          132, 42, 44, -1,
          133, 132, 44, -1,
          133, 44, 46, -1,
          134, 133, 46, -1,
          134, 46, 48, -1,
          135, 48, 50, -1,
          135, 134, 48, -1,
          136, 135, 50, -1,
          136, 50, 53, -1,
          137, 53, 54, -1,
          137, 136, 53, -1,
          138, 54, 57, -1,
          138, 137, 54, -1,
          18, 138, 57, -1,
          139, 140, 115, -1,
          115, 140, 112, -1,
          112, 141, 111, -1,
          140, 141, 112, -1,
          111, 142, 109, -1,
          141, 142, 111, -1,
          109, 143, 107, -1,
          142, 143, 109, -1,
          107, 144, 105, -1,
          143, 144, 107, -1,
          105, 145, 102, -1,
          144, 145, 105, -1,
          102, 146, 100, -1,
          145, 146, 102, -1,
          100, 147, 99, -1,
          146, 147, 100, -1,
          99, 148, 96, -1,
          147, 148, 99, -1,
          148, 149, 96, -1,
          149, 150, 96, -1,
          96, 151, 95, -1,
          150, 151, 96, -1,
          147, 152, 148, -1,
          153, 154, 151, -1,
          95, 154, 92, -1,
          151, 154, 95, -1,
          92, 155, 90, -1,
          154, 155, 92, -1,
          155, 156, 90, -1,
          90, 156, 88, -1,
          156, 157, 88, -1,
          88, 157, 86, -1,
          157, 158, 86, -1,
          86, 158, 84, -1,
          158, 159, 84, -1,
          84, 159, 82, -1,
          159, 160, 82, -1,
          82, 160, 79, -1,
          160, 161, 79, -1,
          79, 161, 80, -1,
          161, 60, 80, -1,
          162, 2, 1, -1,
          162, 163, 2, -1,
          163, 5, 2, -1,
          163, 164, 5, -1,
          164, 7, 5, -1,
          164, 165, 7, -1,
          165, 9, 7, -1,
          165, 166, 9, -1,
          167, 11, 166, -1,
          166, 11, 9, -1,
          168, 13, 167, -1,
          167, 13, 11, -1,
          169, 15, 168, -1,
          168, 15, 13, -1,
          170, 17, 169, -1,
          169, 17, 15, -1,
          171, 19, 170, -1,
          170, 19, 17, -1,
          171, 172, 19, -1,
          172, 173, 19, -1,
          174, 175, 176, -1,
          176, 175, 177, -1,
          172, 178, 173, -1,
          178, 179, 173, -1,
          177, 180, 181, -1,
          175, 180, 177, -1,
          178, 182, 179, -1,
          182, 183, 179, -1,
          184, 183, 182, -1,
          181, 185, 186, -1,
          180, 185, 181, -1,
          184, 187, 183, -1,
          188, 187, 184, -1,
          185, 189, 186, -1,
          188, 189, 187, -1,
          186, 189, 188, -1,
          190, 191, 192, -1,
          193, 194, 190, -1,
          190, 194, 191, -1,
          192, 195, 196, -1,
          191, 195, 192, -1,
          193, 197, 194, -1,
          193, 198, 197, -1,
          196, 199, 200, -1,
          195, 199, 196, -1,
          198, 201, 197, -1,
          198, 202, 201, -1,
          200, 203, 204, -1,
          199, 203, 200, -1,
          202, 205, 201, -1,
          202, 206, 205, -1,
          204, 207, 208, -1,
          203, 207, 204, -1,
          206, 58, 205, -1,
          209, 61, 206, -1,
          206, 61, 58, -1,
          210, 63, 209, -1,
          209, 63, 61, -1,
          211, 65, 210, -1,
          210, 65, 63, -1,
          212, 67, 211, -1,
          211, 67, 65, -1,
          212, 69, 67, -1,
          212, 213, 69, -1,
          213, 71, 69, -1,
          213, 214, 71, -1,
          214, 73, 71, -1,
          214, 215, 73, -1,
          215, 75, 73, -1,
          215, 216, 75, -1,
          216, 77, 75, -1,
          216, 217, 77, -1,
          60, 59, 80, -1,
          80, 59, 218, -1,
          218, 62, 219, -1,
          59, 62, 218, -1,
          219, 64, 220, -1,
          62, 64, 219, -1,
          220, 66, 221, -1,
          64, 66, 220, -1,
          221, 68, 222, -1,
          66, 68, 221, -1,
          222, 70, 223, -1,
          68, 70, 222, -1,
          223, 72, 224, -1,
          70, 72, 223, -1,
          224, 74, 225, -1,
          72, 74, 224, -1,
          225, 226, 227, -1,
          74, 226, 225, -1,
          226, 228, 227, -1,
          228, 229, 227, -1,
          227, 230, 231, -1,
          229, 230, 227, -1,
          74, 76, 226, -1,
          232, 233, 230, -1,
          231, 233, 234, -1,
          230, 233, 231, -1,
          234, 235, 236, -1,
          233, 235, 234, -1,
          235, 237, 236, -1,
          236, 237, 238, -1,
          237, 239, 238, -1,
          238, 239, 240, -1,
          239, 241, 240, -1,
          240, 241, 242, -1,
          241, 243, 242, -1,
          242, 243, 244, -1,
          243, 245, 244, -1,
          244, 245, 246, -1,
          245, 247, 246, -1,
          246, 247, 115, -1,
          247, 139, 115, -1,
          248, 104, 249, -1,
          250, 106, 248, -1,
          248, 106, 104, -1,
          249, 103, 251, -1,
          104, 103, 249, -1,
          250, 108, 106, -1,
          250, 252, 108, -1,
          251, 101, 253, -1,
          103, 101, 251, -1,
          252, 110, 108, -1,
          252, 254, 110, -1,
          253, 98, 255, -1,
          101, 98, 253, -1,
          254, 113, 110, -1,
          254, 56, 113, -1,
          255, 97, 256, -1,
          98, 97, 255, -1,
          56, 114, 113, -1,
          56, 55, 114, -1,
          97, 94, 256, -1,
          256, 94, 257, -1,
          55, 258, 114, -1,
          55, 52, 258, -1,
          94, 93, 257, -1,
          257, 93, 259, -1,
          52, 260, 258, -1,
          52, 51, 260, -1,
          259, 91, 261, -1,
          93, 91, 259, -1,
          51, 262, 260, -1,
          261, 89, 263, -1,
          91, 89, 261, -1,
          49, 264, 51, -1,
          51, 264, 262, -1,
          89, 87, 263, -1,
          49, 47, 264, -1,
          264, 47, 265, -1,
          87, 266, 263, -1,
          87, 85, 266, -1,
          265, 45, 267, -1,
          47, 45, 265, -1,
          85, 268, 266, -1,
          267, 43, 269, -1,
          45, 43, 267, -1,
          85, 270, 268, -1,
          83, 270, 85, -1,
          83, 81, 270, -1,
          269, 41, 271, -1,
          43, 41, 269, -1,
          81, 272, 270, -1,
          81, 78, 272, -1,
          271, 39, 273, -1,
          41, 39, 271, -1,
          78, 21, 272, -1,
          273, 37, 274, -1,
          39, 37, 273, -1,
          275, 22, 78, -1,
          78, 22, 21, -1,
          275, 276, 22, -1,
          274, 35, 277, -1,
          37, 35, 274, -1,
          276, 25, 22, -1,
          276, 278, 25, -1,
          277, 33, 279, -1,
          35, 33, 277, -1,
          278, 27, 25, -1,
          33, 31, 279, -1,
          279, 31, 280, -1,
          31, 29, 280, -1,
          281, 29, 278, -1,
          280, 29, 281, -1,
          278, 29, 27, -1,
          16, 18, 57, -1,
          16, 57, 282, -1,
          14, 282, 283, -1,
          14, 16, 282, -1,
          12, 283, 284, -1,
          12, 14, 283, -1,
          10, 284, 285, -1,
          10, 12, 284, -1,
          8, 285, 286, -1,
          8, 10, 285, -1,
          6, 286, 287, -1,
          6, 8, 286, -1,
          4, 287, 288, -1,
          4, 6, 287, -1,
          0, 288, 289, -1,
          0, 4, 288, -1,
          290, 289, 291, -1,
          290, 0, 289, -1,
          292, 290, 291, -1,
          293, 292, 291, -1,
          294, 291, 295, -1,
          294, 293, 291, -1,
          3, 0, 290, -1,
          296, 295, 297, -1,
          296, 298, 294, -1,
          296, 294, 295, -1,
          299, 296, 297, -1,
          299, 297, 300, -1,
          301, 299, 300, -1,
          301, 300, 302, -1,
          303, 301, 302, -1,
          303, 302, 304, -1,
          305, 303, 304, -1,
          305, 304, 306, -1,
          307, 305, 306, -1,
          307, 306, 308, -1,
          309, 308, 310, -1,
          309, 307, 308, -1,
          311, 310, 23, -1,
          311, 309, 310, -1,
          117, 311, 23, -1,
          149, 148, 290, -1,
          149, 290, 292, -1,
          150, 292, 293, -1,
          150, 293, 294, -1,
          150, 149, 292, -1,
          151, 150, 294, -1,
          208, 294, 298, -1,
          153, 151, 207, -1,
          207, 151, 208, -1,
          208, 151, 294, -1,
          290, 1, 3, -1,
          290, 148, 1, -1,
          152, 162, 148, -1,
          148, 162, 1, -1,
          230, 176, 232, -1,
          128, 174, 230, -1,
          230, 174, 176, -1,
          128, 131, 174, -1,
          77, 226, 76, -1,
          77, 217, 226, -1,
          129, 125, 217, -1,
          217, 125, 226, -1,
          128, 230, 229, -1,
          127, 229, 228, -1,
          127, 128, 229, -1,
          126, 127, 228, -1,
          125, 228, 226, -1,
          125, 126, 228, -1,
          114, 246, 115, -1,
          114, 258, 246, -1,
          258, 244, 246, -1,
          258, 260, 244, -1,
          260, 242, 244, -1,
          260, 262, 242, -1,
          262, 240, 242, -1,
          262, 264, 240, -1,
          264, 238, 240, -1,
          264, 265, 238, -1,
          265, 236, 238, -1,
          265, 267, 236, -1,
          267, 234, 236, -1,
          267, 269, 234, -1,
          269, 231, 234, -1,
          269, 271, 231, -1,
          271, 227, 231, -1,
          271, 273, 227, -1,
          227, 274, 225, -1,
          273, 274, 227, -1,
          274, 224, 225, -1,
          274, 277, 224, -1,
          224, 279, 223, -1,
          277, 279, 224, -1,
          279, 222, 223, -1,
          279, 280, 222, -1,
          222, 281, 221, -1,
          280, 281, 222, -1,
          281, 220, 221, -1,
          281, 278, 220, -1,
          278, 276, 220, -1,
          220, 276, 219, -1,
          276, 218, 219, -1,
          276, 275, 218, -1,
          275, 78, 218, -1,
          218, 78, 80, -1,
          232, 177, 233, -1,
          176, 177, 232, -1,
          233, 181, 235, -1,
          177, 181, 233, -1,
          235, 186, 237, -1,
          181, 186, 235, -1,
          237, 188, 239, -1,
          186, 188, 237, -1,
          239, 184, 241, -1,
          188, 184, 239, -1,
          241, 182, 243, -1,
          184, 182, 241, -1,
          243, 178, 245, -1,
          182, 178, 243, -1,
          245, 172, 247, -1,
          178, 172, 245, -1,
          247, 171, 139, -1,
          172, 171, 247, -1,
          171, 140, 139, -1,
          171, 170, 140, -1,
          170, 141, 140, -1,
          170, 169, 141, -1,
          169, 142, 141, -1,
          169, 168, 142, -1,
          168, 143, 142, -1,
          168, 167, 143, -1,
          167, 144, 143, -1,
          167, 166, 144, -1,
          166, 145, 144, -1,
          166, 165, 145, -1,
          165, 146, 145, -1,
          165, 164, 146, -1,
          164, 147, 146, -1,
          164, 163, 147, -1,
          163, 152, 147, -1,
          163, 162, 152, -1,
          207, 203, 153, -1,
          153, 203, 154, -1,
          154, 199, 155, -1,
          203, 199, 154, -1,
          155, 195, 156, -1,
          199, 195, 155, -1,
          156, 191, 157, -1,
          195, 191, 156, -1,
          157, 194, 158, -1,
          191, 194, 157, -1,
          158, 197, 159, -1,
          194, 197, 158, -1,
          159, 201, 160, -1,
          197, 201, 159, -1,
          160, 205, 161, -1,
          201, 205, 160, -1,
          161, 58, 60, -1,
          205, 58, 161, -1,
          282, 57, 56, -1,
          282, 56, 254, -1,
          283, 254, 252, -1,
          283, 282, 254, -1,
          284, 252, 250, -1,
          284, 283, 252, -1,
          285, 250, 248, -1,
          285, 284, 250, -1,
          286, 248, 249, -1,
          286, 285, 248, -1,
          287, 249, 251, -1,
          287, 286, 249, -1,
          288, 251, 253, -1,
          288, 287, 251, -1,
          289, 253, 255, -1,
          289, 288, 253, -1,
          291, 255, 256, -1,
          291, 289, 255, -1,
          295, 256, 257, -1,
          295, 291, 256, -1,
          297, 257, 259, -1,
          297, 295, 257, -1,
          300, 259, 261, -1,
          300, 297, 259, -1,
          302, 261, 263, -1,
          302, 300, 261, -1,
          304, 263, 266, -1,
          304, 302, 263, -1,
          306, 266, 268, -1,
          306, 304, 266, -1,
          308, 306, 268, -1,
          308, 268, 270, -1,
          310, 270, 272, -1,
          310, 308, 270, -1,
          23, 272, 21, -1,
          23, 310, 272, -1,
          173, 18, 19, -1,
          138, 18, 173, -1,
          179, 138, 173, -1,
          137, 138, 179, -1,
          183, 137, 179, -1,
          136, 137, 183, -1,
          187, 136, 183, -1,
          135, 136, 187, -1,
          189, 135, 187, -1,
          134, 135, 189, -1,
          185, 134, 189, -1,
          133, 134, 185, -1,
          180, 133, 185, -1,
          132, 133, 180, -1,
          175, 132, 180, -1,
          130, 132, 175, -1,
          174, 130, 175, -1,
          131, 130, 174, -1,
          124, 129, 217, -1,
          124, 217, 216, -1,
          123, 216, 215, -1,
          123, 124, 216, -1,
          122, 215, 214, -1,
          122, 123, 215, -1,
          121, 214, 213, -1,
          121, 122, 214, -1,
          120, 213, 212, -1,
          120, 121, 213, -1,
          119, 212, 211, -1,
          119, 120, 212, -1,
          118, 211, 210, -1,
          118, 119, 211, -1,
          116, 210, 209, -1,
          116, 118, 210, -1,
          117, 209, 206, -1,
          117, 116, 209, -1,
          202, 117, 206, -1,
          311, 117, 202, -1,
          198, 311, 202, -1,
          309, 311, 198, -1,
          193, 309, 198, -1,
          307, 309, 193, -1,
          190, 307, 193, -1,
          305, 307, 190, -1,
          192, 305, 190, -1,
          303, 305, 192, -1,
          196, 303, 192, -1,
          301, 303, 196, -1,
          200, 301, 196, -1,
          299, 301, 200, -1,
          204, 299, 200, -1,
          296, 299, 204, -1,
          208, 296, 204, -1,
          298, 296, 208, -1,
          312, 313, 314, -1,
          312, 314, 315, -1,
          316, 315, 317, -1,
          316, 312, 315, -1,
          318, 317, 319, -1,
          318, 316, 317, -1,
          320, 319, 321, -1,
          320, 318, 319, -1,
          322, 321, 323, -1,
          322, 320, 321, -1,
          324, 323, 325, -1,
          324, 322, 323, -1,
          326, 325, 327, -1,
          326, 324, 325, -1,
          328, 327, 329, -1,
          328, 326, 327, -1,
          330, 329, 331, -1,
          330, 328, 329, -1,
          332, 331, 333, -1,
          332, 330, 331, -1,
          334, 333, 335, -1,
          334, 332, 333, -1,
          336, 335, 337, -1,
          336, 334, 335, -1,
          338, 337, 339, -1,
          338, 336, 337, -1,
          340, 339, 341, -1,
          340, 338, 339, -1,
          342, 340, 341, -1,
          343, 340, 342, -1,
          344, 342, 345, -1,
          344, 343, 342, -1,
          346, 345, 347, -1,
          346, 344, 345, -1,
          348, 347, 349, -1,
          348, 346, 347, -1,
          350, 351, 352, -1,
          350, 353, 351, -1,
          354, 352, 355, -1,
          354, 350, 352, -1,
          356, 355, 357, -1,
          356, 354, 355, -1,
          358, 357, 359, -1,
          358, 356, 357, -1,
          360, 359, 361, -1,
          360, 358, 359, -1,
          362, 361, 363, -1,
          362, 360, 361, -1,
          364, 363, 365, -1,
          364, 362, 363, -1,
          366, 365, 367, -1,
          366, 364, 365, -1,
          368, 367, 369, -1,
          368, 366, 367, -1,
          370, 369, 371, -1,
          370, 368, 369, -1,
          372, 371, 373, -1,
          372, 370, 371, -1,
          374, 373, 375, -1,
          374, 372, 373, -1,
          376, 375, 377, -1,
          376, 374, 375, -1,
          378, 377, 379, -1,
          378, 376, 377, -1,
          380, 379, 381, -1,
          380, 378, 379, -1,
          382, 380, 381, -1,
          382, 381, 383, -1,
          384, 383, 385, -1,
          384, 382, 383, -1,
          386, 385, 387, -1,
          386, 384, 385, -1,
          388, 389, 390, -1,
          329, 391, 331, -1,
          392, 393, 388, -1,
          392, 388, 390, -1,
          394, 390, 395, -1,
          394, 395, 396, -1,
          394, 392, 390, -1,
          397, 398, 399, -1,
          397, 399, 393, -1,
          397, 392, 394, -1,
          397, 393, 392, -1,
          400, 396, 401, -1,
          400, 394, 396, -1,
          402, 394, 400, -1,
          402, 397, 394, -1,
          403, 401, 404, -1,
          403, 404, 405, -1,
          403, 400, 401, -1,
          406, 407, 408, -1,
          406, 408, 398, -1,
          406, 398, 397, -1,
          406, 397, 402, -1,
          409, 402, 400, -1,
          409, 400, 403, -1,
          410, 405, 411, -1,
          410, 403, 405, -1,
          412, 406, 402, -1,
          412, 402, 409, -1,
          413, 409, 403, -1,
          413, 403, 410, -1,
          414, 411, 415, -1,
          414, 410, 411, -1,
          416, 417, 407, -1,
          416, 406, 412, -1,
          416, 407, 406, -1,
          418, 409, 413, -1,
          418, 412, 409, -1,
          419, 413, 410, -1,
          419, 410, 414, -1,
          420, 421, 422, -1,
          420, 415, 421, -1,
          420, 414, 415, -1,
          423, 412, 418, -1,
          423, 424, 417, -1,
          423, 417, 416, -1,
          423, 416, 412, -1,
          425, 418, 413, -1,
          425, 413, 419, -1,
          426, 419, 414, -1,
          426, 414, 420, -1,
          427, 422, 428, -1,
          427, 420, 422, -1,
          429, 424, 423, -1,
          429, 314, 424, -1,
          429, 418, 425, -1,
          429, 423, 418, -1,
          430, 425, 419, -1,
          430, 419, 426, -1,
          431, 426, 420, -1,
          431, 420, 427, -1,
          432, 427, 428, -1,
          432, 433, 391, -1,
          432, 428, 433, -1,
          434, 425, 430, -1,
          434, 314, 429, -1,
          434, 429, 425, -1,
          435, 430, 426, -1,
          435, 426, 431, -1,
          436, 431, 427, -1,
          436, 427, 432, -1,
          437, 329, 327, -1,
          437, 432, 391, -1,
          437, 391, 329, -1,
          438, 315, 314, -1,
          438, 434, 430, -1,
          438, 430, 435, -1,
          438, 314, 434, -1,
          439, 435, 431, -1,
          439, 431, 436, -1,
          440, 327, 325, -1,
          440, 325, 323, -1,
          440, 436, 432, -1,
          440, 437, 327, -1,
          440, 432, 437, -1,
          441, 317, 315, -1,
          441, 315, 438, -1,
          441, 438, 435, -1,
          441, 435, 439, -1,
          442, 323, 321, -1,
          442, 321, 319, -1,
          442, 440, 323, -1,
          442, 439, 436, -1,
          442, 436, 440, -1,
          443, 319, 317, -1,
          443, 441, 439, -1,
          443, 439, 442, -1,
          443, 317, 441, -1,
          443, 442, 319, -1,
          348, 353, 350, -1,
          346, 350, 354, -1,
          346, 348, 350, -1,
          344, 354, 356, -1,
          344, 346, 354, -1,
          343, 356, 358, -1,
          343, 344, 356, -1,
          340, 358, 360, -1,
          340, 343, 358, -1,
          338, 340, 360, -1,
          444, 362, 364, -1,
          445, 444, 364, -1,
          446, 445, 364, -1,
          447, 446, 364, -1,
          448, 447, 364, -1,
          449, 448, 364, -1,
          450, 449, 364, -1,
          451, 450, 364, -1,
          336, 360, 362, -1,
          336, 338, 360, -1,
          366, 451, 364, -1,
          452, 447, 448, -1,
          453, 451, 366, -1,
          454, 453, 366, -1,
          455, 454, 366, -1,
          456, 455, 366, -1,
          457, 456, 366, -1,
          458, 457, 366, -1,
          459, 458, 366, -1,
          460, 459, 366, -1,
          461, 456, 457, -1,
          461, 462, 456, -1,
          463, 461, 457, -1,
          464, 463, 457, -1,
          465, 460, 366, -1,
          466, 465, 366, -1,
          467, 466, 366, -1,
          468, 467, 366, -1,
          469, 470, 460, -1,
          471, 469, 460, -1,
          472, 471, 460, -1,
          473, 472, 460, -1,
          474, 473, 460, -1,
          474, 460, 465, -1,
          475, 468, 366, -1,
          476, 468, 475, -1,
          477, 472, 473, -1,
          478, 475, 366, -1,
          479, 468, 476, -1,
          480, 474, 465, -1,
          481, 468, 479, -1,
          334, 482, 483, -1,
          334, 336, 484, -1,
          334, 484, 485, -1,
          334, 485, 482, -1,
          368, 486, 478, -1,
          368, 478, 366, -1,
          487, 468, 481, -1,
          488, 480, 465, -1,
          489, 490, 491, -1,
          492, 489, 491, -1,
          493, 492, 491, -1,
          494, 493, 491, -1,
          495, 493, 494, -1,
          496, 497, 495, -1,
          498, 334, 483, -1,
          499, 500, 501, -1,
          499, 501, 502, -1,
          499, 502, 503, -1,
          499, 503, 504, -1,
          499, 504, 486, -1,
          499, 486, 368, -1,
          505, 499, 368, -1,
          506, 505, 368, -1,
          507, 506, 368, -1,
          508, 509, 510, -1,
          508, 510, 511, -1,
          508, 511, 497, -1,
          508, 497, 496, -1,
          512, 513, 500, -1,
          514, 513, 512, -1,
          515, 512, 500, -1,
          516, 509, 508, -1,
          517, 515, 500, -1,
          517, 500, 499, -1,
          518, 517, 499, -1,
          519, 507, 368, -1,
          520, 519, 368, -1,
          521, 520, 368, -1,
          522, 521, 368, -1,
          523, 524, 507, -1,
          525, 523, 507, -1,
          526, 507, 519, -1,
          526, 525, 507, -1,
          527, 528, 529, -1,
          530, 531, 526, -1,
          532, 530, 526, -1,
          533, 522, 368, -1,
          534, 532, 526, -1,
          535, 533, 368, -1,
          536, 535, 368, -1,
          537, 531, 530, -1,
          537, 538, 539, -1,
          537, 539, 540, -1,
          537, 540, 531, -1,
          541, 526, 519, -1,
          541, 534, 526, -1,
          542, 543, 544, -1,
          542, 544, 536, -1,
          542, 536, 368, -1,
          332, 527, 545, -1,
          332, 545, 546, -1,
          332, 546, 547, -1,
          332, 547, 548, -1,
          332, 549, 550, -1,
          332, 550, 551, -1,
          332, 551, 527, -1,
          332, 552, 549, -1,
          332, 498, 553, -1,
          332, 553, 554, -1,
          332, 554, 552, -1,
          332, 334, 498, -1,
          370, 542, 368, -1,
          370, 555, 542, -1,
          370, 556, 555, -1,
          370, 557, 556, -1,
          558, 543, 542, -1,
          559, 558, 542, -1,
          560, 559, 542, -1,
          561, 560, 542, -1,
          562, 563, 522, -1,
          562, 522, 533, -1,
          564, 561, 542, -1,
          565, 562, 533, -1,
          566, 567, 568, -1,
          566, 568, 569, -1,
          570, 565, 533, -1,
          571, 332, 548, -1,
          572, 571, 566, -1,
          572, 569, 573, -1,
          572, 566, 569, -1,
          574, 537, 575, -1,
          574, 575, 576, -1,
          577, 557, 578, -1,
          579, 557, 370, -1,
          579, 578, 557, -1,
          580, 579, 370, -1,
          581, 582, 583, -1,
          584, 581, 583, -1,
          585, 574, 576, -1,
          585, 576, 586, -1,
          330, 571, 572, -1,
          330, 332, 571, -1,
          330, 585, 587, -1,
          330, 587, 588, -1,
          330, 588, 589, -1,
          330, 574, 585, -1,
          330, 572, 590, -1,
          330, 590, 591, -1,
          330, 591, 574, -1,
          592, 584, 583, -1,
          592, 593, 594, -1,
          592, 594, 595, -1,
          592, 595, 584, -1,
          592, 583, 596, -1,
          592, 596, 597, -1,
          598, 599, 600, -1,
          601, 599, 598, -1,
          602, 598, 600, -1,
          602, 600, 580, -1,
          602, 580, 370, -1,
          603, 370, 372, -1,
          603, 602, 370, -1,
          604, 599, 601, -1,
          604, 605, 599, -1,
          606, 593, 592, -1,
          606, 607, 593, -1,
          608, 603, 372, -1,
          609, 605, 604, -1,
          609, 610, 605, -1,
          611, 608, 372, -1,
          612, 330, 589, -1,
          613, 611, 372, -1,
          614, 615, 610, -1,
          614, 610, 609, -1,
          616, 617, 618, -1,
          619, 615, 614, -1,
          620, 616, 618, -1,
          621, 613, 372, -1,
          622, 623, 624, -1,
          622, 624, 607, -1,
          622, 607, 606, -1,
          625, 621, 372, -1,
          626, 627, 616, -1,
          626, 616, 620, -1,
          628, 623, 622, -1,
          628, 629, 623, -1,
          630, 625, 372, -1,
          631, 627, 626, -1,
          632, 633, 629, -1,
          632, 629, 628, -1,
          634, 635, 627, -1,
          634, 627, 631, -1,
          636, 630, 372, -1,
          637, 635, 634, -1,
          638, 639, 640, -1,
          638, 640, 641, -1,
          638, 641, 633, -1,
          638, 633, 632, -1,
          642, 643, 635, -1,
          642, 635, 637, -1,
          644, 645, 646, -1,
          647, 648, 643, -1,
          647, 643, 642, -1,
          649, 650, 648, -1,
          649, 648, 647, -1,
          651, 645, 644, -1,
          651, 652, 645, -1,
          653, 652, 651, -1,
          653, 654, 652, -1,
          655, 654, 653, -1,
          655, 656, 654, -1,
          657, 656, 655, -1,
          657, 658, 656, -1,
          657, 659, 658, -1,
          660, 659, 657, -1,
          328, 638, 661, -1,
          328, 661, 662, -1,
          328, 662, 650, -1,
          328, 612, 663, -1,
          328, 663, 664, -1,
          328, 664, 665, -1,
          328, 665, 639, -1,
          328, 639, 638, -1,
          328, 650, 649, -1,
          328, 330, 612, -1,
          328, 649, 659, -1,
          328, 659, 660, -1,
          374, 636, 372, -1,
          374, 666, 667, -1,
          374, 668, 636, -1,
          374, 667, 668, -1,
          326, 660, 669, -1,
          326, 670, 671, -1,
          326, 672, 670, -1,
          326, 673, 672, -1,
          326, 669, 673, -1,
          326, 674, 675, -1,
          326, 671, 674, -1,
          326, 328, 660, -1,
          324, 676, 677, -1,
          324, 675, 676, -1,
          324, 677, 666, -1,
          324, 666, 374, -1,
          324, 326, 675, -1,
          322, 374, 376, -1,
          322, 324, 374, -1,
          322, 376, 378, -1,
          320, 322, 378, -1,
          318, 378, 380, -1,
          318, 320, 378, -1,
          316, 380, 382, -1,
          316, 318, 380, -1,
          312, 382, 384, -1,
          312, 316, 382, -1,
          313, 384, 386, -1,
          313, 312, 384, -1,
          678, 557, 679, -1,
          679, 557, 680, -1,
          680, 557, 616, -1,
          616, 557, 617, -1,
          617, 557, 681, -1,
          681, 557, 682, -1,
          682, 557, 683, -1,
          683, 557, 684, -1,
          684, 557, 685, -1,
          685, 557, 686, -1,
          686, 557, 687, -1,
          687, 557, 577, -1,
          542, 688, 689, -1,
          542, 689, 690, -1,
          542, 690, 592, -1,
          542, 592, 691, -1,
          691, 592, 692, -1,
          692, 592, 597, -1,
          542, 691, 693, -1,
          542, 693, 694, -1,
          542, 694, 695, -1,
          542, 695, 696, -1,
          542, 696, 697, -1,
          542, 697, 698, -1,
          542, 698, 564, -1,
          543, 612, 544, -1,
          544, 612, 589, -1,
          519, 585, 541, -1,
          541, 585, 586, -1,
          512, 572, 514, -1,
          514, 572, 699, -1,
          699, 572, 700, -1,
          700, 572, 701, -1,
          701, 572, 702, -1,
          702, 572, 703, -1,
          703, 572, 573, -1,
          574, 538, 537, -1,
          704, 571, 548, -1,
          566, 705, 567, -1,
          473, 545, 477, -1,
          477, 545, 706, -1,
          706, 545, 529, -1,
          529, 545, 527, -1,
          548, 509, 516, -1,
          548, 516, 704, -1,
          497, 493, 495, -1,
          490, 468, 491, -1,
          491, 468, 487, -1,
          462, 549, 552, -1,
          462, 552, 456, -1,
          448, 498, 452, -1,
          452, 498, 707, -1,
          707, 498, 708, -1,
          708, 498, 709, -1,
          709, 498, 483, -1,
          453, 710, 711, -1,
          453, 711, 712, -1,
          453, 712, 713, -1,
          453, 713, 451, -1,
          444, 484, 362, -1,
          362, 484, 336, -1,
          714, 715, 716, -1,
          714, 716, 717, -1,
          718, 715, 714, -1,
          719, 715, 718, -1,
          720, 721, 719, -1,
          720, 719, 718, -1,
          722, 723, 721, -1,
          722, 721, 720, -1,
          724, 723, 722, -1,
          725, 726, 727, -1,
          725, 727, 724, -1,
          725, 724, 722, -1,
          728, 729, 726, -1,
          728, 726, 725, -1,
          730, 729, 728, -1,
          731, 732, 730, -1,
          731, 730, 728, -1,
          733, 732, 731, -1,
          734, 735, 732, -1,
          734, 732, 733, -1,
          736, 735, 734, -1,
          737, 738, 735, -1,
          737, 735, 736, -1,
          739, 738, 737, -1,
          740, 741, 742, -1,
          743, 744, 741, -1,
          743, 741, 740, -1,
          745, 746, 744, -1,
          745, 744, 743, -1,
          747, 746, 745, -1,
          748, 746, 747, -1,
          749, 748, 747, -1,
          750, 751, 748, -1,
          750, 748, 749, -1,
          752, 753, 751, -1,
          752, 751, 750, -1,
          754, 753, 752, -1,
          755, 753, 754, -1,
          756, 755, 754, -1,
          757, 755, 756, -1,
          758, 755, 757, -1,
          759, 760, 758, -1,
          759, 758, 757, -1,
          761, 762, 760, -1,
          761, 760, 759, -1,
          763, 764, 762, -1,
          763, 762, 761, -1,
          600, 577, 578, -1,
          600, 578, 579, -1,
          600, 579, 580, -1,
          599, 577, 600, -1,
          599, 687, 577, -1,
          605, 686, 687, -1,
          605, 687, 599, -1,
          608, 598, 602, -1,
          608, 602, 603, -1,
          716, 684, 685, -1,
          717, 716, 685, -1,
          717, 685, 686, -1,
          717, 686, 605, -1,
          715, 684, 716, -1,
          611, 601, 598, -1,
          611, 598, 608, -1,
          610, 717, 605, -1,
          610, 714, 717, -1,
          719, 683, 684, -1,
          719, 684, 715, -1,
          613, 601, 611, -1,
          613, 604, 601, -1,
          718, 714, 610, -1,
          721, 683, 719, -1,
          621, 604, 613, -1,
          723, 683, 721, -1,
          682, 683, 723, -1,
          625, 609, 604, -1,
          625, 742, 609, -1,
          625, 604, 621, -1,
          741, 609, 742, -1,
          724, 682, 723, -1,
          740, 742, 625, -1,
          722, 720, 615, -1,
          727, 681, 682, -1,
          727, 682, 724, -1,
          619, 722, 615, -1,
          746, 614, 744, -1,
          746, 619, 614, -1,
          630, 743, 740, -1,
          630, 740, 625, -1,
          726, 681, 727, -1,
          726, 617, 681, -1,
          636, 743, 630, -1,
          636, 745, 743, -1,
          618, 617, 726, -1,
          748, 722, 619, -1,
          747, 745, 636, -1,
          725, 722, 748, -1,
          668, 747, 636, -1,
          729, 618, 726, -1,
          751, 725, 748, -1,
          620, 618, 729, -1,
          667, 749, 747, -1,
          667, 747, 668, -1,
          753, 725, 751, -1,
          730, 620, 729, -1,
          728, 725, 753, -1,
          732, 626, 620, -1,
          732, 620, 730, -1,
          646, 728, 753, -1,
          666, 749, 667, -1,
          666, 750, 749, -1,
          752, 750, 666, -1,
          735, 626, 732, -1,
          645, 728, 646, -1,
          645, 731, 728, -1,
          645, 733, 731, -1,
          631, 626, 735, -1,
          738, 631, 735, -1,
          677, 752, 666, -1,
          755, 644, 646, -1,
          755, 646, 753, -1,
          739, 631, 738, -1,
          754, 752, 677, -1,
          758, 644, 755, -1,
          676, 754, 677, -1,
          676, 756, 754, -1,
          652, 634, 631, -1,
          652, 739, 737, -1,
          652, 736, 734, -1,
          652, 737, 736, -1,
          652, 631, 739, -1,
          757, 756, 676, -1,
          651, 758, 760, -1,
          762, 651, 760, -1,
          654, 634, 652, -1,
          654, 642, 637, -1,
          654, 637, 634, -1,
          764, 651, 762, -1,
          675, 757, 676, -1,
          675, 761, 759, -1,
          675, 759, 757, -1,
          656, 647, 642, -1,
          656, 642, 654, -1,
          658, 647, 656, -1,
          659, 649, 647, -1,
          659, 647, 658, -1,
          653, 651, 764, -1,
          674, 761, 675, -1,
          674, 763, 761, -1,
          671, 653, 764, -1,
          671, 763, 674, -1,
          671, 764, 763, -1,
          670, 655, 653, -1,
          670, 653, 671, -1,
          672, 657, 655, -1,
          672, 655, 670, -1,
          673, 660, 657, -1,
          673, 657, 672, -1,
          669, 660, 673, -1,
          651, 644, 758, -1,
          645, 652, 733, -1,
          733, 652, 734, -1,
          610, 615, 720, -1,
          610, 720, 718, -1,
          614, 609, 744, -1,
          744, 609, 741, -1,
          746, 748, 619, -1,
          313, 386, 765, -1,
          766, 765, 767, -1,
          766, 313, 765, -1,
          768, 767, 769, -1,
          768, 766, 767, -1,
          770, 769, 771, -1,
          770, 768, 769, -1,
          772, 771, 773, -1,
          772, 770, 771, -1,
          774, 773, 775, -1,
          774, 772, 773, -1,
          776, 775, 777, -1,
          776, 774, 775, -1,
          778, 777, 779, -1,
          778, 776, 777, -1,
          780, 779, 781, -1,
          780, 778, 779, -1,
          782, 781, 783, -1,
          782, 780, 781, -1,
          784, 783, 785, -1,
          784, 782, 783, -1,
          786, 785, 787, -1,
          786, 784, 785, -1,
          788, 787, 789, -1,
          788, 786, 787, -1,
          790, 789, 791, -1,
          790, 788, 789, -1,
          792, 790, 791, -1,
          793, 792, 791, -1,
          793, 791, 794, -1,
          793, 794, 795, -1,
          796, 793, 795, -1,
          797, 796, 795, -1,
          797, 795, 798, -1,
          348, 797, 798, -1,
          348, 798, 353, -1,
          799, 800, 801, -1,
          799, 801, 802, -1,
          799, 802, 803, -1,
          709, 444, 445, -1,
          708, 445, 446, -1,
          708, 709, 445, -1,
          707, 446, 447, -1,
          707, 708, 446, -1,
          452, 707, 447, -1,
          485, 484, 709, -1,
          482, 485, 709, -1,
          483, 482, 709, -1,
          484, 444, 709, -1,
          804, 805, 806, -1,
          804, 806, 807, -1,
          804, 807, 808, -1,
          713, 448, 449, -1,
          713, 449, 450, -1,
          713, 450, 451, -1,
          710, 453, 454, -1,
          710, 454, 455, -1,
          710, 455, 456, -1,
          800, 713, 712, -1,
          801, 712, 711, -1,
          801, 800, 712, -1,
          802, 801, 711, -1,
          803, 711, 710, -1,
          803, 802, 711, -1,
          553, 498, 799, -1,
          554, 553, 799, -1,
          552, 554, 799, -1,
          498, 448, 799, -1,
          799, 448, 800, -1,
          800, 448, 713, -1,
          456, 552, 799, -1,
          456, 799, 803, -1,
          456, 803, 710, -1,
          809, 810, 811, -1,
          809, 811, 812, -1,
          809, 812, 813, -1,
          464, 457, 458, -1,
          470, 458, 459, -1,
          470, 459, 460, -1,
          470, 464, 458, -1,
          805, 462, 461, -1,
          806, 461, 463, -1,
          806, 805, 461, -1,
          807, 463, 464, -1,
          807, 806, 463, -1,
          808, 807, 464, -1,
          528, 464, 470, -1,
          528, 808, 464, -1,
          529, 470, 469, -1,
          529, 528, 470, -1,
          706, 469, 471, -1,
          706, 529, 469, -1,
          477, 471, 472, -1,
          477, 706, 471, -1,
          804, 808, 528, -1,
          550, 549, 804, -1,
          551, 550, 804, -1,
          527, 551, 804, -1,
          549, 462, 804, -1,
          804, 462, 805, -1,
          528, 527, 804, -1,
          814, 815, 816, -1,
          817, 815, 814, -1,
          818, 815, 817, -1,
          819, 818, 817, -1,
          820, 821, 818, -1,
          820, 818, 819, -1,
          822, 821, 820, -1,
          823, 824, 822, -1,
          823, 822, 820, -1,
          825, 826, 824, -1,
          825, 824, 823, -1,
          827, 828, 826, -1,
          827, 826, 825, -1,
          829, 828, 827, -1,
          830, 828, 829, -1,
          831, 830, 829, -1,
          832, 833, 830, -1,
          832, 830, 831, -1,
          834, 835, 833, -1,
          834, 833, 832, -1,
          836, 835, 834, -1,
          488, 465, 466, -1,
          490, 466, 467, -1,
          490, 467, 468, -1,
          490, 488, 466, -1,
          810, 473, 474, -1,
          811, 474, 480, -1,
          811, 810, 474, -1,
          812, 480, 488, -1,
          812, 811, 480, -1,
          813, 812, 488, -1,
          509, 488, 490, -1,
          509, 813, 488, -1,
          510, 490, 489, -1,
          510, 509, 490, -1,
          511, 489, 492, -1,
          511, 510, 489, -1,
          497, 492, 493, -1,
          497, 511, 492, -1,
          809, 813, 509, -1,
          546, 545, 809, -1,
          547, 546, 809, -1,
          548, 547, 809, -1,
          545, 473, 809, -1,
          809, 473, 810, -1,
          509, 548, 809, -1,
          837, 838, 839, -1,
          837, 839, 840, -1,
          837, 840, 841, -1,
          486, 475, 478, -1,
          504, 476, 475, -1,
          504, 475, 486, -1,
          503, 479, 476, -1,
          503, 476, 504, -1,
          815, 487, 481, -1,
          816, 481, 479, -1,
          816, 815, 481, -1,
          502, 479, 503, -1,
          502, 816, 479, -1,
          814, 816, 502, -1,
          818, 487, 815, -1,
          491, 487, 818, -1,
          817, 814, 502, -1,
          821, 491, 818, -1,
          501, 819, 817, -1,
          501, 817, 502, -1,
          822, 491, 821, -1,
          494, 491, 822, -1,
          824, 494, 822, -1,
          500, 820, 819, -1,
          500, 819, 501, -1,
          495, 494, 824, -1,
          826, 495, 824, -1,
          513, 820, 500, -1,
          513, 823, 820, -1,
          828, 496, 495, -1,
          828, 495, 826, -1,
          825, 823, 513, -1,
          514, 825, 513, -1,
          827, 825, 514, -1,
          830, 496, 828, -1,
          508, 496, 830, -1,
          699, 827, 514, -1,
          699, 829, 827, -1,
          833, 508, 830, -1,
          516, 508, 833, -1,
          835, 516, 833, -1,
          700, 829, 699, -1,
          700, 831, 829, -1,
          832, 831, 700, -1,
          836, 516, 835, -1,
          701, 834, 832, -1,
          701, 832, 700, -1,
          702, 836, 834, -1,
          702, 834, 701, -1,
          705, 704, 516, -1,
          703, 705, 516, -1,
          703, 516, 836, -1,
          703, 836, 702, -1,
          573, 705, 703, -1,
          569, 567, 705, -1,
          569, 568, 567, -1,
          569, 705, 573, -1,
          571, 704, 566, -1,
          705, 566, 704, -1,
          518, 499, 505, -1,
          524, 505, 506, -1,
          524, 506, 507, -1,
          524, 518, 505, -1,
          838, 512, 515, -1,
          839, 515, 517, -1,
          839, 838, 515, -1,
          840, 517, 518, -1,
          840, 839, 517, -1,
          841, 840, 518, -1,
          538, 518, 524, -1,
          538, 841, 518, -1,
          539, 524, 523, -1,
          539, 538, 524, -1,
          540, 523, 525, -1,
          540, 539, 523, -1,
          531, 525, 526, -1,
          531, 540, 525, -1,
          837, 841, 538, -1,
          590, 572, 837, -1,
          591, 590, 837, -1,
          574, 591, 837, -1,
          572, 512, 837, -1,
          837, 512, 838, -1,
          538, 574, 837, -1,
          842, 843, 844, -1,
          842, 844, 845, -1,
          842, 845, 846, -1,
          575, 537, 530, -1,
          575, 530, 532, -1,
          576, 532, 534, -1,
          576, 575, 532, -1,
          586, 534, 541, -1,
          586, 576, 534, -1,
          564, 559, 560, -1,
          564, 560, 561, -1,
          847, 543, 558, -1,
          848, 558, 559, -1,
          848, 847, 558, -1,
          698, 559, 564, -1,
          849, 848, 559, -1,
          849, 559, 698, -1,
          850, 849, 698, -1,
          697, 850, 698, -1,
          851, 850, 697, -1,
          696, 852, 851, -1,
          696, 853, 852, -1,
          696, 851, 697, -1,
          695, 853, 696, -1,
          695, 854, 853, -1,
          694, 854, 695, -1,
          694, 855, 854, -1,
          856, 855, 694, -1,
          693, 856, 694, -1,
          857, 856, 693, -1,
          691, 857, 693, -1,
          858, 857, 691, -1,
          692, 858, 691, -1,
          692, 859, 858, -1,
          597, 859, 692, -1,
          597, 860, 859, -1,
          597, 861, 860, -1,
          596, 861, 597, -1,
          596, 862, 861, -1,
          863, 864, 865, -1,
          583, 862, 596, -1,
          866, 863, 865, -1,
          866, 865, 867, -1,
          868, 866, 867, -1,
          582, 862, 583, -1,
          582, 869, 868, -1,
          582, 867, 870, -1,
          582, 868, 867, -1,
          582, 870, 862, -1,
          871, 869, 582, -1,
          581, 871, 582, -1,
          584, 872, 871, -1,
          584, 871, 581, -1,
          595, 872, 584, -1,
          595, 873, 872, -1,
          594, 873, 595, -1,
          874, 873, 594, -1,
          593, 874, 594, -1,
          875, 874, 593, -1,
          607, 875, 593, -1,
          624, 876, 875, -1,
          624, 875, 607, -1,
          877, 876, 624, -1,
          623, 878, 877, -1,
          623, 877, 624, -1,
          629, 879, 878, -1,
          629, 880, 879, -1,
          629, 878, 623, -1,
          663, 612, 881, -1,
          633, 882, 880, -1,
          633, 880, 629, -1,
          664, 663, 881, -1,
          664, 881, 883, -1,
          641, 882, 633, -1,
          641, 883, 882, -1,
          641, 664, 883, -1,
          640, 664, 641, -1,
          640, 639, 665, -1,
          640, 665, 664, -1,
          612, 543, 864, -1,
          864, 543, 847, -1,
          612, 864, 863, -1,
          612, 863, 881, -1,
          851, 848, 849, -1,
          851, 849, 850, -1,
          852, 847, 848, -1,
          852, 848, 851, -1,
          853, 847, 852, -1,
          854, 847, 853, -1,
          855, 847, 854, -1,
          864, 858, 859, -1,
          864, 859, 860, -1,
          861, 865, 864, -1,
          861, 867, 865, -1,
          861, 870, 867, -1,
          861, 864, 860, -1,
          862, 870, 861, -1,
          864, 847, 858, -1,
          858, 847, 857, -1,
          857, 847, 856, -1,
          856, 847, 855, -1,
          563, 519, 520, -1,
          563, 520, 521, -1,
          563, 521, 522, -1,
          570, 533, 535, -1,
          570, 535, 536, -1,
          570, 536, 544, -1,
          843, 563, 562, -1,
          844, 562, 565, -1,
          844, 843, 562, -1,
          845, 844, 565, -1,
          846, 565, 570, -1,
          846, 845, 565, -1,
          587, 585, 842, -1,
          588, 587, 842, -1,
          589, 588, 842, -1,
          585, 519, 842, -1,
          842, 519, 843, -1,
          843, 519, 563, -1,
          544, 589, 842, -1,
          544, 842, 846, -1,
          544, 846, 570, -1,
          871, 863, 866, -1,
          871, 866, 868, -1,
          871, 868, 869, -1,
          872, 863, 871, -1,
          873, 863, 872, -1,
          881, 876, 877, -1,
          881, 877, 878, -1,
          879, 883, 881, -1,
          879, 882, 883, -1,
          879, 881, 878, -1,
          880, 882, 879, -1,
          881, 863, 873, -1,
          881, 873, 874, -1,
          881, 874, 875, -1,
          881, 875, 876, -1,
          390, 389, 884, -1,
          331, 391, 333, -1,
          885, 886, 887, -1,
          888, 889, 890, -1,
          888, 890, 891, -1,
          892, 893, 894, -1,
          892, 894, 886, -1,
          895, 887, 889, -1,
          895, 889, 888, -1,
          895, 885, 887, -1,
          896, 888, 891, -1,
          897, 885, 895, -1,
          897, 886, 885, -1,
          897, 892, 886, -1,
          898, 895, 888, -1,
          898, 888, 896, -1,
          899, 891, 349, -1,
          899, 896, 891, -1,
          900, 395, 390, -1,
          900, 884, 893, -1,
          900, 390, 884, -1,
          900, 892, 897, -1,
          900, 893, 892, -1,
          901, 897, 895, -1,
          901, 895, 898, -1,
          902, 898, 896, -1,
          902, 896, 899, -1,
          903, 349, 347, -1,
          903, 899, 349, -1,
          904, 396, 395, -1,
          904, 395, 900, -1,
          904, 897, 901, -1,
          904, 900, 897, -1,
          905, 901, 898, -1,
          905, 898, 902, -1,
          906, 899, 903, -1,
          906, 902, 899, -1,
          907, 903, 347, -1,
          908, 901, 905, -1,
          908, 401, 396, -1,
          908, 404, 401, -1,
          908, 396, 904, -1,
          908, 904, 901, -1,
          909, 905, 902, -1,
          909, 902, 906, -1,
          910, 906, 903, -1,
          910, 903, 907, -1,
          911, 347, 345, -1,
          911, 907, 347, -1,
          912, 905, 909, -1,
          912, 405, 404, -1,
          912, 404, 908, -1,
          912, 908, 905, -1,
          913, 906, 910, -1,
          913, 909, 906, -1,
          914, 907, 911, -1,
          914, 910, 907, -1,
          915, 345, 342, -1,
          915, 911, 345, -1,
          916, 411, 405, -1,
          916, 909, 913, -1,
          916, 415, 411, -1,
          916, 912, 909, -1,
          916, 405, 912, -1,
          917, 913, 910, -1,
          917, 910, 914, -1,
          918, 915, 342, -1,
          918, 342, 341, -1,
          918, 911, 915, -1,
          918, 914, 911, -1,
          919, 916, 913, -1,
          919, 913, 917, -1,
          919, 421, 415, -1,
          919, 415, 916, -1,
          920, 917, 914, -1,
          920, 914, 918, -1,
          921, 341, 339, -1,
          921, 918, 341, -1,
          922, 422, 421, -1,
          922, 421, 919, -1,
          922, 919, 917, -1,
          922, 917, 920, -1,
          923, 921, 339, -1,
          923, 920, 918, -1,
          923, 918, 921, -1,
          924, 433, 428, -1,
          924, 428, 422, -1,
          924, 922, 920, -1,
          924, 920, 923, -1,
          924, 422, 922, -1,
          925, 339, 337, -1,
          925, 337, 335, -1,
          925, 923, 339, -1,
          926, 335, 333, -1,
          926, 391, 433, -1,
          926, 433, 924, -1,
          926, 924, 923, -1,
          926, 925, 335, -1,
          926, 923, 925, -1,
          926, 333, 391, -1,
          927, 928, 929, -1,
          928, 930, 931, -1,
          932, 387, 933, -1,
          930, 934, 935, -1,
          385, 383, 387, -1,
          936, 383, 927, -1,
          933, 383, 936, -1,
          387, 383, 933, -1,
          927, 937, 928, -1,
          928, 937, 930, -1,
          930, 937, 934, -1,
          383, 937, 927, -1,
          937, 938, 939, -1,
          381, 377, 383, -1,
          379, 377, 381, -1,
          937, 940, 938, -1,
          940, 941, 942, -1,
          375, 371, 377, -1,
          373, 371, 375, -1,
          377, 371, 383, -1,
          941, 351, 943, -1,
          940, 351, 941, -1,
          369, 367, 371, -1,
          371, 367, 383, -1,
          351, 355, 352, -1,
          383, 355, 937, -1,
          937, 355, 940, -1,
          940, 355, 351, -1,
          365, 363, 367, -1,
          363, 361, 367, -1,
          361, 359, 367, -1,
          355, 359, 357, -1,
          367, 359, 383, -1,
          383, 359, 355, -1,
          606, 592, 690, -1,
          689, 606, 690, -1,
          627, 680, 616, -1,
          679, 680, 627, -1,
          688, 606, 689, -1,
          622, 606, 688, -1,
          622, 688, 678, -1,
          635, 678, 679, -1,
          635, 679, 627, -1,
          643, 678, 635, -1,
          643, 622, 678, -1,
          628, 622, 643, -1,
          648, 628, 643, -1,
          632, 628, 648, -1,
          661, 638, 632, -1,
          662, 661, 632, -1,
          650, 632, 648, -1,
          650, 662, 632, -1,
          688, 542, 555, -1,
          688, 555, 678, -1,
          557, 678, 556, -1,
          556, 678, 555, -1,
          765, 386, 387, -1,
          765, 387, 932, -1,
          767, 932, 933, -1,
          767, 765, 932, -1,
          769, 933, 936, -1,
          769, 767, 933, -1,
          771, 936, 927, -1,
          771, 769, 936, -1,
          773, 927, 929, -1,
          773, 771, 927, -1,
          775, 929, 928, -1,
          775, 773, 929, -1,
          777, 928, 931, -1,
          777, 775, 928, -1,
          779, 931, 930, -1,
          779, 777, 931, -1,
          781, 930, 935, -1,
          781, 779, 930, -1,
          783, 935, 934, -1,
          783, 781, 935, -1,
          785, 934, 937, -1,
          785, 783, 934, -1,
          787, 937, 939, -1,
          787, 785, 937, -1,
          789, 939, 938, -1,
          789, 787, 939, -1,
          791, 938, 940, -1,
          791, 789, 938, -1,
          794, 940, 942, -1,
          794, 791, 940, -1,
          795, 794, 942, -1,
          795, 942, 941, -1,
          798, 941, 943, -1,
          798, 795, 941, -1,
          353, 943, 351, -1,
          353, 798, 943, -1,
          797, 348, 349, -1,
          797, 349, 891, -1,
          796, 891, 890, -1,
          796, 797, 891, -1,
          793, 890, 889, -1,
          793, 796, 890, -1,
          792, 889, 887, -1,
          792, 793, 889, -1,
          790, 887, 886, -1,
          790, 792, 887, -1,
          788, 886, 894, -1,
          788, 790, 886, -1,
          786, 894, 893, -1,
          786, 788, 894, -1,
          784, 893, 884, -1,
          784, 786, 893, -1,
          782, 884, 389, -1,
          782, 784, 884, -1,
          780, 389, 388, -1,
          780, 782, 389, -1,
          778, 388, 393, -1,
          778, 780, 388, -1,
          776, 393, 399, -1,
          776, 778, 393, -1,
          774, 399, 398, -1,
          774, 776, 399, -1,
          772, 398, 408, -1,
          772, 774, 398, -1,
          770, 408, 407, -1,
          770, 772, 408, -1,
          768, 770, 407, -1,
          768, 407, 417, -1,
          766, 768, 417, -1,
          766, 417, 424, -1,
          313, 424, 314, -1,
          313, 766, 424, -1,
          944, 945, 946, -1,
          944, 947, 945, -1,
          948, 946, 949, -1,
          948, 944, 946, -1,
          950, 949, 951, -1,
          950, 948, 949, -1,
          952, 951, 953, -1,
          952, 950, 951, -1,
          954, 953, 955, -1,
          954, 952, 953, -1,
          956, 955, 957, -1,
          956, 954, 955, -1,
          958, 957, 959, -1,
          958, 956, 957, -1,
          960, 959, 961, -1,
          960, 958, 959, -1,
          962, 961, 963, -1,
          962, 960, 961, -1,
          964, 963, 965, -1,
          964, 962, 963, -1,
          966, 965, 967, -1,
          966, 964, 965, -1,
          968, 967, 969, -1,
          968, 966, 967, -1,
          970, 969, 971, -1,
          970, 968, 969, -1,
          972, 970, 971, -1,
          973, 970, 972, -1,
          974, 973, 972, -1,
          974, 972, 975, -1,
          976, 974, 975, -1,
          977, 974, 976, -1,
          978, 976, 979, -1,
          978, 977, 976, -1,
          980, 979, 981, -1,
          980, 978, 979, -1,
          982, 983, 984, -1,
          982, 985, 983, -1,
          986, 984, 987, -1,
          986, 982, 984, -1,
          988, 987, 989, -1,
          988, 986, 987, -1,
          990, 989, 991, -1,
          990, 988, 989, -1,
          992, 991, 993, -1,
          992, 990, 991, -1,
          994, 993, 995, -1,
          994, 992, 993, -1,
          996, 995, 997, -1,
          996, 994, 995, -1,
          998, 997, 999, -1,
          998, 996, 997, -1,
          1000, 999, 1001, -1,
          1000, 998, 999, -1,
          1002, 1001, 1003, -1,
          1002, 1000, 1001, -1,
          1004, 1003, 1005, -1,
          1004, 1002, 1003, -1,
          1006, 1005, 1007, -1,
          1006, 1004, 1005, -1,
          1008, 1007, 1009, -1,
          1008, 1006, 1007, -1,
          1010, 1009, 1011, -1,
          1010, 1008, 1009, -1,
          1012, 1011, 1013, -1,
          1012, 1010, 1011, -1,
          1014, 1012, 1013, -1,
          1014, 1013, 1015, -1,
          1016, 1015, 1017, -1,
          1016, 1014, 1015, -1,
          1018, 1017, 1019, -1,
          1018, 1016, 1017, -1,
          1020, 1021, 1022, -1,
          1020, 1023, 1021, -1,
          1024, 1022, 1025, -1,
          1024, 1020, 1022, -1,
          1026, 1025, 1027, -1,
          1026, 1024, 1025, -1,
          1028, 1027, 1029, -1,
          1028, 1026, 1027, -1,
          1030, 1029, 1031, -1,
          1030, 1028, 1029, -1,
          1032, 1031, 1033, -1,
          1032, 1030, 1031, -1,
          1034, 1033, 1035, -1,
          1034, 1032, 1033, -1,
          1036, 1035, 1037, -1,
          1036, 1034, 1035, -1,
          1038, 1037, 1039, -1,
          1038, 1036, 1037, -1,
          1040, 1039, 1041, -1,
          1040, 1038, 1039, -1,
          1042, 1041, 1043, -1,
          1042, 1040, 1041, -1,
          1044, 1043, 1045, -1,
          1044, 1042, 1043, -1,
          1046, 1045, 1047, -1,
          1046, 1044, 1045, -1,
          1048, 1047, 1049, -1,
          1048, 1046, 1047, -1,
          1050, 1049, 1051, -1,
          1050, 1048, 1049, -1,
          1052, 1050, 1051, -1,
          1053, 1050, 1052, -1,
          1054, 1052, 1055, -1,
          1054, 1053, 1052, -1,
          1056, 1054, 1055, -1,
          1057, 1054, 1056, -1,
          1058, 1059, 1060, -1,
          1058, 1061, 1059, -1,
          1061, 1062, 1059, -1,
          1061, 1063, 1062, -1,
          1063, 1064, 1062, -1,
          1063, 1065, 1064, -1,
          1065, 1066, 1064, -1,
          1065, 1067, 1066, -1,
          1067, 1068, 1066, -1,
          1067, 1069, 1068, -1,
          1069, 1070, 1068, -1,
          1069, 1071, 1070, -1,
          1071, 1072, 1070, -1,
          1071, 1073, 1072, -1,
          1073, 1074, 1072, -1,
          1073, 1075, 1074, -1,
          1075, 1076, 1074, -1,
          1075, 1077, 1076, -1,
          1077, 1078, 1076, -1,
          1077, 1079, 1078, -1,
          1078, 1080, 1081, -1,
          1079, 1080, 1078, -1,
          1081, 1082, 1083, -1,
          1080, 1082, 1081, -1,
          1083, 1084, 1085, -1,
          1082, 1084, 1083, -1,
          1084, 1086, 1085, -1,
          1084, 1087, 1086, -1,
          1087, 1088, 1086, -1,
          1087, 1089, 1088, -1,
          1089, 1090, 1088, -1,
          1088, 1090, 1091, -1,
          1090, 1092, 1091, -1,
          1090, 1093, 1092, -1,
          1093, 1094, 1092, -1,
          1093, 1095, 1094, -1,
          1096, 1097, 1098, -1,
          1098, 1097, 1099, -1,
          1099, 1100, 1101, -1,
          1101, 1100, 1102, -1,
          1097, 1100, 1099, -1,
          1100, 1103, 1102, -1,
          1102, 1104, 1105, -1,
          1105, 1104, 1106, -1,
          1103, 1104, 1102, -1,
          1104, 1107, 1106, -1,
          1106, 1108, 1109, -1,
          1107, 1108, 1106, -1,
          1109, 1110, 1111, -1,
          1108, 1110, 1109, -1,
          1111, 1112, 1113, -1,
          1113, 1112, 1114, -1,
          1110, 1112, 1111, -1,
          1114, 1115, 1116, -1,
          1112, 1115, 1114, -1,
          1115, 1117, 1116, -1,
          1116, 1118, 1119, -1,
          1117, 1118, 1116, -1,
          1119, 1120, 1121, -1,
          1118, 1120, 1119, -1,
          1121, 1122, 1123, -1,
          1120, 1122, 1121, -1,
          1123, 1124, 1125, -1,
          1122, 1124, 1123, -1,
          1124, 1126, 1125, -1,
          1125, 1126, 1127, -1,
          1126, 1128, 1127, -1,
          1127, 1128, 1129, -1,
          1129, 1128, 1130, -1,
          1128, 1131, 1130, -1,
          1131, 1132, 1130, -1,
          1130, 1132, 1133, -1,
          1134, 1135, 1136, -1,
          1136, 1135, 1137, -1,
          1137, 1138, 1139, -1,
          1135, 1138, 1137, -1,
          1139, 1140, 1141, -1,
          1138, 1140, 1139, -1,
          1141, 1142, 1143, -1,
          1140, 1142, 1141, -1,
          1143, 1144, 1145, -1,
          1142, 1144, 1143, -1,
          1145, 1146, 1147, -1,
          1144, 1146, 1145, -1,
          1147, 1148, 1149, -1,
          1146, 1148, 1147, -1,
          1149, 1150, 1151, -1,
          1148, 1150, 1149, -1,
          1151, 1152, 1153, -1,
          1150, 1152, 1151, -1,
          1153, 1154, 1155, -1,
          1152, 1154, 1153, -1,
          1155, 1156, 1157, -1,
          1154, 1156, 1155, -1,
          1157, 1158, 1159, -1,
          1156, 1158, 1157, -1,
          1159, 1160, 1161, -1,
          1158, 1160, 1159, -1,
          1161, 1162, 1163, -1,
          1160, 1162, 1161, -1,
          1162, 1164, 1163, -1,
          1163, 1164, 1165, -1,
          1164, 1166, 1165, -1,
          1165, 1166, 1167, -1,
          1166, 1168, 1167, -1,
          1167, 1168, 1169, -1,
          1168, 1170, 1169, -1,
          1169, 1170, 1171, -1,
          1172, 1173, 1094, -1,
          1094, 1173, 1092, -1,
          1092, 1174, 1091, -1,
          1173, 1174, 1092, -1,
          1091, 1175, 1088, -1,
          1174, 1175, 1091, -1,
          1088, 1176, 1086, -1,
          1175, 1176, 1088, -1,
          1086, 1177, 1085, -1,
          1176, 1177, 1086, -1,
          1085, 1178, 1083, -1,
          1177, 1178, 1085, -1,
          1083, 1179, 1081, -1,
          1178, 1179, 1083, -1,
          1081, 1180, 1078, -1,
          1179, 1180, 1081, -1,
          1078, 1181, 1076, -1,
          1180, 1181, 1078, -1,
          1076, 1182, 1074, -1,
          1181, 1182, 1076, -1,
          1074, 1183, 1072, -1,
          1182, 1183, 1074, -1,
          1072, 1184, 1070, -1,
          1183, 1184, 1072, -1,
          1070, 1185, 1068, -1,
          1184, 1185, 1070, -1,
          1068, 1186, 1066, -1,
          1185, 1186, 1068, -1,
          1186, 1187, 1066, -1,
          1066, 1187, 1064, -1,
          1187, 1188, 1064, -1,
          1064, 1188, 1062, -1,
          1188, 1189, 1062, -1,
          1062, 1189, 1059, -1,
          1189, 1190, 1059, -1,
          1059, 1190, 1060, -1,
          1191, 1192, 1193, -1,
          1191, 1194, 1192, -1,
          1195, 1193, 1196, -1,
          1195, 1191, 1193, -1,
          1197, 1196, 1198, -1,
          1197, 1195, 1196, -1,
          1199, 1198, 1200, -1,
          1199, 1197, 1198, -1,
          1201, 1200, 1202, -1,
          1201, 1199, 1200, -1,
          1203, 1202, 1204, -1,
          1203, 1201, 1202, -1,
          1205, 1204, 1206, -1,
          1205, 1203, 1204, -1,
          1207, 1206, 1208, -1,
          1207, 1205, 1206, -1,
          1209, 1208, 1210, -1,
          1209, 1207, 1208, -1,
          1211, 1210, 1212, -1,
          1211, 1209, 1210, -1,
          1213, 1212, 1214, -1,
          1213, 1211, 1212, -1,
          1215, 1214, 1216, -1,
          1215, 1213, 1214, -1,
          1217, 1216, 1218, -1,
          1217, 1215, 1216, -1,
          1219, 1218, 1220, -1,
          1219, 1217, 1218, -1,
          1221, 1219, 1220, -1,
          1221, 1220, 1222, -1,
          1221, 1222, 1223, -1,
          1224, 1221, 1223, -1,
          1225, 1224, 1223, -1,
          1225, 1223, 1226, -1,
          1225, 1226, 1227, -1,
          1228, 1225, 1227, -1,
          1057, 1229, 1230, -1,
          1054, 1230, 1231, -1,
          1054, 1057, 1230, -1,
          1053, 1231, 1232, -1,
          1053, 1054, 1231, -1,
          1050, 1232, 1233, -1,
          1050, 1053, 1232, -1,
          1048, 1233, 1234, -1,
          1048, 1050, 1233, -1,
          1046, 1048, 1234, -1,
          1044, 1234, 1235, -1,
          1044, 1046, 1234, -1,
          1042, 1235, 1236, -1,
          1042, 1044, 1235, -1,
          1040, 1236, 1237, -1,
          1040, 1237, 1238, -1,
          1040, 1042, 1236, -1,
          1038, 1238, 1239, -1,
          1038, 1040, 1238, -1,
          1036, 1038, 1239, -1,
          1034, 1239, 1240, -1,
          1034, 1240, 1241, -1,
          1034, 1036, 1239, -1,
          1032, 1034, 1241, -1,
          1030, 1241, 1242, -1,
          1030, 1242, 1243, -1,
          1030, 1032, 1241, -1,
          1028, 1243, 1244, -1,
          1028, 1030, 1243, -1,
          1026, 1028, 1244, -1,
          1024, 1026, 1244, -1,
          1024, 1244, 1245, -1,
          1020, 1024, 1245, -1,
          1020, 1245, 1246, -1,
          1020, 1246, 1247, -1,
          1023, 1020, 1247, -1,
          980, 985, 982, -1,
          978, 982, 986, -1,
          978, 980, 982, -1,
          977, 986, 988, -1,
          977, 978, 986, -1,
          974, 988, 990, -1,
          974, 977, 988, -1,
          973, 990, 992, -1,
          973, 974, 990, -1,
          970, 973, 992, -1,
          968, 992, 994, -1,
          968, 970, 992, -1,
          1248, 1249, 996, -1,
          1250, 994, 996, -1,
          1250, 996, 1249, -1,
          1251, 1248, 996, -1,
          1252, 994, 1250, -1,
          1253, 1251, 996, -1,
          1254, 994, 1252, -1,
          1255, 1253, 996, -1,
          1256, 1255, 996, -1,
          1257, 1256, 996, -1,
          1258, 1254, 1259, -1,
          1260, 1259, 1254, -1,
          1261, 994, 1254, -1,
          1261, 1254, 1258, -1,
          1262, 1260, 1254, -1,
          1263, 1262, 1254, -1,
          1264, 1257, 996, -1,
          1265, 968, 994, -1,
          1265, 994, 1261, -1,
          1266, 968, 1265, -1,
          1267, 968, 1266, -1,
          1268, 1264, 996, -1,
          1269, 1268, 996, -1,
          1270, 996, 998, -1,
          1270, 1269, 996, -1,
          1271, 1270, 998, -1,
          1272, 1271, 998, -1,
          1273, 1274, 1275, -1,
          1273, 1276, 1274, -1,
          1277, 1275, 1278, -1,
          1277, 1273, 1275, -1,
          1279, 1278, 1272, -1,
          1279, 1277, 1278, -1,
          1280, 1272, 998, -1,
          1280, 1279, 1272, -1,
          1281, 1280, 998, -1,
          1282, 1281, 998, -1,
          1283, 1282, 998, -1,
          1284, 1285, 1286, -1,
          1287, 1288, 1285, -1,
          1287, 1285, 1284, -1,
          1289, 1290, 1288, -1,
          1289, 1288, 1287, -1,
          1291, 1292, 1290, -1,
          1291, 1290, 1289, -1,
          1293, 1283, 998, -1,
          1294, 1295, 1292, -1,
          1294, 1292, 1291, -1,
          1296, 1295, 1294, -1,
          1297, 1293, 998, -1,
          1298, 1297, 998, -1,
          966, 1299, 1300, -1,
          966, 1267, 1299, -1,
          966, 1301, 1302, -1,
          966, 1303, 1301, -1,
          966, 968, 1267, -1,
          966, 1304, 1303, -1,
          966, 1305, 1304, -1,
          966, 1306, 1305, -1,
          966, 1307, 1306, -1,
          966, 1308, 1307, -1,
          966, 1300, 1308, -1,
          1309, 1298, 998, -1,
          1310, 1298, 1309, -1,
          1311, 1309, 998, -1,
          1312, 1311, 998, -1,
          1313, 998, 1000, -1,
          1313, 1312, 998, -1,
          1314, 1315, 1316, -1,
          1317, 1315, 1314, -1,
          1318, 1317, 1319, -1,
          1318, 1315, 1317, -1,
          1320, 1313, 1000, -1,
          1320, 1321, 1313, -1,
          1322, 1321, 1320, -1,
          1323, 1320, 1000, -1,
          1324, 1322, 1320, -1,
          1325, 1323, 1000, -1,
          1326, 1324, 1320, -1,
          1327, 1325, 1000, -1,
          1328, 1327, 1329, -1,
          1330, 1329, 1327, -1,
          1331, 1327, 1328, -1,
          1332, 1330, 1327, -1,
          1333, 1332, 1327, -1,
          1334, 1333, 1327, -1,
          1335, 1334, 1327, -1,
          1335, 1327, 1000, -1,
          1336, 1335, 1000, -1,
          964, 1302, 1295, -1,
          964, 1337, 1338, -1,
          964, 1296, 1337, -1,
          964, 1295, 1296, -1,
          964, 1338, 1339, -1,
          964, 1339, 1340, -1,
          964, 1340, 1315, -1,
          964, 966, 1302, -1,
          964, 1315, 1318, -1,
          1341, 1342, 1343, -1,
          1344, 1341, 1343, -1,
          1344, 1343, 1345, -1,
          1346, 1336, 1000, -1,
          1347, 1342, 1341, -1,
          1347, 1348, 1342, -1,
          1349, 1344, 1345, -1,
          1349, 1345, 1350, -1,
          1351, 1349, 1350, -1,
          1351, 1350, 1352, -1,
          1353, 1351, 1352, -1,
          1354, 1353, 1352, -1,
          1355, 1354, 1352, -1,
          1356, 1354, 1355, -1,
          1357, 1346, 1000, -1,
          1358, 1359, 1360, -1,
          1361, 1359, 1358, -1,
          1362, 1361, 1358, -1,
          1363, 1361, 1362, -1,
          1364, 1363, 1362, -1,
          1365, 1357, 1000, -1,
          1366, 1363, 1364, -1,
          1366, 1367, 1363, -1,
          1368, 1000, 1002, -1,
          1368, 1365, 1000, -1,
          1369, 1370, 1368, -1,
          1371, 1369, 1368, -1,
          1372, 1368, 1370, -1,
          1373, 1374, 1367, -1,
          1373, 1375, 1374, -1,
          1373, 1366, 1376, -1,
          1373, 1376, 1377, -1,
          1373, 1377, 1378, -1,
          1373, 1367, 1366, -1,
          1379, 1371, 1368, -1,
          1380, 1381, 1372, -1,
          1382, 1380, 1372, -1,
          1383, 1382, 1372, -1,
          1384, 1379, 1368, -1,
          1385, 1386, 1387, -1,
          1385, 1387, 1388, -1,
          1385, 1388, 1389, -1,
          1390, 1384, 1368, -1,
          1391, 1390, 1368, -1,
          1391, 1368, 1002, -1,
          1392, 1391, 1002, -1,
          1393, 1392, 1002, -1,
          1394, 1395, 1396, -1,
          1397, 1393, 1002, -1,
          1398, 1394, 1396, -1,
          1399, 1394, 1398, -1,
          1400, 1397, 1002, -1,
          1401, 1394, 1399, -1,
          1402, 1400, 1002, -1,
          1403, 1394, 1401, -1,
          1404, 1394, 1403, -1,
          1405, 1406, 1402, -1,
          1405, 1407, 1406, -1,
          1405, 1408, 1407, -1,
          1405, 1409, 1408, -1,
          1405, 1402, 1002, -1,
          1410, 1409, 1405, -1,
          1411, 1405, 1002, -1,
          1412, 1410, 1405, -1,
          1413, 1411, 1002, -1,
          962, 964, 1318, -1,
          962, 1318, 1414, -1,
          962, 1414, 1415, -1,
          962, 1373, 1416, -1,
          962, 1416, 1417, -1,
          962, 1417, 1394, -1,
          962, 1375, 1373, -1,
          1418, 1419, 1420, -1,
          1421, 1418, 1420, -1,
          1422, 1421, 1420, -1,
          1423, 1413, 1002, -1,
          1424, 1425, 1426, -1,
          1424, 1426, 1427, -1,
          1424, 1427, 1428, -1,
          1429, 1430, 1431, -1,
          1429, 1432, 1430, -1,
          1429, 1433, 1432, -1,
          1429, 1434, 1433, -1,
          1429, 1435, 1434, -1,
          1436, 1437, 1423, -1,
          1438, 1423, 1002, -1,
          1439, 1423, 1438, -1,
          1439, 1436, 1423, -1,
          1440, 1441, 1442, -1,
          1443, 1440, 1442, -1,
          1444, 1439, 1438, -1,
          1445, 1002, 1004, -1,
          1445, 1438, 1002, -1,
          1446, 1440, 1443, -1,
          1446, 1443, 1447, -1,
          1448, 1445, 1004, -1,
          1449, 1450, 1451, -1,
          1452, 1449, 1451, -1,
          1452, 1451, 1453, -1,
          1452, 1453, 1454, -1,
          1455, 1448, 1004, -1,
          1456, 1457, 1458, -1,
          1456, 1459, 1460, -1,
          1456, 1460, 1457, -1,
          1006, 1458, 1455, -1,
          1006, 1455, 1004, -1,
          960, 1435, 1429, -1,
          960, 1461, 1462, -1,
          960, 1404, 1461, -1,
          960, 1440, 1446, -1,
          960, 1394, 1404, -1,
          960, 962, 1394, -1,
          960, 1463, 1435, -1,
          960, 1464, 1463, -1,
          960, 1465, 1464, -1,
          960, 1462, 1465, -1,
          960, 1429, 1466, -1,
          960, 1466, 1467, -1,
          960, 1467, 1440, -1,
          960, 1446, 1468, -1,
          960, 1468, 1469, -1,
          960, 1469, 1449, -1,
          958, 960, 1449, -1,
          958, 1449, 1452, -1,
          958, 1456, 1458, -1,
          958, 1452, 1470, -1,
          958, 1470, 1471, -1,
          958, 1471, 1456, -1,
          956, 958, 1458, -1,
          956, 1458, 1006, -1,
          954, 1006, 1008, -1,
          954, 956, 1006, -1,
          952, 954, 1008, -1,
          952, 1008, 1010, -1,
          950, 1010, 1012, -1,
          950, 952, 1010, -1,
          948, 950, 1012, -1,
          948, 1012, 1014, -1,
          948, 1014, 1016, -1,
          944, 948, 1016, -1,
          947, 1016, 1018, -1,
          947, 944, 1016, -1,
          1472, 1327, 1473, -1,
          1473, 1327, 1331, -1,
          1472, 1473, 1474, -1,
          1472, 1474, 1348, -1,
          1472, 1348, 1475, -1,
          1475, 1348, 1476, -1,
          1476, 1348, 1347, -1,
          1254, 1477, 1478, -1,
          1254, 1478, 1479, -1,
          1254, 1479, 1480, -1,
          1254, 1480, 1263, -1,
          1415, 1375, 962, -1,
          1394, 1386, 1385, -1,
          1394, 1385, 1481, -1,
          1394, 1481, 1482, -1,
          1394, 1482, 1395, -1,
          1428, 1429, 1424, -1,
          1424, 1429, 1431, -1,
          1405, 1422, 1420, -1,
          1405, 1420, 1483, -1,
          1405, 1483, 1484, -1,
          1405, 1484, 1412, -1,
          1381, 1368, 1372, -1,
          1485, 1486, 1487, -1,
          1485, 1487, 1488, -1,
          1489, 1486, 1485, -1,
          1490, 1486, 1489, -1,
          1491, 1490, 1489, -1,
          1492, 1490, 1491, -1,
          1493, 1492, 1491, -1,
          1494, 1493, 1491, -1,
          1495, 1496, 1497, -1,
          1495, 1497, 1498, -1,
          1499, 1498, 1500, -1,
          1499, 1495, 1498, -1,
          1501, 1500, 1502, -1,
          1501, 1502, 1503, -1,
          1501, 1499, 1500, -1,
          1491, 1501, 1503, -1,
          1491, 1503, 1504, -1,
          1491, 1504, 1505, -1,
          1491, 1505, 1494, -1,
          1506, 1507, 1508, -1,
          1506, 1508, 1509, -1,
          1510, 1511, 1507, -1,
          1510, 1507, 1506, -1,
          1512, 1513, 1511, -1,
          1512, 1511, 1510, -1,
          1514, 1513, 1512, -1,
          1515, 1516, 1513, -1,
          1515, 1513, 1514, -1,
          1517, 1518, 1516, -1,
          1517, 1516, 1515, -1,
          1519, 1520, 1518, -1,
          1519, 1518, 1517, -1,
          1521, 1522, 1520, -1,
          1521, 1520, 1519, -1,
          1523, 1522, 1521, -1,
          1524, 1525, 1522, -1,
          1524, 1522, 1523, -1,
          1526, 1527, 1528, -1,
          1526, 1528, 1525, -1,
          1526, 1525, 1524, -1,
          1529, 1530, 1527, -1,
          1529, 1527, 1526, -1,
          1531, 1532, 1530, -1,
          1531, 1530, 1529, -1,
          1533, 1534, 1532, -1,
          1533, 1532, 1531, -1,
          1535, 1536, 1537, -1,
          1535, 1537, 1534, -1,
          1535, 1534, 1533, -1,
          1538, 1539, 1536, -1,
          1538, 1536, 1535, -1,
          1540, 1539, 1538, -1,
          1540, 1541, 1539, -1,
          1542, 1541, 1540, -1,
          1542, 1543, 1541, -1,
          1544, 1545, 1546, -1,
          1547, 1544, 1546, -1,
          1548, 1544, 1547, -1,
          1549, 1550, 1548, -1,
          1549, 1548, 1547, -1,
          1551, 1550, 1549, -1,
          1552, 1550, 1551, -1,
          1553, 1552, 1551, -1,
          1554, 1552, 1553, -1,
          1555, 1554, 1553, -1,
          1556, 1557, 1558, -1,
          1559, 1560, 1561, -1,
          1559, 1561, 1556, -1,
          1559, 1556, 1558, -1,
          1562, 1560, 1559, -1,
          1563, 1560, 1562, -1,
          1564, 1563, 1562, -1,
          1565, 1563, 1564, -1,
          1566, 1565, 1564, -1,
          1567, 1565, 1566, -1,
          1568, 1569, 1567, -1,
          1568, 1567, 1566, -1,
          1570, 1569, 1568, -1,
          1571, 1572, 1570, -1,
          1573, 1571, 1570, -1,
          1574, 1570, 1568, -1,
          1574, 1573, 1570, -1,
          1575, 1558, 1557, -1,
          1576, 1577, 1578, -1,
          1576, 1578, 1579, -1,
          1576, 1579, 1580, -1,
          1581, 1577, 1576, -1,
          1581, 1582, 1583, -1,
          1581, 1583, 1577, -1,
          1584, 1582, 1581, -1,
          1584, 1585, 1582, -1,
          1586, 1585, 1584, -1,
          1587, 1588, 1589, -1,
          1590, 1587, 1589, -1,
          1590, 1589, 1591, -1,
          1592, 1588, 1587, -1,
          1592, 1593, 1588, -1,
          1594, 1585, 1586, -1,
          1594, 1590, 1591, -1,
          1594, 1591, 1585, -1,
          1595, 1594, 1586, -1,
          1596, 1593, 1592, -1,
          1596, 1597, 1593, -1,
          1598, 1594, 1595, -1,
          1599, 1600, 1597, -1,
          1601, 1597, 1596, -1,
          1602, 1603, 1604, -1,
          1602, 1604, 1605, -1,
          1602, 1605, 1606, -1,
          1607, 1608, 1598, -1,
          1607, 1598, 1595, -1,
          1609, 1599, 1597, -1,
          1609, 1597, 1601, -1,
          1610, 1609, 1601, -1,
          1611, 1612, 1608, -1,
          1611, 1608, 1607, -1,
          1613, 1614, 1612, -1,
          1613, 1612, 1611, -1,
          1615, 1616, 1614, -1,
          1615, 1614, 1613, -1,
          1617, 1618, 1616, -1,
          1617, 1616, 1615, -1,
          1619, 1620, 1621, -1,
          1622, 1621, 1623, -1,
          1622, 1623, 1624, -1,
          1622, 1619, 1621, -1,
          1625, 1624, 1626, -1,
          1625, 1626, 1603, -1,
          1625, 1622, 1624, -1,
          1627, 1628, 1620, -1,
          1627, 1620, 1619, -1,
          1629, 1625, 1603, -1,
          1629, 1602, 1630, -1,
          1629, 1603, 1602, -1,
          1631, 1618, 1617, -1,
          1631, 1632, 1618, -1,
          1633, 1628, 1627, -1,
          1634, 1629, 1630, -1,
          1635, 1636, 1628, -1,
          1635, 1628, 1633, -1,
          1637, 1630, 1638, -1,
          1637, 1638, 1639, -1,
          1637, 1634, 1630, -1,
          1640, 1632, 1631, -1,
          1640, 1641, 1642, -1,
          1640, 1642, 1632, -1,
          1643, 1644, 1636, -1,
          1643, 1636, 1635, -1,
          1645, 1641, 1640, -1,
          1646, 1647, 1641, -1,
          1646, 1641, 1645, -1,
          1648, 1649, 1644, -1,
          1648, 1644, 1643, -1,
          1650, 1651, 1647, -1,
          1650, 1647, 1646, -1,
          1652, 1653, 1651, -1,
          1652, 1651, 1650, -1,
          1654, 1655, 1656, -1,
          1654, 1656, 1649, -1,
          1654, 1649, 1648, -1,
          1657, 1653, 1652, -1,
          1657, 1658, 1653, -1,
          1659, 1660, 1661, -1,
          1659, 1661, 1662, -1,
          1663, 1662, 1658, -1,
          1663, 1658, 1657, -1,
          1663, 1659, 1662, -1,
          1664, 1665, 1660, -1,
          1664, 1660, 1659, -1,
          1666, 1665, 1664, -1,
          1667, 1668, 1655, -1,
          1667, 1655, 1654, -1,
          1669, 1670, 1665, -1,
          1669, 1665, 1666, -1,
          1671, 1668, 1667, -1,
          1672, 1668, 1671, -1,
          1673, 1670, 1669, -1,
          1673, 1674, 1675, -1,
          1673, 1675, 1670, -1,
          1676, 1674, 1673, -1,
          1676, 1677, 1674, -1,
          1678, 1679, 1680, -1,
          1681, 1682, 1677, -1,
          1681, 1677, 1676, -1,
          1683, 1678, 1680, -1,
          1684, 1685, 1686, -1,
          1687, 1680, 1688, -1,
          1687, 1683, 1680, -1,
          1689, 1688, 1690, -1,
          1689, 1687, 1688, -1,
          1691, 1684, 1686, -1,
          1692, 1693, 1694, -1,
          1695, 1694, 1696, -1,
          1695, 1696, 1697, -1,
          1695, 1692, 1694, -1,
          1698, 1697, 1668, -1,
          1698, 1695, 1697, -1,
          1698, 1668, 1672, -1,
          1699, 1700, 1693, -1,
          1699, 1693, 1692, -1,
          1701, 1702, 1682, -1,
          1701, 1682, 1681, -1,
          1703, 1698, 1672, -1,
          1703, 1672, 1704, -1,
          1705, 1706, 1700, -1,
          1705, 1700, 1699, -1,
          1707, 1702, 1701, -1,
          1708, 1706, 1705, -1,
          1709, 1703, 1704, -1,
          1709, 1704, 1710, -1,
          1711, 1702, 1707, -1,
          1712, 1711, 1707, -1,
          1713, 1710, 1714, -1,
          1713, 1709, 1710, -1,
          1715, 1716, 1706, -1,
          1715, 1706, 1708, -1,
          1717, 1711, 1712, -1,
          1718, 1684, 1691, -1,
          1718, 1719, 1720, -1,
          1718, 1720, 1684, -1,
          1718, 1691, 1716, -1,
          1721, 1716, 1715, -1,
          1722, 1718, 1716, -1,
          1722, 1716, 1721, -1,
          1723, 1719, 1718, -1,
          1723, 1724, 1719, -1,
          1725, 1718, 1722, -1,
          1726, 1724, 1723, -1,
          1726, 1727, 1728, -1,
          1726, 1728, 1724, -1,
          1729, 1718, 1725, -1,
          1729, 1730, 1718, -1,
          1731, 1727, 1726, -1,
          1731, 1732, 1727, -1,
          1733, 1730, 1729, -1,
          1733, 1734, 1730, -1,
          1735, 1732, 1731, -1,
          1735, 1712, 1732, -1,
          1736, 1734, 1733, -1,
          1736, 1737, 1734, -1,
          1738, 1717, 1712, -1,
          1738, 1712, 1735, -1,
          1739, 1737, 1736, -1,
          1740, 1741, 1717, -1,
          1740, 1717, 1738, -1,
          1742, 1737, 1739, -1,
          1743, 1742, 1739, -1,
          1744, 1745, 1746, -1,
          1747, 1748, 1741, -1,
          1747, 1741, 1740, -1,
          1749, 1744, 1746, -1,
          1750, 1746, 1748, -1,
          1750, 1748, 1747, -1,
          1750, 1749, 1746, -1,
          1751, 1742, 1743, -1,
          1752, 1751, 1743, -1,
          1752, 1743, 1753, -1,
          1754, 1755, 1756, -1,
          1754, 1756, 1752, -1,
          1754, 1752, 1753, -1,
          1754, 1753, 1757, -1,
          1758, 1757, 1759, -1,
          1760, 1757, 1758, -1,
          1760, 1754, 1757, -1,
          1761, 1762, 1763, -1,
          1761, 1764, 1765, -1,
          1761, 1765, 1762, -1,
          1766, 1763, 1767, -1,
          1766, 1761, 1763, -1,
          1768, 1760, 1758, -1,
          1769, 1766, 1767, -1,
          1770, 1769, 1767, -1,
          1771, 1769, 1770, -1,
          1772, 1768, 1758, -1,
          1772, 1758, 1764, -1,
          1773, 1771, 1774, -1,
          1773, 1775, 1769, -1,
          1773, 1769, 1771, -1,
          1776, 1773, 1774, -1,
          1776, 1774, 1777, -1,
          1778, 1776, 1777, -1,
          1778, 1777, 1779, -1,
          1639, 1758, 1713, -1,
          1713, 1758, 1759, -1,
          1639, 1713, 1714, -1,
          1639, 1714, 1637, -1,
          1758, 1679, 1678, -1,
          1758, 1678, 1765, -1,
          1758, 1765, 1764, -1,
          1690, 1770, 1689, -1,
          1689, 1770, 1767, -1,
          1777, 1780, 1781, -1,
          1777, 1781, 1782, -1,
          1777, 1782, 1779, -1,
          1783, 1784, 1785, -1,
          1786, 1787, 1784, -1,
          1786, 1784, 1783, -1,
          1788, 1789, 1787, -1,
          1788, 1787, 1786, -1,
          1790, 1789, 1788, -1,
          1791, 1789, 1790, -1,
          1792, 1791, 1790, -1,
          1793, 1791, 1792, -1,
          1794, 1791, 1793, -1,
          1577, 1256, 1257, -1,
          1583, 1255, 1256, -1,
          1583, 1256, 1577, -1,
          1578, 1257, 1264, -1,
          1578, 1577, 1257, -1,
          1582, 1253, 1255, -1,
          1582, 1255, 1583, -1,
          1579, 1264, 1268, -1,
          1579, 1578, 1264, -1,
          1585, 1253, 1582, -1,
          1585, 1251, 1253, -1,
          1580, 1268, 1269, -1,
          1580, 1269, 1270, -1,
          1580, 1579, 1268, -1,
          1591, 1251, 1585, -1,
          1591, 1248, 1251, -1,
          1576, 1580, 1270, -1,
          1576, 1270, 1271, -1,
          1589, 1248, 1591, -1,
          1589, 1249, 1248, -1,
          1588, 1249, 1589, -1,
          1272, 1576, 1271, -1,
          1250, 1249, 1588, -1,
          1581, 1576, 1272, -1,
          1593, 1250, 1588, -1,
          1252, 1250, 1593, -1,
          1278, 1584, 1581, -1,
          1278, 1581, 1272, -1,
          1597, 1252, 1593, -1,
          1275, 1584, 1278, -1,
          1275, 1586, 1584, -1,
          1600, 1252, 1597, -1,
          1595, 1586, 1275, -1,
          1598, 1590, 1594, -1,
          1605, 1279, 1280, -1,
          1605, 1280, 1281, -1,
          1604, 1277, 1279, -1,
          1604, 1279, 1605, -1,
          1254, 1600, 1599, -1,
          1254, 1252, 1600, -1,
          1608, 1587, 1590, -1,
          1608, 1592, 1587, -1,
          1608, 1590, 1598, -1,
          1274, 1595, 1275, -1,
          1606, 1281, 1282, -1,
          1606, 1605, 1281, -1,
          1603, 1277, 1604, -1,
          1603, 1273, 1277, -1,
          1787, 1601, 1596, -1,
          1784, 1787, 1596, -1,
          1626, 1273, 1603, -1,
          1607, 1595, 1274, -1,
          1785, 1784, 1596, -1,
          1785, 1596, 1592, -1,
          1785, 1592, 1608, -1,
          1602, 1606, 1282, -1,
          1602, 1282, 1283, -1,
          1612, 1785, 1608, -1,
          1789, 1601, 1787, -1,
          1624, 1273, 1626, -1,
          1783, 1785, 1612, -1,
          1610, 1601, 1789, -1,
          1614, 1783, 1612, -1,
          1791, 1610, 1789, -1,
          1786, 1783, 1614, -1,
          1611, 1607, 1276, -1,
          1630, 1602, 1283, -1,
          1630, 1283, 1293, -1,
          1477, 1609, 1610, -1,
          1621, 1611, 1276, -1,
          1621, 1276, 1623, -1,
          1616, 1786, 1614, -1,
          1616, 1788, 1786, -1,
          1794, 1477, 1610, -1,
          1794, 1610, 1791, -1,
          1618, 1788, 1616, -1,
          1618, 1790, 1788, -1,
          1618, 1792, 1790, -1,
          1638, 1293, 1297, -1,
          1638, 1630, 1293, -1,
          1620, 1611, 1621, -1,
          1620, 1613, 1611, -1,
          1647, 1479, 1478, -1,
          1647, 1478, 1477, -1,
          1632, 1792, 1618, -1,
          1632, 1793, 1792, -1,
          1651, 1263, 1480, -1,
          1651, 1480, 1479, -1,
          1651, 1479, 1647, -1,
          1642, 1793, 1632, -1,
          1641, 1793, 1642, -1,
          1641, 1477, 1794, -1,
          1641, 1794, 1793, -1,
          1641, 1647, 1477, -1,
          1653, 1262, 1263, -1,
          1653, 1263, 1651, -1,
          1639, 1297, 1298, -1,
          1639, 1638, 1297, -1,
          1658, 1262, 1653, -1,
          1658, 1260, 1262, -1,
          1628, 1615, 1613, -1,
          1628, 1613, 1620, -1,
          1617, 1615, 1628, -1,
          1662, 1260, 1658, -1,
          1662, 1259, 1260, -1,
          1636, 1617, 1628, -1,
          1661, 1259, 1662, -1,
          1258, 1259, 1661, -1,
          1631, 1617, 1636, -1,
          1660, 1258, 1661, -1,
          1644, 1631, 1636, -1,
          1261, 1258, 1660, -1,
          1575, 1631, 1644, -1,
          1679, 1309, 1311, -1,
          1640, 1631, 1575, -1,
          1665, 1261, 1660, -1,
          1557, 1640, 1575, -1,
          1649, 1575, 1644, -1,
          1680, 1311, 1312, -1,
          1680, 1679, 1311, -1,
          1556, 1645, 1640, -1,
          1556, 1640, 1557, -1,
          1688, 1680, 1312, -1,
          1670, 1261, 1665, -1,
          1561, 1646, 1645, -1,
          1561, 1645, 1556, -1,
          1265, 1261, 1670, -1,
          1690, 1312, 1313, -1,
          1690, 1688, 1312, -1,
          1560, 1650, 1646, -1,
          1560, 1646, 1561, -1,
          1675, 1265, 1670, -1,
          1563, 1652, 1650, -1,
          1563, 1650, 1560, -1,
          1266, 1265, 1675, -1,
          1674, 1266, 1675, -1,
          1565, 1652, 1563, -1,
          1668, 1559, 1655, -1,
          1697, 1559, 1668, -1,
          1697, 1562, 1559, -1,
          1696, 1562, 1697, -1,
          1696, 1564, 1562, -1,
          1567, 1657, 1652, -1,
          1567, 1652, 1565, -1,
          1569, 1657, 1567, -1,
          1569, 1663, 1657, -1,
          1545, 1659, 1663, -1,
          1572, 1545, 1663, -1,
          1570, 1663, 1569, -1,
          1570, 1572, 1663, -1,
          1694, 1564, 1696, -1,
          1677, 1266, 1674, -1,
          1677, 1267, 1266, -1,
          1544, 1666, 1664, -1,
          1544, 1669, 1666, -1,
          1548, 1673, 1669, -1,
          1548, 1669, 1544, -1,
          1571, 1545, 1572, -1,
          1693, 1566, 1564, -1,
          1693, 1564, 1694, -1,
          1550, 1673, 1548, -1,
          1682, 1267, 1677, -1,
          1682, 1299, 1267, -1,
          1676, 1673, 1550, -1,
          1700, 1568, 1566, -1,
          1700, 1566, 1693, -1,
          1685, 1545, 1571, -1,
          1685, 1546, 1545, -1,
          1547, 1546, 1685, -1,
          1552, 1676, 1550, -1,
          1681, 1676, 1552, -1,
          1686, 1571, 1573, -1,
          1686, 1685, 1571, -1,
          1706, 1574, 1568, -1,
          1706, 1568, 1700, -1,
          1554, 1681, 1552, -1,
          1684, 1547, 1685, -1,
          1684, 1549, 1547, -1,
          1702, 1299, 1682, -1,
          1300, 1299, 1702, -1,
          1691, 1573, 1574, -1,
          1691, 1686, 1573, -1,
          1701, 1554, 1555, -1,
          1701, 1681, 1554, -1,
          1720, 1549, 1684, -1,
          1720, 1551, 1549, -1,
          1716, 1574, 1706, -1,
          1716, 1691, 1574, -1,
          1707, 1701, 1555, -1,
          1780, 1320, 1323, -1,
          1711, 1300, 1702, -1,
          1719, 1551, 1720, -1,
          1719, 1553, 1551, -1,
          1712, 1707, 1555, -1,
          1308, 1300, 1711, -1,
          1724, 1553, 1719, -1,
          1732, 1712, 1555, -1,
          1728, 1553, 1724, -1,
          1728, 1555, 1553, -1,
          1781, 1780, 1323, -1,
          1727, 1732, 1555, -1,
          1727, 1555, 1728, -1,
          1717, 1308, 1711, -1,
          1782, 1781, 1323, -1,
          1782, 1323, 1325, -1,
          1307, 1308, 1717, -1,
          1779, 1325, 1327, -1,
          1779, 1782, 1325, -1,
          1741, 1307, 1717, -1,
          1730, 1723, 1718, -1,
          1306, 1307, 1741, -1,
          1748, 1306, 1741, -1,
          1726, 1723, 1730, -1,
          1346, 1334, 1335, -1,
          1346, 1335, 1336, -1,
          1734, 1726, 1730, -1,
          1305, 1306, 1748, -1,
          1746, 1305, 1748, -1,
          1286, 1731, 1726, -1,
          1286, 1726, 1734, -1,
          1737, 1286, 1734, -1,
          1357, 1334, 1346, -1,
          1284, 1286, 1737, -1,
          1304, 1746, 1745, -1,
          1304, 1305, 1746, -1,
          1742, 1287, 1284, -1,
          1742, 1284, 1737, -1,
          1288, 1738, 1735, -1,
          1288, 1740, 1738, -1,
          1288, 1735, 1285, -1,
          1303, 1304, 1745, -1,
          1290, 1740, 1288, -1,
          1290, 1747, 1740, -1,
          1751, 1287, 1742, -1,
          1289, 1287, 1751, -1,
          1301, 1303, 1745, -1,
          1301, 1745, 1744, -1,
          1292, 1750, 1747, -1,
          1292, 1747, 1290, -1,
          1302, 1301, 1744, -1,
          1302, 1744, 1749, -1,
          1295, 1302, 1749, -1,
          1295, 1750, 1292, -1,
          1295, 1749, 1750, -1,
          1752, 1289, 1751, -1,
          1291, 1289, 1752, -1,
          1756, 1291, 1752, -1,
          1294, 1291, 1756, -1,
          1486, 1329, 1330, -1,
          1490, 1329, 1486, -1,
          1490, 1328, 1329, -1,
          1487, 1330, 1332, -1,
          1487, 1486, 1330, -1,
          1488, 1332, 1333, -1,
          1488, 1487, 1332, -1,
          1755, 1294, 1756, -1,
          1492, 1331, 1328, -1,
          1492, 1328, 1490, -1,
          1296, 1294, 1755, -1,
          1485, 1333, 1334, -1,
          1485, 1488, 1333, -1,
          1485, 1334, 1357, -1,
          1493, 1473, 1331, -1,
          1493, 1331, 1492, -1,
          1337, 1296, 1755, -1,
          1489, 1485, 1357, -1,
          1494, 1474, 1473, -1,
          1494, 1473, 1493, -1,
          1338, 1755, 1754, -1,
          1338, 1337, 1755, -1,
          1491, 1357, 1365, -1,
          1491, 1489, 1357, -1,
          1505, 1348, 1474, -1,
          1505, 1474, 1494, -1,
          1504, 1348, 1505, -1,
          1400, 1391, 1392, -1,
          1400, 1392, 1393, -1,
          1400, 1393, 1397, -1,
          1503, 1348, 1504, -1,
          1503, 1342, 1348, -1,
          1339, 1338, 1754, -1,
          1339, 1754, 1760, -1,
          1502, 1342, 1503, -1,
          1502, 1343, 1342, -1,
          1316, 1764, 1761, -1,
          1402, 1390, 1391, -1,
          1402, 1391, 1400, -1,
          1314, 1316, 1761, -1,
          1500, 1343, 1502, -1,
          1500, 1345, 1343, -1,
          1498, 1350, 1345, -1,
          1498, 1345, 1500, -1,
          1317, 1314, 1761, -1,
          1317, 1761, 1766, -1,
          1340, 1760, 1768, -1,
          1340, 1339, 1760, -1,
          1497, 1350, 1498, -1,
          1406, 1390, 1402, -1,
          1406, 1384, 1390, -1,
          1352, 1350, 1497, -1,
          1319, 1317, 1766, -1,
          1319, 1766, 1769, -1,
          1772, 1340, 1768, -1,
          1771, 1321, 1322, -1,
          1771, 1770, 1321, -1,
          1324, 1771, 1322, -1,
          1355, 1497, 1496, -1,
          1355, 1496, 1495, -1,
          1355, 1352, 1497, -1,
          1353, 1354, 1356, -1,
          1499, 1355, 1495, -1,
          1508, 1507, 1371, -1,
          1508, 1371, 1379, -1,
          1511, 1371, 1507, -1,
          1511, 1369, 1371, -1,
          1509, 1379, 1384, -1,
          1509, 1406, 1407, -1,
          1509, 1384, 1406, -1,
          1509, 1508, 1379, -1,
          1315, 1340, 1772, -1,
          1774, 1324, 1326, -1,
          1774, 1771, 1324, -1,
          1513, 1369, 1511, -1,
          1506, 1509, 1407, -1,
          1516, 1369, 1513, -1,
          1516, 1370, 1369, -1,
          1408, 1506, 1407, -1,
          1408, 1510, 1506, -1,
          1777, 1774, 1326, -1,
          1518, 1370, 1516, -1,
          1520, 1372, 1370, -1,
          1520, 1370, 1518, -1,
          1409, 1510, 1408, -1,
          1409, 1512, 1510, -1,
          1364, 1344, 1349, -1,
          1364, 1349, 1351, -1,
          1364, 1351, 1353, -1,
          1364, 1353, 1356, -1,
          1362, 1341, 1344, -1,
          1362, 1344, 1364, -1,
          1366, 1364, 1356, -1,
          1386, 1501, 1381, -1,
          1386, 1499, 1501, -1,
          1387, 1381, 1380, -1,
          1387, 1386, 1381, -1,
          1388, 1380, 1382, -1,
          1388, 1387, 1380, -1,
          1389, 1382, 1383, -1,
          1389, 1388, 1382, -1,
          1358, 1347, 1341, -1,
          1358, 1341, 1362, -1,
          1522, 1383, 1372, -1,
          1522, 1372, 1520, -1,
          1376, 1356, 1355, -1,
          1376, 1355, 1499, -1,
          1376, 1366, 1356, -1,
          1410, 1512, 1409, -1,
          1410, 1514, 1512, -1,
          1410, 1515, 1514, -1,
          1360, 1347, 1358, -1,
          1377, 1376, 1499, -1,
          1359, 1476, 1347, -1,
          1359, 1347, 1360, -1,
          1525, 1385, 1389, -1,
          1525, 1389, 1383, -1,
          1525, 1383, 1522, -1,
          1412, 1515, 1410, -1,
          1412, 1517, 1515, -1,
          1412, 1519, 1517, -1,
          1776, 1414, 1773, -1,
          1361, 1476, 1359, -1,
          1528, 1385, 1525, -1,
          1528, 1481, 1385, -1,
          1484, 1519, 1412, -1,
          1484, 1521, 1519, -1,
          1363, 1475, 1476, -1,
          1363, 1476, 1361, -1,
          1527, 1481, 1528, -1,
          1415, 1414, 1776, -1,
          1415, 1778, 1472, -1,
          1415, 1776, 1778, -1,
          1483, 1521, 1484, -1,
          1483, 1523, 1521, -1,
          1530, 1482, 1481, -1,
          1530, 1481, 1527, -1,
          1367, 1472, 1475, -1,
          1367, 1475, 1363, -1,
          1420, 1523, 1483, -1,
          1420, 1524, 1523, -1,
          1532, 1395, 1482, -1,
          1532, 1482, 1530, -1,
          1450, 1438, 1445, -1,
          1374, 1472, 1367, -1,
          1451, 1450, 1445, -1,
          1419, 1524, 1420, -1,
          1425, 1526, 1524, -1,
          1425, 1419, 1418, -1,
          1425, 1524, 1419, -1,
          1426, 1418, 1421, -1,
          1426, 1425, 1418, -1,
          1427, 1421, 1422, -1,
          1427, 1426, 1421, -1,
          1428, 1427, 1422, -1,
          1375, 1415, 1472, -1,
          1375, 1472, 1374, -1,
          1534, 1395, 1532, -1,
          1453, 1451, 1445, -1,
          1537, 1395, 1534, -1,
          1537, 1396, 1395, -1,
          1454, 1445, 1448, -1,
          1454, 1453, 1445, -1,
          1536, 1396, 1537, -1,
          1539, 1396, 1536, -1,
          1539, 1398, 1396, -1,
          1424, 1529, 1526, -1,
          1424, 1531, 1529, -1,
          1424, 1526, 1425, -1,
          1541, 1398, 1539, -1,
          1399, 1398, 1541, -1,
          1459, 1454, 1448, -1,
          1543, 1399, 1541, -1,
          1441, 1428, 1422, -1,
          1460, 1459, 1448, -1,
          1460, 1448, 1455, -1,
          1401, 1399, 1543, -1,
          1442, 1441, 1422, -1,
          1442, 1436, 1439, -1,
          1457, 1460, 1455, -1,
          1431, 1533, 1531, -1,
          1431, 1535, 1533, -1,
          1431, 1531, 1424, -1,
          1458, 1457, 1455, -1,
          1443, 1442, 1439, -1,
          1447, 1443, 1439, -1,
          1447, 1439, 1444, -1,
          1430, 1538, 1535, -1,
          1430, 1540, 1538, -1,
          1430, 1535, 1431, -1,
          1432, 1542, 1540, -1,
          1432, 1540, 1430, -1,
          1433, 1543, 1542, -1,
          1433, 1542, 1432, -1,
          1434, 1403, 1401, -1,
          1434, 1401, 1543, -1,
          1434, 1543, 1433, -1,
          1465, 1462, 1461, -1,
          1435, 1404, 1403, -1,
          1435, 1403, 1434, -1,
          1464, 1465, 1461, -1,
          1463, 1461, 1404, -1,
          1463, 1404, 1435, -1,
          1463, 1464, 1461, -1,
          1468, 1446, 1447, -1,
          1469, 1468, 1447, -1,
          1449, 1469, 1447, -1,
          1327, 1472, 1779, -1,
          1779, 1472, 1778, -1,
          1368, 1381, 1365, -1,
          1365, 1381, 1491, -1,
          1491, 1381, 1501, -1,
          1422, 1405, 1411, -1,
          1422, 1411, 1413, -1,
          1422, 1413, 1423, -1,
          1422, 1423, 1437, -1,
          1422, 1437, 1436, -1,
          1422, 1436, 1442, -1,
          1444, 1438, 1450, -1,
          1444, 1450, 1447, -1,
          1447, 1450, 1449, -1,
          1459, 1456, 1471, -1,
          1459, 1471, 1470, -1,
          1459, 1470, 1452, -1,
          1459, 1452, 1454, -1,
          1429, 1428, 1466, -1,
          1466, 1428, 1467, -1,
          1467, 1428, 1440, -1,
          1440, 1428, 1441, -1,
          1386, 1394, 1417, -1,
          1386, 1417, 1416, -1,
          1386, 1416, 1373, -1,
          1386, 1373, 1378, -1,
          1386, 1378, 1377, -1,
          1386, 1377, 1499, -1,
          1318, 1319, 1775, -1,
          1316, 1315, 1772, -1,
          1286, 1285, 1731, -1,
          1731, 1285, 1735, -1,
          1477, 1254, 1609, -1,
          1609, 1254, 1599, -1,
          1274, 1276, 1607, -1,
          1276, 1273, 1623, -1,
          1623, 1273, 1624, -1,
          1298, 1310, 1639, -1,
          1310, 1309, 1758, -1,
          1758, 1309, 1679, -1,
          1313, 1321, 1690, -1,
          1326, 1320, 1780, -1,
          1326, 1780, 1777, -1,
          1545, 1544, 1664, -1,
          1545, 1664, 1659, -1,
          1558, 1575, 1649, -1,
          1558, 1649, 1656, -1,
          1559, 1558, 1656, -1,
          1559, 1656, 1655, -1,
          1772, 1764, 1316, -1,
          1769, 1775, 1319, -1,
          1775, 1773, 1318, -1,
          1318, 1773, 1414, -1,
          1770, 1690, 1321, -1,
          1758, 1639, 1310, -1,
          1795, 1796, 1797, -1,
          1798, 1795, 1797, -1,
          1799, 1795, 1798, -1,
          1800, 1795, 1799, -1,
          1801, 1800, 1799, -1,
          1802, 1803, 1804, -1,
          1805, 1804, 1806, -1,
          1805, 1802, 1804, -1,
          1807, 1806, 1808, -1,
          1807, 1808, 1809, -1,
          1807, 1809, 1810, -1,
          1807, 1805, 1806, -1,
          1799, 1807, 1801, -1,
          1801, 1807, 1811, -1,
          1811, 1807, 1810, -1,
          1703, 1692, 1695, -1,
          1703, 1695, 1698, -1,
          1709, 1692, 1703, -1,
          1699, 1709, 1713, -1,
          1699, 1692, 1709, -1,
          1796, 1705, 1699, -1,
          1795, 1705, 1796, -1,
          1797, 1796, 1699, -1,
          1798, 1797, 1699, -1,
          1799, 1699, 1713, -1,
          1799, 1798, 1699, -1,
          1800, 1705, 1795, -1,
          1708, 1705, 1800, -1,
          1801, 1708, 1800, -1,
          1715, 1708, 1801, -1,
          1811, 1721, 1715, -1,
          1811, 1715, 1801, -1,
          1722, 1721, 1811, -1,
          1810, 1722, 1811, -1,
          1725, 1722, 1810, -1,
          1809, 1725, 1810, -1,
          1808, 1725, 1809, -1,
          1729, 1808, 1806, -1,
          1729, 1725, 1808, -1,
          1804, 1729, 1806, -1,
          1803, 1729, 1804, -1,
          1733, 1803, 1802, -1,
          1733, 1802, 1805, -1,
          1733, 1805, 1807, -1,
          1733, 1729, 1803, -1,
          1753, 1743, 1739, -1,
          1753, 1739, 1736, -1,
          1757, 1753, 1736, -1,
          1757, 1736, 1733, -1,
          1759, 1757, 1733, -1,
          1759, 1733, 1807, -1,
          1713, 1759, 1807, -1,
          1713, 1807, 1799, -1,
          1812, 1813, 1814, -1,
          1815, 1812, 1814, -1,
          1816, 1812, 1815, -1,
          1817, 1812, 1816, -1,
          1818, 1817, 1816, -1,
          1819, 1820, 1821, -1,
          1822, 1819, 1821, -1,
          1823, 1821, 1824, -1,
          1823, 1824, 1825, -1,
          1823, 1822, 1821, -1,
          1816, 1823, 1825, -1,
          1816, 1825, 1826, -1,
          1816, 1826, 1818, -1,
          1629, 1619, 1622, -1,
          1629, 1622, 1625, -1,
          1634, 1619, 1629, -1,
          1637, 1619, 1634, -1,
          1627, 1619, 1637, -1,
          1812, 1627, 1813, -1,
          1814, 1813, 1627, -1,
          1633, 1627, 1812, -1,
          1815, 1814, 1627, -1,
          1816, 1627, 1637, -1,
          1816, 1815, 1627, -1,
          1817, 1633, 1812, -1,
          1818, 1635, 1633, -1,
          1818, 1633, 1817, -1,
          1826, 1643, 1635, -1,
          1826, 1635, 1818, -1,
          1825, 1643, 1826, -1,
          1648, 1643, 1825, -1,
          1824, 1648, 1825, -1,
          1654, 1824, 1821, -1,
          1654, 1648, 1824, -1,
          1820, 1654, 1821, -1,
          1819, 1654, 1820, -1,
          1822, 1654, 1819, -1,
          1667, 1822, 1823, -1,
          1667, 1654, 1822, -1,
          1704, 1672, 1671, -1,
          1710, 1671, 1667, -1,
          1710, 1704, 1671, -1,
          1714, 1667, 1823, -1,
          1714, 1710, 1667, -1,
          1637, 1714, 1816, -1,
          1816, 1714, 1823, -1,
          1827, 1828, 1829, -1,
          1830, 1827, 1829, -1,
          1831, 1830, 1829, -1,
          947, 1018, 1832, -1,
          1833, 1832, 1834, -1,
          1833, 947, 1832, -1,
          1835, 1834, 1836, -1,
          1835, 1833, 1834, -1,
          1837, 1836, 1838, -1,
          1837, 1835, 1836, -1,
          1839, 1838, 1840, -1,
          1841, 1838, 1839, -1,
          1842, 1839, 1840, -1,
          1843, 1842, 1840, -1,
          1844, 1838, 1841, -1,
          1845, 1843, 1840, -1,
          1846, 1845, 1840, -1,
          1847, 1846, 1840, -1,
          1848, 1847, 1840, -1,
          1849, 1837, 1838, -1,
          1849, 1838, 1844, -1,
          1849, 1844, 1850, -1,
          1851, 1852, 1853, -1,
          1854, 1851, 1853, -1,
          1855, 1854, 1853, -1,
          1856, 1853, 1857, -1,
          1856, 1855, 1853, -1,
          1858, 1848, 1840, -1,
          1858, 1857, 1848, -1,
          1858, 1856, 1857, -1,
          1859, 1860, 1861, -1,
          1862, 1858, 1840, -1,
          1863, 1862, 1840, -1,
          1864, 1865, 1860, -1,
          1864, 1860, 1859, -1,
          1866, 1863, 1840, -1,
          1867, 1868, 1869, -1,
          1870, 1871, 1868, -1,
          1870, 1868, 1867, -1,
          1872, 1869, 1873, -1,
          1872, 1867, 1869, -1,
          1874, 1871, 1870, -1,
          1874, 1875, 1871, -1,
          1876, 1875, 1874, -1,
          1876, 1850, 1875, -1,
          1877, 1872, 1873, -1,
          1878, 1873, 1879, -1,
          1878, 1877, 1873, -1,
          1880, 1850, 1876, -1,
          1880, 1849, 1850, -1,
          1881, 1878, 1879, -1,
          1881, 1879, 1882, -1,
          1883, 1881, 1882, -1,
          1883, 1882, 1884, -1,
          1885, 1886, 1887, -1,
          1888, 1885, 1887, -1,
          1889, 1883, 1884, -1,
          1889, 1884, 1890, -1,
          1891, 1885, 1888, -1,
          1891, 1888, 1892, -1,
          1891, 1892, 1893, -1,
          1894, 1890, 1865, -1,
          1894, 1865, 1864, -1,
          1894, 1889, 1890, -1,
          1895, 1891, 1893, -1,
          1896, 1849, 1880, -1,
          1897, 1894, 1864, -1,
          1897, 1864, 1898, -1,
          1899, 1891, 1895, -1,
          1900, 1898, 1901, -1,
          1900, 1897, 1898, -1,
          1902, 1891, 1899, -1,
          1903, 1904, 1905, -1,
          1903, 1905, 1906, -1,
          1903, 1906, 1907, -1,
          1903, 1907, 1866, -1,
          1908, 1909, 1910, -1,
          1911, 1910, 1909, -1,
          1911, 1909, 1912, -1,
          1913, 1914, 1904, -1,
          1913, 1915, 1914, -1,
          1913, 1904, 1903, -1,
          1916, 1912, 1900, -1,
          1916, 1900, 1901, -1,
          1916, 1911, 1912, -1,
          1917, 1916, 1901, -1,
          1917, 1901, 1918, -1,
          1919, 1920, 1921, -1,
          1919, 1921, 1922, -1,
          1919, 1922, 1923, -1,
          1924, 1918, 1925, -1,
          1924, 1917, 1918, -1,
          1926, 1840, 1927, -1,
          1926, 1928, 1929, -1,
          1926, 1929, 1903, -1,
          1926, 1866, 1840, -1,
          1926, 1903, 1866, -1,
          1930, 1926, 1927, -1,
          1931, 1930, 1927, -1,
          1932, 1931, 1927, -1,
          1933, 1925, 1934, -1,
          1933, 1934, 1935, -1,
          1933, 1924, 1925, -1,
          1936, 1937, 1938, -1,
          1936, 1938, 1939, -1,
          1940, 1902, 1899, -1,
          1940, 1920, 1919, -1,
          1940, 1899, 1941, -1,
          1940, 1941, 1942, -1,
          1940, 1942, 1920, -1,
          1943, 1936, 1939, -1,
          1944, 1933, 1935, -1,
          1945, 1936, 1943, -1,
          1945, 1943, 1946, -1,
          1947, 1948, 1932, -1,
          1949, 1944, 1935, -1,
          1949, 1935, 1950, -1,
          1951, 1945, 1946, -1,
          1952, 1949, 1950, -1,
          1953, 1902, 1940, -1,
          1954, 1945, 1951, -1,
          1955, 1947, 1932, -1,
          1956, 1957, 1958, -1,
          1956, 1958, 1959, -1,
          1956, 1959, 1952, -1,
          1956, 1952, 1950, -1,
          1956, 1950, 1915, -1,
          1956, 1915, 1913, -1,
          1960, 1956, 1913, -1,
          1961, 1955, 1932, -1,
          1962, 1960, 1913, -1,
          1963, 1957, 1956, -1,
          1964, 1962, 1913, -1,
          1965, 1966, 1967, -1,
          1968, 1966, 1965, -1,
          1968, 1969, 1966, -1,
          1970, 1945, 1954, -1,
          1970, 1971, 1945, -1,
          1970, 1969, 1968, -1,
          1970, 1954, 1972, -1,
          1970, 1972, 1973, -1,
          1970, 1973, 1969, -1,
          1974, 1913, 1975, -1,
          1974, 1975, 1976, -1,
          1974, 1964, 1913, -1,
          1977, 1978, 1979, -1,
          1977, 1979, 1980, -1,
          1981, 1971, 1970, -1,
          1982, 1983, 1964, -1,
          1982, 1964, 1974, -1,
          1984, 1964, 1983, -1,
          1985, 1982, 1974, -1,
          1986, 1964, 1984, -1,
          1987, 1985, 1974, -1,
          1988, 1987, 1974, -1,
          1989, 1964, 1986, -1,
          1990, 1988, 1974, -1,
          1990, 1974, 1991, -1,
          1990, 1991, 1992, -1,
          1990, 1992, 1977, -1,
          1993, 1994, 1995, -1,
          1993, 1995, 1996, -1,
          1993, 1996, 1997, -1,
          1998, 1993, 1997, -1,
          1999, 1990, 1977, -1,
          2000, 1993, 1998, -1,
          2001, 2000, 1998, -1,
          2002, 1999, 1977, -1,
          2003, 2000, 2001, -1,
          2004, 2005, 1989, -1,
          2006, 2002, 1977, -1,
          2007, 2000, 2003, -1,
          2008, 2006, 1977, -1,
          2009, 1961, 2010, -1,
          2011, 2010, 1961, -1,
          2012, 2000, 2007, -1,
          2013, 1961, 2009, -1,
          2014, 1980, 1961, -1,
          2014, 1961, 2013, -1,
          2015, 1961, 1932, -1,
          2015, 2011, 1961, -1,
          2016, 1932, 1927, -1,
          2016, 2015, 1932, -1,
          2017, 1980, 2014, -1,
          2018, 2016, 1927, -1,
          2019, 2018, 1927, -1,
          2020, 2021, 2022, -1,
          2023, 2020, 2022, -1,
          2024, 2008, 1977, -1,
          2024, 2025, 2026, -1,
          2024, 2026, 2008, -1,
          2027, 2019, 1927, -1,
          2028, 1977, 1980, -1,
          2028, 2024, 1977, -1,
          2029, 2020, 2023, -1,
          2029, 2023, 2030, -1,
          2029, 2030, 2031, -1,
          2032, 2028, 1980, -1,
          2033, 2025, 2024, -1,
          2034, 2027, 1927, -1,
          2035, 2029, 2031, -1,
          2036, 2032, 1980, -1,
          2037, 2036, 1980, -1,
          2037, 1980, 2017, -1,
          2038, 2034, 1927, -1,
          2039, 2029, 2035, -1,
          2040, 2041, 2042, -1,
          2043, 1981, 2044, -1,
          2043, 1971, 1981, -1,
          2043, 2044, 2045, -1,
          2043, 2045, 2005, -1,
          2043, 2005, 2004, -1,
          2043, 1896, 2046, -1,
          2043, 2046, 2047, -1,
          2043, 2047, 1902, -1,
          2043, 1849, 1896, -1,
          2043, 1902, 1953, -1,
          2043, 1953, 2048, -1,
          2043, 2048, 2049, -1,
          2043, 2049, 1971, -1,
          2043, 2004, 2050, -1,
          2043, 2050, 2051, -1,
          2043, 2051, 2012, -1,
          2052, 2041, 2040, -1,
          2052, 2053, 2054, -1,
          2052, 2054, 2041, -1,
          2055, 2029, 2039, -1,
          2056, 2012, 2007, -1,
          2056, 2053, 2052, -1,
          2056, 2007, 2057, -1,
          2056, 2057, 2058, -1,
          2056, 2058, 2053, -1,
          2059, 2012, 2056, -1,
          2060, 2061, 2062, -1,
          2063, 2061, 2064, -1,
          2063, 2062, 2061, -1,
          2065, 2063, 2064, -1,
          2065, 2064, 2066, -1,
          2067, 2066, 2038, -1,
          2067, 2065, 2066, -1,
          2068, 2069, 2070, -1,
          2068, 2070, 2071, -1,
          2068, 2071, 2072, -1,
          2073, 2038, 1927, -1,
          2073, 2067, 2038, -1,
          2074, 2073, 1927, -1,
          2075, 2076, 2077, -1,
          2075, 2077, 2078, -1,
          2079, 2055, 2039, -1,
          2079, 2069, 2068, -1,
          2079, 2039, 2080, -1,
          2079, 2080, 2081, -1,
          2079, 2081, 2069, -1,
          2082, 2075, 2078, -1,
          2083, 2074, 1927, -1,
          2084, 2082, 2085, -1,
          2084, 2075, 2082, -1,
          2086, 2083, 1927, -1,
          2087, 2084, 2085, -1,
          2088, 2055, 2079, -1,
          2089, 2084, 2087, -1,
          2090, 2037, 2091, -1,
          2090, 2091, 2092, -1,
          2090, 2092, 2055, -1,
          2093, 2090, 2055, -1,
          2094, 2037, 2090, -1,
          2094, 2036, 2037, -1,
          2095, 2093, 2055, -1,
          2096, 2095, 2055, -1,
          2097, 2036, 2094, -1,
          2098, 2055, 2088, -1,
          2098, 2096, 2055, -1,
          2099, 2036, 2097, -1,
          2100, 2098, 2088, -1,
          2101, 2086, 1927, -1,
          2101, 2102, 2103, -1,
          2101, 2103, 2104, -1,
          2101, 2104, 2105, -1,
          2101, 2105, 2086, -1,
          2106, 2100, 2088, -1,
          2107, 2036, 2099, -1,
          2107, 2108, 2036, -1,
          2109, 2101, 1927, -1,
          2110, 2106, 2088, -1,
          2111, 2109, 1927, -1,
          2112, 2102, 2101, -1,
          2113, 2108, 2107, -1,
          2114, 2110, 2088, -1,
          2114, 2088, 2115, -1,
          2116, 2111, 1927, -1,
          2117, 2114, 2115, -1,
          2117, 2115, 2118, -1,
          2119, 2120, 2121, -1,
          2122, 2108, 2113, -1,
          2123, 2117, 2118, -1,
          2123, 2118, 2124, -1,
          2125, 2126, 2120, -1,
          2125, 2120, 2119, -1,
          2127, 2108, 2122, -1,
          2128, 2123, 2124, -1,
          2129, 2084, 2089, -1,
          2129, 2126, 2125, -1,
          2129, 2124, 2084, -1,
          2129, 2089, 2130, -1,
          2129, 2130, 2131, -1,
          2129, 2131, 2126, -1,
          2132, 2108, 2127, -1,
          2133, 2128, 2124, -1,
          2134, 2108, 2132, -1,
          2135, 2133, 2124, -1,
          2136, 2135, 2124, -1,
          2136, 2124, 2129, -1,
          2137, 2135, 2136, -1,
          2138, 2116, 2139, -1,
          2140, 2139, 2116, -1,
          2141, 2116, 2138, -1,
          2142, 2137, 2136, -1,
          2143, 2116, 2141, -1,
          2144, 2140, 2116, -1,
          2145, 2144, 2116, -1,
          2146, 2116, 2143, -1,
          2147, 2116, 1927, -1,
          2147, 2145, 2116, -1,
          2148, 2147, 1927, -1,
          2149, 2150, 2151, -1,
          2152, 2149, 2151, -1,
          2153, 1927, 2154, -1,
          2153, 2148, 1927, -1,
          2155, 2149, 2152, -1,
          2155, 2152, 2156, -1,
          2155, 2156, 2157, -1,
          2158, 2153, 2154, -1,
          2159, 2155, 2157, -1,
          2160, 2161, 2142, -1,
          2162, 2142, 2136, -1,
          2162, 2160, 2142, -1,
          2163, 2164, 2161, -1,
          2163, 2161, 2160, -1,
          2165, 2166, 2146, -1,
          2167, 2162, 2136, -1,
          2168, 2155, 2159, -1,
          2169, 2136, 2170, -1,
          2169, 2170, 2171, -1,
          2169, 2167, 2136, -1,
          2172, 2173, 2164, -1,
          2172, 2164, 2163, -1,
          2174, 2171, 2166, -1,
          2174, 2169, 2171, -1,
          2175, 2173, 2172, -1,
          2176, 2155, 2168, -1,
          2177, 2174, 2166, -1,
          2178, 2177, 2166, -1,
          2178, 2166, 2165, -1,
          2179, 2173, 2175, -1,
          2179, 2180, 2173, -1,
          2181, 2178, 2165, -1,
          2182, 2183, 2180, -1,
          2182, 2180, 2179, -1,
          2184, 2181, 2165, -1,
          2185, 2184, 2165, -1,
          2185, 2165, 2186, -1,
          2185, 2186, 2187, -1,
          2188, 2189, 2190, -1,
          2191, 2190, 2189, -1,
          2191, 2189, 2192, -1,
          2193, 2194, 2183, -1,
          2193, 2183, 2182, -1,
          2195, 2191, 2192, -1,
          2195, 2192, 2196, -1,
          2197, 2185, 2187, -1,
          2197, 2187, 2176, -1,
          2198, 2195, 2196, -1,
          2198, 2196, 2199, -1,
          2200, 2194, 2193, -1,
          2200, 2201, 2194, -1,
          2202, 2197, 2176, -1,
          2203, 2204, 2205, -1,
          2203, 2205, 2206, -1,
          2203, 2206, 2207, -1,
          2208, 2158, 2154, -1,
          2208, 2198, 2199, -1,
          2208, 2199, 2158, -1,
          2209, 2208, 2154, -1,
          2210, 2211, 2212, -1,
          2210, 2212, 2213, -1,
          2214, 2204, 2203, -1,
          2214, 2176, 2168, -1,
          2214, 2168, 2215, -1,
          2214, 2215, 2216, -1,
          2214, 2216, 2204, -1,
          2217, 2218, 2201, -1,
          2217, 2201, 2200, -1,
          2219, 2210, 2213, -1,
          2220, 2202, 2176, -1,
          2221, 2219, 2222, -1,
          2221, 2210, 2219, -1,
          2223, 2224, 2218, -1,
          2223, 2218, 2217, -1,
          2225, 2220, 2176, -1,
          2226, 2221, 2222, -1,
          2227, 2224, 2223, -1,
          2227, 2228, 2224, -1,
          2229, 2225, 2176, -1,
          2230, 2229, 2176, -1,
          2230, 2176, 2214, -1,
          2231, 2221, 2226, -1,
          2232, 2229, 2230, -1,
          2233, 2232, 2230, -1,
          2234, 2235, 2236, -1,
          2234, 2236, 2237, -1,
          2234, 2237, 2238, -1,
          2239, 2235, 2234, -1,
          2240, 2241, 2154, -1,
          2242, 2154, 2241, -1,
          2242, 2234, 2238, -1,
          2242, 2243, 2234, -1,
          2242, 2244, 2243, -1,
          2242, 2245, 2244, -1,
          2242, 2238, 2246, -1,
          2242, 2246, 2247, -1,
          2242, 2247, 2209, -1,
          2242, 2209, 2154, -1,
          2248, 2249, 2250, -1,
          2251, 2240, 2154, -1,
          2252, 2253, 2249, -1,
          2252, 2249, 2248, -1,
          2254, 2251, 2154, -1,
          2255, 2256, 2221, -1,
          2255, 2221, 2231, -1,
          2255, 2231, 2257, -1,
          2255, 2257, 2258, -1,
          2255, 2258, 2253, -1,
          2255, 2253, 2252, -1,
          2259, 2242, 2241, -1,
          2260, 2230, 2261, -1,
          2260, 2261, 2262, -1,
          2260, 2262, 2256, -1,
          2260, 2233, 2230, -1,
          2260, 2263, 2264, -1,
          2260, 2264, 2233, -1,
          2265, 2242, 2266, -1,
          2265, 2245, 2242, -1,
          2265, 2267, 2245, -1,
          2268, 2245, 2267, -1,
          2269, 2265, 2266, -1,
          2270, 2269, 2266, -1,
          2271, 2245, 2268, -1,
          2272, 2260, 2256, -1,
          2273, 2270, 2266, -1,
          2274, 2256, 2255, -1,
          2275, 2245, 2271, -1,
          2276, 2273, 2266, -1,
          2277, 2272, 2256, -1,
          2277, 2256, 2274, -1,
          2278, 2259, 2241, -1,
          2279, 2276, 2266, -1,
          2280, 2277, 2274, -1,
          2281, 2266, 2282, -1,
          2281, 2279, 2266, -1,
          2283, 2043, 2012, -1,
          2283, 2228, 2227, -1,
          2283, 2134, 2284, -1,
          2283, 2284, 2285, -1,
          2283, 2285, 2286, -1,
          2283, 2286, 2287, -1,
          2283, 2287, 2288, -1,
          2283, 2288, 2289, -1,
          2283, 2289, 2290, -1,
          2283, 2290, 2291, -1,
          2283, 2291, 2228, -1,
          2283, 2108, 2134, -1,
          2283, 2059, 2292, -1,
          2283, 2292, 2293, -1,
          2283, 2293, 2108, -1,
          2283, 2012, 2059, -1,
          2283, 2227, 2294, -1,
          2283, 2294, 2295, -1,
          2283, 2295, 2296, -1,
          2283, 2296, 2297, -1,
          2283, 2297, 2298, -1,
          2283, 2298, 2299, -1,
          2283, 2299, 2300, -1,
          2301, 2281, 2282, -1,
          2302, 2278, 2241, -1,
          2303, 2254, 2154, -1,
          2304, 2303, 2154, -1,
          2305, 2304, 2154, -1,
          2306, 2154, 2307, -1,
          2306, 2305, 2154, -1,
          2308, 2301, 2282, -1,
          2309, 2310, 2311, -1,
          2312, 2274, 2313, -1,
          2312, 2313, 2314, -1,
          2312, 2280, 2274, -1,
          2312, 2314, 2310, -1,
          2315, 2308, 2282, -1,
          2316, 2310, 2309, -1,
          2317, 2282, 2318, -1,
          2317, 2315, 2282, -1,
          2319, 2310, 2316, -1,
          2320, 2317, 2318, -1,
          2321, 2320, 2318, -1,
          2322, 2263, 2260, -1,
          2322, 2323, 2324, -1,
          2322, 2324, 2325, -1,
          2322, 2325, 2326, -1,
          2322, 2326, 2327, -1,
          2322, 2327, 2328, -1,
          2322, 2328, 2329, -1,
          2322, 2329, 2263, -1,
          2330, 2318, 2331, -1,
          2330, 2321, 2318, -1,
          2332, 2333, 2334, -1,
          2332, 2334, 2335, -1,
          2332, 2335, 2312, -1,
          2336, 2330, 2331, -1,
          2337, 2331, 2254, -1,
          2338, 2319, 2339, -1,
          2338, 2339, 2340, -1,
          2338, 2340, 2341, -1,
          2338, 2341, 2342, -1,
          2338, 2312, 2310, -1,
          2338, 2310, 2319, -1,
          2343, 2336, 2331, -1,
          2343, 2344, 2345, -1,
          2343, 2345, 2336, -1,
          2343, 2331, 2337, -1,
          2346, 2338, 2342, -1,
          2346, 2342, 2347, -1,
          2348, 2337, 2349, -1,
          2348, 2349, 2350, -1,
          2348, 2350, 2351, -1,
          2348, 2343, 2337, -1,
          2352, 2346, 2347, -1,
          2352, 2347, 2353, -1,
          2352, 2353, 2354, -1,
          2355, 2354, 2356, -1,
          2355, 2356, 2357, -1,
          2355, 2357, 2358, -1,
          2355, 2352, 2354, -1,
          2359, 2360, 2344, -1,
          2361, 2362, 2360, -1,
          2361, 2360, 2359, -1,
          2363, 2359, 2344, -1,
          2364, 2362, 2361, -1,
          2365, 2344, 2343, -1,
          2365, 2363, 2344, -1,
          2366, 2367, 2362, -1,
          2366, 2362, 2364, -1,
          2368, 2365, 2343, -1,
          2369, 2370, 2367, -1,
          2369, 2367, 2366, -1,
          2371, 2368, 2343, -1,
          2372, 2358, 2373, -1,
          2372, 2373, 2374, -1,
          2372, 2355, 2358, -1,
          2375, 2376, 2370, -1,
          2375, 2370, 2369, -1,
          2377, 2306, 2307, -1,
          2378, 2371, 2343, -1,
          2379, 2377, 2307, -1,
          2380, 2379, 2307, -1,
          2381, 2380, 2307, -1,
          2382, 2376, 2375, -1,
          2383, 2374, 2376, -1,
          2383, 2372, 2374, -1,
          2383, 2376, 2382, -1,
          2384, 2372, 2383, -1,
          2385, 2332, 2312, -1,
          2385, 2312, 2338, -1,
          2386, 2387, 2388, -1,
          2386, 2388, 2389, -1,
          2386, 2389, 2372, -1,
          2390, 2351, 2391, -1,
          2390, 2348, 2351, -1,
          2392, 2391, 2393, -1,
          2392, 2393, 2394, -1,
          2392, 2394, 2395, -1,
          2392, 2390, 2391, -1,
          2396, 2392, 2395, -1,
          2397, 2398, 2381, -1,
          2399, 2400, 2401, -1,
          2402, 2397, 2381, -1,
          2403, 2372, 2384, -1,
          2403, 2384, 2404, -1,
          2403, 2404, 2405, -1,
          2403, 2405, 2406, -1,
          2403, 2406, 2407, -1,
          2408, 2386, 2372, -1,
          2408, 2372, 2403, -1,
          2409, 2396, 2395, -1,
          2409, 2395, 2410, -1,
          2409, 2411, 2396, -1,
          2409, 2410, 2412, -1,
          2409, 2412, 2413, -1,
          2409, 2413, 2400, -1,
          2414, 2381, 2415, -1,
          2414, 2402, 2381, -1,
          2416, 2411, 2409, -1,
          2417, 2403, 2407, -1,
          2417, 2407, 2418, -1,
          2417, 2418, 2419, -1,
          2420, 2402, 2414, -1,
          2421, 2381, 2307, -1,
          2421, 2415, 2381, -1,
          2422, 2402, 2420, -1,
          2422, 2423, 2402, -1,
          2424, 2421, 2307, -1,
          2425, 2423, 2422, -1,
          2426, 2424, 2307, -1,
          2427, 2423, 2425, -1,
          2428, 2426, 2307, -1,
          2429, 2411, 2416, -1,
          2429, 2430, 2411, -1,
          2431, 2417, 2419, -1,
          2431, 2419, 2432, -1,
          2431, 2432, 2433, -1,
          2434, 2435, 2436, -1,
          2434, 2436, 2430, -1,
          2434, 2430, 2429, -1,
          2437, 2423, 2427, -1,
          2438, 2423, 2437, -1,
          2439, 2437, 2427, -1,
          2439, 2427, 2440, -1,
          2441, 2428, 2307, -1,
          2442, 2423, 2438, -1,
          2442, 2443, 2423, -1,
          2444, 2439, 2440, -1,
          2444, 2440, 2445, -1,
          2446, 2443, 2442, -1,
          2447, 2409, 2400, -1,
          2448, 2444, 2445, -1,
          2448, 2445, 2449, -1,
          2450, 2443, 2446, -1,
          2451, 2443, 2450, -1,
          2452, 2441, 2307, -1,
          2453, 2448, 2449, -1,
          2454, 2433, 2455, -1,
          2454, 2455, 2456, -1,
          2454, 2431, 2433, -1,
          2457, 2443, 2451, -1,
          2458, 2452, 2307, -1,
          2459, 2429, 2416, -1,
          2459, 2416, 2460, -1,
          2461, 2458, 2307, -1,
          2462, 2447, 2400, -1,
          2462, 2443, 2457, -1,
          2462, 2400, 2399, -1,
          2462, 2399, 2463, -1,
          2462, 2463, 2443, -1,
          2464, 2461, 2307, -1,
          2465, 2460, 2466, -1,
          2465, 2459, 2460, -1,
          2467, 2283, 2300, -1,
          2467, 2323, 2322, -1,
          2467, 2408, 2468, -1,
          2467, 2468, 2469, -1,
          2467, 2385, 2470, -1,
          2467, 2470, 2471, -1,
          2467, 2471, 2386, -1,
          2467, 2322, 2472, -1,
          2467, 2472, 2473, -1,
          2467, 2473, 2332, -1,
          2467, 2300, 2323, -1,
          2467, 2332, 2385, -1,
          2467, 2386, 2408, -1,
          2474, 2435, 2434, -1,
          2475, 2474, 2434, -1,
          2476, 2456, 2435, -1,
          2476, 2435, 2474, -1,
          2476, 2454, 2456, -1,
          2477, 2462, 2457, -1,
          2477, 2457, 2478, -1,
          2477, 2478, 2479, -1,
          2477, 2479, 2480, -1,
          2477, 2480, 2481, -1,
          2477, 2481, 2482, -1,
          2483, 2475, 2434, -1,
          2484, 2483, 2434, -1,
          2485, 2454, 2476, -1,
          2486, 2484, 2434, -1,
          2486, 2434, 2487, -1,
          2488, 2454, 2485, -1,
          2489, 2486, 2487, -1,
          2490, 2489, 2487, -1,
          2491, 2492, 2454, -1,
          2491, 2454, 2488, -1,
          2493, 2465, 2466, -1,
          2493, 2466, 2494, -1,
          2495, 2490, 2487, -1,
          2496, 2492, 2491, -1,
          2497, 2495, 2487, -1,
          2497, 2487, 2498, -1,
          2499, 2497, 2498, -1,
          2500, 2492, 2496, -1,
          2501, 2499, 2498, -1,
          2502, 2492, 2500, -1,
          2503, 2501, 2498, -1,
          2504, 2505, 2506, -1,
          2504, 2482, 2507, -1,
          2504, 2507, 2508, -1,
          2504, 2508, 2505, -1,
          2509, 2492, 2502, -1,
          2510, 2503, 2498, -1,
          2510, 2498, 2511, -1,
          2512, 2477, 2482, -1,
          2512, 2482, 2504, -1,
          2513, 2504, 2506, -1,
          2513, 2506, 2514, -1,
          2515, 2307, 2516, -1,
          2515, 2464, 2307, -1,
          2517, 2515, 2516, -1,
          2518, 2492, 2509, -1,
          2519, 2517, 2516, -1,
          2520, 2521, 2464, -1,
          2522, 2519, 2516, -1,
          2523, 2510, 2511, -1,
          2524, 2514, 2521, -1,
          2524, 2513, 2514, -1,
          2525, 2523, 2511, -1,
          2526, 2524, 2521, -1,
          2527, 2512, 2528, -1,
          2527, 2477, 2512, -1,
          2529, 2477, 2527, -1,
          2529, 2493, 2494, -1,
          2529, 2511, 2493, -1,
          2529, 2494, 2477, -1,
          2530, 2528, 2531, -1,
          2530, 2527, 2528, -1,
          2532, 2526, 2521, -1,
          2532, 2521, 2520, -1,
          2533, 2534, 2535, -1,
          2536, 2520, 2537, -1,
          2536, 2532, 2520, -1,
          2538, 2530, 2531, -1,
          2538, 2531, 2534, -1,
          2539, 2534, 2533, -1,
          2539, 2538, 2534, -1,
          2540, 2536, 2537, -1,
          2540, 2537, 2541, -1,
          2540, 2541, 2542, -1,
          2543, 2538, 2539, -1,
          2544, 2542, 2545, -1,
          2546, 2547, 2548, -1,
          2549, 2525, 2511, -1,
          2549, 2548, 2525, -1,
          2549, 2546, 2548, -1,
          2550, 2551, 2547, -1,
          2550, 2547, 2546, -1,
          2552, 2553, 2554, -1,
          2555, 2549, 2511, -1,
          2556, 2555, 2511, -1,
          2557, 2554, 2540, -1,
          2557, 2552, 2554, -1,
          2558, 2559, 2551, -1,
          2558, 2551, 2550, -1,
          2560, 2556, 2511, -1,
          2561, 2540, 2542, -1,
          2561, 2557, 2540, -1,
          2562, 2559, 2558, -1,
          2563, 2560, 2511, -1,
          2564, 2511, 2529, -1,
          2564, 2563, 2511, -1,
          2565, 2566, 2559, -1,
          2565, 2559, 2562, -1,
          2567, 2564, 2529, -1,
          2568, 2566, 2565, -1,
          2568, 2569, 2566, -1,
          2570, 2529, 2571, -1,
          2570, 2571, 2572, -1,
          2570, 2572, 2573, -1,
          2570, 2567, 2529, -1,
          2570, 2574, 2567, -1,
          2575, 2574, 2570, -1,
          2576, 2569, 2568, -1,
          2576, 2577, 2569, -1,
          2578, 2575, 2570, -1,
          2579, 2580, 2581, -1,
          2579, 2581, 2582, -1,
          2579, 2582, 2583, -1,
          2584, 2577, 2576, -1,
          2584, 2585, 2577, -1,
          2586, 2578, 2570, -1,
          2587, 2588, 2585, -1,
          2587, 2585, 2584, -1,
          2589, 2586, 2570, -1,
          2590, 2591, 2588, -1,
          2590, 2588, 2587, -1,
          2592, 2561, 2542, -1,
          2592, 2544, 2593, -1,
          2592, 2583, 2561, -1,
          2592, 2542, 2544, -1,
          2594, 2589, 2570, -1,
          2594, 2570, 2595, -1,
          2596, 2592, 2593, -1,
          2597, 2591, 2590, -1,
          2598, 2594, 2595, -1,
          2598, 2595, 2599, -1,
          2598, 2599, 2579, -1,
          2600, 2596, 2593, -1,
          2601, 2593, 2602, -1,
          2601, 2602, 2603, -1,
          2601, 2600, 2593, -1,
          2604, 2598, 2579, -1,
          2605, 2606, 2607, -1,
          2608, 2604, 2579, -1,
          2608, 2609, 2610, -1,
          2608, 2610, 2604, -1,
          2611, 2608, 2579, -1,
          2612, 2611, 2579, -1,
          2613, 2612, 2579, -1,
          2614, 2615, 2522, -1,
          2614, 2616, 2615, -1,
          2614, 2617, 2616, -1,
          2614, 2522, 2516, -1,
          2618, 2614, 2516, -1,
          2619, 2618, 2516, -1,
          2620, 2619, 2516, -1,
          2621, 2617, 2614, -1,
          2622, 2579, 2583, -1,
          2622, 2583, 2592, -1,
          2622, 2613, 2579, -1,
          2623, 2624, 2625, -1,
          2626, 2623, 2625, -1,
          2626, 2625, 2609, -1,
          2627, 2624, 2623, -1,
          2627, 2628, 2629, -1,
          2627, 2629, 2630, -1,
          2627, 2630, 2624, -1,
          2631, 2603, 2632, -1,
          2631, 2632, 2633, -1,
          2631, 2633, 2606, -1,
          2631, 2601, 2603, -1,
          2634, 2626, 2609, -1,
          2634, 2609, 2608, -1,
          2635, 2636, 2621, -1,
          2637, 2634, 2608, -1,
          2638, 2621, 2614, -1,
          2638, 2635, 2621, -1,
          2639, 2631, 2606, -1,
          2639, 2606, 2605, -1,
          2640, 2636, 2635, -1,
          2641, 2639, 2605, -1,
          2642, 2638, 2614, -1,
          2643, 2605, 2644, -1,
          2643, 2641, 2605, -1,
          2645, 2642, 2614, -1,
          2646, 2643, 2644, -1,
          2647, 2628, 2627, -1,
          2647, 2627, 2648, -1,
          2647, 2648, 2649, -1,
          2647, 2649, 2650, -1,
          2647, 2651, 2652, -1,
          2647, 2652, 2653, -1,
          2647, 2653, 2628, -1,
          2654, 2636, 2640, -1,
          2654, 2644, 2636, -1,
          2654, 2646, 2644, -1,
          2655, 2640, 2656, -1,
          2655, 2656, 2657, -1,
          2655, 2657, 2658, -1,
          2655, 2654, 2640, -1,
          2659, 2646, 2654, -1,
          2660, 2661, 2662, -1,
          2663, 2664, 2665, -1,
          2666, 2654, 2655, -1,
          2666, 2655, 2667, -1,
          2668, 2646, 2659, -1,
          2669, 2661, 2660, -1,
          2670, 2671, 2668, -1,
          2672, 2673, 2674, -1,
          2675, 2518, 2676, -1,
          2675, 2676, 2677, -1,
          2675, 2677, 2678, -1,
          2675, 2678, 2679, -1,
          2675, 2679, 2680, -1,
          2675, 2680, 2681, -1,
          2675, 2681, 2682, -1,
          2675, 2682, 2683, -1,
          2675, 2683, 2684, -1,
          2675, 2684, 2591, -1,
          2675, 2469, 2492, -1,
          2675, 2647, 2685, -1,
          2675, 2685, 2686, -1,
          2675, 2686, 2661, -1,
          2675, 2597, 2687, -1,
          2675, 2687, 2688, -1,
          2675, 2688, 2689, -1,
          2675, 2689, 2690, -1,
          2675, 2690, 2691, -1,
          2675, 2691, 2692, -1,
          2675, 2692, 2693, -1,
          2675, 2693, 2651, -1,
          2675, 2467, 2469, -1,
          2675, 2591, 2597, -1,
          2675, 2492, 2518, -1,
          2675, 2651, 2647, -1,
          2694, 2668, 2659, -1,
          2694, 2659, 2695, -1,
          2696, 2620, 2516, -1,
          2697, 2666, 2667, -1,
          2697, 2667, 2698, -1,
          2697, 2698, 2664, -1,
          2699, 2661, 2669, -1,
          2700, 2516, 2701, -1,
          2700, 2696, 2516, -1,
          2702, 2703, 2670, -1,
          2704, 2703, 2702, -1,
          2705, 2695, 2706, -1,
          2705, 2694, 2695, -1,
          2707, 2708, 2696, -1,
          2709, 2710, 2711, -1,
          2712, 2707, 2696, -1,
          2713, 2710, 2709, -1,
          2714, 2663, 2715, -1,
          2714, 2664, 2663, -1,
          2714, 2697, 2664, -1,
          2716, 2712, 2696, -1,
          2717, 2670, 2718, -1,
          2717, 2718, 2719, -1,
          2717, 2702, 2670, -1,
          2720, 2710, 2713, -1,
          2721, 2716, 2696, -1,
          2722, 2710, 2720, -1,
          2723, 2721, 2696, -1,
          2724, 2706, 2725, -1,
          2724, 2705, 2706, -1,
          2726, 2672, 2727, -1,
          2726, 2673, 2672, -1,
          2728, 2710, 2722, -1,
          2729, 2726, 2727, -1,
          2729, 2727, 2730, -1,
          2729, 2730, 2703, -1,
          2731, 2717, 2719, -1,
          2732, 2729, 2703, -1,
          2732, 2703, 2704, -1,
          2733, 2715, 2710, -1,
          2733, 2714, 2715, -1,
          2734, 2673, 2726, -1,
          2734, 2699, 2673, -1,
          2735, 2734, 2726, -1,
          2736, 2733, 2710, -1,
          2737, 2699, 2734, -1,
          2738, 2732, 2704, -1,
          2738, 2704, 2739, -1,
          2740, 2736, 2710, -1,
          2741, 2699, 2737, -1,
          2742, 2728, 2743, -1,
          2742, 2743, 2744, -1,
          2742, 2744, 2745, -1,
          2742, 2740, 2710, -1,
          2742, 2710, 2728, -1,
          2746, 2738, 2739, -1,
          2747, 2742, 2745, -1,
          2748, 2699, 2741, -1,
          2749, 2719, 2750, -1,
          2749, 2731, 2719, -1,
          2751, 2734, 2735, -1,
          2752, 2746, 2739, -1,
          2753, 2742, 2747, -1,
          2754, 2699, 2748, -1,
          2755, 2756, 2757, -1,
          2758, 2752, 2739, -1,
          2758, 2739, 2759, -1,
          2760, 2699, 2754, -1,
          2761, 2735, 2762, -1,
          2761, 2762, 2763, -1,
          2761, 2751, 2735, -1,
          2764, 2758, 2759, -1,
          2765, 2700, 2701, -1,
          2765, 2766, 2767, -1,
          2765, 2767, 2700, -1,
          2768, 2765, 2701, -1,
          2769, 2755, 2757, -1,
          2770, 2768, 2701, -1,
          2771, 2770, 2701, -1,
          2772, 2699, 2760, -1,
          2773, 2764, 2759, -1,
          2774, 2757, 2775, -1,
          2774, 2769, 2757, -1,
          2776, 2773, 2759, -1,
          2776, 2759, 2777, -1,
          2778, 2763, 2779, -1,
          2778, 2779, 2780, -1,
          2778, 2780, 2781, -1,
          2778, 2781, 2782, -1,
          2778, 2761, 2763, -1,
          2783, 2774, 2775, -1,
          2784, 2778, 2782, -1,
          2785, 2776, 2777, -1,
          2786, 2775, 2787, -1,
          2786, 2783, 2775, -1,
          2788, 2766, 2765, -1,
          2788, 2789, 2790, -1,
          2788, 2790, 2791, -1,
          2788, 2791, 2766, -1,
          2792, 2788, 2765, -1,
          2793, 2794, 2795, -1,
          2793, 2795, 2796, -1,
          2793, 2796, 2789, -1,
          2793, 2789, 2788, -1,
          2797, 2785, 2777, -1,
          2798, 2786, 2787, -1,
          2799, 2792, 2765, -1,
          2800, 2799, 2765, -1,
          2801, 2797, 2777, -1,
          2802, 2798, 2787, -1,
          2803, 2802, 2787, -1,
          2804, 2801, 2777, -1,
          2805, 2803, 2787, -1,
          2806, 2807, 2808, -1,
          2806, 2808, 2809, -1,
          2806, 2809, 2810, -1,
          2806, 2810, 2811, -1,
          2806, 2811, 2812, -1,
          2813, 2806, 2812, -1,
          2814, 2794, 2793, -1,
          2814, 2793, 2815, -1,
          2814, 2815, 2816, -1,
          2814, 2816, 2817, -1,
          2818, 2753, 2807, -1,
          2818, 2807, 2806, -1,
          2818, 2742, 2753, -1,
          2819, 2805, 2787, -1,
          2819, 2787, 2778, -1,
          2819, 2778, 2784, -1,
          2820, 2812, 2794, -1,
          2820, 2813, 2812, -1,
          2821, 2794, 2814, -1,
          2821, 2820, 2794, -1,
          2822, 2784, 2823, -1,
          2822, 2819, 2784, -1,
          2824, 2822, 2823, -1,
          2824, 2823, 2825, -1,
          2826, 2827, 2828, -1,
          2829, 2824, 2825, -1,
          2829, 2825, 2830, -1,
          2831, 2829, 2830, -1,
          2831, 2830, 2832, -1,
          2833, 2834, 2835, -1,
          2833, 2835, 2836, -1,
          2837, 2831, 2832, -1,
          2837, 2832, 2838, -1,
          2839, 2834, 2833, -1,
          2839, 2840, 2834, -1,
          2841, 2837, 2838, -1,
          2841, 2838, 2840, -1,
          2841, 2840, 2839, -1,
          2842, 2804, 2777, -1,
          2842, 2777, 2843, -1,
          2842, 2844, 2845, -1,
          2842, 2845, 2846, -1,
          2842, 2846, 2847, -1,
          2842, 2847, 2804, -1,
          2848, 2821, 2814, -1,
          2849, 2842, 2843, -1,
          2850, 2844, 2842, -1,
          2851, 2848, 2814, -1,
          2851, 2814, 2852, -1,
          2853, 2771, 2701, -1,
          2854, 2849, 2843, -1,
          2855, 2853, 2701, -1,
          2856, 2855, 2701, -1,
          2857, 2852, 2858, -1,
          2857, 2851, 2852, -1,
          2859, 2856, 2701, -1,
          2860, 2843, 2861, -1,
          2860, 2861, 2862, -1,
          2860, 2862, 2863, -1,
          2860, 2854, 2843, -1,
          2864, 2857, 2858, -1,
          2864, 2827, 2826, -1,
          2864, 2826, 2865, -1,
          2864, 2858, 2827, -1,
          2866, 2867, 2853, -1,
          2868, 2869, 2867, -1,
          2870, 2866, 2853, -1,
          2871, 2870, 2853, -1,
          2872, 2873, 2874, -1,
          2872, 2874, 2875, -1,
          2872, 2875, 2876, -1,
          2872, 2876, 2877, -1,
          2872, 2877, 2878, -1,
          2872, 2878, 2879, -1,
          2872, 2879, 2880, -1,
          2881, 2869, 2868, -1,
          2881, 2868, 2882, -1,
          2881, 2882, 2883, -1,
          2881, 2883, 2884, -1,
          2885, 2886, 2887, -1,
          2888, 2889, 2890, -1,
          2888, 2890, 2891, -1,
          2888, 2891, 2892, -1,
          2893, 2888, 2892, -1,
          2894, 2893, 2892, -1,
          2895, 2869, 2881, -1,
          2896, 2894, 2892, -1,
          2897, 2895, 2881, -1,
          2898, 2897, 2881, -1,
          2899, 2881, 2900, -1,
          2899, 2900, 2901, -1,
          2899, 2901, 2886, -1,
          2899, 2898, 2881, -1,
          2902, 2661, 2699, -1,
          2902, 2873, 2872, -1,
          2902, 2772, 2903, -1,
          2902, 2903, 2904, -1,
          2902, 2699, 2772, -1,
          2902, 2904, 2905, -1,
          2902, 2905, 2906, -1,
          2902, 2906, 2907, -1,
          2902, 2907, 2908, -1,
          2902, 2908, 2909, -1,
          2902, 2909, 2910, -1,
          2902, 2910, 2873, -1,
          2902, 2872, 2911, -1,
          2902, 2911, 2912, -1,
          2902, 2912, 2913, -1,
          2902, 2675, 2661, -1,
          2914, 2896, 2892, -1,
          2915, 2859, 2701, -1,
          2915, 2916, 2859, -1,
          2917, 2915, 2701, -1,
          2918, 2919, 2899, -1,
          2920, 2917, 2701, -1,
          2921, 2899, 2919, -1,
          2922, 2923, 2916, -1,
          2924, 2701, 2925, -1,
          2924, 2920, 2701, -1,
          2926, 2918, 2899, -1,
          2926, 2899, 2886, -1,
          2927, 2899, 2921, -1,
          2928, 2926, 2886, -1,
          2928, 2886, 2885, -1,
          2929, 2885, 2923, -1,
          2929, 2928, 2885, -1,
          2930, 2931, 2932, -1,
          2933, 2923, 2922, -1,
          2933, 2929, 2923, -1,
          2934, 2935, 2936, -1,
          2937, 2931, 2930, -1,
          2938, 2933, 2922, -1,
          2939, 2935, 2934, -1,
          2940, 2935, 2939, -1,
          2941, 2922, 2942, -1,
          2941, 2942, 2943, -1,
          2941, 2938, 2922, -1,
          2944, 2930, 2932, -1,
          2944, 2932, 2945, -1,
          2944, 2945, 2946, -1,
          2944, 2946, 2935, -1,
          2947, 2935, 2940, -1,
          2948, 2943, 2949, -1,
          2948, 2941, 2943, -1,
          2950, 2931, 2937, -1,
          2951, 2948, 2949, -1,
          2952, 2935, 2947, -1,
          2952, 2944, 2935, -1,
          2953, 2951, 2949, -1,
          2954, 2949, 2955, -1,
          2954, 2955, 2956, -1,
          2954, 2953, 2949, -1,
          2957, 2954, 2956, -1,
          2958, 2952, 2947, -1,
          2958, 2947, 2959, -1,
          2958, 2959, 2960, -1,
          2958, 2960, 2961, -1,
          2958, 2961, 2962, -1,
          2963, 2958, 2962, -1,
          2964, 2956, 2965, -1,
          2964, 2957, 2956, -1,
          2966, 2964, 2965, -1,
          2967, 2950, 2937, -1,
          2967, 2937, 2968, -1,
          2967, 2968, 2969, -1,
          2967, 2969, 2970, -1,
          2971, 2966, 2965, -1,
          2972, 2965, 2973, -1,
          2972, 2971, 2965, -1,
          2974, 2975, 2976, -1,
          2974, 2976, 2977, -1,
          2978, 2971, 2972, -1,
          2979, 2924, 2925, -1,
          2980, 2979, 2925, -1,
          2981, 2980, 2925, -1,
          2982, 2983, 2984, -1,
          2985, 2981, 2925, -1,
          2986, 2987, 2988, -1,
          2986, 2988, 2989, -1,
          2986, 2989, 2990, -1,
          2986, 2990, 2978, -1,
          2986, 2978, 2972, -1,
          2991, 2992, 2993, -1,
          2991, 2994, 2958, -1,
          2991, 2958, 2963, -1,
          2991, 2963, 2995, -1,
          2991, 2995, 2996, -1,
          2991, 2996, 2992, -1,
          2997, 2991, 2993, -1,
          2998, 2997, 2993, -1,
          2999, 2984, 2979, -1,
          3000, 2977, 2994, -1,
          3000, 2974, 2977, -1,
          3001, 2993, 3002, -1,
          3001, 3002, 3003, -1,
          3001, 3003, 3004, -1,
          3001, 2998, 2993, -1,
          3005, 2986, 2972, -1,
          3006, 2972, 3007, -1,
          3006, 3007, 3008, -1,
          3006, 3005, 2972, -1,
          3009, 2987, 2986, -1,
          3010, 3006, 3008, -1,
          3010, 3008, 2983, -1,
          3011, 2999, 2979, -1,
          3012, 3010, 2983, -1,
          3012, 2983, 2982, -1,
          3013, 2982, 3014, -1,
          3013, 3012, 2982, -1,
          3015, 3016, 3017, -1,
          3018, 3011, 2979, -1,
          3019, 3020, 3021, -1,
          3019, 3021, 3022, -1,
          3019, 3022, 3023, -1,
          3019, 3023, 3024, -1,
          3019, 3024, 3025, -1,
          3019, 3025, 2987, -1,
          3026, 3013, 3014, -1,
          3027, 2987, 3009, -1,
          3027, 3019, 2987, -1,
          3028, 3016, 3015, -1,
          3029, 3014, 3030, -1,
          3029, 3026, 3014, -1,
          3031, 3009, 3032, -1,
          3031, 3032, 3033, -1,
          3031, 3027, 3009, -1,
          3034, 3029, 3030, -1,
          3035, 3033, 3036, -1,
          3035, 3031, 3033, -1,
          3037, 3030, 3038, -1,
          3037, 3034, 3030, -1,
          3039, 3035, 3036, -1,
          3040, 3039, 3036, -1,
          3040, 3036, 3041, -1,
          3042, 3037, 3038, -1,
          3043, 3040, 3041, -1,
          3043, 3041, 3044, -1,
          3045, 3042, 3038, -1,
          3046, 3043, 3044, -1,
          3046, 3044, 3047, -1,
          3048, 3049, 3020, -1,
          3050, 3020, 3019, -1,
          3050, 3048, 3020, -1,
          3050, 3019, 3051, -1,
          3052, 3049, 3048, -1,
          3052, 3004, 3049, -1,
          3053, 3050, 3051, -1,
          3053, 3051, 3054, -1,
          3055, 3045, 3038, -1,
          3056, 3053, 3054, -1,
          3057, 3047, 3058, -1,
          3057, 3046, 3047, -1,
          3059, 3056, 3054, -1,
          3059, 3054, 3060, -1,
          3061, 3016, 3028, -1,
          3061, 3028, 3062, -1,
          3063, 3055, 3038, -1,
          3064, 3057, 3058, -1,
          3064, 3058, 3065, -1,
          3066, 3059, 3060, -1,
          3066, 3060, 3067, -1,
          3068, 3064, 3065, -1,
          3068, 3065, 3069, -1,
          3070, 3063, 3038, -1,
          3071, 3066, 3067, -1,
          3071, 3067, 3072, -1,
          3073, 3074, 3075, -1,
          3076, 3069, 3077, -1,
          3076, 3068, 3069, -1,
          3078, 3076, 3077, -1,
          3079, 3074, 3073, -1,
          3080, 3081, 3082, -1,
          3083, 3071, 3072, -1,
          3083, 3072, 3084, -1,
          3085, 3078, 3077, -1,
          3085, 3077, 3086, -1,
          3085, 3086, 3087, -1,
          3088, 3081, 3080, -1,
          3089, 3087, 3090, -1,
          3089, 3085, 3087, -1,
          3091, 3092, 3081, -1,
          3091, 3081, 3088, -1,
          3093, 3089, 3090, -1,
          3093, 3092, 3091, -1,
          3093, 3090, 3092, -1,
          3094, 2902, 2913, -1,
          3094, 2913, 3095, -1,
          3094, 2967, 3096, -1,
          3094, 3096, 3097, -1,
          3094, 3097, 2974, -1,
          3094, 3098, 3099, -1,
          3094, 3099, 3100, -1,
          3094, 3100, 2950, -1,
          3094, 3095, 3101, -1,
          3094, 3101, 3102, -1,
          3094, 3102, 3103, -1,
          3094, 3000, 3104, -1,
          3094, 3104, 3105, -1,
          3094, 3105, 3016, -1,
          3094, 3016, 3061, -1,
          3094, 3103, 3098, -1,
          3094, 2950, 2967, -1,
          3094, 2974, 3000, -1,
          3106, 3074, 3079, -1,
          3107, 3084, 3108, -1,
          3107, 3083, 3084, -1,
          3109, 3074, 3106, -1,
          3110, 3108, 3111, -1,
          3110, 3107, 3108, -1,
          3112, 3110, 3111, -1,
          3113, 3074, 3109, -1,
          3114, 3111, 3115, -1,
          3114, 3112, 3111, -1,
          3116, 3074, 3113, -1,
          3117, 3074, 3116, -1,
          3118, 3115, 3119, -1,
          3118, 3114, 3115, -1,
          3120, 3119, 3121, -1,
          3120, 3118, 3119, -1,
          3122, 3121, 3123, -1,
          3122, 3123, 3124, -1,
          3122, 3120, 3121, -1,
          3125, 3126, 3070, -1,
          3127, 3124, 3128, -1,
          3127, 3122, 3124, -1,
          3129, 3070, 3038, -1,
          3129, 3125, 3070, -1,
          3130, 3131, 3126, -1,
          3130, 3126, 3125, -1,
          3132, 3129, 3038, -1,
          3132, 3038, 2985, -1,
          3133, 3131, 3130, -1,
          3134, 3132, 2985, -1,
          3135, 3136, 3131, -1,
          3135, 3131, 3133, -1,
          3137, 3136, 3135, -1,
          3138, 3134, 2985, -1,
          3139, 3140, 3136, -1,
          3139, 3136, 3137, -1,
          3141, 3138, 2985, -1,
          3142, 3143, 3140, -1,
          3142, 3140, 3139, -1,
          3144, 3141, 2985, -1,
          3145, 2985, 2925, -1,
          3145, 3144, 2985, -1,
          3146, 3127, 3128, -1,
          3146, 3147, 3148, -1,
          3146, 3148, 3149, -1,
          3146, 3149, 3150, -1,
          3146, 3150, 3151, -1,
          3146, 3151, 3127, -1,
          3152, 3128, 3153, -1,
          3152, 3146, 3128, -1,
          3154, 3145, 2925, -1,
          3155, 3143, 3142, -1,
          3155, 3153, 3143, -1,
          3155, 3152, 3153, -1,
          3155, 3142, 3156, -1,
          3157, 2925, 3158, -1,
          3157, 3154, 2925, -1,
          3159, 3147, 3146, -1,
          3160, 3156, 3161, -1,
          3160, 3155, 3156, -1,
          3162, 3157, 3158, -1,
          3163, 3161, 3164, -1,
          3163, 3160, 3161, -1,
          3165, 3162, 3158, -1,
          3166, 3163, 3164, -1,
          3166, 3164, 3167, -1,
          3168, 3165, 3158, -1,
          3169, 3170, 3171, -1,
          3169, 3171, 3172, -1,
          3169, 3172, 3173, -1,
          3169, 3173, 3174, -1,
          3169, 3174, 3175, -1,
          3169, 3175, 3147, -1,
          3176, 3167, 3177, -1,
          3176, 3166, 3167, -1,
          3178, 3169, 3147, -1,
          3178, 3147, 3159, -1,
          3179, 3170, 3169, -1,
          3179, 3180, 3181, -1,
          3179, 3181, 3170, -1,
          3182, 3177, 3183, -1,
          3182, 3176, 3177, -1,
          3184, 3159, 3185, -1,
          3184, 3185, 3186, -1,
          3184, 3178, 3159, -1,
          3187, 3180, 3179, -1,
          3188, 3183, 3189, -1,
          3188, 3189, 3190, -1,
          3188, 3182, 3183, -1,
          3191, 3186, 3192, -1,
          3191, 3184, 3186, -1,
          3193, 3190, 3194, -1,
          3193, 3188, 3190, -1,
          3195, 3191, 3192, -1,
          3196, 3192, 3197, -1,
          3196, 3195, 3192, -1,
          3198, 3193, 3194, -1,
          3198, 3194, 3199, -1,
          3200, 3197, 3201, -1,
          3200, 3196, 3197, -1,
          3202, 3198, 3199, -1,
          3202, 3199, 3203, -1,
          3204, 3205, 3206, -1,
          3204, 3206, 3207, -1,
          3204, 3207, 3208, -1,
          3204, 3208, 3209, -1,
          3204, 3209, 3210, -1,
          3204, 3210, 3211, -1,
          3204, 3211, 3168, -1,
          3204, 3168, 3158, -1,
          3212, 3201, 3213, -1,
          3212, 3200, 3201, -1,
          3214, 3204, 3158, -1,
          3215, 3205, 3204, -1,
          3216, 3202, 3203, -1,
          3216, 3203, 3217, -1,
          3218, 3214, 3158, -1,
          3219, 3213, 3220, -1,
          3219, 3212, 3213, -1,
          3221, 3218, 3158, -1,
          3222, 3216, 3217, -1,
          3222, 3217, 3223, -1,
          3224, 3220, 3225, -1,
          3224, 3219, 3220, -1,
          3226, 3225, 3227, -1,
          3226, 3224, 3225, -1,
          3228, 3222, 3223, -1,
          3228, 3223, 3229, -1,
          3230, 3227, 3231, -1,
          3230, 3226, 3227, -1,
          3232, 3228, 3229, -1,
          3232, 3229, 3233, -1,
          3234, 3230, 3231, -1,
          3235, 3236, 3237, -1,
          3238, 3234, 3231, -1,
          3238, 3231, 3239, -1,
          3238, 3239, 3240, -1,
          3241, 3236, 3235, -1,
          3242, 3240, 3243, -1,
          3242, 3238, 3240, -1,
          3244, 3245, 3236, -1,
          3244, 3236, 3241, -1,
          3246, 3243, 3245, -1,
          3246, 3242, 3243, -1,
          3246, 3245, 3244, -1,
          3247, 3248, 3249, -1,
          3247, 3249, 3250, -1,
          3247, 3250, 3251, -1,
          3247, 3252, 3248, -1,
          3253, 3221, 3158, -1,
          3254, 3253, 3158, -1,
          3255, 3252, 3247, -1,
          3255, 3256, 3252, -1,
          3257, 3254, 3158, -1,
          3258, 3256, 3255, -1,
          3258, 3233, 3256, -1,
          3259, 3257, 3158, -1,
          3260, 3255, 3247, -1,
          3261, 3232, 3233, -1,
          3261, 3233, 3258, -1,
          3261, 3262, 3232, -1,
          3263, 3260, 3247, -1,
          3263, 3247, 3264, -1,
          3265, 3262, 3261, -1,
          3265, 3266, 3262, -1,
          3267, 3117, 3268, -1,
          3267, 3268, 3269, -1,
          3267, 3269, 3270, -1,
          3267, 3270, 3271, -1,
          3267, 3074, 3117, -1,
          3267, 3187, 3272, -1,
          3267, 3272, 3273, -1,
          3267, 3273, 3274, -1,
          3267, 3274, 3275, -1,
          3267, 3094, 3061, -1,
          3267, 3275, 3276, -1,
          3267, 3276, 3277, -1,
          3267, 3061, 3278, -1,
          3267, 3277, 3279, -1,
          3267, 3278, 3280, -1,
          3267, 3280, 3074, -1,
          3267, 3271, 3281, -1,
          3267, 3281, 3282, -1,
          3267, 3282, 3283, -1,
          3267, 3283, 3180, -1,
          3267, 3180, 3187, -1,
          3284, 3263, 3264, -1,
          3284, 3264, 3285, -1,
          3284, 3285, 3286, -1,
          3287, 3288, 3266, -1,
          3287, 3266, 3265, -1,
          3289, 3284, 3286, -1,
          3290, 3289, 3286, -1,
          3291, 3290, 3286, -1,
          3292, 3288, 3287, -1,
          3292, 3293, 3294, -1,
          3292, 3294, 3295, -1,
          3292, 3295, 3296, -1,
          3292, 3296, 3297, -1,
          3292, 3297, 3298, -1,
          3292, 3298, 3299, -1,
          3292, 3299, 3288, -1,
          3292, 3287, 3300, -1,
          3292, 3300, 3301, -1,
          3292, 3301, 3302, -1,
          3303, 3304, 3305, -1,
          3306, 3303, 3305, -1,
          3307, 3305, 3308, -1,
          3307, 3308, 3309, -1,
          3307, 3309, 3310, -1,
          3307, 3306, 3305, -1,
          3311, 3259, 3158, -1,
          3312, 3311, 3158, -1,
          3313, 3312, 3158, -1,
          3314, 3307, 3310, -1,
          3315, 3158, 3316, -1,
          3315, 3313, 3158, -1,
          3317, 3318, 3319, -1,
          3317, 3319, 3320, -1,
          3317, 3320, 3321, -1,
          3322, 3314, 3323, -1,
          3322, 3323, 3324, -1,
          3322, 3324, 3325, -1,
          3326, 3322, 3325, -1,
          3327, 3326, 3325, -1,
          3328, 3327, 3325, -1,
          3328, 3325, 3329, -1,
          3328, 3329, 3330, -1,
          3328, 3330, 3331, -1,
          3332, 3333, 3334, -1,
          3335, 3328, 3331, -1,
          3335, 3331, 3336, -1,
          3337, 3333, 3332, -1,
          3338, 3315, 3316, -1,
          3339, 3338, 3316, -1,
          3340, 3339, 3316, -1,
          3341, 3342, 3343, -1,
          3344, 3340, 3316, -1,
          3345, 3343, 3338, -1,
          3346, 3345, 3338, -1,
          3347, 3335, 3348, -1,
          3347, 3348, 3349, -1,
          3350, 3335, 3347, -1,
          3351, 3335, 3350, -1,
          3352, 3349, 3342, -1,
          3352, 3347, 3349, -1,
          3353, 3335, 3351, -1,
          3354, 3342, 3341, -1,
          3354, 3352, 3342, -1,
          3355, 3356, 3344, -1,
          3357, 3354, 3341, -1,
          3358, 3344, 3356, -1,
          3359, 3355, 3344, -1,
          3360, 3344, 3358, -1,
          3361, 3344, 3360, -1,
          3362, 3346, 3338, -1,
          3363, 3333, 3337, -1,
          3363, 3337, 3364, -1,
          3365, 3359, 3344, -1,
          3366, 3357, 3341, -1,
          3366, 3341, 3367, -1,
          3368, 3344, 3361, -1,
          3369, 3365, 3344, -1,
          3370, 3371, 3372, -1,
          3373, 3344, 3316, -1,
          3373, 3369, 3344, -1,
          3374, 3372, 3375, -1,
          3374, 3370, 3372, -1,
          3376, 3366, 3367, -1,
          3377, 3375, 3378, -1,
          3377, 3374, 3375, -1,
          3379, 3373, 3316, -1,
          3380, 3378, 3381, -1,
          3380, 3377, 3378, -1,
          3382, 3383, 3384, -1,
          3385, 3386, 3387, -1,
          3385, 3387, 3388, -1,
          3389, 3383, 3382, -1,
          3390, 3376, 3367, -1,
          3390, 3367, 3391, -1,
          3392, 3380, 3381, -1,
          3393, 3379, 3316, -1,
          3394, 3385, 3388, -1,
          3395, 3383, 3389, -1,
          3396, 3385, 3394, -1,
          3397, 3390, 3391, -1,
          3398, 3383, 3395, -1,
          3399, 3397, 3391, -1,
          3399, 3391, 3385, -1,
          3400, 3393, 3316, -1,
          3401, 3383, 3398, -1,
          3402, 3399, 3385, -1,
          3403, 3383, 3401, -1,
          3404, 3400, 3316, -1,
          3405, 3383, 3403, -1,
          3406, 3383, 3405, -1,
          3407, 3404, 3316, -1,
          3408, 3409, 3317, -1,
          3408, 3333, 3363, -1,
          3408, 3279, 3293, -1,
          3408, 3317, 3410, -1,
          3408, 3410, 3411, -1,
          3408, 3411, 3412, -1,
          3408, 3413, 3414, -1,
          3408, 3414, 3415, -1,
          3408, 3415, 3333, -1,
          3408, 3267, 3279, -1,
          3408, 3363, 3416, -1,
          3408, 3416, 3417, -1,
          3408, 3417, 3383, -1,
          3408, 3292, 3418, -1,
          3408, 3418, 3419, -1,
          3408, 3419, 3409, -1,
          3408, 3412, 3413, -1,
          3408, 3293, 3292, -1,
          3420, 3383, 3406, -1,
          3421, 3316, 3422, -1,
          3421, 3407, 3316, -1,
          3423, 3402, 3385, -1,
          3424, 3402, 3423, -1,
          3425, 3402, 3424, -1,
          3426, 3423, 3385, -1,
          3427, 3402, 3425, -1,
          3428, 3396, 3429, -1,
          3428, 3385, 3396, -1,
          3428, 3426, 3385, -1,
          3430, 3402, 3427, -1,
          3431, 3429, 3432, -1,
          3431, 3428, 3429, -1,
          3433, 3431, 3432, -1,
          3433, 3432, 3434, -1,
          3435, 3430, 3436, -1,
          3435, 3402, 3430, -1,
          3437, 3402, 3435, -1,
          3438, 3435, 3436, -1,
          3438, 3436, 3439, -1,
          3440, 3434, 3441, -1,
          3440, 3433, 3434, -1,
          3442, 3441, 3443, -1,
          3442, 3443, 3444, -1,
          3442, 3444, 3445, -1,
          3442, 3445, 3446, -1,
          3442, 3440, 3441, -1,
          3447, 3448, 3402, -1,
          3447, 3402, 3437, -1,
          3449, 3438, 3439, -1,
          3449, 3439, 3450, -1,
          3451, 3448, 3447, -1,
          3452, 3449, 3450, -1,
          3452, 3450, 3453, -1,
          3454, 3448, 3451, -1,
          3455, 3448, 3454, -1,
          3456, 3440, 3442, -1,
          3457, 3421, 3422, -1,
          3458, 3452, 3453, -1,
          3459, 3448, 3455, -1,
          3460, 3456, 3442, -1,
          3461, 3448, 3459, -1,
          3462, 3460, 3442, -1,
          3463, 3448, 3461, -1,
          3464, 3442, 3465, -1,
          3464, 3465, 3466, -1,
          3464, 3466, 3457, -1,
          3464, 3462, 3442, -1,
          3467, 3448, 3463, -1,
          3468, 3448, 3467, -1,
          3469, 3464, 3457, -1,
          3470, 3468, 3471, -1,
          3470, 3471, 3472, -1,
          3470, 3472, 3473, -1,
          3470, 3473, 3474, -1,
          3470, 3475, 3476, -1,
          3470, 3476, 3477, -1,
          3470, 3477, 3448, -1,
          3470, 3448, 3468, -1,
          3470, 3420, 3478, -1,
          3470, 3478, 3475, -1,
          3470, 3383, 3420, -1,
          3470, 3474, 3479, -1,
          3470, 3479, 3480, -1,
          3470, 3480, 3469, -1,
          3470, 3408, 3383, -1,
          3481, 3422, 3482, -1,
          3481, 3457, 3422, -1,
          3481, 3469, 3457, -1,
          3481, 3470, 3469, -1,
          3483, 3481, 3482, -1,
          3484, 3482, 3485, -1,
          3484, 3485, 3486, -1,
          3484, 3483, 3482, -1,
          3487, 3486, 985, -1,
          3487, 3484, 3486, -1,
          980, 3487, 985, -1,
          2991, 3000, 2994, -1,
          3074, 3001, 3075, -1,
          3075, 3001, 3488, -1,
          3488, 3001, 3489, -1,
          3489, 3001, 3490, -1,
          3490, 3001, 3491, -1,
          3491, 3001, 3052, -1,
          3052, 3001, 3004, -1,
          3322, 3307, 3314, -1,
          3383, 3328, 3384, -1,
          3384, 3328, 3492, -1,
          3492, 3328, 3493, -1,
          3493, 3328, 3370, -1,
          3370, 3328, 3371, -1,
          3371, 3328, 3353, -1,
          3353, 3328, 3335, -1,
          3311, 3314, 3259, -1,
          3342, 3315, 3343, -1,
          3343, 3315, 3338, -1,
          2515, 2520, 2464, -1,
          2606, 2522, 2607, -1,
          2607, 2522, 2615, -1,
          2915, 2922, 2916, -1,
          2983, 2924, 2984, -1,
          2984, 2924, 2979, -1,
          2869, 2771, 2867, -1,
          2867, 2771, 2853, -1,
          2696, 3494, 3495, -1,
          2696, 3495, 3496, -1,
          2696, 3496, 2723, -1,
          2710, 2620, 2711, -1,
          2711, 2620, 2708, -1,
          2708, 2620, 2696, -1,
          2400, 2381, 2401, -1,
          2401, 2381, 2398, -1,
          2377, 3497, 2306, -1,
          2303, 2337, 2254, -1,
          3498, 2391, 2351, -1,
          2395, 3499, 2410, -1,
          3385, 3344, 3368, -1,
          3385, 3368, 3386, -1,
          3310, 3259, 3314, -1,
          3253, 3500, 3221, -1,
          3204, 3247, 3215, -1,
          3215, 3247, 3501, -1,
          3501, 3247, 3251, -1,
          3286, 3502, 3291, -1,
          3291, 3502, 3304, -1,
          3304, 3502, 3305, -1,
          2935, 2899, 3503, -1,
          3503, 2899, 3504, -1,
          3504, 2899, 2927, -1,
          2935, 3503, 2936, -1,
          2895, 3505, 2864, -1,
          2895, 2864, 2865, -1,
          2895, 2865, 2869, -1,
          2848, 2889, 2821, -1,
          2892, 3506, 2932, -1,
          2892, 2932, 2931, -1,
          2892, 2931, 3507, -1,
          2892, 3507, 3508, -1,
          2892, 3508, 2914, -1,
          2863, 2821, 2889, -1,
          2733, 2843, 2777, -1,
          2777, 2714, 2733, -1,
          2703, 2671, 2670, -1,
          2671, 2646, 2668, -1,
          2592, 3509, 2622, -1,
          2343, 3510, 3511, -1,
          2343, 3511, 3512, -1,
          2343, 3512, 2378, -1,
          2310, 2245, 2275, -1,
          2310, 2275, 3513, -1,
          2310, 3513, 2311, -1,
          2166, 2116, 2146, -1,
          3514, 1974, 1976, -1,
          1977, 3515, 1978, -1,
          3412, 3307, 3413, -1,
          3413, 3307, 3322, -1,
          3516, 3292, 3517, -1,
          3517, 3292, 3518, -1,
          3518, 3292, 3519, -1,
          3519, 3292, 3520, -1,
          3520, 3292, 3302, -1,
          3409, 3318, 3317, -1,
          3103, 2896, 2914, -1,
          3103, 2914, 3098, -1,
          2888, 3521, 2889, -1,
          2889, 3521, 2860, -1,
          2889, 2860, 2863, -1,
          2842, 2872, 2850, -1,
          2850, 2872, 2880, -1,
          2913, 3522, 3095, -1,
          3523, 2757, 3524, -1,
          3524, 2757, 2756, -1,
          2699, 2613, 2622, -1,
          2699, 2622, 3525, -1,
          2699, 3525, 3526, -1,
          2699, 3526, 2673, -1,
          2005, 1964, 1989, -1,
          1829, 1678, 1683, -1,
          1829, 1683, 1687, -1,
          1829, 1687, 1689, -1,
          1762, 1828, 1827, -1,
          1762, 1765, 1828, -1,
          1763, 1827, 1830, -1,
          1763, 1830, 1831, -1,
          1763, 1762, 1827, -1,
          1767, 1763, 1831, -1,
          1765, 1678, 1829, -1,
          1765, 1829, 1828, -1,
          1689, 1767, 1829, -1,
          1829, 1767, 1831, -1,
          1894, 1883, 1889, -1,
          1894, 1881, 1883, -1,
          1897, 1878, 1881, -1,
          1897, 1881, 1894, -1,
          1900, 1877, 1878, -1,
          1900, 1878, 1897, -1,
          1949, 1933, 1944, -1,
          1949, 1924, 1933, -1,
          1895, 1893, 1872, -1,
          1895, 1872, 1877, -1,
          1895, 1877, 1900, -1,
          1892, 1872, 1893, -1,
          1892, 1867, 1872, -1,
          1952, 1924, 1949, -1,
          1952, 1917, 1924, -1,
          1888, 1867, 1892, -1,
          1912, 1895, 1900, -1,
          1912, 1899, 1895, -1,
          1941, 1899, 1912, -1,
          1959, 1917, 1952, -1,
          1959, 1916, 1917, -1,
          1887, 1867, 1888, -1,
          1887, 1870, 1867, -1,
          1909, 1942, 1941, -1,
          1958, 1916, 1959, -1,
          1886, 1870, 1887, -1,
          1874, 1870, 1886, -1,
          1951, 1916, 1958, -1,
          1951, 1946, 1911, -1,
          1951, 1911, 1916, -1,
          1943, 1911, 1946, -1,
          1957, 1954, 1951, -1,
          1957, 1951, 1958, -1,
          1972, 1954, 1957, -1,
          1885, 1874, 1886, -1,
          1939, 1910, 1943, -1,
          1876, 1874, 1885, -1,
          1908, 1921, 1920, -1,
          1973, 1972, 1957, -1,
          1938, 1908, 1939, -1,
          1937, 1922, 1921, -1,
          1937, 1921, 1908, -1,
          1937, 1908, 1938, -1,
          1963, 1973, 1957, -1,
          1969, 1973, 1963, -1,
          1936, 1922, 1937, -1,
          1966, 1969, 1963, -1,
          1923, 1922, 1936, -1,
          1891, 1880, 1876, -1,
          1967, 1966, 1963, -1,
          1945, 1919, 1923, -1,
          1940, 1919, 1945, -1,
          2048, 1953, 1940, -1,
          2049, 2048, 1940, -1,
          1971, 2049, 1940, -1,
          2045, 2044, 1970, -1,
          2005, 2045, 1970, -1,
          1964, 2005, 1970, -1,
          1964, 1970, 1968, -1,
          1964, 1968, 1965, -1,
          1964, 1965, 1967, -1,
          1964, 1967, 1963, -1,
          1981, 1970, 2044, -1,
          1936, 1945, 1923, -1,
          1945, 1971, 1940, -1,
          1885, 1891, 1876, -1,
          1891, 1902, 2047, -1,
          1891, 2047, 2046, -1,
          1891, 2046, 1896, -1,
          1891, 1896, 1880, -1,
          1909, 1908, 1920, -1,
          1909, 1920, 1942, -1,
          1912, 1909, 1941, -1,
          1910, 1911, 1943, -1,
          1908, 1910, 1939, -1,
          1963, 1956, 1960, -1,
          1963, 1960, 1962, -1,
          1963, 1962, 1964, -1,
          3527, 3528, 3529, -1,
          3530, 3531, 3528, -1,
          3530, 3528, 3527, -1,
          3532, 3533, 3531, -1,
          3532, 3531, 3530, -1,
          3534, 3533, 3532, -1,
          3535, 3536, 3533, -1,
          3535, 3533, 3534, -1,
          3537, 3538, 3536, -1,
          3537, 3536, 3535, -1,
          3539, 3540, 3538, -1,
          3539, 3538, 3537, -1,
          3541, 3542, 3540, -1,
          3541, 3540, 3539, -1,
          3543, 3542, 3541, -1,
          3544, 3542, 3543, -1,
          3545, 3546, 3544, -1,
          3545, 3544, 3543, -1,
          3547, 3548, 3546, -1,
          3547, 3546, 3545, -1,
          3549, 3550, 3548, -1,
          3549, 3548, 3547, -1,
          3551, 3552, 3550, -1,
          3551, 3550, 3549, -1,
          3553, 3554, 3552, -1,
          3553, 3552, 3551, -1,
          3555, 3556, 3554, -1,
          3555, 3554, 3553, -1,
          3557, 3558, 3556, -1,
          3557, 3556, 3555, -1,
          3559, 3558, 3557, -1,
          3559, 3560, 3558, -1,
          3561, 3560, 3559, -1,
          3561, 3562, 3560, -1,
          3563, 3562, 3561, -1,
          3563, 3564, 3562, -1,
          2002, 1990, 1999, -1,
          2006, 1988, 1990, -1,
          2006, 1990, 2002, -1,
          2008, 1987, 1988, -1,
          2008, 1988, 2006, -1,
          2026, 1985, 1987, -1,
          2026, 1987, 2008, -1,
          2001, 1982, 1985, -1,
          2003, 2001, 1985, -1,
          2003, 1985, 2026, -1,
          1998, 1982, 2001, -1,
          2007, 2003, 2026, -1,
          1997, 1983, 1982, -1,
          1997, 1982, 1998, -1,
          2025, 2057, 2007, -1,
          2025, 2007, 2026, -1,
          1996, 1983, 1997, -1,
          2058, 2057, 2025, -1,
          1995, 1984, 1983, -1,
          1995, 1983, 1996, -1,
          2033, 2058, 2025, -1,
          2033, 2053, 2058, -1,
          1994, 1984, 1995, -1,
          2054, 2053, 2033, -1,
          1986, 1984, 1994, -1,
          2041, 2054, 2033, -1,
          1989, 1986, 1993, -1,
          2004, 1989, 2000, -1,
          2292, 2059, 2056, -1,
          2293, 2292, 2056, -1,
          2108, 2293, 2056, -1,
          2036, 2108, 2056, -1,
          2036, 2056, 2052, -1,
          2036, 2052, 2040, -1,
          2036, 2040, 2042, -1,
          2036, 2042, 2041, -1,
          2036, 2041, 2033, -1,
          1993, 2000, 1989, -1,
          1994, 1993, 1986, -1,
          2000, 2012, 2051, -1,
          2000, 2051, 2050, -1,
          2000, 2050, 2004, -1,
          2033, 2024, 2028, -1,
          2033, 2028, 2032, -1,
          2033, 2032, 2036, -1,
          3565, 3566, 3567, -1,
          3568, 3569, 3566, -1,
          3568, 3566, 3565, -1,
          3570, 3571, 3569, -1,
          3570, 3569, 3568, -1,
          3572, 3571, 3570, -1,
          3573, 3574, 3571, -1,
          3573, 3571, 3572, -1,
          3575, 3576, 3574, -1,
          3575, 3574, 3573, -1,
          3577, 3578, 3576, -1,
          3577, 3576, 3575, -1,
          3579, 3580, 3578, -1,
          3579, 3578, 3577, -1,
          3581, 3580, 3579, -1,
          3582, 3580, 3581, -1,
          3583, 3584, 3582, -1,
          3583, 3582, 3581, -1,
          3585, 3586, 3584, -1,
          3585, 3584, 3583, -1,
          3587, 3588, 3586, -1,
          3587, 3586, 3585, -1,
          3589, 3590, 3588, -1,
          3589, 3588, 3587, -1,
          3591, 3592, 3590, -1,
          3591, 3590, 3589, -1,
          3593, 3594, 3592, -1,
          3593, 3592, 3591, -1,
          3595, 3596, 3594, -1,
          3595, 3594, 3593, -1,
          3597, 3596, 3595, -1,
          3597, 3598, 3596, -1,
          3599, 3598, 3597, -1,
          3599, 3600, 3598, -1,
          3601, 3600, 3599, -1,
          3601, 3602, 3600, -1,
          2114, 2106, 2110, -1,
          2117, 2100, 2106, -1,
          2117, 2106, 2114, -1,
          2123, 2100, 2117, -1,
          2128, 2098, 2100, -1,
          2128, 2100, 2123, -1,
          2133, 2096, 2098, -1,
          2133, 2098, 2128, -1,
          3529, 2096, 2133, -1,
          3529, 3528, 2095, -1,
          3529, 2095, 2096, -1,
          3531, 2095, 3528, -1,
          3531, 2093, 2095, -1,
          3527, 3529, 2133, -1,
          3533, 2093, 3531, -1,
          2135, 3527, 2133, -1,
          2135, 3530, 3527, -1,
          2090, 2093, 3533, -1,
          3536, 2090, 3533, -1,
          2137, 3530, 2135, -1,
          2137, 3532, 3530, -1,
          3538, 2090, 3536, -1,
          3534, 3532, 2137, -1,
          2094, 2090, 3538, -1,
          2142, 3534, 2137, -1,
          2142, 3535, 3534, -1,
          3540, 2094, 3538, -1,
          3537, 3535, 2142, -1,
          2161, 3537, 2142, -1,
          3542, 2094, 3540, -1,
          3539, 3537, 2161, -1,
          2097, 2094, 3542, -1,
          2164, 3539, 2161, -1,
          2164, 3541, 3539, -1,
          3543, 3541, 2164, -1,
          3544, 2099, 2097, -1,
          3546, 2107, 2099, -1,
          3546, 2099, 3544, -1,
          2173, 3545, 3543, -1,
          2173, 3543, 2164, -1,
          3548, 2107, 3546, -1,
          2113, 2107, 3548, -1,
          3547, 3545, 2173, -1,
          2180, 3547, 2173, -1,
          3550, 2113, 3548, -1,
          2122, 2113, 3550, -1,
          3549, 3547, 2180, -1,
          3552, 2122, 3550, -1,
          2127, 2122, 3552, -1,
          3554, 2127, 3552, -1,
          2183, 3551, 3549, -1,
          2183, 3549, 2180, -1,
          3556, 2132, 2127, -1,
          3556, 2127, 3554, -1,
          3558, 2132, 3556, -1,
          2194, 3553, 3551, -1,
          2194, 3555, 3553, -1,
          2194, 3551, 2183, -1,
          3560, 2132, 3558, -1,
          2134, 2132, 3560, -1,
          3562, 2134, 3560, -1,
          2284, 2134, 3562, -1,
          2284, 3562, 3564, -1,
          2201, 3557, 3555, -1,
          2201, 3559, 3557, -1,
          2201, 3555, 2194, -1,
          2218, 3559, 2201, -1,
          2218, 3561, 3559, -1,
          2218, 3563, 3561, -1,
          2224, 2284, 3564, -1,
          2224, 3563, 2218, -1,
          2224, 3564, 3563, -1,
          2228, 2285, 2284, -1,
          2228, 2284, 2224, -1,
          2291, 2286, 2285, -1,
          2291, 2287, 2286, -1,
          2291, 2285, 2228, -1,
          2290, 2288, 2287, -1,
          2290, 2289, 2288, -1,
          2290, 2287, 2291, -1,
          3542, 3544, 2097, -1,
          2184, 2178, 2181, -1,
          2185, 2177, 2178, -1,
          2185, 2178, 2184, -1,
          2197, 2177, 2185, -1,
          2202, 2174, 2177, -1,
          2202, 2177, 2197, -1,
          2220, 2169, 2174, -1,
          2220, 2174, 2202, -1,
          3567, 2169, 2220, -1,
          3567, 3566, 2167, -1,
          3567, 2167, 2169, -1,
          3569, 2167, 3566, -1,
          3569, 2162, 2167, -1,
          3565, 3567, 2220, -1,
          3571, 2162, 3569, -1,
          2225, 3565, 2220, -1,
          2225, 3568, 3565, -1,
          2160, 2162, 3571, -1,
          3574, 2160, 3571, -1,
          2229, 3568, 2225, -1,
          2229, 3570, 3568, -1,
          3576, 2160, 3574, -1,
          3572, 3570, 2229, -1,
          2163, 2160, 3576, -1,
          2232, 3572, 2229, -1,
          2232, 3573, 3572, -1,
          3578, 2163, 3576, -1,
          3575, 3573, 2232, -1,
          2233, 3575, 2232, -1,
          3580, 2163, 3578, -1,
          3577, 3575, 2233, -1,
          2172, 2163, 3580, -1,
          2264, 3577, 2233, -1,
          2264, 3579, 3577, -1,
          3581, 3579, 2264, -1,
          3582, 2175, 2172, -1,
          3584, 2179, 2175, -1,
          3584, 2175, 3582, -1,
          2263, 3583, 3581, -1,
          2263, 3581, 2264, -1,
          3586, 2179, 3584, -1,
          2182, 2179, 3586, -1,
          3585, 3583, 2263, -1,
          2329, 3585, 2263, -1,
          3588, 2182, 3586, -1,
          2193, 2182, 3588, -1,
          3587, 3585, 2329, -1,
          3590, 2193, 3588, -1,
          2200, 2193, 3590, -1,
          3592, 2200, 3590, -1,
          2328, 3589, 3587, -1,
          2328, 3587, 2329, -1,
          3594, 2217, 2200, -1,
          3594, 2200, 3592, -1,
          3596, 2217, 3594, -1,
          2327, 3591, 3589, -1,
          2327, 3593, 3591, -1,
          2327, 3589, 2328, -1,
          3598, 2217, 3596, -1,
          2223, 2217, 3598, -1,
          3600, 2223, 3598, -1,
          2227, 2223, 3600, -1,
          2227, 3600, 3602, -1,
          2326, 3595, 3593, -1,
          2326, 3597, 3595, -1,
          2326, 3593, 2327, -1,
          2325, 3597, 2326, -1,
          2325, 3599, 3597, -1,
          2325, 3601, 3599, -1,
          2324, 2227, 3602, -1,
          2324, 3601, 2325, -1,
          2324, 3602, 3601, -1,
          2323, 2294, 2227, -1,
          2323, 2227, 2324, -1,
          2300, 2295, 2294, -1,
          2300, 2296, 2295, -1,
          2300, 2294, 2323, -1,
          2299, 2297, 2296, -1,
          2299, 2298, 2297, -1,
          2299, 2296, 2300, -1,
          3580, 3582, 2172, -1,
          2333, 2260, 2272, -1,
          2333, 2272, 2277, -1,
          2334, 2277, 2280, -1,
          2334, 2333, 2277, -1,
          2335, 2334, 2280, -1,
          2312, 2335, 2280, -1,
          2472, 2322, 2333, -1,
          2473, 2472, 2333, -1,
          2332, 2473, 2333, -1,
          2322, 2260, 2333, -1,
          2387, 2338, 2346, -1,
          2387, 2346, 2352, -1,
          2388, 2352, 2355, -1,
          2388, 2387, 2352, -1,
          2389, 2388, 2355, -1,
          2372, 2389, 2355, -1,
          2470, 2385, 2387, -1,
          2471, 2470, 2387, -1,
          2386, 2471, 2387, -1,
          2385, 2338, 2387, -1,
          3603, 3604, 3605, -1,
          3606, 3607, 3604, -1,
          3606, 3604, 3603, -1,
          3608, 3609, 3607, -1,
          3608, 3607, 3606, -1,
          3610, 3609, 3608, -1,
          3611, 3612, 3609, -1,
          3611, 3609, 3610, -1,
          3613, 3614, 3612, -1,
          3613, 3612, 3611, -1,
          3615, 3616, 3614, -1,
          3615, 3614, 3613, -1,
          3617, 3618, 3616, -1,
          3617, 3616, 3615, -1,
          3619, 3618, 3617, -1,
          3620, 3618, 3619, -1,
          3621, 3622, 3620, -1,
          3621, 3620, 3619, -1,
          3623, 3624, 3622, -1,
          3623, 3622, 3621, -1,
          3625, 3626, 3624, -1,
          3625, 3624, 3623, -1,
          3627, 3628, 3626, -1,
          3627, 3626, 3625, -1,
          3629, 3630, 3628, -1,
          3629, 3628, 3627, -1,
          3631, 3632, 3630, -1,
          3631, 3630, 3629, -1,
          3633, 3634, 3632, -1,
          3633, 3632, 3631, -1,
          3635, 3634, 3633, -1,
          3635, 3636, 3634, -1,
          3637, 3636, 3635, -1,
          3637, 3638, 3636, -1,
          3639, 3638, 3637, -1,
          3639, 3640, 3638, -1,
          2468, 2408, 2403, -1,
          2468, 2403, 2417, -1,
          2469, 2417, 2431, -1,
          2469, 2468, 2417, -1,
          2492, 2431, 2454, -1,
          2492, 2469, 2431, -1,
          3641, 3642, 3643, -1,
          3644, 3645, 3642, -1,
          3644, 3642, 3641, -1,
          3646, 3647, 3645, -1,
          3646, 3645, 3644, -1,
          3648, 3647, 3646, -1,
          3649, 3650, 3647, -1,
          3649, 3647, 3648, -1,
          3651, 3652, 3650, -1,
          3651, 3650, 3649, -1,
          3653, 3654, 3652, -1,
          3653, 3652, 3651, -1,
          3655, 3656, 3654, -1,
          3655, 3654, 3653, -1,
          3657, 3656, 3655, -1,
          3658, 3656, 3657, -1,
          3659, 3660, 3658, -1,
          3659, 3658, 3657, -1,
          3661, 3662, 3660, -1,
          3661, 3660, 3659, -1,
          3663, 3664, 3662, -1,
          3663, 3662, 3661, -1,
          3665, 3666, 3664, -1,
          3665, 3664, 3663, -1,
          3667, 3668, 3666, -1,
          3667, 3666, 3665, -1,
          3669, 3670, 3668, -1,
          3669, 3668, 3667, -1,
          3671, 3672, 3670, -1,
          3671, 3670, 3669, -1,
          3673, 3672, 3671, -1,
          3673, 3674, 3672, -1,
          3675, 3674, 3673, -1,
          3675, 3676, 3674, -1,
          3677, 3676, 3675, -1,
          3677, 3678, 3676, -1,
          2497, 2490, 2495, -1,
          2499, 2489, 2490, -1,
          2499, 2490, 2497, -1,
          2501, 2489, 2499, -1,
          2503, 2486, 2489, -1,
          2503, 2489, 2501, -1,
          2510, 2484, 2486, -1,
          2510, 2486, 2503, -1,
          3605, 2484, 2510, -1,
          3605, 3604, 2483, -1,
          3605, 2483, 2484, -1,
          3607, 2483, 3604, -1,
          3607, 2475, 2483, -1,
          3603, 3605, 2510, -1,
          3609, 2475, 3607, -1,
          2523, 3603, 2510, -1,
          2523, 3606, 3603, -1,
          2474, 2475, 3609, -1,
          3612, 2474, 3609, -1,
          2525, 3606, 2523, -1,
          2525, 3608, 3606, -1,
          3614, 2474, 3612, -1,
          3610, 3608, 2525, -1,
          2476, 2474, 3614, -1,
          2548, 3610, 2525, -1,
          2548, 3611, 3610, -1,
          3616, 2476, 3614, -1,
          3613, 3611, 2548, -1,
          2547, 3613, 2548, -1,
          3618, 2476, 3616, -1,
          3615, 3613, 2547, -1,
          2485, 2476, 3618, -1,
          2551, 3615, 2547, -1,
          2551, 3617, 3615, -1,
          3619, 3617, 2551, -1,
          3620, 2488, 2485, -1,
          3622, 2491, 2488, -1,
          3622, 2488, 3620, -1,
          2559, 3621, 3619, -1,
          2559, 3619, 2551, -1,
          3624, 2491, 3622, -1,
          2496, 2491, 3624, -1,
          3623, 3621, 2559, -1,
          2566, 3623, 2559, -1,
          3626, 2496, 3624, -1,
          2500, 2496, 3626, -1,
          3625, 3623, 2566, -1,
          3628, 2500, 3626, -1,
          2502, 2500, 3628, -1,
          3630, 2502, 3628, -1,
          2569, 3627, 3625, -1,
          2569, 3625, 2566, -1,
          3632, 2509, 2502, -1,
          3632, 2502, 3630, -1,
          3634, 2509, 3632, -1,
          2577, 3629, 3627, -1,
          2577, 3631, 3629, -1,
          2577, 3627, 2569, -1,
          3636, 2509, 3634, -1,
          2518, 2509, 3636, -1,
          3638, 2518, 3636, -1,
          2676, 2518, 3638, -1,
          2676, 3638, 3640, -1,
          2585, 3633, 3631, -1,
          2585, 3635, 3633, -1,
          2585, 3631, 2577, -1,
          2588, 3635, 2585, -1,
          2588, 3637, 3635, -1,
          2588, 3639, 3637, -1,
          2591, 2676, 3640, -1,
          2591, 3639, 2588, -1,
          2591, 3640, 3639, -1,
          2684, 2677, 2676, -1,
          2684, 2676, 2591, -1,
          2683, 2678, 2677, -1,
          2683, 2679, 2678, -1,
          2683, 2677, 2684, -1,
          2682, 2680, 2679, -1,
          2682, 2681, 2680, -1,
          2682, 2679, 2683, -1,
          3618, 3620, 2485, -1,
          3679, 2608, 2611, -1,
          3679, 2611, 2612, -1,
          3679, 2612, 2613, -1,
          3680, 2637, 3679, -1,
          2648, 2627, 2623, -1,
          2648, 2623, 2626, -1,
          2649, 2626, 2634, -1,
          2649, 2648, 2626, -1,
          2650, 2634, 2637, -1,
          2650, 2649, 2634, -1,
          2650, 2637, 3680, -1,
          2662, 3680, 3681, -1,
          2662, 2650, 3680, -1,
          2660, 3681, 3682, -1,
          2660, 2662, 3681, -1,
          2669, 3682, 3683, -1,
          2669, 2660, 3682, -1,
          2699, 2669, 3683, -1,
          2685, 2647, 2650, -1,
          2686, 2650, 2662, -1,
          2686, 2685, 2650, -1,
          2661, 2686, 2662, -1,
          2613, 2699, 3679, -1,
          3679, 2699, 3683, -1,
          2637, 2608, 3679, -1,
          2574, 2564, 2567, -1,
          2575, 2563, 2564, -1,
          2575, 2564, 2574, -1,
          2578, 2563, 2575, -1,
          2586, 2560, 2563, -1,
          2586, 2563, 2578, -1,
          2589, 2556, 2560, -1,
          2589, 2560, 2586, -1,
          3643, 2556, 2589, -1,
          3643, 3642, 2555, -1,
          3643, 2555, 2556, -1,
          3645, 2555, 3642, -1,
          3645, 2549, 2555, -1,
          3641, 3643, 2589, -1,
          3647, 2549, 3645, -1,
          2594, 3641, 2589, -1,
          2594, 3644, 3641, -1,
          2546, 2549, 3647, -1,
          3650, 2546, 3647, -1,
          2598, 3644, 2594, -1,
          2598, 3646, 3644, -1,
          3652, 2546, 3650, -1,
          3648, 3646, 2598, -1,
          2550, 2546, 3652, -1,
          2604, 3648, 2598, -1,
          2604, 3649, 3648, -1,
          3654, 2550, 3652, -1,
          3651, 3649, 2604, -1,
          2610, 3651, 2604, -1,
          3656, 2550, 3654, -1,
          3653, 3651, 2610, -1,
          2558, 2550, 3656, -1,
          2609, 3653, 2610, -1,
          2609, 3655, 3653, -1,
          3657, 3655, 2609, -1,
          3658, 2562, 2558, -1,
          3660, 2565, 2562, -1,
          3660, 2562, 3658, -1,
          2625, 3659, 3657, -1,
          2625, 3657, 2609, -1,
          3662, 2565, 3660, -1,
          2568, 2565, 3662, -1,
          3661, 3659, 2625, -1,
          2624, 3661, 2625, -1,
          3664, 2568, 3662, -1,
          2576, 2568, 3664, -1,
          3663, 3661, 2624, -1,
          3666, 2576, 3664, -1,
          2584, 2576, 3666, -1,
          3668, 2584, 3666, -1,
          2630, 3665, 3663, -1,
          2630, 3663, 2624, -1,
          3670, 2587, 2584, -1,
          3670, 2584, 3668, -1,
          3672, 2587, 3670, -1,
          2629, 3667, 3665, -1,
          2629, 3669, 3667, -1,
          2629, 3665, 2630, -1,
          3674, 2587, 3672, -1,
          2590, 2587, 3674, -1,
          3676, 2590, 3674, -1,
          2597, 2590, 3676, -1,
          2597, 3676, 3678, -1,
          2628, 3671, 3669, -1,
          2628, 3673, 3671, -1,
          2628, 3669, 2629, -1,
          2653, 3673, 2628, -1,
          2653, 3675, 3673, -1,
          2653, 3677, 3675, -1,
          2652, 2597, 3678, -1,
          2652, 3677, 2653, -1,
          2652, 3678, 3677, -1,
          2651, 2687, 2597, -1,
          2651, 2597, 2652, -1,
          2693, 2688, 2687, -1,
          2693, 2689, 2688, -1,
          2693, 2687, 2651, -1,
          2692, 2690, 2689, -1,
          2692, 2691, 2690, -1,
          2692, 2689, 2693, -1,
          3656, 3658, 2558, -1,
          3681, 3680, 3679, -1,
          3682, 3681, 3679, -1,
          3683, 3682, 3679, -1,
          2773, 2752, 2758, -1,
          2773, 2758, 2764, -1,
          2776, 2746, 2752, -1,
          2776, 2752, 2773, -1,
          2780, 2732, 2738, -1,
          2779, 2732, 2780, -1,
          2779, 2729, 2732, -1,
          2781, 2746, 2776, -1,
          2781, 2738, 2746, -1,
          2781, 2780, 2738, -1,
          2781, 2776, 2785, -1,
          2763, 2729, 2779, -1,
          2782, 2781, 2785, -1,
          2797, 2782, 2785, -1,
          2762, 2726, 2729, -1,
          2762, 2729, 2763, -1,
          2784, 2782, 2797, -1,
          2735, 2726, 2762, -1,
          2801, 2784, 2797, -1,
          2823, 2784, 2801, -1,
          2804, 2823, 2801, -1,
          2825, 2823, 2804, -1,
          2847, 2825, 2804, -1,
          2847, 2830, 2825, -1,
          2832, 2830, 2847, -1,
          2846, 2832, 2847, -1,
          2838, 2832, 2846, -1,
          2845, 2838, 2846, -1,
          2845, 2840, 2838, -1,
          2737, 2734, 2751, -1,
          2737, 2751, 2761, -1,
          2834, 2840, 2845, -1,
          2741, 2737, 3523, -1,
          2844, 2834, 2845, -1,
          2835, 2834, 2844, -1,
          2757, 2737, 2761, -1,
          2757, 3523, 2737, -1,
          2775, 2761, 2778, -1,
          2775, 2757, 2761, -1,
          3524, 2741, 3523, -1,
          2787, 2775, 2778, -1,
          2748, 2741, 3524, -1,
          2850, 2835, 2844, -1,
          2850, 2836, 2835, -1,
          2756, 2748, 3524, -1,
          2833, 2836, 2850, -1,
          2755, 2748, 2756, -1,
          2880, 2833, 2850, -1,
          2754, 2748, 2755, -1,
          2839, 2833, 2880, -1,
          2769, 2754, 2755, -1,
          2879, 2839, 2880, -1,
          2841, 2839, 2879, -1,
          2774, 2760, 2754, -1,
          2774, 2754, 2769, -1,
          2878, 2841, 2879, -1,
          2837, 2841, 2878, -1,
          2783, 2760, 2774, -1,
          2772, 2760, 2783, -1,
          2786, 2772, 2783, -1,
          2877, 2831, 2837, -1,
          2877, 2837, 2878, -1,
          2903, 2772, 2786, -1,
          2798, 2903, 2786, -1,
          2904, 2903, 2798, -1,
          2802, 2904, 2798, -1,
          2876, 2831, 2877, -1,
          2876, 2829, 2831, -1,
          2876, 2824, 2829, -1,
          2905, 2904, 2802, -1,
          2875, 2824, 2876, -1,
          2875, 2822, 2824, -1,
          2874, 2822, 2875, -1,
          2874, 2819, 2822, -1,
          2873, 2819, 2874, -1,
          2873, 2805, 2819, -1,
          2873, 2803, 2805, -1,
          2910, 2905, 2802, -1,
          2910, 2803, 2873, -1,
          2910, 2802, 2803, -1,
          2909, 2906, 2905, -1,
          2909, 2907, 2906, -1,
          2909, 2908, 2907, -1,
          2909, 2905, 2910, -1,
          3522, 2888, 2893, -1,
          3522, 2893, 2894, -1,
          3522, 2894, 2896, -1,
          2911, 2872, 3521, -1,
          2912, 2911, 3521, -1,
          2913, 2912, 3521, -1,
          3095, 3522, 3101, -1,
          3101, 3522, 3102, -1,
          3102, 3522, 3103, -1,
          3522, 2913, 3521, -1,
          2872, 2842, 3521, -1,
          2860, 3521, 2854, -1,
          2854, 3521, 2849, -1,
          2849, 3521, 2842, -1,
          3521, 2888, 3522, -1,
          2896, 3103, 3522, -1,
          3098, 2914, 3508, -1,
          3099, 3098, 3508, -1,
          3100, 3508, 3507, -1,
          3100, 3099, 3508, -1,
          2950, 3507, 2931, -1,
          2950, 3100, 3507, -1,
          3684, 3685, 3686, -1,
          3687, 3684, 3686, -1,
          3688, 3687, 3686, -1,
          3686, 2991, 2997, -1,
          3686, 2997, 2998, -1,
          3686, 2998, 3001, -1,
          3015, 3685, 3684, -1,
          3015, 3684, 3687, -1,
          3015, 3017, 3685, -1,
          3028, 3687, 3688, -1,
          3028, 3015, 3687, -1,
          3062, 3028, 3688, -1,
          3104, 3000, 3017, -1,
          3105, 3104, 3017, -1,
          3016, 3105, 3017, -1,
          3278, 3061, 3062, -1,
          3280, 3278, 3062, -1,
          3074, 3280, 3062, -1,
          3000, 2991, 3686, -1,
          3000, 3686, 3685, -1,
          3000, 3685, 3017, -1,
          3001, 3074, 3686, -1,
          3686, 3074, 3688, -1,
          3688, 3074, 3062, -1,
          3689, 3690, 3691, -1,
          3689, 3691, 3692, -1,
          3693, 3694, 3690, -1,
          3693, 3690, 3689, -1,
          3695, 3696, 3694, -1,
          3695, 3694, 3693, -1,
          3697, 3698, 3696, -1,
          3697, 3696, 3695, -1,
          3699, 3700, 3698, -1,
          3699, 3698, 3697, -1,
          3701, 3702, 3700, -1,
          3701, 3700, 3699, -1,
          3703, 3704, 3702, -1,
          3703, 3702, 3701, -1,
          3705, 3706, 3707, -1,
          3705, 3707, 3704, -1,
          3705, 3704, 3703, -1,
          3708, 3706, 3705, -1,
          3709, 3710, 3706, -1,
          3709, 3706, 3708, -1,
          3711, 3712, 3710, -1,
          3711, 3710, 3709, -1,
          3713, 3714, 3712, -1,
          3713, 3712, 3711, -1,
          3715, 3716, 3714, -1,
          3715, 3714, 3713, -1,
          3717, 3716, 3715, -1,
          3717, 3718, 3716, -1,
          3719, 3720, 3718, -1,
          3719, 3718, 3717, -1,
          3721, 3720, 3719, -1,
          3721, 3722, 3723, -1,
          3721, 3723, 3720, -1,
          3724, 3725, 3722, -1,
          3724, 3722, 3721, -1,
          3726, 3725, 3724, -1,
          3727, 3728, 3725, -1,
          3727, 3725, 3726, -1,
          3729, 3730, 3731, -1,
          3732, 3731, 3728, -1,
          3732, 3728, 3727, -1,
          3732, 3729, 3731, -1,
          2968, 2937, 2930, -1,
          2968, 2930, 2944, -1,
          2969, 2968, 2944, -1,
          2970, 2944, 2952, -1,
          2970, 2969, 2944, -1,
          2975, 2970, 2952, -1,
          2976, 2975, 2952, -1,
          2977, 2952, 2958, -1,
          2977, 2976, 2952, -1,
          2994, 2977, 2958, -1,
          3096, 2967, 2970, -1,
          3097, 3096, 2970, -1,
          3097, 2970, 2975, -1,
          2974, 3097, 2975, -1,
          3110, 3083, 3107, -1,
          3112, 3083, 3110, -1,
          3114, 3083, 3112, -1,
          3114, 3071, 3083, -1,
          3690, 3059, 3066, -1,
          3691, 3690, 3066, -1,
          3694, 3059, 3690, -1,
          3694, 3056, 3059, -1,
          3692, 3071, 3114, -1,
          3692, 3691, 3066, -1,
          3692, 3066, 3071, -1,
          3118, 3692, 3114, -1,
          3696, 3056, 3694, -1,
          3689, 3692, 3118, -1,
          3698, 3056, 3696, -1,
          3698, 3053, 3056, -1,
          3120, 3689, 3118, -1,
          3693, 3689, 3120, -1,
          3700, 3053, 3698, -1,
          3700, 3050, 3053, -1,
          3122, 3693, 3120, -1,
          3122, 3695, 3693, -1,
          3702, 3050, 3700, -1,
          3048, 3050, 3702, -1,
          3704, 3048, 3702, -1,
          3052, 3048, 3704, -1,
          3127, 3695, 3122, -1,
          3127, 3697, 3695, -1,
          3699, 3697, 3127, -1,
          3707, 3052, 3704, -1,
          3491, 3052, 3707, -1,
          3151, 3699, 3127, -1,
          3701, 3699, 3151, -1,
          3706, 3491, 3707, -1,
          3490, 3491, 3706, -1,
          3150, 3701, 3151, -1,
          3703, 3701, 3150, -1,
          3710, 3489, 3490, -1,
          3710, 3490, 3706, -1,
          3149, 3703, 3150, -1,
          3705, 3703, 3149, -1,
          3712, 3488, 3489, -1,
          3712, 3489, 3710, -1,
          3714, 3075, 3488, -1,
          3714, 3488, 3712, -1,
          3148, 3705, 3149, -1,
          3148, 3708, 3705, -1,
          3709, 3708, 3148, -1,
          3716, 3075, 3714, -1,
          3073, 3075, 3716, -1,
          3147, 3709, 3148, -1,
          3147, 3711, 3709, -1,
          3718, 3073, 3716, -1,
          3079, 3073, 3718, -1,
          3175, 3711, 3147, -1,
          3713, 3711, 3175, -1,
          3720, 3079, 3718, -1,
          3174, 3713, 3175, -1,
          3723, 3079, 3720, -1,
          3723, 3106, 3079, -1,
          3715, 3713, 3174, -1,
          3722, 3106, 3723, -1,
          3173, 3715, 3174, -1,
          3717, 3715, 3173, -1,
          3109, 3106, 3722, -1,
          3725, 3109, 3722, -1,
          3172, 3717, 3173, -1,
          3172, 3719, 3717, -1,
          3113, 3109, 3725, -1,
          3728, 3113, 3725, -1,
          3171, 3719, 3172, -1,
          3171, 3721, 3719, -1,
          3116, 3113, 3728, -1,
          3731, 3116, 3728, -1,
          3170, 3721, 3171, -1,
          3170, 3724, 3721, -1,
          3117, 3116, 3731, -1,
          3117, 3731, 3730, -1,
          3181, 3724, 3170, -1,
          3181, 3726, 3724, -1,
          3181, 3727, 3726, -1,
          3268, 3117, 3730, -1,
          3180, 3727, 3181, -1,
          3180, 3732, 3727, -1,
          3283, 3732, 3180, -1,
          3283, 3729, 3732, -1,
          3283, 3730, 3729, -1,
          3282, 3268, 3730, -1,
          3282, 3730, 3283, -1,
          3281, 3268, 3282, -1,
          3281, 3269, 3268, -1,
          3281, 3270, 3269, -1,
          3281, 3271, 3270, -1,
          3733, 3734, 3735, -1,
          3736, 3734, 3733, -1,
          3737, 3734, 3736, -1,
          3738, 3737, 3736, -1,
          3739, 3737, 3738, -1,
          3740, 3737, 3739, -1,
          3741, 3740, 3739, -1,
          3742, 3741, 3739, -1,
          3743, 3742, 3739, -1,
          3744, 3745, 3746, -1,
          3744, 3746, 3747, -1,
          3744, 3747, 3748, -1,
          3744, 3748, 3749, -1,
          3744, 3749, 3750, -1,
          3739, 3744, 3750, -1,
          3739, 3750, 3751, -1,
          3739, 3751, 3743, -1,
          3182, 3166, 3176, -1,
          3188, 3163, 3166, -1,
          3188, 3166, 3182, -1,
          3201, 3155, 3160, -1,
          3201, 3197, 3155, -1,
          3192, 3152, 3155, -1,
          3192, 3155, 3197, -1,
          3213, 3160, 3163, -1,
          3213, 3188, 3193, -1,
          3213, 3163, 3188, -1,
          3213, 3201, 3160, -1,
          3186, 3146, 3152, -1,
          3186, 3152, 3192, -1,
          3198, 3220, 3213, -1,
          3198, 3213, 3193, -1,
          3185, 3146, 3186, -1,
          3225, 3220, 3198, -1,
          3202, 3225, 3198, -1,
          3159, 3146, 3185, -1,
          3227, 3225, 3202, -1,
          3216, 3227, 3202, -1,
          3231, 3227, 3216, -1,
          3222, 3231, 3216, -1,
          3222, 3239, 3231, -1,
          3240, 3239, 3222, -1,
          3228, 3240, 3222, -1,
          3243, 3240, 3228, -1,
          3232, 3243, 3228, -1,
          3245, 3243, 3232, -1,
          3262, 3245, 3232, -1,
          3262, 3236, 3245, -1,
          3237, 3236, 3262, -1,
          3266, 3237, 3262, -1,
          3266, 3235, 3237, -1,
          3288, 3241, 3235, -1,
          3288, 3235, 3266, -1,
          3184, 3169, 3178, -1,
          3299, 3244, 3241, -1,
          3299, 3241, 3288, -1,
          3191, 3169, 3184, -1,
          3179, 3169, 3191, -1,
          3298, 3246, 3244, -1,
          3298, 3244, 3299, -1,
          3242, 3246, 3298, -1,
          3195, 3179, 3191, -1,
          3187, 3179, 3195, -1,
          3196, 3187, 3195, -1,
          3297, 3238, 3242, -1,
          3297, 3242, 3298, -1,
          3200, 3187, 3196, -1,
          3296, 3234, 3238, -1,
          3296, 3238, 3297, -1,
          3272, 3187, 3200, -1,
          3212, 3272, 3200, -1,
          3295, 3230, 3234, -1,
          3295, 3234, 3296, -1,
          3273, 3272, 3212, -1,
          3294, 3226, 3230, -1,
          3294, 3230, 3295, -1,
          3293, 3224, 3226, -1,
          3293, 3226, 3294, -1,
          3279, 3219, 3224, -1,
          3279, 3224, 3293, -1,
          3277, 3219, 3279, -1,
          3277, 3212, 3219, -1,
          3277, 3273, 3212, -1,
          3276, 3273, 3277, -1,
          3276, 3274, 3273, -1,
          3276, 3275, 3274, -1,
          3752, 3753, 3754, -1,
          3755, 3752, 3754, -1,
          3756, 3755, 3754, -1,
          3754, 3322, 3326, -1,
          3754, 3326, 3327, -1,
          3754, 3327, 3328, -1,
          3332, 3753, 3752, -1,
          3332, 3752, 3755, -1,
          3332, 3334, 3753, -1,
          3337, 3755, 3756, -1,
          3337, 3332, 3755, -1,
          3364, 3337, 3756, -1,
          3414, 3413, 3334, -1,
          3415, 3414, 3334, -1,
          3333, 3415, 3334, -1,
          3416, 3363, 3364, -1,
          3417, 3416, 3364, -1,
          3383, 3417, 3364, -1,
          3413, 3322, 3754, -1,
          3413, 3754, 3753, -1,
          3413, 3753, 3334, -1,
          3328, 3383, 3754, -1,
          3754, 3383, 3756, -1,
          3756, 3383, 3364, -1,
          3757, 3758, 3759, -1,
          3760, 3758, 3757, -1,
          3761, 3758, 3760, -1,
          3762, 3758, 3761, -1,
          3763, 3758, 3762, -1,
          3764, 3763, 3762, -1,
          3765, 3764, 3762, -1,
          3766, 3767, 3768, -1,
          3769, 3768, 3770, -1,
          3769, 3766, 3768, -1,
          3771, 3770, 3772, -1,
          3771, 3772, 3773, -1,
          3771, 3773, 3774, -1,
          3771, 3774, 3775, -1,
          3771, 3769, 3770, -1,
          3762, 3771, 3765, -1,
          3765, 3771, 3776, -1,
          3776, 3771, 3777, -1,
          3777, 3771, 3778, -1,
          3778, 3771, 3775, -1,
          3779, 3780, 3781, -1,
          3782, 3780, 3779, -1,
          3783, 3782, 3779, -1,
          3784, 3782, 3783, -1,
          3785, 3782, 3784, -1,
          3786, 3785, 3784, -1,
          3787, 3786, 3784, -1,
          3788, 3787, 3784, -1,
          3789, 3790, 3791, -1,
          3792, 3789, 3791, -1,
          3793, 3791, 3794, -1,
          3793, 3794, 3795, -1,
          3793, 3795, 3796, -1,
          3793, 3796, 3797, -1,
          3793, 3792, 3791, -1,
          3784, 3793, 3797, -1,
          3784, 3797, 3798, -1,
          3784, 3798, 3799, -1,
          3784, 3799, 3800, -1,
          3784, 3800, 3788, -1,
          3291, 3289, 3290, -1,
          3734, 3260, 3263, -1,
          3737, 3260, 3734, -1,
          3735, 3263, 3284, -1,
          3735, 3734, 3263, -1,
          3740, 3255, 3260, -1,
          3740, 3260, 3737, -1,
          3733, 3284, 3289, -1,
          3733, 3289, 3291, -1,
          3733, 3735, 3284, -1,
          3741, 3255, 3740, -1,
          3736, 3291, 3304, -1,
          3736, 3733, 3291, -1,
          3738, 3304, 3303, -1,
          3738, 3736, 3304, -1,
          3742, 3258, 3255, -1,
          3742, 3255, 3741, -1,
          3739, 3303, 3306, -1,
          3739, 3306, 3307, -1,
          3739, 3738, 3303, -1,
          3743, 3261, 3258, -1,
          3743, 3258, 3742, -1,
          3751, 3261, 3743, -1,
          3751, 3265, 3261, -1,
          3287, 3265, 3751, -1,
          3750, 3287, 3751, -1,
          3300, 3287, 3750, -1,
          3749, 3300, 3750, -1,
          3301, 3300, 3749, -1,
          3748, 3301, 3749, -1,
          3747, 3301, 3748, -1,
          3302, 3301, 3747, -1,
          3746, 3302, 3747, -1,
          3520, 3302, 3746, -1,
          3745, 3520, 3746, -1,
          3519, 3520, 3745, -1,
          3518, 3519, 3745, -1,
          3516, 3517, 3518, -1,
          3516, 3518, 3745, -1,
          3318, 3516, 3745, -1,
          3318, 3745, 3744, -1,
          3319, 3318, 3744, -1,
          3320, 3319, 3744, -1,
          3321, 3320, 3744, -1,
          3409, 3419, 3516, -1,
          3410, 3317, 3321, -1,
          3411, 3410, 3321, -1,
          3412, 3411, 3321, -1,
          3307, 3412, 3739, -1,
          3739, 3412, 3744, -1,
          3744, 3412, 3321, -1,
          3318, 3409, 3516, -1,
          3292, 3516, 3418, -1,
          3418, 3516, 3419, -1,
          3801, 3802, 3803, -1,
          3804, 3802, 3801, -1,
          3805, 3802, 3804, -1,
          3806, 3802, 3805, -1,
          3807, 3802, 3806, -1,
          3808, 3807, 3806, -1,
          3809, 3808, 3806, -1,
          3810, 3811, 3812, -1,
          3813, 3812, 3814, -1,
          3813, 3810, 3812, -1,
          3815, 3814, 3816, -1,
          3815, 3816, 3817, -1,
          3815, 3817, 3818, -1,
          3815, 3818, 3819, -1,
          3815, 3813, 3814, -1,
          3806, 3815, 3809, -1,
          3809, 3815, 3820, -1,
          3820, 3815, 3821, -1,
          3821, 3815, 3822, -1,
          3822, 3815, 3819, -1,
          3823, 3824, 3825, -1,
          3826, 3824, 3823, -1,
          3827, 3826, 3823, -1,
          3828, 3826, 3827, -1,
          3829, 3826, 3828, -1,
          3830, 3829, 3828, -1,
          3831, 3830, 3828, -1,
          3832, 3831, 3828, -1,
          3833, 3834, 3835, -1,
          3836, 3833, 3835, -1,
          3837, 3835, 3838, -1,
          3837, 3838, 3839, -1,
          3837, 3839, 3840, -1,
          3837, 3840, 3841, -1,
          3837, 3836, 3835, -1,
          3828, 3837, 3841, -1,
          3828, 3841, 3842, -1,
          3828, 3842, 3843, -1,
          3828, 3843, 3844, -1,
          3828, 3844, 3832, -1,
          3390, 3366, 3376, -1,
          3390, 3357, 3366, -1,
          3397, 3357, 3390, -1,
          3780, 3782, 3352, -1,
          3780, 3352, 3354, -1,
          3785, 3352, 3782, -1,
          3785, 3347, 3352, -1,
          3786, 3347, 3785, -1,
          3781, 3354, 3357, -1,
          3781, 3780, 3354, -1,
          3779, 3781, 3357, -1,
          3779, 3357, 3397, -1,
          3787, 3347, 3786, -1,
          3787, 3350, 3347, -1,
          3783, 3779, 3397, -1,
          3784, 3783, 3397, -1,
          3784, 3397, 3399, -1,
          3784, 3399, 3402, -1,
          3788, 3350, 3787, -1,
          3788, 3351, 3350, -1,
          3800, 3351, 3788, -1,
          3800, 3353, 3351, -1,
          3799, 3353, 3800, -1,
          3799, 3371, 3353, -1,
          3372, 3371, 3799, -1,
          3798, 3372, 3799, -1,
          3797, 3375, 3372, -1,
          3797, 3372, 3798, -1,
          3796, 3378, 3375, -1,
          3796, 3375, 3797, -1,
          3795, 3378, 3796, -1,
          3381, 3378, 3795, -1,
          3794, 3381, 3795, -1,
          3791, 3381, 3794, -1,
          3392, 3381, 3791, -1,
          3790, 3392, 3791, -1,
          3758, 3377, 3380, -1,
          3763, 3374, 3377, -1,
          3763, 3377, 3758, -1,
          3759, 3380, 3392, -1,
          3759, 3758, 3380, -1,
          3764, 3370, 3374, -1,
          3764, 3374, 3763, -1,
          3757, 3392, 3790, -1,
          3757, 3759, 3392, -1,
          3757, 3790, 3789, -1,
          3760, 3757, 3789, -1,
          3760, 3789, 3792, -1,
          3761, 3792, 3793, -1,
          3761, 3760, 3792, -1,
          3762, 3761, 3793, -1,
          3765, 3493, 3370, -1,
          3765, 3370, 3764, -1,
          3776, 3493, 3765, -1,
          3492, 3493, 3776, -1,
          3777, 3492, 3776, -1,
          3384, 3492, 3777, -1,
          3778, 3384, 3777, -1,
          3382, 3384, 3778, -1,
          3775, 3382, 3778, -1,
          3389, 3382, 3775, -1,
          3774, 3389, 3775, -1,
          3395, 3389, 3774, -1,
          3773, 3395, 3774, -1,
          3772, 3398, 3395, -1,
          3772, 3395, 3773, -1,
          3770, 3398, 3772, -1,
          3768, 3398, 3770, -1,
          3401, 3398, 3768, -1,
          3767, 3401, 3768, -1,
          3403, 3401, 3767, -1,
          3405, 3403, 3767, -1,
          3475, 3420, 3406, -1,
          3475, 3478, 3420, -1,
          3476, 3406, 3405, -1,
          3476, 3405, 3767, -1,
          3476, 3475, 3406, -1,
          3476, 3767, 3766, -1,
          3476, 3766, 3769, -1,
          3477, 3476, 3769, -1,
          3477, 3769, 3771, -1,
          3448, 3477, 3771, -1,
          3402, 3448, 3784, -1,
          3784, 3448, 3793, -1,
          3793, 3448, 3762, -1,
          3762, 3448, 3771, -1,
          3845, 3846, 3847, -1,
          3848, 3849, 3846, -1,
          3848, 3846, 3845, -1,
          3850, 3849, 3848, -1,
          3851, 3849, 3850, -1,
          3852, 3851, 3850, -1,
          3853, 3851, 3852, -1,
          3854, 3853, 3852, -1,
          3855, 3853, 3854, -1,
          3856, 3855, 3854, -1,
          3857, 3855, 3856, -1,
          3858, 3857, 3856, -1,
          3859, 3857, 3858, -1,
          3860, 3861, 3862, -1,
          3863, 3861, 3860, -1,
          3864, 3863, 3860, -1,
          3865, 3863, 3864, -1,
          3866, 3865, 3864, -1,
          3867, 3865, 3866, -1,
          3868, 3869, 3867, -1,
          3868, 3867, 3866, -1,
          3870, 3869, 3868, -1,
          3871, 3870, 3868, -1,
          3872, 3870, 3871, -1,
          3873, 3872, 3871, -1,
          3874, 3872, 3873, -1,
          3875, 3874, 3873, -1,
          3876, 3874, 3875, -1,
          3877, 3876, 3875, -1,
          3878, 3876, 3877, -1,
          3456, 3433, 3440, -1,
          3456, 3431, 3433, -1,
          3460, 3431, 3456, -1,
          3824, 3826, 3426, -1,
          3824, 3426, 3428, -1,
          3829, 3426, 3826, -1,
          3829, 3423, 3426, -1,
          3830, 3423, 3829, -1,
          3825, 3428, 3431, -1,
          3825, 3824, 3428, -1,
          3823, 3825, 3431, -1,
          3823, 3431, 3460, -1,
          3831, 3423, 3830, -1,
          3831, 3424, 3423, -1,
          3827, 3823, 3460, -1,
          3828, 3827, 3460, -1,
          3828, 3460, 3462, -1,
          3828, 3462, 3464, -1,
          3832, 3424, 3831, -1,
          3832, 3425, 3424, -1,
          3844, 3425, 3832, -1,
          3844, 3427, 3425, -1,
          3843, 3427, 3844, -1,
          3843, 3430, 3427, -1,
          3436, 3430, 3843, -1,
          3842, 3436, 3843, -1,
          3841, 3439, 3436, -1,
          3841, 3436, 3842, -1,
          3840, 3450, 3439, -1,
          3840, 3439, 3841, -1,
          3839, 3450, 3840, -1,
          3453, 3450, 3839, -1,
          3838, 3453, 3839, -1,
          3835, 3453, 3838, -1,
          3458, 3453, 3835, -1,
          3834, 3458, 3835, -1,
          3802, 3449, 3452, -1,
          3807, 3438, 3449, -1,
          3807, 3449, 3802, -1,
          3803, 3452, 3458, -1,
          3803, 3802, 3452, -1,
          3808, 3435, 3438, -1,
          3808, 3438, 3807, -1,
          3801, 3458, 3834, -1,
          3801, 3803, 3458, -1,
          3801, 3834, 3833, -1,
          3804, 3801, 3833, -1,
          3804, 3833, 3836, -1,
          3805, 3836, 3837, -1,
          3805, 3804, 3836, -1,
          3806, 3805, 3837, -1,
          3809, 3437, 3435, -1,
          3809, 3435, 3808, -1,
          3820, 3437, 3809, -1,
          3447, 3437, 3820, -1,
          3821, 3447, 3820, -1,
          3451, 3447, 3821, -1,
          3822, 3451, 3821, -1,
          3454, 3451, 3822, -1,
          3819, 3454, 3822, -1,
          3455, 3454, 3819, -1,
          3818, 3455, 3819, -1,
          3459, 3455, 3818, -1,
          3817, 3459, 3818, -1,
          3816, 3461, 3459, -1,
          3816, 3459, 3817, -1,
          3814, 3461, 3816, -1,
          3812, 3461, 3814, -1,
          3463, 3461, 3812, -1,
          3811, 3463, 3812, -1,
          3467, 3463, 3811, -1,
          3468, 3467, 3811, -1,
          3474, 3472, 3471, -1,
          3474, 3473, 3472, -1,
          3479, 3471, 3468, -1,
          3479, 3468, 3811, -1,
          3479, 3474, 3471, -1,
          3479, 3811, 3810, -1,
          3479, 3810, 3813, -1,
          3480, 3479, 3813, -1,
          3480, 3813, 3815, -1,
          3469, 3480, 3815, -1,
          3464, 3469, 3815, -1,
          3464, 3815, 3806, -1,
          3464, 3806, 3837, -1,
          3464, 3837, 3828, -1,
          1848, 1846, 1847, -1,
          1848, 1845, 1846, -1,
          1857, 1843, 1845, -1,
          1857, 1845, 1848, -1,
          1853, 1842, 1843, -1,
          1853, 1843, 1857, -1,
          3862, 1842, 1853, -1,
          3861, 1842, 3862, -1,
          1839, 1842, 3861, -1,
          1863, 1858, 1862, -1,
          1856, 1858, 1863, -1,
          3863, 1839, 3861, -1,
          1866, 1856, 1863, -1,
          1866, 1855, 1856, -1,
          3865, 1839, 3863, -1,
          1841, 1839, 3865, -1,
          1907, 1854, 1855, -1,
          1907, 1855, 1866, -1,
          3847, 1851, 1854, -1,
          3847, 1854, 1907, -1,
          3846, 1851, 3847, -1,
          1906, 3847, 1907, -1,
          1906, 3845, 3847, -1,
          3849, 1852, 3846, -1,
          1844, 1841, 3867, -1,
          1905, 3845, 1906, -1,
          1905, 3848, 3845, -1,
          3850, 3848, 1905, -1,
          1904, 3850, 1905, -1,
          1850, 1844, 3869, -1,
          3870, 1850, 3869, -1,
          3852, 3850, 1904, -1,
          1914, 3852, 1904, -1,
          3853, 3868, 3851, -1,
          3872, 1875, 1850, -1,
          3854, 3852, 1914, -1,
          3855, 3871, 3853, -1,
          3855, 1861, 3871, -1,
          1915, 3854, 1914, -1,
          3873, 3871, 1861, -1,
          3874, 1871, 1875, -1,
          3874, 1875, 3872, -1,
          3857, 1861, 3855, -1,
          3876, 1871, 3874, -1,
          1868, 1871, 3876, -1,
          3878, 1868, 3876, -1,
          1950, 3858, 3856, -1,
          1950, 3859, 3858, -1,
          1950, 3856, 1915, -1,
          1860, 3877, 3875, -1,
          1860, 3878, 3877, -1,
          1935, 3859, 1950, -1,
          1935, 1859, 3859, -1,
          1865, 1868, 3878, -1,
          1865, 3878, 1860, -1,
          1869, 1868, 1865, -1,
          1864, 1859, 1935, -1,
          1934, 1864, 1935, -1,
          1890, 1869, 1865, -1,
          1925, 1898, 1864, -1,
          1925, 1864, 1934, -1,
          1884, 1869, 1890, -1,
          1884, 1873, 1869, -1,
          1918, 1898, 1925, -1,
          1901, 1898, 1918, -1,
          1882, 1873, 1884, -1,
          1879, 1873, 1882, -1,
          1852, 1851, 3846, -1,
          1859, 1861, 3857, -1,
          1859, 3857, 3859, -1,
          1861, 1860, 3873, -1,
          3873, 1860, 3875, -1,
          1853, 1852, 3866, -1,
          1853, 3866, 3864, -1,
          1853, 3864, 3860, -1,
          1853, 3860, 3862, -1,
          3856, 3854, 1915, -1,
          3849, 3851, 3868, -1,
          3849, 3868, 1852, -1,
          1852, 3868, 3866, -1,
          3867, 3869, 1844, -1,
          3865, 3867, 1841, -1,
          3870, 3872, 1850, -1,
          3871, 3868, 3853, -1,
          1948, 1926, 1930, -1,
          1948, 1930, 1931, -1,
          1948, 1931, 1932, -1,
          1928, 1926, 1948, -1,
          1947, 1928, 1948, -1,
          1929, 1928, 1947, -1,
          1955, 1929, 1947, -1,
          1955, 3514, 1929, -1,
          3515, 3514, 1955, -1,
          1976, 1903, 1929, -1,
          1976, 1929, 3514, -1,
          1975, 1903, 1976, -1,
          1913, 1903, 1975, -1,
          1961, 1978, 3515, -1,
          1961, 3515, 1955, -1,
          1979, 1978, 1961, -1,
          1980, 1979, 1961, -1,
          3515, 1977, 1992, -1,
          3515, 1992, 3514, -1,
          1974, 3514, 1991, -1,
          1991, 3514, 1992, -1,
          2034, 2019, 2027, -1,
          2034, 2018, 2019, -1,
          2038, 2016, 2018, -1,
          2038, 2018, 2034, -1,
          2066, 2015, 2016, -1,
          2066, 2016, 2038, -1,
          2086, 2074, 2083, -1,
          2086, 2073, 2074, -1,
          2035, 2031, 2011, -1,
          2035, 2011, 2015, -1,
          2035, 2015, 2066, -1,
          2030, 2011, 2031, -1,
          2030, 2010, 2011, -1,
          2105, 2073, 2086, -1,
          2105, 2067, 2073, -1,
          2023, 2010, 2030, -1,
          2064, 2035, 2066, -1,
          2064, 2039, 2035, -1,
          2080, 2039, 2064, -1,
          2104, 2067, 2105, -1,
          2104, 2065, 2067, -1,
          2022, 2010, 2023, -1,
          2022, 2009, 2010, -1,
          2061, 2081, 2080, -1,
          2103, 2065, 2104, -1,
          2021, 2009, 2022, -1,
          2013, 2009, 2021, -1,
          2087, 2065, 2103, -1,
          2087, 2085, 2063, -1,
          2087, 2063, 2065, -1,
          2082, 2063, 2085, -1,
          2102, 2089, 2087, -1,
          2102, 2087, 2103, -1,
          2130, 2089, 2102, -1,
          2020, 2013, 2021, -1,
          2078, 2062, 2082, -1,
          2014, 2013, 2020, -1,
          2060, 2070, 2069, -1,
          2131, 2130, 2102, -1,
          2077, 2060, 2078, -1,
          2076, 2071, 2070, -1,
          2076, 2070, 2060, -1,
          2076, 2060, 2077, -1,
          2112, 2131, 2102, -1,
          2126, 2131, 2112, -1,
          2075, 2071, 2076, -1,
          2120, 2126, 2112, -1,
          2072, 2071, 2075, -1,
          2029, 2017, 2014, -1,
          2121, 2120, 2112, -1,
          2084, 2068, 2072, -1,
          2079, 2068, 2084, -1,
          2115, 2088, 2079, -1,
          2118, 2115, 2079, -1,
          2124, 2118, 2079, -1,
          2171, 2170, 2129, -1,
          2166, 2171, 2129, -1,
          2116, 2166, 2129, -1,
          2116, 2129, 2125, -1,
          2116, 2125, 2119, -1,
          2116, 2119, 2121, -1,
          2116, 2121, 2112, -1,
          2136, 2129, 2170, -1,
          2075, 2084, 2072, -1,
          2084, 2124, 2079, -1,
          2020, 2029, 2014, -1,
          2029, 2055, 2092, -1,
          2029, 2092, 2091, -1,
          2029, 2091, 2037, -1,
          2029, 2037, 2017, -1,
          2061, 2060, 2069, -1,
          2061, 2069, 2081, -1,
          2064, 2061, 2080, -1,
          2062, 2063, 2082, -1,
          2060, 2062, 2078, -1,
          2112, 2101, 2109, -1,
          2112, 2109, 2111, -1,
          2112, 2111, 2116, -1,
          3879, 3880, 3881, -1,
          3882, 3883, 3880, -1,
          3882, 3880, 3879, -1,
          3884, 3885, 3883, -1,
          3884, 3883, 3882, -1,
          3886, 3885, 3884, -1,
          3887, 3888, 3885, -1,
          3887, 3885, 3886, -1,
          3889, 3890, 3888, -1,
          3889, 3888, 3887, -1,
          3891, 3892, 3890, -1,
          3891, 3890, 3889, -1,
          3893, 3894, 3892, -1,
          3893, 3892, 3891, -1,
          3895, 3894, 3893, -1,
          3896, 3894, 3895, -1,
          3897, 3898, 3896, -1,
          3897, 3896, 3895, -1,
          3899, 3900, 3898, -1,
          3899, 3898, 3897, -1,
          3901, 3902, 3900, -1,
          3901, 3900, 3899, -1,
          3903, 3904, 3902, -1,
          3903, 3902, 3901, -1,
          3905, 3906, 3904, -1,
          3905, 3904, 3903, -1,
          3907, 3908, 3906, -1,
          3907, 3906, 3905, -1,
          3909, 3910, 3908, -1,
          3909, 3908, 3907, -1,
          3911, 3910, 3909, -1,
          3911, 3912, 3910, -1,
          3913, 3912, 3911, -1,
          3913, 3914, 3912, -1,
          3915, 3914, 3913, -1,
          3915, 3916, 3914, -1,
          2158, 2148, 2153, -1,
          2158, 2147, 2148, -1,
          2199, 2145, 2147, -1,
          2199, 2147, 2158, -1,
          2196, 2144, 2145, -1,
          2196, 2145, 2199, -1,
          2246, 2209, 2247, -1,
          2246, 2208, 2209, -1,
          2159, 2157, 2140, -1,
          2159, 2140, 2144, -1,
          2159, 2144, 2196, -1,
          2156, 2140, 2157, -1,
          2156, 2139, 2140, -1,
          2238, 2208, 2246, -1,
          2238, 2198, 2208, -1,
          2152, 2139, 2156, -1,
          2192, 2159, 2196, -1,
          2192, 2168, 2159, -1,
          2215, 2168, 2192, -1,
          2237, 2198, 2238, -1,
          2237, 2195, 2198, -1,
          2151, 2139, 2152, -1,
          2151, 2138, 2139, -1,
          2189, 2216, 2215, -1,
          2236, 2195, 2237, -1,
          2150, 2138, 2151, -1,
          2141, 2138, 2150, -1,
          2226, 2195, 2236, -1,
          2226, 2222, 2191, -1,
          2226, 2191, 2195, -1,
          2219, 2191, 2222, -1,
          2235, 2231, 2226, -1,
          2235, 2226, 2236, -1,
          2257, 2231, 2235, -1,
          2149, 2141, 2150, -1,
          2213, 2190, 2219, -1,
          2143, 2141, 2149, -1,
          2188, 2205, 2204, -1,
          2258, 2257, 2235, -1,
          2212, 2188, 2213, -1,
          2211, 2206, 2205, -1,
          2211, 2205, 2188, -1,
          2211, 2188, 2212, -1,
          2239, 2258, 2235, -1,
          2253, 2258, 2239, -1,
          2210, 2206, 2211, -1,
          2249, 2253, 2239, -1,
          2207, 2206, 2210, -1,
          2155, 2146, 2143, -1,
          2250, 2249, 2239, -1,
          2221, 2203, 2207, -1,
          2214, 2203, 2221, -1,
          2261, 2230, 2214, -1,
          2262, 2261, 2214, -1,
          2256, 2262, 2214, -1,
          2314, 2313, 2255, -1,
          2310, 2314, 2255, -1,
          2245, 2310, 2255, -1,
          2245, 2255, 2252, -1,
          2245, 2252, 2248, -1,
          2245, 2248, 2250, -1,
          2245, 2250, 2239, -1,
          2274, 2255, 2313, -1,
          2210, 2221, 2207, -1,
          2221, 2256, 2214, -1,
          2149, 2155, 2143, -1,
          2155, 2176, 2187, -1,
          2155, 2187, 2186, -1,
          2155, 2186, 2165, -1,
          2155, 2165, 2146, -1,
          2189, 2188, 2204, -1,
          2189, 2204, 2216, -1,
          2192, 2189, 2215, -1,
          2190, 2191, 2219, -1,
          2188, 2190, 2213, -1,
          2239, 2234, 2243, -1,
          2239, 2243, 2244, -1,
          2239, 2244, 2245, -1,
          3917, 3918, 3919, -1,
          3920, 3921, 3922, -1,
          3920, 3922, 3918, -1,
          3920, 3918, 3917, -1,
          3923, 3921, 3920, -1,
          3924, 3925, 3921, -1,
          3924, 3921, 3923, -1,
          3926, 3925, 3924, -1,
          3927, 3928, 3926, -1,
          3927, 3926, 3924, -1,
          3929, 3928, 3927, -1,
          3930, 3931, 3928, -1,
          3930, 3928, 3929, -1,
          3932, 3933, 3931, -1,
          3932, 3931, 3930, -1,
          3934, 3935, 3933, -1,
          3934, 3933, 3932, -1,
          3936, 3937, 3935, -1,
          3936, 3935, 3934, -1,
          3938, 3939, 3937, -1,
          3938, 3937, 3936, -1,
          3940, 3941, 3939, -1,
          3940, 3939, 3938, -1,
          3942, 3943, 3944, -1,
          3942, 3944, 3941, -1,
          3942, 3941, 3940, -1,
          3945, 3943, 3942, -1,
          3946, 3947, 3943, -1,
          3946, 3943, 3945, -1,
          3948, 3947, 3946, -1,
          2301, 2279, 2281, -1,
          2308, 2276, 2279, -1,
          2308, 2279, 2301, -1,
          2315, 2276, 2308, -1,
          2317, 2273, 2276, -1,
          2317, 2276, 2315, -1,
          2320, 2270, 2273, -1,
          2320, 2273, 2317, -1,
          3881, 2270, 2320, -1,
          3881, 3880, 2269, -1,
          3881, 2269, 2270, -1,
          3883, 2269, 3880, -1,
          3883, 2265, 2269, -1,
          3879, 3881, 2320, -1,
          3885, 2265, 3883, -1,
          2321, 3879, 2320, -1,
          2321, 3882, 3879, -1,
          2267, 2265, 3885, -1,
          3888, 2267, 3885, -1,
          2330, 3882, 2321, -1,
          2330, 3884, 3882, -1,
          3890, 2267, 3888, -1,
          3886, 3884, 2330, -1,
          2268, 2267, 3890, -1,
          2336, 3886, 2330, -1,
          2336, 3887, 3886, -1,
          3892, 2268, 3890, -1,
          3889, 3887, 2336, -1,
          2345, 3889, 2336, -1,
          3894, 2268, 3892, -1,
          3891, 3889, 2345, -1,
          2271, 2268, 3894, -1,
          2344, 3891, 2345, -1,
          2344, 3893, 3891, -1,
          3895, 3893, 2344, -1,
          3896, 2275, 2271, -1,
          3898, 3513, 2275, -1,
          3898, 2275, 3896, -1,
          2360, 3897, 3895, -1,
          2360, 3895, 2344, -1,
          3900, 3513, 3898, -1,
          2311, 3513, 3900, -1,
          3899, 3897, 2360, -1,
          2362, 3899, 2360, -1,
          3902, 2311, 3900, -1,
          2309, 2311, 3902, -1,
          3901, 3899, 2362, -1,
          3904, 2309, 3902, -1,
          2316, 2309, 3904, -1,
          3906, 2316, 3904, -1,
          2367, 3903, 3901, -1,
          2367, 3901, 2362, -1,
          3908, 2319, 2316, -1,
          3908, 2316, 3906, -1,
          3910, 2319, 3908, -1,
          2370, 3905, 3903, -1,
          2370, 3907, 3905, -1,
          2370, 3903, 2367, -1,
          3912, 2319, 3910, -1,
          2339, 2319, 3912, -1,
          3914, 2339, 3912, -1,
          2340, 2339, 3914, -1,
          2340, 3914, 3916, -1,
          2376, 3909, 3907, -1,
          2376, 3911, 3909, -1,
          2376, 3907, 2370, -1,
          2374, 3911, 2376, -1,
          2374, 3913, 3911, -1,
          2374, 3915, 3913, -1,
          2373, 2340, 3916, -1,
          2373, 3915, 2374, -1,
          2373, 3916, 3915, -1,
          2358, 2341, 2340, -1,
          2358, 2340, 2373, -1,
          2357, 2342, 2341, -1,
          2357, 2347, 2342, -1,
          2357, 2341, 2358, -1,
          2356, 2353, 2347, -1,
          2356, 2354, 2353, -1,
          2356, 2347, 2357, -1,
          3894, 3896, 2271, -1,
          2487, 2434, 2429, -1,
          2487, 2429, 2459, -1,
          2498, 2459, 2465, -1,
          2498, 2487, 2459, -1,
          2511, 2465, 2493, -1,
          2511, 2498, 2465, -1,
          2460, 2416, 2409, -1,
          2460, 2409, 2447, -1,
          2466, 2447, 2462, -1,
          2466, 2460, 2447, -1,
          2494, 2462, 2477, -1,
          2494, 2466, 2462, -1,
          3511, 2378, 3512, -1,
          3511, 2371, 2378, -1,
          3510, 2368, 2371, -1,
          3510, 2371, 3511, -1,
          2390, 2343, 2348, -1,
          3918, 2363, 2365, -1,
          3922, 2363, 3918, -1,
          3919, 2365, 2368, -1,
          3919, 2368, 3510, -1,
          3919, 3918, 2365, -1,
          3921, 2363, 3922, -1,
          3921, 2359, 2363, -1,
          3925, 2359, 3921, -1,
          3926, 2359, 3925, -1,
          3926, 2361, 2359, -1,
          2392, 3919, 3510, -1,
          2392, 3917, 3919, -1,
          2392, 3920, 3917, -1,
          2392, 3510, 2390, -1,
          3923, 3920, 2392, -1,
          3928, 2361, 3926, -1,
          2364, 2361, 3928, -1,
          3924, 3923, 2392, -1,
          3931, 2364, 3928, -1,
          2366, 2364, 3931, -1,
          2396, 3924, 2392, -1,
          3927, 3924, 2396, -1,
          3933, 2366, 3931, -1,
          3935, 2369, 2366, -1,
          3935, 2366, 3933, -1,
          2411, 3927, 2396, -1,
          2411, 3929, 3927, -1,
          2411, 3930, 3929, -1,
          3937, 2369, 3935, -1,
          2375, 2369, 3937, -1,
          2430, 3930, 2411, -1,
          2430, 3932, 3930, -1,
          3934, 3932, 2430, -1,
          3939, 2375, 3937, -1,
          2382, 2375, 3939, -1,
          3941, 2382, 3939, -1,
          2436, 3934, 2430, -1,
          3936, 3934, 2436, -1,
          3944, 2382, 3941, -1,
          2383, 2382, 3944, -1,
          2435, 3938, 3936, -1,
          2435, 3936, 2436, -1,
          3943, 2383, 3944, -1,
          3947, 2383, 3943, -1,
          2384, 2383, 3947, -1,
          3948, 2384, 3947, -1,
          2456, 3940, 3938, -1,
          2456, 3942, 3940, -1,
          2456, 3938, 2435, -1,
          2404, 2384, 3948, -1,
          2455, 3945, 3942, -1,
          2455, 3946, 3945, -1,
          2455, 3942, 2456, -1,
          2433, 3948, 3946, -1,
          2433, 3946, 2455, -1,
          2432, 2404, 3948, -1,
          2432, 3948, 2433, -1,
          2419, 2405, 2404, -1,
          2419, 2404, 2432, -1,
          2418, 2406, 2405, -1,
          2418, 2407, 2406, -1,
          2418, 2405, 2419, -1,
          3510, 2343, 2390, -1,
          2526, 2513, 2524, -1,
          2532, 2504, 2513, -1,
          2532, 2513, 2526, -1,
          2536, 2504, 2532, -1,
          2531, 2504, 2536, -1,
          2531, 2528, 2504, -1,
          2512, 2504, 2528, -1,
          2534, 2531, 2536, -1,
          2540, 2535, 2534, -1,
          2540, 2534, 2536, -1,
          2533, 2535, 2540, -1,
          2554, 2539, 2533, -1,
          2554, 2533, 2540, -1,
          2553, 2543, 2539, -1,
          2529, 2527, 2530, -1,
          2571, 2530, 2538, -1,
          2571, 2529, 2530, -1,
          2572, 2538, 2543, -1,
          2572, 2571, 2538, -1,
          2573, 2543, 2553, -1,
          2573, 2572, 2543, -1,
          2580, 2573, 2553, -1,
          2581, 2553, 2552, -1,
          2581, 2580, 2553, -1,
          2582, 2552, 2557, -1,
          2582, 2581, 2552, -1,
          2583, 2557, 2561, -1,
          2583, 2582, 2557, -1,
          2595, 2570, 2573, -1,
          2595, 2573, 2580, -1,
          2599, 2595, 2580, -1,
          2579, 2599, 2580, -1,
          2554, 2553, 2539, -1,
          2631, 2592, 2596, -1,
          2631, 2596, 2600, -1,
          2631, 2600, 2601, -1,
          2631, 2639, 2641, -1,
          2631, 2641, 2643, -1,
          2631, 2643, 2646, -1,
          2671, 3509, 2631, -1,
          2674, 3509, 2671, -1,
          2622, 3509, 2674, -1,
          3525, 2622, 2674, -1,
          3526, 3525, 2674, -1,
          2673, 3526, 2674, -1,
          2727, 2672, 2674, -1,
          2730, 2727, 2674, -1,
          2703, 2674, 2671, -1,
          2703, 2730, 2674, -1,
          2646, 2671, 2631, -1,
          3509, 2592, 2631, -1,
          2695, 2659, 2654, -1,
          2695, 2654, 2666, -1,
          2706, 2666, 2697, -1,
          2706, 2695, 2666, -1,
          2725, 2697, 2714, -1,
          2725, 2706, 2697, -1,
          2718, 2670, 2668, -1,
          2718, 2668, 2694, -1,
          2719, 2694, 2705, -1,
          2719, 2718, 2694, -1,
          2750, 2705, 2724, -1,
          2750, 2719, 2705, -1,
          2704, 2702, 2717, -1,
          2739, 2717, 2731, -1,
          2739, 2704, 2717, -1,
          2759, 2731, 2749, -1,
          2759, 2739, 2731, -1,
          2777, 2759, 2749, -1,
          2714, 2777, 2749, -1,
          2714, 2749, 2750, -1,
          2714, 2750, 2724, -1,
          2714, 2724, 2725, -1,
          2818, 2733, 2736, -1,
          2818, 2736, 2740, -1,
          2818, 2740, 2742, -1,
          2818, 2806, 2813, -1,
          2818, 2813, 2820, -1,
          2818, 2820, 2821, -1,
          2861, 2843, 2818, -1,
          2862, 2861, 2818, -1,
          2863, 2862, 2818, -1,
          2821, 2863, 2818, -1,
          2843, 2733, 2818, -1,
          3949, 3950, 3951, -1,
          3949, 3951, 3952, -1,
          3953, 3954, 3950, -1,
          3953, 3950, 3949, -1,
          3955, 3956, 3954, -1,
          3955, 3954, 3953, -1,
          3957, 3958, 3956, -1,
          3957, 3956, 3955, -1,
          3959, 3960, 3958, -1,
          3959, 3958, 3957, -1,
          3961, 3962, 3960, -1,
          3961, 3960, 3959, -1,
          3963, 3964, 3962, -1,
          3963, 3962, 3961, -1,
          3965, 3966, 3967, -1,
          3965, 3967, 3964, -1,
          3965, 3964, 3963, -1,
          3968, 3966, 3965, -1,
          3969, 3970, 3966, -1,
          3969, 3966, 3968, -1,
          3971, 3972, 3970, -1,
          3971, 3970, 3969, -1,
          3973, 3974, 3972, -1,
          3973, 3972, 3971, -1,
          3975, 3976, 3974, -1,
          3975, 3974, 3973, -1,
          3977, 3976, 3975, -1,
          3977, 3978, 3976, -1,
          3979, 3980, 3978, -1,
          3979, 3978, 3977, -1,
          3981, 3980, 3979, -1,
          3981, 3982, 3983, -1,
          3981, 3983, 3980, -1,
          3984, 3985, 3982, -1,
          3984, 3982, 3981, -1,
          3986, 3985, 3984, -1,
          3987, 3988, 3985, -1,
          3987, 3985, 3986, -1,
          3989, 3990, 3991, -1,
          3992, 3991, 3988, -1,
          3992, 3988, 3987, -1,
          3992, 3989, 3991, -1,
          3506, 2895, 2897, -1,
          3506, 2897, 2898, -1,
          3506, 2898, 2899, -1,
          2890, 2889, 3505, -1,
          2891, 2890, 3505, -1,
          2892, 2891, 3505, -1,
          2932, 3506, 2945, -1,
          2945, 3506, 2946, -1,
          2946, 3506, 2935, -1,
          3506, 2892, 3505, -1,
          2889, 2848, 3505, -1,
          2864, 3505, 2857, -1,
          2857, 3505, 2851, -1,
          2851, 3505, 2848, -1,
          3505, 2895, 3506, -1,
          2899, 2935, 3506, -1,
          2951, 2941, 2948, -1,
          2953, 2941, 2951, -1,
          2954, 2941, 2953, -1,
          2954, 2938, 2941, -1,
          3950, 2929, 2933, -1,
          3951, 3950, 2933, -1,
          3954, 2929, 3950, -1,
          3954, 2928, 2929, -1,
          3952, 2938, 2954, -1,
          3952, 3951, 2933, -1,
          3952, 2933, 2938, -1,
          2957, 3952, 2954, -1,
          3956, 2928, 3954, -1,
          3949, 3952, 2957, -1,
          3958, 2928, 3956, -1,
          3958, 2926, 2928, -1,
          2964, 3949, 2957, -1,
          3953, 3949, 2964, -1,
          3960, 2926, 3958, -1,
          3960, 2918, 2926, -1,
          2966, 3953, 2964, -1,
          2966, 3955, 3953, -1,
          3962, 2918, 3960, -1,
          2919, 2918, 3962, -1,
          3964, 2919, 3962, -1,
          2921, 2919, 3964, -1,
          2971, 3955, 2966, -1,
          2971, 3957, 3955, -1,
          3959, 3957, 2971, -1,
          3967, 2921, 3964, -1,
          2927, 2921, 3967, -1,
          2978, 3959, 2971, -1,
          3961, 3959, 2978, -1,
          3966, 2927, 3967, -1,
          3504, 2927, 3966, -1,
          2990, 3961, 2978, -1,
          3963, 3961, 2990, -1,
          3970, 3503, 3504, -1,
          3970, 3504, 3966, -1,
          2989, 3963, 2990, -1,
          3965, 3963, 2989, -1,
          3972, 2936, 3503, -1,
          3972, 3503, 3970, -1,
          3974, 2934, 2936, -1,
          3974, 2936, 3972, -1,
          2988, 3965, 2989, -1,
          2988, 3968, 3965, -1,
          3969, 3968, 2988, -1,
          3976, 2934, 3974, -1,
          2939, 2934, 3976, -1,
          2987, 3969, 2988, -1,
          2987, 3971, 3969, -1,
          3978, 2939, 3976, -1,
          2940, 2939, 3978, -1,
          3025, 3971, 2987, -1,
          3973, 3971, 3025, -1,
          3980, 2940, 3978, -1,
          3024, 3973, 3025, -1,
          3983, 2940, 3980, -1,
          3983, 2947, 2940, -1,
          3975, 3973, 3024, -1,
          3982, 2947, 3983, -1,
          3023, 3975, 3024, -1,
          3977, 3975, 3023, -1,
          2959, 2947, 3982, -1,
          3985, 2959, 3982, -1,
          3022, 3977, 3023, -1,
          3022, 3979, 3977, -1,
          2960, 2959, 3985, -1,
          3988, 2960, 3985, -1,
          3021, 3979, 3022, -1,
          3021, 3981, 3979, -1,
          2961, 2960, 3988, -1,
          3991, 2961, 3988, -1,
          3020, 3981, 3021, -1,
          3020, 3984, 3981, -1,
          2962, 2961, 3991, -1,
          2962, 3991, 3990, -1,
          3049, 3984, 3020, -1,
          3049, 3986, 3984, -1,
          3049, 3987, 3986, -1,
          2963, 2962, 3990, -1,
          3004, 3987, 3049, -1,
          3004, 3992, 3987, -1,
          3003, 3992, 3004, -1,
          3003, 3989, 3992, -1,
          3003, 3990, 3989, -1,
          3002, 2963, 3990, -1,
          3002, 3990, 3003, -1,
          2993, 2963, 3002, -1,
          2993, 2995, 2963, -1,
          2993, 2996, 2995, -1,
          2993, 2992, 2996, -1,
          3993, 3994, 3995, -1,
          3993, 3995, 3996, -1,
          3997, 3998, 3994, -1,
          3997, 3994, 3993, -1,
          3999, 4000, 3998, -1,
          3999, 3998, 3997, -1,
          4001, 4002, 4000, -1,
          4001, 4000, 3999, -1,
          4003, 4004, 4002, -1,
          4003, 4002, 4001, -1,
          4005, 4006, 4004, -1,
          4005, 4004, 4003, -1,
          4007, 4008, 4006, -1,
          4007, 4006, 4005, -1,
          4009, 4010, 4011, -1,
          4009, 4011, 4008, -1,
          4009, 4008, 4007, -1,
          4012, 4010, 4009, -1,
          4013, 4014, 4010, -1,
          4013, 4010, 4012, -1,
          4015, 4016, 4014, -1,
          4015, 4014, 4013, -1,
          4017, 4018, 4016, -1,
          4017, 4016, 4015, -1,
          4019, 4020, 4018, -1,
          4019, 4018, 4017, -1,
          4021, 4020, 4019, -1,
          4021, 4022, 4020, -1,
          4023, 4024, 4022, -1,
          4023, 4022, 4021, -1,
          4025, 4024, 4023, -1,
          4025, 4026, 4027, -1,
          4025, 4027, 4024, -1,
          4028, 4029, 4026, -1,
          4028, 4026, 4025, -1,
          4030, 4029, 4028, -1,
          4031, 4032, 4029, -1,
          4031, 4029, 4030, -1,
          4033, 4034, 4035, -1,
          4036, 4035, 4032, -1,
          4036, 4032, 4031, -1,
          4036, 4033, 4035, -1,
          3029, 3013, 3026, -1,
          3034, 3012, 3013, -1,
          3034, 3013, 3029, -1,
          3044, 3006, 3010, -1,
          3044, 3041, 3006, -1,
          3036, 3005, 3006, -1,
          3036, 3006, 3041, -1,
          3047, 3010, 3012, -1,
          3047, 3034, 3037, -1,
          3047, 3012, 3034, -1,
          3047, 3044, 3010, -1,
          3033, 2986, 3005, -1,
          3033, 3005, 3036, -1,
          3042, 3058, 3047, -1,
          3042, 3047, 3037, -1,
          3032, 2986, 3033, -1,
          3065, 3058, 3042, -1,
          3045, 3065, 3042, -1,
          3009, 2986, 3032, -1,
          3069, 3065, 3045, -1,
          3055, 3069, 3045, -1,
          3077, 3069, 3055, -1,
          3063, 3077, 3055, -1,
          3063, 3086, 3077, -1,
          3087, 3086, 3063, -1,
          3070, 3087, 3063, -1,
          3090, 3087, 3070, -1,
          3126, 3090, 3070, -1,
          3092, 3090, 3126, -1,
          3131, 3092, 3126, -1,
          3131, 3081, 3092, -1,
          3082, 3081, 3131, -1,
          3136, 3082, 3131, -1,
          3136, 3080, 3082, -1,
          3140, 3088, 3080, -1,
          3140, 3080, 3136, -1,
          3031, 3019, 3027, -1,
          3143, 3091, 3088, -1,
          3143, 3088, 3140, -1,
          3035, 3019, 3031, -1,
          3051, 3019, 3035, -1,
          3153, 3093, 3091, -1,
          3153, 3091, 3143, -1,
          3089, 3093, 3153, -1,
          3039, 3051, 3035, -1,
          3054, 3051, 3039, -1,
          3040, 3054, 3039, -1,
          3128, 3085, 3089, -1,
          3128, 3089, 3153, -1,
          3043, 3054, 3040, -1,
          3124, 3078, 3085, -1,
          3124, 3085, 3128, -1,
          3060, 3054, 3043, -1,
          3046, 3060, 3043, -1,
          3123, 3076, 3078, -1,
          3123, 3078, 3124, -1,
          3067, 3060, 3046, -1,
          3121, 3068, 3076, -1,
          3121, 3076, 3123, -1,
          3119, 3064, 3068, -1,
          3119, 3068, 3121, -1,
          3115, 3057, 3064, -1,
          3115, 3064, 3119, -1,
          3111, 3057, 3115, -1,
          3111, 3046, 3057, -1,
          3111, 3067, 3046, -1,
          3108, 3067, 3111, -1,
          3108, 3072, 3067, -1,
          3108, 3084, 3072, -1,
          3157, 3145, 3154, -1,
          3162, 3145, 3157, -1,
          3165, 3145, 3162, -1,
          3165, 3144, 3145, -1,
          3994, 3138, 3141, -1,
          3995, 3994, 3141, -1,
          3998, 3138, 3994, -1,
          3998, 3134, 3138, -1,
          3996, 3144, 3165, -1,
          3996, 3995, 3141, -1,
          3996, 3141, 3144, -1,
          3168, 3996, 3165, -1,
          4000, 3134, 3998, -1,
          3993, 3996, 3168, -1,
          4002, 3134, 4000, -1,
          4002, 3132, 3134, -1,
          3211, 3993, 3168, -1,
          3997, 3993, 3211, -1,
          4004, 3132, 4002, -1,
          4004, 3129, 3132, -1,
          3210, 3997, 3211, -1,
          3210, 3999, 3997, -1,
          4006, 3129, 4004, -1,
          3125, 3129, 4006, -1,
          4008, 3125, 4006, -1,
          3130, 3125, 4008, -1,
          3209, 3999, 3210, -1,
          3209, 4001, 3999, -1,
          4003, 4001, 3209, -1,
          4011, 3130, 4008, -1,
          3133, 3130, 4011, -1,
          3208, 4003, 3209, -1,
          4005, 4003, 3208, -1,
          4010, 3133, 4011, -1,
          3135, 3133, 4010, -1,
          3207, 4005, 3208, -1,
          4007, 4005, 3207, -1,
          4014, 3137, 3135, -1,
          4014, 3135, 4010, -1,
          3206, 4007, 3207, -1,
          4009, 4007, 3206, -1,
          4016, 3139, 3137, -1,
          4016, 3137, 4014, -1,
          4018, 3142, 3139, -1,
          4018, 3139, 4016, -1,
          3205, 4009, 3206, -1,
          3205, 4012, 4009, -1,
          4013, 4012, 3205, -1,
          4020, 3142, 4018, -1,
          3156, 3142, 4020, -1,
          3215, 4013, 3205, -1,
          3215, 4015, 4013, -1,
          4022, 3156, 4020, -1,
          3161, 3156, 4022, -1,
          3501, 4015, 3215, -1,
          4017, 4015, 3501, -1,
          4024, 3161, 4022, -1,
          3251, 4017, 3501, -1,
          4027, 3161, 4024, -1,
          4027, 3164, 3161, -1,
          4019, 4017, 3251, -1,
          4026, 3164, 4027, -1,
          3250, 4019, 3251, -1,
          4021, 4019, 3250, -1,
          3167, 3164, 4026, -1,
          4029, 3167, 4026, -1,
          3249, 4021, 3250, -1,
          3249, 4023, 4021, -1,
          3177, 3167, 4029, -1,
          4032, 3177, 4029, -1,
          3248, 4023, 3249, -1,
          3248, 4025, 4023, -1,
          3183, 3177, 4032, -1,
          4035, 3183, 4032, -1,
          3252, 4025, 3248, -1,
          3252, 4028, 4025, -1,
          3189, 3183, 4035, -1,
          3189, 4035, 4034, -1,
          3256, 4028, 3252, -1,
          3256, 4030, 4028, -1,
          3256, 4031, 4030, -1,
          3190, 3189, 4034, -1,
          3233, 4031, 3256, -1,
          3233, 4036, 4031, -1,
          3229, 4036, 3233, -1,
          3229, 4033, 4036, -1,
          3229, 4034, 4033, -1,
          3223, 3190, 4034, -1,
          3223, 4034, 3229, -1,
          3217, 3190, 3223, -1,
          3217, 3194, 3190, -1,
          3217, 3199, 3194, -1,
          3217, 3203, 3199, -1,
          4037, 4038, 4039, -1,
          4040, 4037, 4039, -1,
          4041, 4040, 4039, -1,
          4039, 3311, 3312, -1,
          4039, 3312, 3313, -1,
          4039, 3313, 3315, -1,
          3330, 4038, 4037, -1,
          3330, 4037, 4040, -1,
          3330, 3329, 4038, -1,
          3331, 4040, 4041, -1,
          3331, 3330, 4040, -1,
          3336, 3331, 4041, -1,
          3323, 3314, 3329, -1,
          3324, 3323, 3329, -1,
          3325, 3324, 3329, -1,
          3348, 3335, 3336, -1,
          3349, 3348, 3336, -1,
          3342, 3349, 3336, -1,
          3314, 3311, 4039, -1,
          3314, 4039, 4038, -1,
          3314, 4038, 3329, -1,
          3315, 3342, 4039, -1,
          4039, 3342, 4041, -1,
          4041, 3342, 3336, -1,
          3502, 3253, 3254, -1,
          3502, 3254, 3257, -1,
          3502, 3257, 3259, -1,
          3264, 3247, 3500, -1,
          3285, 3264, 3500, -1,
          3286, 3285, 3500, -1,
          3305, 3502, 3308, -1,
          3308, 3502, 3309, -1,
          3309, 3502, 3310, -1,
          3502, 3286, 3500, -1,
          3247, 3204, 3500, -1,
          3221, 3500, 3218, -1,
          3218, 3500, 3214, -1,
          3214, 3500, 3204, -1,
          3500, 3253, 3502, -1,
          3259, 3310, 3502, -1,
          4042, 4043, 4044, -1,
          4042, 4044, 4045, -1,
          4046, 4043, 4042, -1,
          4047, 4046, 4042, -1,
          4048, 4046, 4047, -1,
          4049, 4046, 4048, -1,
          4050, 4049, 4048, -1,
          4051, 4050, 4048, -1,
          4052, 4051, 4048, -1,
          4053, 4054, 4055, -1,
          4053, 4055, 4056, -1,
          4053, 4056, 4057, -1,
          4053, 4057, 4058, -1,
          4053, 4058, 4059, -1,
          4053, 4059, 4060, -1,
          4048, 4053, 4060, -1,
          4048, 4060, 4061, -1,
          4048, 4061, 4052, -1,
          3362, 3338, 3339, -1,
          3362, 3339, 3340, -1,
          3362, 3340, 3344, -1,
          3341, 3343, 3345, -1,
          3367, 3345, 3346, -1,
          3367, 3341, 3345, -1,
          3391, 3346, 3362, -1,
          3391, 3367, 3346, -1,
          3385, 3391, 3362, -1,
          3344, 3385, 3362, -1,
          3393, 3369, 3373, -1,
          3393, 3373, 3379, -1,
          4043, 3355, 3359, -1,
          4046, 3355, 4043, -1,
          4044, 3359, 3365, -1,
          4044, 4043, 3359, -1,
          4049, 3356, 3355, -1,
          4049, 3355, 4046, -1,
          4045, 3365, 3369, -1,
          4045, 3369, 3393, -1,
          4045, 4044, 3365, -1,
          4050, 3356, 4049, -1,
          4042, 3393, 3400, -1,
          4042, 4045, 3393, -1,
          4047, 3400, 3404, -1,
          4047, 4042, 3400, -1,
          4051, 3358, 3356, -1,
          4051, 3356, 4050, -1,
          4048, 3404, 3407, -1,
          4048, 3407, 3421, -1,
          4048, 4047, 3404, -1,
          4052, 3360, 3358, -1,
          4052, 3358, 4051, -1,
          4061, 3360, 4052, -1,
          4061, 3361, 3360, -1,
          4060, 3361, 4061, -1,
          4060, 3368, 3361, -1,
          3386, 3368, 4060, -1,
          4059, 3386, 4060, -1,
          3387, 3386, 4059, -1,
          4058, 3387, 4059, -1,
          4057, 3388, 3387, -1,
          4057, 3387, 4058, -1,
          4056, 3388, 4057, -1,
          3394, 3388, 4056, -1,
          3394, 4056, 4055, -1,
          4054, 3396, 3394, -1,
          4054, 3394, 4055, -1,
          3429, 3396, 4054, -1,
          3432, 3429, 4054, -1,
          3441, 3434, 3432, -1,
          3441, 3432, 4054, -1,
          3443, 3441, 4054, -1,
          3443, 4054, 4053, -1,
          3444, 3443, 4053, -1,
          3445, 3444, 4053, -1,
          3446, 3445, 4053, -1,
          3465, 3442, 3446, -1,
          3466, 3465, 3446, -1,
          3457, 3466, 3446, -1,
          3421, 3457, 4053, -1,
          4053, 3457, 3446, -1,
          3421, 4053, 4048, -1,
          2302, 2241, 2240, -1,
          2302, 2240, 2251, -1,
          2302, 2251, 2254, -1,
          2266, 2242, 2259, -1,
          2282, 2259, 2278, -1,
          2282, 2266, 2259, -1,
          2318, 2278, 2302, -1,
          2318, 2282, 2278, -1,
          2331, 2318, 2302, -1,
          2254, 2331, 2302, -1,
          3498, 2303, 2304, -1,
          3498, 2304, 2305, -1,
          3498, 2305, 2306, -1,
          3499, 2377, 2379, -1,
          3499, 2379, 2380, -1,
          3499, 2380, 2381, -1,
          2393, 2391, 3497, -1,
          2394, 2393, 3497, -1,
          2395, 2394, 3497, -1,
          2410, 3499, 2412, -1,
          2412, 3499, 2413, -1,
          2413, 3499, 2400, -1,
          3499, 2395, 3497, -1,
          2391, 3498, 3497, -1,
          3498, 2351, 2350, -1,
          3498, 2350, 2349, -1,
          3498, 2349, 2337, -1,
          2337, 2303, 3498, -1,
          2306, 3497, 3498, -1,
          3497, 2377, 3499, -1,
          2381, 2400, 3499, -1,
          4062, 4063, 4064, -1,
          4065, 4063, 4062, -1,
          4066, 4063, 4065, -1,
          4067, 4063, 4066, -1,
          4068, 4063, 4067, -1,
          4069, 4068, 4067, -1,
          4070, 4069, 4067, -1,
          4071, 4072, 4073, -1,
          4074, 4073, 4075, -1,
          4074, 4071, 4073, -1,
          4076, 4075, 4077, -1,
          4076, 4077, 4078, -1,
          4076, 4078, 4079, -1,
          4076, 4079, 4080, -1,
          4076, 4074, 4075, -1,
          4067, 4076, 4070, -1,
          4070, 4076, 4081, -1,
          4081, 4076, 4082, -1,
          4082, 4076, 4083, -1,
          4083, 4076, 4080, -1,
          4084, 4085, 4086, -1,
          4087, 4085, 4084, -1,
          4088, 4087, 4084, -1,
          4089, 4087, 4088, -1,
          4090, 4087, 4089, -1,
          4091, 4090, 4089, -1,
          4092, 4091, 4089, -1,
          4093, 4092, 4089, -1,
          4094, 4095, 4096, -1,
          4097, 4094, 4096, -1,
          4098, 4096, 4099, -1,
          4098, 4099, 4100, -1,
          4098, 4100, 4101, -1,
          4098, 4101, 4102, -1,
          4098, 4097, 4096, -1,
          4089, 4098, 4102, -1,
          4089, 4102, 4103, -1,
          4089, 4103, 4104, -1,
          4089, 4104, 4105, -1,
          4089, 4105, 4093, -1,
          2399, 2401, 2398, -1,
          2399, 2398, 2397, -1,
          2463, 2397, 2402, -1,
          2463, 2399, 2397, -1,
          2443, 2402, 2423, -1,
          2443, 2463, 2402, -1,
          4106, 4107, 4108, -1,
          4109, 4106, 4108, -1,
          4110, 4109, 4108, -1,
          4108, 2515, 2517, -1,
          4108, 2517, 2519, -1,
          4108, 2519, 2522, -1,
          2544, 4107, 4106, -1,
          2544, 4106, 4109, -1,
          2544, 2545, 4107, -1,
          2593, 4109, 4110, -1,
          2593, 2544, 4109, -1,
          2602, 2593, 4110, -1,
          2537, 2520, 2545, -1,
          2541, 2537, 2545, -1,
          2542, 2541, 2545, -1,
          2632, 2603, 2602, -1,
          2633, 2632, 2602, -1,
          2606, 2633, 2602, -1,
          2520, 2515, 4108, -1,
          2520, 4108, 4107, -1,
          2520, 4107, 2545, -1,
          2522, 2606, 4108, -1,
          4108, 2606, 4110, -1,
          4110, 2606, 2602, -1,
          2452, 2428, 2441, -1,
          2452, 2426, 2428, -1,
          2458, 2426, 2452, -1,
          4085, 4087, 2421, -1,
          4085, 2421, 2424, -1,
          4090, 2421, 4087, -1,
          4090, 2415, 2421, -1,
          4091, 2415, 4090, -1,
          4086, 2424, 2426, -1,
          4086, 4085, 2424, -1,
          4084, 4086, 2426, -1,
          4084, 2426, 2458, -1,
          4092, 2415, 4091, -1,
          4092, 2414, 2415, -1,
          4088, 4084, 2458, -1,
          4089, 4088, 2458, -1,
          4089, 2458, 2461, -1,
          4089, 2461, 2464, -1,
          4093, 2414, 4092, -1,
          4093, 2420, 2414, -1,
          4105, 2420, 4093, -1,
          4105, 2422, 2420, -1,
          4104, 2422, 4105, -1,
          4104, 2425, 2422, -1,
          2427, 2425, 4104, -1,
          4103, 2427, 4104, -1,
          4102, 2440, 2427, -1,
          4102, 2427, 4103, -1,
          4101, 2445, 2440, -1,
          4101, 2440, 4102, -1,
          4100, 2445, 4101, -1,
          2449, 2445, 4100, -1,
          4099, 2449, 4100, -1,
          4096, 2449, 4099, -1,
          2453, 2449, 4096, -1,
          4095, 2453, 4096, -1,
          4063, 2444, 2448, -1,
          4068, 2439, 2444, -1,
          4068, 2444, 4063, -1,
          4064, 2448, 2453, -1,
          4064, 4063, 2448, -1,
          4069, 2437, 2439, -1,
          4069, 2439, 4068, -1,
          4062, 2453, 4095, -1,
          4062, 4064, 2453, -1,
          4062, 4095, 4094, -1,
          4065, 4062, 4094, -1,
          4065, 4094, 4097, -1,
          4066, 4097, 4098, -1,
          4066, 4065, 4097, -1,
          4067, 4066, 4098, -1,
          4070, 2438, 2437, -1,
          4070, 2437, 4069, -1,
          4081, 2438, 4070, -1,
          2442, 2438, 4081, -1,
          4082, 2442, 4081, -1,
          2446, 2442, 4082, -1,
          4083, 2446, 4082, -1,
          2450, 2446, 4083, -1,
          4080, 2450, 4083, -1,
          2451, 2450, 4080, -1,
          4079, 2451, 4080, -1,
          2457, 2451, 4079, -1,
          4078, 2457, 4079, -1,
          4077, 2478, 2457, -1,
          4077, 2457, 4078, -1,
          4075, 2478, 4077, -1,
          4073, 2478, 4075, -1,
          2479, 2478, 4073, -1,
          4072, 2479, 4073, -1,
          2480, 2479, 4072, -1,
          2481, 2480, 4072, -1,
          2505, 2507, 2482, -1,
          2505, 2508, 2507, -1,
          2506, 2482, 2481, -1,
          2506, 2481, 4072, -1,
          2506, 2505, 2482, -1,
          2506, 4072, 4071, -1,
          2506, 4071, 4074, -1,
          2514, 2506, 4074, -1,
          2514, 4074, 4076, -1,
          2521, 2514, 4076, -1,
          2464, 2521, 4089, -1,
          4089, 2521, 4098, -1,
          4098, 2521, 4067, -1,
          4067, 2521, 4076, -1,
          4111, 2614, 2618, -1,
          4111, 2618, 2619, -1,
          4111, 2619, 2620, -1,
          4112, 2645, 4111, -1,
          2656, 2640, 2635, -1,
          2656, 2635, 2638, -1,
          2657, 2638, 2642, -1,
          2657, 2642, 2645, -1,
          2657, 2656, 2638, -1,
          2658, 2657, 2645, -1,
          2665, 4112, 4113, -1,
          2665, 2645, 4112, -1,
          2665, 2658, 2645, -1,
          2663, 4113, 4114, -1,
          2663, 2665, 4113, -1,
          2715, 4114, 4115, -1,
          2715, 2663, 4114, -1,
          2710, 2715, 4115, -1,
          2667, 2655, 2658, -1,
          2698, 2658, 2665, -1,
          2698, 2667, 2658, -1,
          2664, 2698, 2665, -1,
          2620, 2710, 4111, -1,
          4111, 2710, 4115, -1,
          2645, 2614, 4111, -1,
          2605, 2607, 2615, -1,
          2605, 2615, 2616, -1,
          2644, 2616, 2617, -1,
          2644, 2605, 2616, -1,
          2636, 2617, 2621, -1,
          2636, 2644, 2617, -1,
          4116, 4117, 4118, -1,
          4119, 4120, 4121, -1,
          4119, 4121, 4117, -1,
          4119, 4117, 4116, -1,
          4122, 4120, 4119, -1,
          4123, 4124, 4120, -1,
          4123, 4120, 4122, -1,
          4125, 4124, 4123, -1,
          4126, 4127, 4125, -1,
          4126, 4125, 4123, -1,
          4128, 4127, 4126, -1,
          4129, 4130, 4127, -1,
          4129, 4127, 4128, -1,
          4131, 4132, 4130, -1,
          4131, 4130, 4129, -1,
          4133, 4134, 4132, -1,
          4133, 4132, 4131, -1,
          4135, 4136, 4134, -1,
          4135, 4134, 4133, -1,
          4137, 4138, 4136, -1,
          4137, 4136, 4135, -1,
          4139, 4140, 4138, -1,
          4139, 4138, 4137, -1,
          4141, 4142, 4143, -1,
          4141, 4143, 4140, -1,
          4141, 4140, 4139, -1,
          4144, 4142, 4141, -1,
          4145, 4146, 4142, -1,
          4145, 4142, 4144, -1,
          4147, 4146, 4145, -1,
          4113, 4112, 4111, -1,
          4114, 4113, 4111, -1,
          4115, 4114, 4111, -1,
          4148, 2765, 2768, -1,
          4148, 2768, 2770, -1,
          4148, 2770, 2771, -1,
          4149, 2800, 4148, -1,
          2815, 2793, 2788, -1,
          2815, 2788, 2792, -1,
          2816, 2792, 2799, -1,
          2816, 2799, 2800, -1,
          2816, 2815, 2792, -1,
          2817, 2816, 2800, -1,
          2828, 4149, 4150, -1,
          2828, 2800, 4149, -1,
          2828, 2817, 2800, -1,
          2826, 4150, 4151, -1,
          2826, 2828, 4150, -1,
          2865, 4151, 4152, -1,
          2865, 2826, 4151, -1,
          2869, 2865, 4152, -1,
          2852, 2814, 2817, -1,
          2858, 2817, 2828, -1,
          2858, 2852, 2817, -1,
          2827, 2858, 2828, -1,
          2771, 2869, 4148, -1,
          4148, 2869, 4152, -1,
          2800, 2765, 4148, -1,
          3495, 2723, 3496, -1,
          3495, 2721, 2723, -1,
          3494, 2716, 2721, -1,
          3494, 2721, 3495, -1,
          2767, 2696, 2700, -1,
          4117, 2707, 2712, -1,
          4121, 2707, 4117, -1,
          4118, 2712, 2716, -1,
          4118, 2716, 3494, -1,
          4118, 4117, 2712, -1,
          4120, 2707, 4121, -1,
          4120, 2708, 2707, -1,
          4124, 2708, 4120, -1,
          4125, 2708, 4124, -1,
          4125, 2711, 2708, -1,
          2766, 4118, 3494, -1,
          2766, 4116, 4118, -1,
          2766, 4119, 4116, -1,
          2766, 3494, 2767, -1,
          4122, 4119, 2766, -1,
          4127, 2711, 4125, -1,
          2709, 2711, 4127, -1,
          4123, 4122, 2766, -1,
          4130, 2709, 4127, -1,
          2713, 2709, 4130, -1,
          2791, 4123, 2766, -1,
          4126, 4123, 2791, -1,
          4132, 2713, 4130, -1,
          4134, 2720, 2713, -1,
          4134, 2713, 4132, -1,
          2790, 4126, 2791, -1,
          2790, 4128, 4126, -1,
          2790, 4129, 4128, -1,
          4136, 2720, 4134, -1,
          2722, 2720, 4136, -1,
          2789, 4129, 2790, -1,
          2789, 4131, 4129, -1,
          4133, 4131, 2789, -1,
          4138, 2722, 4136, -1,
          2728, 2722, 4138, -1,
          4140, 2728, 4138, -1,
          2796, 4133, 2789, -1,
          4135, 4133, 2796, -1,
          4143, 2728, 4140, -1,
          2743, 2728, 4143, -1,
          2795, 4137, 4135, -1,
          2795, 4135, 2796, -1,
          4142, 2743, 4143, -1,
          4146, 2743, 4142, -1,
          2744, 2743, 4146, -1,
          4147, 2744, 4146, -1,
          2794, 4139, 4137, -1,
          2794, 4141, 4139, -1,
          2794, 4137, 2795, -1,
          2745, 2744, 4147, -1,
          2812, 4144, 4141, -1,
          2812, 4145, 4144, -1,
          2812, 4141, 2794, -1,
          2811, 4147, 4145, -1,
          2811, 4145, 2812, -1,
          2810, 2745, 4147, -1,
          2810, 4147, 2811, -1,
          2809, 2747, 2745, -1,
          2809, 2745, 2810, -1,
          2808, 2753, 2747, -1,
          2808, 2807, 2753, -1,
          2808, 2747, 2809, -1,
          3494, 2696, 2767, -1,
          4153, 2853, 2855, -1,
          4153, 2855, 2856, -1,
          4153, 2856, 2859, -1,
          4154, 2871, 4153, -1,
          2882, 2868, 2867, -1,
          2882, 2867, 2866, -1,
          2883, 2866, 2870, -1,
          2883, 2870, 2871, -1,
          2883, 2882, 2866, -1,
          2884, 2883, 2871, -1,
          2887, 4154, 4155, -1,
          2887, 2871, 4154, -1,
          2887, 2884, 2871, -1,
          2885, 4155, 4156, -1,
          2885, 2887, 4155, -1,
          2923, 4156, 4157, -1,
          2923, 2885, 4156, -1,
          2916, 2923, 4157, -1,
          2900, 2881, 2884, -1,
          2901, 2884, 2887, -1,
          2901, 2900, 2884, -1,
          2886, 2901, 2887, -1,
          2859, 2916, 4153, -1,
          4153, 2916, 4157, -1,
          2871, 2853, 4153, -1,
          4150, 4149, 4148, -1,
          4151, 4150, 4148, -1,
          4152, 4151, 4148, -1,
          4158, 4159, 4160, -1,
          4161, 4158, 4160, -1,
          4162, 4161, 4160, -1,
          4160, 2915, 2917, -1,
          4160, 2917, 2920, -1,
          4160, 2920, 2924, -1,
          2956, 4159, 4158, -1,
          2956, 4158, 4161, -1,
          2956, 2955, 4159, -1,
          2965, 4161, 4162, -1,
          2965, 2956, 4161, -1,
          2973, 2965, 4162, -1,
          2942, 2922, 2955, -1,
          2943, 2942, 2955, -1,
          2949, 2943, 2955, -1,
          3007, 2972, 2973, -1,
          3008, 3007, 2973, -1,
          2983, 3008, 2973, -1,
          2922, 2915, 4160, -1,
          2922, 4160, 4159, -1,
          2922, 4159, 2955, -1,
          2924, 2983, 4160, -1,
          4160, 2983, 4162, -1,
          4162, 2983, 2973, -1,
          4155, 4154, 4153, -1,
          4156, 4155, 4153, -1,
          4157, 4156, 4153, -1,
          4163, 1124, 4164, -1,
          4164, 1122, 4165, -1,
          1124, 1122, 4164, -1,
          4166, 1126, 4163, -1,
          4163, 1126, 1124, -1,
          1122, 1120, 4165, -1,
          1120, 4167, 4165, -1,
          4168, 1128, 4166, -1,
          4166, 1128, 1126, -1,
          1120, 1118, 4167, -1,
          1118, 4169, 4167, -1,
          4170, 1131, 4168, -1,
          4168, 1131, 1128, -1,
          1118, 1117, 4169, -1,
          1117, 4171, 4169, -1,
          1056, 1132, 4170, -1,
          4170, 1132, 1131, -1,
          1117, 1115, 4171, -1,
          1115, 4172, 4171, -1,
          1056, 1055, 1132, -1,
          1055, 4173, 1132, -1,
          1115, 1112, 4172, -1,
          1055, 1052, 4173, -1,
          1112, 4174, 4172, -1,
          1052, 4175, 4173, -1,
          1112, 1110, 4174, -1,
          1052, 1051, 4175, -1,
          1051, 4176, 4175, -1,
          4174, 1108, 4177, -1,
          1110, 1108, 4174, -1,
          1108, 4178, 4177, -1,
          1049, 4179, 1051, -1,
          1051, 4179, 4176, -1,
          1108, 1107, 4178, -1,
          1049, 1047, 4179, -1,
          4179, 1047, 4180, -1,
          1107, 4181, 4178, -1,
          1104, 4181, 1107, -1,
          1047, 1045, 4180, -1,
          4180, 1045, 4182, -1,
          1103, 4183, 1104, -1,
          1104, 4183, 4181, -1,
          1045, 1043, 4182, -1,
          4182, 1043, 4184, -1,
          1100, 4185, 1103, -1,
          1103, 4185, 4183, -1,
          4184, 1041, 4186, -1,
          1043, 1041, 4184, -1,
          1100, 4187, 4185, -1,
          1097, 4187, 1100, -1,
          4186, 1039, 4188, -1,
          1041, 1039, 4186, -1,
          1096, 1021, 1097, -1,
          1097, 1021, 4187, -1,
          1096, 4189, 1021, -1,
          4188, 1037, 4190, -1,
          1039, 1037, 4188, -1,
          4189, 1022, 1021, -1,
          4189, 4191, 1022, -1,
          4190, 1035, 4192, -1,
          1037, 1035, 4190, -1,
          4191, 1025, 1022, -1,
          4191, 4193, 1025, -1,
          4192, 1033, 4194, -1,
          1035, 1033, 4192, -1,
          4193, 1027, 1025, -1,
          4195, 1027, 4193, -1,
          1033, 1031, 4194, -1,
          4194, 1031, 4196, -1,
          4195, 1029, 1027, -1,
          1031, 1029, 4196, -1,
          4196, 1029, 4195, -1,
          1023, 1247, 4197, -1,
          4198, 4197, 4199, -1,
          4198, 1023, 4197, -1,
          4200, 4199, 4201, -1,
          4200, 4198, 4199, -1,
          4202, 4201, 4203, -1,
          4202, 4200, 4201, -1,
          4204, 4203, 4205, -1,
          4204, 4202, 4203, -1,
          4206, 4205, 4207, -1,
          4206, 4204, 4205, -1,
          4208, 4207, 4209, -1,
          4208, 4206, 4207, -1,
          4210, 4209, 4211, -1,
          4210, 4208, 4209, -1,
          4212, 4211, 4213, -1,
          4212, 4210, 4211, -1,
          4214, 4213, 4215, -1,
          4214, 4212, 4213, -1,
          4216, 4215, 4217, -1,
          4216, 4214, 4215, -1,
          4218, 4217, 4219, -1,
          4218, 4216, 4217, -1,
          4220, 4219, 4221, -1,
          4220, 4218, 4219, -1,
          4222, 4221, 4223, -1,
          4222, 4220, 4221, -1,
          4224, 4223, 4225, -1,
          4224, 4222, 4223, -1,
          4226, 4224, 4225, -1,
          4227, 4226, 4225, -1,
          4227, 4225, 4228, -1,
          4227, 4228, 4229, -1,
          4230, 4227, 4229, -1,
          4230, 4229, 1229, -1,
          1057, 4230, 1229, -1,
          4203, 4231, 4205, -1,
          4205, 4231, 4232, -1,
          4232, 4207, 4205, -1,
          4203, 4201, 4231, -1,
          4232, 4233, 4207, -1,
          4201, 4234, 4231, -1,
          4233, 4209, 4207, -1,
          4201, 4199, 4234, -1,
          4233, 4235, 4209, -1,
          4199, 4236, 4234, -1,
          4209, 4237, 4211, -1,
          4235, 4237, 4209, -1,
          4197, 4238, 4199, -1,
          4199, 4238, 4236, -1,
          4237, 4213, 4211, -1,
          4237, 4239, 4213, -1,
          1247, 1228, 4197, -1,
          4197, 1228, 4238, -1,
          4239, 4240, 4213, -1,
          4213, 4240, 4215, -1,
          1247, 1225, 1228, -1,
          1246, 1225, 1247, -1,
          1246, 1245, 1225, -1,
          4240, 4241, 4215, -1,
          4215, 4241, 4217, -1,
          1245, 1224, 1225, -1,
          1245, 1244, 1224, -1,
          4217, 4242, 4219, -1,
          4241, 4242, 4217, -1,
          1244, 1221, 1224, -1,
          1244, 1243, 1221, -1,
          4219, 4243, 4221, -1,
          4242, 4243, 4219, -1,
          1243, 1219, 1221, -1,
          4243, 4244, 4221, -1,
          1243, 1217, 1219, -1,
          4244, 4223, 4221, -1,
          1243, 1242, 1217, -1,
          1242, 1215, 1217, -1,
          4245, 4225, 4244, -1,
          4244, 4225, 4223, -1,
          1242, 1241, 1215, -1,
          4245, 4228, 4225, -1,
          4246, 4228, 4245, -1,
          1241, 1240, 1215, -1,
          1215, 1240, 1213, -1,
          1240, 1211, 1213, -1,
          4246, 4229, 4228, -1,
          4247, 4229, 4246, -1,
          1240, 1239, 1211, -1,
          1239, 1209, 1211, -1,
          4247, 1229, 4229, -1,
          1194, 1229, 4247, -1,
          1239, 1238, 1209, -1,
          1194, 1191, 1229, -1,
          1191, 1230, 1229, -1,
          1209, 1237, 1207, -1,
          1238, 1237, 1209, -1,
          1191, 1195, 1230, -1,
          1195, 1231, 1230, -1,
          1207, 1236, 1205, -1,
          1237, 1236, 1207, -1,
          1195, 1197, 1231, -1,
          1197, 1232, 1231, -1,
          1236, 1235, 1205, -1,
          1205, 1235, 1203, -1,
          1197, 1233, 1232, -1,
          1199, 1233, 1197, -1,
          1235, 1234, 1203, -1,
          1199, 1234, 1233, -1,
          1201, 1234, 1199, -1,
          1203, 1234, 1201, -1,
          4238, 1228, 1227, -1,
          4238, 1227, 4248, -1,
          4236, 4248, 4249, -1,
          4236, 4238, 4248, -1,
          4234, 4249, 4250, -1,
          4234, 4236, 4249, -1,
          4231, 4250, 4251, -1,
          4231, 4234, 4250, -1,
          4232, 4251, 4252, -1,
          4232, 4231, 4251, -1,
          4233, 4252, 4253, -1,
          4233, 4232, 4252, -1,
          4235, 4253, 4254, -1,
          4235, 4233, 4253, -1,
          4237, 4254, 4255, -1,
          4237, 4235, 4254, -1,
          4239, 4255, 4256, -1,
          4239, 4237, 4255, -1,
          4240, 4256, 4257, -1,
          4240, 4239, 4256, -1,
          4241, 4257, 4258, -1,
          4241, 4240, 4257, -1,
          4242, 4258, 4259, -1,
          4242, 4241, 4258, -1,
          4243, 4259, 4260, -1,
          4243, 4242, 4259, -1,
          4244, 4260, 4261, -1,
          4244, 4243, 4260, -1,
          4245, 4244, 4261, -1,
          4245, 4261, 4262, -1,
          4246, 4245, 4262, -1,
          4246, 4262, 4263, -1,
          4247, 4246, 4263, -1,
          4247, 4263, 4264, -1,
          1194, 4247, 4264, -1,
          1194, 4264, 1192, -1,
          4265, 4261, 4266, -1,
          4266, 4260, 4267, -1,
          4261, 4260, 4266, -1,
          4268, 4262, 4265, -1,
          4265, 4262, 4261, -1,
          4267, 4259, 4269, -1,
          4260, 4259, 4267, -1,
          4270, 4263, 4268, -1,
          4268, 4263, 4262, -1,
          4259, 4258, 4269, -1,
          4258, 4271, 4269, -1,
          4272, 4264, 4270, -1,
          4270, 4264, 4263, -1,
          4258, 4257, 4271, -1,
          4257, 4273, 4271, -1,
          981, 1192, 4272, -1,
          4272, 1192, 4264, -1,
          4257, 4256, 4273, -1,
          981, 979, 1192, -1,
          4256, 4274, 4273, -1,
          979, 1193, 1192, -1,
          4256, 4255, 4274, -1,
          4255, 4275, 4274, -1,
          976, 1196, 979, -1,
          979, 1196, 1193, -1,
          4255, 4254, 4275, -1,
          975, 1198, 976, -1,
          976, 1198, 1196, -1,
          4275, 4253, 4276, -1,
          4254, 4253, 4275, -1,
          975, 972, 1198, -1,
          4253, 4277, 4276, -1,
          972, 1200, 1198, -1,
          4253, 4252, 4277, -1,
          4252, 4251, 4277, -1,
          972, 971, 1200, -1,
          1200, 971, 1202, -1,
          4251, 4278, 4277, -1,
          971, 969, 1202, -1,
          1202, 969, 1204, -1,
          4250, 4279, 4251, -1,
          4251, 4279, 4278, -1,
          4250, 4249, 4279, -1,
          969, 967, 1204, -1,
          1204, 967, 1206, -1,
          4249, 4280, 4279, -1,
          1206, 965, 1208, -1,
          967, 965, 1206, -1,
          4248, 4281, 4249, -1,
          4249, 4281, 4280, -1,
          4248, 1227, 4281, -1,
          1208, 963, 1210, -1,
          965, 963, 1208, -1,
          1227, 945, 4281, -1,
          963, 961, 1210, -1,
          1210, 961, 1212, -1,
          1226, 946, 1227, -1,
          1227, 946, 945, -1,
          1212, 959, 1214, -1,
          961, 959, 1212, -1,
          1222, 949, 1223, -1,
          1223, 949, 1226, -1,
          1226, 949, 946, -1,
          959, 957, 1214, -1,
          1214, 957, 1216, -1,
          1222, 951, 949, -1,
          1216, 955, 1218, -1,
          1218, 955, 1220, -1,
          957, 955, 1216, -1,
          955, 953, 1220, -1,
          1222, 953, 951, -1,
          1220, 953, 1222, -1,
          3018, 2979, 2980, -1,
          3018, 2980, 2981, -1,
          3018, 2981, 2985, -1,
          2982, 2984, 2999, -1,
          3014, 2999, 3011, -1,
          3014, 2982, 2999, -1,
          3030, 3011, 3018, -1,
          3030, 3014, 3011, -1,
          3038, 3030, 3018, -1,
          2985, 3038, 3018, -1,
          4282, 1084, 4283, -1,
          4284, 1087, 4282, -1,
          4282, 1087, 1084, -1,
          4283, 1082, 4285, -1,
          1084, 1082, 4283, -1,
          4284, 1089, 1087, -1,
          4284, 4286, 1089, -1,
          4285, 1080, 4287, -1,
          1082, 1080, 4285, -1,
          4286, 1090, 1089, -1,
          4286, 4288, 1090, -1,
          4287, 1079, 4289, -1,
          1080, 1079, 4287, -1,
          4288, 1093, 1090, -1,
          4288, 1019, 1093, -1,
          4289, 1077, 4290, -1,
          1079, 1077, 4289, -1,
          1019, 1095, 1093, -1,
          1019, 1017, 1095, -1,
          1077, 1075, 4290, -1,
          4290, 1075, 4291, -1,
          1017, 4292, 1095, -1,
          1075, 1073, 4291, -1,
          4291, 1073, 4293, -1,
          1015, 4294, 1017, -1,
          1017, 4294, 4292, -1,
          1015, 1013, 4294, -1,
          4293, 1071, 4295, -1,
          1073, 1071, 4293, -1,
          1013, 4296, 4294, -1,
          1013, 1011, 4296, -1,
          1071, 1069, 4295, -1,
          4295, 1069, 4297, -1,
          1011, 4298, 4296, -1,
          1011, 1009, 4298, -1,
          4298, 1009, 4299, -1,
          1069, 4300, 4297, -1,
          1067, 4300, 1069, -1,
          1067, 1065, 4300, -1,
          4299, 1007, 4301, -1,
          1009, 1007, 4299, -1,
          1065, 4302, 4300, -1,
          1065, 1063, 4302, -1,
          4301, 1005, 4303, -1,
          1007, 1005, 4301, -1,
          1063, 4304, 4302, -1,
          1063, 1061, 4304, -1,
          4303, 1003, 4305, -1,
          1005, 1003, 4303, -1,
          1061, 4306, 4304, -1,
          1061, 1058, 4306, -1,
          4305, 1001, 4307, -1,
          1003, 1001, 4305, -1,
          1058, 983, 4306, -1,
          1058, 4308, 983, -1,
          4307, 999, 4309, -1,
          1001, 999, 4307, -1,
          4308, 984, 983, -1,
          4309, 997, 4310, -1,
          999, 997, 4309, -1,
          4311, 987, 4308, -1,
          4308, 987, 984, -1,
          4310, 995, 4312, -1,
          997, 995, 4310, -1,
          4311, 989, 987, -1,
          4313, 989, 4311, -1,
          4314, 989, 4313, -1,
          995, 993, 4312, -1,
          4312, 993, 4315, -1,
          4314, 991, 989, -1,
          993, 991, 4315, -1,
          4315, 991, 4314, -1,
          1190, 4316, 1060, -1,
          1060, 4316, 4317, -1,
          4317, 4318, 4319, -1,
          4316, 4318, 4317, -1,
          4319, 4320, 4321, -1,
          4318, 4320, 4319, -1,
          4321, 4322, 4323, -1,
          4320, 4322, 4321, -1,
          4323, 4324, 4325, -1,
          4322, 4324, 4323, -1,
          4325, 4326, 4327, -1,
          4324, 4326, 4325, -1,
          4327, 4328, 4329, -1,
          4326, 4328, 4327, -1,
          4329, 4330, 4331, -1,
          4328, 4330, 4329, -1,
          4331, 4332, 4333, -1,
          4330, 4332, 4331, -1,
          4333, 4334, 4335, -1,
          4332, 4334, 4333, -1,
          4335, 4336, 4337, -1,
          4334, 4336, 4335, -1,
          4337, 4338, 4339, -1,
          4336, 4338, 4337, -1,
          4339, 4340, 4341, -1,
          4338, 4340, 4339, -1,
          4342, 4343, 4344, -1,
          4341, 4343, 4342, -1,
          4340, 4343, 4341, -1,
          4343, 4345, 4344, -1,
          4345, 4346, 4344, -1,
          4344, 4346, 4347, -1,
          4346, 4348, 4347, -1,
          4347, 4348, 4349, -1,
          4348, 1172, 4349, -1,
          4349, 1172, 1094, -1,
          1163, 1185, 1161, -1,
          1186, 1185, 1163, -1,
          1165, 1187, 1163, -1,
          1163, 1187, 1186, -1,
          1161, 1184, 1159, -1,
          1185, 1184, 1161, -1,
          1167, 1188, 1165, -1,
          1165, 1188, 1187, -1,
          1159, 1183, 1157, -1,
          1184, 1183, 1159, -1,
          1169, 1189, 1167, -1,
          1167, 1189, 1188, -1,
          1157, 1182, 1155, -1,
          1183, 1182, 1157, -1,
          1171, 1190, 1169, -1,
          1169, 1190, 1189, -1,
          1182, 1181, 1155, -1,
          1155, 1181, 1153, -1,
          1171, 4316, 1190, -1,
          4350, 4316, 1171, -1,
          1153, 1180, 1151, -1,
          1181, 1180, 1153, -1,
          4351, 4318, 4350, -1,
          4350, 4318, 4316, -1,
          1151, 1179, 1149, -1,
          1180, 1179, 1151, -1,
          4352, 4320, 4351, -1,
          4351, 4320, 4318, -1,
          1149, 1178, 1147, -1,
          1179, 1178, 1149, -1,
          4352, 4353, 4320, -1,
          4353, 4322, 4320, -1,
          1147, 1177, 1145, -1,
          1178, 1177, 1147, -1,
          4353, 4324, 4322, -1,
          4353, 4354, 4324, -1,
          1176, 1143, 1177, -1,
          1177, 1143, 1145, -1,
          4354, 4355, 4324, -1,
          4324, 4355, 4326, -1,
          1175, 1141, 1176, -1,
          1176, 1141, 1143, -1,
          4355, 4328, 4326, -1,
          1175, 1174, 1141, -1,
          4355, 4356, 4328, -1,
          1174, 1139, 1141, -1,
          1174, 1173, 1139, -1,
          4356, 4330, 4328, -1,
          4356, 4357, 4330, -1,
          1173, 1137, 1139, -1,
          4357, 4332, 4330, -1,
          1173, 1172, 1137, -1,
          1172, 1136, 1137, -1,
          4357, 4358, 4332, -1,
          4332, 4359, 4334, -1,
          4358, 4359, 4332, -1,
          4348, 4360, 1172, -1,
          1172, 4360, 1136, -1,
          4348, 4346, 4360, -1,
          4346, 4361, 4360, -1,
          4334, 4362, 4336, -1,
          4359, 4362, 4334, -1,
          4346, 4363, 4361, -1,
          4345, 4363, 4346, -1,
          4362, 4364, 4336, -1,
          4336, 4364, 4338, -1,
          4345, 4365, 4363, -1,
          4340, 4365, 4343, -1,
          4343, 4365, 4345, -1,
          4364, 4366, 4338, -1,
          4340, 4366, 4365, -1,
          4338, 4366, 4340, -1,
          1170, 4367, 1171, -1,
          1171, 4367, 4350, -1,
          4350, 4368, 4351, -1,
          4367, 4368, 4350, -1,
          4351, 4369, 4352, -1,
          4368, 4369, 4351, -1,
          4352, 4370, 4353, -1,
          4369, 4370, 4352, -1,
          4353, 4371, 4354, -1,
          4370, 4371, 4353, -1,
          4354, 4372, 4355, -1,
          4371, 4372, 4354, -1,
          4355, 4373, 4356, -1,
          4372, 4373, 4355, -1,
          4356, 4374, 4357, -1,
          4373, 4374, 4356, -1,
          4357, 4375, 4358, -1,
          4374, 4375, 4357, -1,
          4358, 4376, 4359, -1,
          4375, 4376, 4358, -1,
          4359, 4377, 4362, -1,
          4376, 4377, 4359, -1,
          4362, 4378, 4364, -1,
          4377, 4378, 4362, -1,
          4364, 4379, 4366, -1,
          4378, 4379, 4364, -1,
          4366, 4380, 4365, -1,
          4379, 4380, 4366, -1,
          4380, 4381, 4365, -1,
          4365, 4381, 4363, -1,
          4363, 4381, 4361, -1,
          4381, 4382, 4361, -1,
          4382, 4383, 4361, -1,
          4361, 4383, 4360, -1,
          4383, 1134, 4360, -1,
          4360, 1134, 1136, -1,
          1142, 1106, 1144, -1,
          1142, 1105, 1106, -1,
          1144, 1109, 1146, -1,
          1106, 1109, 1144, -1,
          1138, 1102, 1140, -1,
          1140, 1102, 1142, -1,
          1142, 1102, 1105, -1,
          1146, 1111, 1148, -1,
          1109, 1111, 1146, -1,
          1138, 1101, 1102, -1,
          1148, 1113, 1150, -1,
          1111, 1113, 1148, -1,
          1138, 1099, 1101, -1,
          1135, 1099, 1138, -1,
          1135, 1134, 1099, -1,
          1113, 1114, 1150, -1,
          1150, 1114, 1152, -1,
          1134, 1098, 1099, -1,
          1114, 1154, 1152, -1,
          1114, 1116, 1154, -1,
          1134, 4384, 1098, -1,
          4383, 4384, 1134, -1,
          1154, 1119, 1156, -1,
          1116, 1119, 1154, -1,
          4383, 4385, 4384, -1,
          4382, 4385, 4383, -1,
          1156, 1121, 1158, -1,
          1119, 1121, 1156, -1,
          4382, 4386, 4385, -1,
          4381, 4386, 4382, -1,
          1121, 1160, 1158, -1,
          1121, 1123, 1160, -1,
          4380, 4387, 4381, -1,
          4381, 4387, 4386, -1,
          1123, 1125, 1160, -1,
          1125, 1162, 1160, -1,
          4380, 4379, 4387, -1,
          4387, 4379, 4388, -1,
          1125, 1127, 1162, -1,
          4379, 4389, 4388, -1,
          1127, 1164, 1162, -1,
          4379, 4378, 4389, -1,
          1127, 1129, 1164, -1,
          1129, 1166, 1164, -1,
          4378, 4377, 4389, -1,
          4389, 4377, 4390, -1,
          4377, 4391, 4390, -1,
          1130, 1168, 1129, -1,
          1129, 1168, 1166, -1,
          4377, 4376, 4391, -1,
          4376, 4392, 4391, -1,
          1133, 1170, 1130, -1,
          1130, 1170, 1168, -1,
          4376, 4375, 4392, -1,
          4393, 4367, 1133, -1,
          1133, 4367, 1170, -1,
          4392, 4374, 4394, -1,
          4375, 4374, 4392, -1,
          4393, 4395, 4367, -1,
          4395, 4368, 4367, -1,
          4394, 4373, 4396, -1,
          4374, 4373, 4394, -1,
          4395, 4369, 4368, -1,
          4397, 4369, 4395, -1,
          4398, 4369, 4397, -1,
          4373, 4372, 4396, -1,
          4396, 4372, 4399, -1,
          4398, 4370, 4369, -1,
          4400, 4370, 4398, -1,
          4372, 4371, 4399, -1,
          4400, 4371, 4370, -1,
          4399, 4371, 4400, -1,
          1132, 4173, 1133, -1,
          1133, 4173, 4393, -1,
          4393, 4175, 4395, -1,
          4395, 4175, 4397, -1,
          4173, 4175, 4393, -1,
          4175, 4176, 4397, -1,
          4397, 4179, 4398, -1,
          4176, 4179, 4397, -1,
          4398, 4180, 4400, -1,
          4400, 4180, 4399, -1,
          4179, 4180, 4398, -1,
          4180, 4182, 4399, -1,
          4399, 4184, 4396, -1,
          4182, 4184, 4399, -1,
          4396, 4186, 4394, -1,
          4394, 4186, 4392, -1,
          4184, 4186, 4396, -1,
          4186, 4188, 4392, -1,
          4392, 4190, 4391, -1,
          4188, 4190, 4392, -1,
          4391, 4192, 4390, -1,
          4190, 4192, 4391, -1,
          4390, 4194, 4389, -1,
          4389, 4194, 4388, -1,
          4192, 4194, 4390, -1,
          4194, 4196, 4388, -1,
          4388, 4195, 4387, -1,
          4387, 4195, 4386, -1,
          4196, 4195, 4388, -1,
          4195, 4193, 4386, -1,
          4193, 4191, 4386, -1,
          4386, 4191, 4385, -1,
          4385, 4191, 4384, -1,
          4191, 4189, 4384, -1,
          4189, 1096, 4384, -1,
          4384, 1096, 1098, -1,
          1095, 4349, 1094, -1,
          1095, 4292, 4349, -1,
          4292, 4347, 4349, -1,
          4292, 4294, 4347, -1,
          4294, 4344, 4347, -1,
          4294, 4296, 4344, -1,
          4296, 4342, 4344, -1,
          4296, 4298, 4342, -1,
          4298, 4341, 4342, -1,
          4298, 4299, 4341, -1,
          4299, 4339, 4341, -1,
          4299, 4301, 4339, -1,
          4301, 4337, 4339, -1,
          4301, 4303, 4337, -1,
          4337, 4305, 4335, -1,
          4303, 4305, 4337, -1,
          4305, 4333, 4335, -1,
          4305, 4307, 4333, -1,
          4307, 4331, 4333, -1,
          4307, 4309, 4331, -1,
          4309, 4329, 4331, -1,
          4309, 4310, 4329, -1,
          4310, 4327, 4329, -1,
          4310, 4312, 4327, -1,
          4327, 4315, 4325, -1,
          4312, 4315, 4327, -1,
          4315, 4323, 4325, -1,
          4315, 4314, 4323, -1,
          4314, 4313, 4323, -1,
          4323, 4313, 4321, -1,
          4313, 4319, 4321, -1,
          4313, 4311, 4319, -1,
          4311, 4317, 4319, -1,
          4311, 4308, 4317, -1,
          4308, 1060, 4317, -1,
          4308, 1058, 1060, -1,
          4230, 1057, 1056, -1,
          4230, 1056, 4170, -1,
          4227, 4170, 4168, -1,
          4227, 4230, 4170, -1,
          4226, 4168, 4166, -1,
          4226, 4227, 4168, -1,
          4224, 4166, 4163, -1,
          4224, 4226, 4166, -1,
          4222, 4163, 4164, -1,
          4222, 4224, 4163, -1,
          4220, 4164, 4165, -1,
          4220, 4222, 4164, -1,
          4218, 4165, 4167, -1,
          4218, 4220, 4165, -1,
          4216, 4167, 4169, -1,
          4216, 4218, 4167, -1,
          4214, 4169, 4171, -1,
          4214, 4216, 4169, -1,
          4212, 4171, 4172, -1,
          4212, 4214, 4171, -1,
          4210, 4172, 4174, -1,
          4210, 4212, 4172, -1,
          4208, 4174, 4177, -1,
          4208, 4210, 4174, -1,
          4206, 4177, 4178, -1,
          4206, 4208, 4177, -1,
          4204, 4178, 4181, -1,
          4204, 4206, 4178, -1,
          4202, 4181, 4183, -1,
          4202, 4204, 4181, -1,
          4200, 4202, 4183, -1,
          4200, 4183, 4185, -1,
          4198, 4185, 4187, -1,
          4198, 4200, 4185, -1,
          1023, 4187, 1021, -1,
          1023, 4198, 4187, -1,
          1832, 1018, 1019, -1,
          1832, 1019, 4288, -1,
          1834, 4288, 4286, -1,
          1834, 1832, 4288, -1,
          1836, 4286, 4284, -1,
          1836, 1834, 4286, -1,
          1838, 4284, 4282, -1,
          1838, 1836, 4284, -1,
          1840, 4282, 4283, -1,
          1840, 1838, 4282, -1,
          1927, 4283, 4285, -1,
          1927, 1840, 4283, -1,
          2154, 4285, 4287, -1,
          2154, 1927, 4285, -1,
          2307, 4287, 4289, -1,
          2307, 2154, 4287, -1,
          2516, 4289, 4290, -1,
          2516, 2307, 4289, -1,
          2701, 4290, 4291, -1,
          2701, 2516, 4290, -1,
          2925, 4291, 4293, -1,
          2925, 2701, 4291, -1,
          3158, 4293, 4295, -1,
          3158, 2925, 4293, -1,
          3316, 4295, 4297, -1,
          3316, 3158, 4295, -1,
          3422, 4297, 4300, -1,
          3422, 3316, 4297, -1,
          3482, 4300, 4302, -1,
          3482, 3422, 4300, -1,
          3485, 3482, 4302, -1,
          3485, 4302, 4304, -1,
          3486, 4304, 4306, -1,
          3486, 3485, 4304, -1,
          985, 4306, 983, -1,
          985, 3486, 4306, -1,
          3487, 980, 981, -1,
          3487, 981, 4272, -1,
          3484, 4272, 4270, -1,
          3484, 3487, 4272, -1,
          3483, 4270, 4268, -1,
          3483, 3484, 4270, -1,
          3481, 4268, 4265, -1,
          3481, 3483, 4268, -1,
          3470, 4265, 4266, -1,
          3470, 3481, 4265, -1,
          3408, 4266, 4267, -1,
          3408, 3470, 4266, -1,
          3267, 4267, 4269, -1,
          3267, 3408, 4267, -1,
          3094, 4269, 4271, -1,
          3094, 3267, 4269, -1,
          2902, 4271, 4273, -1,
          2902, 3094, 4271, -1,
          2675, 4273, 4274, -1,
          2675, 2902, 4273, -1,
          2467, 4274, 4275, -1,
          2467, 2675, 4274, -1,
          2283, 4275, 4276, -1,
          2283, 2467, 4275, -1,
          2043, 4276, 4277, -1,
          2043, 2283, 4276, -1,
          1849, 4277, 4278, -1,
          1849, 2043, 4277, -1,
          1837, 4278, 4279, -1,
          1837, 1849, 4278, -1,
          1835, 1837, 4279, -1,
          1835, 4279, 4280, -1,
          1833, 4280, 4281, -1,
          1833, 1835, 4280, -1,
          947, 4281, 945, -1,
          947, 1833, 4281, -1
        ]
      }
    }
}
