#VRML V2.0 utf8
WorldInfo {
  title "Exported triangle mesh to VRML97"
  info ["Created by FreeCAD"
        "<https://www.freecad.org>"]
}

Transform {
  scale 1 1 1
  rotation 0 0 1 0
  scaleOrientation 0 0 1 0
  center 0.000 0.000 0.000
  translation 0.000 0.000 0.000
  children
    Shape { 
      appearance
      Appearance {
        material
        Material {
          diffuseColor 0.8 0.8 0.8
        }
      }
      geometry
      IndexedFaceSet {
        coord
        Coordinate {
          point [
            -3.788 -9.736 -0.000,
            -2.260 -12.507 -2.205,
            -2.260 -12.700 -0.000,
            -2.260 12.507 -2.205,
            -3.788 9.736 0.000,
            -2.260 12.700 0.000,
            -3.150 -10.175 -4.425,
            -2.260 -9.729 -8.163,
            -2.260 -10.999 -6.350,
            -2.260 -11.934 -4.344,
            -4.901 -6.593 -0.000,
            -4.832 -5.211 -4.425,
            -5.577 -3.327 -0.000,
            -2.995 -7.356 -8.706,
            -2.260 -6.350 -10.999,
            -2.260 -8.163 -9.729,
            -5.401 -0.000 -4.425,
            -5.803 -0.000 0.000,
            -5.577 3.327 0.000,
            -4.071 -2.491 -8.706,
            -2.260 -0.000 -12.700,
            -2.260 -2.205 -12.507,
            -2.260 -4.344 -11.934,
            -4.832 5.211 -4.425,
            -4.901 6.593 0.000,
            -4.071 2.491 -8.706,
            -2.260 6.350 -10.999,
            -2.260 4.344 -11.934,
            -2.260 2.205 -12.507,
            -3.150 10.175 -4.425,
            -2.260 11.934 -4.344,
            -2.260 10.999 -6.350,
            -2.260 9.729 -8.163,
            -2.995 7.356 -8.706,
            -2.260 8.163 -9.729,
            -2.260 2.205 12.507,
            -2.260 -0.000 12.700,
            -0.367 -0.000 12.700,
            -0.367 2.205 12.507,
            -2.260 4.344 11.934,
            -0.367 4.344 11.934,
            -2.260 6.350 10.999,
            -0.367 6.350 10.999,
            -2.260 8.163 9.729,
            -0.367 8.163 9.729,
            -2.260 9.729 8.163,
            -0.367 9.729 8.163,
            -2.260 10.999 6.350,
            -0.367 10.999 6.350,
            -2.260 11.934 4.344,
            -0.367 11.934 4.344,
            -2.260 12.507 2.205,
            -0.367 12.507 2.205,
            -0.367 12.700 0.000,
            -0.367 12.507 -2.205,
            -0.367 11.934 -4.344,
            -0.367 10.999 -6.350,
            -0.367 9.729 -8.163,
            -0.367 8.163 -9.729,
            -0.367 6.350 -10.999,
            -0.367 4.344 -11.934,
            -0.367 2.205 -12.507,
            -0.367 -0.000 -12.700,
            1.162 9.736 0.000,
            -0.367 -12.507 -2.205,
            1.162 -9.736 -0.000,
            -0.367 -12.700 -0.000,
            0.523 10.175 -4.425,
            2.274 6.593 0.000,
            2.205 5.211 -4.425,
            2.950 3.327 0.000,
            0.368 7.356 -8.706,
            2.774 -0.000 -4.425,
            3.177 -0.000 -0.000,
            2.950 -3.327 -0.000,
            1.444 2.491 -8.706,
            2.205 -5.211 -4.425,
            2.274 -6.593 -0.000,
            1.444 -2.491 -8.706,
            -0.367 -2.205 -12.507,
            -0.367 -4.344 -11.934,
            -0.367 -6.350 -10.999,
            0.523 -10.175 -4.425,
            -0.367 -10.999 -6.350,
            -0.367 -9.729 -8.163,
            -0.367 -11.934 -4.344,
            0.368 -7.356 -8.706,
            -0.367 -8.163 -9.729,
            -0.367 -12.507 2.205,
            1.039 4.953 8.706,
            1.499 7.739 4.425,
            1.580 -0.000 8.706,
            -0.367 -2.205 12.507,
            2.631 2.621 4.425,
            1.039 -4.953 8.706,
            -0.367 -8.163 9.729,
            -0.367 -9.729 8.163,
            -0.367 -6.350 10.999,
            -0.367 -4.344 11.934,
            2.631 -2.621 4.425,
            1.499 -7.739 4.425,
            -0.367 -11.934 4.344,
            -0.367 -10.999 6.350,
            -2.260 -12.507 2.205,
            -2.260 -11.934 4.344,
            -2.260 -10.999 6.350,
            -2.260 -9.729 8.163,
            -2.260 -8.163 9.729,
            -2.260 -6.350 10.999,
            -2.260 -4.344 11.934,
            -2.260 -2.205 12.507,
            -3.665 -4.953 8.706,
            -4.126 -7.739 4.425,
            -4.207 -0.000 8.706,
            -5.258 -2.621 4.425,
            -3.665 4.953 8.706,
            -5.258 2.621 4.425,
            -4.126 7.739 4.425,
            0.201 11.709 0.000,
            0.455 11.281 -1.989,
            0.455 11.455 -0.000,
            0.201 11.532 -2.033,
            0.455 10.765 -3.918,
            0.201 11.003 -4.005,
            0.455 9.921 -5.728,
            0.201 10.141 -5.855,
            0.455 8.775 -7.363,
            0.201 8.970 -7.527,
            0.455 7.363 -8.775,
            0.201 7.527 -8.970,
            0.455 5.728 -9.921,
            0.201 5.855 -10.141,
            0.455 3.918 -10.765,
            0.201 4.005 -11.003,
            0.455 1.989 -11.281,
            0.201 2.033 -11.532,
            0.455 0.000 -11.455,
            0.201 -0.000 -11.709,
            0.455 -1.989 -11.281,
            0.201 -2.033 -11.532,
            0.455 -3.918 -10.765,
            0.201 -4.005 -11.003,
            0.455 -5.728 -9.921,
            0.201 -5.855 -10.141,
            0.201 -7.527 -8.970,
            0.455 -7.363 -8.775,
            0.455 -8.775 -7.363,
            0.201 -8.970 -7.527,
            0.455 -9.921 -5.728,
            0.201 -10.141 -5.855,
            0.455 -10.765 -3.918,
            0.201 -11.003 -4.005,
            0.201 -11.532 -2.033,
            0.455 -11.281 -1.989,
            0.455 -11.455 0.000,
            0.201 -11.709 -0.000,
            2.233 11.709 -0.000,
            1.979 11.294 1.918,
            1.979 11.455 -0.000,
            2.233 11.539 1.990,
            1.979 10.813 3.781,
            2.233 11.033 3.922,
            1.979 10.028 5.538,
            2.233 10.206 5.740,
            1.979 8.959 7.138,
            2.233 9.082 7.391,
            1.979 7.638 8.537,
            2.233 7.694 8.827,
            1.979 6.101 9.696,
            2.233 6.082 10.006,
            1.979 4.392 10.580,
            2.233 4.294 10.894,
            1.979 2.559 11.166,
            2.233 2.380 11.465,
            1.979 0.654 11.437,
            2.233 0.397 11.703,
            2.233 0.397 11.703,
            1.794 -2.629 -12.879,
            2.233 -0.397 -12.884,
            2.233 -2.585 -12.629,
            1.794 -0.397 -13.139,
            1.794 -4.785 -12.243,
            2.233 -4.698 -12.004,
            1.794 -6.800 -11.249,
            2.233 -6.673 -11.029,
            1.794 -8.617 -9.926,
            2.233 -8.454 -9.732,
            1.794 -10.182 -8.313,
            2.233 -9.987 -8.150,
            1.794 -11.449 -6.457,
            2.233 -11.229 -6.330,
            1.794 -12.382 -4.413,
            2.233 -12.143 -4.326,
            1.794 -12.952 -2.239,
            2.233 -12.702 -2.195,
            1.794 -13.144 0.000,
            2.233 -12.891 -0.000,
            0.641 12.945 2.283,
            0.201 12.891 -0.000,
            0.201 12.695 2.238,
            0.641 13.144 -0.000,
            0.641 12.352 4.496,
            0.201 12.113 4.409,
            0.641 11.383 6.572,
            0.201 11.164 6.445,
            0.641 10.069 8.449,
            0.201 9.875 8.286,
            0.641 8.449 10.069,
            0.201 8.286 9.875,
            0.641 6.572 11.383,
            0.201 6.445 11.164,
            0.641 4.496 12.352,
            0.201 4.409 12.113,
            0.641 2.283 12.945,
            0.201 2.238 12.695,
            0.641 0.000 13.144,
            0.201 -0.000 12.891,
            0.641 -2.283 12.945,
            0.201 -2.238 12.695,
            0.641 -4.496 12.352,
            0.201 -4.409 12.113,
            0.641 -6.572 11.383,
            0.201 -6.445 11.164,
            0.641 -8.449 10.069,
            0.201 -8.286 9.875,
            0.641 -10.069 8.449,
            0.201 -9.875 8.286,
            0.641 -11.383 6.572,
            0.201 -11.164 6.445,
            0.641 -12.352 4.496,
            0.201 -12.113 4.409,
            0.641 -12.945 2.283,
            0.201 -12.695 2.238,
            0.641 -13.144 0.000,
            0.201 -12.891 0.000,
            1.979 -11.455 0.000,
            1.979 -11.294 -1.918,
            1.979 -10.813 -3.781,
            1.979 -10.028 -5.538,
            1.979 -8.959 -7.138,
            1.979 -7.638 -8.537,
            1.979 -6.101 -9.696,
            1.979 -4.392 -10.580,
            1.979 -2.559 -11.166,
            1.344 -0.654 -11.437,
            1.344 -0.218 -11.453,
            1.344 0.218 -11.453,
            1.344 0.654 -11.437,
            1.979 -0.654 -11.437,
            1.979 0.654 -11.437,
            1.979 2.559 -11.166,
            1.979 4.392 -10.580,
            1.979 6.101 -9.696,
            1.979 7.638 -8.537,
            1.979 8.959 -7.138,
            1.979 10.028 -5.538,
            1.979 10.813 -3.781,
            1.979 11.294 -1.918,
            1.794 12.952 2.239,
            1.794 13.144 -0.000,
            1.794 12.382 4.413,
            1.794 11.449 6.457,
            1.794 10.182 8.313,
            1.794 8.617 9.926,
            1.794 6.800 11.249,
            1.794 4.785 12.243,
            1.794 2.629 12.879,
            1.598 0.397 13.139,
            1.598 0.132 13.144,
            1.598 -0.132 13.144,
            1.794 0.397 13.139,
            1.598 -0.397 13.139,
            1.794 -2.629 12.879,
            1.794 -0.397 13.139,
            1.794 -4.785 12.243,
            1.794 -6.800 11.249,
            1.794 -8.617 9.926,
            1.794 -10.182 8.313,
            1.794 -11.449 6.457,
            1.794 -12.382 4.413,
            1.794 -12.952 2.239,
            0.641 -12.945 -2.283,
            0.641 -12.352 -4.496,
            0.641 -11.383 -6.572,
            0.641 -10.069 -8.449,
            0.641 -8.449 -10.069,
            0.641 -6.572 -11.383,
            0.641 -4.496 -12.352,
            0.641 -2.283 -12.945,
            1.598 -0.397 -13.139,
            0.641 -0.000 -13.144,
            1.598 -0.132 -13.144,
            1.598 0.132 -13.144,
            1.598 0.397 -13.139,
            0.641 2.283 -12.945,
            1.794 2.629 -12.879,
            0.641 4.496 -12.352,
            1.794 0.397 -13.139,
            1.794 4.785 -12.243,
            0.641 6.572 -11.383,
            1.794 6.800 -11.249,
            0.641 8.449 -10.069,
            1.794 8.617 -9.926,
            0.641 10.069 -8.449,
            1.794 10.182 -8.313,
            0.641 11.383 -6.572,
            1.794 11.449 -6.457,
            0.641 12.352 -4.496,
            1.794 12.382 -4.413,
            0.641 12.945 -2.283,
            1.794 12.952 -2.239,
            0.455 11.281 1.989,
            0.455 10.765 3.918,
            0.455 9.921 5.728,
            0.455 8.775 7.363,
            0.455 7.363 8.775,
            0.455 5.728 9.921,
            0.455 3.918 10.765,
            0.455 1.989 11.281,
            1.344 0.654 11.437,
            0.455 -0.000 11.455,
            1.344 0.218 11.453,
            1.344 -0.218 11.453,
            1.344 -0.654 11.437,
            0.455 -1.989 11.281,
            1.979 -0.654 11.437,
            1.979 -2.559 11.166,
            0.455 -3.918 10.765,
            1.979 -4.392 10.580,
            0.455 -5.728 9.921,
            1.979 -6.101 9.696,
            0.455 -7.363 8.775,
            1.979 -7.638 8.537,
            0.455 -8.775 7.363,
            1.979 -8.959 7.138,
            0.455 -9.921 5.728,
            1.979 -10.028 5.538,
            0.455 -10.765 3.918,
            1.979 -10.813 3.781,
            0.455 -11.281 1.989,
            1.979 -11.294 1.918,
            2.233 -0.397 -11.703,
            2.233 -2.380 -11.465,
            2.233 -4.294 -10.894,
            2.233 -6.082 -10.006,
            2.233 -7.694 -8.827,
            2.233 -9.082 -7.391,
            2.233 -10.206 -5.740,
            2.233 -11.033 -3.922,
            2.233 -11.539 -1.990,
            2.233 -11.709 -0.000,
            2.233 -11.539 1.990,
            2.233 -12.702 2.195,
            2.233 -11.033 3.922,
            2.233 -0.397 12.884,
            2.233 -2.585 12.629,
            2.233 -0.397 11.703,
            2.233 -2.380 11.465,
            2.233 -10.206 5.740,
            2.233 -12.143 4.326,
            2.233 -4.698 12.004,
            2.233 -4.294 10.894,
            2.233 -9.082 7.391,
            2.233 -11.229 6.330,
            2.233 -6.673 11.029,
            2.233 -6.082 10.006,
            2.233 -9.987 8.150,
            2.233 -7.694 8.827,
            2.233 -8.454 9.732,
            2.233 9.987 -8.150,
            2.233 7.694 -8.827,
            2.233 8.454 -9.732,
            2.233 11.229 -6.330,
            2.233 9.082 -7.391,
            2.233 6.082 -10.006,
            2.233 6.673 -11.029,
            2.233 12.143 -4.326,
            2.233 10.206 -5.740,
            2.233 4.294 -10.894,
            2.233 4.698 -12.004,
            2.233 11.033 -3.922,
            2.233 12.702 -2.195,
            2.233 2.380 -11.465,
            2.233 2.585 -12.629,
            2.233 11.539 -1.990,
            2.233 12.891 -0.000,
            2.233 0.397 -11.703,
            2.233 0.397 -12.884,
            2.233 12.702 2.195,
            2.233 12.143 4.326,
            2.233 11.229 6.330,
            2.233 9.987 8.150,
            2.233 8.454 9.732,
            2.233 6.673 11.029,
            2.233 4.698 12.004,
            2.233 2.585 12.629,
            2.233 0.397 12.884,
            0.201 9.875 -8.286,
            0.201 8.286 -9.875,
            0.201 6.445 -11.164,
            0.201 11.164 -6.445,
            0.201 4.409 -12.113,
            0.201 12.113 -4.409,
            0.201 2.238 -12.695,
            0.201 12.695 -2.238,
            0.201 0.000 -12.891,
            0.201 -2.238 -12.695,
            0.201 11.532 2.033,
            0.201 11.003 4.005,
            0.201 -4.409 -12.113,
            0.201 -6.445 -11.164,
            0.201 10.141 5.855,
            0.201 -8.286 -9.875,
            0.201 8.970 7.527,
            0.201 7.527 8.970,
            0.201 -9.875 -8.286,
            0.201 5.855 10.141,
            0.201 -11.164 -6.445,
            0.201 4.005 11.003,
            0.201 -12.113 -4.409,
            0.201 -12.695 -2.238,
            0.201 2.033 11.532,
            0.201 0.000 11.709,
            0.201 -11.532 2.033,
            0.201 -2.033 11.532,
            0.201 -4.005 11.003,
            0.201 -11.003 4.005,
            0.201 -5.855 10.141,
            0.201 -10.141 5.855,
            0.201 -7.527 8.970,
            0.201 -8.970 7.527,
            1.598 0.397 -11.703,
            2.233 0.397 -11.703,
            1.598 0.397 -11.703,
            1.598 -0.397 -11.703,
            2.233 -0.397 -11.703,
            1.598 -0.397 -11.703,
            1.598 0.132 -11.709,
            1.598 -0.132 -11.709,
            1.598 -0.397 11.703,
            2.233 -0.397 11.703,
            1.598 -0.397 11.703,
            1.598 0.397 11.703,
            1.598 0.397 11.703,
            1.598 0.132 11.709,
            1.598 -0.132 11.709,
            6.477 0.000 13.399,
            6.037 -2.283 12.945,
            6.037 0.000 13.144,
            6.477 -2.327 13.195,
            6.037 -4.496 12.352,
            6.477 -4.583 12.590,
            6.037 -6.572 11.383,
            6.477 -6.699 11.603,
            6.037 -8.449 10.069,
            6.477 -8.612 10.264,
            6.037 -10.069 8.449,
            6.477 -10.264 8.612,
            6.037 -11.383 6.572,
            6.477 -11.603 6.699,
            6.037 -12.352 4.496,
            6.477 -12.590 4.583,
            6.037 -12.945 2.283,
            6.477 -13.195 2.327,
            6.037 -13.144 0.000,
            6.477 -13.399 -0.000,
            6.037 -12.945 -2.283,
            6.477 -13.195 -2.327,
            6.037 -12.352 -4.496,
            6.477 -12.590 -4.583,
            6.037 -11.383 -6.572,
            6.477 -11.603 -6.699,
            6.037 -10.069 -8.449,
            6.477 -10.264 -8.612,
            6.037 -8.449 -10.069,
            6.477 -8.612 -10.264,
            6.477 -6.699 -11.603,
            6.037 -6.572 -11.383,
            6.037 -4.496 -12.352,
            6.477 -4.583 -12.590,
            6.037 -2.283 -12.945,
            6.477 -2.327 -13.195,
            6.477 0.000 -13.399,
            6.037 0.000 -13.144,
            -6.037 2.283 -12.945,
            -6.477 0.000 -12.891,
            -6.477 2.238 -12.695,
            -6.037 0.000 -13.144,
            -6.037 4.496 -12.352,
            -6.477 4.409 -12.113,
            -6.037 6.572 -11.383,
            -6.477 6.445 -11.164,
            -6.037 8.449 -10.069,
            -6.477 8.286 -9.875,
            -6.037 10.069 -8.449,
            -6.477 9.875 -8.286,
            -6.037 11.383 -6.572,
            -6.477 11.164 -6.445,
            -6.037 12.352 -4.496,
            -6.477 12.113 -4.409,
            -6.037 12.945 -2.283,
            -6.477 12.695 -2.238,
            -6.037 13.144 -0.000,
            -6.477 12.891 0.000,
            -6.037 12.945 2.283,
            -6.477 12.695 2.238,
            -6.037 12.352 4.496,
            -6.477 12.113 4.409,
            -6.037 11.383 6.572,
            -6.477 11.164 6.445,
            -6.037 10.069 8.449,
            -6.477 9.875 8.286,
            -6.037 8.449 10.069,
            -6.477 8.286 9.875,
            -6.477 6.445 11.164,
            -6.037 6.572 11.383,
            -6.477 4.409 12.113,
            -6.037 4.496 12.352,
            -6.037 2.283 12.945,
            -6.477 2.238 12.695,
            -6.037 0.000 13.144,
            -6.477 0.000 12.891,
            6.223 2.646 15.008,
            6.477 0.000 14.986,
            6.477 2.602 14.758,
            6.223 0.000 15.240,
            6.223 5.212 14.321,
            6.477 5.126 14.082,
            6.223 7.620 13.198,
            6.477 7.493 12.978,
            6.223 9.796 11.675,
            6.477 9.633 11.480,
            6.223 11.675 9.796,
            6.477 11.480 9.633,
            6.223 13.198 7.620,
            6.477 12.978 7.493,
            6.223 14.321 5.212,
            6.477 14.082 5.126,
            6.223 15.008 2.646,
            6.477 14.758 2.602,
            6.223 15.240 0.000,
            6.477 14.986 -0.000,
            6.223 15.008 -2.646,
            6.477 14.758 -2.602,
            6.223 14.321 -5.212,
            6.477 14.082 -5.126,
            6.223 13.198 -7.620,
            6.477 12.978 -7.493,
            6.223 11.675 -9.796,
            6.477 11.480 -9.633,
            6.223 9.796 -11.675,
            6.477 9.633 -11.480,
            6.223 7.620 -13.198,
            6.477 7.493 -12.978,
            6.223 5.212 -14.321,
            6.477 5.126 -14.082,
            6.223 2.646 -15.008,
            6.477 2.602 -14.758,
            6.223 0.000 -15.240,
            6.477 0.000 -14.986,
            -3.175 2.646 -15.008,
            -3.429 0.000 -14.986,
            -3.429 2.602 -14.758,
            -3.175 0.000 -15.240,
            -3.175 5.212 -14.321,
            -3.429 5.126 -14.082,
            -3.175 7.620 -13.198,
            -3.429 7.493 -12.978,
            -3.175 9.796 -11.675,
            -3.429 9.633 -11.480,
            -3.175 11.675 -9.796,
            -3.429 11.480 -9.633,
            -3.175 13.198 -7.620,
            -3.429 12.978 -7.493,
            -3.175 14.321 -5.212,
            -3.429 14.082 -5.126,
            -3.175 15.008 -2.646,
            -3.429 14.758 -2.602,
            -3.175 15.240 -0.000,
            -3.429 14.986 0.000,
            -3.175 15.008 2.646,
            -3.429 14.758 2.602,
            -3.175 14.321 5.212,
            -3.429 14.082 5.126,
            -3.175 13.198 7.620,
            -3.429 12.978 7.493,
            -3.175 11.675 9.796,
            -3.429 11.480 9.633,
            -3.175 9.796 11.675,
            -3.429 9.633 11.480,
            -3.175 7.620 13.198,
            -3.429 7.493 12.978,
            -3.175 5.212 14.321,
            -3.429 5.126 14.082,
            -3.175 2.646 15.008,
            -3.429 2.602 14.758,
            -3.175 0.000 15.240,
            -3.429 0.000 14.986,
            -6.477 0.000 -12.255,
            -6.223 -2.084 -11.819,
            -6.223 0.000 -12.002,
            -6.477 -2.128 -12.069,
            -6.223 -4.105 -11.278,
            -6.477 -4.192 -11.516,
            -6.223 -6.001 -10.394,
            -6.477 -6.128 -10.614,
            -6.223 -7.714 -9.194,
            -6.477 -7.878 -9.388,
            -6.223 -9.194 -7.714,
            -6.477 -9.388 -7.878,
            -6.223 -10.394 -6.001,
            -6.477 -10.614 -6.128,
            -6.223 -11.278 -4.105,
            -6.477 -11.516 -4.192,
            -6.223 -11.819 -2.084,
            -6.477 -12.069 -2.128,
            -6.223 -12.002 -0.000,
            -6.477 -12.255 0.000,
            -6.223 -11.819 2.084,
            -6.477 -12.069 2.128,
            -6.477 -11.516 4.192,
            -6.223 -11.278 4.105,
            -6.477 -10.614 6.128,
            -6.223 -10.394 6.001,
            -6.223 -9.194 7.714,
            -6.477 -9.388 7.878,
            -6.477 -7.878 9.388,
            -6.223 -7.714 9.194,
            -6.223 -6.001 10.394,
            -6.477 -6.128 10.614,
            -6.223 -4.105 11.278,
            -6.477 -4.192 11.516,
            -6.477 -2.128 12.069,
            -6.223 -2.084 11.819,
            -6.477 0.000 12.255,
            -6.223 0.000 12.002,
            -1.905 0.000 -13.144,
            -1.905 -2.283 -12.945,
            -1.905 -4.496 -12.352,
            -1.905 -6.572 -11.383,
            -1.905 -8.449 -10.069,
            -1.905 -10.069 -8.449,
            -1.905 -11.383 -6.572,
            -1.905 -12.352 -4.496,
            -1.905 -12.945 -2.283,
            -1.905 -13.144 -0.000,
            -1.905 -12.945 2.283,
            -1.905 -12.352 4.496,
            -1.905 -11.383 6.572,
            -1.905 -10.069 8.449,
            -1.905 -8.449 10.069,
            -1.905 -6.572 11.383,
            -1.905 -4.496 12.352,
            -1.905 -2.283 12.945,
            -1.905 0.000 13.144,
            -2.667 0.000 -13.653,
            -2.667 -2.371 -13.445,
            -1.905 0.000 -13.653,
            -1.905 -2.371 -13.445,
            -2.667 -4.669 -12.829,
            -1.905 -4.669 -12.829,
            -2.667 -6.826 -11.823,
            -1.905 -6.826 -11.823,
            -2.667 -8.776 -10.458,
            -1.905 -8.776 -10.458,
            -2.667 -10.458 -8.776,
            -1.905 -10.458 -8.776,
            -2.667 -11.823 -6.826,
            -1.905 -11.823 -6.826,
            -2.667 -12.829 -4.669,
            -1.905 -12.829 -4.669,
            -2.667 -13.445 -2.371,
            -1.905 -13.445 -2.371,
            -2.667 -13.653 -0.000,
            -1.905 -13.653 -0.000,
            -2.667 -13.445 2.371,
            -1.905 -13.445 2.371,
            -2.667 -12.829 4.669,
            -1.905 -12.829 4.669,
            -2.667 -11.823 6.826,
            -1.905 -11.823 6.826,
            -2.667 -10.458 8.776,
            -1.905 -10.458 8.776,
            -2.667 -8.776 10.458,
            -1.905 -8.776 10.458,
            -1.905 -6.826 11.823,
            -2.667 -6.826 11.823,
            -2.667 -4.669 12.829,
            -1.905 -4.669 12.829,
            -2.667 -2.371 13.445,
            -1.905 -2.371 13.445,
            -2.667 0.000 13.653,
            -1.905 0.000 13.653,
            -2.667 0.000 -12.002,
            -2.667 -2.084 -11.819,
            -2.667 -4.105 -11.278,
            -2.667 -6.001 -10.394,
            -2.667 -7.714 -9.194,
            -2.667 -9.194 -7.714,
            -2.667 -10.394 -6.001,
            -2.667 -11.278 -4.105,
            -2.667 -11.819 -2.084,
            -2.667 -12.002 -0.000,
            -2.667 -11.819 2.084,
            -2.667 -11.278 4.105,
            -2.667 -10.394 6.001,
            -2.667 -9.194 7.714,
            -2.667 -7.714 9.194,
            -2.667 -6.001 10.394,
            -2.667 -4.105 11.278,
            -2.667 -2.084 11.819,
            -2.667 0.000 12.002,
            -4.191 0.000 13.144,
            -4.191 2.283 12.945,
            -4.191 4.496 12.352,
            -4.191 6.572 11.383,
            -4.191 8.449 10.069,
            -4.191 10.069 8.449,
            -4.191 11.383 6.572,
            -4.191 12.352 4.496,
            -4.191 12.945 2.283,
            -4.191 13.144 0.000,
            -4.191 12.945 -2.283,
            -4.191 12.352 -4.496,
            -4.191 11.383 -6.572,
            -4.191 10.069 -8.449,
            -4.191 8.449 -10.069,
            -4.191 6.572 -11.383,
            -4.191 4.496 -12.352,
            -4.191 2.283 -12.945,
            -4.191 0.000 -13.144,
            -4.191 2.203 12.495,
            -3.429 0.000 12.687,
            -3.429 2.203 12.495,
            -4.191 0.000 12.687,
            -4.191 4.339 11.922,
            -3.429 4.339 11.922,
            -4.191 6.344 10.988,
            -3.429 6.344 10.988,
            -4.191 8.155 9.719,
            -3.429 8.155 9.719,
            -4.191 9.719 8.155,
            -3.429 9.719 8.155,
            -4.191 10.988 6.344,
            -3.429 10.988 6.344,
            -4.191 11.922 4.339,
            -3.429 11.922 4.339,
            -3.429 12.495 2.203,
            -4.191 12.495 2.203,
            -4.191 12.687 0.000,
            -3.429 12.687 0.000,
            -4.191 12.495 -2.203,
            -3.429 12.495 -2.203,
            -4.191 11.922 -4.339,
            -3.429 11.922 -4.339,
            -4.191 10.988 -6.344,
            -3.429 10.988 -6.344,
            -4.191 9.719 -8.155,
            -3.429 9.719 -8.155,
            -3.429 8.155 -9.719,
            -4.191 8.155 -9.719,
            -3.429 6.344 -10.988,
            -4.191 6.344 -10.988,
            -4.191 4.339 -11.922,
            -3.429 4.339 -11.922,
            -4.191 2.203 -12.495,
            -3.429 2.203 -12.495,
            -4.191 0.000 -12.687,
            -3.429 0.000 -12.687,
            2.099 14.279 5.327,
            2.041 14.267 5.358,
            1.979 14.259 5.381,
            2.150 14.293 5.288,
            1.925 14.254 5.393,
            2.194 14.310 5.242,
            1.856 14.251 5.400,
            2.231 14.330 5.186,
            2.266 14.358 5.110,
            2.296 14.398 4.995,
            1.932 14.331 5.184,
            1.962 14.335 5.174,
            1.990 14.339 5.161,
            1.856 14.326 5.198,
            2.038 14.351 5.129,
            2.070 14.363 5.096,
            2.090 14.374 5.065,
            1.331 14.246 5.414,
            1.385 14.255 5.391,
            1.432 14.266 5.360,
            1.297 14.242 5.424,
            1.478 14.282 5.318,
            1.856 14.277 5.333,
            1.263 14.239 5.431,
            2.306 14.442 4.868,
            1.195 14.237 5.436,
            1.524 14.304 5.258,
            1.856 14.301 5.266,
            2.302 14.465 4.797,
            1.148 14.238 5.434,
            1.115 14.240 5.429,
            1.563 14.330 5.188,
            1.047 14.247 5.410,
            2.294 14.485 4.737,
            0.988 14.257 5.384,
            2.278 14.507 4.670,
            1.184 14.313 5.235,
            1.223 14.314 5.232,
            1.256 14.317 5.224,
            1.124 14.316 5.227,
            1.288 14.322 5.209,
            2.253 14.528 4.603,
            1.068 14.323 5.206,
            1.330 14.334 5.177,
            1.020 14.335 5.172,
            1.363 14.349 5.133,
            0.994 14.345 5.147,
            1.702 14.482 4.746,
            2.126 14.416 4.943,
            2.130 14.439 4.876,
            2.124 14.466 4.794,
            2.109 14.489 4.726,
            2.094 14.501 4.688,
            0.964 14.360 5.102,
            1.390 14.368 5.082,
            1.735 14.507 4.668,
            2.076 14.511 4.659,
            2.054 14.519 4.633,
            1.768 14.522 4.621,
            2.010 14.530 4.599,
            1.829 14.535 4.582,
            1.958 14.537 4.576,
            1.902 14.539 4.569,
            1.862 14.538 4.572,
            1.797 14.530 4.598,
            0.941 14.378 5.051,
            0.924 14.402 4.983,
            0.918 14.428 4.907,
            1.469 14.455 4.829,
            0.922 14.450 4.842,
            0.934 14.469 4.785,
            0.959 14.492 4.717,
            1.515 14.503 4.683,
            1.290 14.556 4.513,
            1.559 14.536 4.579,
            1.609 14.560 4.500,
            0.992 14.510 4.660,
            1.187 14.551 4.531,
            1.028 14.524 4.616,
            1.072 14.535 4.580,
            1.122 14.544 4.553,
            1.290 14.577 4.445,
            1.653 14.575 4.453,
            2.062 14.699 4.023,
            2.028 14.594 4.389,
            2.084 14.587 4.414,
            2.122 14.709 3.987,
            2.134 14.577 4.448,
            2.003 14.693 4.046,
            1.963 14.600 4.370,
            2.169 14.720 3.948,
            2.181 14.563 4.491,
            1.947 14.690 4.059,
            1.932 14.601 4.366,
            2.207 14.732 3.903,
            2.222 14.547 4.545,
            1.891 14.688 4.063,
            1.843 14.601 4.366,
            1.888 14.602 4.364,
            1.290 14.598 4.376,
            1.697 14.585 4.419,
            2.235 14.744 3.855,
            1.828 14.690 4.057,
            1.805 14.599 4.373,
            2.260 14.762 3.788,
            1.290 14.619 4.307,
            1.749 14.594 4.391,
            1.773 14.694 4.042,
            2.279 14.784 3.699,
            1.370 14.683 4.082,
            1.418 14.691 4.054,
            1.717 14.701 4.016,
            2.286 14.815 3.575,
            1.316 14.677 4.103,
            1.464 14.701 4.016,
            1.669 14.710 3.982,
            1.259 14.674 4.116,
            1.499 14.713 3.974,
            1.623 14.723 3.936,
            1.199 14.673 4.120,
            1.159 14.614 4.323,
            1.221 14.617 4.313,
            1.534 14.728 3.918,
            1.590 14.735 3.890,
            1.118 14.674 4.113,
            1.092 14.608 4.343,
            1.563 14.748 3.842,
            1.048 14.679 4.095,
            1.028 14.600 4.370,
            2.286 14.858 3.390,
            0.986 14.687 4.069,
            0.967 14.589 4.406,
            0.928 14.697 4.034,
            0.914 14.576 4.448,
            0.885 14.707 3.997,
            0.862 14.560 4.503,
            2.286 14.899 3.204,
            0.851 14.718 3.956,
            0.816 14.538 4.572,
            0.819 14.732 3.901,
            2.286 14.938 3.018,
            2.286 15.071 2.262,
            0.792 14.751 3.831,
            0.778 14.765 3.773,
            0.934 14.270 5.350,
            0.887 14.285 5.309,
            0.847 14.303 5.262,
            0.814 14.321 5.212,
            0.787 14.341 5.156,
            0.767 14.362 5.097,
            0.750 14.391 5.017,
            0.745 14.406 4.974,
            0.742 14.425 4.916,
            0.753 14.476 4.766,
            0.780 14.511 4.658,
            2.286 15.083 2.182,
            2.286 15.094 2.102,
            2.286 15.105 2.022,
            0.762 14.970 2.858,
            0.762 14.938 3.018,
            1.231 15.073 2.249,
            0.762 15.011 2.634,
            1.231 15.040 2.463,
            0.762 15.151 1.648,
            1.231 15.104 2.035,
            1.231 15.131 1.820,
            2.286 15.225 0.674,
            0.938 15.176 1.395,
            2.286 15.228 0.602,
            0.762 15.176 1.395,
            0.762 15.174 1.421,
            2.286 15.231 0.531,
            2.286 15.233 0.459,
            0.938 15.196 1.155,
            0.938 15.213 0.915,
            2.050 15.240 0.073,
            2.107 15.240 0.045,
            2.156 15.240 0.010,
            1.981 15.240 0.096,
            2.196 15.240 -0.030,
            0.938 15.225 0.674,
            2.215 15.240 -0.054,
            1.934 15.240 0.104,
            2.231 15.240 -0.081,
            1.875 15.240 0.107,
            2.253 15.239 -0.132,
            1.789 15.240 0.100,
            2.274 15.238 -0.221,
            2.286 15.235 -0.404,
            0.769 14.781 3.713,
            0.762 14.814 3.577,
            0.762 14.858 3.391,
            0.762 14.899 3.205,
            0.762 15.159 1.572,
            0.762 15.166 1.497,
            0.762 14.984 2.784,
            0.762 14.997 2.709,
            2.286 15.227 -0.624,
            0.762 15.238 0.232,
            0.762 15.233 0.459,
            1.729 15.240 0.083,
            1.673 15.240 0.058,
            1.183 15.240 -0.018,
            1.623 15.240 0.024,
            1.581 15.240 -0.016,
            1.261 15.240 -0.068,
            1.545 15.240 -0.064,
            1.328 15.240 -0.119,
            1.510 15.239 -0.130,
            1.390 15.239 -0.178,
            1.482 15.239 -0.213,
            1.432 15.238 -0.235,
            1.465 15.237 -0.297,
            2.286 15.217 -0.844,
            2.286 15.203 -1.064,
            1.911 15.174 -1.417,
            1.999 15.169 -1.465,
            2.077 15.164 -1.524,
            1.816 15.177 -1.380,
            2.145 15.156 -1.594,
            1.719 15.180 -1.355,
            0.762 15.216 -0.849,
            0.762 15.240 -0.014,
            1.084 15.239 -0.204,
            1.267 15.237 -0.320,
            1.358 15.235 -0.390,
            1.391 15.234 -0.427,
            1.419 15.233 -0.471,
            1.439 15.231 -0.524,
            1.446 15.227 -0.630,
            1.446 15.224 -0.703,
            1.446 15.220 -0.776,
            1.446 15.216 -0.849,
            1.621 15.181 -1.341,
            2.203 15.148 -1.676,
            2.249 15.138 -1.764,
            2.281 15.126 -1.858,
            2.300 15.114 -1.956,
            1.202 15.177 -1.389,
            0.762 15.203 -1.064,
            1.343 15.180 -1.352,
            2.306 15.101 -2.054,
            1.090 15.172 -1.440,
            2.302 15.090 -2.136,
            2.289 15.078 -2.219,
            1.000 15.166 -1.498,
            2.266 15.064 -2.306,
            0.930 15.160 -1.562,
            2.231 15.052 -2.387,
            0.874 15.153 -1.630,
            0.826 15.144 -1.709,
            0.788 15.134 -1.795,
            2.286 14.934 -3.037,
            1.851 14.996 -2.715,
            1.963 15.005 -2.665,
            2.056 15.016 -2.602,
            2.129 15.028 -2.533,
            2.185 15.040 -2.464,
            0.762 15.201 1.083,
            0.762 15.220 0.771,
            0.762 15.239 0.150,
            0.762 15.240 0.068,
            0.762 15.212 -0.921,
            0.762 15.208 -0.993,
            1.707 14.989 -2.752,
            2.286 14.920 -3.107,
            2.286 14.905 -3.178,
            2.286 14.890 -3.248,
            1.661 14.835 -3.489,
            1.661 14.890 -3.248,
            0.762 14.934 -3.037,
            0.820 15.052 -2.389,
            0.875 15.037 -2.476,
            0.942 15.024 -2.554,
            1.019 15.013 -2.619,
            1.106 15.004 -2.673,
            1.203 14.996 -2.716,
            1.305 14.991 -2.746,
            1.401 14.987 -2.763,
            2.286 14.714 -3.969,
            2.286 14.695 -4.038,
            1.661 14.777 -3.729,
            0.762 14.890 -3.248,
            1.485 14.890 -3.248,
            1.485 14.835 -3.489,
            2.286 14.676 -4.107,
            2.286 14.657 -4.176,
            1.661 14.714 -3.969,
            2.286 14.596 -4.382,
            2.110 14.596 -4.382,
            2.286 14.477 -4.761,
            0.762 14.714 -3.969,
            1.485 14.777 -3.729,
            1.485 14.714 -3.969,
            0.762 14.657 -4.176,
            2.110 14.549 -4.538,
            2.286 14.348 -5.137,
            2.286 14.209 -5.509,
            2.110 14.209 -5.509,
            0.762 14.920 -3.107,
            0.762 14.905 -3.178,
            0.762 15.123 -1.881,
            0.747 15.112 -1.968,
            0.742 15.101 -2.055,
            0.752 15.083 -2.182,
            0.779 15.067 -2.292,
            0.762 14.448 -4.848,
            2.110 14.499 -4.693,
            2.110 14.448 -4.848,
            0.762 14.379 -5.051,
            2.110 14.379 -5.051,
            2.110 14.324 -5.204,
            2.110 14.267 -5.357,
            0.762 14.695 -4.038,
            0.762 14.676 -4.107,
            0.762 14.425 -4.916,
            0.762 14.402 -4.983,
            2.112 14.393 5.010,
            1.522 15.181 -1.337,
            1.504 14.986 -2.769,
            6.223 -2.646 -15.008,
            -3.175 -2.646 -15.008,
            6.223 -5.212 -14.321,
            -3.175 -5.212 -14.321,
            6.223 -7.620 -13.198,
            -3.175 -7.620 -13.198,
            6.223 -9.796 -11.675,
            -3.175 -9.796 -11.675,
            0.761 -12.234 -9.087,
            0.711 -12.218 -9.110,
            6.223 -11.675 -9.796,
            0.798 -12.254 -9.061,
            0.650 -12.205 -9.127,
            0.832 -12.280 -9.025,
            0.585 -12.198 -9.136,
            0.857 -12.312 -8.982,
            0.507 -12.196 -9.139,
            0.872 -12.344 -8.937,
            0.879 -12.395 -8.867,
            0.561 -12.317 -8.975,
            0.601 -12.324 -8.966,
            0.631 -12.333 -8.953,
            0.875 -12.429 -8.819,
            6.223 -13.198 -7.620,
            0.513 -12.313 -8.980,
            0.671 -12.357 -8.920,
            0.435 -12.312 -8.982,
            0.696 -12.389 -8.876,
            0.703 -12.422 -8.829,
            0.698 -12.456 -8.781,
            -0.254 -12.196 -9.139,
            0.713 -12.597 -8.577,
            0.753 -12.554 -8.640,
            0.748 -12.607 -8.562,
            0.673 -12.588 -8.590,
            0.792 -12.627 -8.534,
            0.804 -12.523 -8.685,
            0.830 -12.652 -8.496,
            0.837 -12.494 -8.726,
            0.510 -12.563 -8.627,
            0.595 -12.543 -8.656,
            0.565 -12.553 -8.642,
            0.856 -12.680 -8.455,
            0.861 -12.463 -8.771,
            0.452 -12.569 -8.619,
            0.628 -12.529 -8.677,
            0.872 -12.711 -8.408,
            0.381 -12.571 -8.615,
            -0.254 -12.312 -8.982,
            0.688 -12.476 -8.752,
            0.662 -12.505 -8.711,
            0.877 -12.728 -8.381,
            0.879 -12.753 -8.344,
            0.666 -12.718 -8.398,
            0.588 -12.690 -8.439,
            0.618 -12.697 -8.429,
            0.874 -12.787 -8.292,
            0.526 -12.683 -8.450,
            0.456 -12.681 -8.453,
            0.695 -12.747 -8.352,
            0.701 -12.764 -8.327,
            0.703 -12.784 -8.297,
            0.697 -12.816 -8.247,
            -0.254 -12.571 -8.615,
            0.860 -12.924 -8.076,
            0.794 -12.877 -8.151,
            0.831 -12.850 -8.194,
            0.858 -12.820 -8.241,
            0.868 -12.804 -8.266,
            0.744 -12.903 -8.109,
            0.860 -12.959 -8.021,
            0.686 -12.924 -8.076,
            0.860 -12.993 -7.965,
            -3.175 -11.675 -9.796,
            -0.254 -12.235 -9.087,
            -0.254 -12.273 -9.035,
            0.509 -12.914 -8.092,
            0.607 -12.891 -8.129,
            0.564 -12.904 -8.108,
            0.860 -13.027 -7.909,
            0.414 -12.922 -8.079,
            0.669 -12.853 -8.188,
            0.650 -12.868 -8.165,
            0.313 -12.924 -8.076,
            -0.254 -12.681 -8.453,
            0.685 -12.836 -8.216,
            0.761 -13.199 -7.618,
            0.711 -13.185 -7.643,
            0.798 -13.216 -7.590,
            0.650 -13.175 -7.661,
            0.832 -13.237 -7.552,
            0.585 -13.169 -7.671,
            -0.254 -12.924 -8.076,
            0.857 -13.264 -7.504,
            0.507 -13.167 -7.674,
            0.872 -13.291 -7.456,
            0.879 -13.333 -7.381,
            0.561 -13.268 -7.497,
            0.601 -13.274 -7.487,
            0.631 -13.282 -7.473,
            0.875 -13.362 -7.329,
            0.513 -13.265 -7.503,
            0.671 -13.302 -7.438,
            0.435 -13.264 -7.505,
            0.696 -13.328 -7.390,
            0.861 -13.390 -7.278,
            0.703 -13.356 -7.340,
            0.698 -13.384 -7.288,
            -0.254 -13.167 -7.674,
            -0.254 -13.027 -7.909,
            0.713 -13.501 -7.070,
            0.753 -13.465 -7.137,
            0.748 -13.509 -7.054,
            0.673 -13.494 -7.084,
            0.792 -13.525 -7.023,
            0.804 -13.440 -7.185,
            0.830 -13.546 -6.983,
            0.837 -13.416 -7.230,
            0.510 -13.473 -7.123,
            0.595 -13.456 -7.154,
            0.565 -13.464 -7.139,
            0.856 -13.569 -6.939,
            0.452 -13.478 -7.114,
            0.628 -13.444 -7.177,
            0.872 -13.594 -6.889,
            0.381 -13.479 -7.111,
            -0.254 -13.264 -7.505,
            0.688 -13.401 -7.258,
            0.662 -13.425 -7.213,
            0.877 -13.609 -6.860,
            0.879 -13.629 -6.820,
            0.666 -13.600 -6.878,
            0.588 -13.577 -6.922,
            0.618 -13.583 -6.911,
            0.526 -13.572 -6.933,
            0.456 -13.570 -6.937,
            0.695 -13.624 -6.829,
            0.701 -13.638 -6.802,
            0.703 -13.654 -6.770,
            0.697 -13.680 -6.716,
            -0.254 -13.479 -7.111,
            0.860 -13.768 -6.534,
            0.794 -13.730 -6.614,
            0.831 -13.707 -6.661,
            0.858 -13.683 -6.710,
            0.868 -13.670 -6.737,
            0.744 -13.751 -6.570,
            0.686 -13.768 -6.534,
            0.509 -13.760 -6.551,
            0.607 -13.741 -6.591,
            0.564 -13.752 -6.568,
            0.414 -13.767 -6.538,
            0.669 -13.711 -6.654,
            0.650 -13.723 -6.629,
            1.250 -13.979 -6.069,
            6.223 -14.321 -5.212,
            0.860 -13.796 -6.475,
            0.860 -13.824 -6.416,
            0.860 -13.851 -6.357,
            0.874 -13.657 -6.764,
            0.313 -13.768 -6.534,
            -0.254 -13.570 -6.937,
            0.685 -13.696 -6.683,
            1.055 -13.979 -6.069,
            -0.254 -13.768 -6.534,
            0.583 -13.986 -6.054,
            0.523 -13.971 -6.088,
            0.456 -13.960 -6.115,
            0.633 -14.003 -6.014,
            0.369 -13.951 -6.134,
            0.684 -14.026 -5.959,
            1.055 -14.053 -5.897,
            1.954 -14.292 -5.290,
            3.302 -14.527 -4.606,
            1.250 -14.073 -5.848,
            3.302 -14.549 -4.538,
            0.719 -14.049 -5.906,
            1.250 -14.164 -5.624,
            0.744 -14.073 -5.848,
            1.778 -14.292 -5.290,
            3.302 -14.570 -4.469,
            0.154 -13.952 -6.132,
            -0.254 -13.851 -6.357,
            0.269 -13.948 -6.141,
            0.757 -14.097 -5.790,
            1.055 -14.125 -5.723,
            3.302 -14.591 -4.401,
            0.064 -13.961 -6.111,
            0.344 -14.028 -5.955,
            0.404 -14.034 -5.941,
            0.455 -14.044 -5.919,
            0.762 -14.122 -5.729,
            0.257 -14.026 -5.962,
            0.497 -14.055 -5.891,
            1.954 -14.374 -5.063,
            -0.015 -13.975 -6.078,
            0.757 -14.145 -5.672,
            1.055 -14.194 -5.549,
            1.250 -14.251 -5.400,
            0.187 -14.027 -5.958,
            -0.052 -13.984 -6.058,
            -3.175 -13.198 -7.620,
            -0.254 -13.510 -7.053,
            -0.254 -13.540 -6.995,
            -0.254 -12.959 -8.021,
            -0.254 -12.993 -7.965,
            -0.254 -13.796 -6.475,
            -0.254 -13.824 -6.416,
            -0.254 -13.199 -7.618,
            -0.254 -13.232 -7.562,
            -0.254 -12.608 -8.561,
            -0.254 -12.644 -8.507,
            0.742 -14.168 -5.615,
            -0.089 -13.995 -6.034,
            0.064 -14.041 -5.925,
            0.121 -14.033 -5.945,
            0.714 -14.192 -5.554,
            -0.144 -14.014 -5.989,
            0.016 -14.052 -5.899,
            0.535 -14.072 -5.852,
            0.693 -14.206 -5.519,
            1.954 -14.453 -4.835,
            -0.027 -14.067 -5.863,
            3.302 -14.683 -4.082,
            -0.192 -14.036 -5.936,
            0.660 -14.222 -5.476,
            -0.046 -14.076 -5.841,
            0.563 -14.091 -5.806,
            -0.063 -14.086 -5.817,
            -0.229 -14.061 -5.877,
            -0.077 -14.098 -5.789,
            0.573 -14.103 -5.777,
            0.581 -14.116 -5.745,
            3.302 -14.711 -3.979,
            6.223 -15.008 -2.646,
            -0.092 -14.119 -5.738,
            0.586 -14.142 -5.679,
            3.302 -14.739 -3.876,
            1.954 -14.527 -4.606,
            -0.098 -14.143 -5.678,
            -0.094 -14.163 -5.627,
            0.580 -14.169 -5.613,
            3.302 -14.766 -3.772,
            -0.079 -14.183 -5.577,
            0.563 -14.190 -5.560,
            1.029 -14.404 -4.978,
            1.778 -14.398 -4.996,
            1.084 -14.414 -4.948,
            0.969 -14.397 -4.999,
            1.134 -14.428 -4.909,
            0.176 -14.244 -5.418,
            0.535 -14.208 -5.513,
            0.496 -14.224 -5.470,
            0.449 -14.237 -5.436,
            -0.054 -14.201 -5.532,
            0.469 -14.306 -5.253,
            0.910 -14.393 -5.011,
            -0.033 -14.210 -5.508,
            1.178 -14.443 -4.863,
            0.106 -14.239 -5.432,
            0.011 -14.223 -5.473,
            0.044 -14.230 -5.455,
            0.849 -14.392 -5.014,
            1.212 -14.460 -4.813,
            1.778 -14.497 -4.699,
            0.772 -14.394 -5.008,
            1.241 -14.481 -4.750,
            0.695 -14.400 -4.990,
            1.262 -14.507 -4.670,
            0.156 -14.313 -5.235,
            0.627 -14.409 -4.963,
            0.810 -14.456 -4.826,
            0.847 -14.455 -4.829,
            0.909 -14.457 -4.822,
            0.948 -14.461 -4.809,
            1.270 -14.539 -4.569,
            1.778 -14.591 -4.401,
            0.775 -14.458 -4.820,
            0.991 -14.470 -4.784,
            0.562 -14.422 -4.927,
            0.742 -14.461 -4.810,
            1.267 -14.560 -4.503,
            0.708 -14.466 -4.795,
            1.034 -14.483 -4.744,
            1.258 -14.577 -4.445,
            0.643 -14.478 -4.757,
            1.053 -14.491 -4.718,
            1.077 -14.507 -4.669,
            1.242 -14.596 -4.383,
            1.778 -14.683 -4.082,
            -0.059 -14.385 -5.033,
            0.478 -14.442 -4.868,
            -0.030 -14.295 -5.283,
            0.028 -14.303 -5.260,
            0.088 -14.309 -5.245,
            1.212 -14.616 -4.315,
            0.527 -14.510 -4.662,
            1.089 -14.522 -4.622,
            1.094 -14.540 -4.565,
            1.086 -14.564 -4.490,
            1.074 -14.577 -4.448,
            -0.254 -14.385 -5.033,
            -0.215 -14.233 -5.448,
            -0.180 -14.252 -5.398,
            -0.136 -14.269 -5.352,
            -0.086 -14.284 -5.314,
            1.175 -14.632 -4.260,
            1.133 -14.645 -4.215,
            3.302 -14.948 -2.971,
            -0.059 -14.465 -4.797,
            0.346 -14.483 -4.745,
            1.081 -14.657 -4.176,
            1.778 -14.702 -4.013,
            0.224 -14.525 -4.613,
            0.821 -14.624 -4.289,
            1.050 -14.591 -4.401,
            1.023 -14.601 -4.367,
            0.996 -14.608 -4.342,
            0.971 -14.613 -4.325,
            0.923 -14.620 -4.304,
            0.874 -14.623 -4.292,
            1.023 -14.666 -4.144,
            1.778 -14.721 -3.944,
            3.302 -14.968 -2.865,
            2.251 -14.846 -3.444,
            0.316 -14.579 -4.439,
            3.302 -14.988 -2.759,
            -0.059 -14.542 -4.561,
            2.233 -14.877 -3.305,
            0.091 -14.573 -4.460,
            2.009 -14.862 -3.372,
            3.302 -15.007 -2.653,
            0.214 -14.614 -4.324,
            0.840 -14.678 -4.101,
            0.015 -14.597 -4.381,
            0.821 -14.729 -3.912,
            0.948 -14.673 -4.119,
            1.778 -14.739 -3.874,
            0.124 -14.639 -4.239,
            0.625 -14.729 -3.912,
            0.371 -14.729 -3.912,
            0.048 -14.655 -4.183,
            0.821 -14.811 -3.590,
            1.778 -14.837 -3.480,
            1.778 -14.854 -3.407,
            0.176 -14.729 -3.912,
            -0.118 -14.678 -4.102,
            -0.032 -14.668 -4.136,
            -0.185 -14.682 -4.086,
            -0.254 -14.683 -4.082,
            0.625 -14.811 -3.590,
            0.371 -14.811 -3.590,
            0.821 -14.886 -3.267,
            1.778 -14.871 -3.334,
            1.778 -14.887 -3.261,
            0.176 -14.811 -3.590,
            1.270 -14.960 -2.909,
            1.778 -14.968 -2.865,
            2.403 -15.072 -2.255,
            2.403 -15.043 -2.442,
            1.284 -14.976 -2.824,
            1.778 -14.982 -2.794,
            2.227 -15.072 -2.255,
            1.778 -15.007 -2.653,
            2.227 -15.043 -2.442,
            -3.175 -14.321 -5.212,
            -0.254 -14.087 -5.814,
            -0.269 -14.116 -5.745,
            -0.274 -14.143 -5.677,
            -0.264 -14.182 -5.578,
            -0.245 -14.210 -5.509,
            -0.254 -14.491 -4.718,
            -0.254 -14.591 -4.401,
            0.371 -14.886 -3.267,
            0.625 -14.886 -3.267,
            1.290 -14.992 -2.739,
            1.778 -14.995 -2.724,
            2.403 -15.099 -2.068,
            0.821 -14.953 -2.942,
            1.104 -14.965 -2.882,
            1.285 -15.005 -2.665,
            0.176 -14.886 -3.267,
            1.278 -15.011 -2.630,
            1.269 -15.017 -2.598,
            0.860 -14.978 -2.815,
            1.114 -14.985 -2.774,
            0.625 -14.953 -2.942,
            3.302 -15.172 -1.434,
            1.245 -15.026 -2.547,
            3.302 -15.176 -1.392,
            0.860 -14.990 -2.751,
            1.108 -14.996 -2.716,
            2.403 -15.124 -1.881,
            3.302 -15.180 -1.350,
            0.684 -14.978 -2.815,
            1.208 -15.033 -2.500,
            0.860 -15.001 -2.687,
            1.096 -15.003 -2.679,
            1.062 -15.009 -2.644,
            1.011 -15.012 -2.627,
            3.302 -15.184 -1.309,
            6.223 -15.240 -0.000,
            0.954 -15.013 -2.622,
            0.371 -14.953 -2.942,
            0.684 -14.990 -2.751,
            1.174 -15.038 -2.472,
            0.860 -15.013 -2.622,
            1.132 -15.042 -2.450,
            2.227 -15.099 -2.068,
            0.684 -15.001 -2.687,
            3.213 -15.188 -1.254,
            3.252 -15.186 -1.281,
            0.176 -14.953 -2.942,
            3.133 -15.194 -1.185,
            0.860 -15.053 -2.378,
            0.860 -15.045 -2.430,
            0.973 -15.045 -2.430,
            0.860 -15.061 -2.327,
            1.054 -15.044 -2.433,
            0.860 -15.069 -2.275,
            1.095 -15.043 -2.439,
            -0.254 -15.013 -2.622,
            0.684 -15.013 -2.622,
            1.778 -15.172 -1.434,
            2.227 -15.124 -1.881,
            1.270 -15.158 -1.579,
            0.684 -15.069 -2.275,
            -0.254 -15.045 -2.430,
            0.684 -15.045 -2.430,
            0.684 -15.053 -2.378,
            0.684 -15.061 -2.327,
            1.778 -15.190 -1.239,
            2.876 -15.198 -1.133,
            2.802 -15.206 -1.015,
            2.741 -15.214 -0.888,
            3.119 -15.233 -0.466,
            2.921 -15.214 -0.888,
            3.019 -15.204 -1.053,
            3.059 -15.232 -0.498,
            3.168 -15.234 -0.428,
            2.988 -15.231 -0.523,
            1.270 -15.167 -1.492,
            3.215 -15.235 -0.377,
            2.911 -15.231 -0.537,
            3.249 -15.237 -0.324,
            1.270 -15.175 -1.405,
            1.778 -15.178 -1.369,
            3.276 -15.238 -0.264,
            3.294 -15.239 -0.195,
            1.270 -15.183 -1.318,
            1.778 -15.184 -1.304,
            3.302 -15.240 -0.097,
            2.595 -15.233 -0.461,
            2.542 -15.232 -0.494,
            2.486 -15.231 -0.521,
            2.645 -15.234 -0.417,
            2.892 -15.236 -0.342,
            2.427 -15.230 -0.539,
            2.358 -15.230 -0.552,
            3.297 -15.240 -0.018,
            2.696 -15.236 -0.357,
            2.280 -15.230 -0.557,
            2.731 -15.237 -0.299,
            3.284 -15.240 0.049,
            2.756 -15.238 -0.235,
            2.974 -15.237 -0.316,
            3.014 -15.237 -0.297,
            3.048 -15.238 -0.271,
            2.162 -15.230 -0.546,
            2.770 -15.239 -0.173,
            3.088 -15.238 -0.223,
            3.105 -15.239 -0.191,
            3.117 -15.239 -0.157,
            3.261 -15.240 0.118,
            2.068 -15.231 -0.519,
            2.774 -15.240 -0.107,
            3.123 -15.239 -0.125,
            3.126 -15.240 -0.085,
            2.772 -15.240 -0.062,
            3.121 -15.240 -0.023,
            2.767 -15.240 -0.024,
            3.105 -15.240 0.033,
            0.884 -15.204 -1.054,
            -0.254 -15.150 -1.657,
            2.749 -15.240 0.043,
            3.081 -15.240 0.082,
            3.029 -15.239 0.138,
            2.717 -15.240 0.113,
            2.969 -15.239 0.180,
            2.899 -15.238 0.215,
            0.768 -15.211 -0.946,
            0.814 -15.212 -0.921,
            0.884 -15.215 -0.875,
            0.739 -15.210 -0.954,
            2.677 -15.239 0.171,
            2.832 -15.238 0.237,
            1.270 -15.228 -0.610,
            1.987 -15.232 -0.480,
            1.921 -15.234 -0.435,
            2.701 -15.238 0.258,
            2.632 -15.238 0.219,
            3.282 -15.228 0.615,
            3.129 -15.237 0.293,
            3.182 -15.238 0.242,
            3.226 -15.239 0.183,
            3.008 -15.236 0.369,
            3.069 -15.236 0.336,
            1.270 -15.231 -0.524,
            1.874 -15.235 -0.390,
            2.574 -15.238 0.264,
            1.270 -15.234 -0.437,
            1.830 -15.236 -0.333,
            3.124 -15.228 0.615,
            2.897 -15.234 0.410,
            2.717 -15.233 0.446,
            1.270 -15.236 -0.351,
            1.794 -15.238 -0.263,
            1.772 -15.239 -0.196,
            0.270 -15.214 -0.895,
            -0.254 -15.176 -1.399,
            0.285 -15.205 -1.029,
            0.375 -15.209 -0.967,
            3.282 -15.211 0.941,
            -3.175 -15.008 -2.646,
            -0.254 -15.024 -2.558,
            -0.254 -15.035 -2.494,
            -0.254 -15.159 -1.571,
            -0.254 -15.167 -1.485,
            1.270 -15.240 -0.107,
            1.762 -15.239 -0.139,
            1.758 -15.240 -0.075,
            1.764 -15.240 0.010,
            2.870 -15.219 0.798,
            2.491 -15.233 0.459,
            1.094 -15.240 -0.107,
            3.282 -15.187 1.265,
            6.223 -15.008 2.646,
            2.588 -15.210 0.949,
            2.357 -15.233 0.454,
            2.745 -15.203 1.057,
            2.925 -15.211 0.941,
            3.087 -15.202 1.070,
            1.270 -15.238 0.251,
            1.784 -15.240 0.094,
            1.814 -15.239 0.166,
            1.850 -15.238 0.225,
            1.895 -15.237 0.278,
            1.946 -15.237 0.324,
            3.087 -15.182 1.330,
            0.625 -15.240 -0.049,
            1.094 -15.239 0.179,
            -0.254 -15.231 -0.535,
            2.392 -15.205 1.030,
            2.220 -15.234 0.436,
            0.449 -15.240 -0.049,
            0.566 -15.217 -0.836,
            3.282 -15.157 1.589,
            2.517 -15.195 1.173,
            2.192 -15.201 1.094,
            2.122 -15.234 0.412,
            0.625 -15.238 0.218,
            1.094 -15.233 0.466,
            1.270 -15.228 0.609,
            2.002 -15.236 0.362,
            2.058 -15.235 0.389,
            2.281 -15.188 1.262,
            3.087 -15.157 1.589,
            -0.254 -15.239 -0.147,
            -0.254 -15.238 -0.273,
            -0.078 -15.239 -0.147,
            1.987 -15.197 1.139,
            0.625 -15.232 0.485,
            1.094 -15.221 0.752,
            2.026 -15.182 1.327,
            -0.078 -15.239 0.153,
            0.449 -15.238 0.218,
            3.302 -15.098 2.074,
            1.270 -15.209 0.967,
            1.778 -15.196 1.161,
            3.302 -15.092 2.116,
            3.302 -15.087 2.157,
            3.302 -15.081 2.199,
            1.270 -15.200 1.104,
            0.625 -15.221 0.752,
            3.213 -15.073 2.253,
            3.252 -15.076 2.226,
            1.270 -15.194 1.182,
            1.778 -15.191 1.226,
            -0.078 -15.233 0.453,
            0.449 -15.232 0.485,
            1.270 -15.188 1.259,
            1.778 -15.185 1.291,
            3.133 -15.062 2.322,
            1.270 -15.181 1.337,
            1.778 -15.180 1.356,
            -0.078 -15.221 0.752,
            0.449 -15.221 0.752,
            1.778 -15.098 2.074,
            1.778 -15.070 2.268,
            2.876 -15.054 2.374,
            2.802 -15.035 2.490,
            2.741 -15.014 2.615,
            3.138 -14.926 3.076,
            2.921 -15.014 2.615,
            3.019 -15.041 2.452,
            3.078 -14.934 3.040,
            3.019 -14.939 3.016,
            3.185 -14.918 3.116,
            2.963 -14.941 3.003,
            3.223 -14.909 3.161,
            2.907 -14.942 2.999,
            3.251 -14.898 3.210,
            2.844 -14.941 3.005,
            3.276 -14.883 3.278,
            3.295 -14.863 3.368,
            1.270 -15.061 2.326,
            1.778 -15.080 2.203,
            1.778 -15.089 2.139,
            2.386 -14.946 2.979,
            2.789 -14.938 3.020,
            2.434 -14.940 3.009,
            2.733 -14.932 3.047,
            0.178 -15.139 1.750,
            3.302 -14.835 3.491,
            2.332 -14.950 2.958,
            2.480 -14.932 3.047,
            2.685 -14.925 3.081,
            2.275 -14.953 2.946,
            2.515 -14.924 3.089,
            2.639 -14.916 3.128,
            1.270 -15.049 2.402,
            2.215 -14.953 2.942,
            2.550 -14.912 3.147,
            2.606 -14.906 3.174,
            2.134 -14.952 2.948,
            1.270 -15.037 2.479,
            2.579 -14.895 3.223,
            -3.175 -15.240 0.000,
            -0.254 -15.233 -0.448,
            -0.254 -15.236 -0.360,
            -0.254 -15.238 0.225,
            -0.254 -15.228 0.596,
            -0.254 -15.209 0.967,
            0.178 -15.119 1.915,
            3.302 -14.790 3.676,
            1.270 -15.024 2.556,
            -0.068 -15.129 1.832,
            1.270 -14.997 2.711,
            2.064 -14.949 2.966,
            3.302 -14.743 3.861,
            6.223 -14.321 5.212,
            1.270 -14.984 2.782,
            2.002 -14.943 2.993,
            1.270 -14.971 2.852,
            1.944 -14.936 3.029,
            1.270 -14.957 2.922,
            1.901 -14.928 3.067,
            1.867 -14.920 3.108,
            1.835 -14.908 3.163,
            3.302 -14.694 4.044,
            1.808 -14.893 3.234,
            1.794 -14.880 3.292,
            1.270 -14.800 3.635,
            1.785 -14.867 3.353,
            1.778 -14.835 3.490,
            1.778 -14.790 3.675,
            1.270 -14.782 3.709,
            1.270 -14.763 3.782,
            1.778 -14.743 3.860,
            1.270 -14.744 3.856,
            1.778 -14.694 4.044,
            3.302 -14.411 4.959,
            1.954 -14.630 4.270,
            3.302 -14.387 5.026,
            1.778 -14.630 4.270,
            3.302 -14.363 5.094,
            3.302 -14.339 5.161,
            1.954 -14.560 4.501,
            1.954 -14.487 4.730,
            0.983 -14.637 4.244,
            0.895 -14.651 4.197,
            1.061 -14.621 4.300,
            0.800 -14.661 4.162,
            1.129 -14.601 4.368,
            0.703 -14.668 4.138,
            1.187 -14.577 4.447,
            1.778 -14.539 4.569,
            1.233 -14.551 4.531,
            1.954 -14.411 4.959,
            1.265 -14.522 4.622,
            1.284 -14.492 4.716,
            1.778 -14.442 4.866,
            0.186 -14.658 4.170,
            -0.254 -14.744 3.856,
            0.327 -14.668 4.134,
            1.290 -14.461 4.810,
            0.074 -14.644 4.219,
            1.286 -14.435 4.888,
            1.273 -14.408 4.968,
            1.778 -14.339 5.161,
            -0.016 -14.628 4.276,
            1.250 -14.379 5.051,
            -0.086 -14.610 4.337,
            6.223 -13.198 7.620,
            -3.175 -15.008 2.646,
            -0.254 -14.997 2.711,
            -0.254 -14.983 2.786,
            -0.254 -14.969 2.860,
            -0.254 -14.955 2.934,
            -0.254 -14.797 3.647,
            -0.254 -15.143 1.717,
            -0.254 -15.134 1.794,
            -0.254 -15.125 1.871,
            -0.254 -15.115 1.948,
            -0.254 -14.780 3.717,
            -0.254 -14.762 3.786,
            1.215 -14.351 5.128,
            -0.142 -14.590 4.403,
            1.169 -14.325 5.201,
            -0.190 -14.567 4.479,
            1.113 -14.301 5.267,
            1.040 -14.277 5.333,
            1.007 -14.105 5.771,
            0.947 -14.254 5.392,
            0.947 -14.117 5.742,
            1.063 -14.091 5.805,
            0.901 -14.124 5.726,
            0.835 -14.236 5.440,
            0.847 -14.130 5.709,
            0.488 -14.216 5.491,
            0.691 -14.222 5.475,
            1.131 -14.069 5.859,
            1.182 -14.045 5.916,
            1.217 -14.023 5.968,
            1.254 -13.991 6.042,
            1.278 -13.954 6.127,
            1.008 -14.005 6.009,
            0.889 -14.035 5.939,
            0.957 -14.021 5.973,
            1.044 -13.989 6.047,
            0.800 -14.048 5.908,
            1.075 -13.969 6.093,
            0.234 -14.145 5.673,
            0.289 -14.225 5.470,
            0.385 -14.219 5.485,
            0.187 -14.236 5.441,
            1.290 -13.900 6.249,
            1.284 -13.862 6.333,
            0.095 -14.127 5.716,
            0.090 -14.251 5.400,
            0.284 -14.063 5.872,
            1.271 -13.828 6.406,
            -0.009 -14.106 5.768,
            0.003 -14.271 5.349,
            1.245 -13.792 6.484,
            -0.087 -14.083 5.824,
            -0.074 -14.294 5.287,
            0.093 -14.035 5.938,
            0.166 -14.050 5.904,
            0.220 -14.057 5.887,
            1.208 -13.756 6.560,
            0.038 -14.020 5.975,
            -0.146 -14.059 5.883,
            -0.141 -14.321 5.213,
            -0.004 -14.003 6.014,
            1.161 -13.722 6.630,
            -0.043 -13.981 6.065,
            -0.070 -13.958 6.118,
            1.097 -13.946 6.146,
            -0.088 -13.933 6.175,
            1.110 -13.921 6.201,
            0.798 -13.711 6.653,
            0.979 -13.755 6.562,
            0.929 -13.738 6.598,
            0.874 -13.724 6.626,
            -0.098 -13.893 6.264,
            1.114 -13.896 6.259,
            0.702 -13.701 6.675,
            -0.092 -13.863 6.329,
            1.105 -13.852 6.354,
            0.520 -13.693 6.690,
            1.022 -13.775 6.520,
            0.615 -13.695 6.686,
            -0.079 -13.838 6.385,
            1.087 -13.825 6.414,
            -0.051 -13.808 6.450,
            1.057 -13.797 6.472,
            -0.014 -13.781 6.507,
            0.022 -13.762 6.547,
            0.374 -13.697 6.683,
            0.224 -13.711 6.654,
            0.073 -13.743 6.587,
            0.137 -13.726 6.622,
            0.371 -13.517 7.039,
            0.275 -13.610 6.858,
            0.398 -13.600 6.877,
            0.519 -13.597 6.883,
            0.696 -13.603 6.871,
            -3.175 -14.321 5.212,
            -0.195 -14.030 5.950,
            -0.232 -13.999 6.024,
            -0.254 -13.971 6.088,
            -0.266 -13.945 6.147,
            -0.271 -13.926 6.191,
            -0.274 -13.902 6.245,
            -0.261 -13.834 6.394,
            -0.228 -14.542 4.561,
            -0.254 -14.515 4.644,
            -0.269 -14.488 4.727,
            -0.274 -14.461 4.811,
            -0.264 -14.420 4.932,
            -0.237 -14.383 5.037,
            -0.196 -14.351 5.130,
            0.195 -13.517 7.039,
            -0.078 -13.686 6.705,
            -0.007 -13.662 6.754,
            0.069 -13.642 6.794,
            0.155 -13.626 6.826,
            0.371 -13.429 7.206,
            0.834 -13.619 6.840,
            0.195 -13.429 7.206,
            1.270 -13.128 7.740,
            0.945 -13.640 6.797,
            1.034 -13.665 6.746,
            1.105 -13.693 6.690,
            1.270 -13.092 7.801,
            0.371 -13.338 7.372,
            1.270 -13.055 7.863,
            1.270 -13.018 7.924,
            0.371 -13.246 7.537,
            1.106 -12.789 8.288,
            1.046 -12.809 8.257,
            0.987 -12.822 8.237,
            1.153 -12.767 8.323,
            0.931 -12.829 8.226,
            1.191 -12.741 8.361,
            0.875 -12.832 8.222,
            1.219 -12.714 8.403,
            0.812 -12.828 8.227,
            -0.254 -13.128 7.740,
            0.195 -13.338 7.372,
            0.195 -13.246 7.537,
            1.244 -12.676 8.461,
            1.263 -12.624 8.537,
            0.354 -12.842 8.206,
            0.757 -12.820 8.241,
            0.402 -12.826 8.231,
            0.701 -12.805 8.263,
            1.270 -12.553 8.642,
            0.300 -12.854 8.187,
            0.448 -12.805 8.264,
            0.653 -12.786 8.293,
            0.483 -12.782 8.300,
            0.607 -12.760 8.333,
            0.183 -12.863 8.173,
            -0.254 -13.018 7.924,
            0.243 -12.861 8.176,
            0.518 -12.750 8.349,
            0.574 -12.734 8.372,
            0.102 -12.860 8.179,
            0.547 -12.707 8.414,
            0.032 -12.850 8.194,
            1.270 -12.444 8.798,
            6.223 -11.675 9.796,
            -0.030 -12.835 8.217,
            -0.088 -12.815 8.248,
            -0.131 -12.794 8.280,
            1.270 -12.333 8.953,
            -0.165 -12.771 8.316,
            -0.197 -12.740 8.363,
            1.270 -12.220 9.106,
            6.223 -9.796 11.675,
            -3.175 -13.198 7.620,
            -0.224 -12.700 8.424,
            -0.238 -12.667 8.473,
            -0.232 -13.785 6.498,
            -0.247 -12.633 8.525,
            -0.192 -13.747 6.578,
            -0.254 -12.554 8.641,
            -0.141 -13.715 6.645,
            -0.254 -12.444 8.797,
            -0.254 -13.092 7.801,
            -0.254 -13.055 7.863,
            -3.175 -11.675 9.796,
            -0.254 -12.333 8.952,
            -0.254 -12.220 9.106,
            -3.175 -9.796 11.675,
            -3.175 -7.620 13.198,
            6.223 -7.620 13.198,
            6.223 -5.212 14.321,
            -3.175 -5.212 14.321,
            6.223 -2.646 15.008,
            -3.175 -2.646 15.008,
            0.325 -13.949 -6.139,
            0.506 -14.673 4.120,
            0.605 -14.671 4.124,
            0.133 -14.957 2.922,
            0.883 -14.797 3.647,
            2.966 -15.070 2.268,
            3.087 -15.218 0.810,
            2.966 -15.190 -1.239,
            3.068 -14.739 -3.874,
            3.068 -14.968 -2.865,
            0.564 -15.201 -1.096,
            -0.059 -14.614 -4.323,
            1.465 14.819 3.556,
            1.448 14.775 3.735,
            1.462 14.797 3.649,
            1.465 14.845 3.447,
            1.426 14.761 3.792,
            1.465 14.870 3.338,
            1.465 14.894 3.229,
            1.400 14.751 3.831,
            1.357 14.741 3.869,
            1.329 14.737 3.885,
            1.296 14.733 3.898,
            1.262 14.731 3.907,
            0.938 14.814 3.580,
            0.945 14.782 3.707,
            0.964 14.766 3.771,
            0.938 14.841 3.463,
            0.938 14.868 3.346,
            0.982 14.757 3.806,
            0.938 14.894 3.229,
            1.008 14.749 3.839,
            1.035 14.743 3.862,
            1.086 14.735 3.891,
            1.142 14.731 3.907,
            1.202 14.729 3.912,
            2.110 14.830 3.512,
            2.097 14.786 3.693,
            2.106 14.802 3.627,
            2.110 14.852 3.417,
            2.083 14.774 3.739,
            2.110 14.873 3.323,
            2.061 14.765 3.777,
            2.110 14.894 3.229,
            2.021 14.755 3.814,
            1.993 14.751 3.830,
            1.962 14.748 3.842,
            1.928 14.745 3.851,
            1.641 14.824 3.535,
            1.646 14.799 3.640,
            1.652 14.789 3.681,
            1.641 14.848 3.433,
            1.659 14.781 3.713,
            1.641 14.872 3.331,
            1.685 14.767 3.767,
            1.641 14.894 3.229,
            1.711 14.759 3.799,
            1.758 14.750 3.832,
            1.811 14.746 3.850,
            1.872 14.744 3.856,
            1.807 15.073 2.253,
            1.983 15.094 2.106,
            1.903 15.098 2.074,
            1.829 15.103 2.039,
            1.407 15.076 2.228,
            1.407 15.050 2.399,
            1.407 15.101 2.056,
            1.407 15.123 1.884,
            2.110 15.089 2.142,
            2.110 15.230 -0.547,
            2.093 15.238 -0.266,
            2.106 15.237 -0.325,
            2.110 15.235 -0.396,
            2.072 15.238 -0.216,
            2.110 15.224 -0.698,
            2.110 15.216 -0.849,
            2.052 15.239 -0.187,
            2.020 15.239 -0.156,
            1.974 15.239 -0.128,
            1.935 15.240 -0.115,
            1.871 15.240 -0.107,
            1.622 15.229 -0.578,
            1.622 15.234 -0.442,
            1.631 15.237 -0.312,
            1.646 15.238 -0.253,
            1.622 15.223 -0.714,
            1.665 15.239 -0.213,
            1.622 15.216 -0.849,
            1.688 15.239 -0.182,
            1.713 15.239 -0.159,
            1.761 15.239 -0.130,
            1.816 15.240 -0.113,
            2.125 15.091 -2.128,
            2.120 15.115 -1.950,
            2.127 15.108 -2.000,
            2.130 15.101 -2.053,
            2.108 15.080 -2.203,
            2.101 15.123 -1.885,
            2.081 15.070 -2.273,
            2.074 15.130 -1.824,
            2.043 15.060 -2.338,
            2.039 15.137 -1.767,
            1.994 15.050 -2.400,
            1.990 15.144 -1.711,
            1.945 15.043 -2.444,
            1.926 15.150 -1.658,
            1.887 15.037 -2.481,
            1.850 15.154 -1.615,
            1.806 15.031 -2.516,
            1.743 15.158 -1.577,
            1.715 15.027 -2.539,
            1.671 15.160 -1.562,
            1.610 15.025 -2.553,
            1.523 15.161 -1.551,
            1.501 15.024 -2.557,
            1.442 15.161 -1.554,
            1.356 15.026 -2.545,
            1.302 15.158 -1.576,
            1.374 15.160 -1.561,
            1.254 15.030 -2.520,
            1.228 15.156 -1.600,
            1.174 15.036 -2.485,
            1.162 15.152 -1.632,
            1.107 15.043 -2.442,
            1.103 15.148 -1.671,
            1.045 15.052 -2.386,
            1.001 15.136 -1.778,
            1.047 15.143 -1.721,
            0.995 15.062 -2.323,
            0.964 15.128 -1.841,
            0.961 15.071 -2.262,
            0.938 15.120 -1.909,
            0.923 15.091 -2.129,
            0.918 15.101 -2.056,
            0.923 15.110 -1.983,
            0.939 15.080 -2.203,
            1.109 -14.437 4.880,
            1.104 -14.494 4.710,
            1.111 -14.478 4.758,
            1.114 -14.461 4.809,
            1.092 -14.413 4.953,
            1.085 -14.514 4.647,
            1.065 -14.390 5.019,
            1.058 -14.533 4.589,
            1.027 -14.368 5.081,
            1.023 -14.550 4.534,
            0.978 -14.347 5.140,
            0.974 -14.567 4.480,
            0.929 -14.332 5.183,
            0.910 -14.582 4.429,
            0.871 -14.319 5.218,
            0.834 -14.595 4.388,
            0.790 -14.307 5.250,
            0.727 -14.606 4.351,
            0.699 -14.299 5.273,
            0.655 -14.610 4.337,
            0.594 -14.294 5.286,
            0.507 -14.613 4.326,
            0.485 -14.292 5.290,
            0.426 -14.612 4.329,
            0.340 -14.297 5.279,
            0.286 -14.606 4.351,
            0.358 -14.610 4.336,
            0.238 -14.305 5.255,
            0.212 -14.599 4.374,
            0.158 -14.318 5.221,
            0.146 -14.590 4.404,
            0.091 -14.333 5.180,
            0.087 -14.578 4.442,
            0.029 -14.352 5.127,
            -0.015 -14.547 4.545,
            0.031 -14.564 4.490,
            -0.021 -14.373 5.067,
            -0.052 -14.527 4.606,
            -0.055 -14.394 5.008,
            -0.078 -14.507 4.671,
            -0.093 -14.437 4.882,
            -0.098 -14.461 4.812,
            -0.093 -14.484 4.741,
            -0.077 -14.413 4.952,
            0.449 -12.541 8.658,
            0.432 -12.646 8.506,
            0.446 -12.596 8.579,
            0.449 -12.478 8.750,
            0.410 -12.678 8.457,
            0.449 -12.413 8.842,
            0.449 -12.348 8.933,
            0.384 -12.700 8.424,
            0.341 -12.722 8.391,
            0.313 -12.731 8.377,
            0.280 -12.739 8.366,
            0.246 -12.744 8.358,
            -0.078 -12.555 8.638,
            -0.071 -12.629 8.530,
            -0.052 -12.666 8.475,
            -0.078 -12.487 8.737,
            -0.078 -12.418 8.835,
            -0.034 -12.686 8.445,
            -0.078 -12.348 8.933,
            -0.008 -12.705 8.417,
            0.019 -12.718 8.397,
            0.070 -12.734 8.372,
            0.126 -12.744 8.358,
            0.186 -12.747 8.354,
            1.094 -12.516 8.696,
            1.081 -12.621 8.542,
            1.090 -12.583 8.598,
            1.094 -12.460 8.775,
            1.067 -12.648 8.503,
            1.094 -12.404 8.854,
            1.045 -12.669 8.470,
            1.094 -12.348 8.933,
            1.005 -12.691 8.438,
            0.977 -12.700 8.425,
            0.946 -12.707 8.414,
            0.912 -12.712 8.407,
            0.625 -12.529 8.676,
            0.630 -12.591 8.587,
            0.636 -12.614 8.553,
            0.625 -12.469 8.762,
            0.643 -12.633 8.525,
            0.625 -12.409 8.848,
            0.669 -12.664 8.478,
            0.625 -12.348 8.933,
            0.695 -12.682 8.451,
            0.742 -12.701 8.423,
            0.795 -12.711 8.407,
            0.856 -12.714 8.402,
            2.592 -15.240 0.015,
            2.586 -15.239 -0.153,
            2.593 -15.240 -0.120,
            2.599 -15.240 -0.053,
            2.576 -15.240 0.073,
            2.549 -15.238 -0.234,
            2.576 -15.239 -0.183,
            2.547 -15.239 0.127,
            2.514 -15.237 -0.276,
            2.512 -15.239 0.171,
            2.477 -15.237 -0.307,
            2.468 -15.239 0.210,
            2.425 -15.236 -0.334,
            2.417 -15.238 0.238,
            2.393 -15.236 -0.346,
            2.360 -15.238 0.256,
            2.362 -15.236 -0.353,
            2.325 -15.238 0.261,
            2.274 -15.236 -0.361,
            2.284 -15.238 0.264,
            2.221 -15.236 -0.359,
            2.204 -15.238 0.256,
            2.173 -15.236 -0.351,
            2.143 -15.238 0.237,
            2.118 -15.236 -0.334,
            2.087 -15.239 0.210,
            2.065 -15.237 -0.308,
            2.041 -15.239 0.178,
            2.022 -15.238 -0.274,
            1.998 -15.239 0.134,
            1.986 -15.238 -0.232,
            1.968 -15.240 0.087,
            1.958 -15.239 -0.182,
            1.953 -15.240 0.052,
            1.941 -15.239 -0.129,
            1.942 -15.240 0.015,
            1.937 -15.240 -0.016,
            1.934 -15.240 -0.060,
            2.481 -14.830 3.511,
            2.464 -14.872 3.331,
            2.478 -14.852 3.417,
            2.481 -14.804 3.620,
            2.442 -14.884 3.273,
            2.481 -14.777 3.728,
            2.481 -14.749 3.837,
            2.416 -14.893 3.235,
            2.373 -14.901 3.196,
            2.345 -14.905 3.180,
            2.312 -14.907 3.166,
            2.278 -14.909 3.157,
            1.954 -14.836 3.487,
            1.961 -14.865 3.360,
            1.980 -14.880 3.295,
            1.954 -14.808 3.604,
            1.954 -14.779 3.720,
            1.998 -14.887 3.259,
            1.954 -14.749 3.837,
            2.024 -14.895 3.226,
            2.051 -14.900 3.203,
            2.102 -14.906 3.174,
            2.158 -14.909 3.157,
            2.218 -14.910 3.152,
            3.126 -14.820 3.555,
            3.113 -14.862 3.373,
            3.122 -14.847 3.439,
            3.126 -14.797 3.649,
            3.099 -14.872 3.327,
            3.126 -14.773 3.743,
            3.077 -14.881 3.289,
            3.126 -14.749 3.837,
            3.037 -14.889 3.251,
            3.009 -14.893 3.236,
            2.978 -14.895 3.223,
            2.944 -14.897 3.214,
            2.657 -14.825 3.532,
            2.662 -14.850 3.426,
            2.668 -14.859 3.386,
            2.657 -14.800 3.634,
            2.675 -14.866 3.353,
            2.657 -14.775 3.735,
            2.701 -14.879 3.298,
            2.657 -14.749 3.837,
            2.727 -14.886 3.266,
            2.774 -14.893 3.233,
            2.827 -14.897 3.215,
            2.888 -14.898 3.209,
            6.477 -9.633 -11.480,
            6.477 -11.480 -9.633,
            6.477 -7.493 -12.978,
            6.477 -12.978 -7.493,
            6.477 -5.126 -14.082,
            6.477 -14.082 -5.126,
            6.477 -2.602 -14.758,
            6.477 -14.758 -2.602,
            6.477 -14.986 0.000,
            6.477 -14.758 2.602,
            6.477 2.327 -13.195,
            6.477 -14.082 5.126,
            6.477 4.583 -12.590,
            6.477 -12.978 7.493,
            6.477 6.699 -11.603,
            6.477 -11.480 9.633,
            6.477 8.612 -10.264,
            6.477 10.264 -8.612,
            6.477 -9.633 11.480,
            6.477 11.603 -6.699,
            6.477 -7.493 12.978,
            6.477 12.590 -4.583,
            6.477 -5.126 14.082,
            6.477 13.195 -2.327,
            6.477 -2.602 14.758,
            6.477 13.399 0.000,
            6.477 2.327 13.195,
            6.477 13.195 2.327,
            6.477 12.590 4.583,
            6.477 4.583 12.590,
            6.477 6.699 11.603,
            6.477 11.603 6.699,
            6.477 10.264 8.612,
            6.477 8.612 10.264,
            -3.429 -9.633 11.480,
            -3.429 -8.155 9.719,
            -3.429 -11.480 9.633,
            -3.429 -9.719 8.155,
            -3.429 -12.978 7.493,
            -3.429 -7.493 12.978,
            -3.429 -6.344 10.988,
            -3.429 -10.988 6.344,
            -3.429 -14.082 5.126,
            -3.429 -5.126 14.082,
            -3.429 -4.339 11.922,
            -3.429 -11.922 4.339,
            -3.429 -14.758 2.602,
            -3.429 -2.602 14.758,
            -3.429 -2.203 12.495,
            -3.429 -12.495 2.203,
            -3.429 -14.986 -0.000,
            -3.429 -12.687 -0.000,
            -3.429 -14.758 -2.602,
            -3.429 -12.495 -2.203,
            -3.429 -14.082 -5.126,
            -3.429 -11.922 -4.339,
            -3.429 -10.988 -6.344,
            -3.429 -12.978 -7.493,
            -3.429 -11.480 -9.633,
            -3.429 -9.719 -8.155,
            -3.429 -8.155 -9.719,
            -3.429 -9.633 -11.480,
            -3.429 -6.344 -10.988,
            -3.429 -7.493 -12.978,
            -3.429 -4.339 -11.922,
            -3.429 -5.126 -14.082,
            -3.429 -2.203 -12.495,
            -3.429 -2.602 -14.758,
            -4.191 -2.203 -12.495,
            -4.191 -4.339 -11.922,
            -4.191 -6.344 -10.988,
            -4.191 -8.155 -9.719,
            -4.191 -9.719 -8.155,
            -4.191 -10.988 -6.344,
            -4.191 -11.922 -4.339,
            -4.191 -12.495 -2.203,
            -4.191 -12.687 -0.000,
            -4.191 -12.495 2.203,
            -4.191 -11.922 4.339,
            -4.191 -10.988 6.344,
            -4.191 -9.719 8.155,
            -4.191 -8.155 9.719,
            -4.191 -6.344 10.988,
            -4.191 -4.339 11.922,
            -4.191 -2.203 12.495,
            -4.191 -8.449 -10.069,
            -4.191 -10.069 -8.449,
            -4.191 -6.572 -11.383,
            -4.191 -11.383 -6.572,
            -4.191 -12.352 -4.496,
            -4.191 -4.496 -12.352,
            -4.191 -12.945 -2.283,
            -4.191 -2.283 -12.945,
            -4.191 -13.144 -0.000,
            -4.191 -12.945 2.283,
            -4.191 -12.352 4.496,
            -4.191 -11.383 6.572,
            -4.191 -10.069 8.449,
            -4.191 -8.449 10.069,
            -4.191 -6.572 11.383,
            -4.191 -4.496 12.352,
            -4.191 -2.283 12.945,
            -6.037 -2.283 -12.945,
            -6.037 -4.496 -12.352,
            -6.037 -6.572 -11.383,
            -6.037 -8.449 -10.069,
            -6.037 -10.069 -8.449,
            -6.037 -11.383 -6.572,
            -6.037 -12.352 -4.496,
            -6.037 -12.945 -2.283,
            -6.037 -13.144 0.000,
            -6.037 -12.945 2.283,
            -6.037 -12.352 4.496,
            -6.037 -11.383 6.572,
            -6.037 -10.069 8.449,
            -6.037 -8.449 10.069,
            -6.037 -6.572 11.383,
            -6.037 -4.496 12.352,
            -6.037 -2.283 12.945,
            -6.477 -8.286 9.875,
            -6.477 -9.875 8.286,
            -6.477 -6.445 11.164,
            -6.477 -11.164 6.445,
            -6.477 -4.409 12.113,
            -6.477 -12.113 4.409,
            -6.477 -2.238 12.695,
            -6.477 -12.695 2.238,
            -6.477 -12.891 -0.000,
            -6.477 -12.695 -2.238,
            -6.477 2.128 12.069,
            -6.477 -12.113 -4.409,
            -6.477 4.192 11.516,
            -6.477 -11.164 -6.445,
            -6.477 6.128 10.614,
            -6.477 -9.875 -8.286,
            -6.477 7.878 9.388,
            -6.477 9.388 7.878,
            -6.477 -8.286 -9.875,
            -6.477 10.614 6.128,
            -6.477 -6.445 -11.164,
            -6.477 11.516 4.192,
            -6.477 -4.409 -12.113,
            -6.477 12.069 2.128,
            -6.477 -2.238 -12.695,
            -6.477 12.255 -0.000,
            -6.477 2.128 -12.069,
            -6.477 12.069 -2.128,
            -6.477 4.192 -11.516,
            -6.477 11.516 -4.192,
            -6.477 6.128 -10.614,
            -6.477 10.614 -6.128,
            -6.477 9.388 -7.878,
            -6.477 7.878 -9.388,
            -6.223 2.084 11.819,
            -2.667 2.084 11.819,
            -6.223 4.105 11.278,
            -2.667 4.105 11.278,
            -6.223 6.001 10.394,
            -2.667 6.001 10.394,
            -6.223 7.714 9.194,
            -2.667 7.714 9.194,
            -6.223 9.194 7.714,
            -2.667 9.194 7.714,
            -6.223 10.394 6.001,
            -2.667 10.394 6.001,
            -6.223 11.278 4.105,
            -2.667 11.278 4.105,
            -6.223 11.819 2.084,
            -2.667 11.819 2.084,
            -6.223 12.002 0.000,
            -2.667 12.002 0.000,
            -6.223 11.819 -2.084,
            -2.667 11.819 -2.084,
            -6.223 11.278 -4.105,
            -2.667 11.278 -4.105,
            -6.223 10.394 -6.001,
            -2.667 10.394 -6.001,
            -6.223 9.194 -7.714,
            -2.667 9.194 -7.714,
            -6.223 7.714 -9.194,
            -2.667 7.714 -9.194,
            -6.223 6.001 -10.394,
            -2.667 6.001 -10.394,
            -6.223 4.105 -11.278,
            -2.667 4.105 -11.278,
            -6.223 2.084 -11.819,
            -2.667 2.084 -11.819,
            -2.667 2.371 -13.445,
            -2.667 4.669 -12.829,
            -2.667 6.826 -11.823,
            -2.667 8.776 -10.458,
            -2.667 10.458 -8.776,
            -2.667 11.823 -6.826,
            -2.667 12.829 -4.669,
            -2.667 13.445 -2.371,
            -2.667 13.653 0.000,
            -2.667 2.371 13.445,
            -2.667 13.445 2.371,
            -2.667 12.829 4.669,
            -2.667 4.669 12.829,
            -2.667 6.826 11.823,
            -2.667 11.823 6.826,
            -2.667 8.776 10.458,
            -2.667 10.458 8.776,
            -1.905 2.371 13.445,
            -1.905 4.669 12.829,
            -1.905 6.826 11.823,
            -1.905 8.776 10.458,
            -1.905 10.458 8.776,
            -1.905 11.823 6.826,
            -1.905 12.829 4.669,
            -1.905 13.445 2.371,
            -1.905 13.653 0.000,
            -1.905 13.445 -2.371,
            -1.905 12.829 -4.669,
            -1.905 11.823 -6.826,
            -1.905 10.458 -8.776,
            -1.905 8.776 -10.458,
            -1.905 6.826 -11.823,
            -1.905 4.669 -12.829,
            -1.905 2.371 -13.445,
            -1.905 2.283 12.945,
            -1.905 4.496 12.352,
            -1.905 6.572 11.383,
            -1.905 8.449 10.069,
            -1.905 10.069 8.449,
            -1.905 11.383 6.572,
            -1.905 12.352 4.496,
            -1.905 12.945 2.283,
            -1.905 13.144 0.000,
            -1.905 12.945 -2.283,
            -1.905 2.283 -12.945,
            -1.905 12.352 -4.496,
            -1.905 4.496 -12.352,
            -1.905 11.383 -6.572,
            -1.905 6.572 -11.383,
            -1.905 10.069 -8.449,
            -1.905 8.449 -10.069,
            6.037 2.283 12.945,
            6.037 4.496 12.352,
            6.037 6.572 11.383,
            6.037 8.449 10.069,
            6.037 10.069 8.449,
            6.037 11.383 6.572,
            6.037 12.352 4.496,
            6.037 12.945 2.283,
            6.037 13.144 -0.000,
            6.037 12.945 -2.283,
            6.037 12.352 -4.496,
            6.037 11.383 -6.572,
            6.037 10.069 -8.449,
            6.037 8.449 -10.069,
            6.037 6.572 -11.383,
            6.037 4.496 -12.352,
            6.037 2.283 -12.945,
            -3.788 -9.736 -0.000,
            -2.260 -12.507 -2.205,
            -2.260 -12.700 -0.000,
            -2.260 12.507 -2.205,
            -3.788 9.736 0.000,
            -2.260 12.700 0.000,
            -3.150 -10.175 -4.425,
            -2.260 -9.729 -8.163,
            -2.260 -10.999 -6.350,
            -2.260 -11.934 -4.344,
            -4.901 -6.593 -0.000,
            -4.832 -5.211 -4.425,
            -5.577 -3.327 -0.000,
            -2.995 -7.356 -8.706,
            -2.260 -6.350 -10.999,
            -2.260 -8.163 -9.729,
            -5.401 -0.000 -4.425,
            -5.803 -0.000 0.000,
            -5.577 3.327 0.000,
            -4.071 -2.491 -8.706,
            -2.260 -0.000 -12.700,
            -2.260 -2.205 -12.507,
            -2.260 -4.344 -11.934,
            -4.832 5.211 -4.425,
            -4.901 6.593 0.000,
            -4.071 2.491 -8.706,
            -2.260 6.350 -10.999,
            -2.260 4.344 -11.934,
            -2.260 2.205 -12.507,
            -3.150 10.175 -4.425,
            -2.260 11.934 -4.344,
            -2.260 10.999 -6.350,
            -2.260 9.729 -8.163,
            -2.995 7.356 -8.706,
            -2.260 8.163 -9.729,
            -2.260 2.205 12.507,
            -2.260 -0.000 12.700,
            -0.367 -0.000 12.700,
            -0.367 2.205 12.507,
            -2.260 4.344 11.934,
            -0.367 4.344 11.934,
            -2.260 6.350 10.999,
            -0.367 6.350 10.999,
            -2.260 8.163 9.729,
            -0.367 8.163 9.729,
            -2.260 9.729 8.163,
            -0.367 9.729 8.163,
            -2.260 10.999 6.350,
            -0.367 10.999 6.350,
            -2.260 11.934 4.344,
            -0.367 11.934 4.344,
            -2.260 12.507 2.205,
            -0.367 12.507 2.205,
            -0.367 12.700 0.000,
            -0.367 12.507 -2.205,
            -0.367 11.934 -4.344,
            -0.367 10.999 -6.350,
            -0.367 9.729 -8.163,
            -0.367 8.163 -9.729,
            -0.367 6.350 -10.999,
            -0.367 4.344 -11.934,
            -0.367 2.205 -12.507,
            -0.367 -0.000 -12.700,
            1.162 9.736 0.000,
            -0.367 -12.507 -2.205,
            1.162 -9.736 -0.000,
            -0.367 -12.700 -0.000,
            0.523 10.175 -4.425,
            2.274 6.593 0.000,
            2.205 5.211 -4.425,
            2.950 3.327 0.000,
            0.368 7.356 -8.706,
            2.774 -0.000 -4.425,
            3.177 -0.000 -0.000,
            2.950 -3.327 -0.000,
            1.444 2.491 -8.706,
            2.205 -5.211 -4.425,
            2.274 -6.593 -0.000,
            1.444 -2.491 -8.706,
            -0.367 -2.205 -12.507,
            -0.367 -4.344 -11.934,
            -0.367 -6.350 -10.999,
            0.523 -10.175 -4.425,
            -0.367 -10.999 -6.350,
            -0.367 -9.729 -8.163,
            -0.367 -11.934 -4.344,
            0.368 -7.356 -8.706,
            -0.367 -8.163 -9.729,
            -0.367 -12.507 2.205,
            1.039 4.953 8.706,
            1.499 7.739 4.425,
            1.580 -0.000 8.706,
            -0.367 -2.205 12.507,
            2.631 2.621 4.425,
            1.039 -4.953 8.706,
            -0.367 -8.163 9.729,
            -0.367 -9.729 8.163,
            -0.367 -6.350 10.999,
            -0.367 -4.344 11.934,
            2.631 -2.621 4.425,
            1.499 -7.739 4.425,
            -0.367 -11.934 4.344,
            -0.367 -10.999 6.350,
            -2.260 -12.507 2.205,
            -2.260 -11.934 4.344,
            -2.260 -10.999 6.350,
            -2.260 -9.729 8.163,
            -2.260 -8.163 9.729,
            -2.260 -6.350 10.999,
            -2.260 -4.344 11.934,
            -2.260 -2.205 12.507,
            -3.665 -4.953 8.706,
            -4.126 -7.739 4.425,
            -4.207 -0.000 8.706,
            -5.258 -2.621 4.425,
            -3.665 4.953 8.706,
            -5.258 2.621 4.425,
            -4.126 7.739 4.425,
            0.201 11.709 0.000,
            0.455 11.281 -1.989,
            0.455 11.455 -0.000,
            0.201 11.532 -2.033,
            0.455 10.765 -3.918,
            0.201 11.003 -4.005,
            0.455 9.921 -5.728,
            0.201 10.141 -5.855,
            0.455 8.775 -7.363,
            0.201 8.970 -7.527,
            0.455 7.363 -8.775,
            0.201 7.527 -8.970,
            0.455 5.728 -9.921,
            0.201 5.855 -10.141,
            0.455 3.918 -10.765,
            0.201 4.005 -11.003,
            0.455 1.989 -11.281,
            0.201 2.033 -11.532,
            0.455 0.000 -11.455,
            0.201 -0.000 -11.709,
            0.455 -1.989 -11.281,
            0.201 -2.033 -11.532,
            0.455 -3.918 -10.765,
            0.201 -4.005 -11.003,
            0.455 -5.728 -9.921,
            0.201 -5.855 -10.141,
            0.201 -7.527 -8.970,
            0.455 -7.363 -8.775,
            0.455 -8.775 -7.363,
            0.201 -8.970 -7.527,
            0.455 -9.921 -5.728,
            0.201 -10.141 -5.855,
            0.455 -10.765 -3.918,
            0.201 -11.003 -4.005,
            0.201 -11.532 -2.033,
            0.455 -11.281 -1.989,
            0.455 -11.455 0.000,
            0.201 -11.709 -0.000,
            2.233 11.709 -0.000,
            1.979 11.294 1.918,
            1.979 11.455 -0.000,
            2.233 11.539 1.990,
            1.979 10.813 3.781,
            2.233 11.033 3.922,
            1.979 10.028 5.538,
            2.233 10.206 5.740,
            1.979 8.959 7.138,
            2.233 9.082 7.391,
            1.979 7.638 8.537,
            2.233 7.694 8.827,
            1.979 6.101 9.696,
            2.233 6.082 10.006,
            1.979 4.392 10.580,
            2.233 4.294 10.894,
            1.979 2.559 11.166,
            2.233 2.380 11.465,
            1.979 0.654 11.437,
            2.233 0.397 11.703,
            2.233 0.397 11.703,
            1.794 -2.629 -12.879,
            2.233 -0.397 -12.884,
            2.233 -2.585 -12.629,
            1.794 -0.397 -13.139,
            1.794 -4.785 -12.243,
            2.233 -4.698 -12.004,
            1.794 -6.800 -11.249,
            2.233 -6.673 -11.029,
            1.794 -8.617 -9.926,
            2.233 -8.454 -9.732,
            1.794 -10.182 -8.313,
            2.233 -9.987 -8.150,
            1.794 -11.449 -6.457,
            2.233 -11.229 -6.330,
            1.794 -12.382 -4.413,
            2.233 -12.143 -4.326,
            1.794 -12.952 -2.239,
            2.233 -12.702 -2.195,
            1.794 -13.144 0.000,
            2.233 -12.891 -0.000,
            0.641 12.945 2.283,
            0.201 12.891 -0.000,
            0.201 12.695 2.238,
            0.641 13.144 -0.000,
            0.641 12.352 4.496,
            0.201 12.113 4.409,
            0.641 11.383 6.572,
            0.201 11.164 6.445,
            0.641 10.069 8.449,
            0.201 9.875 8.286,
            0.641 8.449 10.069,
            0.201 8.286 9.875,
            0.641 6.572 11.383,
            0.201 6.445 11.164,
            0.641 4.496 12.352,
            0.201 4.409 12.113,
            0.641 2.283 12.945,
            0.201 2.238 12.695,
            0.641 0.000 13.144,
            0.201 -0.000 12.891,
            0.641 -2.283 12.945,
            0.201 -2.238 12.695,
            0.641 -4.496 12.352,
            0.201 -4.409 12.113,
            0.641 -6.572 11.383,
            0.201 -6.445 11.164,
            0.641 -8.449 10.069,
            0.201 -8.286 9.875,
            0.641 -10.069 8.449,
            0.201 -9.875 8.286,
            0.641 -11.383 6.572,
            0.201 -11.164 6.445,
            0.641 -12.352 4.496,
            0.201 -12.113 4.409,
            0.641 -12.945 2.283,
            0.201 -12.695 2.238,
            0.641 -13.144 0.000,
            0.201 -12.891 0.000,
            1.979 -11.455 0.000,
            1.979 -11.294 -1.918,
            1.979 -10.813 -3.781,
            1.979 -10.028 -5.538,
            1.979 -8.959 -7.138,
            1.979 -7.638 -8.537,
            1.979 -6.101 -9.696,
            1.979 -4.392 -10.580,
            1.979 -2.559 -11.166,
            1.344 -0.654 -11.437,
            1.344 -0.218 -11.453,
            1.344 0.218 -11.453,
            1.344 0.654 -11.437,
            1.979 -0.654 -11.437,
            1.979 0.654 -11.437,
            1.979 2.559 -11.166,
            1.979 4.392 -10.580,
            1.979 6.101 -9.696,
            1.979 7.638 -8.537,
            1.979 8.959 -7.138,
            1.979 10.028 -5.538,
            1.979 10.813 -3.781,
            1.979 11.294 -1.918,
            1.794 12.952 2.239,
            1.794 13.144 -0.000,
            1.794 12.382 4.413,
            1.794 11.449 6.457,
            1.794 10.182 8.313,
            1.794 8.617 9.926,
            1.794 6.800 11.249,
            1.794 4.785 12.243,
            1.794 2.629 12.879,
            1.598 0.397 13.139,
            1.598 0.132 13.144,
            1.598 -0.132 13.144,
            1.794 0.397 13.139,
            1.598 -0.397 13.139,
            1.794 -2.629 12.879,
            1.794 -0.397 13.139,
            1.794 -4.785 12.243,
            1.794 -6.800 11.249,
            1.794 -8.617 9.926,
            1.794 -10.182 8.313,
            1.794 -11.449 6.457,
            1.794 -12.382 4.413,
            1.794 -12.952 2.239,
            0.641 -12.945 -2.283,
            0.641 -12.352 -4.496,
            0.641 -11.383 -6.572,
            0.641 -10.069 -8.449,
            0.641 -8.449 -10.069,
            0.641 -6.572 -11.383,
            0.641 -4.496 -12.352,
            0.641 -2.283 -12.945,
            1.598 -0.397 -13.139,
            0.641 -0.000 -13.144,
            1.598 -0.132 -13.144,
            1.598 0.132 -13.144,
            1.598 0.397 -13.139,
            0.641 2.283 -12.945,
            1.794 2.629 -12.879,
            0.641 4.496 -12.352,
            1.794 0.397 -13.139,
            1.794 4.785 -12.243,
            0.641 6.572 -11.383,
            1.794 6.800 -11.249,
            0.641 8.449 -10.069,
            1.794 8.617 -9.926,
            0.641 10.069 -8.449,
            1.794 10.182 -8.313,
            0.641 11.383 -6.572,
            1.794 11.449 -6.457,
            0.641 12.352 -4.496,
            1.794 12.382 -4.413,
            0.641 12.945 -2.283,
            1.794 12.952 -2.239,
            0.455 11.281 1.989,
            0.455 10.765 3.918,
            0.455 9.921 5.728,
            0.455 8.775 7.363,
            0.455 7.363 8.775,
            0.455 5.728 9.921,
            0.455 3.918 10.765,
            0.455 1.989 11.281,
            1.344 0.654 11.437,
            0.455 -0.000 11.455,
            1.344 0.218 11.453,
            1.344 -0.218 11.453,
            1.344 -0.654 11.437,
            0.455 -1.989 11.281,
            1.979 -0.654 11.437,
            1.979 -2.559 11.166,
            0.455 -3.918 10.765,
            1.979 -4.392 10.580,
            0.455 -5.728 9.921,
            1.979 -6.101 9.696,
            0.455 -7.363 8.775,
            1.979 -7.638 8.537,
            0.455 -8.775 7.363,
            1.979 -8.959 7.138,
            0.455 -9.921 5.728,
            1.979 -10.028 5.538,
            0.455 -10.765 3.918,
            1.979 -10.813 3.781,
            0.455 -11.281 1.989,
            1.979 -11.294 1.918,
            2.233 -0.397 -11.703,
            2.233 -2.380 -11.465,
            2.233 -4.294 -10.894,
            2.233 -6.082 -10.006,
            2.233 -7.694 -8.827,
            2.233 -9.082 -7.391,
            2.233 -10.206 -5.740,
            2.233 -11.033 -3.922,
            2.233 -11.539 -1.990,
            2.233 -11.709 -0.000,
            2.233 -11.539 1.990,
            2.233 -12.702 2.195,
            2.233 -11.033 3.922,
            2.233 -0.397 12.884,
            2.233 -2.585 12.629,
            2.233 -0.397 11.703,
            2.233 -2.380 11.465,
            2.233 -10.206 5.740,
            2.233 -12.143 4.326,
            2.233 -4.698 12.004,
            2.233 -4.294 10.894,
            2.233 -9.082 7.391,
            2.233 -11.229 6.330,
            2.233 -6.673 11.029,
            2.233 -6.082 10.006,
            2.233 -9.987 8.150,
            2.233 -7.694 8.827,
            2.233 -8.454 9.732,
            2.233 9.987 -8.150,
            2.233 7.694 -8.827,
            2.233 8.454 -9.732,
            2.233 11.229 -6.330,
            2.233 9.082 -7.391,
            2.233 6.082 -10.006,
            2.233 6.673 -11.029,
            2.233 12.143 -4.326,
            2.233 10.206 -5.740,
            2.233 4.294 -10.894,
            2.233 4.698 -12.004,
            2.233 11.033 -3.922,
            2.233 12.702 -2.195,
            2.233 2.380 -11.465,
            2.233 2.585 -12.629,
            2.233 11.539 -1.990,
            2.233 12.891 -0.000,
            2.233 0.397 -11.703,
            2.233 0.397 -12.884,
            2.233 12.702 2.195,
            2.233 12.143 4.326,
            2.233 11.229 6.330,
            2.233 9.987 8.150,
            2.233 8.454 9.732,
            2.233 6.673 11.029,
            2.233 4.698 12.004,
            2.233 2.585 12.629,
            2.233 0.397 12.884,
            0.201 9.875 -8.286,
            0.201 8.286 -9.875,
            0.201 6.445 -11.164,
            0.201 11.164 -6.445,
            0.201 4.409 -12.113,
            0.201 12.113 -4.409,
            0.201 2.238 -12.695,
            0.201 12.695 -2.238,
            0.201 0.000 -12.891,
            0.201 -2.238 -12.695,
            0.201 11.532 2.033,
            0.201 11.003 4.005,
            0.201 -4.409 -12.113,
            0.201 -6.445 -11.164,
            0.201 10.141 5.855,
            0.201 -8.286 -9.875,
            0.201 8.970 7.527,
            0.201 7.527 8.970,
            0.201 -9.875 -8.286,
            0.201 5.855 10.141,
            0.201 -11.164 -6.445,
            0.201 4.005 11.003,
            0.201 -12.113 -4.409,
            0.201 -12.695 -2.238,
            0.201 2.033 11.532,
            0.201 0.000 11.709,
            0.201 -11.532 2.033,
            0.201 -2.033 11.532,
            0.201 -4.005 11.003,
            0.201 -11.003 4.005,
            0.201 -5.855 10.141,
            0.201 -10.141 5.855,
            0.201 -7.527 8.970,
            0.201 -8.970 7.527,
            1.598 0.397 -11.703,
            2.233 0.397 -11.703,
            1.598 0.397 -11.703,
            1.598 -0.397 -11.703,
            2.233 -0.397 -11.703,
            1.598 -0.397 -11.703,
            1.598 0.132 -11.709,
            1.598 -0.132 -11.709,
            1.598 -0.397 11.703,
            2.233 -0.397 11.703,
            1.598 -0.397 11.703,
            1.598 0.397 11.703,
            1.598 0.397 11.703,
            1.598 0.132 11.709,
            1.598 -0.132 11.709,
            6.477 0.000 13.399,
            6.037 -2.283 12.945,
            6.037 0.000 13.144,
            6.477 -2.327 13.195,
            6.037 -4.496 12.352,
            6.477 -4.583 12.590,
            6.037 -6.572 11.383,
            6.477 -6.699 11.603,
            6.037 -8.449 10.069,
            6.477 -8.612 10.264,
            6.037 -10.069 8.449,
            6.477 -10.264 8.612,
            6.037 -11.383 6.572,
            6.477 -11.603 6.699,
            6.037 -12.352 4.496,
            6.477 -12.590 4.583,
            6.037 -12.945 2.283,
            6.477 -13.195 2.327,
            6.037 -13.144 0.000,
            6.477 -13.399 -0.000,
            6.037 -12.945 -2.283,
            6.477 -13.195 -2.327,
            6.037 -12.352 -4.496,
            6.477 -12.590 -4.583,
            6.037 -11.383 -6.572,
            6.477 -11.603 -6.699,
            6.037 -10.069 -8.449,
            6.477 -10.264 -8.612,
            6.037 -8.449 -10.069,
            6.477 -8.612 -10.264,
            6.477 -6.699 -11.603,
            6.037 -6.572 -11.383,
            6.037 -4.496 -12.352,
            6.477 -4.583 -12.590,
            6.037 -2.283 -12.945,
            6.477 -2.327 -13.195,
            6.477 0.000 -13.399,
            6.037 0.000 -13.144,
            -6.037 2.283 -12.945,
            -6.477 0.000 -12.891,
            -6.477 2.238 -12.695,
            -6.037 0.000 -13.144,
            -6.037 4.496 -12.352,
            -6.477 4.409 -12.113,
            -6.037 6.572 -11.383,
            -6.477 6.445 -11.164,
            -6.037 8.449 -10.069,
            -6.477 8.286 -9.875,
            -6.037 10.069 -8.449,
            -6.477 9.875 -8.286,
            -6.037 11.383 -6.572,
            -6.477 11.164 -6.445,
            -6.037 12.352 -4.496,
            -6.477 12.113 -4.409,
            -6.037 12.945 -2.283,
            -6.477 12.695 -2.238,
            -6.037 13.144 -0.000,
            -6.477 12.891 0.000,
            -6.037 12.945 2.283,
            -6.477 12.695 2.238,
            -6.037 12.352 4.496,
            -6.477 12.113 4.409,
            -6.037 11.383 6.572,
            -6.477 11.164 6.445,
            -6.037 10.069 8.449,
            -6.477 9.875 8.286,
            -6.037 8.449 10.069,
            -6.477 8.286 9.875,
            -6.477 6.445 11.164,
            -6.037 6.572 11.383,
            -6.477 4.409 12.113,
            -6.037 4.496 12.352,
            -6.037 2.283 12.945,
            -6.477 2.238 12.695,
            -6.037 0.000 13.144,
            -6.477 0.000 12.891,
            6.223 2.646 15.008,
            6.477 0.000 14.986,
            6.477 2.602 14.758,
            6.223 0.000 15.240,
            6.223 5.212 14.321,
            6.477 5.126 14.082,
            6.223 7.620 13.198,
            6.477 7.493 12.978,
            6.223 9.796 11.675,
            6.477 9.633 11.480,
            6.223 11.675 9.796,
            6.477 11.480 9.633,
            6.223 13.198 7.620,
            6.477 12.978 7.493,
            6.223 14.321 5.212,
            6.477 14.082 5.126,
            6.223 15.008 2.646,
            6.477 14.758 2.602,
            6.223 15.240 0.000,
            6.477 14.986 -0.000,
            6.223 15.008 -2.646,
            6.477 14.758 -2.602,
            6.223 14.321 -5.212,
            6.477 14.082 -5.126,
            6.223 13.198 -7.620,
            6.477 12.978 -7.493,
            6.223 11.675 -9.796,
            6.477 11.480 -9.633,
            6.223 9.796 -11.675,
            6.477 9.633 -11.480,
            6.223 7.620 -13.198,
            6.477 7.493 -12.978,
            6.223 5.212 -14.321,
            6.477 5.126 -14.082,
            6.223 2.646 -15.008,
            6.477 2.602 -14.758,
            6.223 0.000 -15.240,
            6.477 0.000 -14.986,
            -3.175 2.646 -15.008,
            -3.429 0.000 -14.986,
            -3.429 2.602 -14.758,
            -3.175 0.000 -15.240,
            -3.175 5.212 -14.321,
            -3.429 5.126 -14.082,
            -3.175 7.620 -13.198,
            -3.429 7.493 -12.978,
            -3.175 9.796 -11.675,
            -3.429 9.633 -11.480,
            -3.175 11.675 -9.796,
            -3.429 11.480 -9.633,
            -3.175 13.198 -7.620,
            -3.429 12.978 -7.493,
            -3.175 14.321 -5.212,
            -3.429 14.082 -5.126,
            -3.175 15.008 -2.646,
            -3.429 14.758 -2.602,
            -3.175 15.240 -0.000,
            -3.429 14.986 0.000,
            -3.175 15.008 2.646,
            -3.429 14.758 2.602,
            -3.175 14.321 5.212,
            -3.429 14.082 5.126,
            -3.175 13.198 7.620,
            -3.429 12.978 7.493,
            -3.175 11.675 9.796,
            -3.429 11.480 9.633,
            -3.175 9.796 11.675,
            -3.429 9.633 11.480,
            -3.175 7.620 13.198,
            -3.429 7.493 12.978,
            -3.175 5.212 14.321,
            -3.429 5.126 14.082,
            -3.175 2.646 15.008,
            -3.429 2.602 14.758,
            -3.175 0.000 15.240,
            -3.429 0.000 14.986,
            -6.477 0.000 -12.255,
            -6.223 -2.084 -11.819,
            -6.223 0.000 -12.002,
            -6.477 -2.128 -12.069,
            -6.223 -4.105 -11.278,
            -6.477 -4.192 -11.516,
            -6.223 -6.001 -10.394,
            -6.477 -6.128 -10.614,
            -6.223 -7.714 -9.194,
            -6.477 -7.878 -9.388,
            -6.223 -9.194 -7.714,
            -6.477 -9.388 -7.878,
            -6.223 -10.394 -6.001,
            -6.477 -10.614 -6.128,
            -6.223 -11.278 -4.105,
            -6.477 -11.516 -4.192,
            -6.223 -11.819 -2.084,
            -6.477 -12.069 -2.128,
            -6.223 -12.002 -0.000,
            -6.477 -12.255 0.000,
            -6.223 -11.819 2.084,
            -6.477 -12.069 2.128,
            -6.477 -11.516 4.192,
            -6.223 -11.278 4.105,
            -6.477 -10.614 6.128,
            -6.223 -10.394 6.001,
            -6.223 -9.194 7.714,
            -6.477 -9.388 7.878,
            -6.477 -7.878 9.388,
            -6.223 -7.714 9.194,
            -6.223 -6.001 10.394,
            -6.477 -6.128 10.614,
            -6.223 -4.105 11.278,
            -6.477 -4.192 11.516,
            -6.477 -2.128 12.069,
            -6.223 -2.084 11.819,
            -6.477 0.000 12.255,
            -6.223 0.000 12.002,
            -1.905 0.000 -13.144,
            -1.905 -2.283 -12.945,
            -1.905 -4.496 -12.352,
            -1.905 -6.572 -11.383,
            -1.905 -8.449 -10.069,
            -1.905 -10.069 -8.449,
            -1.905 -11.383 -6.572,
            -1.905 -12.352 -4.496,
            -1.905 -12.945 -2.283,
            -1.905 -13.144 -0.000,
            -1.905 -12.945 2.283,
            -1.905 -12.352 4.496,
            -1.905 -11.383 6.572,
            -1.905 -10.069 8.449,
            -1.905 -8.449 10.069,
            -1.905 -6.572 11.383,
            -1.905 -4.496 12.352,
            -1.905 -2.283 12.945,
            -1.905 0.000 13.144,
            -2.667 0.000 -13.653,
            -2.667 -2.371 -13.445,
            -1.905 0.000 -13.653,
            -1.905 -2.371 -13.445,
            -2.667 -4.669 -12.829,
            -1.905 -4.669 -12.829,
            -2.667 -6.826 -11.823,
            -1.905 -6.826 -11.823,
            -2.667 -8.776 -10.458,
            -1.905 -8.776 -10.458,
            -2.667 -10.458 -8.776,
            -1.905 -10.458 -8.776,
            -2.667 -11.823 -6.826,
            -1.905 -11.823 -6.826,
            -2.667 -12.829 -4.669,
            -1.905 -12.829 -4.669,
            -2.667 -13.445 -2.371,
            -1.905 -13.445 -2.371,
            -2.667 -13.653 -0.000,
            -1.905 -13.653 -0.000,
            -2.667 -13.445 2.371,
            -1.905 -13.445 2.371,
            -2.667 -12.829 4.669,
            -1.905 -12.829 4.669,
            -2.667 -11.823 6.826,
            -1.905 -11.823 6.826,
            -2.667 -10.458 8.776,
            -1.905 -10.458 8.776,
            -2.667 -8.776 10.458,
            -1.905 -8.776 10.458,
            -1.905 -6.826 11.823,
            -2.667 -6.826 11.823,
            -2.667 -4.669 12.829,
            -1.905 -4.669 12.829,
            -2.667 -2.371 13.445,
            -1.905 -2.371 13.445,
            -2.667 0.000 13.653,
            -1.905 0.000 13.653,
            -2.667 0.000 -12.002,
            -2.667 -2.084 -11.819,
            -2.667 -4.105 -11.278,
            -2.667 -6.001 -10.394,
            -2.667 -7.714 -9.194,
            -2.667 -9.194 -7.714,
            -2.667 -10.394 -6.001,
            -2.667 -11.278 -4.105,
            -2.667 -11.819 -2.084,
            -2.667 -12.002 -0.000,
            -2.667 -11.819 2.084,
            -2.667 -11.278 4.105,
            -2.667 -10.394 6.001,
            -2.667 -9.194 7.714,
            -2.667 -7.714 9.194,
            -2.667 -6.001 10.394,
            -2.667 -4.105 11.278,
            -2.667 -2.084 11.819,
            -2.667 0.000 12.002,
            -4.191 0.000 13.144,
            -4.191 2.283 12.945,
            -4.191 4.496 12.352,
            -4.191 6.572 11.383,
            -4.191 8.449 10.069,
            -4.191 10.069 8.449,
            -4.191 11.383 6.572,
            -4.191 12.352 4.496,
            -4.191 12.945 2.283,
            -4.191 13.144 0.000,
            -4.191 12.945 -2.283,
            -4.191 12.352 -4.496,
            -4.191 11.383 -6.572,
            -4.191 10.069 -8.449,
            -4.191 8.449 -10.069,
            -4.191 6.572 -11.383,
            -4.191 4.496 -12.352,
            -4.191 2.283 -12.945,
            -4.191 0.000 -13.144,
            -4.191 2.203 12.495,
            -3.429 0.000 12.687,
            -3.429 2.203 12.495,
            -4.191 0.000 12.687,
            -4.191 4.339 11.922,
            -3.429 4.339 11.922,
            -4.191 6.344 10.988,
            -3.429 6.344 10.988,
            -4.191 8.155 9.719,
            -3.429 8.155 9.719,
            -4.191 9.719 8.155,
            -3.429 9.719 8.155,
            -4.191 10.988 6.344,
            -3.429 10.988 6.344,
            -4.191 11.922 4.339,
            -3.429 11.922 4.339,
            -3.429 12.495 2.203,
            -4.191 12.495 2.203,
            -4.191 12.687 0.000,
            -3.429 12.687 0.000,
            -4.191 12.495 -2.203,
            -3.429 12.495 -2.203,
            -4.191 11.922 -4.339,
            -3.429 11.922 -4.339,
            -4.191 10.988 -6.344,
            -3.429 10.988 -6.344,
            -4.191 9.719 -8.155,
            -3.429 9.719 -8.155,
            -3.429 8.155 -9.719,
            -4.191 8.155 -9.719,
            -3.429 6.344 -10.988,
            -4.191 6.344 -10.988,
            -4.191 4.339 -11.922,
            -3.429 4.339 -11.922,
            -4.191 2.203 -12.495,
            -3.429 2.203 -12.495,
            -4.191 0.000 -12.687,
            -3.429 0.000 -12.687,
            2.099 14.279 5.327,
            2.041 14.267 5.358,
            1.979 14.259 5.381,
            2.150 14.293 5.288,
            1.925 14.254 5.393,
            2.194 14.310 5.242,
            1.856 14.251 5.400,
            2.231 14.330 5.186,
            2.266 14.358 5.110,
            2.296 14.398 4.995,
            1.932 14.331 5.184,
            1.962 14.335 5.174,
            1.990 14.339 5.161,
            1.856 14.326 5.198,
            2.038 14.351 5.129,
            2.070 14.363 5.096,
            2.090 14.374 5.065,
            1.331 14.246 5.414,
            1.385 14.255 5.391,
            1.432 14.266 5.360,
            1.297 14.242 5.424,
            1.478 14.282 5.318,
            1.856 14.277 5.333,
            1.263 14.239 5.431,
            2.306 14.442 4.868,
            1.195 14.237 5.436,
            1.524 14.304 5.258,
            1.856 14.301 5.266,
            2.302 14.465 4.797,
            1.148 14.238 5.434,
            1.115 14.240 5.429,
            1.563 14.330 5.188,
            1.047 14.247 5.410,
            2.294 14.485 4.737,
            0.988 14.257 5.384,
            2.278 14.507 4.670,
            1.184 14.313 5.235,
            1.223 14.314 5.232,
            1.256 14.317 5.224,
            1.124 14.316 5.227,
            1.288 14.322 5.209,
            2.253 14.528 4.603,
            1.068 14.323 5.206,
            1.330 14.334 5.177,
            1.020 14.335 5.172,
            1.363 14.349 5.133,
            0.994 14.345 5.147,
            1.702 14.482 4.746,
            2.126 14.416 4.943,
            2.130 14.439 4.876,
            2.124 14.466 4.794,
            2.109 14.489 4.726,
            2.094 14.501 4.688,
            0.964 14.360 5.102,
            1.390 14.368 5.082,
            1.735 14.507 4.668,
            2.076 14.511 4.659,
            2.054 14.519 4.633,
            1.768 14.522 4.621,
            2.010 14.530 4.599,
            1.829 14.535 4.582,
            1.958 14.537 4.576,
            1.902 14.539 4.569,
            1.862 14.538 4.572,
            1.797 14.530 4.598,
            0.941 14.378 5.051,
            0.924 14.402 4.983,
            0.918 14.428 4.907,
            1.469 14.455 4.829,
            0.922 14.450 4.842,
            0.934 14.469 4.785,
            0.959 14.492 4.717,
            1.515 14.503 4.683,
            1.290 14.556 4.513,
            1.559 14.536 4.579,
            1.609 14.560 4.500,
            0.992 14.510 4.660,
            1.187 14.551 4.531,
            1.028 14.524 4.616,
            1.072 14.535 4.580,
            1.122 14.544 4.553,
            1.290 14.577 4.445,
            1.653 14.575 4.453,
            2.062 14.699 4.023,
            2.028 14.594 4.389,
            2.084 14.587 4.414,
            2.122 14.709 3.987,
            2.134 14.577 4.448,
            2.003 14.693 4.046,
            1.963 14.600 4.370,
            2.169 14.720 3.948,
            2.181 14.563 4.491,
            1.947 14.690 4.059,
            1.932 14.601 4.366,
            2.207 14.732 3.903,
            2.222 14.547 4.545,
            1.891 14.688 4.063,
            1.843 14.601 4.366,
            1.888 14.602 4.364,
            1.290 14.598 4.376,
            1.697 14.585 4.419,
            2.235 14.744 3.855,
            1.828 14.690 4.057,
            1.805 14.599 4.373,
            2.260 14.762 3.788,
            1.290 14.619 4.307,
            1.749 14.594 4.391,
            1.773 14.694 4.042,
            2.279 14.784 3.699,
            1.370 14.683 4.082,
            1.418 14.691 4.054,
            1.717 14.701 4.016,
            2.286 14.815 3.575,
            1.316 14.677 4.103,
            1.464 14.701 4.016,
            1.669 14.710 3.982,
            1.259 14.674 4.116,
            1.499 14.713 3.974,
            1.623 14.723 3.936,
            1.199 14.673 4.120,
            1.159 14.614 4.323,
            1.221 14.617 4.313,
            1.534 14.728 3.918,
            1.590 14.735 3.890,
            1.118 14.674 4.113,
            1.092 14.608 4.343,
            1.563 14.748 3.842,
            1.048 14.679 4.095,
            1.028 14.600 4.370,
            2.286 14.858 3.390,
            0.986 14.687 4.069,
            0.967 14.589 4.406,
            0.928 14.697 4.034,
            0.914 14.576 4.448,
            0.885 14.707 3.997,
            0.862 14.560 4.503,
            2.286 14.899 3.204,
            0.851 14.718 3.956,
            0.816 14.538 4.572,
            0.819 14.732 3.901,
            2.286 14.938 3.018,
            2.286 15.071 2.262,
            0.792 14.751 3.831,
            0.778 14.765 3.773,
            0.934 14.270 5.350,
            0.887 14.285 5.309,
            0.847 14.303 5.262,
            0.814 14.321 5.212,
            0.787 14.341 5.156,
            0.767 14.362 5.097,
            0.750 14.391 5.017,
            0.745 14.406 4.974,
            0.742 14.425 4.916,
            0.753 14.476 4.766,
            0.780 14.511 4.658,
            2.286 15.083 2.182,
            2.286 15.094 2.102,
            2.286 15.105 2.022,
            0.762 14.970 2.858,
            0.762 14.938 3.018,
            1.231 15.073 2.249,
            0.762 15.011 2.634,
            1.231 15.040 2.463,
            0.762 15.151 1.648,
            1.231 15.104 2.035,
            1.231 15.131 1.820,
            2.286 15.225 0.674,
            0.938 15.176 1.395,
            2.286 15.228 0.602,
            0.762 15.176 1.395,
            0.762 15.174 1.421,
            2.286 15.231 0.531,
            2.286 15.233 0.459,
            0.938 15.196 1.155,
            0.938 15.213 0.915,
            2.050 15.240 0.073,
            2.107 15.240 0.045,
            2.156 15.240 0.010,
            1.981 15.240 0.096,
            2.196 15.240 -0.030,
            0.938 15.225 0.674,
            2.215 15.240 -0.054,
            1.934 15.240 0.104,
            2.231 15.240 -0.081,
            1.875 15.240 0.107,
            2.253 15.239 -0.132,
            1.789 15.240 0.100,
            2.274 15.238 -0.221,
            2.286 15.235 -0.404,
            0.769 14.781 3.713,
            0.762 14.814 3.577,
            0.762 14.858 3.391,
            0.762 14.899 3.205,
            0.762 15.159 1.572,
            0.762 15.166 1.497,
            0.762 14.984 2.784,
            0.762 14.997 2.709,
            2.286 15.227 -0.624,
            0.762 15.238 0.232,
            0.762 15.233 0.459,
            1.729 15.240 0.083,
            1.673 15.240 0.058,
            1.183 15.240 -0.018,
            1.623 15.240 0.024,
            1.581 15.240 -0.016,
            1.261 15.240 -0.068,
            1.545 15.240 -0.064,
            1.328 15.240 -0.119,
            1.510 15.239 -0.130,
            1.390 15.239 -0.178,
            1.482 15.239 -0.213,
            1.432 15.238 -0.235,
            1.465 15.237 -0.297,
            2.286 15.217 -0.844,
            2.286 15.203 -1.064,
            1.911 15.174 -1.417,
            1.999 15.169 -1.465,
            2.077 15.164 -1.524,
            1.816 15.177 -1.380,
            2.145 15.156 -1.594,
            1.719 15.180 -1.355,
            0.762 15.216 -0.849,
            0.762 15.240 -0.014,
            1.084 15.239 -0.204,
            1.267 15.237 -0.320,
            1.358 15.235 -0.390,
            1.391 15.234 -0.427,
            1.419 15.233 -0.471,
            1.439 15.231 -0.524,
            1.446 15.227 -0.630,
            1.446 15.224 -0.703,
            1.446 15.220 -0.776,
            1.446 15.216 -0.849,
            1.621 15.181 -1.341,
            2.203 15.148 -1.676,
            2.249 15.138 -1.764,
            2.281 15.126 -1.858,
            2.300 15.114 -1.956,
            1.202 15.177 -1.389,
            0.762 15.203 -1.064,
            1.343 15.180 -1.352,
            2.306 15.101 -2.054,
            1.090 15.172 -1.440,
            2.302 15.090 -2.136,
            2.289 15.078 -2.219,
            1.000 15.166 -1.498,
            2.266 15.064 -2.306,
            0.930 15.160 -1.562,
            2.231 15.052 -2.387,
            0.874 15.153 -1.630,
            0.826 15.144 -1.709,
            0.788 15.134 -1.795,
            2.286 14.934 -3.037,
            1.851 14.996 -2.715,
            1.963 15.005 -2.665,
            2.056 15.016 -2.602,
            2.129 15.028 -2.533,
            2.185 15.040 -2.464,
            0.762 15.201 1.083,
            0.762 15.220 0.771,
            0.762 15.239 0.150,
            0.762 15.240 0.068,
            0.762 15.212 -0.921,
            0.762 15.208 -0.993,
            1.707 14.989 -2.752,
            2.286 14.920 -3.107,
            2.286 14.905 -3.178,
            2.286 14.890 -3.248,
            1.661 14.835 -3.489,
            1.661 14.890 -3.248,
            0.762 14.934 -3.037,
            0.820 15.052 -2.389,
            0.875 15.037 -2.476,
            0.942 15.024 -2.554,
            1.019 15.013 -2.619,
            1.106 15.004 -2.673,
            1.203 14.996 -2.716,
            1.305 14.991 -2.746,
            1.401 14.987 -2.763,
            2.286 14.714 -3.969,
            2.286 14.695 -4.038,
            1.661 14.777 -3.729,
            0.762 14.890 -3.248,
            1.485 14.890 -3.248,
            1.485 14.835 -3.489,
            2.286 14.676 -4.107,
            2.286 14.657 -4.176,
            1.661 14.714 -3.969,
            2.286 14.596 -4.382,
            2.110 14.596 -4.382,
            2.286 14.477 -4.761,
            0.762 14.714 -3.969,
            1.485 14.777 -3.729,
            1.485 14.714 -3.969,
            0.762 14.657 -4.176,
            2.110 14.549 -4.538,
            2.286 14.348 -5.137,
            2.286 14.209 -5.509,
            2.110 14.209 -5.509,
            0.762 14.920 -3.107,
            0.762 14.905 -3.178,
            0.762 15.123 -1.881,
            0.747 15.112 -1.968,
            0.742 15.101 -2.055,
            0.752 15.083 -2.182,
            0.779 15.067 -2.292,
            0.762 14.448 -4.848,
            2.110 14.499 -4.693,
            2.110 14.448 -4.848,
            0.762 14.379 -5.051,
            2.110 14.379 -5.051,
            2.110 14.324 -5.204,
            2.110 14.267 -5.357,
            0.762 14.695 -4.038,
            0.762 14.676 -4.107,
            0.762 14.425 -4.916,
            0.762 14.402 -4.983,
            2.112 14.393 5.010,
            1.522 15.181 -1.337,
            1.504 14.986 -2.769,
            6.223 -2.646 -15.008,
            -3.175 -2.646 -15.008,
            6.223 -5.212 -14.321,
            -3.175 -5.212 -14.321,
            6.223 -7.620 -13.198,
            -3.175 -7.620 -13.198,
            6.223 -9.796 -11.675,
            -3.175 -9.796 -11.675,
            0.761 -12.234 -9.087,
            0.711 -12.218 -9.110,
            6.223 -11.675 -9.796,
            0.798 -12.254 -9.061,
            0.650 -12.205 -9.127,
            0.832 -12.280 -9.025,
            0.585 -12.198 -9.136,
            0.857 -12.312 -8.982,
            0.507 -12.196 -9.139,
            0.872 -12.344 -8.937,
            0.879 -12.395 -8.867,
            0.561 -12.317 -8.975,
            0.601 -12.324 -8.966,
            0.631 -12.333 -8.953,
            0.875 -12.429 -8.819,
            6.223 -13.198 -7.620,
            0.513 -12.313 -8.980,
            0.671 -12.357 -8.920,
            0.435 -12.312 -8.982,
            0.696 -12.389 -8.876,
            0.703 -12.422 -8.829,
            0.698 -12.456 -8.781,
            -0.254 -12.196 -9.139,
            0.713 -12.597 -8.577,
            0.753 -12.554 -8.640,
            0.748 -12.607 -8.562,
            0.673 -12.588 -8.590,
            0.792 -12.627 -8.534,
            0.804 -12.523 -8.685,
            0.830 -12.652 -8.496,
            0.837 -12.494 -8.726,
            0.510 -12.563 -8.627,
            0.595 -12.543 -8.656,
            0.565 -12.553 -8.642,
            0.856 -12.680 -8.455,
            0.861 -12.463 -8.771,
            0.452 -12.569 -8.619,
            0.628 -12.529 -8.677,
            0.872 -12.711 -8.408,
            0.381 -12.571 -8.615,
            -0.254 -12.312 -8.982,
            0.688 -12.476 -8.752,
            0.662 -12.505 -8.711,
            0.877 -12.728 -8.381,
            0.879 -12.753 -8.344,
            0.666 -12.718 -8.398,
            0.588 -12.690 -8.439,
            0.618 -12.697 -8.429,
            0.874 -12.787 -8.292,
            0.526 -12.683 -8.450,
            0.456 -12.681 -8.453,
            0.695 -12.747 -8.352,
            0.701 -12.764 -8.327,
            0.703 -12.784 -8.297,
            0.697 -12.816 -8.247,
            -0.254 -12.571 -8.615,
            0.860 -12.924 -8.076,
            0.794 -12.877 -8.151,
            0.831 -12.850 -8.194,
            0.858 -12.820 -8.241,
            0.868 -12.804 -8.266,
            0.744 -12.903 -8.109,
            0.860 -12.959 -8.021,
            0.686 -12.924 -8.076,
            0.860 -12.993 -7.965,
            -3.175 -11.675 -9.796,
            -0.254 -12.235 -9.087,
            -0.254 -12.273 -9.035,
            0.509 -12.914 -8.092,
            0.607 -12.891 -8.129,
            0.564 -12.904 -8.108,
            0.860 -13.027 -7.909,
            0.414 -12.922 -8.079,
            0.669 -12.853 -8.188,
            0.650 -12.868 -8.165,
            0.313 -12.924 -8.076,
            -0.254 -12.681 -8.453,
            0.685 -12.836 -8.216,
            0.761 -13.199 -7.618,
            0.711 -13.185 -7.643,
            0.798 -13.216 -7.590,
            0.650 -13.175 -7.661,
            0.832 -13.237 -7.552,
            0.585 -13.169 -7.671,
            -0.254 -12.924 -8.076,
            0.857 -13.264 -7.504,
            0.507 -13.167 -7.674,
            0.872 -13.291 -7.456,
            0.879 -13.333 -7.381,
            0.561 -13.268 -7.497,
            0.601 -13.274 -7.487,
            0.631 -13.282 -7.473,
            0.875 -13.362 -7.329,
            0.513 -13.265 -7.503,
            0.671 -13.302 -7.438,
            0.435 -13.264 -7.505,
            0.696 -13.328 -7.390,
            0.861 -13.390 -7.278,
            0.703 -13.356 -7.340,
            0.698 -13.384 -7.288,
            -0.254 -13.167 -7.674,
            -0.254 -13.027 -7.909,
            0.713 -13.501 -7.070,
            0.753 -13.465 -7.137,
            0.748 -13.509 -7.054,
            0.673 -13.494 -7.084,
            0.792 -13.525 -7.023,
            0.804 -13.440 -7.185,
            0.830 -13.546 -6.983,
            0.837 -13.416 -7.230,
            0.510 -13.473 -7.123,
            0.595 -13.456 -7.154,
            0.565 -13.464 -7.139,
            0.856 -13.569 -6.939,
            0.452 -13.478 -7.114,
            0.628 -13.444 -7.177,
            0.872 -13.594 -6.889,
            0.381 -13.479 -7.111,
            -0.254 -13.264 -7.505,
            0.688 -13.401 -7.258,
            0.662 -13.425 -7.213,
            0.877 -13.609 -6.860,
            0.879 -13.629 -6.820,
            0.666 -13.600 -6.878,
            0.588 -13.577 -6.922,
            0.618 -13.583 -6.911,
            0.526 -13.572 -6.933,
            0.456 -13.570 -6.937,
            0.695 -13.624 -6.829,
            0.701 -13.638 -6.802,
            0.703 -13.654 -6.770,
            0.697 -13.680 -6.716,
            -0.254 -13.479 -7.111,
            0.860 -13.768 -6.534,
            0.794 -13.730 -6.614,
            0.831 -13.707 -6.661,
            0.858 -13.683 -6.710,
            0.868 -13.670 -6.737,
            0.744 -13.751 -6.570,
            0.686 -13.768 -6.534,
            0.509 -13.760 -6.551,
            0.607 -13.741 -6.591,
            0.564 -13.752 -6.568,
            0.414 -13.767 -6.538,
            0.669 -13.711 -6.654,
            0.650 -13.723 -6.629,
            1.250 -13.979 -6.069,
            6.223 -14.321 -5.212,
            0.860 -13.796 -6.475,
            0.860 -13.824 -6.416,
            0.860 -13.851 -6.357,
            0.874 -13.657 -6.764,
            0.313 -13.768 -6.534,
            -0.254 -13.570 -6.937,
            0.685 -13.696 -6.683,
            1.055 -13.979 -6.069,
            -0.254 -13.768 -6.534,
            0.583 -13.986 -6.054,
            0.523 -13.971 -6.088,
            0.456 -13.960 -6.115,
            0.633 -14.003 -6.014,
            0.369 -13.951 -6.134,
            0.684 -14.026 -5.959,
            1.055 -14.053 -5.897,
            1.954 -14.292 -5.290,
            3.302 -14.527 -4.606,
            1.250 -14.073 -5.848,
            3.302 -14.549 -4.538,
            0.719 -14.049 -5.906,
            1.250 -14.164 -5.624,
            0.744 -14.073 -5.848,
            1.778 -14.292 -5.290,
            3.302 -14.570 -4.469,
            0.154 -13.952 -6.132,
            -0.254 -13.851 -6.357,
            0.269 -13.948 -6.141,
            0.757 -14.097 -5.790,
            1.055 -14.125 -5.723,
            3.302 -14.591 -4.401,
            0.064 -13.961 -6.111,
            0.344 -14.028 -5.955,
            0.404 -14.034 -5.941,
            0.455 -14.044 -5.919,
            0.762 -14.122 -5.729,
            0.257 -14.026 -5.962,
            0.497 -14.055 -5.891,
            1.954 -14.374 -5.063,
            -0.015 -13.975 -6.078,
            0.757 -14.145 -5.672,
            1.055 -14.194 -5.549,
            1.250 -14.251 -5.400,
            0.187 -14.027 -5.958,
            -0.052 -13.984 -6.058,
            -3.175 -13.198 -7.620,
            -0.254 -13.510 -7.053,
            -0.254 -13.540 -6.995,
            -0.254 -12.959 -8.021,
            -0.254 -12.993 -7.965,
            -0.254 -13.796 -6.475,
            -0.254 -13.824 -6.416,
            -0.254 -13.199 -7.618,
            -0.254 -13.232 -7.562,
            -0.254 -12.608 -8.561,
            -0.254 -12.644 -8.507,
            0.742 -14.168 -5.615,
            -0.089 -13.995 -6.034,
            0.064 -14.041 -5.925,
            0.121 -14.033 -5.945,
            0.714 -14.192 -5.554,
            -0.144 -14.014 -5.989,
            0.016 -14.052 -5.899,
            0.535 -14.072 -5.852,
            0.693 -14.206 -5.519,
            1.954 -14.453 -4.835,
            -0.027 -14.067 -5.863,
            3.302 -14.683 -4.082,
            -0.192 -14.036 -5.936,
            0.660 -14.222 -5.476,
            -0.046 -14.076 -5.841,
            0.563 -14.091 -5.806,
            -0.063 -14.086 -5.817,
            -0.229 -14.061 -5.877,
            -0.077 -14.098 -5.789,
            0.573 -14.103 -5.777,
            0.581 -14.116 -5.745,
            3.302 -14.711 -3.979,
            6.223 -15.008 -2.646,
            -0.092 -14.119 -5.738,
            0.586 -14.142 -5.679,
            3.302 -14.739 -3.876,
            1.954 -14.527 -4.606,
            -0.098 -14.143 -5.678,
            -0.094 -14.163 -5.627,
            0.580 -14.169 -5.613,
            3.302 -14.766 -3.772,
            -0.079 -14.183 -5.577,
            0.563 -14.190 -5.560,
            1.029 -14.404 -4.978,
            1.778 -14.398 -4.996,
            1.084 -14.414 -4.948,
            0.969 -14.397 -4.999,
            1.134 -14.428 -4.909,
            0.176 -14.244 -5.418,
            0.535 -14.208 -5.513,
            0.496 -14.224 -5.470,
            0.449 -14.237 -5.436,
            -0.054 -14.201 -5.532,
            0.469 -14.306 -5.253,
            0.910 -14.393 -5.011,
            -0.033 -14.210 -5.508,
            1.178 -14.443 -4.863,
            0.106 -14.239 -5.432,
            0.011 -14.223 -5.473,
            0.044 -14.230 -5.455,
            0.849 -14.392 -5.014,
            1.212 -14.460 -4.813,
            1.778 -14.497 -4.699,
            0.772 -14.394 -5.008,
            1.241 -14.481 -4.750,
            0.695 -14.400 -4.990,
            1.262 -14.507 -4.670,
            0.156 -14.313 -5.235,
            0.627 -14.409 -4.963,
            0.810 -14.456 -4.826,
            0.847 -14.455 -4.829,
            0.909 -14.457 -4.822,
            0.948 -14.461 -4.809,
            1.270 -14.539 -4.569,
            1.778 -14.591 -4.401,
            0.775 -14.458 -4.820,
            0.991 -14.470 -4.784,
            0.562 -14.422 -4.927,
            0.742 -14.461 -4.810,
            1.267 -14.560 -4.503,
            0.708 -14.466 -4.795,
            1.034 -14.483 -4.744,
            1.258 -14.577 -4.445,
            0.643 -14.478 -4.757,
            1.053 -14.491 -4.718,
            1.077 -14.507 -4.669,
            1.242 -14.596 -4.383,
            1.778 -14.683 -4.082,
            -0.059 -14.385 -5.033,
            0.478 -14.442 -4.868,
            -0.030 -14.295 -5.283,
            0.028 -14.303 -5.260,
            0.088 -14.309 -5.245,
            1.212 -14.616 -4.315,
            0.527 -14.510 -4.662,
            1.089 -14.522 -4.622,
            1.094 -14.540 -4.565,
            1.086 -14.564 -4.490,
            1.074 -14.577 -4.448,
            -0.254 -14.385 -5.033,
            -0.215 -14.233 -5.448,
            -0.180 -14.252 -5.398,
            -0.136 -14.269 -5.352,
            -0.086 -14.284 -5.314,
            1.175 -14.632 -4.260,
            1.133 -14.645 -4.215,
            3.302 -14.948 -2.971,
            -0.059 -14.465 -4.797,
            0.346 -14.483 -4.745,
            1.081 -14.657 -4.176,
            1.778 -14.702 -4.013,
            0.224 -14.525 -4.613,
            0.821 -14.624 -4.289,
            1.050 -14.591 -4.401,
            1.023 -14.601 -4.367,
            0.996 -14.608 -4.342,
            0.971 -14.613 -4.325,
            0.923 -14.620 -4.304,
            0.874 -14.623 -4.292,
            1.023 -14.666 -4.144,
            1.778 -14.721 -3.944,
            3.302 -14.968 -2.865,
            2.251 -14.846 -3.444,
            0.316 -14.579 -4.439,
            3.302 -14.988 -2.759,
            -0.059 -14.542 -4.561,
            2.233 -14.877 -3.305,
            0.091 -14.573 -4.460,
            2.009 -14.862 -3.372,
            3.302 -15.007 -2.653,
            0.214 -14.614 -4.324,
            0.840 -14.678 -4.101,
            0.015 -14.597 -4.381,
            0.821 -14.729 -3.912,
            0.948 -14.673 -4.119,
            1.778 -14.739 -3.874,
            0.124 -14.639 -4.239,
            0.625 -14.729 -3.912,
            0.371 -14.729 -3.912,
            0.048 -14.655 -4.183,
            0.821 -14.811 -3.590,
            1.778 -14.837 -3.480,
            1.778 -14.854 -3.407,
            0.176 -14.729 -3.912,
            -0.118 -14.678 -4.102,
            -0.032 -14.668 -4.136,
            -0.185 -14.682 -4.086,
            -0.254 -14.683 -4.082,
            0.625 -14.811 -3.590,
            0.371 -14.811 -3.590,
            0.821 -14.886 -3.267,
            1.778 -14.871 -3.334,
            1.778 -14.887 -3.261,
            0.176 -14.811 -3.590,
            1.270 -14.960 -2.909,
            1.778 -14.968 -2.865,
            2.403 -15.072 -2.255,
            2.403 -15.043 -2.442,
            1.284 -14.976 -2.824,
            1.778 -14.982 -2.794,
            2.227 -15.072 -2.255,
            1.778 -15.007 -2.653,
            2.227 -15.043 -2.442,
            -3.175 -14.321 -5.212,
            -0.254 -14.087 -5.814,
            -0.269 -14.116 -5.745,
            -0.274 -14.143 -5.677,
            -0.264 -14.182 -5.578,
            -0.245 -14.210 -5.509,
            -0.254 -14.491 -4.718,
            -0.254 -14.591 -4.401,
            0.371 -14.886 -3.267,
            0.625 -14.886 -3.267,
            1.290 -14.992 -2.739,
            1.778 -14.995 -2.724,
            2.403 -15.099 -2.068,
            0.821 -14.953 -2.942,
            1.104 -14.965 -2.882,
            1.285 -15.005 -2.665,
            0.176 -14.886 -3.267,
            1.278 -15.011 -2.630,
            1.269 -15.017 -2.598,
            0.860 -14.978 -2.815,
            1.114 -14.985 -2.774,
            0.625 -14.953 -2.942,
            3.302 -15.172 -1.434,
            1.245 -15.026 -2.547,
            3.302 -15.176 -1.392,
            0.860 -14.990 -2.751,
            1.108 -14.996 -2.716,
            2.403 -15.124 -1.881,
            3.302 -15.180 -1.350,
            0.684 -14.978 -2.815,
            1.208 -15.033 -2.500,
            0.860 -15.001 -2.687,
            1.096 -15.003 -2.679,
            1.062 -15.009 -2.644,
            1.011 -15.012 -2.627,
            3.302 -15.184 -1.309,
            6.223 -15.240 -0.000,
            0.954 -15.013 -2.622,
            0.371 -14.953 -2.942,
            0.684 -14.990 -2.751,
            1.174 -15.038 -2.472,
            0.860 -15.013 -2.622,
            1.132 -15.042 -2.450,
            2.227 -15.099 -2.068,
            0.684 -15.001 -2.687,
            3.213 -15.188 -1.254,
            3.252 -15.186 -1.281,
            0.176 -14.953 -2.942,
            3.133 -15.194 -1.185,
            0.860 -15.053 -2.378,
            0.860 -15.045 -2.430,
            0.973 -15.045 -2.430,
            0.860 -15.061 -2.327,
            1.054 -15.044 -2.433,
            0.860 -15.069 -2.275,
            1.095 -15.043 -2.439,
            -0.254 -15.013 -2.622,
            0.684 -15.013 -2.622,
            1.778 -15.172 -1.434,
            2.227 -15.124 -1.881,
            1.270 -15.158 -1.579,
            0.684 -15.069 -2.275,
            -0.254 -15.045 -2.430,
            0.684 -15.045 -2.430,
            0.684 -15.053 -2.378,
            0.684 -15.061 -2.327,
            1.778 -15.190 -1.239,
            2.876 -15.198 -1.133,
            2.802 -15.206 -1.015,
            2.741 -15.214 -0.888,
            3.119 -15.233 -0.466,
            2.921 -15.214 -0.888,
            3.019 -15.204 -1.053,
            3.059 -15.232 -0.498,
            3.168 -15.234 -0.428,
            2.988 -15.231 -0.523,
            1.270 -15.167 -1.492,
            3.215 -15.235 -0.377,
            2.911 -15.231 -0.537,
            3.249 -15.237 -0.324,
            1.270 -15.175 -1.405,
            1.778 -15.178 -1.369,
            3.276 -15.238 -0.264,
            3.294 -15.239 -0.195,
            1.270 -15.183 -1.318,
            1.778 -15.184 -1.304,
            3.302 -15.240 -0.097,
            2.595 -15.233 -0.461,
            2.542 -15.232 -0.494,
            2.486 -15.231 -0.521,
            2.645 -15.234 -0.417,
            2.892 -15.236 -0.342,
            2.427 -15.230 -0.539,
            2.358 -15.230 -0.552,
            3.297 -15.240 -0.018,
            2.696 -15.236 -0.357,
            2.280 -15.230 -0.557,
            2.731 -15.237 -0.299,
            3.284 -15.240 0.049,
            2.756 -15.238 -0.235,
            2.974 -15.237 -0.316,
            3.014 -15.237 -0.297,
            3.048 -15.238 -0.271,
            2.162 -15.230 -0.546,
            2.770 -15.239 -0.173,
            3.088 -15.238 -0.223,
            3.105 -15.239 -0.191,
            3.117 -15.239 -0.157,
            3.261 -15.240 0.118,
            2.068 -15.231 -0.519,
            2.774 -15.240 -0.107,
            3.123 -15.239 -0.125,
            3.126 -15.240 -0.085,
            2.772 -15.240 -0.062,
            3.121 -15.240 -0.023,
            2.767 -15.240 -0.024,
            3.105 -15.240 0.033,
            0.884 -15.204 -1.054,
            -0.254 -15.150 -1.657,
            2.749 -15.240 0.043,
            3.081 -15.240 0.082,
            3.029 -15.239 0.138,
            2.717 -15.240 0.113,
            2.969 -15.239 0.180,
            2.899 -15.238 0.215,
            0.768 -15.211 -0.946,
            0.814 -15.212 -0.921,
            0.884 -15.215 -0.875,
            0.739 -15.210 -0.954,
            2.677 -15.239 0.171,
            2.832 -15.238 0.237,
            1.270 -15.228 -0.610,
            1.987 -15.232 -0.480,
            1.921 -15.234 -0.435,
            2.701 -15.238 0.258,
            2.632 -15.238 0.219,
            3.282 -15.228 0.615,
            3.129 -15.237 0.293,
            3.182 -15.238 0.242,
            3.226 -15.239 0.183,
            3.008 -15.236 0.369,
            3.069 -15.236 0.336,
            1.270 -15.231 -0.524,
            1.874 -15.235 -0.390,
            2.574 -15.238 0.264,
            1.270 -15.234 -0.437,
            1.830 -15.236 -0.333,
            3.124 -15.228 0.615,
            2.897 -15.234 0.410,
            2.717 -15.233 0.446,
            1.270 -15.236 -0.351,
            1.794 -15.238 -0.263,
            1.772 -15.239 -0.196,
            0.270 -15.214 -0.895,
            -0.254 -15.176 -1.399,
            0.285 -15.205 -1.029,
            0.375 -15.209 -0.967,
            3.282 -15.211 0.941,
            -3.175 -15.008 -2.646,
            -0.254 -15.024 -2.558,
            -0.254 -15.035 -2.494,
            -0.254 -15.159 -1.571,
            -0.254 -15.167 -1.485,
            1.270 -15.240 -0.107,
            1.762 -15.239 -0.139,
            1.758 -15.240 -0.075,
            1.764 -15.240 0.010,
            2.870 -15.219 0.798,
            2.491 -15.233 0.459,
            1.094 -15.240 -0.107,
            3.282 -15.187 1.265,
            6.223 -15.008 2.646,
            2.588 -15.210 0.949,
            2.357 -15.233 0.454,
            2.745 -15.203 1.057,
            2.925 -15.211 0.941,
            3.087 -15.202 1.070,
            1.270 -15.238 0.251,
            1.784 -15.240 0.094,
            1.814 -15.239 0.166,
            1.850 -15.238 0.225,
            1.895 -15.237 0.278,
            1.946 -15.237 0.324,
            3.087 -15.182 1.330,
            0.625 -15.240 -0.049,
            1.094 -15.239 0.179,
            -0.254 -15.231 -0.535,
            2.392 -15.205 1.030,
            2.220 -15.234 0.436,
            0.449 -15.240 -0.049,
            0.566 -15.217 -0.836,
            3.282 -15.157 1.589,
            2.517 -15.195 1.173,
            2.192 -15.201 1.094,
            2.122 -15.234 0.412,
            0.625 -15.238 0.218,
            1.094 -15.233 0.466,
            1.270 -15.228 0.609,
            2.002 -15.236 0.362,
            2.058 -15.235 0.389,
            2.281 -15.188 1.262,
            3.087 -15.157 1.589,
            -0.254 -15.239 -0.147,
            -0.254 -15.238 -0.273,
            -0.078 -15.239 -0.147,
            1.987 -15.197 1.139,
            0.625 -15.232 0.485,
            1.094 -15.221 0.752,
            2.026 -15.182 1.327,
            -0.078 -15.239 0.153,
            0.449 -15.238 0.218,
            3.302 -15.098 2.074,
            1.270 -15.209 0.967,
            1.778 -15.196 1.161,
            3.302 -15.092 2.116,
            3.302 -15.087 2.157,
            3.302 -15.081 2.199,
            1.270 -15.200 1.104,
            0.625 -15.221 0.752,
            3.213 -15.073 2.253,
            3.252 -15.076 2.226,
            1.270 -15.194 1.182,
            1.778 -15.191 1.226,
            -0.078 -15.233 0.453,
            0.449 -15.232 0.485,
            1.270 -15.188 1.259,
            1.778 -15.185 1.291,
            3.133 -15.062 2.322,
            1.270 -15.181 1.337,
            1.778 -15.180 1.356,
            -0.078 -15.221 0.752,
            0.449 -15.221 0.752,
            1.778 -15.098 2.074,
            1.778 -15.070 2.268,
            2.876 -15.054 2.374,
            2.802 -15.035 2.490,
            2.741 -15.014 2.615,
            3.138 -14.926 3.076,
            2.921 -15.014 2.615,
            3.019 -15.041 2.452,
            3.078 -14.934 3.040,
            3.019 -14.939 3.016,
            3.185 -14.918 3.116,
            2.963 -14.941 3.003,
            3.223 -14.909 3.161,
            2.907 -14.942 2.999,
            3.251 -14.898 3.210,
            2.844 -14.941 3.005,
            3.276 -14.883 3.278,
            3.295 -14.863 3.368,
            1.270 -15.061 2.326,
            1.778 -15.080 2.203,
            1.778 -15.089 2.139,
            2.386 -14.946 2.979,
            2.789 -14.938 3.020,
            2.434 -14.940 3.009,
            2.733 -14.932 3.047,
            0.178 -15.139 1.750,
            3.302 -14.835 3.491,
            2.332 -14.950 2.958,
            2.480 -14.932 3.047,
            2.685 -14.925 3.081,
            2.275 -14.953 2.946,
            2.515 -14.924 3.089,
            2.639 -14.916 3.128,
            1.270 -15.049 2.402,
            2.215 -14.953 2.942,
            2.550 -14.912 3.147,
            2.606 -14.906 3.174,
            2.134 -14.952 2.948,
            1.270 -15.037 2.479,
            2.579 -14.895 3.223,
            -3.175 -15.240 0.000,
            -0.254 -15.233 -0.448,
            -0.254 -15.236 -0.360,
            -0.254 -15.238 0.225,
            -0.254 -15.228 0.596,
            -0.254 -15.209 0.967,
            0.178 -15.119 1.915,
            3.302 -14.790 3.676,
            1.270 -15.024 2.556,
            -0.068 -15.129 1.832,
            1.270 -14.997 2.711,
            2.064 -14.949 2.966,
            3.302 -14.743 3.861,
            6.223 -14.321 5.212,
            1.270 -14.984 2.782,
            2.002 -14.943 2.993,
            1.270 -14.971 2.852,
            1.944 -14.936 3.029,
            1.270 -14.957 2.922,
            1.901 -14.928 3.067,
            1.867 -14.920 3.108,
            1.835 -14.908 3.163,
            3.302 -14.694 4.044,
            1.808 -14.893 3.234,
            1.794 -14.880 3.292,
            1.270 -14.800 3.635,
            1.785 -14.867 3.353,
            1.778 -14.835 3.490,
            1.778 -14.790 3.675,
            1.270 -14.782 3.709,
            1.270 -14.763 3.782,
            1.778 -14.743 3.860,
            1.270 -14.744 3.856,
            1.778 -14.694 4.044,
            3.302 -14.411 4.959,
            1.954 -14.630 4.270,
            3.302 -14.387 5.026,
            1.778 -14.630 4.270,
            3.302 -14.363 5.094,
            3.302 -14.339 5.161,
            1.954 -14.560 4.501,
            1.954 -14.487 4.730,
            0.983 -14.637 4.244,
            0.895 -14.651 4.197,
            1.061 -14.621 4.300,
            0.800 -14.661 4.162,
            1.129 -14.601 4.368,
            0.703 -14.668 4.138,
            1.187 -14.577 4.447,
            1.778 -14.539 4.569,
            1.233 -14.551 4.531,
            1.954 -14.411 4.959,
            1.265 -14.522 4.622,
            1.284 -14.492 4.716,
            1.778 -14.442 4.866,
            0.186 -14.658 4.170,
            -0.254 -14.744 3.856,
            0.327 -14.668 4.134,
            1.290 -14.461 4.810,
            0.074 -14.644 4.219,
            1.286 -14.435 4.888,
            1.273 -14.408 4.968,
            1.778 -14.339 5.161,
            -0.016 -14.628 4.276,
            1.250 -14.379 5.051,
            -0.086 -14.610 4.337,
            6.223 -13.198 7.620,
            -3.175 -15.008 2.646,
            -0.254 -14.997 2.711,
            -0.254 -14.983 2.786,
            -0.254 -14.969 2.860,
            -0.254 -14.955 2.934,
            -0.254 -14.797 3.647,
            -0.254 -15.143 1.717,
            -0.254 -15.134 1.794,
            -0.254 -15.125 1.871,
            -0.254 -15.115 1.948,
            -0.254 -14.780 3.717,
            -0.254 -14.762 3.786,
            1.215 -14.351 5.128,
            -0.142 -14.590 4.403,
            1.169 -14.325 5.201,
            -0.190 -14.567 4.479,
            1.113 -14.301 5.267,
            1.040 -14.277 5.333,
            1.007 -14.105 5.771,
            0.947 -14.254 5.392,
            0.947 -14.117 5.742,
            1.063 -14.091 5.805,
            0.901 -14.124 5.726,
            0.835 -14.236 5.440,
            0.847 -14.130 5.709,
            0.488 -14.216 5.491,
            0.691 -14.222 5.475,
            1.131 -14.069 5.859,
            1.182 -14.045 5.916,
            1.217 -14.023 5.968,
            1.254 -13.991 6.042,
            1.278 -13.954 6.127,
            1.008 -14.005 6.009,
            0.889 -14.035 5.939,
            0.957 -14.021 5.973,
            1.044 -13.989 6.047,
            0.800 -14.048 5.908,
            1.075 -13.969 6.093,
            0.234 -14.145 5.673,
            0.289 -14.225 5.470,
            0.385 -14.219 5.485,
            0.187 -14.236 5.441,
            1.290 -13.900 6.249,
            1.284 -13.862 6.333,
            0.095 -14.127 5.716,
            0.090 -14.251 5.400,
            0.284 -14.063 5.872,
            1.271 -13.828 6.406,
            -0.009 -14.106 5.768,
            0.003 -14.271 5.349,
            1.245 -13.792 6.484,
            -0.087 -14.083 5.824,
            -0.074 -14.294 5.287,
            0.093 -14.035 5.938,
            0.166 -14.050 5.904,
            0.220 -14.057 5.887,
            1.208 -13.756 6.560,
            0.038 -14.020 5.975,
            -0.146 -14.059 5.883,
            -0.141 -14.321 5.213,
            -0.004 -14.003 6.014,
            1.161 -13.722 6.630,
            -0.043 -13.981 6.065,
            -0.070 -13.958 6.118,
            1.097 -13.946 6.146,
            -0.088 -13.933 6.175,
            1.110 -13.921 6.201,
            0.798 -13.711 6.653,
            0.979 -13.755 6.562,
            0.929 -13.738 6.598,
            0.874 -13.724 6.626,
            -0.098 -13.893 6.264,
            1.114 -13.896 6.259,
            0.702 -13.701 6.675,
            -0.092 -13.863 6.329,
            1.105 -13.852 6.354,
            0.520 -13.693 6.690,
            1.022 -13.775 6.520,
            0.615 -13.695 6.686,
            -0.079 -13.838 6.385,
            1.087 -13.825 6.414,
            -0.051 -13.808 6.450,
            1.057 -13.797 6.472,
            -0.014 -13.781 6.507,
            0.022 -13.762 6.547,
            0.374 -13.697 6.683,
            0.224 -13.711 6.654,
            0.073 -13.743 6.587,
            0.137 -13.726 6.622,
            0.371 -13.517 7.039,
            0.275 -13.610 6.858,
            0.398 -13.600 6.877,
            0.519 -13.597 6.883,
            0.696 -13.603 6.871,
            -3.175 -14.321 5.212,
            -0.195 -14.030 5.950,
            -0.232 -13.999 6.024,
            -0.254 -13.971 6.088,
            -0.266 -13.945 6.147,
            -0.271 -13.926 6.191,
            -0.274 -13.902 6.245,
            -0.261 -13.834 6.394,
            -0.228 -14.542 4.561,
            -0.254 -14.515 4.644,
            -0.269 -14.488 4.727,
            -0.274 -14.461 4.811,
            -0.264 -14.420 4.932,
            -0.237 -14.383 5.037,
            -0.196 -14.351 5.130,
            0.195 -13.517 7.039,
            -0.078 -13.686 6.705,
            -0.007 -13.662 6.754,
            0.069 -13.642 6.794,
            0.155 -13.626 6.826,
            0.371 -13.429 7.206,
            0.834 -13.619 6.840,
            0.195 -13.429 7.206,
            1.270 -13.128 7.740,
            0.945 -13.640 6.797,
            1.034 -13.665 6.746,
            1.105 -13.693 6.690,
            1.270 -13.092 7.801,
            0.371 -13.338 7.372,
            1.270 -13.055 7.863,
            1.270 -13.018 7.924,
            0.371 -13.246 7.537,
            1.106 -12.789 8.288,
            1.046 -12.809 8.257,
            0.987 -12.822 8.237,
            1.153 -12.767 8.323,
            0.931 -12.829 8.226,
            1.191 -12.741 8.361,
            0.875 -12.832 8.222,
            1.219 -12.714 8.403,
            0.812 -12.828 8.227,
            -0.254 -13.128 7.740,
            0.195 -13.338 7.372,
            0.195 -13.246 7.537,
            1.244 -12.676 8.461,
            1.263 -12.624 8.537,
            0.354 -12.842 8.206,
            0.757 -12.820 8.241,
            0.402 -12.826 8.231,
            0.701 -12.805 8.263,
            1.270 -12.553 8.642,
            0.300 -12.854 8.187,
            0.448 -12.805 8.264,
            0.653 -12.786 8.293,
            0.483 -12.782 8.300,
            0.607 -12.760 8.333,
            0.183 -12.863 8.173,
            -0.254 -13.018 7.924,
            0.243 -12.861 8.176,
            0.518 -12.750 8.349,
            0.574 -12.734 8.372,
            0.102 -12.860 8.179,
            0.547 -12.707 8.414,
            0.032 -12.850 8.194,
            1.270 -12.444 8.798,
            6.223 -11.675 9.796,
            -0.030 -12.835 8.217,
            -0.088 -12.815 8.248,
            -0.131 -12.794 8.280,
            1.270 -12.333 8.953,
            -0.165 -12.771 8.316,
            -0.197 -12.740 8.363,
            1.270 -12.220 9.106,
            6.223 -9.796 11.675,
            -3.175 -13.198 7.620,
            -0.224 -12.700 8.424,
            -0.238 -12.667 8.473,
            -0.232 -13.785 6.498,
            -0.247 -12.633 8.525,
            -0.192 -13.747 6.578,
            -0.254 -12.554 8.641,
            -0.141 -13.715 6.645,
            -0.254 -12.444 8.797,
            -0.254 -13.092 7.801,
            -0.254 -13.055 7.863,
            -3.175 -11.675 9.796,
            -0.254 -12.333 8.952,
            -0.254 -12.220 9.106,
            -3.175 -9.796 11.675,
            -3.175 -7.620 13.198,
            6.223 -7.620 13.198,
            6.223 -5.212 14.321,
            -3.175 -5.212 14.321,
            6.223 -2.646 15.008,
            -3.175 -2.646 15.008,
            0.325 -13.949 -6.139,
            0.506 -14.673 4.120,
            0.605 -14.671 4.124,
            0.133 -14.957 2.922,
            0.883 -14.797 3.647,
            2.966 -15.070 2.268,
            3.087 -15.218 0.810,
            2.966 -15.190 -1.239,
            3.068 -14.739 -3.874,
            3.068 -14.968 -2.865,
            0.564 -15.201 -1.096,
            -0.059 -14.614 -4.323,
            1.465 14.819 3.556,
            1.448 14.775 3.735,
            1.462 14.797 3.649,
            1.465 14.845 3.447,
            1.426 14.761 3.792,
            1.465 14.870 3.338,
            1.465 14.894 3.229,
            1.400 14.751 3.831,
            1.357 14.741 3.869,
            1.329 14.737 3.885,
            1.296 14.733 3.898,
            1.262 14.731 3.907,
            0.938 14.814 3.580,
            0.945 14.782 3.707,
            0.964 14.766 3.771,
            0.938 14.841 3.463,
            0.938 14.868 3.346,
            0.982 14.757 3.806,
            0.938 14.894 3.229,
            1.008 14.749 3.839,
            1.035 14.743 3.862,
            1.086 14.735 3.891,
            1.142 14.731 3.907,
            1.202 14.729 3.912,
            2.110 14.830 3.512,
            2.097 14.786 3.693,
            2.106 14.802 3.627,
            2.110 14.852 3.417,
            2.083 14.774 3.739,
            2.110 14.873 3.323,
            2.061 14.765 3.777,
            2.110 14.894 3.229,
            2.021 14.755 3.814,
            1.993 14.751 3.830,
            1.962 14.748 3.842,
            1.928 14.745 3.851,
            1.641 14.824 3.535,
            1.646 14.799 3.640,
            1.652 14.789 3.681,
            1.641 14.848 3.433,
            1.659 14.781 3.713,
            1.641 14.872 3.331,
            1.685 14.767 3.767,
            1.641 14.894 3.229,
            1.711 14.759 3.799,
            1.758 14.750 3.832,
            1.811 14.746 3.850,
            1.872 14.744 3.856,
            1.807 15.073 2.253,
            1.983 15.094 2.106,
            1.903 15.098 2.074,
            1.829 15.103 2.039,
            1.407 15.076 2.228,
            1.407 15.050 2.399,
            1.407 15.101 2.056,
            1.407 15.123 1.884,
            2.110 15.089 2.142,
            2.110 15.230 -0.547,
            2.093 15.238 -0.266,
            2.106 15.237 -0.325,
            2.110 15.235 -0.396,
            2.072 15.238 -0.216,
            2.110 15.224 -0.698,
            2.110 15.216 -0.849,
            2.052 15.239 -0.187,
            2.020 15.239 -0.156,
            1.974 15.239 -0.128,
            1.935 15.240 -0.115,
            1.871 15.240 -0.107,
            1.622 15.229 -0.578,
            1.622 15.234 -0.442,
            1.631 15.237 -0.312,
            1.646 15.238 -0.253,
            1.622 15.223 -0.714,
            1.665 15.239 -0.213,
            1.622 15.216 -0.849,
            1.688 15.239 -0.182,
            1.713 15.239 -0.159,
            1.761 15.239 -0.130,
            1.816 15.240 -0.113,
            2.125 15.091 -2.128,
            2.120 15.115 -1.950,
            2.127 15.108 -2.000,
            2.130 15.101 -2.053,
            2.108 15.080 -2.203,
            2.101 15.123 -1.885,
            2.081 15.070 -2.273,
            2.074 15.130 -1.824,
            2.043 15.060 -2.338,
            2.039 15.137 -1.767,
            1.994 15.050 -2.400,
            1.990 15.144 -1.711,
            1.945 15.043 -2.444,
            1.926 15.150 -1.658,
            1.887 15.037 -2.481,
            1.850 15.154 -1.615,
            1.806 15.031 -2.516,
            1.743 15.158 -1.577,
            1.715 15.027 -2.539,
            1.671 15.160 -1.562,
            1.610 15.025 -2.553,
            1.523 15.161 -1.551,
            1.501 15.024 -2.557,
            1.442 15.161 -1.554,
            1.356 15.026 -2.545,
            1.302 15.158 -1.576,
            1.374 15.160 -1.561,
            1.254 15.030 -2.520,
            1.228 15.156 -1.600,
            1.174 15.036 -2.485,
            1.162 15.152 -1.632,
            1.107 15.043 -2.442,
            1.103 15.148 -1.671,
            1.045 15.052 -2.386,
            1.001 15.136 -1.778,
            1.047 15.143 -1.721,
            0.995 15.062 -2.323,
            0.964 15.128 -1.841,
            0.961 15.071 -2.262,
            0.938 15.120 -1.909,
            0.923 15.091 -2.129,
            0.918 15.101 -2.056,
            0.923 15.110 -1.983,
            0.939 15.080 -2.203,
            1.109 -14.437 4.880,
            1.104 -14.494 4.710,
            1.111 -14.478 4.758,
            1.114 -14.461 4.809,
            1.092 -14.413 4.953,
            1.085 -14.514 4.647,
            1.065 -14.390 5.019,
            1.058 -14.533 4.589,
            1.027 -14.368 5.081,
            1.023 -14.550 4.534,
            0.978 -14.347 5.140,
            0.974 -14.567 4.480,
            0.929 -14.332 5.183,
            0.910 -14.582 4.429,
            0.871 -14.319 5.218,
            0.834 -14.595 4.388,
            0.790 -14.307 5.250,
            0.727 -14.606 4.351,
            0.699 -14.299 5.273,
            0.655 -14.610 4.337,
            0.594 -14.294 5.286,
            0.507 -14.613 4.326,
            0.485 -14.292 5.290,
            0.426 -14.612 4.329,
            0.340 -14.297 5.279,
            0.286 -14.606 4.351,
            0.358 -14.610 4.336,
            0.238 -14.305 5.255,
            0.212 -14.599 4.374,
            0.158 -14.318 5.221,
            0.146 -14.590 4.404,
            0.091 -14.333 5.180,
            0.087 -14.578 4.442,
            0.029 -14.352 5.127,
            -0.015 -14.547 4.545,
            0.031 -14.564 4.490,
            -0.021 -14.373 5.067,
            -0.052 -14.527 4.606,
            -0.055 -14.394 5.008,
            -0.078 -14.507 4.671,
            -0.093 -14.437 4.882,
            -0.098 -14.461 4.812,
            -0.093 -14.484 4.741,
            -0.077 -14.413 4.952,
            0.449 -12.541 8.658,
            0.432 -12.646 8.506,
            0.446 -12.596 8.579,
            0.449 -12.478 8.750,
            0.410 -12.678 8.457,
            0.449 -12.413 8.842,
            0.449 -12.348 8.933,
            0.384 -12.700 8.424,
            0.341 -12.722 8.391,
            0.313 -12.731 8.377,
            0.280 -12.739 8.366,
            0.246 -12.744 8.358,
            -0.078 -12.555 8.638,
            -0.071 -12.629 8.530,
            -0.052 -12.666 8.475,
            -0.078 -12.487 8.737,
            -0.078 -12.418 8.835,
            -0.034 -12.686 8.445,
            -0.078 -12.348 8.933,
            -0.008 -12.705 8.417,
            0.019 -12.718 8.397,
            0.070 -12.734 8.372,
            0.126 -12.744 8.358,
            0.186 -12.747 8.354,
            1.094 -12.516 8.696,
            1.081 -12.621 8.542,
            1.090 -12.583 8.598,
            1.094 -12.460 8.775,
            1.067 -12.648 8.503,
            1.094 -12.404 8.854,
            1.045 -12.669 8.470,
            1.094 -12.348 8.933,
            1.005 -12.691 8.438,
            0.977 -12.700 8.425,
            0.946 -12.707 8.414,
            0.912 -12.712 8.407,
            0.625 -12.529 8.676,
            0.630 -12.591 8.587,
            0.636 -12.614 8.553,
            0.625 -12.469 8.762,
            0.643 -12.633 8.525,
            0.625 -12.409 8.848,
            0.669 -12.664 8.478,
            0.625 -12.348 8.933,
            0.695 -12.682 8.451,
            0.742 -12.701 8.423,
            0.795 -12.711 8.407,
            0.856 -12.714 8.402,
            2.592 -15.240 0.015,
            2.586 -15.239 -0.153,
            2.593 -15.240 -0.120,
            2.599 -15.240 -0.053,
            2.576 -15.240 0.073,
            2.549 -15.238 -0.234,
            2.576 -15.239 -0.183,
            2.547 -15.239 0.127,
            2.514 -15.237 -0.276,
            2.512 -15.239 0.171,
            2.477 -15.237 -0.307,
            2.468 -15.239 0.210,
            2.425 -15.236 -0.334,
            2.417 -15.238 0.238,
            2.393 -15.236 -0.346,
            2.360 -15.238 0.256,
            2.362 -15.236 -0.353,
            2.325 -15.238 0.261,
            2.274 -15.236 -0.361,
            2.284 -15.238 0.264,
            2.221 -15.236 -0.359,
            2.204 -15.238 0.256,
            2.173 -15.236 -0.351,
            2.143 -15.238 0.237,
            2.118 -15.236 -0.334,
            2.087 -15.239 0.210,
            2.065 -15.237 -0.308,
            2.041 -15.239 0.178,
            2.022 -15.238 -0.274,
            1.998 -15.239 0.134,
            1.986 -15.238 -0.232,
            1.968 -15.240 0.087,
            1.958 -15.239 -0.182,
            1.953 -15.240 0.052,
            1.941 -15.239 -0.129,
            1.942 -15.240 0.015,
            1.937 -15.240 -0.016,
            1.934 -15.240 -0.060,
            2.481 -14.830 3.511,
            2.464 -14.872 3.331,
            2.478 -14.852 3.417,
            2.481 -14.804 3.620,
            2.442 -14.884 3.273,
            2.481 -14.777 3.728,
            2.481 -14.749 3.837,
            2.416 -14.893 3.235,
            2.373 -14.901 3.196,
            2.345 -14.905 3.180,
            2.312 -14.907 3.166,
            2.278 -14.909 3.157,
            1.954 -14.836 3.487,
            1.961 -14.865 3.360,
            1.980 -14.880 3.295,
            1.954 -14.808 3.604,
            1.954 -14.779 3.720,
            1.998 -14.887 3.259,
            1.954 -14.749 3.837,
            2.024 -14.895 3.226,
            2.051 -14.900 3.203,
            2.102 -14.906 3.174,
            2.158 -14.909 3.157,
            2.218 -14.910 3.152,
            3.126 -14.820 3.555,
            3.113 -14.862 3.373,
            3.122 -14.847 3.439,
            3.126 -14.797 3.649,
            3.099 -14.872 3.327,
            3.126 -14.773 3.743,
            3.077 -14.881 3.289,
            3.126 -14.749 3.837,
            3.037 -14.889 3.251,
            3.009 -14.893 3.236,
            2.978 -14.895 3.223,
            2.944 -14.897 3.214,
            2.657 -14.825 3.532,
            2.662 -14.850 3.426,
            2.668 -14.859 3.386,
            2.657 -14.800 3.634,
            2.675 -14.866 3.353,
            2.657 -14.775 3.735,
            2.701 -14.879 3.298,
            2.657 -14.749 3.837,
            2.727 -14.886 3.266,
            2.774 -14.893 3.233,
            2.827 -14.897 3.215,
            2.888 -14.898 3.209,
            6.477 -9.633 -11.480,
            6.477 -11.480 -9.633,
            6.477 -7.493 -12.978,
            6.477 -12.978 -7.493,
            6.477 -5.126 -14.082,
            6.477 -14.082 -5.126,
            6.477 -2.602 -14.758,
            6.477 -14.758 -2.602,
            6.477 -14.986 0.000,
            6.477 -14.758 2.602,
            6.477 2.327 -13.195,
            6.477 -14.082 5.126,
            6.477 4.583 -12.590,
            6.477 -12.978 7.493,
            6.477 6.699 -11.603,
            6.477 -11.480 9.633,
            6.477 8.612 -10.264,
            6.477 10.264 -8.612,
            6.477 -9.633 11.480,
            6.477 11.603 -6.699,
            6.477 -7.493 12.978,
            6.477 12.590 -4.583,
            6.477 -5.126 14.082,
            6.477 13.195 -2.327,
            6.477 -2.602 14.758,
            6.477 13.399 0.000,
            6.477 2.327 13.195,
            6.477 13.195 2.327,
            6.477 12.590 4.583,
            6.477 4.583 12.590,
            6.477 6.699 11.603,
            6.477 11.603 6.699,
            6.477 10.264 8.612,
            6.477 8.612 10.264,
            -3.429 -9.633 11.480,
            -3.429 -8.155 9.719,
            -3.429 -11.480 9.633,
            -3.429 -9.719 8.155,
            -3.429 -12.978 7.493,
            -3.429 -7.493 12.978,
            -3.429 -6.344 10.988,
            -3.429 -10.988 6.344,
            -3.429 -14.082 5.126,
            -3.429 -5.126 14.082,
            -3.429 -4.339 11.922,
            -3.429 -11.922 4.339,
            -3.429 -14.758 2.602,
            -3.429 -2.602 14.758,
            -3.429 -2.203 12.495,
            -3.429 -12.495 2.203,
            -3.429 -14.986 -0.000,
            -3.429 -12.687 -0.000,
            -3.429 -14.758 -2.602,
            -3.429 -12.495 -2.203,
            -3.429 -14.082 -5.126,
            -3.429 -11.922 -4.339,
            -3.429 -10.988 -6.344,
            -3.429 -12.978 -7.493,
            -3.429 -11.480 -9.633,
            -3.429 -9.719 -8.155,
            -3.429 -8.155 -9.719,
            -3.429 -9.633 -11.480,
            -3.429 -6.344 -10.988,
            -3.429 -7.493 -12.978,
            -3.429 -4.339 -11.922,
            -3.429 -5.126 -14.082,
            -3.429 -2.203 -12.495,
            -3.429 -2.602 -14.758,
            -4.191 -2.203 -12.495,
            -4.191 -4.339 -11.922,
            -4.191 -6.344 -10.988,
            -4.191 -8.155 -9.719,
            -4.191 -9.719 -8.155,
            -4.191 -10.988 -6.344,
            -4.191 -11.922 -4.339,
            -4.191 -12.495 -2.203,
            -4.191 -12.687 -0.000,
            -4.191 -12.495 2.203,
            -4.191 -11.922 4.339,
            -4.191 -10.988 6.344,
            -4.191 -9.719 8.155,
            -4.191 -8.155 9.719,
            -4.191 -6.344 10.988,
            -4.191 -4.339 11.922,
            -4.191 -2.203 12.495,
            -4.191 -8.449 -10.069,
            -4.191 -10.069 -8.449,
            -4.191 -6.572 -11.383,
            -4.191 -11.383 -6.572,
            -4.191 -12.352 -4.496,
            -4.191 -4.496 -12.352,
            -4.191 -12.945 -2.283,
            -4.191 -2.283 -12.945,
            -4.191 -13.144 -0.000,
            -4.191 -12.945 2.283,
            -4.191 -12.352 4.496,
            -4.191 -11.383 6.572,
            -4.191 -10.069 8.449,
            -4.191 -8.449 10.069,
            -4.191 -6.572 11.383,
            -4.191 -4.496 12.352,
            -4.191 -2.283 12.945,
            -6.037 -2.283 -12.945,
            -6.037 -4.496 -12.352,
            -6.037 -6.572 -11.383,
            -6.037 -8.449 -10.069,
            -6.037 -10.069 -8.449,
            -6.037 -11.383 -6.572,
            -6.037 -12.352 -4.496,
            -6.037 -12.945 -2.283,
            -6.037 -13.144 0.000,
            -6.037 -12.945 2.283,
            -6.037 -12.352 4.496,
            -6.037 -11.383 6.572,
            -6.037 -10.069 8.449,
            -6.037 -8.449 10.069,
            -6.037 -6.572 11.383,
            -6.037 -4.496 12.352,
            -6.037 -2.283 12.945,
            -6.477 -8.286 9.875,
            -6.477 -9.875 8.286,
            -6.477 -6.445 11.164,
            -6.477 -11.164 6.445,
            -6.477 -4.409 12.113,
            -6.477 -12.113 4.409,
            -6.477 -2.238 12.695,
            -6.477 -12.695 2.238,
            -6.477 -12.891 -0.000,
            -6.477 -12.695 -2.238,
            -6.477 2.128 12.069,
            -6.477 -12.113 -4.409,
            -6.477 4.192 11.516,
            -6.477 -11.164 -6.445,
            -6.477 6.128 10.614,
            -6.477 -9.875 -8.286,
            -6.477 7.878 9.388,
            -6.477 9.388 7.878,
            -6.477 -8.286 -9.875,
            -6.477 10.614 6.128,
            -6.477 -6.445 -11.164,
            -6.477 11.516 4.192,
            -6.477 -4.409 -12.113,
            -6.477 12.069 2.128,
            -6.477 -2.238 -12.695,
            -6.477 12.255 -0.000,
            -6.477 2.128 -12.069,
            -6.477 12.069 -2.128,
            -6.477 4.192 -11.516,
            -6.477 11.516 -4.192,
            -6.477 6.128 -10.614,
            -6.477 10.614 -6.128,
            -6.477 9.388 -7.878,
            -6.477 7.878 -9.388,
            -6.223 2.084 11.819,
            -2.667 2.084 11.819,
            -6.223 4.105 11.278,
            -2.667 4.105 11.278,
            -6.223 6.001 10.394,
            -2.667 6.001 10.394,
            -6.223 7.714 9.194,
            -2.667 7.714 9.194,
            -6.223 9.194 7.714,
            -2.667 9.194 7.714,
            -6.223 10.394 6.001,
            -2.667 10.394 6.001,
            -6.223 11.278 4.105,
            -2.667 11.278 4.105,
            -6.223 11.819 2.084,
            -2.667 11.819 2.084,
            -6.223 12.002 0.000,
            -2.667 12.002 0.000,
            -6.223 11.819 -2.084,
            -2.667 11.819 -2.084,
            -6.223 11.278 -4.105,
            -2.667 11.278 -4.105,
            -6.223 10.394 -6.001,
            -2.667 10.394 -6.001,
            -6.223 9.194 -7.714,
            -2.667 9.194 -7.714,
            -6.223 7.714 -9.194,
            -2.667 7.714 -9.194,
            -6.223 6.001 -10.394,
            -2.667 6.001 -10.394,
            -6.223 4.105 -11.278,
            -2.667 4.105 -11.278,
            -6.223 2.084 -11.819,
            -2.667 2.084 -11.819,
            -2.667 2.371 -13.445,
            -2.667 4.669 -12.829,
            -2.667 6.826 -11.823,
            -2.667 8.776 -10.458,
            -2.667 10.458 -8.776,
            -2.667 11.823 -6.826,
            -2.667 12.829 -4.669,
            -2.667 13.445 -2.371,
            -2.667 13.653 0.000,
            -2.667 2.371 13.445,
            -2.667 13.445 2.371,
            -2.667 12.829 4.669,
            -2.667 4.669 12.829,
            -2.667 6.826 11.823,
            -2.667 11.823 6.826,
            -2.667 8.776 10.458,
            -2.667 10.458 8.776,
            -1.905 2.371 13.445,
            -1.905 4.669 12.829,
            -1.905 6.826 11.823,
            -1.905 8.776 10.458,
            -1.905 10.458 8.776,
            -1.905 11.823 6.826,
            -1.905 12.829 4.669,
            -1.905 13.445 2.371,
            -1.905 13.653 0.000,
            -1.905 13.445 -2.371,
            -1.905 12.829 -4.669,
            -1.905 11.823 -6.826,
            -1.905 10.458 -8.776,
            -1.905 8.776 -10.458,
            -1.905 6.826 -11.823,
            -1.905 4.669 -12.829,
            -1.905 2.371 -13.445,
            -1.905 2.283 12.945,
            -1.905 4.496 12.352,
            -1.905 6.572 11.383,
            -1.905 8.449 10.069,
            -1.905 10.069 8.449,
            -1.905 11.383 6.572,
            -1.905 12.352 4.496,
            -1.905 12.945 2.283,
            -1.905 13.144 0.000,
            -1.905 12.945 -2.283,
            -1.905 2.283 -12.945,
            -1.905 12.352 -4.496,
            -1.905 4.496 -12.352,
            -1.905 11.383 -6.572,
            -1.905 6.572 -11.383,
            -1.905 10.069 -8.449,
            -1.905 8.449 -10.069,
            6.037 2.283 12.945,
            6.037 4.496 12.352,
            6.037 6.572 11.383,
            6.037 8.449 10.069,
            6.037 10.069 8.449,
            6.037 11.383 6.572,
            6.037 12.352 4.496,
            6.037 12.945 2.283,
            6.037 13.144 -0.000,
            6.037 12.945 -2.283,
            6.037 12.352 -4.496,
            6.037 11.383 -6.572,
            6.037 10.069 -8.449,
            6.037 8.449 -10.069,
            6.037 6.572 -11.383,
            6.037 4.496 -12.352,
            6.037 2.283 -12.945
          ]
        }
        coordIndex [
          0, 1, 2, -1,
          3, 4, 5, -1,
          6, 7, 8, -1,
          6, 8, 9, -1,
          6, 9, 1, -1,
          6, 0, 10, -1,
          6, 1, 0, -1,
          11, 10, 12, -1,
          11, 6, 10, -1,
          13, 14, 15, -1,
          13, 15, 7, -1,
          13, 7, 6, -1,
          13, 6, 11, -1,
          16, 12, 17, -1,
          16, 17, 18, -1,
          16, 11, 12, -1,
          19, 20, 21, -1,
          19, 21, 22, -1,
          19, 22, 14, -1,
          19, 13, 11, -1,
          19, 11, 16, -1,
          19, 14, 13, -1,
          23, 18, 24, -1,
          23, 16, 18, -1,
          25, 26, 27, -1,
          25, 27, 28, -1,
          25, 28, 20, -1,
          25, 20, 19, -1,
          25, 19, 16, -1,
          25, 16, 23, -1,
          29, 24, 4, -1,
          29, 3, 30, -1,
          29, 30, 31, -1,
          29, 31, 32, -1,
          29, 23, 24, -1,
          29, 4, 3, -1,
          33, 32, 34, -1,
          33, 34, 26, -1,
          33, 23, 29, -1,
          33, 25, 23, -1,
          33, 29, 32, -1,
          33, 26, 25, -1,
          35, 36, 37, -1,
          35, 37, 38, -1,
          39, 38, 40, -1,
          39, 35, 38, -1,
          41, 40, 42, -1,
          41, 39, 40, -1,
          43, 42, 44, -1,
          43, 41, 42, -1,
          45, 44, 46, -1,
          45, 43, 44, -1,
          47, 46, 48, -1,
          47, 45, 46, -1,
          49, 48, 50, -1,
          49, 47, 48, -1,
          51, 50, 52, -1,
          51, 49, 50, -1,
          5, 52, 53, -1,
          5, 51, 52, -1,
          3, 53, 54, -1,
          3, 5, 53, -1,
          30, 54, 55, -1,
          30, 3, 54, -1,
          31, 55, 56, -1,
          31, 56, 57, -1,
          31, 30, 55, -1,
          32, 31, 57, -1,
          34, 57, 58, -1,
          34, 58, 59, -1,
          34, 32, 57, -1,
          26, 34, 59, -1,
          27, 59, 60, -1,
          27, 26, 59, -1,
          27, 60, 61, -1,
          28, 27, 61, -1,
          20, 61, 62, -1,
          20, 28, 61, -1,
          63, 54, 53, -1,
          64, 65, 66, -1,
          67, 63, 68, -1,
          67, 55, 54, -1,
          67, 56, 55, -1,
          67, 57, 56, -1,
          67, 54, 63, -1,
          69, 68, 70, -1,
          69, 67, 68, -1,
          71, 58, 57, -1,
          71, 59, 58, -1,
          71, 67, 69, -1,
          71, 57, 67, -1,
          72, 70, 73, -1,
          72, 73, 74, -1,
          72, 69, 70, -1,
          75, 60, 59, -1,
          75, 61, 60, -1,
          75, 62, 61, -1,
          75, 71, 69, -1,
          75, 69, 72, -1,
          75, 59, 71, -1,
          76, 74, 77, -1,
          76, 72, 74, -1,
          78, 79, 62, -1,
          78, 80, 79, -1,
          78, 81, 80, -1,
          78, 75, 72, -1,
          78, 62, 75, -1,
          78, 72, 76, -1,
          82, 77, 65, -1,
          82, 83, 84, -1,
          82, 85, 83, -1,
          82, 64, 85, -1,
          82, 76, 77, -1,
          82, 65, 64, -1,
          86, 87, 81, -1,
          86, 84, 87, -1,
          86, 81, 78, -1,
          86, 78, 76, -1,
          86, 82, 84, -1,
          86, 76, 82, -1,
          63, 53, 52, -1,
          66, 65, 88, -1,
          89, 40, 38, -1,
          89, 42, 40, -1,
          89, 44, 42, -1,
          89, 46, 44, -1,
          90, 68, 63, -1,
          90, 48, 46, -1,
          90, 50, 48, -1,
          90, 52, 50, -1,
          90, 63, 52, -1,
          90, 46, 89, -1,
          91, 38, 37, -1,
          91, 37, 92, -1,
          91, 89, 38, -1,
          93, 73, 70, -1,
          93, 70, 68, -1,
          93, 68, 90, -1,
          93, 89, 91, -1,
          93, 90, 89, -1,
          94, 95, 96, -1,
          94, 97, 95, -1,
          94, 98, 97, -1,
          94, 92, 98, -1,
          94, 91, 92, -1,
          99, 74, 73, -1,
          99, 77, 74, -1,
          99, 91, 94, -1,
          99, 93, 91, -1,
          99, 73, 93, -1,
          100, 65, 77, -1,
          100, 101, 88, -1,
          100, 102, 101, -1,
          100, 96, 102, -1,
          100, 94, 96, -1,
          100, 99, 94, -1,
          100, 77, 99, -1,
          100, 88, 65, -1,
          21, 20, 62, -1,
          21, 62, 79, -1,
          22, 79, 80, -1,
          22, 21, 79, -1,
          14, 80, 81, -1,
          14, 22, 80, -1,
          15, 81, 87, -1,
          15, 14, 81, -1,
          7, 87, 84, -1,
          7, 15, 87, -1,
          8, 84, 83, -1,
          8, 7, 84, -1,
          9, 83, 85, -1,
          9, 8, 83, -1,
          1, 85, 64, -1,
          1, 9, 85, -1,
          2, 64, 66, -1,
          2, 1, 64, -1,
          103, 66, 88, -1,
          103, 2, 66, -1,
          104, 88, 101, -1,
          104, 103, 88, -1,
          105, 101, 102, -1,
          105, 102, 96, -1,
          105, 104, 101, -1,
          106, 105, 96, -1,
          107, 96, 95, -1,
          107, 95, 97, -1,
          107, 106, 96, -1,
          108, 107, 97, -1,
          109, 108, 97, -1,
          109, 97, 98, -1,
          109, 98, 92, -1,
          110, 109, 92, -1,
          36, 110, 92, -1,
          36, 92, 37, -1,
          0, 2, 103, -1,
          5, 4, 51, -1,
          111, 106, 107, -1,
          111, 107, 108, -1,
          111, 108, 109, -1,
          111, 109, 110, -1,
          112, 10, 0, -1,
          112, 103, 104, -1,
          112, 104, 105, -1,
          112, 105, 106, -1,
          112, 106, 111, -1,
          112, 0, 103, -1,
          113, 110, 36, -1,
          113, 36, 35, -1,
          113, 111, 110, -1,
          114, 12, 10, -1,
          114, 17, 12, -1,
          114, 111, 113, -1,
          114, 10, 112, -1,
          114, 112, 111, -1,
          115, 35, 39, -1,
          115, 39, 41, -1,
          115, 41, 43, -1,
          115, 43, 45, -1,
          115, 113, 35, -1,
          116, 24, 18, -1,
          116, 18, 17, -1,
          116, 113, 115, -1,
          116, 17, 114, -1,
          116, 114, 113, -1,
          117, 45, 47, -1,
          117, 47, 49, -1,
          117, 49, 51, -1,
          117, 4, 24, -1,
          117, 24, 116, -1,
          117, 115, 45, -1,
          117, 116, 115, -1,
          117, 51, 4, -1,
          118, 119, 120, -1,
          118, 121, 119, -1,
          121, 122, 119, -1,
          121, 123, 122, -1,
          123, 124, 122, -1,
          123, 125, 124, -1,
          125, 126, 124, -1,
          125, 127, 126, -1,
          127, 128, 126, -1,
          127, 129, 128, -1,
          129, 130, 128, -1,
          129, 131, 130, -1,
          131, 132, 130, -1,
          131, 133, 132, -1,
          133, 134, 132, -1,
          133, 135, 134, -1,
          135, 136, 134, -1,
          135, 137, 136, -1,
          137, 138, 136, -1,
          137, 139, 138, -1,
          139, 140, 138, -1,
          139, 141, 140, -1,
          141, 142, 140, -1,
          141, 143, 142, -1,
          142, 144, 145, -1,
          143, 144, 142, -1,
          144, 146, 145, -1,
          144, 147, 146, -1,
          147, 148, 146, -1,
          147, 149, 148, -1,
          149, 150, 148, -1,
          149, 151, 150, -1,
          151, 152, 150, -1,
          150, 152, 153, -1,
          152, 154, 153, -1,
          152, 155, 154, -1,
          156, 157, 158, -1,
          156, 159, 157, -1,
          159, 160, 157, -1,
          159, 161, 160, -1,
          161, 162, 160, -1,
          161, 163, 162, -1,
          163, 164, 162, -1,
          163, 165, 164, -1,
          165, 166, 164, -1,
          165, 167, 166, -1,
          167, 168, 166, -1,
          167, 169, 168, -1,
          169, 170, 168, -1,
          169, 171, 170, -1,
          171, 172, 170, -1,
          171, 173, 172, -1,
          173, 174, 172, -1,
          174, 175, 176, -1,
          173, 175, 174, -1,
          177, 178, 179, -1,
          177, 180, 178, -1,
          181, 179, 182, -1,
          181, 177, 179, -1,
          183, 182, 184, -1,
          183, 181, 182, -1,
          185, 184, 186, -1,
          185, 183, 184, -1,
          187, 186, 188, -1,
          187, 185, 186, -1,
          189, 188, 190, -1,
          189, 187, 188, -1,
          191, 190, 192, -1,
          191, 189, 190, -1,
          193, 192, 194, -1,
          193, 191, 192, -1,
          195, 194, 196, -1,
          195, 193, 194, -1,
          197, 198, 199, -1,
          197, 200, 198, -1,
          201, 199, 202, -1,
          201, 197, 199, -1,
          203, 202, 204, -1,
          203, 201, 202, -1,
          205, 204, 206, -1,
          205, 203, 204, -1,
          207, 206, 208, -1,
          207, 205, 206, -1,
          209, 208, 210, -1,
          209, 207, 208, -1,
          211, 210, 212, -1,
          211, 209, 210, -1,
          213, 212, 214, -1,
          213, 211, 212, -1,
          215, 214, 216, -1,
          215, 213, 214, -1,
          217, 216, 218, -1,
          217, 215, 216, -1,
          219, 218, 220, -1,
          219, 217, 218, -1,
          221, 220, 222, -1,
          221, 219, 220, -1,
          223, 222, 224, -1,
          223, 221, 222, -1,
          225, 224, 226, -1,
          225, 223, 224, -1,
          227, 226, 228, -1,
          227, 225, 226, -1,
          229, 227, 228, -1,
          229, 228, 230, -1,
          231, 230, 232, -1,
          231, 229, 230, -1,
          233, 232, 234, -1,
          233, 231, 232, -1,
          235, 236, 154, -1,
          154, 236, 153, -1,
          153, 237, 150, -1,
          236, 237, 153, -1,
          150, 238, 148, -1,
          237, 238, 150, -1,
          148, 239, 146, -1,
          238, 239, 148, -1,
          146, 240, 145, -1,
          239, 240, 146, -1,
          145, 241, 142, -1,
          240, 241, 145, -1,
          142, 242, 140, -1,
          241, 242, 142, -1,
          140, 243, 138, -1,
          242, 243, 140, -1,
          138, 244, 136, -1,
          243, 244, 138, -1,
          244, 245, 136, -1,
          245, 246, 136, -1,
          136, 247, 134, -1,
          246, 247, 136, -1,
          243, 248, 244, -1,
          249, 250, 247, -1,
          134, 250, 132, -1,
          247, 250, 134, -1,
          250, 251, 132, -1,
          132, 251, 130, -1,
          251, 252, 130, -1,
          130, 252, 128, -1,
          252, 253, 128, -1,
          128, 253, 126, -1,
          253, 254, 126, -1,
          126, 254, 124, -1,
          254, 255, 124, -1,
          124, 255, 122, -1,
          255, 256, 122, -1,
          122, 256, 119, -1,
          119, 257, 120, -1,
          256, 257, 119, -1,
          257, 158, 120, -1,
          258, 200, 197, -1,
          258, 259, 200, -1,
          260, 197, 201, -1,
          260, 258, 197, -1,
          261, 201, 203, -1,
          261, 260, 201, -1,
          262, 203, 205, -1,
          262, 261, 203, -1,
          263, 205, 207, -1,
          263, 262, 205, -1,
          264, 207, 209, -1,
          264, 263, 207, -1,
          265, 209, 211, -1,
          265, 264, 209, -1,
          266, 211, 213, -1,
          266, 265, 211, -1,
          267, 213, 215, -1,
          267, 266, 213, -1,
          268, 267, 215, -1,
          269, 268, 215, -1,
          270, 266, 267, -1,
          271, 215, 217, -1,
          271, 269, 215, -1,
          272, 217, 219, -1,
          272, 273, 271, -1,
          272, 271, 217, -1,
          274, 272, 219, -1,
          274, 219, 221, -1,
          275, 274, 221, -1,
          275, 221, 223, -1,
          276, 275, 223, -1,
          276, 223, 225, -1,
          277, 225, 227, -1,
          277, 276, 225, -1,
          278, 277, 227, -1,
          278, 227, 229, -1,
          279, 229, 231, -1,
          279, 278, 229, -1,
          280, 231, 233, -1,
          280, 279, 231, -1,
          195, 280, 233, -1,
          193, 195, 233, -1,
          193, 233, 281, -1,
          191, 281, 282, -1,
          191, 193, 281, -1,
          189, 282, 283, -1,
          189, 191, 282, -1,
          187, 283, 284, -1,
          187, 189, 283, -1,
          185, 284, 285, -1,
          185, 187, 284, -1,
          183, 285, 286, -1,
          183, 185, 285, -1,
          181, 286, 287, -1,
          181, 183, 286, -1,
          177, 287, 288, -1,
          177, 181, 287, -1,
          289, 288, 290, -1,
          289, 177, 288, -1,
          291, 289, 290, -1,
          292, 291, 290, -1,
          180, 177, 289, -1,
          293, 290, 294, -1,
          293, 292, 290, -1,
          295, 294, 296, -1,
          295, 297, 293, -1,
          295, 293, 294, -1,
          298, 295, 296, -1,
          298, 296, 299, -1,
          300, 298, 299, -1,
          300, 299, 301, -1,
          302, 300, 301, -1,
          302, 301, 303, -1,
          304, 302, 303, -1,
          304, 303, 305, -1,
          306, 304, 305, -1,
          306, 305, 307, -1,
          308, 307, 309, -1,
          308, 306, 307, -1,
          310, 309, 200, -1,
          310, 308, 309, -1,
          259, 310, 200, -1,
          158, 157, 120, -1,
          120, 157, 311, -1,
          311, 160, 312, -1,
          157, 160, 311, -1,
          312, 162, 313, -1,
          160, 162, 312, -1,
          313, 164, 314, -1,
          162, 164, 313, -1,
          314, 166, 315, -1,
          164, 166, 314, -1,
          315, 168, 316, -1,
          166, 168, 315, -1,
          316, 170, 317, -1,
          168, 170, 316, -1,
          317, 172, 318, -1,
          170, 172, 317, -1,
          318, 319, 320, -1,
          172, 319, 318, -1,
          319, 321, 320, -1,
          321, 322, 320, -1,
          320, 323, 324, -1,
          322, 323, 320, -1,
          172, 174, 319, -1,
          325, 326, 323, -1,
          324, 326, 327, -1,
          323, 326, 324, -1,
          326, 328, 327, -1,
          327, 328, 329, -1,
          328, 330, 329, -1,
          329, 330, 331, -1,
          330, 332, 331, -1,
          331, 332, 333, -1,
          332, 334, 333, -1,
          333, 334, 335, -1,
          334, 336, 335, -1,
          335, 336, 337, -1,
          336, 338, 337, -1,
          337, 338, 339, -1,
          338, 340, 339, -1,
          339, 340, 154, -1,
          340, 235, 154, -1,
          341, 179, 178, -1,
          341, 342, 179, -1,
          342, 182, 179, -1,
          342, 343, 182, -1,
          343, 184, 182, -1,
          343, 344, 184, -1,
          344, 186, 184, -1,
          344, 345, 186, -1,
          346, 188, 345, -1,
          345, 188, 186, -1,
          347, 190, 346, -1,
          346, 190, 188, -1,
          348, 192, 347, -1,
          347, 192, 190, -1,
          349, 194, 348, -1,
          348, 194, 192, -1,
          350, 196, 349, -1,
          349, 196, 194, -1,
          350, 351, 196, -1,
          351, 352, 196, -1,
          351, 353, 352, -1,
          354, 355, 356, -1,
          356, 355, 357, -1,
          358, 359, 353, -1,
          353, 359, 352, -1,
          357, 360, 361, -1,
          355, 360, 357, -1,
          362, 363, 358, -1,
          358, 363, 359, -1,
          360, 364, 361, -1,
          361, 364, 365, -1,
          362, 366, 363, -1,
          367, 366, 362, -1,
          367, 368, 366, -1,
          365, 368, 367, -1,
          364, 368, 365, -1,
          369, 370, 371, -1,
          372, 373, 369, -1,
          369, 373, 370, -1,
          371, 374, 375, -1,
          370, 374, 371, -1,
          376, 377, 372, -1,
          372, 377, 373, -1,
          375, 378, 379, -1,
          374, 378, 375, -1,
          376, 380, 377, -1,
          376, 381, 380, -1,
          379, 382, 383, -1,
          378, 382, 379, -1,
          381, 384, 380, -1,
          381, 385, 384, -1,
          383, 386, 387, -1,
          382, 386, 383, -1,
          385, 156, 384, -1,
          388, 159, 385, -1,
          385, 159, 156, -1,
          389, 161, 388, -1,
          388, 161, 159, -1,
          390, 163, 389, -1,
          389, 163, 161, -1,
          391, 165, 390, -1,
          390, 165, 163, -1,
          391, 167, 165, -1,
          391, 392, 167, -1,
          392, 169, 167, -1,
          392, 393, 169, -1,
          393, 171, 169, -1,
          393, 394, 171, -1,
          394, 173, 171, -1,
          394, 395, 173, -1,
          395, 175, 173, -1,
          395, 396, 175, -1,
          127, 397, 398, -1,
          129, 398, 399, -1,
          129, 127, 398, -1,
          125, 400, 397, -1,
          125, 397, 127, -1,
          131, 399, 401, -1,
          131, 129, 399, -1,
          123, 402, 400, -1,
          123, 400, 125, -1,
          133, 131, 401, -1,
          403, 133, 401, -1,
          121, 404, 402, -1,
          121, 402, 123, -1,
          135, 133, 403, -1,
          405, 135, 403, -1,
          118, 198, 404, -1,
          118, 404, 121, -1,
          137, 135, 405, -1,
          406, 137, 405, -1,
          407, 198, 118, -1,
          407, 199, 198, -1,
          139, 137, 406, -1,
          408, 199, 407, -1,
          408, 202, 199, -1,
          141, 406, 409, -1,
          141, 139, 406, -1,
          410, 141, 409, -1,
          411, 202, 408, -1,
          411, 204, 202, -1,
          143, 141, 410, -1,
          412, 143, 410, -1,
          413, 206, 204, -1,
          413, 204, 411, -1,
          144, 143, 412, -1,
          414, 206, 413, -1,
          415, 144, 412, -1,
          415, 147, 144, -1,
          208, 206, 414, -1,
          416, 208, 414, -1,
          417, 149, 147, -1,
          417, 147, 415, -1,
          210, 208, 416, -1,
          418, 210, 416, -1,
          419, 151, 149, -1,
          419, 149, 417, -1,
          212, 210, 418, -1,
          420, 152, 151, -1,
          420, 151, 419, -1,
          214, 418, 421, -1,
          214, 212, 418, -1,
          422, 214, 421, -1,
          234, 155, 152, -1,
          234, 152, 420, -1,
          216, 214, 422, -1,
          232, 423, 155, -1,
          232, 155, 234, -1,
          218, 422, 424, -1,
          218, 216, 422, -1,
          425, 218, 424, -1,
          230, 423, 232, -1,
          230, 426, 423, -1,
          220, 425, 427, -1,
          220, 218, 425, -1,
          228, 426, 230, -1,
          228, 428, 426, -1,
          222, 220, 427, -1,
          222, 427, 429, -1,
          226, 428, 228, -1,
          226, 430, 428, -1,
          224, 222, 429, -1,
          224, 430, 226, -1,
          224, 429, 430, -1,
          293, 297, 387, -1,
          431, 387, 386, -1,
          431, 386, 432, -1,
          431, 293, 387, -1,
          433, 431, 432, -1,
          180, 289, 178, -1,
          178, 434, 341, -1,
          341, 434, 435, -1,
          289, 434, 178, -1,
          434, 436, 435, -1,
          293, 437, 292, -1,
          431, 437, 293, -1,
          292, 438, 291, -1,
          291, 438, 289, -1,
          437, 438, 292, -1,
          438, 434, 289, -1,
          271, 273, 354, -1,
          439, 354, 356, -1,
          439, 356, 440, -1,
          439, 271, 354, -1,
          441, 439, 440, -1,
          442, 443, 176, -1,
          442, 176, 175, -1,
          396, 442, 175, -1,
          267, 396, 270, -1,
          267, 442, 396, -1,
          442, 267, 444, -1,
          267, 268, 444, -1,
          444, 269, 445, -1,
          268, 269, 444, -1,
          445, 271, 439, -1,
          269, 271, 445, -1,
          281, 233, 234, -1,
          281, 234, 420, -1,
          282, 420, 419, -1,
          282, 281, 420, -1,
          283, 419, 417, -1,
          283, 282, 419, -1,
          284, 417, 415, -1,
          284, 283, 417, -1,
          285, 415, 412, -1,
          285, 284, 415, -1,
          286, 412, 410, -1,
          286, 285, 412, -1,
          287, 410, 409, -1,
          287, 286, 410, -1,
          288, 409, 406, -1,
          288, 287, 409, -1,
          290, 406, 405, -1,
          290, 288, 406, -1,
          294, 405, 403, -1,
          294, 290, 405, -1,
          296, 403, 401, -1,
          296, 294, 403, -1,
          299, 401, 399, -1,
          299, 296, 401, -1,
          301, 399, 398, -1,
          301, 299, 399, -1,
          303, 398, 397, -1,
          303, 301, 398, -1,
          305, 397, 400, -1,
          305, 303, 397, -1,
          307, 305, 400, -1,
          307, 400, 402, -1,
          309, 402, 404, -1,
          309, 307, 402, -1,
          198, 309, 404, -1,
          200, 309, 198, -1,
          266, 270, 396, -1,
          266, 396, 395, -1,
          265, 395, 394, -1,
          265, 266, 395, -1,
          264, 394, 393, -1,
          264, 265, 394, -1,
          263, 393, 392, -1,
          263, 264, 393, -1,
          262, 392, 391, -1,
          262, 263, 392, -1,
          261, 391, 390, -1,
          261, 262, 391, -1,
          260, 390, 389, -1,
          260, 261, 390, -1,
          258, 389, 388, -1,
          258, 260, 389, -1,
          259, 388, 385, -1,
          259, 258, 388, -1,
          381, 259, 385, -1,
          310, 259, 381, -1,
          376, 310, 381, -1,
          308, 310, 376, -1,
          372, 308, 376, -1,
          306, 308, 372, -1,
          369, 306, 372, -1,
          304, 306, 369, -1,
          371, 304, 369, -1,
          302, 304, 371, -1,
          375, 302, 371, -1,
          300, 302, 375, -1,
          379, 300, 375, -1,
          298, 300, 379, -1,
          383, 298, 379, -1,
          295, 298, 383, -1,
          387, 295, 383, -1,
          297, 295, 387, -1,
          352, 195, 196, -1,
          280, 195, 352, -1,
          359, 280, 352, -1,
          279, 280, 359, -1,
          363, 279, 359, -1,
          278, 279, 363, -1,
          366, 278, 363, -1,
          277, 278, 366, -1,
          368, 277, 366, -1,
          276, 277, 368, -1,
          364, 276, 368, -1,
          275, 276, 364, -1,
          360, 275, 364, -1,
          274, 275, 360, -1,
          355, 274, 360, -1,
          272, 274, 355, -1,
          354, 272, 355, -1,
          273, 272, 354, -1,
          435, 436, 248, -1,
          436, 244, 248, -1,
          440, 356, 325, -1,
          325, 357, 326, -1,
          356, 357, 325, -1,
          326, 361, 328, -1,
          357, 361, 326, -1,
          328, 365, 330, -1,
          361, 365, 328, -1,
          330, 367, 332, -1,
          365, 367, 330, -1,
          332, 362, 334, -1,
          367, 362, 332, -1,
          334, 358, 336, -1,
          362, 358, 334, -1,
          336, 353, 338, -1,
          358, 353, 336, -1,
          338, 351, 340, -1,
          353, 351, 338, -1,
          340, 350, 235, -1,
          351, 350, 340, -1,
          350, 236, 235, -1,
          350, 349, 236, -1,
          349, 237, 236, -1,
          349, 348, 237, -1,
          348, 238, 237, -1,
          348, 347, 238, -1,
          347, 239, 238, -1,
          347, 346, 239, -1,
          346, 240, 239, -1,
          346, 345, 240, -1,
          345, 241, 240, -1,
          345, 344, 241, -1,
          344, 242, 241, -1,
          344, 343, 242, -1,
          343, 243, 242, -1,
          343, 342, 243, -1,
          342, 248, 243, -1,
          342, 341, 248, -1,
          248, 341, 435, -1,
          244, 436, 245, -1,
          434, 438, 436, -1,
          436, 438, 245, -1,
          245, 437, 246, -1,
          438, 437, 245, -1,
          246, 433, 247, -1,
          437, 433, 246, -1,
          437, 431, 433, -1,
          323, 441, 325, -1,
          325, 441, 440, -1,
          247, 433, 249, -1,
          249, 433, 432, -1,
          319, 443, 321, -1,
          442, 444, 443, -1,
          321, 444, 322, -1,
          443, 444, 321, -1,
          444, 445, 322, -1,
          322, 441, 323, -1,
          445, 441, 322, -1,
          445, 439, 441, -1,
          432, 386, 249, -1,
          249, 382, 250, -1,
          386, 382, 249, -1,
          250, 378, 251, -1,
          382, 378, 250, -1,
          251, 374, 252, -1,
          378, 374, 251, -1,
          252, 370, 253, -1,
          374, 370, 252, -1,
          253, 373, 254, -1,
          370, 373, 253, -1,
          254, 377, 255, -1,
          373, 377, 254, -1,
          255, 380, 256, -1,
          377, 380, 255, -1,
          256, 384, 257, -1,
          380, 384, 256, -1,
          257, 156, 158, -1,
          384, 156, 257, -1,
          176, 443, 174, -1,
          443, 319, 174, -1,
          155, 339, 154, -1,
          155, 423, 339, -1,
          423, 337, 339, -1,
          423, 426, 337, -1,
          426, 335, 337, -1,
          426, 428, 335, -1,
          428, 333, 335, -1,
          428, 430, 333, -1,
          430, 331, 333, -1,
          430, 429, 331, -1,
          429, 329, 331, -1,
          429, 427, 329, -1,
          427, 327, 329, -1,
          427, 425, 327, -1,
          425, 324, 327, -1,
          425, 424, 324, -1,
          324, 422, 320, -1,
          424, 422, 324, -1,
          422, 318, 320, -1,
          422, 421, 318, -1,
          318, 418, 317, -1,
          421, 418, 318, -1,
          418, 316, 317, -1,
          418, 416, 316, -1,
          416, 315, 316, -1,
          416, 414, 315, -1,
          414, 314, 315, -1,
          414, 413, 314, -1,
          413, 313, 314, -1,
          413, 411, 313, -1,
          411, 312, 313, -1,
          411, 408, 312, -1,
          408, 407, 312, -1,
          312, 407, 311, -1,
          407, 118, 311, -1,
          311, 118, 120, -1,
          446, 447, 448, -1,
          446, 449, 447, -1,
          449, 450, 447, -1,
          449, 451, 450, -1,
          451, 452, 450, -1,
          451, 453, 452, -1,
          453, 454, 452, -1,
          453, 455, 454, -1,
          455, 456, 454, -1,
          455, 457, 456, -1,
          457, 458, 456, -1,
          457, 459, 458, -1,
          459, 460, 458, -1,
          459, 461, 460, -1,
          461, 462, 460, -1,
          461, 463, 462, -1,
          463, 464, 462, -1,
          463, 465, 464, -1,
          465, 466, 464, -1,
          465, 467, 466, -1,
          467, 468, 466, -1,
          467, 469, 468, -1,
          469, 470, 468, -1,
          469, 471, 470, -1,
          471, 472, 470, -1,
          471, 473, 472, -1,
          473, 474, 472, -1,
          473, 475, 474, -1,
          475, 476, 474, -1,
          474, 476, 477, -1,
          476, 478, 477, -1,
          476, 479, 478, -1,
          479, 480, 478, -1,
          479, 481, 480, -1,
          481, 482, 480, -1,
          480, 482, 483, -1,
          484, 485, 486, -1,
          484, 487, 485, -1,
          488, 486, 489, -1,
          488, 484, 486, -1,
          490, 489, 491, -1,
          490, 488, 489, -1,
          492, 491, 493, -1,
          492, 490, 491, -1,
          494, 493, 495, -1,
          494, 492, 493, -1,
          496, 495, 497, -1,
          496, 494, 495, -1,
          498, 497, 499, -1,
          498, 496, 497, -1,
          500, 499, 501, -1,
          500, 498, 499, -1,
          502, 501, 503, -1,
          502, 500, 501, -1,
          504, 503, 505, -1,
          504, 502, 503, -1,
          506, 505, 507, -1,
          506, 504, 505, -1,
          508, 507, 509, -1,
          508, 506, 507, -1,
          510, 509, 511, -1,
          510, 508, 509, -1,
          512, 511, 513, -1,
          512, 510, 511, -1,
          514, 512, 513, -1,
          515, 512, 514, -1,
          516, 515, 514, -1,
          517, 515, 516, -1,
          518, 516, 519, -1,
          518, 517, 516, -1,
          520, 519, 521, -1,
          520, 518, 519, -1,
          522, 523, 524, -1,
          522, 525, 523, -1,
          526, 524, 527, -1,
          526, 522, 524, -1,
          528, 527, 529, -1,
          528, 526, 527, -1,
          530, 529, 531, -1,
          530, 528, 529, -1,
          532, 531, 533, -1,
          532, 530, 531, -1,
          534, 533, 535, -1,
          534, 532, 533, -1,
          536, 535, 537, -1,
          536, 534, 535, -1,
          538, 537, 539, -1,
          538, 536, 537, -1,
          540, 539, 541, -1,
          540, 538, 539, -1,
          542, 541, 543, -1,
          542, 540, 541, -1,
          544, 543, 545, -1,
          544, 542, 543, -1,
          546, 545, 547, -1,
          546, 544, 545, -1,
          548, 547, 549, -1,
          548, 546, 547, -1,
          550, 549, 551, -1,
          550, 548, 549, -1,
          552, 551, 553, -1,
          552, 550, 551, -1,
          554, 552, 553, -1,
          554, 553, 555, -1,
          556, 555, 557, -1,
          556, 554, 555, -1,
          558, 557, 559, -1,
          558, 556, 557, -1,
          560, 561, 562, -1,
          560, 563, 561, -1,
          564, 562, 565, -1,
          564, 560, 562, -1,
          566, 565, 567, -1,
          566, 564, 565, -1,
          568, 567, 569, -1,
          568, 566, 567, -1,
          570, 569, 571, -1,
          570, 568, 569, -1,
          572, 571, 573, -1,
          572, 570, 571, -1,
          574, 573, 575, -1,
          574, 572, 573, -1,
          576, 575, 577, -1,
          576, 574, 575, -1,
          578, 577, 579, -1,
          578, 576, 577, -1,
          580, 579, 581, -1,
          580, 578, 579, -1,
          582, 581, 583, -1,
          582, 580, 581, -1,
          584, 583, 585, -1,
          584, 582, 583, -1,
          586, 585, 587, -1,
          586, 584, 585, -1,
          588, 587, 589, -1,
          588, 586, 587, -1,
          590, 589, 591, -1,
          590, 588, 589, -1,
          592, 590, 591, -1,
          592, 591, 593, -1,
          594, 593, 595, -1,
          594, 592, 593, -1,
          596, 595, 597, -1,
          596, 594, 595, -1,
          598, 599, 600, -1,
          598, 601, 599, -1,
          601, 602, 599, -1,
          601, 603, 602, -1,
          603, 604, 602, -1,
          603, 605, 604, -1,
          605, 606, 604, -1,
          605, 607, 606, -1,
          607, 608, 606, -1,
          607, 609, 608, -1,
          609, 610, 608, -1,
          609, 611, 610, -1,
          611, 612, 610, -1,
          611, 613, 612, -1,
          613, 614, 612, -1,
          613, 615, 614, -1,
          615, 616, 614, -1,
          615, 617, 616, -1,
          617, 618, 616, -1,
          617, 619, 618, -1,
          618, 620, 621, -1,
          619, 620, 618, -1,
          621, 622, 623, -1,
          620, 622, 621, -1,
          622, 624, 623, -1,
          622, 625, 624, -1,
          624, 626, 627, -1,
          625, 626, 624, -1,
          626, 628, 627, -1,
          626, 629, 628, -1,
          629, 630, 628, -1,
          629, 631, 630, -1,
          631, 632, 630, -1,
          630, 632, 633, -1,
          632, 634, 633, -1,
          633, 634, 635, -1,
          636, 637, 483, -1,
          483, 637, 480, -1,
          480, 638, 478, -1,
          637, 638, 480, -1,
          478, 639, 477, -1,
          638, 639, 478, -1,
          477, 640, 474, -1,
          639, 640, 477, -1,
          474, 641, 472, -1,
          640, 641, 474, -1,
          472, 642, 470, -1,
          641, 642, 472, -1,
          470, 643, 468, -1,
          642, 643, 470, -1,
          468, 644, 466, -1,
          643, 644, 468, -1,
          466, 645, 464, -1,
          644, 645, 466, -1,
          464, 646, 462, -1,
          645, 646, 464, -1,
          462, 647, 460, -1,
          646, 647, 462, -1,
          460, 648, 458, -1,
          647, 648, 460, -1,
          458, 649, 456, -1,
          648, 649, 458, -1,
          456, 650, 454, -1,
          649, 650, 456, -1,
          650, 651, 454, -1,
          454, 651, 452, -1,
          651, 652, 452, -1,
          452, 652, 450, -1,
          652, 653, 450, -1,
          450, 653, 447, -1,
          653, 654, 447, -1,
          447, 654, 448, -1,
          655, 656, 657, -1,
          657, 656, 658, -1,
          658, 659, 660, -1,
          656, 659, 658, -1,
          660, 661, 662, -1,
          659, 661, 660, -1,
          662, 663, 664, -1,
          661, 663, 662, -1,
          664, 665, 666, -1,
          663, 665, 664, -1,
          666, 667, 668, -1,
          665, 667, 666, -1,
          668, 669, 670, -1,
          667, 669, 668, -1,
          670, 671, 672, -1,
          669, 671, 670, -1,
          672, 673, 674, -1,
          671, 673, 672, -1,
          674, 675, 676, -1,
          673, 675, 674, -1,
          676, 677, 678, -1,
          675, 677, 676, -1,
          678, 679, 680, -1,
          677, 679, 678, -1,
          680, 681, 682, -1,
          679, 681, 680, -1,
          682, 683, 684, -1,
          684, 683, 685, -1,
          681, 683, 682, -1,
          683, 686, 685, -1,
          686, 687, 685, -1,
          685, 687, 688, -1,
          687, 689, 688, -1,
          688, 689, 690, -1,
          689, 691, 690, -1,
          690, 691, 692, -1,
          600, 599, 693, -1,
          693, 599, 694, -1,
          694, 599, 695, -1,
          695, 602, 696, -1,
          599, 602, 695, -1,
          696, 604, 697, -1,
          602, 604, 696, -1,
          697, 606, 698, -1,
          604, 606, 697, -1,
          698, 608, 699, -1,
          606, 608, 698, -1,
          699, 610, 700, -1,
          608, 610, 699, -1,
          700, 612, 701, -1,
          610, 612, 700, -1,
          701, 614, 702, -1,
          612, 614, 701, -1,
          702, 616, 703, -1,
          614, 616, 702, -1,
          616, 618, 703, -1,
          703, 621, 704, -1,
          704, 621, 705, -1,
          618, 621, 703, -1,
          705, 623, 706, -1,
          621, 623, 705, -1,
          706, 624, 707, -1,
          623, 624, 706, -1,
          624, 627, 707, -1,
          627, 628, 707, -1,
          707, 628, 708, -1,
          708, 628, 709, -1,
          628, 630, 709, -1,
          630, 633, 709, -1,
          709, 633, 710, -1,
          710, 633, 711, -1,
          633, 635, 711, -1,
          520, 712, 713, -1,
          518, 713, 714, -1,
          518, 520, 713, -1,
          517, 714, 715, -1,
          517, 518, 714, -1,
          515, 715, 716, -1,
          515, 517, 715, -1,
          512, 515, 716, -1,
          510, 716, 717, -1,
          510, 717, 718, -1,
          510, 512, 716, -1,
          508, 510, 718, -1,
          506, 718, 719, -1,
          506, 719, 720, -1,
          506, 508, 718, -1,
          504, 506, 720, -1,
          502, 720, 721, -1,
          502, 504, 720, -1,
          500, 721, 722, -1,
          500, 502, 721, -1,
          498, 722, 723, -1,
          498, 500, 722, -1,
          496, 723, 724, -1,
          496, 724, 725, -1,
          496, 498, 723, -1,
          494, 496, 725, -1,
          492, 725, 726, -1,
          492, 494, 725, -1,
          490, 492, 726, -1,
          490, 726, 727, -1,
          488, 490, 727, -1,
          488, 727, 728, -1,
          488, 728, 729, -1,
          484, 488, 729, -1,
          487, 484, 729, -1,
          487, 729, 730, -1,
          731, 732, 733, -1,
          731, 734, 732, -1,
          735, 733, 736, -1,
          735, 731, 733, -1,
          737, 736, 738, -1,
          737, 735, 736, -1,
          739, 738, 740, -1,
          739, 737, 738, -1,
          741, 740, 742, -1,
          741, 739, 740, -1,
          743, 742, 744, -1,
          743, 741, 742, -1,
          745, 744, 746, -1,
          745, 746, 747, -1,
          745, 743, 744, -1,
          748, 745, 747, -1,
          749, 747, 750, -1,
          749, 748, 747, -1,
          751, 750, 752, -1,
          751, 749, 750, -1,
          753, 752, 754, -1,
          753, 751, 752, -1,
          755, 754, 756, -1,
          755, 753, 754, -1,
          757, 756, 758, -1,
          757, 758, 759, -1,
          757, 755, 756, -1,
          760, 759, 761, -1,
          760, 757, 759, -1,
          762, 760, 761, -1,
          763, 762, 761, -1,
          763, 761, 764, -1,
          765, 763, 764, -1,
          765, 764, 766, -1,
          767, 765, 766, -1,
          767, 766, 768, -1,
          596, 525, 522, -1,
          594, 522, 526, -1,
          594, 596, 522, -1,
          592, 526, 528, -1,
          592, 594, 526, -1,
          590, 528, 530, -1,
          590, 592, 528, -1,
          588, 530, 532, -1,
          588, 590, 530, -1,
          586, 532, 534, -1,
          586, 588, 532, -1,
          769, 534, 536, -1,
          769, 770, 534, -1,
          771, 534, 770, -1,
          772, 769, 536, -1,
          773, 534, 771, -1,
          774, 772, 536, -1,
          775, 534, 773, -1,
          776, 774, 536, -1,
          777, 776, 536, -1,
          778, 777, 536, -1,
          779, 780, 781, -1,
          782, 779, 781, -1,
          782, 781, 783, -1,
          782, 783, 784, -1,
          785, 782, 784, -1,
          786, 775, 787, -1,
          788, 787, 775, -1,
          789, 775, 786, -1,
          790, 788, 775, -1,
          790, 775, 791, -1,
          792, 534, 775, -1,
          792, 775, 789, -1,
          793, 778, 536, -1,
          794, 534, 792, -1,
          795, 790, 791, -1,
          795, 791, 796, -1,
          797, 793, 536, -1,
          584, 794, 798, -1,
          584, 534, 794, -1,
          584, 798, 799, -1,
          584, 586, 534, -1,
          800, 796, 782, -1,
          800, 795, 796, -1,
          801, 584, 799, -1,
          802, 797, 536, -1,
          803, 584, 801, -1,
          804, 802, 536, -1,
          805, 806, 807, -1,
          808, 805, 807, -1,
          808, 807, 809, -1,
          810, 804, 536, -1,
          811, 809, 812, -1,
          811, 808, 809, -1,
          813, 812, 814, -1,
          813, 811, 812, -1,
          815, 813, 814, -1,
          816, 817, 818, -1,
          816, 818, 819, -1,
          816, 819, 820, -1,
          816, 820, 821, -1,
          822, 814, 823, -1,
          822, 815, 814, -1,
          824, 821, 825, -1,
          824, 825, 826, -1,
          824, 816, 821, -1,
          827, 824, 826, -1,
          827, 826, 828, -1,
          829, 830, 831, -1,
          829, 831, 832, -1,
          833, 827, 828, -1,
          833, 828, 830, -1,
          833, 830, 829, -1,
          834, 822, 823, -1,
          835, 834, 823, -1,
          836, 835, 823, -1,
          836, 823, 837, -1,
          838, 836, 837, -1,
          839, 838, 837, -1,
          840, 839, 837, -1,
          840, 837, 841, -1,
          842, 841, 843, -1,
          842, 843, 844, -1,
          845, 840, 841, -1,
          846, 841, 842, -1,
          847, 845, 841, -1,
          848, 847, 841, -1,
          849, 841, 846, -1,
          849, 848, 841, -1,
          850, 842, 844, -1,
          850, 844, 851, -1,
          852, 853, 854, -1,
          855, 854, 856, -1,
          855, 852, 854, -1,
          857, 858, 853, -1,
          857, 853, 852, -1,
          859, 856, 860, -1,
          859, 855, 856, -1,
          861, 858, 857, -1,
          861, 862, 858, -1,
          863, 860, 864, -1,
          863, 859, 860, -1,
          865, 862, 861, -1,
          865, 866, 867, -1,
          865, 867, 862, -1,
          868, 850, 851, -1,
          868, 851, 869, -1,
          870, 864, 810, -1,
          870, 863, 864, -1,
          870, 810, 536, -1,
          871, 866, 865, -1,
          871, 872, 866, -1,
          873, 536, 538, -1,
          873, 870, 536, -1,
          874, 868, 869, -1,
          874, 869, 875, -1,
          876, 872, 871, -1,
          877, 873, 538, -1,
          878, 872, 876, -1,
          878, 874, 875, -1,
          878, 875, 872, -1,
          879, 878, 876, -1,
          879, 876, 880, -1,
          881, 877, 538, -1,
          882, 874, 878, -1,
          883, 880, 884, -1,
          883, 879, 880, -1,
          885, 874, 882, -1,
          886, 884, 887, -1,
          886, 883, 884, -1,
          888, 874, 885, -1,
          888, 889, 890, -1,
          888, 890, 874, -1,
          891, 887, 892, -1,
          891, 886, 887, -1,
          893, 894, 889, -1,
          893, 889, 888, -1,
          895, 891, 892, -1,
          896, 894, 893, -1,
          896, 897, 894, -1,
          898, 881, 538, -1,
          899, 900, 897, -1,
          899, 897, 896, -1,
          901, 902, 900, -1,
          901, 900, 899, -1,
          903, 904, 902, -1,
          903, 902, 901, -1,
          905, 898, 538, -1,
          906, 907, 904, -1,
          906, 904, 903, -1,
          908, 907, 906, -1,
          909, 905, 538, -1,
          910, 909, 538, -1,
          582, 908, 911, -1,
          582, 911, 912, -1,
          582, 803, 913, -1,
          582, 913, 914, -1,
          582, 914, 915, -1,
          582, 915, 916, -1,
          582, 916, 917, -1,
          582, 917, 918, -1,
          582, 918, 919, -1,
          582, 919, 920, -1,
          582, 920, 921, -1,
          582, 921, 922, -1,
          582, 922, 923, -1,
          582, 923, 907, -1,
          582, 584, 803, -1,
          582, 907, 908, -1,
          924, 910, 538, -1,
          925, 924, 538, -1,
          926, 925, 538, -1,
          927, 928, 909, -1,
          929, 930, 931, -1,
          932, 930, 929, -1,
          932, 929, 933, -1,
          932, 933, 934, -1,
          935, 538, 540, -1,
          935, 926, 538, -1,
          936, 926, 935, -1,
          937, 935, 540, -1,
          938, 939, 936, -1,
          940, 937, 540, -1,
          941, 940, 540, -1,
          942, 936, 935, -1,
          943, 942, 935, -1,
          944, 941, 945, -1,
          946, 945, 941, -1,
          947, 941, 944, -1,
          948, 946, 941, -1,
          949, 943, 935, -1,
          950, 948, 941, -1,
          951, 941, 947, -1,
          952, 950, 941, -1,
          953, 941, 951, -1,
          954, 941, 540, -1,
          954, 952, 941, -1,
          955, 941, 953, -1,
          956, 954, 540, -1,
          957, 956, 540, -1,
          580, 930, 932, -1,
          580, 928, 927, -1,
          580, 912, 958, -1,
          580, 958, 959, -1,
          580, 959, 960, -1,
          580, 960, 961, -1,
          580, 961, 928, -1,
          580, 939, 938, -1,
          580, 932, 962, -1,
          580, 962, 963, -1,
          580, 963, 939, -1,
          580, 927, 964, -1,
          580, 964, 965, -1,
          580, 965, 930, -1,
          580, 582, 912, -1,
          966, 957, 540, -1,
          967, 968, 969, -1,
          967, 969, 970, -1,
          971, 967, 970, -1,
          971, 970, 972, -1,
          971, 972, 973, -1,
          974, 971, 973, -1,
          974, 973, 975, -1,
          976, 974, 975, -1,
          976, 975, 977, -1,
          978, 976, 977, -1,
          978, 977, 979, -1,
          980, 978, 979, -1,
          981, 980, 979, -1,
          982, 966, 540, -1,
          983, 982, 540, -1,
          983, 540, 542, -1,
          984, 983, 985, -1,
          986, 985, 983, -1,
          987, 983, 984, -1,
          988, 986, 983, -1,
          989, 983, 987, -1,
          990, 991, 992, -1,
          990, 992, 993, -1,
          990, 993, 994, -1,
          990, 994, 995, -1,
          990, 995, 996, -1,
          990, 996, 997, -1,
          990, 997, 998, -1,
          990, 998, 999, -1,
          990, 999, 1000, -1,
          990, 1000, 1001, -1,
          1002, 983, 989, -1,
          1003, 988, 983, -1,
          1004, 983, 542, -1,
          1004, 1003, 983, -1,
          1005, 1004, 542, -1,
          1006, 1005, 542, -1,
          1007, 1008, 1009, -1,
          1010, 1006, 542, -1,
          1011, 1008, 1007, -1,
          1012, 1010, 542, -1,
          1013, 1012, 542, -1,
          1014, 1008, 1011, -1,
          1015, 1013, 542, -1,
          1016, 1008, 1014, -1,
          1017, 1015, 542, -1,
          1018, 1008, 1016, -1,
          1019, 1008, 1018, -1,
          1020, 1008, 1019, -1,
          1021, 1017, 542, -1,
          1021, 1022, 1023, -1,
          1021, 1023, 1024, -1,
          1021, 1024, 1025, -1,
          1021, 1025, 1026, -1,
          1021, 1026, 1017, -1,
          578, 938, 1027, -1,
          578, 1027, 1028, -1,
          578, 1028, 968, -1,
          578, 967, 1029, -1,
          578, 1029, 1030, -1,
          578, 1030, 991, -1,
          578, 580, 938, -1,
          578, 991, 990, -1,
          578, 990, 1031, -1,
          578, 1031, 1032, -1,
          578, 1032, 1008, -1,
          578, 968, 967, -1,
          1033, 1022, 1021, -1,
          1034, 1021, 542, -1,
          1035, 1034, 542, -1,
          1036, 1035, 542, -1,
          1037, 1038, 1036, -1,
          1039, 1040, 1041, -1,
          1039, 1041, 1042, -1,
          1039, 1042, 1043, -1,
          1039, 1043, 1044, -1,
          1039, 1044, 1045, -1,
          1039, 1045, 1046, -1,
          1039, 1046, 1047, -1,
          1048, 542, 544, -1,
          1048, 1036, 542, -1,
          1049, 1048, 544, -1,
          1050, 1037, 1036, -1,
          1050, 1036, 1048, -1,
          1051, 1052, 1053, -1,
          1054, 1049, 544, -1,
          1055, 1054, 544, -1,
          1056, 1050, 1048, -1,
          1057, 1055, 544, -1,
          1058, 1055, 1057, -1,
          1059, 1057, 544, -1,
          1060, 1051, 1053, -1,
          1060, 1053, 1061, -1,
          1060, 1061, 1062, -1,
          1063, 1058, 1064, -1,
          1065, 1059, 544, -1,
          1066, 1065, 544, -1,
          546, 1066, 544, -1,
          546, 1067, 1066, -1,
          576, 1039, 1068, -1,
          576, 1068, 1069, -1,
          576, 1069, 1051, -1,
          576, 578, 1008, -1,
          576, 1020, 1070, -1,
          576, 1070, 1071, -1,
          576, 1071, 1072, -1,
          576, 1072, 1073, -1,
          576, 1073, 1074, -1,
          576, 1074, 1040, -1,
          576, 1040, 1039, -1,
          576, 1008, 1020, -1,
          576, 1051, 1060, -1,
          1075, 1063, 1064, -1,
          1075, 1064, 1076, -1,
          1075, 1076, 1077, -1,
          1078, 1079, 1080, -1,
          1078, 1080, 1081, -1,
          1078, 1081, 1067, -1,
          574, 1060, 1082, -1,
          574, 1082, 1083, -1,
          574, 1083, 1063, -1,
          574, 1063, 1075, -1,
          574, 1075, 1084, -1,
          574, 1084, 1085, -1,
          574, 1085, 1078, -1,
          574, 576, 1060, -1,
          572, 546, 548, -1,
          572, 1078, 1067, -1,
          572, 574, 1078, -1,
          572, 1067, 546, -1,
          570, 572, 548, -1,
          568, 548, 550, -1,
          568, 570, 548, -1,
          566, 550, 552, -1,
          566, 568, 550, -1,
          564, 552, 554, -1,
          564, 554, 556, -1,
          564, 566, 552, -1,
          560, 556, 558, -1,
          560, 564, 556, -1,
          563, 560, 558, -1,
          816, 800, 782, -1,
          816, 782, 785, -1,
          816, 785, 1086, -1,
          816, 1086, 817, -1,
          939, 926, 936, -1,
          910, 927, 909, -1,
          1008, 983, 1087, -1,
          1087, 983, 1002, -1,
          1008, 1087, 1009, -1,
          1063, 1055, 1058, -1,
          1021, 1039, 1088, -1,
          1088, 1039, 1047, -1,
          1021, 1088, 1033, -1,
          968, 941, 955, -1,
          968, 955, 969, -1,
          563, 558, 1089, -1,
          1090, 1089, 1091, -1,
          1090, 563, 1089, -1,
          1092, 1091, 1093, -1,
          1092, 1090, 1091, -1,
          1094, 1093, 1095, -1,
          1094, 1092, 1093, -1,
          1096, 1094, 1095, -1,
          1097, 1098, 1099, -1,
          1100, 1097, 1099, -1,
          1101, 1095, 1099, -1,
          1101, 1099, 1098, -1,
          1102, 1100, 1099, -1,
          1103, 1096, 1095, -1,
          1103, 1095, 1101, -1,
          1104, 1102, 1099, -1,
          1105, 1096, 1103, -1,
          1106, 1104, 1099, -1,
          1107, 1106, 1099, -1,
          1108, 1109, 1110, -1,
          1111, 1099, 1112, -1,
          1111, 1107, 1099, -1,
          1113, 1108, 1110, -1,
          1113, 1110, 1114, -1,
          1115, 1113, 1114, -1,
          1115, 1114, 1116, -1,
          1117, 1115, 1116, -1,
          1118, 1115, 1117, -1,
          1119, 1096, 1105, -1,
          1120, 1121, 1122, -1,
          1123, 1121, 1120, -1,
          1124, 1121, 1125, -1,
          1124, 1122, 1121, -1,
          1126, 1125, 1127, -1,
          1126, 1124, 1125, -1,
          1128, 1129, 1130, -1,
          1131, 1127, 1132, -1,
          1131, 1126, 1127, -1,
          1133, 1129, 1128, -1,
          1133, 1134, 1129, -1,
          1135, 1131, 1132, -1,
          1135, 1111, 1112, -1,
          1135, 1132, 1111, -1,
          1136, 1134, 1133, -1,
          1136, 1137, 1115, -1,
          1136, 1115, 1118, -1,
          1136, 1118, 1138, -1,
          1136, 1138, 1139, -1,
          1136, 1139, 1134, -1,
          1140, 1135, 1112, -1,
          1141, 1140, 1112, -1,
          1142, 1143, 1144, -1,
          1145, 1141, 1112, -1,
          1146, 1143, 1142, -1,
          1147, 1146, 1142, -1,
          1147, 1142, 1148, -1,
          1149, 1147, 1148, -1,
          1150, 1147, 1149, -1,
          1151, 1147, 1150, -1,
          1152, 1137, 1136, -1,
          1153, 1145, 1112, -1,
          1153, 1154, 1155, -1,
          1153, 1155, 1156, -1,
          1153, 1156, 1157, -1,
          1153, 1157, 1145, -1,
          1158, 1154, 1153, -1,
          1159, 1153, 1112, -1,
          1160, 1158, 1153, -1,
          1161, 1159, 1112, -1,
          1162, 1137, 1152, -1,
          1162, 1096, 1119, -1,
          1162, 1119, 1163, -1,
          1162, 1163, 1164, -1,
          1162, 1164, 1137, -1,
          1165, 1166, 1167, -1,
          1168, 1161, 1112, -1,
          1169, 1166, 1165, -1,
          1169, 1170, 1171, -1,
          1169, 1171, 1166, -1,
          1172, 1147, 1151, -1,
          1172, 1170, 1169, -1,
          1172, 1173, 1147, -1,
          1172, 1151, 1174, -1,
          1172, 1174, 1170, -1,
          1175, 1176, 1168, -1,
          1177, 1175, 1168, -1,
          1178, 1168, 1176, -1,
          1179, 1177, 1168, -1,
          1180, 1168, 1178, -1,
          1181, 1173, 1172, -1,
          1182, 1168, 1112, -1,
          1182, 1179, 1168, -1,
          1183, 1168, 1180, -1,
          1184, 1182, 1112, -1,
          1185, 1184, 1112, -1,
          1186, 1187, 1188, -1,
          1189, 1185, 1112, -1,
          1190, 1186, 1188, -1,
          1190, 1188, 1191, -1,
          1192, 1190, 1191, -1,
          1192, 1191, 1193, -1,
          1194, 1189, 1112, -1,
          1195, 1192, 1193, -1,
          1196, 1192, 1195, -1,
          1197, 1198, 1183, -1,
          1199, 1200, 1201, -1,
          1202, 1200, 1199, -1,
          1203, 1201, 1200, -1,
          1203, 1200, 1204, -1,
          1205, 1203, 1204, -1,
          1205, 1204, 1206, -1,
          1207, 1208, 1209, -1,
          1210, 1206, 1194, -1,
          1210, 1205, 1206, -1,
          1211, 1208, 1207, -1,
          1211, 1212, 1208, -1,
          1213, 1210, 1194, -1,
          1213, 1194, 1112, -1,
          1214, 1192, 1196, -1,
          1214, 1212, 1211, -1,
          1214, 1215, 1192, -1,
          1214, 1196, 1216, -1,
          1214, 1216, 1217, -1,
          1214, 1217, 1212, -1,
          1218, 1213, 1112, -1,
          1219, 1218, 1112, -1,
          1220, 1221, 1222, -1,
          1223, 1221, 1220, -1,
          1224, 1220, 1225, -1,
          1224, 1223, 1220, -1,
          1226, 1224, 1225, -1,
          1227, 1224, 1226, -1,
          1228, 1224, 1227, -1,
          1229, 1215, 1214, -1,
          1230, 1231, 1232, -1,
          1230, 1232, 1233, -1,
          1230, 1233, 1234, -1,
          1235, 1231, 1230, -1,
          1236, 1235, 1230, -1,
          1237, 1238, 1239, -1,
          1240, 1241, 1242, -1,
          1240, 1242, 1238, -1,
          1240, 1238, 1237, -1,
          1243, 1112, 1244, -1,
          1243, 1230, 1234, -1,
          1243, 1245, 1230, -1,
          1243, 1246, 1245, -1,
          1243, 1247, 1246, -1,
          1243, 1234, 1248, -1,
          1243, 1248, 1219, -1,
          1243, 1219, 1112, -1,
          1249, 1250, 1224, -1,
          1249, 1224, 1228, -1,
          1249, 1228, 1251, -1,
          1249, 1251, 1241, -1,
          1249, 1241, 1240, -1,
          1252, 1247, 1243, -1,
          1253, 1250, 1249, -1,
          1254, 1255, 1247, -1,
          1254, 1247, 1252, -1,
          1256, 1247, 1255, -1,
          1257, 1254, 1252, -1,
          1258, 1247, 1256, -1,
          1259, 1257, 1252, -1,
          1259, 1252, 1260, -1,
          1261, 1243, 1244, -1,
          1261, 1244, 1262, -1,
          1261, 1263, 1243, -1,
          1264, 1262, 1244, -1,
          1265, 1259, 1260, -1,
          1266, 1263, 1261, -1,
          1267, 1265, 1260, -1,
          1268, 1266, 1261, -1,
          1269, 1264, 1244, -1,
          1270, 1271, 1272, -1,
          1273, 1267, 1260, -1,
          1273, 1260, 1274, -1,
          1275, 1269, 1244, -1,
          1276, 1271, 1270, -1,
          1277, 1278, 1279, -1,
          1280, 1273, 1274, -1,
          1281, 1277, 1279, -1,
          1281, 1279, 1282, -1,
          1283, 1261, 1262, -1,
          1284, 1271, 1276, -1,
          1285, 1280, 1274, -1,
          1285, 1274, 1286, -1,
          1287, 1266, 1268, -1,
          1288, 1281, 1282, -1,
          1289, 1271, 1284, -1,
          1290, 1291, 1292, -1,
          1290, 1292, 1250, -1,
          1290, 1162, 1152, -1,
          1290, 1215, 1229, -1,
          1290, 1181, 1293, -1,
          1290, 1293, 1294, -1,
          1290, 1294, 1198, -1,
          1290, 1198, 1197, -1,
          1290, 1253, 1295, -1,
          1290, 1295, 1296, -1,
          1290, 1250, 1253, -1,
          1290, 1197, 1297, -1,
          1290, 1297, 1298, -1,
          1290, 1298, 1215, -1,
          1290, 1152, 1299, -1,
          1290, 1299, 1300, -1,
          1290, 1300, 1173, -1,
          1290, 1173, 1181, -1,
          1290, 1229, 1291, -1,
          1301, 1285, 1286, -1,
          1302, 1271, 1289, -1,
          1303, 1288, 1282, -1,
          1303, 1304, 1288, -1,
          1305, 1301, 1286, -1,
          1306, 1271, 1302, -1,
          1307, 1303, 1282, -1,
          1307, 1282, 1308, -1,
          1309, 1305, 1286, -1,
          1310, 1283, 1262, -1,
          1311, 1307, 1308, -1,
          1312, 1275, 1244, -1,
          1313, 1271, 1306, -1,
          1314, 1309, 1286, -1,
          1315, 1311, 1308, -1,
          1315, 1308, 1316, -1,
          1317, 1315, 1316, -1,
          1318, 1271, 1313, -1,
          1319, 1316, 1320, -1,
          1319, 1317, 1316, -1,
          1319, 1320, 1321, -1,
          1322, 1244, 1323, -1,
          1322, 1312, 1244, -1,
          1324, 1319, 1321, -1,
          1324, 1321, 1325, -1,
          1326, 1322, 1323, -1,
          1327, 1310, 1262, -1,
          1328, 1324, 1325, -1,
          1329, 1325, 1330, -1,
          1329, 1328, 1325, -1,
          1331, 1326, 1323, -1,
          1332, 1330, 1333, -1,
          1332, 1329, 1330, -1,
          1334, 1287, 1268, -1,
          1334, 1268, 1335, -1,
          1336, 1334, 1335, -1,
          1337, 1287, 1334, -1,
          1338, 1336, 1335, -1,
          1339, 1340, 1341, -1,
          1339, 1341, 1342, -1,
          1343, 1332, 1333, -1,
          1344, 1339, 1342, -1,
          1345, 1287, 1337, -1,
          1346, 1343, 1333, -1,
          1346, 1333, 1340, -1,
          1347, 1338, 1335, -1,
          1348, 1340, 1339, -1,
          1349, 1340, 1348, -1,
          1349, 1346, 1340, -1,
          1350, 1349, 1348, -1,
          1351, 1287, 1345, -1,
          1351, 1344, 1287, -1,
          1352, 1347, 1335, -1,
          1352, 1335, 1353, -1,
          1354, 1344, 1351, -1,
          1355, 1352, 1353, -1,
          1356, 1344, 1354, -1,
          1357, 1355, 1353, -1,
          1358, 1339, 1344, -1,
          1359, 1358, 1344, -1,
          1359, 1344, 1356, -1,
          1360, 1361, 1362, -1,
          1360, 1362, 1363, -1,
          1364, 1353, 1365, -1,
          1364, 1357, 1353, -1,
          1366, 1360, 1363, -1,
          1366, 1363, 1367, -1,
          1368, 1358, 1359, -1,
          1369, 1366, 1367, -1,
          1370, 1364, 1365, -1,
          1371, 1369, 1367, -1,
          1371, 1367, 1372, -1,
          1373, 1370, 1365, -1,
          1374, 1371, 1372, -1,
          1374, 1372, 1375, -1,
          1374, 1375, 1376, -1,
          1377, 1373, 1365, -1,
          1378, 1365, 1275, -1,
          1378, 1275, 1312, -1,
          1379, 1358, 1368, -1,
          1379, 1368, 1380, -1,
          1379, 1381, 1382, -1,
          1379, 1382, 1383, -1,
          1379, 1383, 1358, -1,
          1384, 1377, 1365, -1,
          1384, 1365, 1378, -1,
          1385, 1376, 1386, -1,
          1385, 1386, 1387, -1,
          1385, 1387, 1388, -1,
          1385, 1388, 1389, -1,
          1385, 1374, 1376, -1,
          1390, 1391, 1392, -1,
          1390, 1392, 1393, -1,
          1390, 1381, 1379, -1,
          1390, 1393, 1394, -1,
          1390, 1394, 1381, -1,
          1395, 1384, 1378, -1,
          1396, 1395, 1378, -1,
          1397, 1331, 1323, -1,
          1398, 1380, 1399, -1,
          1398, 1379, 1380, -1,
          1400, 1378, 1401, -1,
          1400, 1396, 1378, -1,
          1402, 1398, 1399, -1,
          1403, 1389, 1404, -1,
          1403, 1404, 1405, -1,
          1403, 1405, 1406, -1,
          1403, 1406, 1407, -1,
          1403, 1407, 1408, -1,
          1403, 1408, 1409, -1,
          1403, 1385, 1389, -1,
          1410, 1401, 1411, -1,
          1410, 1400, 1401, -1,
          1412, 1397, 1323, -1,
          1413, 1331, 1397, -1,
          1414, 1385, 1403, -1,
          1415, 1412, 1323, -1,
          1416, 1398, 1402, -1,
          1417, 1413, 1397, -1,
          1418, 1416, 1402, -1,
          1419, 1413, 1417, -1,
          1420, 1415, 1323, -1,
          1421, 1403, 1422, -1,
          1421, 1414, 1403, -1,
          1423, 1416, 1418, -1,
          1424, 1422, 1425, -1,
          1424, 1425, 1410, -1,
          1424, 1411, 1426, -1,
          1424, 1410, 1411, -1,
          1427, 1421, 1422, -1,
          1428, 1422, 1424, -1,
          1429, 1427, 1422, -1,
          1429, 1422, 1428, -1,
          1429, 1430, 1427, -1,
          1431, 1432, 1433, -1,
          1431, 1424, 1426, -1,
          1431, 1426, 1432, -1,
          1434, 1430, 1429, -1,
          1434, 1435, 1436, -1,
          1434, 1436, 1430, -1,
          1437, 1435, 1434, -1,
          1438, 1437, 1434, -1,
          1439, 1429, 1428, -1,
          1440, 1429, 1439, -1,
          1441, 1433, 1442, -1,
          1441, 1442, 1443, -1,
          1441, 1431, 1433, -1,
          1444, 1438, 1434, -1,
          1445, 1443, 1446, -1,
          1445, 1441, 1443, -1,
          1447, 1448, 1420, -1,
          1449, 1446, 1450, -1,
          1449, 1445, 1446, -1,
          1451, 1452, 1453, -1,
          1454, 1290, 1296, -1,
          1454, 1296, 1271, -1,
          1454, 1318, 1455, -1,
          1454, 1455, 1456, -1,
          1454, 1456, 1457, -1,
          1454, 1457, 1458, -1,
          1454, 1458, 1459, -1,
          1454, 1459, 1391, -1,
          1454, 1271, 1318, -1,
          1454, 1390, 1460, -1,
          1454, 1460, 1461, -1,
          1454, 1461, 1438, -1,
          1454, 1391, 1390, -1,
          1462, 1440, 1439, -1,
          1462, 1439, 1463, -1,
          1464, 1450, 1465, -1,
          1464, 1449, 1450, -1,
          1466, 1447, 1420, -1,
          1467, 1445, 1468, -1,
          1467, 1441, 1445, -1,
          1469, 1464, 1465, -1,
          1469, 1465, 1452, -1,
          1470, 1438, 1444, -1,
          1471, 1469, 1452, -1,
          1472, 1471, 1452, -1,
          1473, 1468, 1474, -1,
          1473, 1467, 1468, -1,
          1475, 1462, 1463, -1,
          1476, 1420, 1323, -1,
          1476, 1466, 1420, -1,
          1477, 1472, 1452, -1,
          1478, 1476, 1323, -1,
          1479, 1474, 1480, -1,
          1479, 1473, 1474, -1,
          1481, 1466, 1476, -1,
          1482, 1478, 1323, -1,
          1483, 1475, 1467, -1,
          1483, 1467, 1473, -1,
          1484, 1452, 1451, -1,
          1484, 1477, 1452, -1,
          1485, 1480, 1486, -1,
          1485, 1486, 1487, -1,
          1485, 1487, 1488, -1,
          1485, 1479, 1480, -1,
          1489, 1323, 1490, -1,
          1489, 1482, 1323, -1,
          1491, 1485, 1488, -1,
          1492, 1475, 1483, -1,
          1492, 1462, 1475, -1,
          1493, 1492, 1483, -1,
          1494, 1484, 1451, -1,
          1495, 1485, 1491, -1,
          1496, 1451, 1497, -1,
          1496, 1494, 1451, -1,
          1498, 1492, 1493, -1,
          1499, 1500, 1489, -1,
          1501, 1492, 1498, -1,
          1502, 1499, 1489, -1,
          1503, 1504, 1505, -1,
          1506, 1503, 1505, -1,
          1506, 1505, 1507, -1,
          1508, 1506, 1507, -1,
          1508, 1507, 1509, -1,
          1508, 1509, 1496, -1,
          1508, 1496, 1497, -1,
          1510, 1470, 1501, -1,
          1510, 1501, 1498, -1,
          1510, 1498, 1511, -1,
          1512, 1513, 1481, -1,
          1514, 1497, 1513, -1,
          1514, 1515, 1508, -1,
          1514, 1508, 1497, -1,
          1514, 1513, 1512, -1,
          1516, 1517, 1518, -1,
          1516, 1518, 1519, -1,
          1516, 1519, 1515, -1,
          1520, 1521, 1522, -1,
          1520, 1522, 1523, -1,
          1524, 1525, 1526, -1,
          1527, 1525, 1524, -1,
          1528, 1526, 1502, -1,
          1528, 1502, 1489, -1,
          1528, 1524, 1526, -1,
          1529, 1525, 1527, -1,
          1530, 1514, 1512, -1,
          1531, 1528, 1489, -1,
          1531, 1489, 1490, -1,
          1532, 1525, 1529, -1,
          1532, 1523, 1525, -1,
          1533, 1531, 1490, -1,
          1534, 1512, 1535, -1,
          1534, 1530, 1512, -1,
          1536, 1533, 1490, -1,
          1537, 1536, 1490, -1,
          1538, 1534, 1535, -1,
          1538, 1535, 1539, -1,
          1538, 1539, 1520, -1,
          1540, 1537, 1490, -1,
          1541, 1542, 1532, -1,
          1543, 1532, 1542, -1,
          1543, 1523, 1532, -1,
          1544, 1532, 1545, -1,
          1544, 1541, 1532, -1,
          1546, 1523, 1543, -1,
          1547, 1523, 1546, -1,
          1548, 1540, 1490, -1,
          1549, 1544, 1545, -1,
          1550, 1523, 1547, -1,
          1551, 1549, 1545, -1,
          1552, 1548, 1490, -1,
          1553, 1545, 1554, -1,
          1553, 1554, 1555, -1,
          1553, 1555, 1556, -1,
          1553, 1551, 1545, -1,
          1557, 1523, 1550, -1,
          1557, 1520, 1523, -1,
          1558, 1553, 1556, -1,
          1558, 1556, 1559, -1,
          1558, 1559, 1560, -1,
          1558, 1560, 1561, -1,
          1562, 1552, 1490, -1,
          1563, 1520, 1557, -1,
          1564, 1558, 1561, -1,
          1564, 1561, 1565, -1,
          1564, 1565, 1566, -1,
          1567, 1566, 1568, -1,
          1567, 1564, 1566, -1,
          1569, 1568, 1570, -1,
          1569, 1567, 1568, -1,
          1571, 1538, 1520, -1,
          1572, 1515, 1514, -1,
          1572, 1516, 1515, -1,
          1573, 1570, 1574, -1,
          1573, 1574, 1575, -1,
          1573, 1569, 1570, -1,
          1576, 1573, 1575, -1,
          1576, 1575, 1577, -1,
          1576, 1577, 1578, -1,
          1579, 1571, 1580, -1,
          1581, 1580, 1571, -1,
          1581, 1571, 1520, -1,
          1582, 1571, 1579, -1,
          1583, 1576, 1578, -1,
          1583, 1578, 1584, -1,
          1585, 1581, 1520, -1,
          1585, 1563, 1586, -1,
          1585, 1586, 1587, -1,
          1585, 1520, 1563, -1,
          1588, 1583, 1584, -1,
          1589, 1583, 1588, -1,
          1590, 1591, 1592, -1,
          1590, 1592, 1593, -1,
          1590, 1593, 1562, -1,
          1590, 1562, 1490, -1,
          1590, 1594, 1595, -1,
          1590, 1595, 1591, -1,
          1596, 1585, 1587, -1,
          1596, 1587, 1597, -1,
          1598, 1589, 1588, -1,
          1599, 1596, 1597, -1,
          1599, 1597, 1600, -1,
          1601, 1594, 1590, -1,
          1601, 1602, 1594, -1,
          1603, 1602, 1601, -1,
          1604, 1599, 1600, -1,
          1604, 1600, 1605, -1,
          1604, 1605, 1606, -1,
          1607, 1608, 1609, -1,
          1607, 1609, 1610, -1,
          1611, 1590, 1490, -1,
          1612, 1516, 1572, -1,
          1612, 1510, 1613, -1,
          1612, 1613, 1614, -1,
          1612, 1614, 1516, -1,
          1612, 1438, 1470, -1,
          1612, 1454, 1438, -1,
          1612, 1572, 1615, -1,
          1612, 1615, 1616, -1,
          1612, 1616, 1608, -1,
          1612, 1470, 1510, -1,
          1617, 1604, 1606, -1,
          1617, 1606, 1618, -1,
          1617, 1618, 1619, -1,
          1617, 1619, 1620, -1,
          1621, 1603, 1601, -1,
          1621, 1622, 1603, -1,
          1623, 1604, 1617, -1,
          1624, 1490, 1625, -1,
          1624, 1611, 1490, -1,
          1626, 1622, 1621, -1,
          1626, 1627, 1622, -1,
          1628, 1629, 1630, -1,
          1631, 1620, 1632, -1,
          1631, 1617, 1620, -1,
          1631, 1632, 1633, -1,
          1631, 1633, 1634, -1,
          1631, 1634, 1635, -1,
          1631, 1635, 1636, -1,
          1637, 1628, 1630, -1,
          1638, 1623, 1639, -1,
          1638, 1604, 1623, -1,
          1640, 1608, 1607, -1,
          1641, 1627, 1626, -1,
          1641, 1642, 1627, -1,
          1643, 1644, 1638, -1,
          1645, 1624, 1625, -1,
          1646, 1628, 1637, -1,
          1647, 1642, 1641, -1,
          1647, 1648, 1642, -1,
          1649, 1638, 1639, -1,
          1649, 1639, 1650, -1,
          1651, 1631, 1636, -1,
          1651, 1648, 1647, -1,
          1651, 1636, 1652, -1,
          1651, 1652, 1653, -1,
          1651, 1653, 1648, -1,
          1654, 1646, 1637, -1,
          1654, 1637, 1655, -1,
          1656, 1657, 1658, -1,
          1659, 1651, 1647, -1,
          1660, 1649, 1650, -1,
          1661, 1660, 1650, -1,
          1662, 1654, 1655, -1,
          1663, 1658, 1643, -1,
          1663, 1643, 1664, -1,
          1665, 1645, 1625, -1,
          1665, 1655, 1645, -1,
          1666, 1651, 1659, -1,
          1666, 1659, 1667, -1,
          1668, 1665, 1625, -1,
          1669, 1668, 1625, -1,
          1670, 1669, 1625, -1,
          1671, 1666, 1667, -1,
          1672, 1660, 1661, -1,
          1673, 1674, 1670, -1,
          1675, 1671, 1667, -1,
          1675, 1667, 1676, -1,
          1677, 1663, 1664, -1,
          1677, 1664, 1678, -1,
          1679, 1675, 1676, -1,
          1679, 1676, 1680, -1,
          1681, 1673, 1670, -1,
          1682, 1679, 1680, -1,
          1682, 1680, 1683, -1,
          1684, 1677, 1678, -1,
          1684, 1678, 1685, -1,
          1686, 1682, 1683, -1,
          1686, 1683, 1662, -1,
          1686, 1662, 1655, -1,
          1687, 1688, 1689, -1,
          1687, 1689, 1690, -1,
          1691, 1681, 1670, -1,
          1691, 1692, 1693, -1,
          1691, 1693, 1681, -1,
          1691, 1694, 1692, -1,
          1695, 1692, 1694, -1,
          1696, 1670, 1625, -1,
          1696, 1691, 1670, -1,
          1697, 1692, 1695, -1,
          1698, 1696, 1625, -1,
          1699, 1690, 1692, -1,
          1699, 1692, 1697, -1,
          1700, 1698, 1625, -1,
          1701, 1690, 1699, -1,
          1702, 1700, 1625, -1,
          1703, 1702, 1625, -1,
          1704, 1705, 1687, -1,
          1704, 1686, 1706, -1,
          1704, 1706, 1705, -1,
          1707, 1701, 1708, -1,
          1707, 1690, 1701, -1,
          1709, 1708, 1710, -1,
          1709, 1707, 1708, -1,
          1711, 1682, 1686, -1,
          1712, 1703, 1625, -1,
          1713, 1690, 1707, -1,
          1714, 1710, 1715, -1,
          1714, 1709, 1710, -1,
          1716, 1690, 1713, -1,
          1717, 1715, 1718, -1,
          1717, 1714, 1715, -1,
          1719, 1704, 1687, -1,
          1720, 1687, 1690, -1,
          1720, 1690, 1716, -1,
          1721, 1718, 1722, -1,
          1721, 1717, 1718, -1,
          1723, 1687, 1720, -1,
          1724, 1719, 1687, -1,
          1725, 1721, 1722, -1,
          1726, 1612, 1608, -1,
          1726, 1608, 1640, -1,
          1726, 1640, 1727, -1,
          1726, 1727, 1728, -1,
          1726, 1728, 1657, -1,
          1726, 1657, 1656, -1,
          1726, 1656, 1729, -1,
          1726, 1729, 1730, -1,
          1726, 1730, 1731, -1,
          1732, 1711, 1686, -1,
          1732, 1686, 1704, -1,
          1733, 1712, 1625, -1,
          1734, 1687, 1723, -1,
          1734, 1724, 1687, -1,
          1735, 1711, 1732, -1,
          1736, 1734, 1723, -1,
          1736, 1723, 1737, -1,
          1738, 1625, 1739, -1,
          1738, 1733, 1625, -1,
          1740, 1737, 1741, -1,
          1740, 1736, 1737, -1,
          1742, 1741, 1743, -1,
          1742, 1740, 1741, -1,
          1744, 1742, 1743, -1,
          1744, 1743, 1745, -1,
          1744, 1745, 1746, -1,
          1744, 1746, 1747, -1,
          1748, 1738, 1739, -1,
          1749, 1744, 1747, -1,
          1750, 1744, 1749, -1,
          1751, 1744, 1750, -1,
          1751, 1750, 1752, -1,
          1751, 1752, 1753, -1,
          1751, 1753, 1754, -1,
          1755, 1751, 1754, -1,
          1756, 1754, 1757, -1,
          1756, 1755, 1754, -1,
          1758, 1757, 1759, -1,
          1758, 1756, 1757, -1,
          1760, 1748, 1739, -1,
          1761, 1759, 1748, -1,
          1762, 1760, 1739, -1,
          1763, 1759, 1761, -1,
          1764, 1762, 1739, -1,
          1765, 1764, 1739, -1,
          1766, 1748, 1760, -1,
          1766, 1761, 1748, -1,
          1767, 1766, 1760, -1,
          1768, 1758, 1759, -1,
          1769, 1758, 1768, -1,
          1770, 1768, 1759, -1,
          1770, 1759, 1763, -1,
          1771, 1758, 1769, -1,
          1772, 1770, 1763, -1,
          1773, 1758, 1771, -1,
          1774, 1772, 1763, -1,
          1774, 1763, 1775, -1,
          1776, 1774, 1775, -1,
          1777, 1767, 1760, -1,
          1778, 1776, 1775, -1,
          1779, 1775, 1780, -1,
          1779, 1778, 1775, -1,
          1781, 1782, 1783, -1,
          1784, 1779, 1780, -1,
          1785, 1782, 1781, -1,
          1786, 1784, 1780, -1,
          1787, 1786, 1780, -1,
          1787, 1780, 1788, -1,
          1789, 1782, 1785, -1,
          1790, 1787, 1788, -1,
          1791, 1782, 1789, -1,
          1792, 1765, 1739, -1,
          1793, 1794, 1795, -1,
          1793, 1795, 1796, -1,
          1793, 1796, 1797, -1,
          1793, 1726, 1731, -1,
          1793, 1797, 1798, -1,
          1793, 1799, 1800, -1,
          1793, 1731, 1799, -1,
          1793, 1800, 1801, -1,
          1793, 1801, 1802, -1,
          1793, 1802, 1794, -1,
          1793, 1798, 1803, -1,
          1793, 1803, 1804, -1,
          1793, 1804, 1782, -1,
          1805, 1790, 1788, -1,
          1806, 1782, 1791, -1,
          1807, 1805, 1788, -1,
          1808, 1782, 1806, -1,
          1809, 1807, 1788, -1,
          1810, 1809, 1788, -1,
          1811, 1812, 1810, -1,
          1813, 1812, 1811, -1,
          1814, 1811, 1810, -1,
          1814, 1810, 1788, -1,
          1815, 1812, 1813, -1,
          1815, 1816, 1812, -1,
          1817, 1818, 1819, -1,
          1817, 1819, 1816, -1,
          1817, 1816, 1815, -1,
          1820, 1814, 1788, -1,
          1821, 1820, 1788, -1,
          1822, 1788, 1765, -1,
          1822, 1821, 1788, -1,
          1823, 1822, 1765, -1,
          1824, 1823, 1765, -1,
          1825, 1826, 1827, -1,
          1828, 1826, 1825, -1,
          1828, 1829, 1826, -1,
          1830, 1829, 1828, -1,
          1831, 1832, 1833, -1,
          1831, 1833, 1818, -1,
          1831, 1818, 1817, -1,
          1831, 1834, 1832, -1,
          1835, 1824, 1765, -1,
          1836, 1835, 1765, -1,
          1837, 1834, 1831, -1,
          1837, 1838, 1834, -1,
          1839, 1831, 1817, -1,
          1839, 1817, 1829, -1,
          1840, 1836, 1765, -1,
          1840, 1765, 1792, -1,
          1841, 1838, 1837, -1,
          1841, 1842, 1838, -1,
          1843, 1840, 1792, -1,
          1844, 1842, 1841, -1,
          1844, 1845, 1842, -1,
          1846, 1847, 1848, -1,
          1846, 1848, 1839, -1,
          1849, 1843, 1792, -1,
          1850, 1839, 1829, -1,
          1850, 1846, 1839, -1,
          1851, 1845, 1844, -1,
          1851, 1852, 1845, -1,
          1853, 1850, 1829, -1,
          1854, 1849, 1792, -1,
          1855, 1853, 1829, -1,
          1856, 1855, 1829, -1,
          1856, 1829, 1830, -1,
          1856, 1830, 1857, -1,
          1858, 1857, 1859, -1,
          1858, 1856, 1857, -1,
          1860, 1861, 1862, -1,
          1860, 1862, 1863, -1,
          1864, 1858, 1859, -1,
          1864, 1859, 1865, -1,
          1866, 1861, 1860, -1,
          1867, 1865, 1868, -1,
          1867, 1864, 1865, -1,
          1869, 1861, 1866, -1,
          1869, 1870, 1861, -1,
          1869, 1866, 1871, -1,
          1872, 1868, 1873, -1,
          1872, 1867, 1868, -1,
          1874, 1872, 1873, -1,
          1874, 1873, 1875, -1,
          1876, 1870, 1869, -1,
          1876, 1874, 1875, -1,
          1876, 1875, 1870, -1,
          1877, 1869, 1878, -1,
          1877, 1876, 1869, -1,
          1879, 1877, 1878, -1,
          1880, 1877, 1879, -1,
          1881, 1880, 1879, -1,
          1882, 1883, 1884, -1,
          1882, 1884, 1885, -1,
          1882, 1885, 1886, -1,
          1887, 1851, 1888, -1,
          1887, 1888, 1889, -1,
          1887, 1889, 1890, -1,
          1887, 1890, 1891, -1,
          1887, 1891, 1892, -1,
          1887, 1892, 1893, -1,
          1887, 1893, 1894, -1,
          1887, 1793, 1782, -1,
          1887, 1782, 1808, -1,
          1887, 1808, 1895, -1,
          1887, 1895, 1896, -1,
          1887, 1896, 1897, -1,
          1887, 1897, 1898, -1,
          1887, 1898, 1899, -1,
          1887, 1899, 1900, -1,
          1887, 1900, 1901, -1,
          1887, 1852, 1851, -1,
          1887, 1901, 1852, -1,
          1902, 1883, 1882, -1,
          1902, 1903, 1904, -1,
          1902, 1904, 1905, -1,
          1902, 1905, 1906, -1,
          1902, 1906, 1883, -1,
          1907, 1886, 1908, -1,
          1907, 1882, 1886, -1,
          1909, 1903, 1902, -1,
          1910, 1908, 1911, -1,
          1910, 1911, 1912, -1,
          1910, 1854, 1792, -1,
          1910, 1912, 1913, -1,
          1910, 1913, 1854, -1,
          1910, 1907, 1908, -1,
          1914, 1910, 1792, -1,
          1915, 1907, 1910, -1,
          1916, 1914, 1792, -1,
          1917, 1916, 1792, -1,
          1918, 1915, 1910, -1,
          1919, 1920, 1917, -1,
          1921, 1917, 1920, -1,
          1922, 1919, 1917, -1,
          1923, 1917, 1921, -1,
          1924, 1922, 1917, -1,
          1925, 1917, 1923, -1,
          1926, 1924, 1917, -1,
          1927, 1917, 1925, -1,
          1928, 1909, 1929, -1,
          1928, 1929, 1930, -1,
          1928, 1903, 1909, -1,
          1931, 1926, 1917, -1,
          1931, 1917, 1792, -1,
          1932, 1931, 1792, -1,
          1933, 1927, 1934, -1,
          1935, 1933, 1934, -1,
          1935, 1934, 1936, -1,
          1937, 1932, 1792, -1,
          1938, 1917, 1927, -1,
          1938, 1927, 1933, -1,
          1939, 1935, 1936, -1,
          1939, 1936, 1940, -1,
          1941, 1939, 1940, -1,
          1941, 1940, 1942, -1,
          1943, 1944, 1945, -1,
          1946, 1941, 1942, -1,
          1946, 1942, 1947, -1,
          1948, 1944, 1943, -1,
          1949, 1946, 1947, -1,
          1950, 1944, 1948, -1,
          1951, 1792, 1952, -1,
          1951, 1937, 1792, -1,
          1953, 1944, 1950, -1,
          1954, 1944, 1953, -1,
          1955, 1944, 1954, -1,
          1956, 1951, 1952, -1,
          1957, 1944, 1955, -1,
          1958, 1944, 1957, -1,
          1959, 1956, 1952, -1,
          1960, 1959, 1952, -1,
          1961, 1903, 1928, -1,
          1961, 1887, 1894, -1,
          1961, 1958, 1962, -1,
          1961, 1962, 1963, -1,
          1961, 1894, 1964, -1,
          1961, 1963, 1965, -1,
          1961, 1964, 1966, -1,
          1961, 1965, 1967, -1,
          1961, 1966, 1968, -1,
          1961, 1967, 1969, -1,
          1961, 1968, 1903, -1,
          1961, 1944, 1958, -1,
          1961, 1928, 1970, -1,
          1961, 1970, 1971, -1,
          1961, 1971, 1944, -1,
          1972, 1961, 1969, -1,
          1972, 1969, 1973, -1,
          1972, 1973, 1974, -1,
          1975, 1972, 1974, -1,
          1975, 1974, 1959, -1,
          1975, 1959, 1960, -1,
          1976, 1975, 1960, -1,
          1976, 1960, 1977, -1,
          1976, 1977, 1978, -1,
          1979, 1978, 1980, -1,
          1979, 1976, 1978, -1,
          1981, 1980, 525, -1,
          1981, 1979, 1980, -1,
          596, 1981, 525, -1,
          1271, 1247, 1272, -1,
          1272, 1247, 1982, -1,
          1982, 1247, 1258, -1,
          1731, 1666, 1671, -1,
          1731, 1671, 1799, -1,
          1782, 1758, 1983, -1,
          1983, 1758, 1984, -1,
          1984, 1758, 1773, -1,
          1782, 1983, 1783, -1,
          1751, 1985, 1744, -1,
          1736, 1794, 1734, -1,
          1797, 1986, 1798, -1,
          1910, 1928, 1930, -1,
          1910, 1930, 1918, -1,
          1944, 1917, 1945, -1,
          1945, 1917, 1938, -1,
          1665, 1686, 1655, -1,
          1687, 1987, 1688, -1,
          1988, 1630, 1629, -1,
          1476, 1512, 1481, -1,
          1520, 1989, 1521, -1,
          1452, 1420, 1448, -1,
          1452, 1448, 1453, -1,
          1990, 1432, 1426, -1,
          1443, 1991, 1446, -1,
          1802, 1734, 1794, -1,
          1657, 1644, 1658, -1,
          1658, 1644, 1643, -1,
          1644, 1604, 1638, -1,
          1514, 1992, 1572, -1,
          1993, 1416, 1423, -1,
          1198, 1168, 1183, -1,
          1994, 1995, 1996, -1,
          1997, 1995, 1994, -1,
          1998, 1995, 1997, -1,
          1999, 1998, 1997, -1,
          2000, 1998, 1999, -1,
          2001, 1998, 2000, -1,
          2002, 2001, 2000, -1,
          2003, 2002, 2000, -1,
          2004, 2003, 2000, -1,
          2005, 2004, 2000, -1,
          2006, 2007, 2008, -1,
          2009, 2006, 2008, -1,
          2010, 2008, 2011, -1,
          2010, 2009, 2008, -1,
          2012, 2011, 2013, -1,
          2012, 2013, 2014, -1,
          2012, 2014, 2015, -1,
          2012, 2015, 2016, -1,
          2012, 2010, 2011, -1,
          2000, 2012, 2005, -1,
          2005, 2012, 2017, -1,
          2017, 2012, 2016, -1,
          2018, 2019, 2020, -1,
          2021, 2022, 2019, -1,
          2021, 2019, 2018, -1,
          2023, 2022, 2021, -1,
          2024, 2022, 2023, -1,
          2025, 2024, 2023, -1,
          2026, 2024, 2025, -1,
          2027, 2026, 2025, -1,
          2028, 2027, 2025, -1,
          2029, 2028, 2025, -1,
          2030, 2031, 2032, -1,
          2033, 2032, 2034, -1,
          2033, 2030, 2032, -1,
          2035, 2034, 2036, -1,
          2035, 2033, 2034, -1,
          2037, 2036, 2038, -1,
          2037, 2038, 2039, -1,
          2037, 2039, 2040, -1,
          2037, 2035, 2036, -1,
          2025, 2037, 2040, -1,
          2025, 2040, 2041, -1,
          2025, 2041, 2029, -1,
          797, 778, 793, -1,
          802, 778, 797, -1,
          804, 778, 802, -1,
          1086, 772, 774, -1,
          785, 772, 1086, -1,
          785, 769, 772, -1,
          817, 1086, 774, -1,
          817, 774, 776, -1,
          784, 769, 785, -1,
          818, 778, 804, -1,
          818, 817, 776, -1,
          818, 777, 778, -1,
          818, 776, 777, -1,
          818, 804, 810, -1,
          783, 769, 784, -1,
          783, 770, 769, -1,
          819, 818, 810, -1,
          819, 810, 864, -1,
          781, 770, 783, -1,
          781, 771, 770, -1,
          860, 819, 864, -1,
          860, 820, 819, -1,
          780, 771, 781, -1,
          779, 773, 771, -1,
          779, 771, 780, -1,
          856, 821, 820, -1,
          856, 825, 821, -1,
          856, 820, 860, -1,
          791, 775, 773, -1,
          796, 773, 779, -1,
          796, 791, 773, -1,
          782, 796, 779, -1,
          854, 826, 825, -1,
          854, 825, 856, -1,
          853, 828, 826, -1,
          853, 826, 854, -1,
          858, 830, 828, -1,
          858, 828, 853, -1,
          862, 831, 830, -1,
          862, 830, 858, -1,
          867, 831, 862, -1,
          867, 832, 831, -1,
          866, 832, 867, -1,
          866, 829, 832, -1,
          872, 829, 866, -1,
          872, 833, 829, -1,
          875, 833, 872, -1,
          875, 824, 827, -1,
          875, 827, 833, -1,
          869, 816, 824, -1,
          869, 824, 875, -1,
          851, 816, 869, -1,
          844, 816, 851, -1,
          843, 800, 816, -1,
          843, 816, 844, -1,
          841, 800, 843, -1,
          837, 795, 800, -1,
          837, 790, 795, -1,
          837, 800, 841, -1,
          823, 790, 837, -1,
          823, 788, 790, -1,
          814, 787, 788, -1,
          814, 788, 823, -1,
          812, 786, 787, -1,
          812, 787, 814, -1,
          809, 789, 786, -1,
          809, 792, 789, -1,
          809, 786, 812, -1,
          807, 792, 809, -1,
          806, 794, 792, -1,
          806, 792, 807, -1,
          805, 798, 794, -1,
          805, 794, 806, -1,
          808, 799, 798, -1,
          808, 798, 805, -1,
          811, 801, 799, -1,
          811, 799, 808, -1,
          813, 803, 801, -1,
          813, 801, 811, -1,
          846, 842, 850, -1,
          815, 913, 803, -1,
          815, 803, 813, -1,
          890, 850, 868, -1,
          890, 868, 874, -1,
          890, 846, 850, -1,
          822, 913, 815, -1,
          834, 914, 913, -1,
          834, 913, 822, -1,
          889, 849, 846, -1,
          889, 846, 890, -1,
          835, 914, 834, -1,
          835, 915, 914, -1,
          894, 849, 889, -1,
          894, 848, 849, -1,
          916, 915, 835, -1,
          916, 835, 836, -1,
          917, 916, 836, -1,
          897, 847, 848, -1,
          897, 848, 894, -1,
          918, 917, 836, -1,
          900, 845, 847, -1,
          900, 840, 845, -1,
          900, 847, 897, -1,
          902, 839, 840, -1,
          902, 840, 900, -1,
          920, 919, 918, -1,
          921, 920, 918, -1,
          904, 838, 839, -1,
          904, 839, 902, -1,
          907, 838, 904, -1,
          922, 918, 836, -1,
          922, 921, 918, -1,
          923, 836, 838, -1,
          923, 838, 907, -1,
          923, 922, 836, -1,
          2042, 2043, 2044, -1,
          2045, 2042, 2044, -1,
          2046, 2047, 2042, -1,
          2048, 2046, 2042, -1,
          2049, 2042, 2045, -1,
          2049, 2048, 2042, -1,
          2042, 2050, 2043, -1,
          881, 873, 877, -1,
          2019, 855, 859, -1,
          2022, 855, 2019, -1,
          2020, 2019, 859, -1,
          2020, 863, 870, -1,
          2020, 859, 863, -1,
          2024, 855, 2022, -1,
          2024, 852, 855, -1,
          2026, 852, 2024, -1,
          2026, 857, 852, -1,
          2018, 2020, 870, -1,
          2018, 870, 873, -1,
          2018, 881, 898, -1,
          2018, 873, 881, -1,
          2027, 857, 2026, -1,
          2021, 2018, 898, -1,
          2028, 857, 2027, -1,
          2028, 861, 857, -1,
          2023, 2021, 898, -1,
          2023, 898, 905, -1,
          2029, 861, 2028, -1,
          2029, 865, 861, -1,
          2025, 2023, 905, -1,
          2025, 905, 909, -1,
          2041, 871, 865, -1,
          2041, 865, 2029, -1,
          2040, 876, 871, -1,
          2040, 871, 2041, -1,
          2039, 880, 876, -1,
          2039, 876, 2040, -1,
          2038, 884, 880, -1,
          2038, 880, 2039, -1,
          2036, 884, 2038, -1,
          887, 884, 2036, -1,
          2034, 887, 2036, -1,
          2032, 892, 887, -1,
          2032, 887, 2034, -1,
          2031, 892, 2032, -1,
          895, 892, 2031, -1,
          2030, 895, 2031, -1,
          2037, 2025, 909, -1,
          1995, 886, 891, -1,
          1995, 883, 886, -1,
          1998, 879, 883, -1,
          1998, 883, 1995, -1,
          1996, 891, 895, -1,
          1996, 1995, 891, -1,
          2001, 878, 879, -1,
          2001, 879, 1998, -1,
          1994, 895, 2030, -1,
          1994, 1996, 895, -1,
          2002, 878, 2001, -1,
          1997, 2030, 2033, -1,
          1997, 1994, 2030, -1,
          2003, 878, 2002, -1,
          2003, 882, 878, -1,
          1999, 1997, 2033, -1,
          1999, 2033, 2035, -1,
          2004, 882, 2003, -1,
          2004, 885, 882, -1,
          2000, 1999, 2035, -1,
          2000, 2035, 2037, -1,
          2005, 885, 2004, -1,
          2017, 885, 2005, -1,
          2017, 888, 885, -1,
          2016, 893, 888, -1,
          2016, 888, 2017, -1,
          2015, 896, 893, -1,
          2015, 893, 2016, -1,
          2014, 899, 896, -1,
          2014, 896, 2015, -1,
          2013, 899, 2014, -1,
          2011, 901, 899, -1,
          2011, 899, 2013, -1,
          2008, 901, 2011, -1,
          2007, 903, 901, -1,
          2007, 901, 2008, -1,
          906, 903, 2007, -1,
          908, 906, 2007, -1,
          908, 2007, 2006, -1,
          911, 908, 2006, -1,
          912, 911, 2006, -1,
          958, 912, 2006, -1,
          959, 958, 2006, -1,
          959, 2006, 2009, -1,
          960, 2009, 2010, -1,
          960, 959, 2009, -1,
          961, 2010, 2012, -1,
          961, 960, 2010, -1,
          928, 2012, 2000, -1,
          928, 961, 2012, -1,
          909, 928, 2000, -1,
          909, 2000, 2037, -1,
          2050, 910, 924, -1,
          2050, 924, 925, -1,
          2050, 925, 926, -1,
          2043, 2050, 926, -1,
          2044, 2043, 926, -1,
          2042, 910, 2050, -1,
          929, 2047, 2046, -1,
          929, 2046, 2048, -1,
          929, 931, 2047, -1,
          933, 2048, 2049, -1,
          933, 929, 2048, -1,
          934, 933, 2049, -1,
          964, 927, 931, -1,
          965, 964, 931, -1,
          930, 965, 931, -1,
          962, 932, 934, -1,
          963, 962, 934, -1,
          939, 963, 934, -1,
          927, 910, 2042, -1,
          927, 2042, 2047, -1,
          927, 2047, 931, -1,
          926, 939, 2045, -1,
          2045, 939, 2049, -1,
          2049, 939, 934, -1,
          926, 2045, 2044, -1,
          2051, 2052, 2053, -1,
          2051, 2053, 2054, -1,
          2055, 2052, 2051, -1,
          2056, 2055, 2051, -1,
          2057, 2058, 2055, -1,
          2057, 2055, 2056, -1,
          2059, 2058, 2057, -1,
          2060, 2059, 2057, -1,
          2061, 2060, 2057, -1,
          2062, 2061, 2057, -1,
          2063, 2064, 2065, -1,
          2063, 2065, 2066, -1,
          2067, 2066, 2068, -1,
          2067, 2063, 2066, -1,
          2069, 2068, 2070, -1,
          2069, 2070, 2071, -1,
          2069, 2071, 2072, -1,
          2069, 2072, 2073, -1,
          2069, 2067, 2068, -1,
          2057, 2069, 2073, -1,
          2057, 2073, 2062, -1,
          938, 936, 942, -1,
          949, 935, 937, -1,
          949, 937, 940, -1,
          949, 940, 941, -1,
          1027, 942, 943, -1,
          1027, 938, 942, -1,
          1028, 943, 949, -1,
          1028, 1027, 943, -1,
          968, 1028, 949, -1,
          941, 968, 949, -1,
          2074, 2075, 2076, -1,
          2074, 2076, 2077, -1,
          2078, 2079, 2075, -1,
          2078, 2075, 2074, -1,
          2080, 2081, 2079, -1,
          2080, 2079, 2078, -1,
          2082, 2083, 2081, -1,
          2082, 2081, 2080, -1,
          2084, 2085, 2083, -1,
          2084, 2083, 2082, -1,
          2086, 2087, 2085, -1,
          2086, 2085, 2084, -1,
          2088, 2089, 2087, -1,
          2088, 2087, 2086, -1,
          2090, 2091, 2089, -1,
          2090, 2089, 2088, -1,
          2092, 2093, 2091, -1,
          2092, 2091, 2090, -1,
          2094, 2095, 2093, -1,
          2094, 2093, 2092, -1,
          2096, 2097, 2095, -1,
          2096, 2095, 2094, -1,
          2098, 2099, 2100, -1,
          2098, 2100, 2097, -1,
          2098, 2097, 2096, -1,
          2101, 2102, 2099, -1,
          2101, 2099, 2098, -1,
          2103, 2102, 2101, -1,
          2103, 2104, 2102, -1,
          2105, 2104, 2103, -1,
          2105, 2106, 2104, -1,
          2107, 2106, 2105, -1,
          2107, 2108, 2109, -1,
          2107, 2109, 2106, -1,
          2110, 2108, 2107, -1,
          2110, 2111, 2108, -1,
          2112, 2111, 2110, -1,
          2112, 2113, 2111, -1,
          2114, 2115, 2116, -1,
          2114, 2116, 2113, -1,
          2117, 2113, 2112, -1,
          2117, 2114, 2113, -1,
          2052, 945, 946, -1,
          2053, 948, 950, -1,
          2053, 946, 948, -1,
          2053, 2052, 946, -1,
          2055, 945, 2052, -1,
          2058, 945, 2055, -1,
          2058, 944, 945, -1,
          2054, 956, 957, -1,
          2054, 954, 956, -1,
          2054, 952, 954, -1,
          2054, 950, 952, -1,
          2054, 2053, 950, -1,
          2059, 944, 2058, -1,
          2059, 947, 944, -1,
          2051, 957, 966, -1,
          2051, 2054, 957, -1,
          2060, 947, 2059, -1,
          2056, 2051, 966, -1,
          2056, 966, 982, -1,
          2061, 951, 947, -1,
          2061, 953, 951, -1,
          2061, 947, 2060, -1,
          2057, 2056, 982, -1,
          2057, 982, 983, -1,
          2062, 953, 2061, -1,
          2073, 955, 953, -1,
          2073, 953, 2062, -1,
          2072, 969, 955, -1,
          2072, 955, 2073, -1,
          2071, 970, 969, -1,
          2071, 969, 2072, -1,
          2070, 970, 2071, -1,
          2068, 972, 970, -1,
          2068, 970, 2070, -1,
          2066, 973, 972, -1,
          2066, 972, 2068, -1,
          2065, 973, 2066, -1,
          975, 973, 2065, -1,
          977, 975, 2065, -1,
          977, 2065, 2064, -1,
          979, 977, 2064, -1,
          981, 979, 2064, -1,
          981, 2064, 2063, -1,
          2069, 2057, 983, -1,
          996, 980, 981, -1,
          996, 981, 997, -1,
          995, 978, 980, -1,
          995, 980, 996, -1,
          998, 997, 981, -1,
          998, 981, 2063, -1,
          998, 2063, 2067, -1,
          994, 976, 978, -1,
          994, 978, 995, -1,
          999, 998, 2067, -1,
          1000, 2067, 2069, -1,
          1000, 999, 2067, -1,
          1001, 1000, 2069, -1,
          993, 974, 976, -1,
          993, 971, 974, -1,
          993, 976, 994, -1,
          992, 971, 993, -1,
          967, 971, 992, -1,
          1029, 967, 992, -1,
          1030, 1029, 992, -1,
          991, 1030, 992, -1,
          990, 1001, 1031, -1,
          1031, 1001, 1032, -1,
          1032, 1001, 1008, -1,
          983, 1008, 1001, -1,
          983, 1001, 2069, -1,
          1012, 1006, 1010, -1,
          1013, 1006, 1012, -1,
          1013, 1005, 1006, -1,
          2075, 2079, 988, -1,
          2075, 988, 1003, -1,
          2076, 2075, 1003, -1,
          2076, 1003, 1004, -1,
          2081, 988, 2079, -1,
          2081, 986, 988, -1,
          2077, 1005, 1013, -1,
          2077, 2076, 1004, -1,
          2077, 1004, 1005, -1,
          2077, 1015, 1017, -1,
          2077, 1013, 1015, -1,
          2083, 986, 2081, -1,
          2083, 985, 986, -1,
          2074, 2077, 1017, -1,
          2085, 985, 2083, -1,
          1026, 2074, 1017, -1,
          1026, 2078, 2074, -1,
          2087, 984, 985, -1,
          2087, 985, 2085, -1,
          1025, 2078, 1026, -1,
          1025, 2080, 2078, -1,
          2089, 987, 984, -1,
          2089, 984, 2087, -1,
          2082, 2080, 1025, -1,
          1024, 2082, 1025, -1,
          2084, 2082, 1024, -1,
          2091, 989, 987, -1,
          2091, 987, 2089, -1,
          2093, 989, 2091, -1,
          2093, 1002, 989, -1,
          1023, 2086, 2084, -1,
          1023, 2084, 1024, -1,
          2088, 2086, 1023, -1,
          2095, 1087, 1002, -1,
          2095, 1002, 2093, -1,
          1022, 2088, 1023, -1,
          1022, 2090, 2088, -1,
          2097, 1087, 2095, -1,
          1009, 1087, 2097, -1,
          2100, 1009, 2097, -1,
          1033, 2092, 2090, -1,
          1033, 2090, 1022, -1,
          2094, 2092, 1033, -1,
          2099, 1009, 2100, -1,
          1007, 1009, 2099, -1,
          2102, 1007, 2099, -1,
          1088, 2096, 2094, -1,
          1088, 2094, 1033, -1,
          2104, 1007, 2102, -1,
          1011, 1007, 2104, -1,
          2106, 1011, 2104, -1,
          1047, 2098, 2096, -1,
          1047, 2096, 1088, -1,
          2109, 1011, 2106, -1,
          2109, 1014, 1011, -1,
          1046, 2098, 1047, -1,
          1046, 2101, 2098, -1,
          2108, 1014, 2109, -1,
          1016, 1014, 2108, -1,
          2111, 1016, 2108, -1,
          1045, 2101, 1046, -1,
          1045, 2103, 2101, -1,
          2113, 1018, 1016, -1,
          2113, 1016, 2111, -1,
          2116, 1018, 2113, -1,
          1019, 1018, 2116, -1,
          1044, 2103, 1045, -1,
          1044, 2105, 2103, -1,
          1020, 1019, 2116, -1,
          1020, 2116, 2115, -1,
          1043, 2105, 1044, -1,
          1043, 2107, 2105, -1,
          1043, 2110, 2107, -1,
          1070, 1020, 2115, -1,
          1042, 2110, 1043, -1,
          1042, 2112, 2110, -1,
          1041, 2112, 1042, -1,
          1041, 2117, 2112, -1,
          1041, 2114, 2117, -1,
          1040, 2114, 1041, -1,
          1040, 2115, 2114, -1,
          1073, 1071, 1070, -1,
          1073, 1072, 1071, -1,
          1074, 1070, 2115, -1,
          1074, 1073, 1070, -1,
          1074, 2115, 1040, -1,
          1038, 1021, 1034, -1,
          1038, 1034, 1035, -1,
          1038, 1035, 1036, -1,
          1056, 1048, 1049, -1,
          1056, 1049, 1054, -1,
          1056, 1054, 1055, -1,
          1053, 1038, 1037, -1,
          1053, 1052, 1038, -1,
          1061, 1037, 1050, -1,
          1061, 1053, 1037, -1,
          1062, 1050, 1056, -1,
          1062, 1061, 1050, -1,
          1068, 1039, 1052, -1,
          1069, 1068, 1052, -1,
          1051, 1069, 1052, -1,
          1082, 1060, 1062, -1,
          1083, 1082, 1062, -1,
          1063, 1083, 1062, -1,
          1039, 1021, 1052, -1,
          1052, 1021, 1038, -1,
          1055, 1063, 1062, -1,
          1055, 1062, 1056, -1,
          1064, 1058, 1057, -1,
          1064, 1057, 1059, -1,
          1076, 1064, 1059, -1,
          1077, 1059, 1065, -1,
          1077, 1076, 1059, -1,
          1079, 1077, 1065, -1,
          1080, 1079, 1065, -1,
          1081, 1065, 1066, -1,
          1081, 1080, 1065, -1,
          1067, 1081, 1066, -1,
          1084, 1075, 1077, -1,
          1085, 1077, 1079, -1,
          1085, 1084, 1077, -1,
          1078, 1085, 1079, -1,
          1111, 1106, 1107, -1,
          1132, 1104, 1106, -1,
          1132, 1106, 1111, -1,
          1127, 1102, 1104, -1,
          1127, 1104, 1132, -1,
          1125, 1102, 1127, -1,
          1125, 1100, 1102, -1,
          1125, 1097, 1100, -1,
          1145, 1140, 1141, -1,
          1145, 1135, 1140, -1,
          1157, 1135, 1145, -1,
          1157, 1131, 1135, -1,
          1116, 1098, 1097, -1,
          1156, 1131, 1157, -1,
          1121, 1097, 1125, -1,
          1117, 1097, 1121, -1,
          1117, 1116, 1097, -1,
          1114, 1098, 1116, -1,
          1114, 1101, 1098, -1,
          1118, 1117, 1121, -1,
          1155, 1131, 1156, -1,
          1155, 1126, 1131, -1,
          1110, 1101, 1114, -1,
          1109, 1101, 1110, -1,
          1109, 1103, 1101, -1,
          1154, 1126, 1155, -1,
          1154, 1124, 1126, -1,
          1154, 1122, 1124, -1,
          1123, 1139, 1138, -1,
          1108, 1103, 1109, -1,
          1105, 1103, 1108, -1,
          1134, 1139, 1123, -1,
          1149, 1148, 1120, -1,
          1149, 1120, 1122, -1,
          1150, 1122, 1154, -1,
          1150, 1149, 1122, -1,
          1158, 1150, 1154, -1,
          1142, 1120, 1148, -1,
          1142, 1123, 1120, -1,
          1113, 1105, 1108, -1,
          1151, 1150, 1158, -1,
          1144, 1129, 1134, -1,
          1144, 1134, 1123, -1,
          1144, 1123, 1142, -1,
          1160, 1174, 1151, -1,
          1160, 1170, 1174, -1,
          1160, 1151, 1158, -1,
          1143, 1130, 1129, -1,
          1143, 1129, 1144, -1,
          1171, 1170, 1160, -1,
          1115, 1105, 1113, -1,
          1146, 1128, 1130, -1,
          1146, 1130, 1143, -1,
          1166, 1171, 1160, -1,
          1167, 1166, 1160, -1,
          1147, 1128, 1146, -1,
          1147, 1133, 1128, -1,
          1136, 1133, 1147, -1,
          1165, 1167, 1160, -1,
          1165, 1160, 1168, -1,
          1119, 1105, 1115, -1,
          1293, 1181, 1172, -1,
          1294, 1293, 1172, -1,
          1198, 1294, 1172, -1,
          1147, 1173, 1300, -1,
          1147, 1300, 1299, -1,
          1147, 1299, 1152, -1,
          1147, 1152, 1136, -1,
          1115, 1137, 1164, -1,
          1115, 1164, 1163, -1,
          1115, 1163, 1119, -1,
          1121, 1123, 1138, -1,
          1121, 1138, 1118, -1,
          1160, 1153, 1159, -1,
          1160, 1159, 1161, -1,
          1160, 1161, 1168, -1,
          1168, 1198, 1172, -1,
          1168, 1172, 1169, -1,
          1168, 1169, 1165, -1,
          1189, 1184, 1185, -1,
          1194, 1182, 1184, -1,
          1194, 1184, 1189, -1,
          1206, 1179, 1182, -1,
          1206, 1182, 1194, -1,
          1204, 1179, 1206, -1,
          1204, 1177, 1179, -1,
          1204, 1175, 1177, -1,
          1248, 1218, 1219, -1,
          1248, 1213, 1218, -1,
          1234, 1213, 1248, -1,
          1234, 1210, 1213, -1,
          1193, 1176, 1175, -1,
          1233, 1210, 1234, -1,
          1200, 1175, 1204, -1,
          1195, 1175, 1200, -1,
          1195, 1193, 1175, -1,
          1191, 1176, 1193, -1,
          1191, 1178, 1176, -1,
          1196, 1195, 1200, -1,
          1232, 1210, 1233, -1,
          1232, 1205, 1210, -1,
          1188, 1178, 1191, -1,
          1187, 1178, 1188, -1,
          1187, 1180, 1178, -1,
          1231, 1205, 1232, -1,
          1231, 1203, 1205, -1,
          1231, 1201, 1203, -1,
          1202, 1217, 1216, -1,
          1186, 1180, 1187, -1,
          1183, 1180, 1186, -1,
          1212, 1217, 1202, -1,
          1226, 1225, 1199, -1,
          1226, 1199, 1201, -1,
          1227, 1201, 1231, -1,
          1227, 1226, 1201, -1,
          1235, 1227, 1231, -1,
          1220, 1199, 1225, -1,
          1220, 1202, 1199, -1,
          1190, 1183, 1186, -1,
          1228, 1227, 1235, -1,
          1222, 1208, 1212, -1,
          1222, 1212, 1202, -1,
          1222, 1202, 1220, -1,
          1236, 1251, 1228, -1,
          1236, 1241, 1251, -1,
          1236, 1228, 1235, -1,
          1221, 1209, 1208, -1,
          1221, 1208, 1222, -1,
          1242, 1241, 1236, -1,
          1192, 1183, 1190, -1,
          1223, 1207, 1209, -1,
          1223, 1209, 1221, -1,
          1238, 1242, 1236, -1,
          1239, 1238, 1236, -1,
          1224, 1207, 1223, -1,
          1224, 1211, 1207, -1,
          1214, 1211, 1224, -1,
          1237, 1239, 1236, -1,
          1237, 1236, 1247, -1,
          1197, 1183, 1192, -1,
          1295, 1253, 1249, -1,
          1296, 1295, 1249, -1,
          1271, 1296, 1249, -1,
          1224, 1250, 1292, -1,
          1224, 1292, 1291, -1,
          1224, 1291, 1229, -1,
          1224, 1229, 1214, -1,
          1192, 1215, 1298, -1,
          1192, 1298, 1297, -1,
          1192, 1297, 1197, -1,
          1200, 1202, 1216, -1,
          1200, 1216, 1196, -1,
          1236, 1230, 1245, -1,
          1236, 1245, 1246, -1,
          1236, 1246, 1247, -1,
          1247, 1271, 1249, -1,
          1247, 1249, 1240, -1,
          1247, 1240, 1237, -1,
          1370, 1357, 1364, -1,
          1373, 1355, 1357, -1,
          1373, 1357, 1370, -1,
          1377, 1352, 1355, -1,
          1377, 1355, 1373, -1,
          1384, 1352, 1377, -1,
          1376, 1336, 1338, -1,
          1386, 1338, 1347, -1,
          1386, 1376, 1338, -1,
          1375, 1336, 1376, -1,
          1387, 1347, 1352, -1,
          1387, 1352, 1384, -1,
          1387, 1386, 1347, -1,
          1372, 1334, 1336, -1,
          1372, 1336, 1375, -1,
          1395, 1387, 1384, -1,
          1388, 1387, 1395, -1,
          1367, 1334, 1372, -1,
          1367, 1337, 1334, -1,
          1396, 1389, 1388, -1,
          1396, 1388, 1395, -1,
          1363, 1337, 1367, -1,
          1363, 1345, 1337, -1,
          1362, 1345, 1363, -1,
          1400, 1389, 1396, -1,
          1400, 1404, 1389, -1,
          1405, 1404, 1400, -1,
          1361, 1351, 1345, -1,
          1361, 1345, 1362, -1,
          1410, 1405, 1400, -1,
          1410, 1406, 1405, -1,
          1410, 1407, 1406, -1,
          1360, 1351, 1361, -1,
          1360, 1354, 1351, -1,
          1366, 1354, 1360, -1,
          1369, 1356, 1354, -1,
          1369, 1354, 1366, -1,
          1425, 1407, 1410, -1,
          1425, 1408, 1407, -1,
          1409, 1408, 1425, -1,
          1371, 1356, 1369, -1,
          1422, 1403, 1409, -1,
          1422, 1409, 1425, -1,
          1374, 1359, 1356, -1,
          1374, 1356, 1371, -1,
          1368, 1359, 1374, -1,
          1385, 1380, 1368, -1,
          1385, 1368, 1374, -1,
          1399, 1380, 1385, -1,
          1414, 1399, 1385, -1,
          1402, 1399, 1414, -1,
          1421, 1402, 1414, -1,
          1418, 1402, 1421, -1,
          1427, 1418, 1421, -1,
          1430, 1423, 1418, -1,
          1430, 1418, 1427, -1,
          1390, 1379, 1398, -1,
          1436, 1993, 1423, -1,
          1436, 1423, 1430, -1,
          1460, 1398, 1416, -1,
          1460, 1390, 1398, -1,
          1435, 1993, 1436, -1,
          1461, 1993, 1435, -1,
          1461, 1416, 1993, -1,
          1461, 1460, 1416, -1,
          1437, 1461, 1435, -1,
          1438, 1461, 1437, -1,
          1260, 1252, 1243, -1,
          1260, 1243, 1263, -1,
          1274, 1263, 1266, -1,
          1274, 1260, 1263, -1,
          1286, 1266, 1287, -1,
          1286, 1274, 1266, -1,
          1285, 1273, 1280, -1,
          1301, 1273, 1285, -1,
          1301, 1267, 1273, -1,
          1301, 1265, 1267, -1,
          1305, 1265, 1301, -1,
          1309, 1265, 1305, -1,
          1309, 1259, 1265, -1,
          1316, 1257, 1320, -1,
          1316, 1254, 1257, -1,
          1321, 1257, 1259, -1,
          1321, 1320, 1257, -1,
          1314, 1286, 1287, -1,
          1308, 1255, 1254, -1,
          1308, 1254, 1316, -1,
          1325, 1321, 1259, -1,
          1325, 1259, 1309, -1,
          1325, 1309, 1314, -1,
          1282, 1255, 1308, -1,
          1282, 1256, 1255, -1,
          1330, 1325, 1314, -1,
          1279, 1256, 1282, -1,
          1333, 1330, 1314, -1,
          1278, 1258, 1256, -1,
          1278, 1256, 1279, -1,
          1340, 1333, 1314, -1,
          1277, 1982, 1258, -1,
          1277, 1258, 1278, -1,
          1281, 1272, 1982, -1,
          1281, 1982, 1277, -1,
          1344, 1314, 1287, -1,
          1344, 1340, 1314, -1,
          1344, 1341, 1340, -1,
          1344, 1342, 1341, -1,
          1288, 1270, 1272, -1,
          1288, 1272, 1281, -1,
          1304, 1270, 1288, -1,
          1276, 1270, 1304, -1,
          1303, 1276, 1304, -1,
          1307, 1284, 1276, -1,
          1307, 1276, 1303, -1,
          1311, 1289, 1284, -1,
          1311, 1284, 1307, -1,
          1358, 1348, 1339, -1,
          1315, 1302, 1289, -1,
          1315, 1289, 1311, -1,
          1317, 1302, 1315, -1,
          1319, 1302, 1317, -1,
          1383, 1350, 1348, -1,
          1383, 1348, 1358, -1,
          1306, 1302, 1319, -1,
          1324, 1306, 1319, -1,
          1382, 1349, 1350, -1,
          1382, 1350, 1383, -1,
          1313, 1306, 1324, -1,
          1313, 1324, 1328, -1,
          1381, 1349, 1382, -1,
          1381, 1346, 1349, -1,
          1318, 1313, 1328, -1,
          1394, 1346, 1381, -1,
          1394, 1343, 1346, -1,
          1394, 1332, 1343, -1,
          1393, 1332, 1394, -1,
          1393, 1329, 1332, -1,
          1392, 1329, 1393, -1,
          1392, 1328, 1329, -1,
          1391, 1328, 1392, -1,
          1391, 1318, 1328, -1,
          1458, 1456, 1455, -1,
          1458, 1457, 1456, -1,
          1459, 1455, 1318, -1,
          1459, 1458, 1455, -1,
          1459, 1318, 1391, -1,
          1444, 1434, 1429, -1,
          1444, 1429, 1440, -1,
          1470, 1440, 1462, -1,
          1470, 1462, 1492, -1,
          1470, 1444, 1440, -1,
          1501, 1470, 1492, -1,
          1439, 1428, 1424, -1,
          1439, 1424, 1431, -1,
          1463, 1431, 1441, -1,
          1463, 1439, 1431, -1,
          1475, 1441, 1467, -1,
          1475, 1463, 1441, -1,
          1471, 1449, 1464, -1,
          1471, 1464, 1469, -1,
          1472, 1449, 1471, -1,
          1477, 1445, 1449, -1,
          1477, 1449, 1472, -1,
          1484, 1445, 1477, -1,
          1474, 1468, 1445, -1,
          1474, 1445, 1484, -1,
          1494, 1480, 1474, -1,
          1494, 1474, 1484, -1,
          1496, 1486, 1480, -1,
          1496, 1480, 1494, -1,
          1509, 1487, 1486, -1,
          1509, 1486, 1496, -1,
          1507, 1488, 1487, -1,
          1507, 1487, 1509, -1,
          1505, 1491, 1488, -1,
          1505, 1488, 1507, -1,
          1504, 1495, 1491, -1,
          1504, 1491, 1505, -1,
          1493, 1483, 1473, -1,
          1493, 1473, 1479, -1,
          1498, 1479, 1485, -1,
          1498, 1493, 1479, -1,
          1511, 1498, 1485, -1,
          1511, 1485, 1495, -1,
          1517, 1504, 1503, -1,
          1517, 1495, 1504, -1,
          1517, 1511, 1495, -1,
          1518, 1517, 1503, -1,
          1519, 1503, 1506, -1,
          1519, 1518, 1503, -1,
          1515, 1519, 1506, -1,
          1515, 1506, 1508, -1,
          1613, 1510, 1511, -1,
          1614, 1511, 1517, -1,
          1614, 1613, 1511, -1,
          1516, 1614, 1517, -1,
          1571, 1514, 1530, -1,
          1571, 1530, 1534, -1,
          1571, 1534, 1538, -1,
          1581, 1585, 1596, -1,
          1581, 1596, 1599, -1,
          1581, 1599, 1604, -1,
          1992, 1571, 1582, -1,
          1992, 1514, 1571, -1,
          1644, 1580, 1581, -1,
          1644, 1579, 1580, -1,
          1644, 1582, 1579, -1,
          1644, 1581, 1604, -1,
          1644, 1992, 1582, -1,
          1610, 1992, 1644, -1,
          1609, 1992, 1610, -1,
          1607, 1610, 1644, -1,
          1572, 1992, 1609, -1,
          1615, 1572, 1609, -1,
          1616, 1615, 1609, -1,
          1608, 1616, 1609, -1,
          1727, 1640, 1607, -1,
          1728, 1727, 1607, -1,
          1657, 1607, 1644, -1,
          1657, 1728, 1607, -1,
          1639, 1623, 1617, -1,
          1639, 1617, 1631, -1,
          1650, 1631, 1651, -1,
          1650, 1639, 1631, -1,
          1661, 1651, 1666, -1,
          1661, 1650, 1651, -1,
          1672, 1661, 1666, -1,
          1664, 1643, 1638, -1,
          1664, 1638, 1649, -1,
          1678, 1649, 1660, -1,
          1678, 1664, 1649, -1,
          1685, 1660, 1672, -1,
          1685, 1678, 1660, -1,
          1656, 1658, 1663, -1,
          1729, 1663, 1677, -1,
          1729, 1656, 1663, -1,
          1730, 1677, 1684, -1,
          1730, 1729, 1677, -1,
          1731, 1684, 1685, -1,
          1731, 1730, 1684, -1,
          1666, 1731, 1685, -1,
          1666, 1685, 1672, -1,
          1711, 1671, 1675, -1,
          1711, 1675, 1679, -1,
          1711, 1679, 1682, -1,
          1732, 1704, 1719, -1,
          1732, 1719, 1724, -1,
          1732, 1724, 1734, -1,
          1799, 1711, 1735, -1,
          1800, 1799, 1735, -1,
          1801, 1800, 1735, -1,
          1802, 1735, 1732, -1,
          1802, 1801, 1735, -1,
          1799, 1671, 1711, -1,
          1734, 1802, 1732, -1,
          2118, 2119, 2120, -1,
          2118, 2120, 2121, -1,
          2122, 2123, 2119, -1,
          2122, 2119, 2118, -1,
          2124, 2125, 2123, -1,
          2124, 2123, 2122, -1,
          2126, 2127, 2125, -1,
          2126, 2125, 2124, -1,
          2128, 2129, 2127, -1,
          2128, 2127, 2126, -1,
          2130, 2131, 2129, -1,
          2130, 2129, 2128, -1,
          2132, 2133, 2131, -1,
          2132, 2131, 2130, -1,
          2134, 2135, 2133, -1,
          2134, 2133, 2132, -1,
          2136, 2137, 2135, -1,
          2136, 2135, 2134, -1,
          2138, 2139, 2137, -1,
          2138, 2137, 2136, -1,
          2140, 2141, 2139, -1,
          2140, 2139, 2138, -1,
          2142, 2143, 2144, -1,
          2142, 2144, 2141, -1,
          2142, 2141, 2140, -1,
          2145, 2146, 2143, -1,
          2145, 2143, 2142, -1,
          2147, 2146, 2145, -1,
          2147, 2148, 2146, -1,
          2149, 2148, 2147, -1,
          2149, 2150, 2148, -1,
          2151, 2150, 2149, -1,
          2151, 2152, 2153, -1,
          2151, 2153, 2150, -1,
          2154, 2152, 2151, -1,
          2154, 2155, 2152, -1,
          2156, 2155, 2154, -1,
          2156, 2157, 2155, -1,
          2158, 2159, 2160, -1,
          2158, 2160, 2157, -1,
          2161, 2157, 2156, -1,
          2161, 2158, 2157, -1,
          1986, 1751, 1755, -1,
          1986, 1755, 1756, -1,
          1986, 1756, 1758, -1,
          1795, 1794, 1985, -1,
          1796, 1795, 1985, -1,
          1797, 1796, 1985, -1,
          1798, 1986, 1803, -1,
          1803, 1986, 1804, -1,
          1804, 1986, 1782, -1,
          1986, 1797, 1985, -1,
          1794, 1736, 1985, -1,
          1744, 1985, 1742, -1,
          1742, 1985, 1740, -1,
          1740, 1985, 1736, -1,
          1985, 1751, 1986, -1,
          1758, 1782, 1986, -1,
          1786, 1779, 1784, -1,
          1787, 1779, 1786, -1,
          1787, 1778, 1779, -1,
          2119, 2123, 1772, -1,
          2119, 1772, 1774, -1,
          2120, 2119, 1774, -1,
          2120, 1774, 1776, -1,
          2125, 1772, 2123, -1,
          2125, 1770, 1772, -1,
          2121, 1778, 1787, -1,
          2121, 2120, 1776, -1,
          2121, 1776, 1778, -1,
          2121, 1790, 1805, -1,
          2121, 1787, 1790, -1,
          2127, 1770, 2125, -1,
          2127, 1768, 1770, -1,
          2118, 2121, 1805, -1,
          2129, 1768, 2127, -1,
          1807, 2118, 1805, -1,
          1807, 2122, 2118, -1,
          2131, 1769, 1768, -1,
          2131, 1768, 2129, -1,
          1809, 2122, 1807, -1,
          1809, 2124, 2122, -1,
          2133, 1771, 1769, -1,
          2133, 1769, 2131, -1,
          2126, 2124, 1809, -1,
          1810, 2126, 1809, -1,
          2128, 2126, 1810, -1,
          2135, 1773, 1771, -1,
          2135, 1771, 2133, -1,
          2137, 1773, 2135, -1,
          2137, 1984, 1773, -1,
          1812, 2130, 2128, -1,
          1812, 2128, 1810, -1,
          2132, 2130, 1812, -1,
          2139, 1983, 1984, -1,
          2139, 1984, 2137, -1,
          1816, 2132, 1812, -1,
          1816, 2134, 2132, -1,
          2141, 1983, 2139, -1,
          1783, 1983, 2141, -1,
          2144, 1783, 2141, -1,
          1819, 2136, 2134, -1,
          1819, 2134, 1816, -1,
          2138, 2136, 1819, -1,
          2143, 1783, 2144, -1,
          1781, 1783, 2143, -1,
          2146, 1781, 2143, -1,
          1818, 2140, 2138, -1,
          1818, 2138, 1819, -1,
          2148, 1781, 2146, -1,
          1785, 1781, 2148, -1,
          2150, 1785, 2148, -1,
          1833, 2142, 2140, -1,
          1833, 2140, 1818, -1,
          2153, 1785, 2150, -1,
          2153, 1789, 1785, -1,
          1832, 2142, 1833, -1,
          1832, 2145, 2142, -1,
          2152, 1789, 2153, -1,
          1791, 1789, 2152, -1,
          2155, 1791, 2152, -1,
          1834, 2145, 1832, -1,
          1834, 2147, 2145, -1,
          2157, 1806, 1791, -1,
          2157, 1791, 2155, -1,
          2160, 1806, 2157, -1,
          1808, 1806, 2160, -1,
          1838, 2147, 1834, -1,
          1838, 2149, 2147, -1,
          1895, 1808, 2160, -1,
          1895, 2160, 2159, -1,
          1842, 2149, 1838, -1,
          1842, 2151, 2149, -1,
          1842, 2154, 2151, -1,
          1896, 1895, 2159, -1,
          1845, 2154, 1842, -1,
          1845, 2156, 2154, -1,
          1852, 2156, 1845, -1,
          1852, 2161, 2156, -1,
          1852, 2158, 2161, -1,
          1901, 2158, 1852, -1,
          1901, 2159, 2158, -1,
          1899, 1897, 1896, -1,
          1899, 1898, 1897, -1,
          1900, 1896, 2159, -1,
          1900, 1899, 1896, -1,
          1900, 2159, 1901, -1,
          1836, 1824, 1835, -1,
          1840, 1823, 1824, -1,
          1840, 1824, 1836, -1,
          1857, 1820, 1821, -1,
          1859, 1857, 1821, -1,
          1859, 1821, 1822, -1,
          1830, 1814, 1820, -1,
          1830, 1820, 1857, -1,
          1865, 1859, 1822, -1,
          1865, 1822, 1823, -1,
          1865, 1840, 1843, -1,
          1865, 1823, 1840, -1,
          1828, 1814, 1830, -1,
          1849, 1865, 1843, -1,
          1825, 1814, 1828, -1,
          1825, 1811, 1814, -1,
          1868, 1865, 1849, -1,
          1827, 1811, 1825, -1,
          1827, 1813, 1811, -1,
          1854, 1868, 1849, -1,
          1873, 1868, 1854, -1,
          1826, 1813, 1827, -1,
          1826, 1815, 1813, -1,
          1826, 1817, 1815, -1,
          1913, 1873, 1854, -1,
          1913, 1875, 1873, -1,
          1829, 1817, 1826, -1,
          1912, 1870, 1875, -1,
          1912, 1861, 1870, -1,
          1912, 1875, 1913, -1,
          1911, 1862, 1861, -1,
          1911, 1861, 1912, -1,
          1863, 1862, 1911, -1,
          1908, 1860, 1863, -1,
          1908, 1863, 1911, -1,
          1886, 1866, 1860, -1,
          1886, 1860, 1908, -1,
          1871, 1866, 1886, -1,
          1848, 1831, 1839, -1,
          1885, 1869, 1871, -1,
          1885, 1871, 1886, -1,
          1847, 1831, 1848, -1,
          1837, 1831, 1847, -1,
          1884, 1878, 1869, -1,
          1884, 1869, 1885, -1,
          1846, 1837, 1847, -1,
          1850, 1841, 1837, -1,
          1850, 1837, 1846, -1,
          1883, 1879, 1878, -1,
          1883, 1878, 1884, -1,
          1853, 1841, 1850, -1,
          1844, 1841, 1853, -1,
          1855, 1844, 1853, -1,
          1856, 1844, 1855, -1,
          1851, 1844, 1856, -1,
          1906, 1881, 1879, -1,
          1906, 1879, 1883, -1,
          1858, 1851, 1856, -1,
          1888, 1851, 1858, -1,
          1864, 1888, 1858, -1,
          1905, 1881, 1906, -1,
          1905, 1880, 1881, -1,
          1905, 1877, 1880, -1,
          1889, 1888, 1864, -1,
          1904, 1876, 1877, -1,
          1904, 1877, 1905, -1,
          1890, 1889, 1864, -1,
          1903, 1874, 1876, -1,
          1903, 1872, 1874, -1,
          1903, 1876, 1904, -1,
          1892, 1891, 1890, -1,
          1968, 1867, 1872, -1,
          1968, 1872, 1903, -1,
          1893, 1892, 1890, -1,
          1966, 1864, 1867, -1,
          1966, 1867, 1968, -1,
          1894, 1890, 1864, -1,
          1894, 1893, 1890, -1,
          1964, 1894, 1864, -1,
          1964, 1864, 1966, -1,
          1909, 1902, 1882, -1,
          1909, 1882, 1907, -1,
          1929, 1907, 1915, -1,
          1929, 1909, 1907, -1,
          1930, 1915, 1918, -1,
          1930, 1929, 1915, -1,
          2162, 2163, 2164, -1,
          2165, 2163, 2162, -1,
          2166, 2163, 2165, -1,
          2167, 2166, 2165, -1,
          2168, 2166, 2167, -1,
          2169, 2166, 2168, -1,
          2170, 2169, 2168, -1,
          2171, 2170, 2168, -1,
          2172, 2171, 2168, -1,
          2173, 2172, 2168, -1,
          2174, 2175, 2176, -1,
          2177, 2174, 2176, -1,
          2178, 2176, 2179, -1,
          2178, 2177, 2176, -1,
          2180, 2179, 2181, -1,
          2180, 2181, 2182, -1,
          2180, 2182, 2183, -1,
          2180, 2183, 2184, -1,
          2180, 2178, 2179, -1,
          2168, 2180, 2173, -1,
          2173, 2180, 2185, -1,
          2185, 2180, 2184, -1,
          2186, 2187, 2188, -1,
          2189, 2190, 2187, -1,
          2189, 2187, 2186, -1,
          2191, 2190, 2189, -1,
          2192, 2190, 2191, -1,
          2193, 2192, 2191, -1,
          2194, 2192, 2193, -1,
          2195, 2194, 2193, -1,
          2196, 2195, 2193, -1,
          2197, 2196, 2193, -1,
          2198, 2199, 2200, -1,
          2201, 2200, 2202, -1,
          2201, 2198, 2200, -1,
          2203, 2202, 2204, -1,
          2203, 2201, 2202, -1,
          2205, 2204, 2206, -1,
          2205, 2206, 2207, -1,
          2205, 2207, 2208, -1,
          2205, 2203, 2204, -1,
          2193, 2205, 2208, -1,
          2193, 2208, 2209, -1,
          2193, 2209, 2197, -1,
          1970, 1928, 1910, -1,
          1970, 1910, 1914, -1,
          1971, 1914, 1916, -1,
          1971, 1970, 1914, -1,
          1944, 1916, 1917, -1,
          1944, 1971, 1916, -1,
          1937, 1931, 1932, -1,
          2187, 1919, 1922, -1,
          2190, 1919, 2187, -1,
          2188, 2187, 1922, -1,
          2188, 1924, 1926, -1,
          2188, 1922, 1924, -1,
          2192, 1919, 2190, -1,
          2192, 1920, 1919, -1,
          2194, 1920, 2192, -1,
          2194, 1921, 1920, -1,
          2186, 2188, 1926, -1,
          2186, 1926, 1931, -1,
          2186, 1937, 1951, -1,
          2186, 1931, 1937, -1,
          2195, 1921, 2194, -1,
          2189, 2186, 1951, -1,
          2196, 1921, 2195, -1,
          2196, 1923, 1921, -1,
          2191, 2189, 1951, -1,
          2191, 1951, 1956, -1,
          2197, 1923, 2196, -1,
          2197, 1925, 1923, -1,
          2193, 2191, 1956, -1,
          2193, 1956, 1959, -1,
          2209, 1927, 1925, -1,
          2209, 1925, 2197, -1,
          2208, 1934, 1927, -1,
          2208, 1927, 2209, -1,
          2207, 1936, 1934, -1,
          2207, 1934, 2208, -1,
          2206, 1940, 1936, -1,
          2206, 1936, 2207, -1,
          2204, 1940, 2206, -1,
          1942, 1940, 2204, -1,
          2202, 1942, 2204, -1,
          2200, 1947, 1942, -1,
          2200, 1942, 2202, -1,
          2199, 1947, 2200, -1,
          1949, 1947, 2199, -1,
          2198, 1949, 2199, -1,
          2205, 2193, 1959, -1,
          2163, 1941, 1946, -1,
          2163, 1939, 1941, -1,
          2166, 1935, 1939, -1,
          2166, 1939, 2163, -1,
          2164, 1946, 1949, -1,
          2164, 2163, 1946, -1,
          2169, 1933, 1935, -1,
          2169, 1935, 2166, -1,
          2162, 1949, 2198, -1,
          2162, 2164, 1949, -1,
          2170, 1933, 2169, -1,
          2165, 2198, 2201, -1,
          2165, 2162, 2198, -1,
          2171, 1933, 2170, -1,
          2171, 1938, 1933, -1,
          2167, 2165, 2201, -1,
          2167, 2201, 2203, -1,
          2172, 1938, 2171, -1,
          2172, 1945, 1938, -1,
          2168, 2167, 2203, -1,
          2168, 2203, 2205, -1,
          2173, 1945, 2172, -1,
          2185, 1945, 2173, -1,
          2185, 1943, 1945, -1,
          2184, 1948, 1943, -1,
          2184, 1943, 2185, -1,
          2183, 1950, 1948, -1,
          2183, 1948, 2184, -1,
          2182, 1953, 1950, -1,
          2182, 1950, 2183, -1,
          2181, 1953, 2182, -1,
          2179, 1954, 1953, -1,
          2179, 1953, 2181, -1,
          2176, 1954, 2179, -1,
          2175, 1955, 1954, -1,
          2175, 1954, 2176, -1,
          1957, 1955, 2175, -1,
          1958, 1957, 2175, -1,
          1958, 2175, 2174, -1,
          1962, 1958, 2174, -1,
          1963, 1962, 2174, -1,
          1965, 1963, 2174, -1,
          1967, 1965, 2174, -1,
          1967, 2174, 2177, -1,
          1969, 2177, 2178, -1,
          1969, 1967, 2177, -1,
          1973, 2178, 2180, -1,
          1973, 1969, 2178, -1,
          1974, 2180, 2168, -1,
          1974, 1973, 2180, -1,
          1959, 1974, 2205, -1,
          2205, 1974, 2168, -1,
          1268, 1261, 1283, -1,
          1327, 1262, 1264, -1,
          1327, 1264, 1269, -1,
          1327, 1269, 1275, -1,
          1335, 1283, 1310, -1,
          1335, 1268, 1283, -1,
          1353, 1310, 1327, -1,
          1353, 1335, 1310, -1,
          1365, 1353, 1327, -1,
          1275, 1365, 1327, -1,
          1990, 1312, 1322, -1,
          1990, 1322, 1326, -1,
          1990, 1326, 1331, -1,
          1991, 1397, 1412, -1,
          1991, 1412, 1415, -1,
          1991, 1415, 1420, -1,
          1433, 1432, 1419, -1,
          1442, 1433, 1419, -1,
          1443, 1442, 1419, -1,
          1446, 1991, 1450, -1,
          1450, 1991, 1465, -1,
          1465, 1991, 1452, -1,
          1991, 1443, 1419, -1,
          1991, 1419, 1417, -1,
          1432, 1990, 1419, -1,
          1419, 1990, 1413, -1,
          1990, 1426, 1411, -1,
          1990, 1411, 1401, -1,
          1990, 1401, 1378, -1,
          1378, 1312, 1990, -1,
          1331, 1413, 1990, -1,
          1417, 1397, 1991, -1,
          1420, 1452, 1991, -1,
          1451, 1453, 1448, -1,
          1451, 1448, 1447, -1,
          1497, 1447, 1466, -1,
          1497, 1451, 1447, -1,
          1513, 1466, 1481, -1,
          1513, 1497, 1466, -1,
          2210, 2211, 2212, -1,
          2210, 2212, 2213, -1,
          2214, 2215, 2216, -1,
          2214, 2216, 2211, -1,
          2214, 2211, 2210, -1,
          2217, 2218, 2215, -1,
          2217, 2215, 2214, -1,
          2219, 2220, 2218, -1,
          2219, 2218, 2217, -1,
          2221, 2222, 2220, -1,
          2221, 2220, 2219, -1,
          2223, 2224, 2222, -1,
          2223, 2222, 2221, -1,
          2225, 2226, 2224, -1,
          2225, 2224, 2223, -1,
          2227, 2228, 2226, -1,
          2227, 2226, 2225, -1,
          2229, 2230, 2228, -1,
          2229, 2228, 2227, -1,
          2231, 2232, 2230, -1,
          2231, 2230, 2229, -1,
          2233, 2234, 2232, -1,
          2233, 2232, 2231, -1,
          2235, 2236, 2234, -1,
          2235, 2234, 2233, -1,
          2237, 2238, 2236, -1,
          2237, 2236, 2235, -1,
          2239, 2240, 2238, -1,
          2239, 2238, 2237, -1,
          2241, 2240, 2239, -1,
          2241, 2242, 2240, -1,
          2243, 2242, 2241, -1,
          2243, 2244, 2242, -1,
          2245, 2244, 2243, -1,
          2246, 2244, 2245, -1,
          2246, 2247, 2244, -1,
          1500, 1476, 1478, -1,
          1500, 1478, 1482, -1,
          1500, 1482, 1489, -1,
          1499, 1476, 1500, -1,
          1502, 1476, 1499, -1,
          1989, 1502, 1526, -1,
          1989, 1476, 1502, -1,
          1525, 1521, 1989, -1,
          1525, 1989, 1526, -1,
          1522, 1521, 1525, -1,
          1523, 1522, 1525, -1,
          1512, 1476, 1535, -1,
          1535, 1476, 1539, -1,
          1539, 1476, 1520, -1,
          1520, 1476, 1989, -1,
          1548, 1537, 1540, -1,
          1548, 1536, 1537, -1,
          1552, 1536, 1548, -1,
          1562, 1533, 1536, -1,
          1562, 1536, 1552, -1,
          1560, 1524, 1528, -1,
          1560, 1528, 1561, -1,
          1565, 1528, 1531, -1,
          1565, 1561, 1528, -1,
          1559, 1527, 1524, -1,
          1559, 1524, 1560, -1,
          1566, 1531, 1533, -1,
          1566, 1562, 1593, -1,
          1566, 1533, 1562, -1,
          1566, 1565, 1531, -1,
          1568, 1566, 1593, -1,
          1556, 1527, 1559, -1,
          1592, 1568, 1593, -1,
          1555, 1529, 1527, -1,
          1555, 1527, 1556, -1,
          1570, 1568, 1592, -1,
          1554, 1532, 1529, -1,
          1554, 1529, 1555, -1,
          1591, 1570, 1592, -1,
          1591, 1574, 1570, -1,
          1545, 1532, 1554, -1,
          1595, 1575, 1574, -1,
          1595, 1574, 1591, -1,
          1594, 1577, 1575, -1,
          1594, 1575, 1595, -1,
          1567, 1558, 1564, -1,
          1602, 1578, 1577, -1,
          1602, 1577, 1594, -1,
          1569, 1553, 1558, -1,
          1569, 1558, 1567, -1,
          1584, 1578, 1602, -1,
          1573, 1551, 1553, -1,
          1573, 1553, 1569, -1,
          1576, 1549, 1551, -1,
          1576, 1551, 1573, -1,
          2216, 1544, 2211, -1,
          2216, 1541, 1544, -1,
          2212, 2211, 1544, -1,
          2212, 1544, 1549, -1,
          2215, 1541, 2216, -1,
          2215, 1542, 1541, -1,
          2213, 1549, 1576, -1,
          2213, 2212, 1549, -1,
          2213, 1576, 1583, -1,
          2218, 1542, 2215, -1,
          2218, 1543, 1542, -1,
          2210, 2213, 1583, -1,
          1603, 1584, 1602, -1,
          1603, 1588, 1584, -1,
          1589, 2210, 1583, -1,
          2220, 1543, 2218, -1,
          2214, 2210, 1589, -1,
          2222, 1543, 2220, -1,
          2222, 1546, 1543, -1,
          1598, 2214, 1589, -1,
          1598, 2217, 2214, -1,
          2224, 1546, 2222, -1,
          2224, 1547, 1546, -1,
          2226, 1547, 2224, -1,
          2219, 2217, 1598, -1,
          2228, 1550, 1547, -1,
          2228, 1547, 2226, -1,
          1622, 1598, 1603, -1,
          1622, 2219, 1598, -1,
          1622, 2221, 2219, -1,
          2223, 2221, 1622, -1,
          2230, 1550, 2228, -1,
          1557, 1550, 2230, -1,
          2232, 1557, 2230, -1,
          1627, 2223, 1622, -1,
          1627, 2225, 2223, -1,
          1627, 2227, 2225, -1,
          2234, 1563, 1557, -1,
          2234, 1557, 2232, -1,
          2229, 2227, 1627, -1,
          2236, 1563, 2234, -1,
          2238, 1586, 1563, -1,
          2238, 1563, 2236, -1,
          1642, 2231, 2229, -1,
          1642, 2229, 1627, -1,
          2240, 1586, 2238, -1,
          1587, 1586, 2240, -1,
          2242, 1587, 2240, -1,
          1648, 2233, 2231, -1,
          1648, 2235, 2233, -1,
          1648, 2231, 1642, -1,
          2244, 1597, 1587, -1,
          2244, 1587, 2242, -1,
          2247, 1597, 2244, -1,
          1653, 2235, 1648, -1,
          1653, 2237, 2235, -1,
          1600, 1597, 2247, -1,
          1652, 2239, 2237, -1,
          1652, 2237, 1653, -1,
          1636, 2239, 1652, -1,
          1636, 2241, 2239, -1,
          1636, 2243, 2241, -1,
          1635, 2245, 2243, -1,
          1635, 2246, 2245, -1,
          1635, 2243, 1636, -1,
          1634, 2246, 1635, -1,
          1634, 2247, 2246, -1,
          1633, 1600, 2247, -1,
          1633, 2247, 1634, -1,
          1633, 1605, 1600, -1,
          1620, 1618, 1606, -1,
          1620, 1619, 1618, -1,
          1632, 1605, 1633, -1,
          1632, 1606, 1605, -1,
          1632, 1620, 1606, -1,
          1598, 1588, 1603, -1,
          1601, 1590, 1611, -1,
          1988, 1601, 1611, -1,
          1630, 1611, 1624, -1,
          1630, 1988, 1611, -1,
          1637, 1624, 1645, -1,
          1637, 1630, 1624, -1,
          1621, 1988, 1629, -1,
          1621, 1601, 1988, -1,
          1655, 1637, 1645, -1,
          1628, 1621, 1629, -1,
          1626, 1621, 1628, -1,
          1646, 1626, 1628, -1,
          1641, 1626, 1646, -1,
          1654, 1641, 1646, -1,
          1647, 1641, 1654, -1,
          1662, 1659, 1647, -1,
          1662, 1647, 1654, -1,
          1676, 1667, 1659, -1,
          1680, 1676, 1659, -1,
          1683, 1659, 1662, -1,
          1683, 1680, 1659, -1,
          2248, 2249, 2250, -1,
          2251, 2249, 2248, -1,
          2252, 2249, 2251, -1,
          2253, 2252, 2251, -1,
          2254, 2252, 2253, -1,
          2255, 2252, 2254, -1,
          2256, 2255, 2254, -1,
          2257, 2256, 2254, -1,
          2258, 2257, 2254, -1,
          2259, 2258, 2254, -1,
          2260, 2261, 2262, -1,
          2263, 2260, 2262, -1,
          2264, 2262, 2265, -1,
          2264, 2263, 2262, -1,
          2266, 2265, 2267, -1,
          2266, 2267, 2268, -1,
          2266, 2268, 2269, -1,
          2266, 2269, 2270, -1,
          2266, 2264, 2265, -1,
          2254, 2266, 2259, -1,
          2259, 2266, 2271, -1,
          2271, 2266, 2270, -1,
          2272, 2273, 2274, -1,
          2275, 2276, 2273, -1,
          2275, 2273, 2272, -1,
          2277, 2276, 2275, -1,
          2278, 2276, 2277, -1,
          2279, 2278, 2277, -1,
          2280, 2278, 2279, -1,
          2281, 2280, 2279, -1,
          2282, 2281, 2279, -1,
          2283, 2282, 2279, -1,
          2284, 2285, 2286, -1,
          2287, 2286, 2288, -1,
          2287, 2284, 2286, -1,
          2289, 2288, 2290, -1,
          2289, 2287, 2288, -1,
          2291, 2290, 2292, -1,
          2291, 2292, 2293, -1,
          2291, 2293, 2294, -1,
          2291, 2289, 2290, -1,
          2279, 2291, 2294, -1,
          2279, 2294, 2295, -1,
          2279, 2295, 2283, -1,
          1674, 1665, 1668, -1,
          1674, 1668, 1669, -1,
          1674, 1669, 1670, -1,
          1673, 1665, 1674, -1,
          1681, 1665, 1673, -1,
          1987, 1681, 1693, -1,
          1987, 1665, 1681, -1,
          1692, 1688, 1987, -1,
          1692, 1987, 1693, -1,
          1689, 1688, 1692, -1,
          1690, 1689, 1692, -1,
          1686, 1665, 1706, -1,
          1706, 1665, 1705, -1,
          1705, 1665, 1687, -1,
          1687, 1665, 1987, -1,
          1712, 1702, 1703, -1,
          2273, 1691, 1696, -1,
          2276, 1691, 2273, -1,
          2274, 2273, 1696, -1,
          2274, 1698, 1700, -1,
          2274, 1696, 1698, -1,
          2278, 1691, 2276, -1,
          2278, 1694, 1691, -1,
          2280, 1694, 2278, -1,
          2280, 1695, 1694, -1,
          2272, 2274, 1700, -1,
          2272, 1700, 1702, -1,
          2272, 1712, 1733, -1,
          2272, 1702, 1712, -1,
          2281, 1695, 2280, -1,
          2275, 2272, 1733, -1,
          2282, 1695, 2281, -1,
          2282, 1697, 1695, -1,
          2277, 2275, 1733, -1,
          2277, 1733, 1738, -1,
          2283, 1697, 2282, -1,
          2283, 1699, 1697, -1,
          2279, 2277, 1738, -1,
          2279, 1738, 1748, -1,
          2295, 1701, 1699, -1,
          2295, 1699, 2283, -1,
          2294, 1708, 1701, -1,
          2294, 1701, 2295, -1,
          2293, 1710, 1708, -1,
          2293, 1708, 2294, -1,
          2292, 1715, 1710, -1,
          2292, 1710, 2293, -1,
          2290, 1715, 2292, -1,
          1718, 1715, 2290, -1,
          2288, 1718, 2290, -1,
          2286, 1722, 1718, -1,
          2286, 1718, 2288, -1,
          2285, 1722, 2286, -1,
          1725, 1722, 2285, -1,
          2284, 1725, 2285, -1,
          2291, 2279, 1748, -1,
          2249, 1717, 1721, -1,
          2249, 1714, 1717, -1,
          2252, 1709, 1714, -1,
          2252, 1714, 2249, -1,
          2250, 1721, 1725, -1,
          2250, 2249, 1721, -1,
          2255, 1707, 1709, -1,
          2255, 1709, 2252, -1,
          2248, 1725, 2284, -1,
          2248, 2250, 1725, -1,
          2256, 1707, 2255, -1,
          2251, 2284, 2287, -1,
          2251, 2248, 2284, -1,
          2257, 1707, 2256, -1,
          2257, 1713, 1707, -1,
          2253, 2251, 2287, -1,
          2253, 2287, 2289, -1,
          2258, 1713, 2257, -1,
          2258, 1716, 1713, -1,
          2254, 2253, 2289, -1,
          2254, 2289, 2291, -1,
          2259, 1716, 2258, -1,
          2271, 1716, 2259, -1,
          2271, 1720, 1716, -1,
          2270, 1723, 1720, -1,
          2270, 1720, 2271, -1,
          2269, 1737, 1723, -1,
          2269, 1723, 2270, -1,
          2268, 1741, 1737, -1,
          2268, 1737, 2269, -1,
          2267, 1741, 2268, -1,
          2265, 1743, 1741, -1,
          2265, 1741, 2267, -1,
          2262, 1743, 2265, -1,
          2261, 1745, 1743, -1,
          2261, 1743, 2262, -1,
          1746, 1745, 2261, -1,
          1747, 1746, 2261, -1,
          1747, 2261, 2260, -1,
          1749, 1747, 2260, -1,
          1750, 1749, 2260, -1,
          1752, 1750, 2260, -1,
          1753, 1752, 2260, -1,
          1753, 2260, 2263, -1,
          1754, 2263, 2264, -1,
          1754, 1753, 2263, -1,
          1757, 2264, 2266, -1,
          1757, 1754, 2264, -1,
          1759, 2266, 2254, -1,
          1759, 1757, 2266, -1,
          1748, 1759, 2291, -1,
          2291, 1759, 2254, -1,
          2296, 473, 2297, -1,
          2298, 475, 2296, -1,
          2296, 475, 473, -1,
          2297, 471, 2299, -1,
          473, 471, 2297, -1,
          2300, 476, 2298, -1,
          2298, 476, 475, -1,
          2299, 469, 2301, -1,
          471, 469, 2299, -1,
          2302, 479, 2300, -1,
          2300, 479, 476, -1,
          469, 467, 2301, -1,
          2301, 467, 2303, -1,
          2302, 481, 479, -1,
          2302, 559, 481, -1,
          2303, 465, 2304, -1,
          467, 465, 2303, -1,
          559, 482, 481, -1,
          559, 557, 482, -1,
          465, 463, 2304, -1,
          2304, 463, 2305, -1,
          557, 2306, 482, -1,
          557, 555, 2306, -1,
          463, 461, 2305, -1,
          2305, 461, 2307, -1,
          555, 2308, 2306, -1,
          555, 553, 2308, -1,
          2307, 459, 2309, -1,
          461, 459, 2307, -1,
          553, 2310, 2308, -1,
          553, 551, 2310, -1,
          459, 457, 2309, -1,
          2309, 457, 2311, -1,
          551, 2312, 2310, -1,
          457, 455, 2311, -1,
          551, 549, 2312, -1,
          2312, 549, 2313, -1,
          455, 2314, 2311, -1,
          455, 453, 2314, -1,
          2313, 547, 2315, -1,
          549, 547, 2313, -1,
          453, 2316, 2314, -1,
          453, 451, 2316, -1,
          2315, 545, 2317, -1,
          547, 545, 2315, -1,
          451, 2318, 2316, -1,
          451, 449, 2318, -1,
          2317, 543, 2319, -1,
          545, 543, 2317, -1,
          449, 2320, 2318, -1,
          2319, 541, 2321, -1,
          543, 541, 2319, -1,
          446, 523, 449, -1,
          449, 523, 2320, -1,
          446, 2322, 523, -1,
          2321, 539, 2323, -1,
          541, 539, 2321, -1,
          2322, 524, 523, -1,
          2323, 537, 2324, -1,
          539, 537, 2323, -1,
          2325, 527, 2322, -1,
          2326, 527, 2325, -1,
          2322, 527, 524, -1,
          537, 535, 2324, -1,
          2324, 535, 2327, -1,
          2326, 529, 527, -1,
          535, 533, 2327, -1,
          2327, 533, 2328, -1,
          533, 531, 2328, -1,
          2329, 531, 2326, -1,
          2328, 531, 2329, -1,
          2326, 531, 529, -1,
          1763, 1761, 1766, -1,
          1777, 1760, 1762, -1,
          1777, 1762, 1764, -1,
          1777, 1764, 1765, -1,
          1775, 1766, 1767, -1,
          1775, 1763, 1766, -1,
          1780, 1767, 1777, -1,
          1780, 1775, 1767, -1,
          1788, 1780, 1777, -1,
          1765, 1788, 1777, -1,
          2330, 2331, 2332, -1,
          2332, 2333, 2334, -1,
          2331, 2333, 2332, -1,
          2335, 2336, 2330, -1,
          2330, 2336, 2331, -1,
          2334, 2337, 2338, -1,
          2333, 2337, 2334, -1,
          2339, 2340, 2335, -1,
          2335, 2340, 2336, -1,
          2338, 2341, 2342, -1,
          2337, 2341, 2338, -1,
          2343, 2344, 2339, -1,
          2339, 2344, 2340, -1,
          2341, 2345, 2342, -1,
          2342, 2345, 2346, -1,
          597, 732, 2343, -1,
          2343, 732, 2344, -1,
          2345, 2347, 2346, -1,
          2347, 2348, 2346, -1,
          595, 733, 597, -1,
          597, 733, 732, -1,
          2347, 2349, 2348, -1,
          595, 593, 733, -1,
          2349, 2350, 2348, -1,
          593, 736, 733, -1,
          2349, 2351, 2350, -1,
          593, 591, 736, -1,
          591, 738, 736, -1,
          2351, 2352, 2350, -1,
          2350, 2352, 2353, -1,
          591, 589, 738, -1,
          2352, 2354, 2353, -1,
          589, 740, 738, -1,
          2352, 2355, 2354, -1,
          2355, 2356, 2354, -1,
          589, 587, 740, -1,
          740, 587, 742, -1,
          2356, 2357, 2354, -1,
          2356, 2358, 2357, -1,
          587, 585, 742, -1,
          742, 585, 744, -1,
          2358, 2359, 2357, -1,
          2358, 2360, 2359, -1,
          744, 583, 746, -1,
          585, 583, 744, -1,
          2360, 2361, 2359, -1,
          583, 581, 746, -1,
          746, 581, 747, -1,
          2362, 2363, 2360, -1,
          2360, 2363, 2361, -1,
          581, 579, 747, -1,
          747, 579, 750, -1,
          768, 561, 2362, -1,
          766, 561, 768, -1,
          2362, 561, 2363, -1,
          750, 577, 752, -1,
          579, 577, 750, -1,
          764, 562, 766, -1,
          766, 562, 561, -1,
          752, 575, 754, -1,
          577, 575, 752, -1,
          761, 565, 764, -1,
          764, 565, 562, -1,
          754, 573, 756, -1,
          575, 573, 754, -1,
          761, 567, 565, -1,
          759, 567, 761, -1,
          573, 571, 756, -1,
          756, 571, 758, -1,
          759, 569, 567, -1,
          571, 569, 758, -1,
          758, 569, 759, -1,
          2364, 767, 768, -1,
          2364, 768, 2362, -1,
          2365, 2362, 2360, -1,
          2365, 2364, 2362, -1,
          2366, 2360, 2358, -1,
          2366, 2365, 2360, -1,
          2367, 2358, 2356, -1,
          2367, 2366, 2358, -1,
          2368, 2356, 2355, -1,
          2368, 2367, 2356, -1,
          2369, 2355, 2352, -1,
          2369, 2368, 2355, -1,
          2370, 2352, 2351, -1,
          2370, 2351, 2349, -1,
          2370, 2369, 2352, -1,
          2371, 2370, 2349, -1,
          2372, 2349, 2347, -1,
          2372, 2371, 2349, -1,
          2373, 2347, 2345, -1,
          2373, 2372, 2347, -1,
          2374, 2345, 2341, -1,
          2374, 2373, 2345, -1,
          2375, 2341, 2337, -1,
          2375, 2374, 2341, -1,
          2376, 2337, 2333, -1,
          2376, 2375, 2337, -1,
          2377, 2333, 2331, -1,
          2377, 2331, 2336, -1,
          2377, 2376, 2333, -1,
          2378, 2377, 2336, -1,
          2379, 2378, 2336, -1,
          2379, 2336, 2340, -1,
          2380, 2379, 2340, -1,
          2380, 2340, 2344, -1,
          734, 2380, 2344, -1,
          734, 2344, 732, -1,
          2381, 2368, 2382, -1,
          2383, 2367, 2381, -1,
          2381, 2367, 2368, -1,
          2382, 2369, 2384, -1,
          2368, 2369, 2382, -1,
          2383, 2366, 2367, -1,
          2384, 2370, 2385, -1,
          2369, 2370, 2384, -1,
          2386, 2365, 2383, -1,
          2383, 2365, 2366, -1,
          2385, 2371, 2387, -1,
          2370, 2371, 2385, -1,
          2388, 2364, 2386, -1,
          2386, 2364, 2365, -1,
          2387, 2372, 2389, -1,
          2371, 2372, 2387, -1,
          730, 767, 2388, -1,
          2388, 767, 2364, -1,
          730, 729, 767, -1,
          2372, 2373, 2389, -1,
          2389, 2373, 2390, -1,
          729, 765, 767, -1,
          2373, 2374, 2390, -1,
          2390, 2374, 2391, -1,
          728, 763, 729, -1,
          729, 763, 765, -1,
          728, 727, 763, -1,
          2391, 2375, 2392, -1,
          2374, 2375, 2391, -1,
          727, 762, 763, -1,
          2392, 2376, 2393, -1,
          2375, 2376, 2392, -1,
          726, 760, 727, -1,
          727, 760, 762, -1,
          2376, 2377, 2393, -1,
          2377, 2394, 2393, -1,
          726, 725, 760, -1,
          760, 725, 757, -1,
          2378, 2395, 2377, -1,
          2377, 2395, 2394, -1,
          725, 724, 757, -1,
          757, 724, 755, -1,
          2379, 2396, 2378, -1,
          2378, 2396, 2395, -1,
          724, 723, 755, -1,
          755, 723, 753, -1,
          2379, 2380, 2396, -1,
          2380, 2397, 2396, -1,
          723, 722, 753, -1,
          753, 722, 751, -1,
          734, 712, 2380, -1,
          2380, 712, 2397, -1,
          751, 721, 749, -1,
          722, 721, 751, -1,
          721, 748, 749, -1,
          731, 713, 734, -1,
          734, 713, 712, -1,
          721, 720, 748, -1,
          735, 714, 731, -1,
          731, 714, 713, -1,
          748, 719, 745, -1,
          720, 719, 748, -1,
          737, 715, 735, -1,
          735, 715, 714, -1,
          719, 718, 745, -1,
          745, 718, 743, -1,
          739, 716, 737, -1,
          741, 716, 739, -1,
          737, 716, 715, -1,
          718, 717, 743, -1,
          741, 717, 716, -1,
          743, 717, 741, -1,
          487, 730, 2388, -1,
          2398, 2388, 2386, -1,
          2398, 487, 2388, -1,
          2399, 2386, 2383, -1,
          2399, 2398, 2386, -1,
          2400, 2383, 2381, -1,
          2400, 2399, 2383, -1,
          2401, 2381, 2382, -1,
          2401, 2400, 2381, -1,
          2402, 2382, 2384, -1,
          2402, 2401, 2382, -1,
          2403, 2384, 2385, -1,
          2403, 2402, 2384, -1,
          2404, 2385, 2387, -1,
          2404, 2403, 2385, -1,
          2405, 2387, 2389, -1,
          2405, 2404, 2387, -1,
          2406, 2389, 2390, -1,
          2406, 2405, 2389, -1,
          2407, 2390, 2391, -1,
          2407, 2406, 2390, -1,
          2408, 2391, 2392, -1,
          2408, 2407, 2391, -1,
          2409, 2408, 2392, -1,
          2410, 2392, 2393, -1,
          2410, 2393, 2394, -1,
          2410, 2409, 2392, -1,
          2411, 2394, 2395, -1,
          2411, 2410, 2394, -1,
          2412, 2411, 2395, -1,
          2412, 2395, 2396, -1,
          2413, 2412, 2396, -1,
          2413, 2396, 2397, -1,
          2414, 2413, 2397, -1,
          520, 2414, 2397, -1,
          520, 2397, 712, -1,
          2415, 625, 2416, -1,
          2417, 626, 2415, -1,
          2415, 626, 625, -1,
          2416, 622, 2418, -1,
          625, 622, 2416, -1,
          2417, 629, 626, -1,
          2417, 2419, 629, -1,
          2418, 620, 2420, -1,
          622, 620, 2418, -1,
          2419, 631, 629, -1,
          2419, 2421, 631, -1,
          2420, 619, 2422, -1,
          620, 619, 2420, -1,
          2421, 632, 631, -1,
          2421, 521, 632, -1,
          2422, 617, 2423, -1,
          619, 617, 2422, -1,
          521, 634, 632, -1,
          521, 519, 634, -1,
          2423, 615, 2424, -1,
          617, 615, 2423, -1,
          519, 2425, 634, -1,
          519, 516, 2425, -1,
          615, 613, 2424, -1,
          2424, 613, 2426, -1,
          516, 2427, 2425, -1,
          516, 514, 2427, -1,
          613, 611, 2426, -1,
          2426, 611, 2428, -1,
          514, 2429, 2427, -1,
          514, 513, 2429, -1,
          2428, 609, 2430, -1,
          611, 609, 2428, -1,
          513, 2431, 2429, -1,
          609, 607, 2430, -1,
          513, 511, 2431, -1,
          2431, 511, 2432, -1,
          607, 2433, 2430, -1,
          2432, 509, 2434, -1,
          511, 509, 2432, -1,
          607, 2435, 2433, -1,
          605, 2435, 607, -1,
          605, 603, 2435, -1,
          2434, 507, 2436, -1,
          509, 507, 2434, -1,
          603, 2437, 2435, -1,
          603, 601, 2437, -1,
          2436, 505, 2438, -1,
          507, 505, 2436, -1,
          601, 2439, 2437, -1,
          2438, 503, 2440, -1,
          505, 503, 2438, -1,
          598, 485, 601, -1,
          601, 485, 2439, -1,
          598, 2441, 485, -1,
          2440, 501, 2442, -1,
          503, 501, 2440, -1,
          2441, 486, 485, -1,
          2441, 2443, 486, -1,
          2442, 499, 2444, -1,
          501, 499, 2442, -1,
          2443, 489, 486, -1,
          2443, 2445, 489, -1,
          2444, 497, 2446, -1,
          499, 497, 2444, -1,
          2445, 491, 489, -1,
          497, 495, 2446, -1,
          2446, 495, 2447, -1,
          2445, 493, 491, -1,
          495, 493, 2447, -1,
          2448, 493, 2445, -1,
          2447, 493, 2448, -1,
          635, 2449, 711, -1,
          711, 2449, 2450, -1,
          2450, 2451, 2452, -1,
          2449, 2451, 2450, -1,
          2452, 2453, 2454, -1,
          2451, 2453, 2452, -1,
          2454, 2455, 2456, -1,
          2453, 2455, 2454, -1,
          2456, 2457, 2458, -1,
          2455, 2457, 2456, -1,
          2458, 2459, 2460, -1,
          2457, 2459, 2458, -1,
          2460, 2461, 2462, -1,
          2459, 2461, 2460, -1,
          2462, 2463, 2464, -1,
          2461, 2463, 2462, -1,
          2464, 2465, 2466, -1,
          2463, 2465, 2464, -1,
          2466, 2467, 2468, -1,
          2465, 2467, 2466, -1,
          2468, 2469, 2470, -1,
          2467, 2469, 2468, -1,
          2470, 2471, 2472, -1,
          2469, 2471, 2470, -1,
          2472, 2473, 2474, -1,
          2471, 2473, 2472, -1,
          2474, 2475, 2476, -1,
          2473, 2475, 2474, -1,
          2475, 2477, 2476, -1,
          2476, 2477, 2478, -1,
          2477, 2479, 2478, -1,
          2478, 2479, 2480, -1,
          2479, 2481, 2480, -1,
          2480, 2481, 2482, -1,
          2481, 600, 2482, -1,
          2482, 600, 693, -1,
          663, 697, 665, -1,
          665, 697, 698, -1,
          665, 699, 667, -1,
          698, 699, 665, -1,
          661, 696, 663, -1,
          663, 696, 697, -1,
          667, 700, 669, -1,
          699, 700, 667, -1,
          659, 695, 661, -1,
          661, 695, 696, -1,
          669, 701, 671, -1,
          700, 701, 669, -1,
          656, 694, 659, -1,
          659, 694, 695, -1,
          701, 702, 671, -1,
          671, 702, 673, -1,
          655, 693, 656, -1,
          656, 693, 694, -1,
          702, 703, 673, -1,
          673, 703, 675, -1,
          655, 2482, 693, -1,
          2483, 2482, 655, -1,
          2483, 2484, 2482, -1,
          675, 704, 677, -1,
          703, 704, 675, -1,
          2484, 2480, 2482, -1,
          677, 705, 679, -1,
          704, 705, 677, -1,
          2485, 2478, 2484, -1,
          2484, 2478, 2480, -1,
          679, 706, 681, -1,
          705, 706, 679, -1,
          2485, 2476, 2478, -1,
          2486, 2476, 2485, -1,
          2486, 2474, 2476, -1,
          706, 683, 681, -1,
          707, 683, 706, -1,
          2486, 2487, 2474, -1,
          707, 708, 683, -1,
          708, 686, 683, -1,
          2487, 2488, 2474, -1,
          2474, 2488, 2472, -1,
          709, 687, 708, -1,
          708, 687, 686, -1,
          2488, 2489, 2472, -1,
          2472, 2489, 2470, -1,
          709, 710, 687, -1,
          2489, 2468, 2470, -1,
          710, 689, 687, -1,
          2489, 2490, 2468, -1,
          711, 691, 710, -1,
          710, 691, 689, -1,
          2468, 2491, 2466, -1,
          2490, 2491, 2468, -1,
          2450, 2492, 711, -1,
          711, 2492, 691, -1,
          2466, 2493, 2464, -1,
          2491, 2493, 2466, -1,
          2462, 2494, 2460, -1,
          2464, 2494, 2462, -1,
          2493, 2494, 2464, -1,
          2452, 2495, 2450, -1,
          2454, 2495, 2452, -1,
          2450, 2495, 2492, -1,
          2454, 2496, 2495, -1,
          2494, 2497, 2460, -1,
          2454, 2498, 2496, -1,
          2456, 2498, 2454, -1,
          2456, 2499, 2498, -1,
          2497, 2499, 2460, -1,
          2458, 2499, 2456, -1,
          2460, 2499, 2458, -1,
          691, 2492, 692, -1,
          692, 2492, 2500, -1,
          2500, 2495, 2501, -1,
          2492, 2495, 2500, -1,
          2501, 2496, 2502, -1,
          2495, 2496, 2501, -1,
          2502, 2498, 2503, -1,
          2496, 2498, 2502, -1,
          2503, 2499, 2504, -1,
          2498, 2499, 2503, -1,
          2504, 2497, 2505, -1,
          2499, 2497, 2504, -1,
          2505, 2494, 2506, -1,
          2497, 2494, 2505, -1,
          2506, 2493, 2507, -1,
          2494, 2493, 2506, -1,
          2507, 2491, 2508, -1,
          2493, 2491, 2507, -1,
          2508, 2490, 2509, -1,
          2491, 2490, 2508, -1,
          2509, 2489, 2510, -1,
          2510, 2489, 2511, -1,
          2490, 2489, 2509, -1,
          2489, 2488, 2511, -1,
          2511, 2487, 2512, -1,
          2488, 2487, 2511, -1,
          2512, 2486, 2513, -1,
          2513, 2486, 2514, -1,
          2487, 2486, 2512, -1,
          2486, 2485, 2514, -1,
          2485, 2484, 2514, -1,
          2514, 2484, 2515, -1,
          2484, 2483, 2515, -1,
          2515, 2483, 2516, -1,
          2483, 655, 2516, -1,
          2516, 655, 657, -1,
          685, 650, 684, -1,
          682, 649, 680, -1,
          684, 649, 682, -1,
          650, 649, 684, -1,
          685, 651, 650, -1,
          649, 648, 680, -1,
          688, 652, 685, -1,
          685, 652, 651, -1,
          680, 647, 678, -1,
          648, 647, 680, -1,
          690, 653, 688, -1,
          688, 653, 652, -1,
          678, 646, 676, -1,
          647, 646, 678, -1,
          692, 654, 690, -1,
          690, 654, 653, -1,
          676, 645, 674, -1,
          646, 645, 676, -1,
          692, 2517, 654, -1,
          2500, 2517, 692, -1,
          645, 644, 674, -1,
          674, 644, 672, -1,
          2500, 2518, 2517, -1,
          2501, 2518, 2500, -1,
          672, 643, 670, -1,
          644, 643, 672, -1,
          643, 668, 670, -1,
          2502, 2519, 2501, -1,
          2501, 2519, 2518, -1,
          643, 642, 668, -1,
          2503, 2520, 2502, -1,
          2502, 2520, 2519, -1,
          668, 641, 666, -1,
          642, 641, 668, -1,
          641, 640, 666, -1,
          2503, 2504, 2520, -1,
          2520, 2504, 2521, -1,
          640, 664, 666, -1,
          640, 639, 664, -1,
          2504, 2505, 2521, -1,
          2521, 2505, 2522, -1,
          639, 662, 664, -1,
          2505, 2506, 2522, -1,
          2522, 2506, 2523, -1,
          638, 660, 639, -1,
          639, 660, 662, -1,
          2506, 2524, 2523, -1,
          2506, 2507, 2524, -1,
          637, 658, 638, -1,
          638, 658, 660, -1,
          2524, 2508, 2525, -1,
          2507, 2508, 2524, -1,
          636, 657, 637, -1,
          637, 657, 658, -1,
          2508, 2509, 2525, -1,
          2525, 2509, 2526, -1,
          2527, 2516, 636, -1,
          636, 2516, 657, -1,
          2526, 2510, 2528, -1,
          2509, 2510, 2526, -1,
          2529, 2515, 2527, -1,
          2527, 2515, 2516, -1,
          2510, 2530, 2528, -1,
          2531, 2514, 2529, -1,
          2529, 2514, 2515, -1,
          2510, 2511, 2530, -1,
          2532, 2513, 2533, -1,
          2533, 2513, 2531, -1,
          2531, 2513, 2514, -1,
          2532, 2512, 2513, -1,
          2511, 2512, 2530, -1,
          2530, 2512, 2532, -1,
          654, 2517, 448, -1,
          448, 2517, 2534, -1,
          2534, 2518, 2535, -1,
          2517, 2518, 2534, -1,
          2535, 2519, 2536, -1,
          2518, 2519, 2535, -1,
          2536, 2520, 2537, -1,
          2519, 2520, 2536, -1,
          2537, 2521, 2538, -1,
          2520, 2521, 2537, -1,
          2538, 2522, 2539, -1,
          2521, 2522, 2538, -1,
          2539, 2523, 2540, -1,
          2522, 2523, 2539, -1,
          2540, 2524, 2541, -1,
          2523, 2524, 2540, -1,
          2541, 2525, 2542, -1,
          2524, 2525, 2541, -1,
          2542, 2526, 2543, -1,
          2525, 2526, 2542, -1,
          2543, 2528, 2544, -1,
          2526, 2528, 2543, -1,
          2544, 2530, 2545, -1,
          2528, 2530, 2544, -1,
          2545, 2532, 2546, -1,
          2530, 2532, 2545, -1,
          2546, 2533, 2547, -1,
          2532, 2533, 2546, -1,
          2533, 2531, 2547, -1,
          2547, 2531, 2548, -1,
          2531, 2529, 2548, -1,
          2548, 2529, 2549, -1,
          2529, 2527, 2549, -1,
          2549, 2527, 2550, -1,
          2527, 636, 2550, -1,
          2550, 636, 483, -1,
          634, 2449, 635, -1,
          634, 2425, 2449, -1,
          2425, 2451, 2449, -1,
          2425, 2427, 2451, -1,
          2427, 2453, 2451, -1,
          2427, 2429, 2453, -1,
          2429, 2455, 2453, -1,
          2429, 2431, 2455, -1,
          2431, 2457, 2455, -1,
          2431, 2432, 2457, -1,
          2432, 2459, 2457, -1,
          2432, 2434, 2459, -1,
          2434, 2461, 2459, -1,
          2434, 2436, 2461, -1,
          2436, 2463, 2461, -1,
          2436, 2438, 2463, -1,
          2438, 2465, 2463, -1,
          2438, 2440, 2465, -1,
          2440, 2467, 2465, -1,
          2440, 2442, 2467, -1,
          2442, 2469, 2467, -1,
          2442, 2444, 2469, -1,
          2444, 2471, 2469, -1,
          2444, 2446, 2471, -1,
          2471, 2447, 2473, -1,
          2446, 2447, 2471, -1,
          2473, 2448, 2475, -1,
          2447, 2448, 2473, -1,
          2448, 2477, 2475, -1,
          2448, 2445, 2477, -1,
          2445, 2443, 2477, -1,
          2477, 2443, 2479, -1,
          2443, 2441, 2479, -1,
          2479, 2441, 2481, -1,
          2441, 600, 2481, -1,
          2441, 598, 600, -1,
          1981, 596, 597, -1,
          1981, 597, 2343, -1,
          1979, 2343, 2339, -1,
          1979, 1981, 2343, -1,
          1976, 2339, 2335, -1,
          1976, 1979, 2339, -1,
          1975, 2335, 2330, -1,
          1975, 1976, 2335, -1,
          1972, 2330, 2332, -1,
          1972, 1975, 2330, -1,
          1961, 2332, 2334, -1,
          1961, 1972, 2332, -1,
          1887, 2334, 2338, -1,
          1887, 1961, 2334, -1,
          1793, 2338, 2342, -1,
          1793, 1887, 2338, -1,
          1726, 2342, 2346, -1,
          1726, 1793, 2342, -1,
          1612, 2346, 2348, -1,
          1612, 1726, 2346, -1,
          1454, 2348, 2350, -1,
          1454, 1612, 2348, -1,
          1290, 2350, 2353, -1,
          1290, 1454, 2350, -1,
          1162, 2353, 2354, -1,
          1162, 1290, 2353, -1,
          1096, 2354, 2357, -1,
          1096, 1162, 2354, -1,
          1094, 2357, 2359, -1,
          1094, 1096, 2357, -1,
          1092, 1094, 2359, -1,
          1092, 2359, 2361, -1,
          1090, 2361, 2363, -1,
          1090, 1092, 2361, -1,
          563, 2363, 561, -1,
          563, 1090, 2363, -1,
          1089, 558, 559, -1,
          1089, 559, 2302, -1,
          1091, 2302, 2300, -1,
          1091, 1089, 2302, -1,
          1093, 2300, 2298, -1,
          1093, 1091, 2300, -1,
          1095, 2298, 2296, -1,
          1095, 1093, 2298, -1,
          1099, 2296, 2297, -1,
          1099, 1095, 2296, -1,
          1112, 2297, 2299, -1,
          1112, 1099, 2297, -1,
          1244, 2299, 2301, -1,
          1244, 1112, 2299, -1,
          1323, 2301, 2303, -1,
          1323, 1244, 2301, -1,
          1490, 2303, 2304, -1,
          1490, 1323, 2303, -1,
          1625, 2304, 2305, -1,
          1625, 1490, 2304, -1,
          1739, 2305, 2307, -1,
          1739, 1625, 2305, -1,
          1792, 2307, 2309, -1,
          1792, 1739, 2307, -1,
          1952, 2309, 2311, -1,
          1952, 1792, 2309, -1,
          1960, 2311, 2314, -1,
          1960, 1952, 2311, -1,
          1977, 2314, 2316, -1,
          1977, 1960, 2314, -1,
          1978, 1977, 2316, -1,
          1978, 2316, 2318, -1,
          1980, 2318, 2320, -1,
          1980, 1978, 2318, -1,
          525, 2320, 523, -1,
          525, 1980, 2320, -1,
          2414, 520, 521, -1,
          2414, 521, 2421, -1,
          2413, 2421, 2419, -1,
          2413, 2414, 2421, -1,
          2412, 2419, 2417, -1,
          2412, 2413, 2419, -1,
          2411, 2417, 2415, -1,
          2411, 2412, 2417, -1,
          2410, 2415, 2416, -1,
          2410, 2411, 2415, -1,
          2409, 2416, 2418, -1,
          2409, 2410, 2416, -1,
          2408, 2418, 2420, -1,
          2408, 2409, 2418, -1,
          2407, 2420, 2422, -1,
          2407, 2408, 2420, -1,
          2406, 2422, 2423, -1,
          2406, 2407, 2422, -1,
          2405, 2423, 2424, -1,
          2405, 2406, 2423, -1,
          2404, 2424, 2426, -1,
          2404, 2405, 2424, -1,
          2403, 2426, 2428, -1,
          2403, 2404, 2426, -1,
          2402, 2428, 2430, -1,
          2402, 2403, 2428, -1,
          2401, 2430, 2433, -1,
          2401, 2402, 2430, -1,
          2400, 2433, 2435, -1,
          2400, 2401, 2433, -1,
          2399, 2400, 2435, -1,
          2399, 2435, 2437, -1,
          2398, 2437, 2439, -1,
          2398, 2399, 2437, -1,
          487, 2439, 485, -1,
          487, 2398, 2439, -1,
          482, 2550, 483, -1,
          482, 2306, 2550, -1,
          2306, 2549, 2550, -1,
          2306, 2308, 2549, -1,
          2308, 2548, 2549, -1,
          2308, 2310, 2548, -1,
          2310, 2547, 2548, -1,
          2310, 2312, 2547, -1,
          2312, 2546, 2547, -1,
          2312, 2313, 2546, -1,
          2313, 2545, 2546, -1,
          2313, 2315, 2545, -1,
          2315, 2544, 2545, -1,
          2315, 2317, 2544, -1,
          2317, 2543, 2544, -1,
          2317, 2319, 2543, -1,
          2319, 2542, 2543, -1,
          2319, 2321, 2542, -1,
          2321, 2541, 2542, -1,
          2321, 2323, 2541, -1,
          2323, 2540, 2541, -1,
          2323, 2324, 2540, -1,
          2324, 2539, 2540, -1,
          2324, 2327, 2539, -1,
          2327, 2538, 2539, -1,
          2327, 2328, 2538, -1,
          2328, 2537, 2538, -1,
          2328, 2329, 2537, -1,
          2329, 2536, 2537, -1,
          2329, 2326, 2536, -1,
          2326, 2535, 2536, -1,
          2326, 2325, 2535, -1,
          2325, 2322, 2535, -1,
          2535, 2322, 2534, -1,
          2322, 448, 2534, -1,
          2322, 446, 448, -1,
          2551, 2552, 2553, -1,
          2554, 2555, 2556, -1,
          2557, 2558, 2559, -1,
          2557, 2559, 2560, -1,
          2557, 2560, 2552, -1,
          2557, 2551, 2561, -1,
          2557, 2552, 2551, -1,
          2562, 2561, 2563, -1,
          2562, 2557, 2561, -1,
          2564, 2565, 2566, -1,
          2564, 2566, 2558, -1,
          2564, 2558, 2557, -1,
          2564, 2557, 2562, -1,
          2567, 2563, 2568, -1,
          2567, 2568, 2569, -1,
          2567, 2562, 2563, -1,
          2570, 2571, 2572, -1,
          2570, 2572, 2573, -1,
          2570, 2573, 2565, -1,
          2570, 2564, 2562, -1,
          2570, 2562, 2567, -1,
          2570, 2565, 2564, -1,
          2574, 2569, 2575, -1,
          2574, 2567, 2569, -1,
          2576, 2577, 2578, -1,
          2576, 2578, 2579, -1,
          2576, 2579, 2571, -1,
          2576, 2571, 2570, -1,
          2576, 2570, 2567, -1,
          2576, 2567, 2574, -1,
          2580, 2575, 2555, -1,
          2580, 2554, 2581, -1,
          2580, 2581, 2582, -1,
          2580, 2582, 2583, -1,
          2580, 2574, 2575, -1,
          2580, 2555, 2554, -1,
          2584, 2583, 2585, -1,
          2584, 2585, 2577, -1,
          2584, 2574, 2580, -1,
          2584, 2576, 2574, -1,
          2584, 2580, 2583, -1,
          2584, 2577, 2576, -1,
          2586, 2587, 2588, -1,
          2586, 2588, 2589, -1,
          2590, 2589, 2591, -1,
          2590, 2586, 2589, -1,
          2592, 2591, 2593, -1,
          2592, 2590, 2591, -1,
          2594, 2593, 2595, -1,
          2594, 2592, 2593, -1,
          2596, 2595, 2597, -1,
          2596, 2594, 2595, -1,
          2598, 2597, 2599, -1,
          2598, 2596, 2597, -1,
          2600, 2599, 2601, -1,
          2600, 2598, 2599, -1,
          2602, 2601, 2603, -1,
          2602, 2600, 2601, -1,
          2556, 2603, 2604, -1,
          2556, 2602, 2603, -1,
          2554, 2604, 2605, -1,
          2554, 2556, 2604, -1,
          2581, 2605, 2606, -1,
          2581, 2554, 2605, -1,
          2582, 2606, 2607, -1,
          2582, 2607, 2608, -1,
          2582, 2581, 2606, -1,
          2583, 2582, 2608, -1,
          2585, 2608, 2609, -1,
          2585, 2609, 2610, -1,
          2585, 2583, 2608, -1,
          2577, 2585, 2610, -1,
          2578, 2610, 2611, -1,
          2578, 2577, 2610, -1,
          2578, 2611, 2612, -1,
          2579, 2578, 2612, -1,
          2571, 2612, 2613, -1,
          2571, 2579, 2612, -1,
          2614, 2605, 2604, -1,
          2615, 2616, 2617, -1,
          2618, 2614, 2619, -1,
          2618, 2606, 2605, -1,
          2618, 2607, 2606, -1,
          2618, 2608, 2607, -1,
          2618, 2605, 2614, -1,
          2620, 2619, 2621, -1,
          2620, 2618, 2619, -1,
          2622, 2609, 2608, -1,
          2622, 2610, 2609, -1,
          2622, 2618, 2620, -1,
          2622, 2608, 2618, -1,
          2623, 2621, 2624, -1,
          2623, 2624, 2625, -1,
          2623, 2620, 2621, -1,
          2626, 2611, 2610, -1,
          2626, 2612, 2611, -1,
          2626, 2613, 2612, -1,
          2626, 2622, 2620, -1,
          2626, 2620, 2623, -1,
          2626, 2610, 2622, -1,
          2627, 2625, 2628, -1,
          2627, 2623, 2625, -1,
          2629, 2630, 2613, -1,
          2629, 2631, 2630, -1,
          2629, 2632, 2631, -1,
          2629, 2626, 2623, -1,
          2629, 2613, 2626, -1,
          2629, 2623, 2627, -1,
          2633, 2628, 2616, -1,
          2633, 2634, 2635, -1,
          2633, 2636, 2634, -1,
          2633, 2615, 2636, -1,
          2633, 2627, 2628, -1,
          2633, 2616, 2615, -1,
          2637, 2638, 2632, -1,
          2637, 2635, 2638, -1,
          2637, 2632, 2629, -1,
          2637, 2629, 2627, -1,
          2637, 2633, 2635, -1,
          2637, 2627, 2633, -1,
          2614, 2604, 2603, -1,
          2617, 2616, 2639, -1,
          2640, 2591, 2589, -1,
          2640, 2593, 2591, -1,
          2640, 2595, 2593, -1,
          2640, 2597, 2595, -1,
          2641, 2619, 2614, -1,
          2641, 2599, 2597, -1,
          2641, 2601, 2599, -1,
          2641, 2603, 2601, -1,
          2641, 2614, 2603, -1,
          2641, 2597, 2640, -1,
          2642, 2589, 2588, -1,
          2642, 2588, 2643, -1,
          2642, 2640, 2589, -1,
          2644, 2624, 2621, -1,
          2644, 2621, 2619, -1,
          2644, 2619, 2641, -1,
          2644, 2640, 2642, -1,
          2644, 2641, 2640, -1,
          2645, 2646, 2647, -1,
          2645, 2648, 2646, -1,
          2645, 2649, 2648, -1,
          2645, 2643, 2649, -1,
          2645, 2642, 2643, -1,
          2650, 2625, 2624, -1,
          2650, 2628, 2625, -1,
          2650, 2642, 2645, -1,
          2650, 2644, 2642, -1,
          2650, 2624, 2644, -1,
          2651, 2616, 2628, -1,
          2651, 2652, 2639, -1,
          2651, 2653, 2652, -1,
          2651, 2647, 2653, -1,
          2651, 2645, 2647, -1,
          2651, 2650, 2645, -1,
          2651, 2628, 2650, -1,
          2651, 2639, 2616, -1,
          2572, 2571, 2613, -1,
          2572, 2613, 2630, -1,
          2573, 2630, 2631, -1,
          2573, 2572, 2630, -1,
          2565, 2631, 2632, -1,
          2565, 2573, 2631, -1,
          2566, 2632, 2638, -1,
          2566, 2565, 2632, -1,
          2558, 2638, 2635, -1,
          2558, 2566, 2638, -1,
          2559, 2635, 2634, -1,
          2559, 2558, 2635, -1,
          2560, 2634, 2636, -1,
          2560, 2559, 2634, -1,
          2552, 2636, 2615, -1,
          2552, 2560, 2636, -1,
          2553, 2615, 2617, -1,
          2553, 2552, 2615, -1,
          2654, 2617, 2639, -1,
          2654, 2553, 2617, -1,
          2655, 2639, 2652, -1,
          2655, 2654, 2639, -1,
          2656, 2652, 2653, -1,
          2656, 2653, 2647, -1,
          2656, 2655, 2652, -1,
          2657, 2656, 2647, -1,
          2658, 2647, 2646, -1,
          2658, 2646, 2648, -1,
          2658, 2657, 2647, -1,
          2659, 2658, 2648, -1,
          2660, 2659, 2648, -1,
          2660, 2648, 2649, -1,
          2660, 2649, 2643, -1,
          2661, 2660, 2643, -1,
          2587, 2661, 2643, -1,
          2587, 2643, 2588, -1,
          2551, 2553, 2654, -1,
          2556, 2555, 2602, -1,
          2662, 2657, 2658, -1,
          2662, 2658, 2659, -1,
          2662, 2659, 2660, -1,
          2662, 2660, 2661, -1,
          2663, 2561, 2551, -1,
          2663, 2654, 2655, -1,
          2663, 2655, 2656, -1,
          2663, 2656, 2657, -1,
          2663, 2657, 2662, -1,
          2663, 2551, 2654, -1,
          2664, 2661, 2587, -1,
          2664, 2587, 2586, -1,
          2664, 2662, 2661, -1,
          2665, 2563, 2561, -1,
          2665, 2568, 2563, -1,
          2665, 2662, 2664, -1,
          2665, 2561, 2663, -1,
          2665, 2663, 2662, -1,
          2666, 2586, 2590, -1,
          2666, 2590, 2592, -1,
          2666, 2592, 2594, -1,
          2666, 2594, 2596, -1,
          2666, 2664, 2586, -1,
          2667, 2575, 2569, -1,
          2667, 2569, 2568, -1,
          2667, 2664, 2666, -1,
          2667, 2568, 2665, -1,
          2667, 2665, 2664, -1,
          2668, 2596, 2598, -1,
          2668, 2598, 2600, -1,
          2668, 2600, 2602, -1,
          2668, 2555, 2575, -1,
          2668, 2575, 2667, -1,
          2668, 2666, 2596, -1,
          2668, 2667, 2666, -1,
          2668, 2602, 2555, -1,
          2669, 2670, 2671, -1,
          2669, 2672, 2670, -1,
          2672, 2673, 2670, -1,
          2672, 2674, 2673, -1,
          2674, 2675, 2673, -1,
          2674, 2676, 2675, -1,
          2676, 2677, 2675, -1,
          2676, 2678, 2677, -1,
          2678, 2679, 2677, -1,
          2678, 2680, 2679, -1,
          2680, 2681, 2679, -1,
          2680, 2682, 2681, -1,
          2682, 2683, 2681, -1,
          2682, 2684, 2683, -1,
          2684, 2685, 2683, -1,
          2684, 2686, 2685, -1,
          2686, 2687, 2685, -1,
          2686, 2688, 2687, -1,
          2688, 2689, 2687, -1,
          2688, 2690, 2689, -1,
          2690, 2691, 2689, -1,
          2690, 2692, 2691, -1,
          2692, 2693, 2691, -1,
          2692, 2694, 2693, -1,
          2693, 2695, 2696, -1,
          2694, 2695, 2693, -1,
          2695, 2697, 2696, -1,
          2695, 2698, 2697, -1,
          2698, 2699, 2697, -1,
          2698, 2700, 2699, -1,
          2700, 2701, 2699, -1,
          2700, 2702, 2701, -1,
          2702, 2703, 2701, -1,
          2701, 2703, 2704, -1,
          2703, 2705, 2704, -1,
          2703, 2706, 2705, -1,
          2707, 2708, 2709, -1,
          2707, 2710, 2708, -1,
          2710, 2711, 2708, -1,
          2710, 2712, 2711, -1,
          2712, 2713, 2711, -1,
          2712, 2714, 2713, -1,
          2714, 2715, 2713, -1,
          2714, 2716, 2715, -1,
          2716, 2717, 2715, -1,
          2716, 2718, 2717, -1,
          2718, 2719, 2717, -1,
          2718, 2720, 2719, -1,
          2720, 2721, 2719, -1,
          2720, 2722, 2721, -1,
          2722, 2723, 2721, -1,
          2722, 2724, 2723, -1,
          2724, 2725, 2723, -1,
          2725, 2726, 2727, -1,
          2724, 2726, 2725, -1,
          2728, 2729, 2730, -1,
          2728, 2731, 2729, -1,
          2732, 2730, 2733, -1,
          2732, 2728, 2730, -1,
          2734, 2733, 2735, -1,
          2734, 2732, 2733, -1,
          2736, 2735, 2737, -1,
          2736, 2734, 2735, -1,
          2738, 2737, 2739, -1,
          2738, 2736, 2737, -1,
          2740, 2739, 2741, -1,
          2740, 2738, 2739, -1,
          2742, 2741, 2743, -1,
          2742, 2740, 2741, -1,
          2744, 2743, 2745, -1,
          2744, 2742, 2743, -1,
          2746, 2745, 2747, -1,
          2746, 2744, 2745, -1,
          2748, 2749, 2750, -1,
          2748, 2751, 2749, -1,
          2752, 2750, 2753, -1,
          2752, 2748, 2750, -1,
          2754, 2753, 2755, -1,
          2754, 2752, 2753, -1,
          2756, 2755, 2757, -1,
          2756, 2754, 2755, -1,
          2758, 2757, 2759, -1,
          2758, 2756, 2757, -1,
          2760, 2759, 2761, -1,
          2760, 2758, 2759, -1,
          2762, 2761, 2763, -1,
          2762, 2760, 2761, -1,
          2764, 2763, 2765, -1,
          2764, 2762, 2763, -1,
          2766, 2765, 2767, -1,
          2766, 2764, 2765, -1,
          2768, 2767, 2769, -1,
          2768, 2766, 2767, -1,
          2770, 2769, 2771, -1,
          2770, 2768, 2769, -1,
          2772, 2771, 2773, -1,
          2772, 2770, 2771, -1,
          2774, 2773, 2775, -1,
          2774, 2772, 2773, -1,
          2776, 2775, 2777, -1,
          2776, 2774, 2775, -1,
          2778, 2777, 2779, -1,
          2778, 2776, 2777, -1,
          2780, 2778, 2779, -1,
          2780, 2779, 2781, -1,
          2782, 2781, 2783, -1,
          2782, 2780, 2781, -1,
          2784, 2783, 2785, -1,
          2784, 2782, 2783, -1,
          2786, 2787, 2705, -1,
          2705, 2787, 2704, -1,
          2704, 2788, 2701, -1,
          2787, 2788, 2704, -1,
          2701, 2789, 2699, -1,
          2788, 2789, 2701, -1,
          2699, 2790, 2697, -1,
          2789, 2790, 2699, -1,
          2697, 2791, 2696, -1,
          2790, 2791, 2697, -1,
          2696, 2792, 2693, -1,
          2791, 2792, 2696, -1,
          2693, 2793, 2691, -1,
          2792, 2793, 2693, -1,
          2691, 2794, 2689, -1,
          2793, 2794, 2691, -1,
          2689, 2795, 2687, -1,
          2794, 2795, 2689, -1,
          2795, 2796, 2687, -1,
          2796, 2797, 2687, -1,
          2687, 2798, 2685, -1,
          2797, 2798, 2687, -1,
          2794, 2799, 2795, -1,
          2800, 2801, 2798, -1,
          2685, 2801, 2683, -1,
          2798, 2801, 2685, -1,
          2801, 2802, 2683, -1,
          2683, 2802, 2681, -1,
          2802, 2803, 2681, -1,
          2681, 2803, 2679, -1,
          2803, 2804, 2679, -1,
          2679, 2804, 2677, -1,
          2804, 2805, 2677, -1,
          2677, 2805, 2675, -1,
          2805, 2806, 2675, -1,
          2675, 2806, 2673, -1,
          2806, 2807, 2673, -1,
          2673, 2807, 2670, -1,
          2670, 2808, 2671, -1,
          2807, 2808, 2670, -1,
          2808, 2709, 2671, -1,
          2809, 2751, 2748, -1,
          2809, 2810, 2751, -1,
          2811, 2748, 2752, -1,
          2811, 2809, 2748, -1,
          2812, 2752, 2754, -1,
          2812, 2811, 2752, -1,
          2813, 2754, 2756, -1,
          2813, 2812, 2754, -1,
          2814, 2756, 2758, -1,
          2814, 2813, 2756, -1,
          2815, 2758, 2760, -1,
          2815, 2814, 2758, -1,
          2816, 2760, 2762, -1,
          2816, 2815, 2760, -1,
          2817, 2762, 2764, -1,
          2817, 2816, 2762, -1,
          2818, 2764, 2766, -1,
          2818, 2817, 2764, -1,
          2819, 2818, 2766, -1,
          2820, 2819, 2766, -1,
          2821, 2817, 2818, -1,
          2822, 2766, 2768, -1,
          2822, 2820, 2766, -1,
          2823, 2768, 2770, -1,
          2823, 2824, 2822, -1,
          2823, 2822, 2768, -1,
          2825, 2823, 2770, -1,
          2825, 2770, 2772, -1,
          2826, 2825, 2772, -1,
          2826, 2772, 2774, -1,
          2827, 2826, 2774, -1,
          2827, 2774, 2776, -1,
          2828, 2776, 2778, -1,
          2828, 2827, 2776, -1,
          2829, 2828, 2778, -1,
          2829, 2778, 2780, -1,
          2830, 2780, 2782, -1,
          2830, 2829, 2780, -1,
          2831, 2782, 2784, -1,
          2831, 2830, 2782, -1,
          2746, 2831, 2784, -1,
          2744, 2746, 2784, -1,
          2744, 2784, 2832, -1,
          2742, 2832, 2833, -1,
          2742, 2744, 2832, -1,
          2740, 2833, 2834, -1,
          2740, 2742, 2833, -1,
          2738, 2834, 2835, -1,
          2738, 2740, 2834, -1,
          2736, 2835, 2836, -1,
          2736, 2738, 2835, -1,
          2734, 2836, 2837, -1,
          2734, 2736, 2836, -1,
          2732, 2837, 2838, -1,
          2732, 2734, 2837, -1,
          2728, 2838, 2839, -1,
          2728, 2732, 2838, -1,
          2840, 2839, 2841, -1,
          2840, 2728, 2839, -1,
          2842, 2840, 2841, -1,
          2843, 2842, 2841, -1,
          2731, 2728, 2840, -1,
          2844, 2841, 2845, -1,
          2844, 2843, 2841, -1,
          2846, 2845, 2847, -1,
          2846, 2848, 2844, -1,
          2846, 2844, 2845, -1,
          2849, 2846, 2847, -1,
          2849, 2847, 2850, -1,
          2851, 2849, 2850, -1,
          2851, 2850, 2852, -1,
          2853, 2851, 2852, -1,
          2853, 2852, 2854, -1,
          2855, 2853, 2854, -1,
          2855, 2854, 2856, -1,
          2857, 2855, 2856, -1,
          2857, 2856, 2858, -1,
          2859, 2858, 2860, -1,
          2859, 2857, 2858, -1,
          2861, 2860, 2751, -1,
          2861, 2859, 2860, -1,
          2810, 2861, 2751, -1,
          2709, 2708, 2671, -1,
          2671, 2708, 2862, -1,
          2862, 2711, 2863, -1,
          2708, 2711, 2862, -1,
          2863, 2713, 2864, -1,
          2711, 2713, 2863, -1,
          2864, 2715, 2865, -1,
          2713, 2715, 2864, -1,
          2865, 2717, 2866, -1,
          2715, 2717, 2865, -1,
          2866, 2719, 2867, -1,
          2717, 2719, 2866, -1,
          2867, 2721, 2868, -1,
          2719, 2721, 2867, -1,
          2868, 2723, 2869, -1,
          2721, 2723, 2868, -1,
          2869, 2870, 2871, -1,
          2723, 2870, 2869, -1,
          2870, 2872, 2871, -1,
          2872, 2873, 2871, -1,
          2871, 2874, 2875, -1,
          2873, 2874, 2871, -1,
          2723, 2725, 2870, -1,
          2876, 2877, 2874, -1,
          2875, 2877, 2878, -1,
          2874, 2877, 2875, -1,
          2877, 2879, 2878, -1,
          2878, 2879, 2880, -1,
          2879, 2881, 2880, -1,
          2880, 2881, 2882, -1,
          2881, 2883, 2882, -1,
          2882, 2883, 2884, -1,
          2883, 2885, 2884, -1,
          2884, 2885, 2886, -1,
          2885, 2887, 2886, -1,
          2886, 2887, 2888, -1,
          2887, 2889, 2888, -1,
          2888, 2889, 2890, -1,
          2889, 2891, 2890, -1,
          2890, 2891, 2705, -1,
          2891, 2786, 2705, -1,
          2892, 2730, 2729, -1,
          2892, 2893, 2730, -1,
          2893, 2733, 2730, -1,
          2893, 2894, 2733, -1,
          2894, 2735, 2733, -1,
          2894, 2895, 2735, -1,
          2895, 2737, 2735, -1,
          2895, 2896, 2737, -1,
          2897, 2739, 2896, -1,
          2896, 2739, 2737, -1,
          2898, 2741, 2897, -1,
          2897, 2741, 2739, -1,
          2899, 2743, 2898, -1,
          2898, 2743, 2741, -1,
          2900, 2745, 2899, -1,
          2899, 2745, 2743, -1,
          2901, 2747, 2900, -1,
          2900, 2747, 2745, -1,
          2901, 2902, 2747, -1,
          2902, 2903, 2747, -1,
          2902, 2904, 2903, -1,
          2905, 2906, 2907, -1,
          2907, 2906, 2908, -1,
          2909, 2910, 2904, -1,
          2904, 2910, 2903, -1,
          2908, 2911, 2912, -1,
          2906, 2911, 2908, -1,
          2913, 2914, 2909, -1,
          2909, 2914, 2910, -1,
          2911, 2915, 2912, -1,
          2912, 2915, 2916, -1,
          2913, 2917, 2914, -1,
          2918, 2917, 2913, -1,
          2918, 2919, 2917, -1,
          2916, 2919, 2918, -1,
          2915, 2919, 2916, -1,
          2920, 2921, 2922, -1,
          2923, 2924, 2920, -1,
          2920, 2924, 2921, -1,
          2922, 2925, 2926, -1,
          2921, 2925, 2922, -1,
          2927, 2928, 2923, -1,
          2923, 2928, 2924, -1,
          2926, 2929, 2930, -1,
          2925, 2929, 2926, -1,
          2927, 2931, 2928, -1,
          2927, 2932, 2931, -1,
          2930, 2933, 2934, -1,
          2929, 2933, 2930, -1,
          2932, 2935, 2931, -1,
          2932, 2936, 2935, -1,
          2934, 2937, 2938, -1,
          2933, 2937, 2934, -1,
          2936, 2707, 2935, -1,
          2939, 2710, 2936, -1,
          2936, 2710, 2707, -1,
          2940, 2712, 2939, -1,
          2939, 2712, 2710, -1,
          2941, 2714, 2940, -1,
          2940, 2714, 2712, -1,
          2942, 2716, 2941, -1,
          2941, 2716, 2714, -1,
          2942, 2718, 2716, -1,
          2942, 2943, 2718, -1,
          2943, 2720, 2718, -1,
          2943, 2944, 2720, -1,
          2944, 2722, 2720, -1,
          2944, 2945, 2722, -1,
          2945, 2724, 2722, -1,
          2945, 2946, 2724, -1,
          2946, 2726, 2724, -1,
          2946, 2947, 2726, -1,
          2678, 2948, 2949, -1,
          2680, 2949, 2950, -1,
          2680, 2678, 2949, -1,
          2676, 2951, 2948, -1,
          2676, 2948, 2678, -1,
          2682, 2950, 2952, -1,
          2682, 2680, 2950, -1,
          2674, 2953, 2951, -1,
          2674, 2951, 2676, -1,
          2684, 2682, 2952, -1,
          2954, 2684, 2952, -1,
          2672, 2955, 2953, -1,
          2672, 2953, 2674, -1,
          2686, 2684, 2954, -1,
          2956, 2686, 2954, -1,
          2669, 2749, 2955, -1,
          2669, 2955, 2672, -1,
          2688, 2686, 2956, -1,
          2957, 2688, 2956, -1,
          2958, 2749, 2669, -1,
          2958, 2750, 2749, -1,
          2690, 2688, 2957, -1,
          2959, 2750, 2958, -1,
          2959, 2753, 2750, -1,
          2692, 2957, 2960, -1,
          2692, 2690, 2957, -1,
          2961, 2692, 2960, -1,
          2962, 2753, 2959, -1,
          2962, 2755, 2753, -1,
          2694, 2692, 2961, -1,
          2963, 2694, 2961, -1,
          2964, 2757, 2755, -1,
          2964, 2755, 2962, -1,
          2695, 2694, 2963, -1,
          2965, 2757, 2964, -1,
          2966, 2695, 2963, -1,
          2966, 2698, 2695, -1,
          2759, 2757, 2965, -1,
          2967, 2759, 2965, -1,
          2968, 2700, 2698, -1,
          2968, 2698, 2966, -1,
          2761, 2759, 2967, -1,
          2969, 2761, 2967, -1,
          2970, 2702, 2700, -1,
          2970, 2700, 2968, -1,
          2763, 2761, 2969, -1,
          2971, 2703, 2702, -1,
          2971, 2702, 2970, -1,
          2765, 2969, 2972, -1,
          2765, 2763, 2969, -1,
          2973, 2765, 2972, -1,
          2785, 2706, 2703, -1,
          2785, 2703, 2971, -1,
          2767, 2765, 2973, -1,
          2783, 2974, 2706, -1,
          2783, 2706, 2785, -1,
          2769, 2973, 2975, -1,
          2769, 2767, 2973, -1,
          2976, 2769, 2975, -1,
          2781, 2974, 2783, -1,
          2781, 2977, 2974, -1,
          2771, 2976, 2978, -1,
          2771, 2769, 2976, -1,
          2779, 2977, 2781, -1,
          2779, 2979, 2977, -1,
          2773, 2771, 2978, -1,
          2773, 2978, 2980, -1,
          2777, 2979, 2779, -1,
          2777, 2981, 2979, -1,
          2775, 2773, 2980, -1,
          2775, 2981, 2777, -1,
          2775, 2980, 2981, -1,
          2844, 2848, 2938, -1,
          2982, 2938, 2937, -1,
          2982, 2937, 2983, -1,
          2982, 2844, 2938, -1,
          2984, 2982, 2983, -1,
          2731, 2840, 2729, -1,
          2729, 2985, 2892, -1,
          2892, 2985, 2986, -1,
          2840, 2985, 2729, -1,
          2985, 2987, 2986, -1,
          2844, 2988, 2843, -1,
          2982, 2988, 2844, -1,
          2843, 2989, 2842, -1,
          2842, 2989, 2840, -1,
          2988, 2989, 2843, -1,
          2989, 2985, 2840, -1,
          2822, 2824, 2905, -1,
          2990, 2905, 2907, -1,
          2990, 2907, 2991, -1,
          2990, 2822, 2905, -1,
          2992, 2990, 2991, -1,
          2993, 2994, 2727, -1,
          2993, 2727, 2726, -1,
          2947, 2993, 2726, -1,
          2818, 2947, 2821, -1,
          2818, 2993, 2947, -1,
          2993, 2818, 2995, -1,
          2818, 2819, 2995, -1,
          2995, 2820, 2996, -1,
          2819, 2820, 2995, -1,
          2996, 2822, 2990, -1,
          2820, 2822, 2996, -1,
          2832, 2784, 2785, -1,
          2832, 2785, 2971, -1,
          2833, 2971, 2970, -1,
          2833, 2832, 2971, -1,
          2834, 2970, 2968, -1,
          2834, 2833, 2970, -1,
          2835, 2968, 2966, -1,
          2835, 2834, 2968, -1,
          2836, 2966, 2963, -1,
          2836, 2835, 2966, -1,
          2837, 2963, 2961, -1,
          2837, 2836, 2963, -1,
          2838, 2961, 2960, -1,
          2838, 2837, 2961, -1,
          2839, 2960, 2957, -1,
          2839, 2838, 2960, -1,
          2841, 2957, 2956, -1,
          2841, 2839, 2957, -1,
          2845, 2956, 2954, -1,
          2845, 2841, 2956, -1,
          2847, 2954, 2952, -1,
          2847, 2845, 2954, -1,
          2850, 2952, 2950, -1,
          2850, 2847, 2952, -1,
          2852, 2950, 2949, -1,
          2852, 2850, 2950, -1,
          2854, 2949, 2948, -1,
          2854, 2852, 2949, -1,
          2856, 2948, 2951, -1,
          2856, 2854, 2948, -1,
          2858, 2856, 2951, -1,
          2858, 2951, 2953, -1,
          2860, 2953, 2955, -1,
          2860, 2858, 2953, -1,
          2749, 2860, 2955, -1,
          2751, 2860, 2749, -1,
          2817, 2821, 2947, -1,
          2817, 2947, 2946, -1,
          2816, 2946, 2945, -1,
          2816, 2817, 2946, -1,
          2815, 2945, 2944, -1,
          2815, 2816, 2945, -1,
          2814, 2944, 2943, -1,
          2814, 2815, 2944, -1,
          2813, 2943, 2942, -1,
          2813, 2814, 2943, -1,
          2812, 2942, 2941, -1,
          2812, 2813, 2942, -1,
          2811, 2941, 2940, -1,
          2811, 2812, 2941, -1,
          2809, 2940, 2939, -1,
          2809, 2811, 2940, -1,
          2810, 2939, 2936, -1,
          2810, 2809, 2939, -1,
          2932, 2810, 2936, -1,
          2861, 2810, 2932, -1,
          2927, 2861, 2932, -1,
          2859, 2861, 2927, -1,
          2923, 2859, 2927, -1,
          2857, 2859, 2923, -1,
          2920, 2857, 2923, -1,
          2855, 2857, 2920, -1,
          2922, 2855, 2920, -1,
          2853, 2855, 2922, -1,
          2926, 2853, 2922, -1,
          2851, 2853, 2926, -1,
          2930, 2851, 2926, -1,
          2849, 2851, 2930, -1,
          2934, 2849, 2930, -1,
          2846, 2849, 2934, -1,
          2938, 2846, 2934, -1,
          2848, 2846, 2938, -1,
          2903, 2746, 2747, -1,
          2831, 2746, 2903, -1,
          2910, 2831, 2903, -1,
          2830, 2831, 2910, -1,
          2914, 2830, 2910, -1,
          2829, 2830, 2914, -1,
          2917, 2829, 2914, -1,
          2828, 2829, 2917, -1,
          2919, 2828, 2917, -1,
          2827, 2828, 2919, -1,
          2915, 2827, 2919, -1,
          2826, 2827, 2915, -1,
          2911, 2826, 2915, -1,
          2825, 2826, 2911, -1,
          2906, 2825, 2911, -1,
          2823, 2825, 2906, -1,
          2905, 2823, 2906, -1,
          2824, 2823, 2905, -1,
          2986, 2987, 2799, -1,
          2987, 2795, 2799, -1,
          2991, 2907, 2876, -1,
          2876, 2908, 2877, -1,
          2907, 2908, 2876, -1,
          2877, 2912, 2879, -1,
          2908, 2912, 2877, -1,
          2879, 2916, 2881, -1,
          2912, 2916, 2879, -1,
          2881, 2918, 2883, -1,
          2916, 2918, 2881, -1,
          2883, 2913, 2885, -1,
          2918, 2913, 2883, -1,
          2885, 2909, 2887, -1,
          2913, 2909, 2885, -1,
          2887, 2904, 2889, -1,
          2909, 2904, 2887, -1,
          2889, 2902, 2891, -1,
          2904, 2902, 2889, -1,
          2891, 2901, 2786, -1,
          2902, 2901, 2891, -1,
          2901, 2787, 2786, -1,
          2901, 2900, 2787, -1,
          2900, 2788, 2787, -1,
          2900, 2899, 2788, -1,
          2899, 2789, 2788, -1,
          2899, 2898, 2789, -1,
          2898, 2790, 2789, -1,
          2898, 2897, 2790, -1,
          2897, 2791, 2790, -1,
          2897, 2896, 2791, -1,
          2896, 2792, 2791, -1,
          2896, 2895, 2792, -1,
          2895, 2793, 2792, -1,
          2895, 2894, 2793, -1,
          2894, 2794, 2793, -1,
          2894, 2893, 2794, -1,
          2893, 2799, 2794, -1,
          2893, 2892, 2799, -1,
          2799, 2892, 2986, -1,
          2795, 2987, 2796, -1,
          2985, 2989, 2987, -1,
          2987, 2989, 2796, -1,
          2796, 2988, 2797, -1,
          2989, 2988, 2796, -1,
          2797, 2984, 2798, -1,
          2988, 2984, 2797, -1,
          2988, 2982, 2984, -1,
          2874, 2992, 2876, -1,
          2876, 2992, 2991, -1,
          2798, 2984, 2800, -1,
          2800, 2984, 2983, -1,
          2870, 2994, 2872, -1,
          2993, 2995, 2994, -1,
          2872, 2995, 2873, -1,
          2994, 2995, 2872, -1,
          2995, 2996, 2873, -1,
          2873, 2992, 2874, -1,
          2996, 2992, 2873, -1,
          2996, 2990, 2992, -1,
          2983, 2937, 2800, -1,
          2800, 2933, 2801, -1,
          2937, 2933, 2800, -1,
          2801, 2929, 2802, -1,
          2933, 2929, 2801, -1,
          2802, 2925, 2803, -1,
          2929, 2925, 2802, -1,
          2803, 2921, 2804, -1,
          2925, 2921, 2803, -1,
          2804, 2924, 2805, -1,
          2921, 2924, 2804, -1,
          2805, 2928, 2806, -1,
          2924, 2928, 2805, -1,
          2806, 2931, 2807, -1,
          2928, 2931, 2806, -1,
          2807, 2935, 2808, -1,
          2931, 2935, 2807, -1,
          2808, 2707, 2709, -1,
          2935, 2707, 2808, -1,
          2727, 2994, 2725, -1,
          2994, 2870, 2725, -1,
          2706, 2890, 2705, -1,
          2706, 2974, 2890, -1,
          2974, 2888, 2890, -1,
          2974, 2977, 2888, -1,
          2977, 2886, 2888, -1,
          2977, 2979, 2886, -1,
          2979, 2884, 2886, -1,
          2979, 2981, 2884, -1,
          2981, 2882, 2884, -1,
          2981, 2980, 2882, -1,
          2980, 2880, 2882, -1,
          2980, 2978, 2880, -1,
          2978, 2878, 2880, -1,
          2978, 2976, 2878, -1,
          2976, 2875, 2878, -1,
          2976, 2975, 2875, -1,
          2875, 2973, 2871, -1,
          2975, 2973, 2875, -1,
          2973, 2869, 2871, -1,
          2973, 2972, 2869, -1,
          2869, 2969, 2868, -1,
          2972, 2969, 2869, -1,
          2969, 2867, 2868, -1,
          2969, 2967, 2867, -1,
          2967, 2866, 2867, -1,
          2967, 2965, 2866, -1,
          2965, 2865, 2866, -1,
          2965, 2964, 2865, -1,
          2964, 2864, 2865, -1,
          2964, 2962, 2864, -1,
          2962, 2863, 2864, -1,
          2962, 2959, 2863, -1,
          2959, 2958, 2863, -1,
          2863, 2958, 2862, -1,
          2958, 2669, 2862, -1,
          2862, 2669, 2671, -1,
          2997, 2998, 2999, -1,
          2997, 3000, 2998, -1,
          3000, 3001, 2998, -1,
          3000, 3002, 3001, -1,
          3002, 3003, 3001, -1,
          3002, 3004, 3003, -1,
          3004, 3005, 3003, -1,
          3004, 3006, 3005, -1,
          3006, 3007, 3005, -1,
          3006, 3008, 3007, -1,
          3008, 3009, 3007, -1,
          3008, 3010, 3009, -1,
          3010, 3011, 3009, -1,
          3010, 3012, 3011, -1,
          3012, 3013, 3011, -1,
          3012, 3014, 3013, -1,
          3014, 3015, 3013, -1,
          3014, 3016, 3015, -1,
          3016, 3017, 3015, -1,
          3016, 3018, 3017, -1,
          3018, 3019, 3017, -1,
          3018, 3020, 3019, -1,
          3020, 3021, 3019, -1,
          3020, 3022, 3021, -1,
          3022, 3023, 3021, -1,
          3022, 3024, 3023, -1,
          3024, 3025, 3023, -1,
          3024, 3026, 3025, -1,
          3026, 3027, 3025, -1,
          3025, 3027, 3028, -1,
          3027, 3029, 3028, -1,
          3027, 3030, 3029, -1,
          3030, 3031, 3029, -1,
          3030, 3032, 3031, -1,
          3032, 3033, 3031, -1,
          3031, 3033, 3034, -1,
          3035, 3036, 3037, -1,
          3035, 3038, 3036, -1,
          3039, 3037, 3040, -1,
          3039, 3035, 3037, -1,
          3041, 3040, 3042, -1,
          3041, 3039, 3040, -1,
          3043, 3042, 3044, -1,
          3043, 3041, 3042, -1,
          3045, 3044, 3046, -1,
          3045, 3043, 3044, -1,
          3047, 3046, 3048, -1,
          3047, 3045, 3046, -1,
          3049, 3048, 3050, -1,
          3049, 3047, 3048, -1,
          3051, 3050, 3052, -1,
          3051, 3049, 3050, -1,
          3053, 3052, 3054, -1,
          3053, 3051, 3052, -1,
          3055, 3054, 3056, -1,
          3055, 3053, 3054, -1,
          3057, 3056, 3058, -1,
          3057, 3055, 3056, -1,
          3059, 3058, 3060, -1,
          3059, 3057, 3058, -1,
          3061, 3060, 3062, -1,
          3061, 3059, 3060, -1,
          3063, 3062, 3064, -1,
          3063, 3061, 3062, -1,
          3065, 3063, 3064, -1,
          3066, 3063, 3065, -1,
          3067, 3066, 3065, -1,
          3068, 3066, 3067, -1,
          3069, 3067, 3070, -1,
          3069, 3068, 3067, -1,
          3071, 3070, 3072, -1,
          3071, 3069, 3070, -1,
          3073, 3074, 3075, -1,
          3073, 3076, 3074, -1,
          3077, 3075, 3078, -1,
          3077, 3073, 3075, -1,
          3079, 3078, 3080, -1,
          3079, 3077, 3078, -1,
          3081, 3080, 3082, -1,
          3081, 3079, 3080, -1,
          3083, 3082, 3084, -1,
          3083, 3081, 3082, -1,
          3085, 3084, 3086, -1,
          3085, 3083, 3084, -1,
          3087, 3086, 3088, -1,
          3087, 3085, 3086, -1,
          3089, 3088, 3090, -1,
          3089, 3087, 3088, -1,
          3091, 3090, 3092, -1,
          3091, 3089, 3090, -1,
          3093, 3092, 3094, -1,
          3093, 3091, 3092, -1,
          3095, 3094, 3096, -1,
          3095, 3093, 3094, -1,
          3097, 3096, 3098, -1,
          3097, 3095, 3096, -1,
          3099, 3098, 3100, -1,
          3099, 3097, 3098, -1,
          3101, 3100, 3102, -1,
          3101, 3099, 3100, -1,
          3103, 3102, 3104, -1,
          3103, 3101, 3102, -1,
          3105, 3103, 3104, -1,
          3105, 3104, 3106, -1,
          3107, 3106, 3108, -1,
          3107, 3105, 3106, -1,
          3109, 3108, 3110, -1,
          3109, 3107, 3108, -1,
          3111, 3112, 3113, -1,
          3111, 3114, 3112, -1,
          3115, 3113, 3116, -1,
          3115, 3111, 3113, -1,
          3117, 3116, 3118, -1,
          3117, 3115, 3116, -1,
          3119, 3118, 3120, -1,
          3119, 3117, 3118, -1,
          3121, 3120, 3122, -1,
          3121, 3119, 3120, -1,
          3123, 3122, 3124, -1,
          3123, 3121, 3122, -1,
          3125, 3124, 3126, -1,
          3125, 3123, 3124, -1,
          3127, 3126, 3128, -1,
          3127, 3125, 3126, -1,
          3129, 3128, 3130, -1,
          3129, 3127, 3128, -1,
          3131, 3130, 3132, -1,
          3131, 3129, 3130, -1,
          3133, 3132, 3134, -1,
          3133, 3131, 3132, -1,
          3135, 3134, 3136, -1,
          3135, 3133, 3134, -1,
          3137, 3136, 3138, -1,
          3137, 3135, 3136, -1,
          3139, 3138, 3140, -1,
          3139, 3137, 3138, -1,
          3141, 3140, 3142, -1,
          3141, 3139, 3140, -1,
          3143, 3141, 3142, -1,
          3143, 3142, 3144, -1,
          3145, 3144, 3146, -1,
          3145, 3143, 3144, -1,
          3147, 3146, 3148, -1,
          3147, 3145, 3146, -1,
          3149, 3150, 3151, -1,
          3149, 3152, 3150, -1,
          3152, 3153, 3150, -1,
          3152, 3154, 3153, -1,
          3154, 3155, 3153, -1,
          3154, 3156, 3155, -1,
          3156, 3157, 3155, -1,
          3156, 3158, 3157, -1,
          3158, 3159, 3157, -1,
          3158, 3160, 3159, -1,
          3160, 3161, 3159, -1,
          3160, 3162, 3161, -1,
          3162, 3163, 3161, -1,
          3162, 3164, 3163, -1,
          3164, 3165, 3163, -1,
          3164, 3166, 3165, -1,
          3166, 3167, 3165, -1,
          3166, 3168, 3167, -1,
          3168, 3169, 3167, -1,
          3168, 3170, 3169, -1,
          3169, 3171, 3172, -1,
          3170, 3171, 3169, -1,
          3172, 3173, 3174, -1,
          3171, 3173, 3172, -1,
          3173, 3175, 3174, -1,
          3173, 3176, 3175, -1,
          3175, 3177, 3178, -1,
          3176, 3177, 3175, -1,
          3177, 3179, 3178, -1,
          3177, 3180, 3179, -1,
          3180, 3181, 3179, -1,
          3180, 3182, 3181, -1,
          3182, 3183, 3181, -1,
          3181, 3183, 3184, -1,
          3183, 3185, 3184, -1,
          3184, 3185, 3186, -1,
          3187, 3188, 3034, -1,
          3034, 3188, 3031, -1,
          3031, 3189, 3029, -1,
          3188, 3189, 3031, -1,
          3029, 3190, 3028, -1,
          3189, 3190, 3029, -1,
          3028, 3191, 3025, -1,
          3190, 3191, 3028, -1,
          3025, 3192, 3023, -1,
          3191, 3192, 3025, -1,
          3023, 3193, 3021, -1,
          3192, 3193, 3023, -1,
          3021, 3194, 3019, -1,
          3193, 3194, 3021, -1,
          3019, 3195, 3017, -1,
          3194, 3195, 3019, -1,
          3017, 3196, 3015, -1,
          3195, 3196, 3017, -1,
          3015, 3197, 3013, -1,
          3196, 3197, 3015, -1,
          3013, 3198, 3011, -1,
          3197, 3198, 3013, -1,
          3011, 3199, 3009, -1,
          3198, 3199, 3011, -1,
          3009, 3200, 3007, -1,
          3199, 3200, 3009, -1,
          3007, 3201, 3005, -1,
          3200, 3201, 3007, -1,
          3201, 3202, 3005, -1,
          3005, 3202, 3003, -1,
          3202, 3203, 3003, -1,
          3003, 3203, 3001, -1,
          3203, 3204, 3001, -1,
          3001, 3204, 2998, -1,
          3204, 3205, 2998, -1,
          2998, 3205, 2999, -1,
          3206, 3207, 3208, -1,
          3208, 3207, 3209, -1,
          3209, 3210, 3211, -1,
          3207, 3210, 3209, -1,
          3211, 3212, 3213, -1,
          3210, 3212, 3211, -1,
          3213, 3214, 3215, -1,
          3212, 3214, 3213, -1,
          3215, 3216, 3217, -1,
          3214, 3216, 3215, -1,
          3217, 3218, 3219, -1,
          3216, 3218, 3217, -1,
          3219, 3220, 3221, -1,
          3218, 3220, 3219, -1,
          3221, 3222, 3223, -1,
          3220, 3222, 3221, -1,
          3223, 3224, 3225, -1,
          3222, 3224, 3223, -1,
          3225, 3226, 3227, -1,
          3224, 3226, 3225, -1,
          3227, 3228, 3229, -1,
          3226, 3228, 3227, -1,
          3229, 3230, 3231, -1,
          3228, 3230, 3229, -1,
          3231, 3232, 3233, -1,
          3230, 3232, 3231, -1,
          3233, 3234, 3235, -1,
          3235, 3234, 3236, -1,
          3232, 3234, 3233, -1,
          3234, 3237, 3236, -1,
          3237, 3238, 3236, -1,
          3236, 3238, 3239, -1,
          3238, 3240, 3239, -1,
          3239, 3240, 3241, -1,
          3240, 3242, 3241, -1,
          3241, 3242, 3243, -1,
          3151, 3150, 3244, -1,
          3244, 3150, 3245, -1,
          3245, 3150, 3246, -1,
          3246, 3153, 3247, -1,
          3150, 3153, 3246, -1,
          3247, 3155, 3248, -1,
          3153, 3155, 3247, -1,
          3248, 3157, 3249, -1,
          3155, 3157, 3248, -1,
          3249, 3159, 3250, -1,
          3157, 3159, 3249, -1,
          3250, 3161, 3251, -1,
          3159, 3161, 3250, -1,
          3251, 3163, 3252, -1,
          3161, 3163, 3251, -1,
          3252, 3165, 3253, -1,
          3163, 3165, 3252, -1,
          3253, 3167, 3254, -1,
          3165, 3167, 3253, -1,
          3167, 3169, 3254, -1,
          3254, 3172, 3255, -1,
          3255, 3172, 3256, -1,
          3169, 3172, 3254, -1,
          3256, 3174, 3257, -1,
          3172, 3174, 3256, -1,
          3257, 3175, 3258, -1,
          3174, 3175, 3257, -1,
          3175, 3178, 3258, -1,
          3178, 3179, 3258, -1,
          3258, 3179, 3259, -1,
          3259, 3179, 3260, -1,
          3179, 3181, 3260, -1,
          3181, 3184, 3260, -1,
          3260, 3184, 3261, -1,
          3261, 3184, 3262, -1,
          3184, 3186, 3262, -1,
          3071, 3263, 3264, -1,
          3069, 3264, 3265, -1,
          3069, 3071, 3264, -1,
          3068, 3265, 3266, -1,
          3068, 3069, 3265, -1,
          3066, 3266, 3267, -1,
          3066, 3068, 3266, -1,
          3063, 3066, 3267, -1,
          3061, 3267, 3268, -1,
          3061, 3268, 3269, -1,
          3061, 3063, 3267, -1,
          3059, 3061, 3269, -1,
          3057, 3269, 3270, -1,
          3057, 3270, 3271, -1,
          3057, 3059, 3269, -1,
          3055, 3057, 3271, -1,
          3053, 3271, 3272, -1,
          3053, 3055, 3271, -1,
          3051, 3272, 3273, -1,
          3051, 3053, 3272, -1,
          3049, 3273, 3274, -1,
          3049, 3051, 3273, -1,
          3047, 3274, 3275, -1,
          3047, 3275, 3276, -1,
          3047, 3049, 3274, -1,
          3045, 3047, 3276, -1,
          3043, 3276, 3277, -1,
          3043, 3045, 3276, -1,
          3041, 3043, 3277, -1,
          3041, 3277, 3278, -1,
          3039, 3041, 3278, -1,
          3039, 3278, 3279, -1,
          3039, 3279, 3280, -1,
          3035, 3039, 3280, -1,
          3038, 3035, 3280, -1,
          3038, 3280, 3281, -1,
          3282, 3283, 3284, -1,
          3282, 3285, 3283, -1,
          3286, 3284, 3287, -1,
          3286, 3282, 3284, -1,
          3288, 3287, 3289, -1,
          3288, 3286, 3287, -1,
          3290, 3289, 3291, -1,
          3290, 3288, 3289, -1,
          3292, 3291, 3293, -1,
          3292, 3290, 3291, -1,
          3294, 3293, 3295, -1,
          3294, 3292, 3293, -1,
          3296, 3295, 3297, -1,
          3296, 3297, 3298, -1,
          3296, 3294, 3295, -1,
          3299, 3296, 3298, -1,
          3300, 3298, 3301, -1,
          3300, 3299, 3298, -1,
          3302, 3301, 3303, -1,
          3302, 3300, 3301, -1,
          3304, 3303, 3305, -1,
          3304, 3302, 3303, -1,
          3306, 3305, 3307, -1,
          3306, 3304, 3305, -1,
          3308, 3307, 3309, -1,
          3308, 3309, 3310, -1,
          3308, 3306, 3307, -1,
          3311, 3310, 3312, -1,
          3311, 3308, 3310, -1,
          3313, 3311, 3312, -1,
          3314, 3313, 3312, -1,
          3314, 3312, 3315, -1,
          3316, 3314, 3315, -1,
          3316, 3315, 3317, -1,
          3318, 3316, 3317, -1,
          3318, 3317, 3319, -1,
          3147, 3076, 3073, -1,
          3145, 3073, 3077, -1,
          3145, 3147, 3073, -1,
          3143, 3077, 3079, -1,
          3143, 3145, 3077, -1,
          3141, 3079, 3081, -1,
          3141, 3143, 3079, -1,
          3139, 3081, 3083, -1,
          3139, 3141, 3081, -1,
          3137, 3083, 3085, -1,
          3137, 3139, 3083, -1,
          3320, 3085, 3087, -1,
          3320, 3321, 3085, -1,
          3322, 3085, 3321, -1,
          3323, 3320, 3087, -1,
          3324, 3085, 3322, -1,
          3325, 3323, 3087, -1,
          3326, 3085, 3324, -1,
          3327, 3325, 3087, -1,
          3328, 3327, 3087, -1,
          3329, 3328, 3087, -1,
          3330, 3331, 3332, -1,
          3333, 3330, 3332, -1,
          3333, 3332, 3334, -1,
          3333, 3334, 3335, -1,
          3336, 3333, 3335, -1,
          3337, 3326, 3338, -1,
          3339, 3338, 3326, -1,
          3340, 3326, 3337, -1,
          3341, 3339, 3326, -1,
          3341, 3326, 3342, -1,
          3343, 3085, 3326, -1,
          3343, 3326, 3340, -1,
          3344, 3329, 3087, -1,
          3345, 3085, 3343, -1,
          3346, 3341, 3342, -1,
          3346, 3342, 3347, -1,
          3348, 3344, 3087, -1,
          3135, 3345, 3349, -1,
          3135, 3085, 3345, -1,
          3135, 3349, 3350, -1,
          3135, 3137, 3085, -1,
          3351, 3347, 3333, -1,
          3351, 3346, 3347, -1,
          3352, 3135, 3350, -1,
          3353, 3348, 3087, -1,
          3354, 3135, 3352, -1,
          3355, 3353, 3087, -1,
          3356, 3357, 3358, -1,
          3359, 3356, 3358, -1,
          3359, 3358, 3360, -1,
          3361, 3355, 3087, -1,
          3362, 3360, 3363, -1,
          3362, 3359, 3360, -1,
          3364, 3363, 3365, -1,
          3364, 3362, 3363, -1,
          3366, 3364, 3365, -1,
          3367, 3368, 3369, -1,
          3367, 3369, 3370, -1,
          3367, 3370, 3371, -1,
          3367, 3371, 3372, -1,
          3373, 3365, 3374, -1,
          3373, 3366, 3365, -1,
          3375, 3372, 3376, -1,
          3375, 3376, 3377, -1,
          3375, 3367, 3372, -1,
          3378, 3375, 3377, -1,
          3378, 3377, 3379, -1,
          3380, 3381, 3382, -1,
          3380, 3382, 3383, -1,
          3384, 3378, 3379, -1,
          3384, 3379, 3381, -1,
          3384, 3381, 3380, -1,
          3385, 3373, 3374, -1,
          3386, 3385, 3374, -1,
          3387, 3386, 3374, -1,
          3387, 3374, 3388, -1,
          3389, 3387, 3388, -1,
          3390, 3389, 3388, -1,
          3391, 3390, 3388, -1,
          3391, 3388, 3392, -1,
          3393, 3392, 3394, -1,
          3393, 3394, 3395, -1,
          3396, 3391, 3392, -1,
          3397, 3392, 3393, -1,
          3398, 3396, 3392, -1,
          3399, 3398, 3392, -1,
          3400, 3392, 3397, -1,
          3400, 3399, 3392, -1,
          3401, 3393, 3395, -1,
          3401, 3395, 3402, -1,
          3403, 3404, 3405, -1,
          3406, 3405, 3407, -1,
          3406, 3403, 3405, -1,
          3408, 3409, 3404, -1,
          3408, 3404, 3403, -1,
          3410, 3407, 3411, -1,
          3410, 3406, 3407, -1,
          3412, 3409, 3408, -1,
          3412, 3413, 3409, -1,
          3414, 3411, 3415, -1,
          3414, 3410, 3411, -1,
          3416, 3413, 3412, -1,
          3416, 3417, 3418, -1,
          3416, 3418, 3413, -1,
          3419, 3401, 3402, -1,
          3419, 3402, 3420, -1,
          3421, 3415, 3361, -1,
          3421, 3414, 3415, -1,
          3421, 3361, 3087, -1,
          3422, 3417, 3416, -1,
          3422, 3423, 3417, -1,
          3424, 3087, 3089, -1,
          3424, 3421, 3087, -1,
          3425, 3419, 3420, -1,
          3425, 3420, 3426, -1,
          3427, 3423, 3422, -1,
          3428, 3424, 3089, -1,
          3429, 3423, 3427, -1,
          3429, 3425, 3426, -1,
          3429, 3426, 3423, -1,
          3430, 3429, 3427, -1,
          3430, 3427, 3431, -1,
          3432, 3428, 3089, -1,
          3433, 3425, 3429, -1,
          3434, 3431, 3435, -1,
          3434, 3430, 3431, -1,
          3436, 3425, 3433, -1,
          3437, 3435, 3438, -1,
          3437, 3434, 3435, -1,
          3439, 3425, 3436, -1,
          3439, 3440, 3441, -1,
          3439, 3441, 3425, -1,
          3442, 3438, 3443, -1,
          3442, 3437, 3438, -1,
          3444, 3445, 3440, -1,
          3444, 3440, 3439, -1,
          3446, 3442, 3443, -1,
          3447, 3445, 3444, -1,
          3447, 3448, 3445, -1,
          3449, 3432, 3089, -1,
          3450, 3451, 3448, -1,
          3450, 3448, 3447, -1,
          3452, 3453, 3451, -1,
          3452, 3451, 3450, -1,
          3454, 3455, 3453, -1,
          3454, 3453, 3452, -1,
          3456, 3449, 3089, -1,
          3457, 3458, 3455, -1,
          3457, 3455, 3454, -1,
          3459, 3458, 3457, -1,
          3460, 3456, 3089, -1,
          3461, 3460, 3089, -1,
          3133, 3459, 3462, -1,
          3133, 3462, 3463, -1,
          3133, 3354, 3464, -1,
          3133, 3464, 3465, -1,
          3133, 3465, 3466, -1,
          3133, 3466, 3467, -1,
          3133, 3467, 3468, -1,
          3133, 3468, 3469, -1,
          3133, 3469, 3470, -1,
          3133, 3470, 3471, -1,
          3133, 3471, 3472, -1,
          3133, 3472, 3473, -1,
          3133, 3473, 3474, -1,
          3133, 3474, 3458, -1,
          3133, 3135, 3354, -1,
          3133, 3458, 3459, -1,
          3475, 3461, 3089, -1,
          3476, 3475, 3089, -1,
          3477, 3476, 3089, -1,
          3478, 3479, 3460, -1,
          3480, 3481, 3482, -1,
          3483, 3481, 3480, -1,
          3483, 3480, 3484, -1,
          3483, 3484, 3485, -1,
          3486, 3089, 3091, -1,
          3486, 3477, 3089, -1,
          3487, 3477, 3486, -1,
          3488, 3486, 3091, -1,
          3489, 3490, 3487, -1,
          3491, 3488, 3091, -1,
          3492, 3491, 3091, -1,
          3493, 3487, 3486, -1,
          3494, 3493, 3486, -1,
          3495, 3492, 3496, -1,
          3497, 3496, 3492, -1,
          3498, 3492, 3495, -1,
          3499, 3497, 3492, -1,
          3500, 3494, 3486, -1,
          3501, 3499, 3492, -1,
          3502, 3492, 3498, -1,
          3503, 3501, 3492, -1,
          3504, 3492, 3502, -1,
          3505, 3492, 3091, -1,
          3505, 3503, 3492, -1,
          3506, 3492, 3504, -1,
          3507, 3505, 3091, -1,
          3508, 3507, 3091, -1,
          3131, 3481, 3483, -1,
          3131, 3479, 3478, -1,
          3131, 3463, 3509, -1,
          3131, 3509, 3510, -1,
          3131, 3510, 3511, -1,
          3131, 3511, 3512, -1,
          3131, 3512, 3479, -1,
          3131, 3490, 3489, -1,
          3131, 3483, 3513, -1,
          3131, 3513, 3514, -1,
          3131, 3514, 3490, -1,
          3131, 3478, 3515, -1,
          3131, 3515, 3516, -1,
          3131, 3516, 3481, -1,
          3131, 3133, 3463, -1,
          3517, 3508, 3091, -1,
          3518, 3519, 3520, -1,
          3518, 3520, 3521, -1,
          3522, 3518, 3521, -1,
          3522, 3521, 3523, -1,
          3522, 3523, 3524, -1,
          3525, 3522, 3524, -1,
          3525, 3524, 3526, -1,
          3527, 3525, 3526, -1,
          3527, 3526, 3528, -1,
          3529, 3527, 3528, -1,
          3529, 3528, 3530, -1,
          3531, 3529, 3530, -1,
          3532, 3531, 3530, -1,
          3533, 3517, 3091, -1,
          3534, 3533, 3091, -1,
          3534, 3091, 3093, -1,
          3535, 3534, 3536, -1,
          3537, 3536, 3534, -1,
          3538, 3534, 3535, -1,
          3539, 3537, 3534, -1,
          3540, 3534, 3538, -1,
          3541, 3542, 3543, -1,
          3541, 3543, 3544, -1,
          3541, 3544, 3545, -1,
          3541, 3545, 3546, -1,
          3541, 3546, 3547, -1,
          3541, 3547, 3548, -1,
          3541, 3548, 3549, -1,
          3541, 3549, 3550, -1,
          3541, 3550, 3551, -1,
          3541, 3551, 3552, -1,
          3553, 3534, 3540, -1,
          3554, 3539, 3534, -1,
          3555, 3534, 3093, -1,
          3555, 3554, 3534, -1,
          3556, 3555, 3093, -1,
          3557, 3556, 3093, -1,
          3558, 3559, 3560, -1,
          3561, 3557, 3093, -1,
          3562, 3559, 3558, -1,
          3563, 3561, 3093, -1,
          3564, 3563, 3093, -1,
          3565, 3559, 3562, -1,
          3566, 3564, 3093, -1,
          3567, 3559, 3565, -1,
          3568, 3566, 3093, -1,
          3569, 3559, 3567, -1,
          3570, 3559, 3569, -1,
          3571, 3559, 3570, -1,
          3572, 3568, 3093, -1,
          3572, 3573, 3574, -1,
          3572, 3574, 3575, -1,
          3572, 3575, 3576, -1,
          3572, 3576, 3577, -1,
          3572, 3577, 3568, -1,
          3129, 3489, 3578, -1,
          3129, 3578, 3579, -1,
          3129, 3579, 3519, -1,
          3129, 3518, 3580, -1,
          3129, 3580, 3581, -1,
          3129, 3581, 3542, -1,
          3129, 3131, 3489, -1,
          3129, 3542, 3541, -1,
          3129, 3541, 3582, -1,
          3129, 3582, 3583, -1,
          3129, 3583, 3559, -1,
          3129, 3519, 3518, -1,
          3584, 3573, 3572, -1,
          3585, 3572, 3093, -1,
          3586, 3585, 3093, -1,
          3587, 3586, 3093, -1,
          3588, 3589, 3587, -1,
          3590, 3591, 3592, -1,
          3590, 3592, 3593, -1,
          3590, 3593, 3594, -1,
          3590, 3594, 3595, -1,
          3590, 3595, 3596, -1,
          3590, 3596, 3597, -1,
          3590, 3597, 3598, -1,
          3599, 3093, 3095, -1,
          3599, 3587, 3093, -1,
          3600, 3599, 3095, -1,
          3601, 3588, 3587, -1,
          3601, 3587, 3599, -1,
          3602, 3603, 3604, -1,
          3605, 3600, 3095, -1,
          3606, 3605, 3095, -1,
          3607, 3601, 3599, -1,
          3608, 3606, 3095, -1,
          3609, 3606, 3608, -1,
          3610, 3608, 3095, -1,
          3611, 3602, 3604, -1,
          3611, 3604, 3612, -1,
          3611, 3612, 3613, -1,
          3614, 3609, 3615, -1,
          3616, 3610, 3095, -1,
          3617, 3616, 3095, -1,
          3097, 3617, 3095, -1,
          3097, 3618, 3617, -1,
          3127, 3590, 3619, -1,
          3127, 3619, 3620, -1,
          3127, 3620, 3602, -1,
          3127, 3129, 3559, -1,
          3127, 3571, 3621, -1,
          3127, 3621, 3622, -1,
          3127, 3622, 3623, -1,
          3127, 3623, 3624, -1,
          3127, 3624, 3625, -1,
          3127, 3625, 3591, -1,
          3127, 3591, 3590, -1,
          3127, 3559, 3571, -1,
          3127, 3602, 3611, -1,
          3626, 3614, 3615, -1,
          3626, 3615, 3627, -1,
          3626, 3627, 3628, -1,
          3629, 3630, 3631, -1,
          3629, 3631, 3632, -1,
          3629, 3632, 3618, -1,
          3125, 3611, 3633, -1,
          3125, 3633, 3634, -1,
          3125, 3634, 3614, -1,
          3125, 3614, 3626, -1,
          3125, 3626, 3635, -1,
          3125, 3635, 3636, -1,
          3125, 3636, 3629, -1,
          3125, 3127, 3611, -1,
          3123, 3097, 3099, -1,
          3123, 3629, 3618, -1,
          3123, 3125, 3629, -1,
          3123, 3618, 3097, -1,
          3121, 3123, 3099, -1,
          3119, 3099, 3101, -1,
          3119, 3121, 3099, -1,
          3117, 3101, 3103, -1,
          3117, 3119, 3101, -1,
          3115, 3103, 3105, -1,
          3115, 3105, 3107, -1,
          3115, 3117, 3103, -1,
          3111, 3107, 3109, -1,
          3111, 3115, 3107, -1,
          3114, 3111, 3109, -1,
          3367, 3351, 3333, -1,
          3367, 3333, 3336, -1,
          3367, 3336, 3637, -1,
          3367, 3637, 3368, -1,
          3490, 3477, 3487, -1,
          3461, 3478, 3460, -1,
          3559, 3534, 3638, -1,
          3638, 3534, 3553, -1,
          3559, 3638, 3560, -1,
          3614, 3606, 3609, -1,
          3572, 3590, 3639, -1,
          3639, 3590, 3598, -1,
          3572, 3639, 3584, -1,
          3519, 3492, 3506, -1,
          3519, 3506, 3520, -1,
          3114, 3109, 3640, -1,
          3641, 3640, 3642, -1,
          3641, 3114, 3640, -1,
          3643, 3642, 3644, -1,
          3643, 3641, 3642, -1,
          3645, 3644, 3646, -1,
          3645, 3643, 3644, -1,
          3647, 3645, 3646, -1,
          3648, 3649, 3650, -1,
          3651, 3648, 3650, -1,
          3652, 3646, 3650, -1,
          3652, 3650, 3649, -1,
          3653, 3651, 3650, -1,
          3654, 3647, 3646, -1,
          3654, 3646, 3652, -1,
          3655, 3653, 3650, -1,
          3656, 3647, 3654, -1,
          3657, 3655, 3650, -1,
          3658, 3657, 3650, -1,
          3659, 3660, 3661, -1,
          3662, 3650, 3663, -1,
          3662, 3658, 3650, -1,
          3664, 3659, 3661, -1,
          3664, 3661, 3665, -1,
          3666, 3664, 3665, -1,
          3666, 3665, 3667, -1,
          3668, 3666, 3667, -1,
          3669, 3666, 3668, -1,
          3670, 3647, 3656, -1,
          3671, 3672, 3673, -1,
          3674, 3672, 3671, -1,
          3675, 3672, 3676, -1,
          3675, 3673, 3672, -1,
          3677, 3676, 3678, -1,
          3677, 3675, 3676, -1,
          3679, 3680, 3681, -1,
          3682, 3678, 3683, -1,
          3682, 3677, 3678, -1,
          3684, 3680, 3679, -1,
          3684, 3685, 3680, -1,
          3686, 3682, 3683, -1,
          3686, 3662, 3663, -1,
          3686, 3683, 3662, -1,
          3687, 3685, 3684, -1,
          3687, 3688, 3666, -1,
          3687, 3666, 3669, -1,
          3687, 3669, 3689, -1,
          3687, 3689, 3690, -1,
          3687, 3690, 3685, -1,
          3691, 3686, 3663, -1,
          3692, 3691, 3663, -1,
          3693, 3694, 3695, -1,
          3696, 3692, 3663, -1,
          3697, 3694, 3693, -1,
          3698, 3697, 3693, -1,
          3698, 3693, 3699, -1,
          3700, 3698, 3699, -1,
          3701, 3698, 3700, -1,
          3702, 3698, 3701, -1,
          3703, 3688, 3687, -1,
          3704, 3696, 3663, -1,
          3704, 3705, 3706, -1,
          3704, 3706, 3707, -1,
          3704, 3707, 3708, -1,
          3704, 3708, 3696, -1,
          3709, 3705, 3704, -1,
          3710, 3704, 3663, -1,
          3711, 3709, 3704, -1,
          3712, 3710, 3663, -1,
          3713, 3688, 3703, -1,
          3713, 3647, 3670, -1,
          3713, 3670, 3714, -1,
          3713, 3714, 3715, -1,
          3713, 3715, 3688, -1,
          3716, 3717, 3718, -1,
          3719, 3712, 3663, -1,
          3720, 3717, 3716, -1,
          3720, 3721, 3722, -1,
          3720, 3722, 3717, -1,
          3723, 3698, 3702, -1,
          3723, 3721, 3720, -1,
          3723, 3724, 3698, -1,
          3723, 3702, 3725, -1,
          3723, 3725, 3721, -1,
          3726, 3727, 3719, -1,
          3728, 3726, 3719, -1,
          3729, 3719, 3727, -1,
          3730, 3728, 3719, -1,
          3731, 3719, 3729, -1,
          3732, 3724, 3723, -1,
          3733, 3719, 3663, -1,
          3733, 3730, 3719, -1,
          3734, 3719, 3731, -1,
          3735, 3733, 3663, -1,
          3736, 3735, 3663, -1,
          3737, 3738, 3739, -1,
          3740, 3736, 3663, -1,
          3741, 3737, 3739, -1,
          3741, 3739, 3742, -1,
          3743, 3741, 3742, -1,
          3743, 3742, 3744, -1,
          3745, 3740, 3663, -1,
          3746, 3743, 3744, -1,
          3747, 3743, 3746, -1,
          3748, 3749, 3734, -1,
          3750, 3751, 3752, -1,
          3753, 3751, 3750, -1,
          3754, 3752, 3751, -1,
          3754, 3751, 3755, -1,
          3756, 3754, 3755, -1,
          3756, 3755, 3757, -1,
          3758, 3759, 3760, -1,
          3761, 3757, 3745, -1,
          3761, 3756, 3757, -1,
          3762, 3759, 3758, -1,
          3762, 3763, 3759, -1,
          3764, 3761, 3745, -1,
          3764, 3745, 3663, -1,
          3765, 3743, 3747, -1,
          3765, 3763, 3762, -1,
          3765, 3766, 3743, -1,
          3765, 3747, 3767, -1,
          3765, 3767, 3768, -1,
          3765, 3768, 3763, -1,
          3769, 3764, 3663, -1,
          3770, 3769, 3663, -1,
          3771, 3772, 3773, -1,
          3774, 3772, 3771, -1,
          3775, 3771, 3776, -1,
          3775, 3774, 3771, -1,
          3777, 3775, 3776, -1,
          3778, 3775, 3777, -1,
          3779, 3775, 3778, -1,
          3780, 3766, 3765, -1,
          3781, 3782, 3783, -1,
          3781, 3783, 3784, -1,
          3781, 3784, 3785, -1,
          3786, 3782, 3781, -1,
          3787, 3786, 3781, -1,
          3788, 3789, 3790, -1,
          3791, 3792, 3793, -1,
          3791, 3793, 3789, -1,
          3791, 3789, 3788, -1,
          3794, 3663, 3795, -1,
          3794, 3781, 3785, -1,
          3794, 3796, 3781, -1,
          3794, 3797, 3796, -1,
          3794, 3798, 3797, -1,
          3794, 3785, 3799, -1,
          3794, 3799, 3770, -1,
          3794, 3770, 3663, -1,
          3800, 3801, 3775, -1,
          3800, 3775, 3779, -1,
          3800, 3779, 3802, -1,
          3800, 3802, 3792, -1,
          3800, 3792, 3791, -1,
          3803, 3798, 3794, -1,
          3804, 3801, 3800, -1,
          3805, 3806, 3798, -1,
          3805, 3798, 3803, -1,
          3807, 3798, 3806, -1,
          3808, 3805, 3803, -1,
          3809, 3798, 3807, -1,
          3810, 3808, 3803, -1,
          3810, 3803, 3811, -1,
          3812, 3794, 3795, -1,
          3812, 3795, 3813, -1,
          3812, 3814, 3794, -1,
          3815, 3813, 3795, -1,
          3816, 3810, 3811, -1,
          3817, 3814, 3812, -1,
          3818, 3816, 3811, -1,
          3819, 3817, 3812, -1,
          3820, 3815, 3795, -1,
          3821, 3822, 3823, -1,
          3824, 3818, 3811, -1,
          3824, 3811, 3825, -1,
          3826, 3820, 3795, -1,
          3827, 3822, 3821, -1,
          3828, 3829, 3830, -1,
          3831, 3824, 3825, -1,
          3832, 3828, 3830, -1,
          3832, 3830, 3833, -1,
          3834, 3812, 3813, -1,
          3835, 3822, 3827, -1,
          3836, 3831, 3825, -1,
          3836, 3825, 3837, -1,
          3838, 3817, 3819, -1,
          3839, 3832, 3833, -1,
          3840, 3822, 3835, -1,
          3841, 3842, 3843, -1,
          3841, 3843, 3801, -1,
          3841, 3713, 3703, -1,
          3841, 3766, 3780, -1,
          3841, 3732, 3844, -1,
          3841, 3844, 3845, -1,
          3841, 3845, 3749, -1,
          3841, 3749, 3748, -1,
          3841, 3804, 3846, -1,
          3841, 3846, 3847, -1,
          3841, 3801, 3804, -1,
          3841, 3748, 3848, -1,
          3841, 3848, 3849, -1,
          3841, 3849, 3766, -1,
          3841, 3703, 3850, -1,
          3841, 3850, 3851, -1,
          3841, 3851, 3724, -1,
          3841, 3724, 3732, -1,
          3841, 3780, 3842, -1,
          3852, 3836, 3837, -1,
          3853, 3822, 3840, -1,
          3854, 3839, 3833, -1,
          3854, 3855, 3839, -1,
          3856, 3852, 3837, -1,
          3857, 3822, 3853, -1,
          3858, 3854, 3833, -1,
          3858, 3833, 3859, -1,
          3860, 3856, 3837, -1,
          3861, 3834, 3813, -1,
          3862, 3858, 3859, -1,
          3863, 3826, 3795, -1,
          3864, 3822, 3857, -1,
          3865, 3860, 3837, -1,
          3866, 3862, 3859, -1,
          3866, 3859, 3867, -1,
          3868, 3866, 3867, -1,
          3869, 3822, 3864, -1,
          3870, 3867, 3871, -1,
          3870, 3868, 3867, -1,
          3870, 3871, 3872, -1,
          3873, 3795, 3874, -1,
          3873, 3863, 3795, -1,
          3875, 3870, 3872, -1,
          3875, 3872, 3876, -1,
          3877, 3873, 3874, -1,
          3878, 3861, 3813, -1,
          3879, 3875, 3876, -1,
          3880, 3876, 3881, -1,
          3880, 3879, 3876, -1,
          3882, 3877, 3874, -1,
          3883, 3881, 3884, -1,
          3883, 3880, 3881, -1,
          3885, 3838, 3819, -1,
          3885, 3819, 3886, -1,
          3887, 3885, 3886, -1,
          3888, 3838, 3885, -1,
          3889, 3887, 3886, -1,
          3890, 3891, 3892, -1,
          3890, 3892, 3893, -1,
          3894, 3883, 3884, -1,
          3895, 3890, 3893, -1,
          3896, 3838, 3888, -1,
          3897, 3894, 3884, -1,
          3897, 3884, 3891, -1,
          3898, 3889, 3886, -1,
          3899, 3891, 3890, -1,
          3900, 3891, 3899, -1,
          3900, 3897, 3891, -1,
          3901, 3900, 3899, -1,
          3902, 3838, 3896, -1,
          3902, 3895, 3838, -1,
          3903, 3898, 3886, -1,
          3903, 3886, 3904, -1,
          3905, 3895, 3902, -1,
          3906, 3903, 3904, -1,
          3907, 3895, 3905, -1,
          3908, 3906, 3904, -1,
          3909, 3890, 3895, -1,
          3910, 3909, 3895, -1,
          3910, 3895, 3907, -1,
          3911, 3912, 3913, -1,
          3911, 3913, 3914, -1,
          3915, 3904, 3916, -1,
          3915, 3908, 3904, -1,
          3917, 3911, 3914, -1,
          3917, 3914, 3918, -1,
          3919, 3909, 3910, -1,
          3920, 3917, 3918, -1,
          3921, 3915, 3916, -1,
          3922, 3920, 3918, -1,
          3922, 3918, 3923, -1,
          3924, 3921, 3916, -1,
          3925, 3922, 3923, -1,
          3925, 3923, 3926, -1,
          3925, 3926, 3927, -1,
          3928, 3924, 3916, -1,
          3929, 3916, 3826, -1,
          3929, 3826, 3863, -1,
          3930, 3909, 3919, -1,
          3930, 3919, 3931, -1,
          3930, 3932, 3933, -1,
          3930, 3933, 3934, -1,
          3930, 3934, 3909, -1,
          3935, 3928, 3916, -1,
          3935, 3916, 3929, -1,
          3936, 3927, 3937, -1,
          3936, 3937, 3938, -1,
          3936, 3938, 3939, -1,
          3936, 3939, 3940, -1,
          3936, 3925, 3927, -1,
          3941, 3942, 3943, -1,
          3941, 3943, 3944, -1,
          3941, 3932, 3930, -1,
          3941, 3944, 3945, -1,
          3941, 3945, 3932, -1,
          3946, 3935, 3929, -1,
          3947, 3946, 3929, -1,
          3948, 3882, 3874, -1,
          3949, 3931, 3950, -1,
          3949, 3930, 3931, -1,
          3951, 3929, 3952, -1,
          3951, 3947, 3929, -1,
          3953, 3949, 3950, -1,
          3954, 3940, 3955, -1,
          3954, 3955, 3956, -1,
          3954, 3956, 3957, -1,
          3954, 3957, 3958, -1,
          3954, 3958, 3959, -1,
          3954, 3959, 3960, -1,
          3954, 3936, 3940, -1,
          3961, 3952, 3962, -1,
          3961, 3951, 3952, -1,
          3963, 3948, 3874, -1,
          3964, 3882, 3948, -1,
          3965, 3936, 3954, -1,
          3966, 3963, 3874, -1,
          3967, 3949, 3953, -1,
          3968, 3964, 3948, -1,
          3969, 3967, 3953, -1,
          3970, 3964, 3968, -1,
          3971, 3966, 3874, -1,
          3972, 3954, 3973, -1,
          3972, 3965, 3954, -1,
          3974, 3967, 3969, -1,
          3975, 3973, 3976, -1,
          3975, 3976, 3961, -1,
          3975, 3962, 3977, -1,
          3975, 3961, 3962, -1,
          3978, 3972, 3973, -1,
          3979, 3973, 3975, -1,
          3980, 3978, 3973, -1,
          3980, 3973, 3979, -1,
          3980, 3981, 3978, -1,
          3982, 3983, 3984, -1,
          3982, 3975, 3977, -1,
          3982, 3977, 3983, -1,
          3985, 3981, 3980, -1,
          3985, 3986, 3987, -1,
          3985, 3987, 3981, -1,
          3988, 3986, 3985, -1,
          3989, 3988, 3985, -1,
          3990, 3980, 3979, -1,
          3991, 3980, 3990, -1,
          3992, 3984, 3993, -1,
          3992, 3993, 3994, -1,
          3992, 3982, 3984, -1,
          3995, 3989, 3985, -1,
          3996, 3994, 3997, -1,
          3996, 3992, 3994, -1,
          3998, 3999, 3971, -1,
          4000, 3997, 4001, -1,
          4000, 3996, 3997, -1,
          4002, 4003, 4004, -1,
          4005, 3841, 3847, -1,
          4005, 3847, 3822, -1,
          4005, 3869, 4006, -1,
          4005, 4006, 4007, -1,
          4005, 4007, 4008, -1,
          4005, 4008, 4009, -1,
          4005, 4009, 4010, -1,
          4005, 4010, 3942, -1,
          4005, 3822, 3869, -1,
          4005, 3941, 4011, -1,
          4005, 4011, 4012, -1,
          4005, 4012, 3989, -1,
          4005, 3942, 3941, -1,
          4013, 3991, 3990, -1,
          4013, 3990, 4014, -1,
          4015, 4001, 4016, -1,
          4015, 4000, 4001, -1,
          4017, 3998, 3971, -1,
          4018, 3996, 4019, -1,
          4018, 3992, 3996, -1,
          4020, 4015, 4016, -1,
          4020, 4016, 4003, -1,
          4021, 3989, 3995, -1,
          4022, 4020, 4003, -1,
          4023, 4022, 4003, -1,
          4024, 4019, 4025, -1,
          4024, 4018, 4019, -1,
          4026, 4013, 4014, -1,
          4027, 3971, 3874, -1,
          4027, 4017, 3971, -1,
          4028, 4023, 4003, -1,
          4029, 4027, 3874, -1,
          4030, 4025, 4031, -1,
          4030, 4024, 4025, -1,
          4032, 4017, 4027, -1,
          4033, 4029, 3874, -1,
          4034, 4026, 4018, -1,
          4034, 4018, 4024, -1,
          4035, 4003, 4002, -1,
          4035, 4028, 4003, -1,
          4036, 4031, 4037, -1,
          4036, 4037, 4038, -1,
          4036, 4038, 4039, -1,
          4036, 4030, 4031, -1,
          4040, 3874, 4041, -1,
          4040, 4033, 3874, -1,
          4042, 4036, 4039, -1,
          4043, 4026, 4034, -1,
          4043, 4013, 4026, -1,
          4044, 4043, 4034, -1,
          4045, 4035, 4002, -1,
          4046, 4036, 4042, -1,
          4047, 4002, 4048, -1,
          4047, 4045, 4002, -1,
          4049, 4043, 4044, -1,
          4050, 4051, 4040, -1,
          4052, 4043, 4049, -1,
          4053, 4050, 4040, -1,
          4054, 4055, 4056, -1,
          4057, 4054, 4056, -1,
          4057, 4056, 4058, -1,
          4059, 4057, 4058, -1,
          4059, 4058, 4060, -1,
          4059, 4060, 4047, -1,
          4059, 4047, 4048, -1,
          4061, 4021, 4052, -1,
          4061, 4052, 4049, -1,
          4061, 4049, 4062, -1,
          4063, 4064, 4032, -1,
          4065, 4048, 4064, -1,
          4065, 4066, 4059, -1,
          4065, 4059, 4048, -1,
          4065, 4064, 4063, -1,
          4067, 4068, 4069, -1,
          4067, 4069, 4070, -1,
          4067, 4070, 4066, -1,
          4071, 4072, 4073, -1,
          4071, 4073, 4074, -1,
          4075, 4076, 4077, -1,
          4078, 4076, 4075, -1,
          4079, 4077, 4053, -1,
          4079, 4053, 4040, -1,
          4079, 4075, 4077, -1,
          4080, 4076, 4078, -1,
          4081, 4065, 4063, -1,
          4082, 4079, 4040, -1,
          4082, 4040, 4041, -1,
          4083, 4076, 4080, -1,
          4083, 4074, 4076, -1,
          4084, 4082, 4041, -1,
          4085, 4063, 4086, -1,
          4085, 4081, 4063, -1,
          4087, 4084, 4041, -1,
          4088, 4087, 4041, -1,
          4089, 4085, 4086, -1,
          4089, 4086, 4090, -1,
          4089, 4090, 4071, -1,
          4091, 4088, 4041, -1,
          4092, 4093, 4083, -1,
          4094, 4083, 4093, -1,
          4094, 4074, 4083, -1,
          4095, 4083, 4096, -1,
          4095, 4092, 4083, -1,
          4097, 4074, 4094, -1,
          4098, 4074, 4097, -1,
          4099, 4091, 4041, -1,
          4100, 4095, 4096, -1,
          4101, 4074, 4098, -1,
          4102, 4100, 4096, -1,
          4103, 4099, 4041, -1,
          4104, 4096, 4105, -1,
          4104, 4105, 4106, -1,
          4104, 4106, 4107, -1,
          4104, 4102, 4096, -1,
          4108, 4074, 4101, -1,
          4108, 4071, 4074, -1,
          4109, 4104, 4107, -1,
          4109, 4107, 4110, -1,
          4109, 4110, 4111, -1,
          4109, 4111, 4112, -1,
          4113, 4103, 4041, -1,
          4114, 4071, 4108, -1,
          4115, 4109, 4112, -1,
          4115, 4112, 4116, -1,
          4115, 4116, 4117, -1,
          4118, 4117, 4119, -1,
          4118, 4115, 4117, -1,
          4120, 4119, 4121, -1,
          4120, 4118, 4119, -1,
          4122, 4089, 4071, -1,
          4123, 4066, 4065, -1,
          4123, 4067, 4066, -1,
          4124, 4121, 4125, -1,
          4124, 4125, 4126, -1,
          4124, 4120, 4121, -1,
          4127, 4124, 4126, -1,
          4127, 4126, 4128, -1,
          4127, 4128, 4129, -1,
          4130, 4122, 4131, -1,
          4132, 4131, 4122, -1,
          4132, 4122, 4071, -1,
          4133, 4122, 4130, -1,
          4134, 4127, 4129, -1,
          4134, 4129, 4135, -1,
          4136, 4132, 4071, -1,
          4136, 4114, 4137, -1,
          4136, 4137, 4138, -1,
          4136, 4071, 4114, -1,
          4139, 4134, 4135, -1,
          4140, 4134, 4139, -1,
          4141, 4142, 4143, -1,
          4141, 4143, 4144, -1,
          4141, 4144, 4113, -1,
          4141, 4113, 4041, -1,
          4141, 4145, 4146, -1,
          4141, 4146, 4142, -1,
          4147, 4136, 4138, -1,
          4147, 4138, 4148, -1,
          4149, 4140, 4139, -1,
          4150, 4147, 4148, -1,
          4150, 4148, 4151, -1,
          4152, 4145, 4141, -1,
          4152, 4153, 4145, -1,
          4154, 4153, 4152, -1,
          4155, 4150, 4151, -1,
          4155, 4151, 4156, -1,
          4155, 4156, 4157, -1,
          4158, 4159, 4160, -1,
          4158, 4160, 4161, -1,
          4162, 4141, 4041, -1,
          4163, 4067, 4123, -1,
          4163, 4061, 4164, -1,
          4163, 4164, 4165, -1,
          4163, 4165, 4067, -1,
          4163, 3989, 4021, -1,
          4163, 4005, 3989, -1,
          4163, 4123, 4166, -1,
          4163, 4166, 4167, -1,
          4163, 4167, 4159, -1,
          4163, 4021, 4061, -1,
          4168, 4155, 4157, -1,
          4168, 4157, 4169, -1,
          4168, 4169, 4170, -1,
          4168, 4170, 4171, -1,
          4172, 4154, 4152, -1,
          4172, 4173, 4154, -1,
          4174, 4155, 4168, -1,
          4175, 4041, 4176, -1,
          4175, 4162, 4041, -1,
          4177, 4173, 4172, -1,
          4177, 4178, 4173, -1,
          4179, 4180, 4181, -1,
          4182, 4171, 4183, -1,
          4182, 4168, 4171, -1,
          4182, 4183, 4184, -1,
          4182, 4184, 4185, -1,
          4182, 4185, 4186, -1,
          4182, 4186, 4187, -1,
          4188, 4179, 4181, -1,
          4189, 4174, 4190, -1,
          4189, 4155, 4174, -1,
          4191, 4159, 4158, -1,
          4192, 4178, 4177, -1,
          4192, 4193, 4178, -1,
          4194, 4195, 4189, -1,
          4196, 4175, 4176, -1,
          4197, 4179, 4188, -1,
          4198, 4193, 4192, -1,
          4198, 4199, 4193, -1,
          4200, 4189, 4190, -1,
          4200, 4190, 4201, -1,
          4202, 4182, 4187, -1,
          4202, 4199, 4198, -1,
          4202, 4187, 4203, -1,
          4202, 4203, 4204, -1,
          4202, 4204, 4199, -1,
          4205, 4197, 4188, -1,
          4205, 4188, 4206, -1,
          4207, 4208, 4209, -1,
          4210, 4202, 4198, -1,
          4211, 4200, 4201, -1,
          4212, 4211, 4201, -1,
          4213, 4205, 4206, -1,
          4214, 4209, 4194, -1,
          4214, 4194, 4215, -1,
          4216, 4196, 4176, -1,
          4216, 4206, 4196, -1,
          4217, 4202, 4210, -1,
          4217, 4210, 4218, -1,
          4219, 4216, 4176, -1,
          4220, 4219, 4176, -1,
          4221, 4220, 4176, -1,
          4222, 4217, 4218, -1,
          4223, 4211, 4212, -1,
          4224, 4225, 4221, -1,
          4226, 4222, 4218, -1,
          4226, 4218, 4227, -1,
          4228, 4214, 4215, -1,
          4228, 4215, 4229, -1,
          4230, 4226, 4227, -1,
          4230, 4227, 4231, -1,
          4232, 4224, 4221, -1,
          4233, 4230, 4231, -1,
          4233, 4231, 4234, -1,
          4235, 4228, 4229, -1,
          4235, 4229, 4236, -1,
          4237, 4233, 4234, -1,
          4237, 4234, 4213, -1,
          4237, 4213, 4206, -1,
          4238, 4239, 4240, -1,
          4238, 4240, 4241, -1,
          4242, 4232, 4221, -1,
          4242, 4243, 4244, -1,
          4242, 4244, 4232, -1,
          4242, 4245, 4243, -1,
          4246, 4243, 4245, -1,
          4247, 4221, 4176, -1,
          4247, 4242, 4221, -1,
          4248, 4243, 4246, -1,
          4249, 4247, 4176, -1,
          4250, 4241, 4243, -1,
          4250, 4243, 4248, -1,
          4251, 4249, 4176, -1,
          4252, 4241, 4250, -1,
          4253, 4251, 4176, -1,
          4254, 4253, 4176, -1,
          4255, 4256, 4238, -1,
          4255, 4237, 4257, -1,
          4255, 4257, 4256, -1,
          4258, 4252, 4259, -1,
          4258, 4241, 4252, -1,
          4260, 4259, 4261, -1,
          4260, 4258, 4259, -1,
          4262, 4233, 4237, -1,
          4263, 4254, 4176, -1,
          4264, 4241, 4258, -1,
          4265, 4261, 4266, -1,
          4265, 4260, 4261, -1,
          4267, 4241, 4264, -1,
          4268, 4266, 4269, -1,
          4268, 4265, 4266, -1,
          4270, 4255, 4238, -1,
          4271, 4238, 4241, -1,
          4271, 4241, 4267, -1,
          4272, 4269, 4273, -1,
          4272, 4268, 4269, -1,
          4274, 4238, 4271, -1,
          4275, 4270, 4238, -1,
          4276, 4272, 4273, -1,
          4277, 4163, 4159, -1,
          4277, 4159, 4191, -1,
          4277, 4191, 4278, -1,
          4277, 4278, 4279, -1,
          4277, 4279, 4208, -1,
          4277, 4208, 4207, -1,
          4277, 4207, 4280, -1,
          4277, 4280, 4281, -1,
          4277, 4281, 4282, -1,
          4283, 4262, 4237, -1,
          4283, 4237, 4255, -1,
          4284, 4263, 4176, -1,
          4285, 4238, 4274, -1,
          4285, 4275, 4238, -1,
          4286, 4262, 4283, -1,
          4287, 4285, 4274, -1,
          4287, 4274, 4288, -1,
          4289, 4176, 4290, -1,
          4289, 4284, 4176, -1,
          4291, 4288, 4292, -1,
          4291, 4287, 4288, -1,
          4293, 4292, 4294, -1,
          4293, 4291, 4292, -1,
          4295, 4293, 4294, -1,
          4295, 4294, 4296, -1,
          4295, 4296, 4297, -1,
          4295, 4297, 4298, -1,
          4299, 4289, 4290, -1,
          4300, 4295, 4298, -1,
          4301, 4295, 4300, -1,
          4302, 4295, 4301, -1,
          4302, 4301, 4303, -1,
          4302, 4303, 4304, -1,
          4302, 4304, 4305, -1,
          4306, 4302, 4305, -1,
          4307, 4305, 4308, -1,
          4307, 4306, 4305, -1,
          4309, 4308, 4310, -1,
          4309, 4307, 4308, -1,
          4311, 4299, 4290, -1,
          4312, 4310, 4299, -1,
          4313, 4311, 4290, -1,
          4314, 4310, 4312, -1,
          4315, 4313, 4290, -1,
          4316, 4315, 4290, -1,
          4317, 4299, 4311, -1,
          4317, 4312, 4299, -1,
          4318, 4317, 4311, -1,
          4319, 4309, 4310, -1,
          4320, 4309, 4319, -1,
          4321, 4319, 4310, -1,
          4321, 4310, 4314, -1,
          4322, 4309, 4320, -1,
          4323, 4321, 4314, -1,
          4324, 4309, 4322, -1,
          4325, 4323, 4314, -1,
          4325, 4314, 4326, -1,
          4327, 4325, 4326, -1,
          4328, 4318, 4311, -1,
          4329, 4327, 4326, -1,
          4330, 4326, 4331, -1,
          4330, 4329, 4326, -1,
          4332, 4333, 4334, -1,
          4335, 4330, 4331, -1,
          4336, 4333, 4332, -1,
          4337, 4335, 4331, -1,
          4338, 4337, 4331, -1,
          4338, 4331, 4339, -1,
          4340, 4333, 4336, -1,
          4341, 4338, 4339, -1,
          4342, 4333, 4340, -1,
          4343, 4316, 4290, -1,
          4344, 4345, 4346, -1,
          4344, 4346, 4347, -1,
          4344, 4347, 4348, -1,
          4344, 4277, 4282, -1,
          4344, 4348, 4349, -1,
          4344, 4350, 4351, -1,
          4344, 4282, 4350, -1,
          4344, 4351, 4352, -1,
          4344, 4352, 4353, -1,
          4344, 4353, 4345, -1,
          4344, 4349, 4354, -1,
          4344, 4354, 4355, -1,
          4344, 4355, 4333, -1,
          4356, 4341, 4339, -1,
          4357, 4333, 4342, -1,
          4358, 4356, 4339, -1,
          4359, 4333, 4357, -1,
          4360, 4358, 4339, -1,
          4361, 4360, 4339, -1,
          4362, 4363, 4361, -1,
          4364, 4363, 4362, -1,
          4365, 4362, 4361, -1,
          4365, 4361, 4339, -1,
          4366, 4363, 4364, -1,
          4366, 4367, 4363, -1,
          4368, 4369, 4370, -1,
          4368, 4370, 4367, -1,
          4368, 4367, 4366, -1,
          4371, 4365, 4339, -1,
          4372, 4371, 4339, -1,
          4373, 4339, 4316, -1,
          4373, 4372, 4339, -1,
          4374, 4373, 4316, -1,
          4375, 4374, 4316, -1,
          4376, 4377, 4378, -1,
          4379, 4377, 4376, -1,
          4379, 4380, 4377, -1,
          4381, 4380, 4379, -1,
          4382, 4383, 4384, -1,
          4382, 4384, 4369, -1,
          4382, 4369, 4368, -1,
          4382, 4385, 4383, -1,
          4386, 4375, 4316, -1,
          4387, 4386, 4316, -1,
          4388, 4385, 4382, -1,
          4388, 4389, 4385, -1,
          4390, 4382, 4368, -1,
          4390, 4368, 4380, -1,
          4391, 4387, 4316, -1,
          4391, 4316, 4343, -1,
          4392, 4389, 4388, -1,
          4392, 4393, 4389, -1,
          4394, 4391, 4343, -1,
          4395, 4393, 4392, -1,
          4395, 4396, 4393, -1,
          4397, 4398, 4399, -1,
          4397, 4399, 4390, -1,
          4400, 4394, 4343, -1,
          4401, 4390, 4380, -1,
          4401, 4397, 4390, -1,
          4402, 4396, 4395, -1,
          4402, 4403, 4396, -1,
          4404, 4401, 4380, -1,
          4405, 4400, 4343, -1,
          4406, 4404, 4380, -1,
          4407, 4406, 4380, -1,
          4407, 4380, 4381, -1,
          4407, 4381, 4408, -1,
          4409, 4408, 4410, -1,
          4409, 4407, 4408, -1,
          4411, 4412, 4413, -1,
          4411, 4413, 4414, -1,
          4415, 4409, 4410, -1,
          4415, 4410, 4416, -1,
          4417, 4412, 4411, -1,
          4418, 4416, 4419, -1,
          4418, 4415, 4416, -1,
          4420, 4412, 4417, -1,
          4420, 4421, 4412, -1,
          4420, 4417, 4422, -1,
          4423, 4419, 4424, -1,
          4423, 4418, 4419, -1,
          4425, 4423, 4424, -1,
          4425, 4424, 4426, -1,
          4427, 4421, 4420, -1,
          4427, 4425, 4426, -1,
          4427, 4426, 4421, -1,
          4428, 4420, 4429, -1,
          4428, 4427, 4420, -1,
          4430, 4428, 4429, -1,
          4431, 4428, 4430, -1,
          4432, 4431, 4430, -1,
          4433, 4434, 4435, -1,
          4433, 4435, 4436, -1,
          4433, 4436, 4437, -1,
          4438, 4402, 4439, -1,
          4438, 4439, 4440, -1,
          4438, 4440, 4441, -1,
          4438, 4441, 4442, -1,
          4438, 4442, 4443, -1,
          4438, 4443, 4444, -1,
          4438, 4444, 4445, -1,
          4438, 4344, 4333, -1,
          4438, 4333, 4359, -1,
          4438, 4359, 4446, -1,
          4438, 4446, 4447, -1,
          4438, 4447, 4448, -1,
          4438, 4448, 4449, -1,
          4438, 4449, 4450, -1,
          4438, 4450, 4451, -1,
          4438, 4451, 4452, -1,
          4438, 4403, 4402, -1,
          4438, 4452, 4403, -1,
          4453, 4434, 4433, -1,
          4453, 4454, 4455, -1,
          4453, 4455, 4456, -1,
          4453, 4456, 4457, -1,
          4453, 4457, 4434, -1,
          4458, 4437, 4459, -1,
          4458, 4433, 4437, -1,
          4460, 4454, 4453, -1,
          4461, 4459, 4462, -1,
          4461, 4462, 4463, -1,
          4461, 4405, 4343, -1,
          4461, 4463, 4464, -1,
          4461, 4464, 4405, -1,
          4461, 4458, 4459, -1,
          4465, 4461, 4343, -1,
          4466, 4458, 4461, -1,
          4467, 4465, 4343, -1,
          4468, 4467, 4343, -1,
          4469, 4466, 4461, -1,
          4470, 4471, 4468, -1,
          4472, 4468, 4471, -1,
          4473, 4470, 4468, -1,
          4474, 4468, 4472, -1,
          4475, 4473, 4468, -1,
          4476, 4468, 4474, -1,
          4477, 4475, 4468, -1,
          4478, 4468, 4476, -1,
          4479, 4460, 4480, -1,
          4479, 4480, 4481, -1,
          4479, 4454, 4460, -1,
          4482, 4477, 4468, -1,
          4482, 4468, 4343, -1,
          4483, 4482, 4343, -1,
          4484, 4478, 4485, -1,
          4486, 4484, 4485, -1,
          4486, 4485, 4487, -1,
          4488, 4483, 4343, -1,
          4489, 4468, 4478, -1,
          4489, 4478, 4484, -1,
          4490, 4486, 4487, -1,
          4490, 4487, 4491, -1,
          4492, 4490, 4491, -1,
          4492, 4491, 4493, -1,
          4494, 4495, 4496, -1,
          4497, 4492, 4493, -1,
          4497, 4493, 4498, -1,
          4499, 4495, 4494, -1,
          4500, 4497, 4498, -1,
          4501, 4495, 4499, -1,
          4502, 4343, 4503, -1,
          4502, 4488, 4343, -1,
          4504, 4495, 4501, -1,
          4505, 4495, 4504, -1,
          4506, 4495, 4505, -1,
          4507, 4502, 4503, -1,
          4508, 4495, 4506, -1,
          4509, 4495, 4508, -1,
          4510, 4507, 4503, -1,
          4511, 4510, 4503, -1,
          4512, 4454, 4479, -1,
          4512, 4438, 4445, -1,
          4512, 4509, 4513, -1,
          4512, 4513, 4514, -1,
          4512, 4445, 4515, -1,
          4512, 4514, 4516, -1,
          4512, 4515, 4517, -1,
          4512, 4516, 4518, -1,
          4512, 4517, 4519, -1,
          4512, 4518, 4520, -1,
          4512, 4519, 4454, -1,
          4512, 4495, 4509, -1,
          4512, 4479, 4521, -1,
          4512, 4521, 4522, -1,
          4512, 4522, 4495, -1,
          4523, 4512, 4520, -1,
          4523, 4520, 4524, -1,
          4523, 4524, 4525, -1,
          4526, 4523, 4525, -1,
          4526, 4525, 4510, -1,
          4526, 4510, 4511, -1,
          4527, 4526, 4511, -1,
          4527, 4511, 4528, -1,
          4527, 4528, 4529, -1,
          4530, 4529, 4531, -1,
          4530, 4527, 4529, -1,
          4532, 4531, 3076, -1,
          4532, 4530, 4531, -1,
          3147, 4532, 3076, -1,
          3822, 3798, 3823, -1,
          3823, 3798, 4533, -1,
          4533, 3798, 3809, -1,
          4282, 4217, 4222, -1,
          4282, 4222, 4350, -1,
          4333, 4309, 4534, -1,
          4534, 4309, 4535, -1,
          4535, 4309, 4324, -1,
          4333, 4534, 4334, -1,
          4302, 4536, 4295, -1,
          4287, 4345, 4285, -1,
          4348, 4537, 4349, -1,
          4461, 4479, 4481, -1,
          4461, 4481, 4469, -1,
          4495, 4468, 4496, -1,
          4496, 4468, 4489, -1,
          4216, 4237, 4206, -1,
          4238, 4538, 4239, -1,
          4539, 4181, 4180, -1,
          4027, 4063, 4032, -1,
          4071, 4540, 4072, -1,
          4003, 3971, 3999, -1,
          4003, 3999, 4004, -1,
          4541, 3983, 3977, -1,
          3994, 4542, 3997, -1,
          4353, 4285, 4345, -1,
          4208, 4195, 4209, -1,
          4209, 4195, 4194, -1,
          4195, 4155, 4189, -1,
          4065, 4543, 4123, -1,
          4544, 3967, 3974, -1,
          3749, 3719, 3734, -1,
          4545, 4546, 4547, -1,
          4548, 4546, 4545, -1,
          4549, 4546, 4548, -1,
          4550, 4549, 4548, -1,
          4551, 4549, 4550, -1,
          4552, 4549, 4551, -1,
          4553, 4552, 4551, -1,
          4554, 4553, 4551, -1,
          4555, 4554, 4551, -1,
          4556, 4555, 4551, -1,
          4557, 4558, 4559, -1,
          4560, 4557, 4559, -1,
          4561, 4559, 4562, -1,
          4561, 4560, 4559, -1,
          4563, 4562, 4564, -1,
          4563, 4564, 4565, -1,
          4563, 4565, 4566, -1,
          4563, 4566, 4567, -1,
          4563, 4561, 4562, -1,
          4551, 4563, 4556, -1,
          4556, 4563, 4568, -1,
          4568, 4563, 4567, -1,
          4569, 4570, 4571, -1,
          4572, 4573, 4570, -1,
          4572, 4570, 4569, -1,
          4574, 4573, 4572, -1,
          4575, 4573, 4574, -1,
          4576, 4575, 4574, -1,
          4577, 4575, 4576, -1,
          4578, 4577, 4576, -1,
          4579, 4578, 4576, -1,
          4580, 4579, 4576, -1,
          4581, 4582, 4583, -1,
          4584, 4583, 4585, -1,
          4584, 4581, 4583, -1,
          4586, 4585, 4587, -1,
          4586, 4584, 4585, -1,
          4588, 4587, 4589, -1,
          4588, 4589, 4590, -1,
          4588, 4590, 4591, -1,
          4588, 4586, 4587, -1,
          4576, 4588, 4591, -1,
          4576, 4591, 4592, -1,
          4576, 4592, 4580, -1,
          3348, 3329, 3344, -1,
          3353, 3329, 3348, -1,
          3355, 3329, 3353, -1,
          3637, 3323, 3325, -1,
          3336, 3323, 3637, -1,
          3336, 3320, 3323, -1,
          3368, 3637, 3325, -1,
          3368, 3325, 3327, -1,
          3335, 3320, 3336, -1,
          3369, 3329, 3355, -1,
          3369, 3368, 3327, -1,
          3369, 3328, 3329, -1,
          3369, 3327, 3328, -1,
          3369, 3355, 3361, -1,
          3334, 3320, 3335, -1,
          3334, 3321, 3320, -1,
          3370, 3369, 3361, -1,
          3370, 3361, 3415, -1,
          3332, 3321, 3334, -1,
          3332, 3322, 3321, -1,
          3411, 3370, 3415, -1,
          3411, 3371, 3370, -1,
          3331, 3322, 3332, -1,
          3330, 3324, 3322, -1,
          3330, 3322, 3331, -1,
          3407, 3372, 3371, -1,
          3407, 3376, 3372, -1,
          3407, 3371, 3411, -1,
          3342, 3326, 3324, -1,
          3347, 3324, 3330, -1,
          3347, 3342, 3324, -1,
          3333, 3347, 3330, -1,
          3405, 3377, 3376, -1,
          3405, 3376, 3407, -1,
          3404, 3379, 3377, -1,
          3404, 3377, 3405, -1,
          3409, 3381, 3379, -1,
          3409, 3379, 3404, -1,
          3413, 3382, 3381, -1,
          3413, 3381, 3409, -1,
          3418, 3382, 3413, -1,
          3418, 3383, 3382, -1,
          3417, 3383, 3418, -1,
          3417, 3380, 3383, -1,
          3423, 3380, 3417, -1,
          3423, 3384, 3380, -1,
          3426, 3384, 3423, -1,
          3426, 3375, 3378, -1,
          3426, 3378, 3384, -1,
          3420, 3367, 3375, -1,
          3420, 3375, 3426, -1,
          3402, 3367, 3420, -1,
          3395, 3367, 3402, -1,
          3394, 3351, 3367, -1,
          3394, 3367, 3395, -1,
          3392, 3351, 3394, -1,
          3388, 3346, 3351, -1,
          3388, 3341, 3346, -1,
          3388, 3351, 3392, -1,
          3374, 3341, 3388, -1,
          3374, 3339, 3341, -1,
          3365, 3338, 3339, -1,
          3365, 3339, 3374, -1,
          3363, 3337, 3338, -1,
          3363, 3338, 3365, -1,
          3360, 3340, 3337, -1,
          3360, 3343, 3340, -1,
          3360, 3337, 3363, -1,
          3358, 3343, 3360, -1,
          3357, 3345, 3343, -1,
          3357, 3343, 3358, -1,
          3356, 3349, 3345, -1,
          3356, 3345, 3357, -1,
          3359, 3350, 3349, -1,
          3359, 3349, 3356, -1,
          3362, 3352, 3350, -1,
          3362, 3350, 3359, -1,
          3364, 3354, 3352, -1,
          3364, 3352, 3362, -1,
          3397, 3393, 3401, -1,
          3366, 3464, 3354, -1,
          3366, 3354, 3364, -1,
          3441, 3401, 3419, -1,
          3441, 3419, 3425, -1,
          3441, 3397, 3401, -1,
          3373, 3464, 3366, -1,
          3385, 3465, 3464, -1,
          3385, 3464, 3373, -1,
          3440, 3400, 3397, -1,
          3440, 3397, 3441, -1,
          3386, 3465, 3385, -1,
          3386, 3466, 3465, -1,
          3445, 3400, 3440, -1,
          3445, 3399, 3400, -1,
          3467, 3466, 3386, -1,
          3467, 3386, 3387, -1,
          3468, 3467, 3387, -1,
          3448, 3398, 3399, -1,
          3448, 3399, 3445, -1,
          3469, 3468, 3387, -1,
          3451, 3396, 3398, -1,
          3451, 3391, 3396, -1,
          3451, 3398, 3448, -1,
          3453, 3390, 3391, -1,
          3453, 3391, 3451, -1,
          3471, 3470, 3469, -1,
          3472, 3471, 3469, -1,
          3455, 3389, 3390, -1,
          3455, 3390, 3453, -1,
          3458, 3389, 3455, -1,
          3473, 3469, 3387, -1,
          3473, 3472, 3469, -1,
          3474, 3387, 3389, -1,
          3474, 3389, 3458, -1,
          3474, 3473, 3387, -1,
          4593, 4594, 4595, -1,
          4596, 4593, 4595, -1,
          4597, 4598, 4593, -1,
          4599, 4597, 4593, -1,
          4600, 4593, 4596, -1,
          4600, 4599, 4593, -1,
          4593, 4601, 4594, -1,
          3432, 3424, 3428, -1,
          4570, 3406, 3410, -1,
          4573, 3406, 4570, -1,
          4571, 4570, 3410, -1,
          4571, 3414, 3421, -1,
          4571, 3410, 3414, -1,
          4575, 3406, 4573, -1,
          4575, 3403, 3406, -1,
          4577, 3403, 4575, -1,
          4577, 3408, 3403, -1,
          4569, 4571, 3421, -1,
          4569, 3421, 3424, -1,
          4569, 3432, 3449, -1,
          4569, 3424, 3432, -1,
          4578, 3408, 4577, -1,
          4572, 4569, 3449, -1,
          4579, 3408, 4578, -1,
          4579, 3412, 3408, -1,
          4574, 4572, 3449, -1,
          4574, 3449, 3456, -1,
          4580, 3412, 4579, -1,
          4580, 3416, 3412, -1,
          4576, 4574, 3456, -1,
          4576, 3456, 3460, -1,
          4592, 3422, 3416, -1,
          4592, 3416, 4580, -1,
          4591, 3427, 3422, -1,
          4591, 3422, 4592, -1,
          4590, 3431, 3427, -1,
          4590, 3427, 4591, -1,
          4589, 3435, 3431, -1,
          4589, 3431, 4590, -1,
          4587, 3435, 4589, -1,
          3438, 3435, 4587, -1,
          4585, 3438, 4587, -1,
          4583, 3443, 3438, -1,
          4583, 3438, 4585, -1,
          4582, 3443, 4583, -1,
          3446, 3443, 4582, -1,
          4581, 3446, 4582, -1,
          4588, 4576, 3460, -1,
          4546, 3437, 3442, -1,
          4546, 3434, 3437, -1,
          4549, 3430, 3434, -1,
          4549, 3434, 4546, -1,
          4547, 3442, 3446, -1,
          4547, 4546, 3442, -1,
          4552, 3429, 3430, -1,
          4552, 3430, 4549, -1,
          4545, 3446, 4581, -1,
          4545, 4547, 3446, -1,
          4553, 3429, 4552, -1,
          4548, 4581, 4584, -1,
          4548, 4545, 4581, -1,
          4554, 3429, 4553, -1,
          4554, 3433, 3429, -1,
          4550, 4548, 4584, -1,
          4550, 4584, 4586, -1,
          4555, 3433, 4554, -1,
          4555, 3436, 3433, -1,
          4551, 4550, 4586, -1,
          4551, 4586, 4588, -1,
          4556, 3436, 4555, -1,
          4568, 3436, 4556, -1,
          4568, 3439, 3436, -1,
          4567, 3444, 3439, -1,
          4567, 3439, 4568, -1,
          4566, 3447, 3444, -1,
          4566, 3444, 4567, -1,
          4565, 3450, 3447, -1,
          4565, 3447, 4566, -1,
          4564, 3450, 4565, -1,
          4562, 3452, 3450, -1,
          4562, 3450, 4564, -1,
          4559, 3452, 4562, -1,
          4558, 3454, 3452, -1,
          4558, 3452, 4559, -1,
          3457, 3454, 4558, -1,
          3459, 3457, 4558, -1,
          3459, 4558, 4557, -1,
          3462, 3459, 4557, -1,
          3463, 3462, 4557, -1,
          3509, 3463, 4557, -1,
          3510, 3509, 4557, -1,
          3510, 4557, 4560, -1,
          3511, 4560, 4561, -1,
          3511, 3510, 4560, -1,
          3512, 4561, 4563, -1,
          3512, 3511, 4561, -1,
          3479, 4563, 4551, -1,
          3479, 3512, 4563, -1,
          3460, 3479, 4551, -1,
          3460, 4551, 4588, -1,
          4601, 3461, 3475, -1,
          4601, 3475, 3476, -1,
          4601, 3476, 3477, -1,
          4594, 4601, 3477, -1,
          4595, 4594, 3477, -1,
          4593, 3461, 4601, -1,
          3480, 4598, 4597, -1,
          3480, 4597, 4599, -1,
          3480, 3482, 4598, -1,
          3484, 4599, 4600, -1,
          3484, 3480, 4599, -1,
          3485, 3484, 4600, -1,
          3515, 3478, 3482, -1,
          3516, 3515, 3482, -1,
          3481, 3516, 3482, -1,
          3513, 3483, 3485, -1,
          3514, 3513, 3485, -1,
          3490, 3514, 3485, -1,
          3478, 3461, 4593, -1,
          3478, 4593, 4598, -1,
          3478, 4598, 3482, -1,
          3477, 3490, 4596, -1,
          4596, 3490, 4600, -1,
          4600, 3490, 3485, -1,
          3477, 4596, 4595, -1,
          4602, 4603, 4604, -1,
          4602, 4604, 4605, -1,
          4606, 4603, 4602, -1,
          4607, 4606, 4602, -1,
          4608, 4609, 4606, -1,
          4608, 4606, 4607, -1,
          4610, 4609, 4608, -1,
          4611, 4610, 4608, -1,
          4612, 4611, 4608, -1,
          4613, 4612, 4608, -1,
          4614, 4615, 4616, -1,
          4614, 4616, 4617, -1,
          4618, 4617, 4619, -1,
          4618, 4614, 4617, -1,
          4620, 4619, 4621, -1,
          4620, 4621, 4622, -1,
          4620, 4622, 4623, -1,
          4620, 4623, 4624, -1,
          4620, 4618, 4619, -1,
          4608, 4620, 4624, -1,
          4608, 4624, 4613, -1,
          3489, 3487, 3493, -1,
          3500, 3486, 3488, -1,
          3500, 3488, 3491, -1,
          3500, 3491, 3492, -1,
          3578, 3493, 3494, -1,
          3578, 3489, 3493, -1,
          3579, 3494, 3500, -1,
          3579, 3578, 3494, -1,
          3519, 3579, 3500, -1,
          3492, 3519, 3500, -1,
          4625, 4626, 4627, -1,
          4625, 4627, 4628, -1,
          4629, 4630, 4626, -1,
          4629, 4626, 4625, -1,
          4631, 4632, 4630, -1,
          4631, 4630, 4629, -1,
          4633, 4634, 4632, -1,
          4633, 4632, 4631, -1,
          4635, 4636, 4634, -1,
          4635, 4634, 4633, -1,
          4637, 4638, 4636, -1,
          4637, 4636, 4635, -1,
          4639, 4640, 4638, -1,
          4639, 4638, 4637, -1,
          4641, 4642, 4640, -1,
          4641, 4640, 4639, -1,
          4643, 4644, 4642, -1,
          4643, 4642, 4641, -1,
          4645, 4646, 4644, -1,
          4645, 4644, 4643, -1,
          4647, 4648, 4646, -1,
          4647, 4646, 4645, -1,
          4649, 4650, 4651, -1,
          4649, 4651, 4648, -1,
          4649, 4648, 4647, -1,
          4652, 4653, 4650, -1,
          4652, 4650, 4649, -1,
          4654, 4653, 4652, -1,
          4654, 4655, 4653, -1,
          4656, 4655, 4654, -1,
          4656, 4657, 4655, -1,
          4658, 4657, 4656, -1,
          4658, 4659, 4660, -1,
          4658, 4660, 4657, -1,
          4661, 4659, 4658, -1,
          4661, 4662, 4659, -1,
          4663, 4662, 4661, -1,
          4663, 4664, 4662, -1,
          4665, 4666, 4667, -1,
          4665, 4667, 4664, -1,
          4668, 4664, 4663, -1,
          4668, 4665, 4664, -1,
          4603, 3496, 3497, -1,
          4604, 3499, 3501, -1,
          4604, 3497, 3499, -1,
          4604, 4603, 3497, -1,
          4606, 3496, 4603, -1,
          4609, 3496, 4606, -1,
          4609, 3495, 3496, -1,
          4605, 3507, 3508, -1,
          4605, 3505, 3507, -1,
          4605, 3503, 3505, -1,
          4605, 3501, 3503, -1,
          4605, 4604, 3501, -1,
          4610, 3495, 4609, -1,
          4610, 3498, 3495, -1,
          4602, 3508, 3517, -1,
          4602, 4605, 3508, -1,
          4611, 3498, 4610, -1,
          4607, 4602, 3517, -1,
          4607, 3517, 3533, -1,
          4612, 3502, 3498, -1,
          4612, 3504, 3502, -1,
          4612, 3498, 4611, -1,
          4608, 4607, 3533, -1,
          4608, 3533, 3534, -1,
          4613, 3504, 4612, -1,
          4624, 3506, 3504, -1,
          4624, 3504, 4613, -1,
          4623, 3520, 3506, -1,
          4623, 3506, 4624, -1,
          4622, 3521, 3520, -1,
          4622, 3520, 4623, -1,
          4621, 3521, 4622, -1,
          4619, 3523, 3521, -1,
          4619, 3521, 4621, -1,
          4617, 3524, 3523, -1,
          4617, 3523, 4619, -1,
          4616, 3524, 4617, -1,
          3526, 3524, 4616, -1,
          3528, 3526, 4616, -1,
          3528, 4616, 4615, -1,
          3530, 3528, 4615, -1,
          3532, 3530, 4615, -1,
          3532, 4615, 4614, -1,
          4620, 4608, 3534, -1,
          3547, 3531, 3532, -1,
          3547, 3532, 3548, -1,
          3546, 3529, 3531, -1,
          3546, 3531, 3547, -1,
          3549, 3548, 3532, -1,
          3549, 3532, 4614, -1,
          3549, 4614, 4618, -1,
          3545, 3527, 3529, -1,
          3545, 3529, 3546, -1,
          3550, 3549, 4618, -1,
          3551, 4618, 4620, -1,
          3551, 3550, 4618, -1,
          3552, 3551, 4620, -1,
          3544, 3525, 3527, -1,
          3544, 3522, 3525, -1,
          3544, 3527, 3545, -1,
          3543, 3522, 3544, -1,
          3518, 3522, 3543, -1,
          3580, 3518, 3543, -1,
          3581, 3580, 3543, -1,
          3542, 3581, 3543, -1,
          3541, 3552, 3582, -1,
          3582, 3552, 3583, -1,
          3583, 3552, 3559, -1,
          3534, 3559, 3552, -1,
          3534, 3552, 4620, -1,
          3563, 3557, 3561, -1,
          3564, 3557, 3563, -1,
          3564, 3556, 3557, -1,
          4626, 4630, 3539, -1,
          4626, 3539, 3554, -1,
          4627, 4626, 3554, -1,
          4627, 3554, 3555, -1,
          4632, 3539, 4630, -1,
          4632, 3537, 3539, -1,
          4628, 3556, 3564, -1,
          4628, 4627, 3555, -1,
          4628, 3555, 3556, -1,
          4628, 3566, 3568, -1,
          4628, 3564, 3566, -1,
          4634, 3537, 4632, -1,
          4634, 3536, 3537, -1,
          4625, 4628, 3568, -1,
          4636, 3536, 4634, -1,
          3577, 4625, 3568, -1,
          3577, 4629, 4625, -1,
          4638, 3535, 3536, -1,
          4638, 3536, 4636, -1,
          3576, 4629, 3577, -1,
          3576, 4631, 4629, -1,
          4640, 3538, 3535, -1,
          4640, 3535, 4638, -1,
          4633, 4631, 3576, -1,
          3575, 4633, 3576, -1,
          4635, 4633, 3575, -1,
          4642, 3540, 3538, -1,
          4642, 3538, 4640, -1,
          4644, 3540, 4642, -1,
          4644, 3553, 3540, -1,
          3574, 4637, 4635, -1,
          3574, 4635, 3575, -1,
          4639, 4637, 3574, -1,
          4646, 3638, 3553, -1,
          4646, 3553, 4644, -1,
          3573, 4639, 3574, -1,
          3573, 4641, 4639, -1,
          4648, 3638, 4646, -1,
          3560, 3638, 4648, -1,
          4651, 3560, 4648, -1,
          3584, 4643, 4641, -1,
          3584, 4641, 3573, -1,
          4645, 4643, 3584, -1,
          4650, 3560, 4651, -1,
          3558, 3560, 4650, -1,
          4653, 3558, 4650, -1,
          3639, 4647, 4645, -1,
          3639, 4645, 3584, -1,
          4655, 3558, 4653, -1,
          3562, 3558, 4655, -1,
          4657, 3562, 4655, -1,
          3598, 4649, 4647, -1,
          3598, 4647, 3639, -1,
          4660, 3562, 4657, -1,
          4660, 3565, 3562, -1,
          3597, 4649, 3598, -1,
          3597, 4652, 4649, -1,
          4659, 3565, 4660, -1,
          3567, 3565, 4659, -1,
          4662, 3567, 4659, -1,
          3596, 4652, 3597, -1,
          3596, 4654, 4652, -1,
          4664, 3569, 3567, -1,
          4664, 3567, 4662, -1,
          4667, 3569, 4664, -1,
          3570, 3569, 4667, -1,
          3595, 4654, 3596, -1,
          3595, 4656, 4654, -1,
          3571, 3570, 4667, -1,
          3571, 4667, 4666, -1,
          3594, 4656, 3595, -1,
          3594, 4658, 4656, -1,
          3594, 4661, 4658, -1,
          3621, 3571, 4666, -1,
          3593, 4661, 3594, -1,
          3593, 4663, 4661, -1,
          3592, 4663, 3593, -1,
          3592, 4668, 4663, -1,
          3592, 4665, 4668, -1,
          3591, 4665, 3592, -1,
          3591, 4666, 4665, -1,
          3624, 3622, 3621, -1,
          3624, 3623, 3622, -1,
          3625, 3621, 4666, -1,
          3625, 3624, 3621, -1,
          3625, 4666, 3591, -1,
          3589, 3572, 3585, -1,
          3589, 3585, 3586, -1,
          3589, 3586, 3587, -1,
          3607, 3599, 3600, -1,
          3607, 3600, 3605, -1,
          3607, 3605, 3606, -1,
          3604, 3589, 3588, -1,
          3604, 3603, 3589, -1,
          3612, 3588, 3601, -1,
          3612, 3604, 3588, -1,
          3613, 3601, 3607, -1,
          3613, 3612, 3601, -1,
          3619, 3590, 3603, -1,
          3620, 3619, 3603, -1,
          3602, 3620, 3603, -1,
          3633, 3611, 3613, -1,
          3634, 3633, 3613, -1,
          3614, 3634, 3613, -1,
          3590, 3572, 3603, -1,
          3603, 3572, 3589, -1,
          3606, 3614, 3613, -1,
          3606, 3613, 3607, -1,
          3615, 3609, 3608, -1,
          3615, 3608, 3610, -1,
          3627, 3615, 3610, -1,
          3628, 3610, 3616, -1,
          3628, 3627, 3610, -1,
          3630, 3628, 3616, -1,
          3631, 3630, 3616, -1,
          3632, 3616, 3617, -1,
          3632, 3631, 3616, -1,
          3618, 3632, 3617, -1,
          3635, 3626, 3628, -1,
          3636, 3628, 3630, -1,
          3636, 3635, 3628, -1,
          3629, 3636, 3630, -1,
          3662, 3657, 3658, -1,
          3683, 3655, 3657, -1,
          3683, 3657, 3662, -1,
          3678, 3653, 3655, -1,
          3678, 3655, 3683, -1,
          3676, 3653, 3678, -1,
          3676, 3651, 3653, -1,
          3676, 3648, 3651, -1,
          3696, 3691, 3692, -1,
          3696, 3686, 3691, -1,
          3708, 3686, 3696, -1,
          3708, 3682, 3686, -1,
          3667, 3649, 3648, -1,
          3707, 3682, 3708, -1,
          3672, 3648, 3676, -1,
          3668, 3648, 3672, -1,
          3668, 3667, 3648, -1,
          3665, 3649, 3667, -1,
          3665, 3652, 3649, -1,
          3669, 3668, 3672, -1,
          3706, 3682, 3707, -1,
          3706, 3677, 3682, -1,
          3661, 3652, 3665, -1,
          3660, 3652, 3661, -1,
          3660, 3654, 3652, -1,
          3705, 3677, 3706, -1,
          3705, 3675, 3677, -1,
          3705, 3673, 3675, -1,
          3674, 3690, 3689, -1,
          3659, 3654, 3660, -1,
          3656, 3654, 3659, -1,
          3685, 3690, 3674, -1,
          3700, 3699, 3671, -1,
          3700, 3671, 3673, -1,
          3701, 3673, 3705, -1,
          3701, 3700, 3673, -1,
          3709, 3701, 3705, -1,
          3693, 3671, 3699, -1,
          3693, 3674, 3671, -1,
          3664, 3656, 3659, -1,
          3702, 3701, 3709, -1,
          3695, 3680, 3685, -1,
          3695, 3685, 3674, -1,
          3695, 3674, 3693, -1,
          3711, 3725, 3702, -1,
          3711, 3721, 3725, -1,
          3711, 3702, 3709, -1,
          3694, 3681, 3680, -1,
          3694, 3680, 3695, -1,
          3722, 3721, 3711, -1,
          3666, 3656, 3664, -1,
          3697, 3679, 3681, -1,
          3697, 3681, 3694, -1,
          3717, 3722, 3711, -1,
          3718, 3717, 3711, -1,
          3698, 3679, 3697, -1,
          3698, 3684, 3679, -1,
          3687, 3684, 3698, -1,
          3716, 3718, 3711, -1,
          3716, 3711, 3719, -1,
          3670, 3656, 3666, -1,
          3844, 3732, 3723, -1,
          3845, 3844, 3723, -1,
          3749, 3845, 3723, -1,
          3698, 3724, 3851, -1,
          3698, 3851, 3850, -1,
          3698, 3850, 3703, -1,
          3698, 3703, 3687, -1,
          3666, 3688, 3715, -1,
          3666, 3715, 3714, -1,
          3666, 3714, 3670, -1,
          3672, 3674, 3689, -1,
          3672, 3689, 3669, -1,
          3711, 3704, 3710, -1,
          3711, 3710, 3712, -1,
          3711, 3712, 3719, -1,
          3719, 3749, 3723, -1,
          3719, 3723, 3720, -1,
          3719, 3720, 3716, -1,
          3740, 3735, 3736, -1,
          3745, 3733, 3735, -1,
          3745, 3735, 3740, -1,
          3757, 3730, 3733, -1,
          3757, 3733, 3745, -1,
          3755, 3730, 3757, -1,
          3755, 3728, 3730, -1,
          3755, 3726, 3728, -1,
          3799, 3769, 3770, -1,
          3799, 3764, 3769, -1,
          3785, 3764, 3799, -1,
          3785, 3761, 3764, -1,
          3744, 3727, 3726, -1,
          3784, 3761, 3785, -1,
          3751, 3726, 3755, -1,
          3746, 3726, 3751, -1,
          3746, 3744, 3726, -1,
          3742, 3727, 3744, -1,
          3742, 3729, 3727, -1,
          3747, 3746, 3751, -1,
          3783, 3761, 3784, -1,
          3783, 3756, 3761, -1,
          3739, 3729, 3742, -1,
          3738, 3729, 3739, -1,
          3738, 3731, 3729, -1,
          3782, 3756, 3783, -1,
          3782, 3754, 3756, -1,
          3782, 3752, 3754, -1,
          3753, 3768, 3767, -1,
          3737, 3731, 3738, -1,
          3734, 3731, 3737, -1,
          3763, 3768, 3753, -1,
          3777, 3776, 3750, -1,
          3777, 3750, 3752, -1,
          3778, 3752, 3782, -1,
          3778, 3777, 3752, -1,
          3786, 3778, 3782, -1,
          3771, 3750, 3776, -1,
          3771, 3753, 3750, -1,
          3741, 3734, 3737, -1,
          3779, 3778, 3786, -1,
          3773, 3759, 3763, -1,
          3773, 3763, 3753, -1,
          3773, 3753, 3771, -1,
          3787, 3802, 3779, -1,
          3787, 3792, 3802, -1,
          3787, 3779, 3786, -1,
          3772, 3760, 3759, -1,
          3772, 3759, 3773, -1,
          3793, 3792, 3787, -1,
          3743, 3734, 3741, -1,
          3774, 3758, 3760, -1,
          3774, 3760, 3772, -1,
          3789, 3793, 3787, -1,
          3790, 3789, 3787, -1,
          3775, 3758, 3774, -1,
          3775, 3762, 3758, -1,
          3765, 3762, 3775, -1,
          3788, 3790, 3787, -1,
          3788, 3787, 3798, -1,
          3748, 3734, 3743, -1,
          3846, 3804, 3800, -1,
          3847, 3846, 3800, -1,
          3822, 3847, 3800, -1,
          3775, 3801, 3843, -1,
          3775, 3843, 3842, -1,
          3775, 3842, 3780, -1,
          3775, 3780, 3765, -1,
          3743, 3766, 3849, -1,
          3743, 3849, 3848, -1,
          3743, 3848, 3748, -1,
          3751, 3753, 3767, -1,
          3751, 3767, 3747, -1,
          3787, 3781, 3796, -1,
          3787, 3796, 3797, -1,
          3787, 3797, 3798, -1,
          3798, 3822, 3800, -1,
          3798, 3800, 3791, -1,
          3798, 3791, 3788, -1,
          3921, 3908, 3915, -1,
          3924, 3906, 3908, -1,
          3924, 3908, 3921, -1,
          3928, 3903, 3906, -1,
          3928, 3906, 3924, -1,
          3935, 3903, 3928, -1,
          3927, 3887, 3889, -1,
          3937, 3889, 3898, -1,
          3937, 3927, 3889, -1,
          3926, 3887, 3927, -1,
          3938, 3898, 3903, -1,
          3938, 3903, 3935, -1,
          3938, 3937, 3898, -1,
          3923, 3885, 3887, -1,
          3923, 3887, 3926, -1,
          3946, 3938, 3935, -1,
          3939, 3938, 3946, -1,
          3918, 3885, 3923, -1,
          3918, 3888, 3885, -1,
          3947, 3940, 3939, -1,
          3947, 3939, 3946, -1,
          3914, 3888, 3918, -1,
          3914, 3896, 3888, -1,
          3913, 3896, 3914, -1,
          3951, 3940, 3947, -1,
          3951, 3955, 3940, -1,
          3956, 3955, 3951, -1,
          3912, 3902, 3896, -1,
          3912, 3896, 3913, -1,
          3961, 3956, 3951, -1,
          3961, 3957, 3956, -1,
          3961, 3958, 3957, -1,
          3911, 3902, 3912, -1,
          3911, 3905, 3902, -1,
          3917, 3905, 3911, -1,
          3920, 3907, 3905, -1,
          3920, 3905, 3917, -1,
          3976, 3958, 3961, -1,
          3976, 3959, 3958, -1,
          3960, 3959, 3976, -1,
          3922, 3907, 3920, -1,
          3973, 3954, 3960, -1,
          3973, 3960, 3976, -1,
          3925, 3910, 3907, -1,
          3925, 3907, 3922, -1,
          3919, 3910, 3925, -1,
          3936, 3931, 3919, -1,
          3936, 3919, 3925, -1,
          3950, 3931, 3936, -1,
          3965, 3950, 3936, -1,
          3953, 3950, 3965, -1,
          3972, 3953, 3965, -1,
          3969, 3953, 3972, -1,
          3978, 3969, 3972, -1,
          3981, 3974, 3969, -1,
          3981, 3969, 3978, -1,
          3941, 3930, 3949, -1,
          3987, 4544, 3974, -1,
          3987, 3974, 3981, -1,
          4011, 3949, 3967, -1,
          4011, 3941, 3949, -1,
          3986, 4544, 3987, -1,
          4012, 4544, 3986, -1,
          4012, 3967, 4544, -1,
          4012, 4011, 3967, -1,
          3988, 4012, 3986, -1,
          3989, 4012, 3988, -1,
          3811, 3803, 3794, -1,
          3811, 3794, 3814, -1,
          3825, 3814, 3817, -1,
          3825, 3811, 3814, -1,
          3837, 3817, 3838, -1,
          3837, 3825, 3817, -1,
          3836, 3824, 3831, -1,
          3852, 3824, 3836, -1,
          3852, 3818, 3824, -1,
          3852, 3816, 3818, -1,
          3856, 3816, 3852, -1,
          3860, 3816, 3856, -1,
          3860, 3810, 3816, -1,
          3867, 3808, 3871, -1,
          3867, 3805, 3808, -1,
          3872, 3808, 3810, -1,
          3872, 3871, 3808, -1,
          3865, 3837, 3838, -1,
          3859, 3806, 3805, -1,
          3859, 3805, 3867, -1,
          3876, 3872, 3810, -1,
          3876, 3810, 3860, -1,
          3876, 3860, 3865, -1,
          3833, 3806, 3859, -1,
          3833, 3807, 3806, -1,
          3881, 3876, 3865, -1,
          3830, 3807, 3833, -1,
          3884, 3881, 3865, -1,
          3829, 3809, 3807, -1,
          3829, 3807, 3830, -1,
          3891, 3884, 3865, -1,
          3828, 4533, 3809, -1,
          3828, 3809, 3829, -1,
          3832, 3823, 4533, -1,
          3832, 4533, 3828, -1,
          3895, 3865, 3838, -1,
          3895, 3891, 3865, -1,
          3895, 3892, 3891, -1,
          3895, 3893, 3892, -1,
          3839, 3821, 3823, -1,
          3839, 3823, 3832, -1,
          3855, 3821, 3839, -1,
          3827, 3821, 3855, -1,
          3854, 3827, 3855, -1,
          3858, 3835, 3827, -1,
          3858, 3827, 3854, -1,
          3862, 3840, 3835, -1,
          3862, 3835, 3858, -1,
          3909, 3899, 3890, -1,
          3866, 3853, 3840, -1,
          3866, 3840, 3862, -1,
          3868, 3853, 3866, -1,
          3870, 3853, 3868, -1,
          3934, 3901, 3899, -1,
          3934, 3899, 3909, -1,
          3857, 3853, 3870, -1,
          3875, 3857, 3870, -1,
          3933, 3900, 3901, -1,
          3933, 3901, 3934, -1,
          3864, 3857, 3875, -1,
          3864, 3875, 3879, -1,
          3932, 3900, 3933, -1,
          3932, 3897, 3900, -1,
          3869, 3864, 3879, -1,
          3945, 3897, 3932, -1,
          3945, 3894, 3897, -1,
          3945, 3883, 3894, -1,
          3944, 3883, 3945, -1,
          3944, 3880, 3883, -1,
          3943, 3880, 3944, -1,
          3943, 3879, 3880, -1,
          3942, 3879, 3943, -1,
          3942, 3869, 3879, -1,
          4009, 4007, 4006, -1,
          4009, 4008, 4007, -1,
          4010, 4006, 3869, -1,
          4010, 4009, 4006, -1,
          4010, 3869, 3942, -1,
          3995, 3985, 3980, -1,
          3995, 3980, 3991, -1,
          4021, 3991, 4013, -1,
          4021, 4013, 4043, -1,
          4021, 3995, 3991, -1,
          4052, 4021, 4043, -1,
          3990, 3979, 3975, -1,
          3990, 3975, 3982, -1,
          4014, 3982, 3992, -1,
          4014, 3990, 3982, -1,
          4026, 3992, 4018, -1,
          4026, 4014, 3992, -1,
          4022, 4000, 4015, -1,
          4022, 4015, 4020, -1,
          4023, 4000, 4022, -1,
          4028, 3996, 4000, -1,
          4028, 4000, 4023, -1,
          4035, 3996, 4028, -1,
          4025, 4019, 3996, -1,
          4025, 3996, 4035, -1,
          4045, 4031, 4025, -1,
          4045, 4025, 4035, -1,
          4047, 4037, 4031, -1,
          4047, 4031, 4045, -1,
          4060, 4038, 4037, -1,
          4060, 4037, 4047, -1,
          4058, 4039, 4038, -1,
          4058, 4038, 4060, -1,
          4056, 4042, 4039, -1,
          4056, 4039, 4058, -1,
          4055, 4046, 4042, -1,
          4055, 4042, 4056, -1,
          4044, 4034, 4024, -1,
          4044, 4024, 4030, -1,
          4049, 4030, 4036, -1,
          4049, 4044, 4030, -1,
          4062, 4049, 4036, -1,
          4062, 4036, 4046, -1,
          4068, 4055, 4054, -1,
          4068, 4046, 4055, -1,
          4068, 4062, 4046, -1,
          4069, 4068, 4054, -1,
          4070, 4054, 4057, -1,
          4070, 4069, 4054, -1,
          4066, 4070, 4057, -1,
          4066, 4057, 4059, -1,
          4164, 4061, 4062, -1,
          4165, 4062, 4068, -1,
          4165, 4164, 4062, -1,
          4067, 4165, 4068, -1,
          4122, 4065, 4081, -1,
          4122, 4081, 4085, -1,
          4122, 4085, 4089, -1,
          4132, 4136, 4147, -1,
          4132, 4147, 4150, -1,
          4132, 4150, 4155, -1,
          4543, 4122, 4133, -1,
          4543, 4065, 4122, -1,
          4195, 4131, 4132, -1,
          4195, 4130, 4131, -1,
          4195, 4133, 4130, -1,
          4195, 4132, 4155, -1,
          4195, 4543, 4133, -1,
          4161, 4543, 4195, -1,
          4160, 4543, 4161, -1,
          4158, 4161, 4195, -1,
          4123, 4543, 4160, -1,
          4166, 4123, 4160, -1,
          4167, 4166, 4160, -1,
          4159, 4167, 4160, -1,
          4278, 4191, 4158, -1,
          4279, 4278, 4158, -1,
          4208, 4158, 4195, -1,
          4208, 4279, 4158, -1,
          4190, 4174, 4168, -1,
          4190, 4168, 4182, -1,
          4201, 4182, 4202, -1,
          4201, 4190, 4182, -1,
          4212, 4202, 4217, -1,
          4212, 4201, 4202, -1,
          4223, 4212, 4217, -1,
          4215, 4194, 4189, -1,
          4215, 4189, 4200, -1,
          4229, 4200, 4211, -1,
          4229, 4215, 4200, -1,
          4236, 4211, 4223, -1,
          4236, 4229, 4211, -1,
          4207, 4209, 4214, -1,
          4280, 4214, 4228, -1,
          4280, 4207, 4214, -1,
          4281, 4228, 4235, -1,
          4281, 4280, 4228, -1,
          4282, 4235, 4236, -1,
          4282, 4281, 4235, -1,
          4217, 4282, 4236, -1,
          4217, 4236, 4223, -1,
          4262, 4222, 4226, -1,
          4262, 4226, 4230, -1,
          4262, 4230, 4233, -1,
          4283, 4255, 4270, -1,
          4283, 4270, 4275, -1,
          4283, 4275, 4285, -1,
          4350, 4262, 4286, -1,
          4351, 4350, 4286, -1,
          4352, 4351, 4286, -1,
          4353, 4286, 4283, -1,
          4353, 4352, 4286, -1,
          4350, 4222, 4262, -1,
          4285, 4353, 4283, -1,
          4669, 4670, 4671, -1,
          4669, 4671, 4672, -1,
          4673, 4674, 4670, -1,
          4673, 4670, 4669, -1,
          4675, 4676, 4674, -1,
          4675, 4674, 4673, -1,
          4677, 4678, 4676, -1,
          4677, 4676, 4675, -1,
          4679, 4680, 4678, -1,
          4679, 4678, 4677, -1,
          4681, 4682, 4680, -1,
          4681, 4680, 4679, -1,
          4683, 4684, 4682, -1,
          4683, 4682, 4681, -1,
          4685, 4686, 4684, -1,
          4685, 4684, 4683, -1,
          4687, 4688, 4686, -1,
          4687, 4686, 4685, -1,
          4689, 4690, 4688, -1,
          4689, 4688, 4687, -1,
          4691, 4692, 4690, -1,
          4691, 4690, 4689, -1,
          4693, 4694, 4695, -1,
          4693, 4695, 4692, -1,
          4693, 4692, 4691, -1,
          4696, 4697, 4694, -1,
          4696, 4694, 4693, -1,
          4698, 4697, 4696, -1,
          4698, 4699, 4697, -1,
          4700, 4699, 4698, -1,
          4700, 4701, 4699, -1,
          4702, 4701, 4700, -1,
          4702, 4703, 4704, -1,
          4702, 4704, 4701, -1,
          4705, 4703, 4702, -1,
          4705, 4706, 4703, -1,
          4707, 4706, 4705, -1,
          4707, 4708, 4706, -1,
          4709, 4710, 4711, -1,
          4709, 4711, 4708, -1,
          4712, 4708, 4707, -1,
          4712, 4709, 4708, -1,
          4537, 4302, 4306, -1,
          4537, 4306, 4307, -1,
          4537, 4307, 4309, -1,
          4346, 4345, 4536, -1,
          4347, 4346, 4536, -1,
          4348, 4347, 4536, -1,
          4349, 4537, 4354, -1,
          4354, 4537, 4355, -1,
          4355, 4537, 4333, -1,
          4537, 4348, 4536, -1,
          4345, 4287, 4536, -1,
          4295, 4536, 4293, -1,
          4293, 4536, 4291, -1,
          4291, 4536, 4287, -1,
          4536, 4302, 4537, -1,
          4309, 4333, 4537, -1,
          4337, 4330, 4335, -1,
          4338, 4330, 4337, -1,
          4338, 4329, 4330, -1,
          4670, 4674, 4323, -1,
          4670, 4323, 4325, -1,
          4671, 4670, 4325, -1,
          4671, 4325, 4327, -1,
          4676, 4323, 4674, -1,
          4676, 4321, 4323, -1,
          4672, 4329, 4338, -1,
          4672, 4671, 4327, -1,
          4672, 4327, 4329, -1,
          4672, 4341, 4356, -1,
          4672, 4338, 4341, -1,
          4678, 4321, 4676, -1,
          4678, 4319, 4321, -1,
          4669, 4672, 4356, -1,
          4680, 4319, 4678, -1,
          4358, 4669, 4356, -1,
          4358, 4673, 4669, -1,
          4682, 4320, 4319, -1,
          4682, 4319, 4680, -1,
          4360, 4673, 4358, -1,
          4360, 4675, 4673, -1,
          4684, 4322, 4320, -1,
          4684, 4320, 4682, -1,
          4677, 4675, 4360, -1,
          4361, 4677, 4360, -1,
          4679, 4677, 4361, -1,
          4686, 4324, 4322, -1,
          4686, 4322, 4684, -1,
          4688, 4324, 4686, -1,
          4688, 4535, 4324, -1,
          4363, 4681, 4679, -1,
          4363, 4679, 4361, -1,
          4683, 4681, 4363, -1,
          4690, 4534, 4535, -1,
          4690, 4535, 4688, -1,
          4367, 4683, 4363, -1,
          4367, 4685, 4683, -1,
          4692, 4534, 4690, -1,
          4334, 4534, 4692, -1,
          4695, 4334, 4692, -1,
          4370, 4687, 4685, -1,
          4370, 4685, 4367, -1,
          4689, 4687, 4370, -1,
          4694, 4334, 4695, -1,
          4332, 4334, 4694, -1,
          4697, 4332, 4694, -1,
          4369, 4691, 4689, -1,
          4369, 4689, 4370, -1,
          4699, 4332, 4697, -1,
          4336, 4332, 4699, -1,
          4701, 4336, 4699, -1,
          4384, 4693, 4691, -1,
          4384, 4691, 4369, -1,
          4704, 4336, 4701, -1,
          4704, 4340, 4336, -1,
          4383, 4693, 4384, -1,
          4383, 4696, 4693, -1,
          4703, 4340, 4704, -1,
          4342, 4340, 4703, -1,
          4706, 4342, 4703, -1,
          4385, 4696, 4383, -1,
          4385, 4698, 4696, -1,
          4708, 4357, 4342, -1,
          4708, 4342, 4706, -1,
          4711, 4357, 4708, -1,
          4359, 4357, 4711, -1,
          4389, 4698, 4385, -1,
          4389, 4700, 4698, -1,
          4446, 4359, 4711, -1,
          4446, 4711, 4710, -1,
          4393, 4700, 4389, -1,
          4393, 4702, 4700, -1,
          4393, 4705, 4702, -1,
          4447, 4446, 4710, -1,
          4396, 4705, 4393, -1,
          4396, 4707, 4705, -1,
          4403, 4707, 4396, -1,
          4403, 4712, 4707, -1,
          4403, 4709, 4712, -1,
          4452, 4709, 4403, -1,
          4452, 4710, 4709, -1,
          4450, 4448, 4447, -1,
          4450, 4449, 4448, -1,
          4451, 4447, 4710, -1,
          4451, 4450, 4447, -1,
          4451, 4710, 4452, -1,
          4387, 4375, 4386, -1,
          4391, 4374, 4375, -1,
          4391, 4375, 4387, -1,
          4408, 4371, 4372, -1,
          4410, 4408, 4372, -1,
          4410, 4372, 4373, -1,
          4381, 4365, 4371, -1,
          4381, 4371, 4408, -1,
          4416, 4410, 4373, -1,
          4416, 4373, 4374, -1,
          4416, 4391, 4394, -1,
          4416, 4374, 4391, -1,
          4379, 4365, 4381, -1,
          4400, 4416, 4394, -1,
          4376, 4365, 4379, -1,
          4376, 4362, 4365, -1,
          4419, 4416, 4400, -1,
          4378, 4362, 4376, -1,
          4378, 4364, 4362, -1,
          4405, 4419, 4400, -1,
          4424, 4419, 4405, -1,
          4377, 4364, 4378, -1,
          4377, 4366, 4364, -1,
          4377, 4368, 4366, -1,
          4464, 4424, 4405, -1,
          4464, 4426, 4424, -1,
          4380, 4368, 4377, -1,
          4463, 4421, 4426, -1,
          4463, 4412, 4421, -1,
          4463, 4426, 4464, -1,
          4462, 4413, 4412, -1,
          4462, 4412, 4463, -1,
          4414, 4413, 4462, -1,
          4459, 4411, 4414, -1,
          4459, 4414, 4462, -1,
          4437, 4417, 4411, -1,
          4437, 4411, 4459, -1,
          4422, 4417, 4437, -1,
          4399, 4382, 4390, -1,
          4436, 4420, 4422, -1,
          4436, 4422, 4437, -1,
          4398, 4382, 4399, -1,
          4388, 4382, 4398, -1,
          4435, 4429, 4420, -1,
          4435, 4420, 4436, -1,
          4397, 4388, 4398, -1,
          4401, 4392, 4388, -1,
          4401, 4388, 4397, -1,
          4434, 4430, 4429, -1,
          4434, 4429, 4435, -1,
          4404, 4392, 4401, -1,
          4395, 4392, 4404, -1,
          4406, 4395, 4404, -1,
          4407, 4395, 4406, -1,
          4402, 4395, 4407, -1,
          4457, 4432, 4430, -1,
          4457, 4430, 4434, -1,
          4409, 4402, 4407, -1,
          4439, 4402, 4409, -1,
          4415, 4439, 4409, -1,
          4456, 4432, 4457, -1,
          4456, 4431, 4432, -1,
          4456, 4428, 4431, -1,
          4440, 4439, 4415, -1,
          4455, 4427, 4428, -1,
          4455, 4428, 4456, -1,
          4441, 4440, 4415, -1,
          4454, 4425, 4427, -1,
          4454, 4423, 4425, -1,
          4454, 4427, 4455, -1,
          4443, 4442, 4441, -1,
          4519, 4418, 4423, -1,
          4519, 4423, 4454, -1,
          4444, 4443, 4441, -1,
          4517, 4415, 4418, -1,
          4517, 4418, 4519, -1,
          4445, 4441, 4415, -1,
          4445, 4444, 4441, -1,
          4515, 4445, 4415, -1,
          4515, 4415, 4517, -1,
          4460, 4453, 4433, -1,
          4460, 4433, 4458, -1,
          4480, 4458, 4466, -1,
          4480, 4460, 4458, -1,
          4481, 4466, 4469, -1,
          4481, 4480, 4466, -1,
          4713, 4714, 4715, -1,
          4716, 4714, 4713, -1,
          4717, 4714, 4716, -1,
          4718, 4717, 4716, -1,
          4719, 4717, 4718, -1,
          4720, 4717, 4719, -1,
          4721, 4720, 4719, -1,
          4722, 4721, 4719, -1,
          4723, 4722, 4719, -1,
          4724, 4723, 4719, -1,
          4725, 4726, 4727, -1,
          4728, 4725, 4727, -1,
          4729, 4727, 4730, -1,
          4729, 4728, 4727, -1,
          4731, 4730, 4732, -1,
          4731, 4732, 4733, -1,
          4731, 4733, 4734, -1,
          4731, 4734, 4735, -1,
          4731, 4729, 4730, -1,
          4719, 4731, 4724, -1,
          4724, 4731, 4736, -1,
          4736, 4731, 4735, -1,
          4737, 4738, 4739, -1,
          4740, 4741, 4738, -1,
          4740, 4738, 4737, -1,
          4742, 4741, 4740, -1,
          4743, 4741, 4742, -1,
          4744, 4743, 4742, -1,
          4745, 4743, 4744, -1,
          4746, 4745, 4744, -1,
          4747, 4746, 4744, -1,
          4748, 4747, 4744, -1,
          4749, 4750, 4751, -1,
          4752, 4751, 4753, -1,
          4752, 4749, 4751, -1,
          4754, 4753, 4755, -1,
          4754, 4752, 4753, -1,
          4756, 4755, 4757, -1,
          4756, 4757, 4758, -1,
          4756, 4758, 4759, -1,
          4756, 4754, 4755, -1,
          4744, 4756, 4759, -1,
          4744, 4759, 4760, -1,
          4744, 4760, 4748, -1,
          4521, 4479, 4461, -1,
          4521, 4461, 4465, -1,
          4522, 4465, 4467, -1,
          4522, 4521, 4465, -1,
          4495, 4467, 4468, -1,
          4495, 4522, 4467, -1,
          4488, 4482, 4483, -1,
          4738, 4470, 4473, -1,
          4741, 4470, 4738, -1,
          4739, 4738, 4473, -1,
          4739, 4475, 4477, -1,
          4739, 4473, 4475, -1,
          4743, 4470, 4741, -1,
          4743, 4471, 4470, -1,
          4745, 4471, 4743, -1,
          4745, 4472, 4471, -1,
          4737, 4739, 4477, -1,
          4737, 4477, 4482, -1,
          4737, 4488, 4502, -1,
          4737, 4482, 4488, -1,
          4746, 4472, 4745, -1,
          4740, 4737, 4502, -1,
          4747, 4472, 4746, -1,
          4747, 4474, 4472, -1,
          4742, 4740, 4502, -1,
          4742, 4502, 4507, -1,
          4748, 4474, 4747, -1,
          4748, 4476, 4474, -1,
          4744, 4742, 4507, -1,
          4744, 4507, 4510, -1,
          4760, 4478, 4476, -1,
          4760, 4476, 4748, -1,
          4759, 4485, 4478, -1,
          4759, 4478, 4760, -1,
          4758, 4487, 4485, -1,
          4758, 4485, 4759, -1,
          4757, 4491, 4487, -1,
          4757, 4487, 4758, -1,
          4755, 4491, 4757, -1,
          4493, 4491, 4755, -1,
          4753, 4493, 4755, -1,
          4751, 4498, 4493, -1,
          4751, 4493, 4753, -1,
          4750, 4498, 4751, -1,
          4500, 4498, 4750, -1,
          4749, 4500, 4750, -1,
          4756, 4744, 4510, -1,
          4714, 4492, 4497, -1,
          4714, 4490, 4492, -1,
          4717, 4486, 4490, -1,
          4717, 4490, 4714, -1,
          4715, 4497, 4500, -1,
          4715, 4714, 4497, -1,
          4720, 4484, 4486, -1,
          4720, 4486, 4717, -1,
          4713, 4500, 4749, -1,
          4713, 4715, 4500, -1,
          4721, 4484, 4720, -1,
          4716, 4749, 4752, -1,
          4716, 4713, 4749, -1,
          4722, 4484, 4721, -1,
          4722, 4489, 4484, -1,
          4718, 4716, 4752, -1,
          4718, 4752, 4754, -1,
          4723, 4489, 4722, -1,
          4723, 4496, 4489, -1,
          4719, 4718, 4754, -1,
          4719, 4754, 4756, -1,
          4724, 4496, 4723, -1,
          4736, 4496, 4724, -1,
          4736, 4494, 4496, -1,
          4735, 4499, 4494, -1,
          4735, 4494, 4736, -1,
          4734, 4501, 4499, -1,
          4734, 4499, 4735, -1,
          4733, 4504, 4501, -1,
          4733, 4501, 4734, -1,
          4732, 4504, 4733, -1,
          4730, 4505, 4504, -1,
          4730, 4504, 4732, -1,
          4727, 4505, 4730, -1,
          4726, 4506, 4505, -1,
          4726, 4505, 4727, -1,
          4508, 4506, 4726, -1,
          4509, 4508, 4726, -1,
          4509, 4726, 4725, -1,
          4513, 4509, 4725, -1,
          4514, 4513, 4725, -1,
          4516, 4514, 4725, -1,
          4518, 4516, 4725, -1,
          4518, 4725, 4728, -1,
          4520, 4728, 4729, -1,
          4520, 4518, 4728, -1,
          4524, 4729, 4731, -1,
          4524, 4520, 4729, -1,
          4525, 4731, 4719, -1,
          4525, 4524, 4731, -1,
          4510, 4525, 4756, -1,
          4756, 4525, 4719, -1,
          3819, 3812, 3834, -1,
          3878, 3813, 3815, -1,
          3878, 3815, 3820, -1,
          3878, 3820, 3826, -1,
          3886, 3834, 3861, -1,
          3886, 3819, 3834, -1,
          3904, 3861, 3878, -1,
          3904, 3886, 3861, -1,
          3916, 3904, 3878, -1,
          3826, 3916, 3878, -1,
          4541, 3863, 3873, -1,
          4541, 3873, 3877, -1,
          4541, 3877, 3882, -1,
          4542, 3948, 3963, -1,
          4542, 3963, 3966, -1,
          4542, 3966, 3971, -1,
          3984, 3983, 3970, -1,
          3993, 3984, 3970, -1,
          3994, 3993, 3970, -1,
          3997, 4542, 4001, -1,
          4001, 4542, 4016, -1,
          4016, 4542, 4003, -1,
          4542, 3994, 3970, -1,
          4542, 3970, 3968, -1,
          3983, 4541, 3970, -1,
          3970, 4541, 3964, -1,
          4541, 3977, 3962, -1,
          4541, 3962, 3952, -1,
          4541, 3952, 3929, -1,
          3929, 3863, 4541, -1,
          3882, 3964, 4541, -1,
          3968, 3948, 4542, -1,
          3971, 4003, 4542, -1,
          4002, 4004, 3999, -1,
          4002, 3999, 3998, -1,
          4048, 3998, 4017, -1,
          4048, 4002, 3998, -1,
          4064, 4017, 4032, -1,
          4064, 4048, 4017, -1,
          4761, 4762, 4763, -1,
          4761, 4763, 4764, -1,
          4765, 4766, 4767, -1,
          4765, 4767, 4762, -1,
          4765, 4762, 4761, -1,
          4768, 4769, 4766, -1,
          4768, 4766, 4765, -1,
          4770, 4771, 4769, -1,
          4770, 4769, 4768, -1,
          4772, 4773, 4771, -1,
          4772, 4771, 4770, -1,
          4774, 4775, 4773, -1,
          4774, 4773, 4772, -1,
          4776, 4777, 4775, -1,
          4776, 4775, 4774, -1,
          4778, 4779, 4777, -1,
          4778, 4777, 4776, -1,
          4780, 4781, 4779, -1,
          4780, 4779, 4778, -1,
          4782, 4783, 4781, -1,
          4782, 4781, 4780, -1,
          4784, 4785, 4783, -1,
          4784, 4783, 4782, -1,
          4786, 4787, 4785, -1,
          4786, 4785, 4784, -1,
          4788, 4789, 4787, -1,
          4788, 4787, 4786, -1,
          4790, 4791, 4789, -1,
          4790, 4789, 4788, -1,
          4792, 4791, 4790, -1,
          4792, 4793, 4791, -1,
          4794, 4793, 4792, -1,
          4794, 4795, 4793, -1,
          4796, 4795, 4794, -1,
          4797, 4795, 4796, -1,
          4797, 4798, 4795, -1,
          4051, 4027, 4029, -1,
          4051, 4029, 4033, -1,
          4051, 4033, 4040, -1,
          4050, 4027, 4051, -1,
          4053, 4027, 4050, -1,
          4540, 4053, 4077, -1,
          4540, 4027, 4053, -1,
          4076, 4072, 4540, -1,
          4076, 4540, 4077, -1,
          4073, 4072, 4076, -1,
          4074, 4073, 4076, -1,
          4063, 4027, 4086, -1,
          4086, 4027, 4090, -1,
          4090, 4027, 4071, -1,
          4071, 4027, 4540, -1,
          4099, 4088, 4091, -1,
          4099, 4087, 4088, -1,
          4103, 4087, 4099, -1,
          4113, 4084, 4087, -1,
          4113, 4087, 4103, -1,
          4111, 4075, 4079, -1,
          4111, 4079, 4112, -1,
          4116, 4079, 4082, -1,
          4116, 4112, 4079, -1,
          4110, 4078, 4075, -1,
          4110, 4075, 4111, -1,
          4117, 4082, 4084, -1,
          4117, 4113, 4144, -1,
          4117, 4084, 4113, -1,
          4117, 4116, 4082, -1,
          4119, 4117, 4144, -1,
          4107, 4078, 4110, -1,
          4143, 4119, 4144, -1,
          4106, 4080, 4078, -1,
          4106, 4078, 4107, -1,
          4121, 4119, 4143, -1,
          4105, 4083, 4080, -1,
          4105, 4080, 4106, -1,
          4142, 4121, 4143, -1,
          4142, 4125, 4121, -1,
          4096, 4083, 4105, -1,
          4146, 4126, 4125, -1,
          4146, 4125, 4142, -1,
          4145, 4128, 4126, -1,
          4145, 4126, 4146, -1,
          4118, 4109, 4115, -1,
          4153, 4129, 4128, -1,
          4153, 4128, 4145, -1,
          4120, 4104, 4109, -1,
          4120, 4109, 4118, -1,
          4135, 4129, 4153, -1,
          4124, 4102, 4104, -1,
          4124, 4104, 4120, -1,
          4127, 4100, 4102, -1,
          4127, 4102, 4124, -1,
          4767, 4095, 4762, -1,
          4767, 4092, 4095, -1,
          4763, 4762, 4095, -1,
          4763, 4095, 4100, -1,
          4766, 4092, 4767, -1,
          4766, 4093, 4092, -1,
          4764, 4100, 4127, -1,
          4764, 4763, 4100, -1,
          4764, 4127, 4134, -1,
          4769, 4093, 4766, -1,
          4769, 4094, 4093, -1,
          4761, 4764, 4134, -1,
          4154, 4135, 4153, -1,
          4154, 4139, 4135, -1,
          4140, 4761, 4134, -1,
          4771, 4094, 4769, -1,
          4765, 4761, 4140, -1,
          4773, 4094, 4771, -1,
          4773, 4097, 4094, -1,
          4149, 4765, 4140, -1,
          4149, 4768, 4765, -1,
          4775, 4097, 4773, -1,
          4775, 4098, 4097, -1,
          4777, 4098, 4775, -1,
          4770, 4768, 4149, -1,
          4779, 4101, 4098, -1,
          4779, 4098, 4777, -1,
          4173, 4149, 4154, -1,
          4173, 4770, 4149, -1,
          4173, 4772, 4770, -1,
          4774, 4772, 4173, -1,
          4781, 4101, 4779, -1,
          4108, 4101, 4781, -1,
          4783, 4108, 4781, -1,
          4178, 4774, 4173, -1,
          4178, 4776, 4774, -1,
          4178, 4778, 4776, -1,
          4785, 4114, 4108, -1,
          4785, 4108, 4783, -1,
          4780, 4778, 4178, -1,
          4787, 4114, 4785, -1,
          4789, 4137, 4114, -1,
          4789, 4114, 4787, -1,
          4193, 4782, 4780, -1,
          4193, 4780, 4178, -1,
          4791, 4137, 4789, -1,
          4138, 4137, 4791, -1,
          4793, 4138, 4791, -1,
          4199, 4784, 4782, -1,
          4199, 4786, 4784, -1,
          4199, 4782, 4193, -1,
          4795, 4148, 4138, -1,
          4795, 4138, 4793, -1,
          4798, 4148, 4795, -1,
          4204, 4786, 4199, -1,
          4204, 4788, 4786, -1,
          4151, 4148, 4798, -1,
          4203, 4790, 4788, -1,
          4203, 4788, 4204, -1,
          4187, 4790, 4203, -1,
          4187, 4792, 4790, -1,
          4187, 4794, 4792, -1,
          4186, 4796, 4794, -1,
          4186, 4797, 4796, -1,
          4186, 4794, 4187, -1,
          4185, 4797, 4186, -1,
          4185, 4798, 4797, -1,
          4184, 4151, 4798, -1,
          4184, 4798, 4185, -1,
          4184, 4156, 4151, -1,
          4171, 4169, 4157, -1,
          4171, 4170, 4169, -1,
          4183, 4156, 4184, -1,
          4183, 4157, 4156, -1,
          4183, 4171, 4157, -1,
          4149, 4139, 4154, -1,
          4152, 4141, 4162, -1,
          4539, 4152, 4162, -1,
          4181, 4162, 4175, -1,
          4181, 4539, 4162, -1,
          4188, 4175, 4196, -1,
          4188, 4181, 4175, -1,
          4172, 4539, 4180, -1,
          4172, 4152, 4539, -1,
          4206, 4188, 4196, -1,
          4179, 4172, 4180, -1,
          4177, 4172, 4179, -1,
          4197, 4177, 4179, -1,
          4192, 4177, 4197, -1,
          4205, 4192, 4197, -1,
          4198, 4192, 4205, -1,
          4213, 4210, 4198, -1,
          4213, 4198, 4205, -1,
          4227, 4218, 4210, -1,
          4231, 4227, 4210, -1,
          4234, 4210, 4213, -1,
          4234, 4231, 4210, -1,
          4799, 4800, 4801, -1,
          4802, 4800, 4799, -1,
          4803, 4800, 4802, -1,
          4804, 4803, 4802, -1,
          4805, 4803, 4804, -1,
          4806, 4803, 4805, -1,
          4807, 4806, 4805, -1,
          4808, 4807, 4805, -1,
          4809, 4808, 4805, -1,
          4810, 4809, 4805, -1,
          4811, 4812, 4813, -1,
          4814, 4811, 4813, -1,
          4815, 4813, 4816, -1,
          4815, 4814, 4813, -1,
          4817, 4816, 4818, -1,
          4817, 4818, 4819, -1,
          4817, 4819, 4820, -1,
          4817, 4820, 4821, -1,
          4817, 4815, 4816, -1,
          4805, 4817, 4810, -1,
          4810, 4817, 4822, -1,
          4822, 4817, 4821, -1,
          4823, 4824, 4825, -1,
          4826, 4827, 4824, -1,
          4826, 4824, 4823, -1,
          4828, 4827, 4826, -1,
          4829, 4827, 4828, -1,
          4830, 4829, 4828, -1,
          4831, 4829, 4830, -1,
          4832, 4831, 4830, -1,
          4833, 4832, 4830, -1,
          4834, 4833, 4830, -1,
          4835, 4836, 4837, -1,
          4838, 4837, 4839, -1,
          4838, 4835, 4837, -1,
          4840, 4839, 4841, -1,
          4840, 4838, 4839, -1,
          4842, 4841, 4843, -1,
          4842, 4843, 4844, -1,
          4842, 4844, 4845, -1,
          4842, 4840, 4841, -1,
          4830, 4842, 4845, -1,
          4830, 4845, 4846, -1,
          4830, 4846, 4834, -1,
          4225, 4216, 4219, -1,
          4225, 4219, 4220, -1,
          4225, 4220, 4221, -1,
          4224, 4216, 4225, -1,
          4232, 4216, 4224, -1,
          4538, 4232, 4244, -1,
          4538, 4216, 4232, -1,
          4243, 4239, 4538, -1,
          4243, 4538, 4244, -1,
          4240, 4239, 4243, -1,
          4241, 4240, 4243, -1,
          4237, 4216, 4257, -1,
          4257, 4216, 4256, -1,
          4256, 4216, 4238, -1,
          4238, 4216, 4538, -1,
          4263, 4253, 4254, -1,
          4824, 4242, 4247, -1,
          4827, 4242, 4824, -1,
          4825, 4824, 4247, -1,
          4825, 4249, 4251, -1,
          4825, 4247, 4249, -1,
          4829, 4242, 4827, -1,
          4829, 4245, 4242, -1,
          4831, 4245, 4829, -1,
          4831, 4246, 4245, -1,
          4823, 4825, 4251, -1,
          4823, 4251, 4253, -1,
          4823, 4263, 4284, -1,
          4823, 4253, 4263, -1,
          4832, 4246, 4831, -1,
          4826, 4823, 4284, -1,
          4833, 4246, 4832, -1,
          4833, 4248, 4246, -1,
          4828, 4826, 4284, -1,
          4828, 4284, 4289, -1,
          4834, 4248, 4833, -1,
          4834, 4250, 4248, -1,
          4830, 4828, 4289, -1,
          4830, 4289, 4299, -1,
          4846, 4252, 4250, -1,
          4846, 4250, 4834, -1,
          4845, 4259, 4252, -1,
          4845, 4252, 4846, -1,
          4844, 4261, 4259, -1,
          4844, 4259, 4845, -1,
          4843, 4266, 4261, -1,
          4843, 4261, 4844, -1,
          4841, 4266, 4843, -1,
          4269, 4266, 4841, -1,
          4839, 4269, 4841, -1,
          4837, 4273, 4269, -1,
          4837, 4269, 4839, -1,
          4836, 4273, 4837, -1,
          4276, 4273, 4836, -1,
          4835, 4276, 4836, -1,
          4842, 4830, 4299, -1,
          4800, 4268, 4272, -1,
          4800, 4265, 4268, -1,
          4803, 4260, 4265, -1,
          4803, 4265, 4800, -1,
          4801, 4272, 4276, -1,
          4801, 4800, 4272, -1,
          4806, 4258, 4260, -1,
          4806, 4260, 4803, -1,
          4799, 4276, 4835, -1,
          4799, 4801, 4276, -1,
          4807, 4258, 4806, -1,
          4802, 4835, 4838, -1,
          4802, 4799, 4835, -1,
          4808, 4258, 4807, -1,
          4808, 4264, 4258, -1,
          4804, 4802, 4838, -1,
          4804, 4838, 4840, -1,
          4809, 4264, 4808, -1,
          4809, 4267, 4264, -1,
          4805, 4804, 4840, -1,
          4805, 4840, 4842, -1,
          4810, 4267, 4809, -1,
          4822, 4267, 4810, -1,
          4822, 4271, 4267, -1,
          4821, 4274, 4271, -1,
          4821, 4271, 4822, -1,
          4820, 4288, 4274, -1,
          4820, 4274, 4821, -1,
          4819, 4292, 4288, -1,
          4819, 4288, 4820, -1,
          4818, 4292, 4819, -1,
          4816, 4294, 4292, -1,
          4816, 4292, 4818, -1,
          4813, 4294, 4816, -1,
          4812, 4296, 4294, -1,
          4812, 4294, 4813, -1,
          4297, 4296, 4812, -1,
          4298, 4297, 4812, -1,
          4298, 4812, 4811, -1,
          4300, 4298, 4811, -1,
          4301, 4300, 4811, -1,
          4303, 4301, 4811, -1,
          4304, 4303, 4811, -1,
          4304, 4811, 4814, -1,
          4305, 4814, 4815, -1,
          4305, 4304, 4814, -1,
          4308, 4815, 4817, -1,
          4308, 4305, 4815, -1,
          4310, 4817, 4805, -1,
          4310, 4308, 4817, -1,
          4299, 4310, 4842, -1,
          4842, 4310, 4805, -1,
          4847, 3024, 4848, -1,
          4849, 3026, 4847, -1,
          4847, 3026, 3024, -1,
          4848, 3022, 4850, -1,
          3024, 3022, 4848, -1,
          4851, 3027, 4849, -1,
          4849, 3027, 3026, -1,
          4850, 3020, 4852, -1,
          3022, 3020, 4850, -1,
          4853, 3030, 4851, -1,
          4851, 3030, 3027, -1,
          3020, 3018, 4852, -1,
          4852, 3018, 4854, -1,
          4853, 3032, 3030, -1,
          4853, 3110, 3032, -1,
          4854, 3016, 4855, -1,
          3018, 3016, 4854, -1,
          3110, 3033, 3032, -1,
          3110, 3108, 3033, -1,
          3016, 3014, 4855, -1,
          4855, 3014, 4856, -1,
          3108, 4857, 3033, -1,
          3108, 3106, 4857, -1,
          3014, 3012, 4856, -1,
          4856, 3012, 4858, -1,
          3106, 4859, 4857, -1,
          3106, 3104, 4859, -1,
          4858, 3010, 4860, -1,
          3012, 3010, 4858, -1,
          3104, 4861, 4859, -1,
          3104, 3102, 4861, -1,
          3010, 3008, 4860, -1,
          4860, 3008, 4862, -1,
          3102, 4863, 4861, -1,
          3008, 3006, 4862, -1,
          3102, 3100, 4863, -1,
          4863, 3100, 4864, -1,
          3006, 4865, 4862, -1,
          3006, 3004, 4865, -1,
          4864, 3098, 4866, -1,
          3100, 3098, 4864, -1,
          3004, 4867, 4865, -1,
          3004, 3002, 4867, -1,
          4866, 3096, 4868, -1,
          3098, 3096, 4866, -1,
          3002, 4869, 4867, -1,
          3002, 3000, 4869, -1,
          4868, 3094, 4870, -1,
          3096, 3094, 4868, -1,
          3000, 4871, 4869, -1,
          4870, 3092, 4872, -1,
          3094, 3092, 4870, -1,
          2997, 3074, 3000, -1,
          3000, 3074, 4871, -1,
          2997, 4873, 3074, -1,
          4872, 3090, 4874, -1,
          3092, 3090, 4872, -1,
          4873, 3075, 3074, -1,
          4874, 3088, 4875, -1,
          3090, 3088, 4874, -1,
          4876, 3078, 4873, -1,
          4877, 3078, 4876, -1,
          4873, 3078, 3075, -1,
          3088, 3086, 4875, -1,
          4875, 3086, 4878, -1,
          4877, 3080, 3078, -1,
          3086, 3084, 4878, -1,
          4878, 3084, 4879, -1,
          3084, 3082, 4879, -1,
          4880, 3082, 4877, -1,
          4879, 3082, 4880, -1,
          4877, 3082, 3080, -1,
          4314, 4312, 4317, -1,
          4328, 4311, 4313, -1,
          4328, 4313, 4315, -1,
          4328, 4315, 4316, -1,
          4326, 4317, 4318, -1,
          4326, 4314, 4317, -1,
          4331, 4318, 4328, -1,
          4331, 4326, 4318, -1,
          4339, 4331, 4328, -1,
          4316, 4339, 4328, -1,
          4881, 4882, 4883, -1,
          4883, 4884, 4885, -1,
          4882, 4884, 4883, -1,
          4886, 4887, 4881, -1,
          4881, 4887, 4882, -1,
          4885, 4888, 4889, -1,
          4884, 4888, 4885, -1,
          4890, 4891, 4886, -1,
          4886, 4891, 4887, -1,
          4889, 4892, 4893, -1,
          4888, 4892, 4889, -1,
          4894, 4895, 4890, -1,
          4890, 4895, 4891, -1,
          4892, 4896, 4893, -1,
          4893, 4896, 4897, -1,
          3148, 3283, 4894, -1,
          4894, 3283, 4895, -1,
          4896, 4898, 4897, -1,
          4898, 4899, 4897, -1,
          3146, 3284, 3148, -1,
          3148, 3284, 3283, -1,
          4898, 4900, 4899, -1,
          3146, 3144, 3284, -1,
          4900, 4901, 4899, -1,
          3144, 3287, 3284, -1,
          4900, 4902, 4901, -1,
          3144, 3142, 3287, -1,
          3142, 3289, 3287, -1,
          4902, 4903, 4901, -1,
          4901, 4903, 4904, -1,
          3142, 3140, 3289, -1,
          4903, 4905, 4904, -1,
          3140, 3291, 3289, -1,
          4903, 4906, 4905, -1,
          4906, 4907, 4905, -1,
          3140, 3138, 3291, -1,
          3291, 3138, 3293, -1,
          4907, 4908, 4905, -1,
          4907, 4909, 4908, -1,
          3138, 3136, 3293, -1,
          3293, 3136, 3295, -1,
          4909, 4910, 4908, -1,
          4909, 4911, 4910, -1,
          3295, 3134, 3297, -1,
          3136, 3134, 3295, -1,
          4911, 4912, 4910, -1,
          3134, 3132, 3297, -1,
          3297, 3132, 3298, -1,
          4913, 4914, 4911, -1,
          4911, 4914, 4912, -1,
          3132, 3130, 3298, -1,
          3298, 3130, 3301, -1,
          3319, 3112, 4913, -1,
          3317, 3112, 3319, -1,
          4913, 3112, 4914, -1,
          3301, 3128, 3303, -1,
          3130, 3128, 3301, -1,
          3315, 3113, 3317, -1,
          3317, 3113, 3112, -1,
          3303, 3126, 3305, -1,
          3128, 3126, 3303, -1,
          3312, 3116, 3315, -1,
          3315, 3116, 3113, -1,
          3305, 3124, 3307, -1,
          3126, 3124, 3305, -1,
          3312, 3118, 3116, -1,
          3310, 3118, 3312, -1,
          3124, 3122, 3307, -1,
          3307, 3122, 3309, -1,
          3310, 3120, 3118, -1,
          3122, 3120, 3309, -1,
          3309, 3120, 3310, -1,
          4915, 3318, 3319, -1,
          4915, 3319, 4913, -1,
          4916, 4913, 4911, -1,
          4916, 4915, 4913, -1,
          4917, 4911, 4909, -1,
          4917, 4916, 4911, -1,
          4918, 4909, 4907, -1,
          4918, 4917, 4909, -1,
          4919, 4907, 4906, -1,
          4919, 4918, 4907, -1,
          4920, 4906, 4903, -1,
          4920, 4919, 4906, -1,
          4921, 4903, 4902, -1,
          4921, 4902, 4900, -1,
          4921, 4920, 4903, -1,
          4922, 4921, 4900, -1,
          4923, 4900, 4898, -1,
          4923, 4922, 4900, -1,
          4924, 4898, 4896, -1,
          4924, 4923, 4898, -1,
          4925, 4896, 4892, -1,
          4925, 4924, 4896, -1,
          4926, 4892, 4888, -1,
          4926, 4925, 4892, -1,
          4927, 4888, 4884, -1,
          4927, 4926, 4888, -1,
          4928, 4884, 4882, -1,
          4928, 4882, 4887, -1,
          4928, 4927, 4884, -1,
          4929, 4928, 4887, -1,
          4930, 4929, 4887, -1,
          4930, 4887, 4891, -1,
          4931, 4930, 4891, -1,
          4931, 4891, 4895, -1,
          3285, 4931, 4895, -1,
          3285, 4895, 3283, -1,
          4932, 4919, 4933, -1,
          4934, 4918, 4932, -1,
          4932, 4918, 4919, -1,
          4933, 4920, 4935, -1,
          4919, 4920, 4933, -1,
          4934, 4917, 4918, -1,
          4935, 4921, 4936, -1,
          4920, 4921, 4935, -1,
          4937, 4916, 4934, -1,
          4934, 4916, 4917, -1,
          4936, 4922, 4938, -1,
          4921, 4922, 4936, -1,
          4939, 4915, 4937, -1,
          4937, 4915, 4916, -1,
          4938, 4923, 4940, -1,
          4922, 4923, 4938, -1,
          3281, 3318, 4939, -1,
          4939, 3318, 4915, -1,
          3281, 3280, 3318, -1,
          4923, 4924, 4940, -1,
          4940, 4924, 4941, -1,
          3280, 3316, 3318, -1,
          4924, 4925, 4941, -1,
          4941, 4925, 4942, -1,
          3279, 3314, 3280, -1,
          3280, 3314, 3316, -1,
          3279, 3278, 3314, -1,
          4942, 4926, 4943, -1,
          4925, 4926, 4942, -1,
          3278, 3313, 3314, -1,
          4943, 4927, 4944, -1,
          4926, 4927, 4943, -1,
          3277, 3311, 3278, -1,
          3278, 3311, 3313, -1,
          4927, 4928, 4944, -1,
          4928, 4945, 4944, -1,
          3277, 3276, 3311, -1,
          3311, 3276, 3308, -1,
          4929, 4946, 4928, -1,
          4928, 4946, 4945, -1,
          3276, 3275, 3308, -1,
          3308, 3275, 3306, -1,
          4930, 4947, 4929, -1,
          4929, 4947, 4946, -1,
          3275, 3274, 3306, -1,
          3306, 3274, 3304, -1,
          4930, 4931, 4947, -1,
          4931, 4948, 4947, -1,
          3274, 3273, 3304, -1,
          3304, 3273, 3302, -1,
          3285, 3263, 4931, -1,
          4931, 3263, 4948, -1,
          3302, 3272, 3300, -1,
          3273, 3272, 3302, -1,
          3272, 3299, 3300, -1,
          3282, 3264, 3285, -1,
          3285, 3264, 3263, -1,
          3272, 3271, 3299, -1,
          3286, 3265, 3282, -1,
          3282, 3265, 3264, -1,
          3299, 3270, 3296, -1,
          3271, 3270, 3299, -1,
          3288, 3266, 3286, -1,
          3286, 3266, 3265, -1,
          3270, 3269, 3296, -1,
          3296, 3269, 3294, -1,
          3290, 3267, 3288, -1,
          3292, 3267, 3290, -1,
          3288, 3267, 3266, -1,
          3269, 3268, 3294, -1,
          3292, 3268, 3267, -1,
          3294, 3268, 3292, -1,
          3038, 3281, 4939, -1,
          4949, 4939, 4937, -1,
          4949, 3038, 4939, -1,
          4950, 4937, 4934, -1,
          4950, 4949, 4937, -1,
          4951, 4934, 4932, -1,
          4951, 4950, 4934, -1,
          4952, 4932, 4933, -1,
          4952, 4951, 4932, -1,
          4953, 4933, 4935, -1,
          4953, 4952, 4933, -1,
          4954, 4935, 4936, -1,
          4954, 4953, 4935, -1,
          4955, 4936, 4938, -1,
          4955, 4954, 4936, -1,
          4956, 4938, 4940, -1,
          4956, 4955, 4938, -1,
          4957, 4940, 4941, -1,
          4957, 4956, 4940, -1,
          4958, 4941, 4942, -1,
          4958, 4957, 4941, -1,
          4959, 4942, 4943, -1,
          4959, 4958, 4942, -1,
          4960, 4959, 4943, -1,
          4961, 4943, 4944, -1,
          4961, 4944, 4945, -1,
          4961, 4960, 4943, -1,
          4962, 4945, 4946, -1,
          4962, 4961, 4945, -1,
          4963, 4962, 4946, -1,
          4963, 4946, 4947, -1,
          4964, 4963, 4947, -1,
          4964, 4947, 4948, -1,
          4965, 4964, 4948, -1,
          3071, 4965, 4948, -1,
          3071, 4948, 3263, -1,
          4966, 3176, 4967, -1,
          4968, 3177, 4966, -1,
          4966, 3177, 3176, -1,
          4967, 3173, 4969, -1,
          3176, 3173, 4967, -1,
          4968, 3180, 3177, -1,
          4968, 4970, 3180, -1,
          4969, 3171, 4971, -1,
          3173, 3171, 4969, -1,
          4970, 3182, 3180, -1,
          4970, 4972, 3182, -1,
          4971, 3170, 4973, -1,
          3171, 3170, 4971, -1,
          4972, 3183, 3182, -1,
          4972, 3072, 3183, -1,
          4973, 3168, 4974, -1,
          3170, 3168, 4973, -1,
          3072, 3185, 3183, -1,
          3072, 3070, 3185, -1,
          4974, 3166, 4975, -1,
          3168, 3166, 4974, -1,
          3070, 4976, 3185, -1,
          3070, 3067, 4976, -1,
          3166, 3164, 4975, -1,
          4975, 3164, 4977, -1,
          3067, 4978, 4976, -1,
          3067, 3065, 4978, -1,
          3164, 3162, 4977, -1,
          4977, 3162, 4979, -1,
          3065, 4980, 4978, -1,
          3065, 3064, 4980, -1,
          4979, 3160, 4981, -1,
          3162, 3160, 4979, -1,
          3064, 4982, 4980, -1,
          3160, 3158, 4981, -1,
          3064, 3062, 4982, -1,
          4982, 3062, 4983, -1,
          3158, 4984, 4981, -1,
          4983, 3060, 4985, -1,
          3062, 3060, 4983, -1,
          3158, 4986, 4984, -1,
          3156, 4986, 3158, -1,
          3156, 3154, 4986, -1,
          4985, 3058, 4987, -1,
          3060, 3058, 4985, -1,
          3154, 4988, 4986, -1,
          3154, 3152, 4988, -1,
          4987, 3056, 4989, -1,
          3058, 3056, 4987, -1,
          3152, 4990, 4988, -1,
          4989, 3054, 4991, -1,
          3056, 3054, 4989, -1,
          3149, 3036, 3152, -1,
          3152, 3036, 4990, -1,
          3149, 4992, 3036, -1,
          4991, 3052, 4993, -1,
          3054, 3052, 4991, -1,
          4992, 3037, 3036, -1,
          4992, 4994, 3037, -1,
          4993, 3050, 4995, -1,
          3052, 3050, 4993, -1,
          4994, 3040, 3037, -1,
          4994, 4996, 3040, -1,
          4995, 3048, 4997, -1,
          3050, 3048, 4995, -1,
          4996, 3042, 3040, -1,
          3048, 3046, 4997, -1,
          4997, 3046, 4998, -1,
          4996, 3044, 3042, -1,
          3046, 3044, 4998, -1,
          4999, 3044, 4996, -1,
          4998, 3044, 4999, -1,
          3186, 5000, 3262, -1,
          3262, 5000, 5001, -1,
          5001, 5002, 5003, -1,
          5000, 5002, 5001, -1,
          5003, 5004, 5005, -1,
          5002, 5004, 5003, -1,
          5005, 5006, 5007, -1,
          5004, 5006, 5005, -1,
          5007, 5008, 5009, -1,
          5006, 5008, 5007, -1,
          5009, 5010, 5011, -1,
          5008, 5010, 5009, -1,
          5011, 5012, 5013, -1,
          5010, 5012, 5011, -1,
          5013, 5014, 5015, -1,
          5012, 5014, 5013, -1,
          5015, 5016, 5017, -1,
          5014, 5016, 5015, -1,
          5017, 5018, 5019, -1,
          5016, 5018, 5017, -1,
          5019, 5020, 5021, -1,
          5018, 5020, 5019, -1,
          5021, 5022, 5023, -1,
          5020, 5022, 5021, -1,
          5023, 5024, 5025, -1,
          5022, 5024, 5023, -1,
          5025, 5026, 5027, -1,
          5024, 5026, 5025, -1,
          5026, 5028, 5027, -1,
          5027, 5028, 5029, -1,
          5028, 5030, 5029, -1,
          5029, 5030, 5031, -1,
          5030, 5032, 5031, -1,
          5031, 5032, 5033, -1,
          5032, 3151, 5033, -1,
          5033, 3151, 3244, -1,
          3214, 3248, 3216, -1,
          3216, 3248, 3249, -1,
          3216, 3250, 3218, -1,
          3249, 3250, 3216, -1,
          3212, 3247, 3214, -1,
          3214, 3247, 3248, -1,
          3218, 3251, 3220, -1,
          3250, 3251, 3218, -1,
          3210, 3246, 3212, -1,
          3212, 3246, 3247, -1,
          3220, 3252, 3222, -1,
          3251, 3252, 3220, -1,
          3207, 3245, 3210, -1,
          3210, 3245, 3246, -1,
          3252, 3253, 3222, -1,
          3222, 3253, 3224, -1,
          3206, 3244, 3207, -1,
          3207, 3244, 3245, -1,
          3253, 3254, 3224, -1,
          3224, 3254, 3226, -1,
          3206, 5033, 3244, -1,
          5034, 5033, 3206, -1,
          5034, 5035, 5033, -1,
          3226, 3255, 3228, -1,
          3254, 3255, 3226, -1,
          5035, 5031, 5033, -1,
          3228, 3256, 3230, -1,
          3255, 3256, 3228, -1,
          5036, 5029, 5035, -1,
          5035, 5029, 5031, -1,
          3230, 3257, 3232, -1,
          3256, 3257, 3230, -1,
          5036, 5027, 5029, -1,
          5037, 5027, 5036, -1,
          5037, 5025, 5027, -1,
          3257, 3234, 3232, -1,
          3258, 3234, 3257, -1,
          5037, 5038, 5025, -1,
          3258, 3259, 3234, -1,
          3259, 3237, 3234, -1,
          5038, 5039, 5025, -1,
          5025, 5039, 5023, -1,
          3260, 3238, 3259, -1,
          3259, 3238, 3237, -1,
          5039, 5040, 5023, -1,
          5023, 5040, 5021, -1,
          3260, 3261, 3238, -1,
          5040, 5019, 5021, -1,
          3261, 3240, 3238, -1,
          5040, 5041, 5019, -1,
          3262, 3242, 3261, -1,
          3261, 3242, 3240, -1,
          5019, 5042, 5017, -1,
          5041, 5042, 5019, -1,
          5001, 5043, 3262, -1,
          3262, 5043, 3242, -1,
          5017, 5044, 5015, -1,
          5042, 5044, 5017, -1,
          5013, 5045, 5011, -1,
          5015, 5045, 5013, -1,
          5044, 5045, 5015, -1,
          5003, 5046, 5001, -1,
          5005, 5046, 5003, -1,
          5001, 5046, 5043, -1,
          5005, 5047, 5046, -1,
          5045, 5048, 5011, -1,
          5005, 5049, 5047, -1,
          5007, 5049, 5005, -1,
          5007, 5050, 5049, -1,
          5048, 5050, 5011, -1,
          5009, 5050, 5007, -1,
          5011, 5050, 5009, -1,
          3242, 5043, 3243, -1,
          3243, 5043, 5051, -1,
          5051, 5046, 5052, -1,
          5043, 5046, 5051, -1,
          5052, 5047, 5053, -1,
          5046, 5047, 5052, -1,
          5053, 5049, 5054, -1,
          5047, 5049, 5053, -1,
          5054, 5050, 5055, -1,
          5049, 5050, 5054, -1,
          5055, 5048, 5056, -1,
          5050, 5048, 5055, -1,
          5056, 5045, 5057, -1,
          5048, 5045, 5056, -1,
          5057, 5044, 5058, -1,
          5045, 5044, 5057, -1,
          5058, 5042, 5059, -1,
          5044, 5042, 5058, -1,
          5059, 5041, 5060, -1,
          5042, 5041, 5059, -1,
          5060, 5040, 5061, -1,
          5061, 5040, 5062, -1,
          5041, 5040, 5060, -1,
          5040, 5039, 5062, -1,
          5062, 5038, 5063, -1,
          5039, 5038, 5062, -1,
          5063, 5037, 5064, -1,
          5064, 5037, 5065, -1,
          5038, 5037, 5063, -1,
          5037, 5036, 5065, -1,
          5036, 5035, 5065, -1,
          5065, 5035, 5066, -1,
          5035, 5034, 5066, -1,
          5066, 5034, 5067, -1,
          5034, 3206, 5067, -1,
          5067, 3206, 3208, -1,
          3236, 3201, 3235, -1,
          3233, 3200, 3231, -1,
          3235, 3200, 3233, -1,
          3201, 3200, 3235, -1,
          3236, 3202, 3201, -1,
          3200, 3199, 3231, -1,
          3239, 3203, 3236, -1,
          3236, 3203, 3202, -1,
          3231, 3198, 3229, -1,
          3199, 3198, 3231, -1,
          3241, 3204, 3239, -1,
          3239, 3204, 3203, -1,
          3229, 3197, 3227, -1,
          3198, 3197, 3229, -1,
          3243, 3205, 3241, -1,
          3241, 3205, 3204, -1,
          3227, 3196, 3225, -1,
          3197, 3196, 3227, -1,
          3243, 5068, 3205, -1,
          5051, 5068, 3243, -1,
          3196, 3195, 3225, -1,
          3225, 3195, 3223, -1,
          5051, 5069, 5068, -1,
          5052, 5069, 5051, -1,
          3223, 3194, 3221, -1,
          3195, 3194, 3223, -1,
          3194, 3219, 3221, -1,
          5053, 5070, 5052, -1,
          5052, 5070, 5069, -1,
          3194, 3193, 3219, -1,
          5054, 5071, 5053, -1,
          5053, 5071, 5070, -1,
          3219, 3192, 3217, -1,
          3193, 3192, 3219, -1,
          3192, 3191, 3217, -1,
          5054, 5055, 5071, -1,
          5071, 5055, 5072, -1,
          3191, 3215, 3217, -1,
          3191, 3190, 3215, -1,
          5055, 5056, 5072, -1,
          5072, 5056, 5073, -1,
          3190, 3213, 3215, -1,
          5056, 5057, 5073, -1,
          5073, 5057, 5074, -1,
          3189, 3211, 3190, -1,
          3190, 3211, 3213, -1,
          5057, 5075, 5074, -1,
          5057, 5058, 5075, -1,
          3188, 3209, 3189, -1,
          3189, 3209, 3211, -1,
          5075, 5059, 5076, -1,
          5058, 5059, 5075, -1,
          3187, 3208, 3188, -1,
          3188, 3208, 3209, -1,
          5059, 5060, 5076, -1,
          5076, 5060, 5077, -1,
          5078, 5067, 3187, -1,
          3187, 5067, 3208, -1,
          5077, 5061, 5079, -1,
          5060, 5061, 5077, -1,
          5080, 5066, 5078, -1,
          5078, 5066, 5067, -1,
          5061, 5081, 5079, -1,
          5082, 5065, 5080, -1,
          5080, 5065, 5066, -1,
          5061, 5062, 5081, -1,
          5083, 5064, 5084, -1,
          5084, 5064, 5082, -1,
          5082, 5064, 5065, -1,
          5083, 5063, 5064, -1,
          5062, 5063, 5081, -1,
          5081, 5063, 5083, -1,
          3205, 5068, 2999, -1,
          2999, 5068, 5085, -1,
          5085, 5069, 5086, -1,
          5068, 5069, 5085, -1,
          5086, 5070, 5087, -1,
          5069, 5070, 5086, -1,
          5087, 5071, 5088, -1,
          5070, 5071, 5087, -1,
          5088, 5072, 5089, -1,
          5071, 5072, 5088, -1,
          5089, 5073, 5090, -1,
          5072, 5073, 5089, -1,
          5090, 5074, 5091, -1,
          5073, 5074, 5090, -1,
          5091, 5075, 5092, -1,
          5074, 5075, 5091, -1,
          5092, 5076, 5093, -1,
          5075, 5076, 5092, -1,
          5093, 5077, 5094, -1,
          5076, 5077, 5093, -1,
          5094, 5079, 5095, -1,
          5077, 5079, 5094, -1,
          5095, 5081, 5096, -1,
          5079, 5081, 5095, -1,
          5096, 5083, 5097, -1,
          5081, 5083, 5096, -1,
          5097, 5084, 5098, -1,
          5083, 5084, 5097, -1,
          5084, 5082, 5098, -1,
          5098, 5082, 5099, -1,
          5082, 5080, 5099, -1,
          5099, 5080, 5100, -1,
          5080, 5078, 5100, -1,
          5100, 5078, 5101, -1,
          5078, 3187, 5101, -1,
          5101, 3187, 3034, -1,
          3185, 5000, 3186, -1,
          3185, 4976, 5000, -1,
          4976, 5002, 5000, -1,
          4976, 4978, 5002, -1,
          4978, 5004, 5002, -1,
          4978, 4980, 5004, -1,
          4980, 5006, 5004, -1,
          4980, 4982, 5006, -1,
          4982, 5008, 5006, -1,
          4982, 4983, 5008, -1,
          4983, 5010, 5008, -1,
          4983, 4985, 5010, -1,
          4985, 5012, 5010, -1,
          4985, 4987, 5012, -1,
          4987, 5014, 5012, -1,
          4987, 4989, 5014, -1,
          4989, 5016, 5014, -1,
          4989, 4991, 5016, -1,
          4991, 5018, 5016, -1,
          4991, 4993, 5018, -1,
          4993, 5020, 5018, -1,
          4993, 4995, 5020, -1,
          4995, 5022, 5020, -1,
          4995, 4997, 5022, -1,
          5022, 4998, 5024, -1,
          4997, 4998, 5022, -1,
          5024, 4999, 5026, -1,
          4998, 4999, 5024, -1,
          4999, 5028, 5026, -1,
          4999, 4996, 5028, -1,
          4996, 4994, 5028, -1,
          5028, 4994, 5030, -1,
          4994, 4992, 5030, -1,
          5030, 4992, 5032, -1,
          4992, 3151, 5032, -1,
          4992, 3149, 3151, -1,
          4532, 3147, 3148, -1,
          4532, 3148, 4894, -1,
          4530, 4894, 4890, -1,
          4530, 4532, 4894, -1,
          4527, 4890, 4886, -1,
          4527, 4530, 4890, -1,
          4526, 4886, 4881, -1,
          4526, 4527, 4886, -1,
          4523, 4881, 4883, -1,
          4523, 4526, 4881, -1,
          4512, 4883, 4885, -1,
          4512, 4523, 4883, -1,
          4438, 4885, 4889, -1,
          4438, 4512, 4885, -1,
          4344, 4889, 4893, -1,
          4344, 4438, 4889, -1,
          4277, 4893, 4897, -1,
          4277, 4344, 4893, -1,
          4163, 4897, 4899, -1,
          4163, 4277, 4897, -1,
          4005, 4899, 4901, -1,
          4005, 4163, 4899, -1,
          3841, 4901, 4904, -1,
          3841, 4005, 4901, -1,
          3713, 4904, 4905, -1,
          3713, 3841, 4904, -1,
          3647, 4905, 4908, -1,
          3647, 3713, 4905, -1,
          3645, 4908, 4910, -1,
          3645, 3647, 4908, -1,
          3643, 3645, 4910, -1,
          3643, 4910, 4912, -1,
          3641, 4912, 4914, -1,
          3641, 3643, 4912, -1,
          3114, 4914, 3112, -1,
          3114, 3641, 4914, -1,
          3640, 3109, 3110, -1,
          3640, 3110, 4853, -1,
          3642, 4853, 4851, -1,
          3642, 3640, 4853, -1,
          3644, 4851, 4849, -1,
          3644, 3642, 4851, -1,
          3646, 4849, 4847, -1,
          3646, 3644, 4849, -1,
          3650, 4847, 4848, -1,
          3650, 3646, 4847, -1,
          3663, 4848, 4850, -1,
          3663, 3650, 4848, -1,
          3795, 4850, 4852, -1,
          3795, 3663, 4850, -1,
          3874, 4852, 4854, -1,
          3874, 3795, 4852, -1,
          4041, 4854, 4855, -1,
          4041, 3874, 4854, -1,
          4176, 4855, 4856, -1,
          4176, 4041, 4855, -1,
          4290, 4856, 4858, -1,
          4290, 4176, 4856, -1,
          4343, 4858, 4860, -1,
          4343, 4290, 4858, -1,
          4503, 4860, 4862, -1,
          4503, 4343, 4860, -1,
          4511, 4862, 4865, -1,
          4511, 4503, 4862, -1,
          4528, 4865, 4867, -1,
          4528, 4511, 4865, -1,
          4529, 4528, 4867, -1,
          4529, 4867, 4869, -1,
          4531, 4869, 4871, -1,
          4531, 4529, 4869, -1,
          3076, 4871, 3074, -1,
          3076, 4531, 4871, -1,
          4965, 3071, 3072, -1,
          4965, 3072, 4972, -1,
          4964, 4972, 4970, -1,
          4964, 4965, 4972, -1,
          4963, 4970, 4968, -1,
          4963, 4964, 4970, -1,
          4962, 4968, 4966, -1,
          4962, 4963, 4968, -1,
          4961, 4966, 4967, -1,
          4961, 4962, 4966, -1,
          4960, 4967, 4969, -1,
          4960, 4961, 4967, -1,
          4959, 4969, 4971, -1,
          4959, 4960, 4969, -1,
          4958, 4971, 4973, -1,
          4958, 4959, 4971, -1,
          4957, 4973, 4974, -1,
          4957, 4958, 4973, -1,
          4956, 4974, 4975, -1,
          4956, 4957, 4974, -1,
          4955, 4975, 4977, -1,
          4955, 4956, 4975, -1,
          4954, 4977, 4979, -1,
          4954, 4955, 4977, -1,
          4953, 4979, 4981, -1,
          4953, 4954, 4979, -1,
          4952, 4981, 4984, -1,
          4952, 4953, 4981, -1,
          4951, 4984, 4986, -1,
          4951, 4952, 4984, -1,
          4950, 4951, 4986, -1,
          4950, 4986, 4988, -1,
          4949, 4988, 4990, -1,
          4949, 4950, 4988, -1,
          3038, 4990, 3036, -1,
          3038, 4949, 4990, -1,
          3033, 5101, 3034, -1,
          3033, 4857, 5101, -1,
          4857, 5100, 5101, -1,
          4857, 4859, 5100, -1,
          4859, 5099, 5100, -1,
          4859, 4861, 5099, -1,
          4861, 5098, 5099, -1,
          4861, 4863, 5098, -1,
          4863, 5097, 5098, -1,
          4863, 4864, 5097, -1,
          4864, 5096, 5097, -1,
          4864, 4866, 5096, -1,
          4866, 5095, 5096, -1,
          4866, 4868, 5095, -1,
          4868, 5094, 5095, -1,
          4868, 4870, 5094, -1,
          4870, 5093, 5094, -1,
          4870, 4872, 5093, -1,
          4872, 5092, 5093, -1,
          4872, 4874, 5092, -1,
          4874, 5091, 5092, -1,
          4874, 4875, 5091, -1,
          4875, 5090, 5091, -1,
          4875, 4878, 5090, -1,
          4878, 5089, 5090, -1,
          4878, 4879, 5089, -1,
          4879, 5088, 5089, -1,
          4879, 4880, 5088, -1,
          4880, 5087, 5088, -1,
          4880, 4877, 5087, -1,
          4877, 5086, 5087, -1,
          4877, 4876, 5086, -1,
          4876, 4873, 5086, -1,
          5086, 4873, 5085, -1,
          4873, 2999, 5085, -1,
          4873, 2997, 2999, -1
        ]
      }
    }
}
