#VRML V2.0 utf8
WorldInfo {
  title "Exported triangle mesh to VRML97"
  info ["Created by FreeCAD"
        "<https://www.freecad.org>"]
}

Transform {
  scale 1 1 1
  rotation 0 0 1 0
  scaleOrientation 0 0 1 0
  center 0.000 0.000 0.000
  translation 0.000 0.000 0.000
  children
    Shape { 
      appearance
      Appearance {
        material
        Material {
          diffuseColor 0.8 0.8 0.8
        }
      }
      geometry
      IndexedFaceSet {
        coord
        Coordinate {
          point [
            1.577 28.819 22.922,
            0.954 29.050 22.674,
            0.954 28.834 22.922,
            1.587 29.035 22.674,
            2.197 28.772 22.922,
            2.219 28.987 22.674,
            2.815 28.695 22.922,
            2.847 28.908 22.674,
            3.428 28.587 22.922,
            3.471 28.798 22.674,
            4.035 28.448 22.922,
            4.088 28.658 22.674,
            4.634 28.280 22.922,
            4.698 28.486 22.674,
            5.224 28.082 22.922,
            5.298 28.284 22.674,
            5.804 27.854 22.922,
            5.887 28.053 22.674,
            6.371 27.598 22.922,
            6.465 27.793 22.674,
            6.925 27.314 22.922,
            7.028 27.504 22.674,
            7.464 27.003 22.922,
            7.577 27.187 22.674,
            7.987 26.665 22.922,
            8.109 26.844 22.674,
            8.492 26.302 22.922,
            8.623 26.474 22.674,
            8.979 25.914 22.922,
            9.118 26.079 22.674,
            9.446 25.502 22.922,
            9.593 25.660 22.674,
            9.891 25.067 22.922,
            10.046 25.218 22.674,
            10.315 24.611 22.922,
            10.477 24.754 22.674,
            10.715 24.134 22.922,
            10.884 24.269 22.674,
            11.091 23.638 22.922,
            11.266 23.764 22.674,
            11.441 23.124 22.922,
            11.623 23.241 22.674,
            11.766 22.592 22.922,
            11.953 22.700 22.674,
            12.064 22.046 22.922,
            12.256 22.144 22.674,
            12.334 21.485 22.922,
            12.530 21.574 22.674,
            12.576 20.911 22.922,
            12.776 20.990 22.674,
            12.788 20.326 22.922,
            12.993 20.395 22.674,
            12.972 19.732 22.922,
            13.180 19.790 22.674,
            13.125 19.128 22.922,
            13.336 19.176 22.674,
            13.249 18.518 22.922,
            13.461 18.556 22.674,
            13.342 17.903 22.922,
            13.556 17.929 22.674,
            13.404 17.283 22.922,
            13.619 17.299 22.674,
            13.650 16.667 22.674,
            13.435 16.662 22.922,
            13.435 16.039 22.922,
            13.650 16.034 22.674,
            13.404 15.417 22.922,
            13.619 15.401 22.674,
            13.342 14.798 22.922,
            13.556 14.771 22.674,
            13.249 14.182 22.922,
            13.461 14.145 22.674,
            13.125 13.572 22.922,
            13.336 13.524 22.674,
            12.972 12.969 22.922,
            13.180 12.911 22.674,
            12.788 12.374 22.922,
            12.993 12.306 22.674,
            12.776 11.710 22.674,
            12.576 11.789 22.922,
            12.334 11.216 22.922,
            12.530 11.127 22.674,
            12.064 10.655 22.922,
            12.256 10.556 22.674,
            11.766 10.108 22.922,
            11.953 10.000 22.674,
            11.441 9.577 22.922,
            11.623 9.460 22.674,
            11.266 8.937 22.674,
            11.091 9.063 22.922,
            10.884 8.432 22.674,
            10.715 8.567 22.922,
            10.315 8.090 22.922,
            10.477 7.947 22.674,
            10.046 7.483 22.674,
            9.891 7.633 22.922,
            9.593 7.041 22.674,
            9.446 7.199 22.922,
            8.979 6.787 22.922,
            9.118 6.622 22.674,
            8.623 6.227 22.674,
            8.492 6.399 22.922,
            7.987 6.035 22.922,
            8.109 5.857 22.674,
            7.464 5.698 22.922,
            7.577 5.513 22.674,
            7.028 5.197 22.674,
            6.925 5.386 22.922,
            6.465 4.908 22.674,
            6.371 5.102 22.922,
            5.887 4.648 22.674,
            5.804 4.846 22.922,
            5.298 4.416 22.674,
            5.224 4.619 22.922,
            4.698 4.215 22.674,
            4.634 4.421 22.922,
            4.088 4.043 22.674,
            4.035 4.252 22.922,
            3.471 3.902 22.674,
            3.428 4.114 22.922,
            2.847 3.792 22.674,
            2.815 4.006 22.922,
            2.219 3.713 22.674,
            2.197 3.928 22.922,
            1.587 3.666 22.674,
            1.577 3.882 22.922,
            0.954 3.650 22.674,
            0.954 3.866 22.922,
            1.577 3.882 20.865,
            0.954 3.650 21.112,
            0.954 3.866 20.865,
            1.587 3.666 21.112,
            2.197 3.928 20.865,
            2.219 3.713 21.112,
            2.815 4.006 20.865,
            2.847 3.792 21.112,
            3.428 4.114 20.865,
            3.471 3.902 21.112,
            4.035 4.252 20.865,
            4.088 4.043 21.112,
            4.634 4.421 20.865,
            4.698 4.215 21.112,
            5.224 4.619 20.865,
            5.298 4.416 21.112,
            5.804 4.846 20.865,
            5.887 4.648 21.112,
            6.371 5.102 20.865,
            6.465 4.908 21.112,
            6.925 5.386 20.865,
            7.028 5.197 21.112,
            7.464 5.698 20.865,
            7.577 5.513 21.112,
            7.987 6.035 20.865,
            8.109 5.857 21.112,
            8.492 6.399 20.865,
            8.623 6.227 21.112,
            8.979 6.787 20.865,
            9.118 6.622 21.112,
            9.446 7.199 20.865,
            9.593 7.041 21.112,
            9.891 7.633 20.865,
            10.046 7.483 21.112,
            10.315 8.090 20.865,
            10.477 7.947 21.112,
            10.715 8.567 20.865,
            10.884 8.432 21.112,
            11.091 9.063 20.865,
            11.266 8.937 21.112,
            11.441 9.577 20.865,
            11.623 9.460 21.112,
            11.766 10.108 20.865,
            11.953 10.000 21.112,
            12.064 10.655 20.865,
            12.256 10.556 21.112,
            12.334 11.216 20.865,
            12.530 11.127 21.112,
            12.576 11.789 20.865,
            12.776 11.710 21.112,
            12.788 12.374 20.865,
            12.993 12.306 21.112,
            12.972 12.969 20.865,
            13.180 12.911 21.112,
            13.125 13.572 20.865,
            13.336 13.524 21.112,
            13.249 14.182 20.865,
            13.461 14.145 21.112,
            13.342 14.798 20.865,
            13.556 14.771 21.112,
            13.404 15.417 20.865,
            13.619 15.401 21.112,
            13.435 16.039 20.865,
            13.650 16.034 21.112,
            13.435 16.662 20.865,
            13.650 16.667 21.112,
            13.404 17.283 20.865,
            13.619 17.299 21.112,
            13.342 17.903 20.865,
            13.556 17.929 21.112,
            13.461 18.556 21.112,
            13.249 18.518 20.865,
            13.125 19.128 20.865,
            13.336 19.176 21.112,
            12.972 19.732 20.865,
            13.180 19.790 21.112,
            12.788 20.326 20.865,
            12.993 20.395 21.112,
            12.776 20.990 21.112,
            12.576 20.911 20.865,
            12.334 21.485 20.865,
            12.530 21.574 21.112,
            12.256 22.144 21.112,
            12.064 22.046 20.865,
            11.766 22.592 20.865,
            11.953 22.700 21.112,
            11.441 23.124 20.865,
            11.623 23.241 21.112,
            11.266 23.764 21.112,
            11.091 23.638 20.865,
            10.884 24.269 21.112,
            10.715 24.134 20.865,
            10.477 24.754 21.112,
            10.315 24.611 20.865,
            9.891 25.067 20.865,
            10.046 25.218 21.112,
            9.446 25.502 20.865,
            9.593 25.660 21.112,
            8.979 25.914 20.865,
            9.118 26.079 21.112,
            8.623 26.474 21.112,
            8.492 26.302 20.865,
            7.987 26.665 20.865,
            8.109 26.844 21.112,
            7.464 27.003 20.865,
            7.577 27.187 21.112,
            7.028 27.504 21.112,
            6.925 27.314 20.865,
            6.465 27.793 21.112,
            6.371 27.598 20.865,
            5.887 28.053 21.112,
            5.804 27.854 20.865,
            5.224 28.082 20.865,
            5.298 28.284 21.112,
            4.698 28.486 21.112,
            4.634 28.280 20.865,
            4.088 28.658 21.112,
            4.035 28.448 20.865,
            3.428 28.587 20.865,
            3.471 28.798 21.112,
            2.847 28.908 21.112,
            2.815 28.695 20.865,
            2.219 28.987 21.112,
            2.197 28.772 20.865,
            1.577 28.819 20.865,
            1.587 29.035 21.112,
            0.954 29.050 21.112,
            0.954 28.834 20.865,
            0.954 24.688 20.389,
            -1.519 28.587 20.865,
            -0.906 28.695 20.865,
            -0.289 28.772 20.865,
            0.332 28.819 20.865,
            0.332 3.882 20.865,
            0.954 8.013 20.389,
            -0.289 3.928 20.865,
            -0.906 4.006 20.865,
            -1.519 4.114 20.865,
            -3.217 26.338 20.651,
            -6.584 26.302 20.865,
            -6.078 26.665 20.865,
            -5.555 27.003 20.865,
            -5.016 27.314 20.865,
            -4.462 27.598 20.865,
            -3.895 27.854 20.865,
            -3.315 28.082 20.865,
            -2.725 28.280 20.865,
            -2.126 28.448 20.865,
            -3.217 21.352 20.241,
            0.954 20.523 20.104,
            -7.380 23.825 20.696,
            -9.857 22.592 20.865,
            -9.533 23.124 20.865,
            -9.182 23.638 20.865,
            -8.806 24.134 20.865,
            -8.406 24.611 20.865,
            -7.983 25.067 20.865,
            -7.537 25.502 20.865,
            -7.070 25.914 20.865,
            -3.217 16.350 20.104,
            0.954 16.350 20.008,
            0.954 12.177 20.104,
            -7.380 18.844 20.423,
            -11.526 16.662 20.865,
            -11.495 17.283 20.865,
            -11.433 17.903 20.865,
            -11.340 18.518 20.865,
            -11.217 19.128 20.865,
            -11.063 19.732 20.865,
            -10.880 20.326 20.865,
            -10.667 20.911 20.865,
            -10.425 21.485 20.865,
            -10.155 22.046 20.865,
            -3.217 11.349 20.241,
            -7.380 13.856 20.423,
            -9.857 10.108 20.865,
            -10.155 10.655 20.865,
            -10.425 11.216 20.865,
            -10.667 11.789 20.865,
            -10.880 12.374 20.865,
            -11.063 12.969 20.865,
            -11.217 13.572 20.865,
            -11.340 14.182 20.865,
            -11.433 14.798 20.865,
            -11.495 15.417 20.865,
            -11.526 16.039 20.865,
            -3.217 6.362 20.651,
            -2.126 4.252 20.865,
            -2.725 4.421 20.865,
            -3.315 4.619 20.865,
            -3.895 4.846 20.865,
            -4.462 5.102 20.865,
            -5.016 5.386 20.865,
            -5.555 5.698 20.865,
            -6.078 6.035 20.865,
            -6.584 6.399 20.865,
            -7.380 8.876 20.696,
            -7.070 6.787 20.865,
            -7.537 7.199 20.865,
            -7.983 7.633 20.865,
            -8.406 8.090 20.865,
            -8.806 8.567 20.865,
            -9.182 9.063 20.865,
            -9.533 9.577 20.865,
            0.954 8.013 23.397,
            -1.519 4.114 22.922,
            -0.906 4.006 22.922,
            -0.289 3.928 22.922,
            0.332 3.882 22.922,
            0.332 28.819 22.922,
            0.954 24.688 23.397,
            -0.289 28.772 22.922,
            -0.906 28.695 22.922,
            -1.519 28.587 22.922,
            -3.217 6.362 23.135,
            -6.584 6.399 22.922,
            -6.078 6.035 22.922,
            -5.555 5.698 22.922,
            -5.016 5.386 22.922,
            -4.462 5.102 22.922,
            -3.895 4.846 22.922,
            -3.315 4.619 22.922,
            -2.725 4.421 22.922,
            -2.126 4.252 22.922,
            -3.217 11.349 23.546,
            0.954 12.177 23.683,
            -7.380 8.876 23.090,
            -9.857 10.108 22.922,
            -9.533 9.577 22.922,
            -9.182 9.063 22.922,
            -8.806 8.567 22.922,
            -8.406 8.090 22.922,
            -7.983 7.633 22.922,
            -7.537 7.199 22.922,
            -7.070 6.787 22.922,
            -3.217 16.350 23.683,
            0.954 16.350 23.778,
            0.954 20.523 23.683,
            -7.380 13.856 23.363,
            -11.526 16.662 22.922,
            -11.526 16.039 22.922,
            -11.495 15.417 22.922,
            -11.433 14.798 22.922,
            -11.340 14.182 22.922,
            -11.217 13.572 22.922,
            -11.063 12.969 22.922,
            -10.880 12.374 22.922,
            -10.667 11.789 22.922,
            -10.425 11.216 22.922,
            -10.155 10.655 22.922,
            -3.217 21.352 23.546,
            -7.380 18.844 23.363,
            -9.857 22.592 22.922,
            -10.155 22.046 22.922,
            -10.425 21.485 22.922,
            -10.667 20.911 22.922,
            -10.880 20.326 22.922,
            -11.063 19.732 22.922,
            -11.217 19.128 22.922,
            -11.340 18.518 22.922,
            -11.433 17.903 22.922,
            -11.495 17.283 22.922,
            -3.217 26.338 23.135,
            -2.126 28.448 22.922,
            -2.725 28.280 22.922,
            -3.315 28.082 22.922,
            -3.895 27.854 22.922,
            -4.462 27.598 22.922,
            -5.016 27.314 22.922,
            -5.555 27.003 22.922,
            -6.078 26.665 22.922,
            -6.584 26.302 22.922,
            -7.380 23.825 23.090,
            -7.070 25.914 22.922,
            -7.537 25.502 22.922,
            -7.983 25.067 22.922,
            -8.406 24.611 22.922,
            -8.806 24.134 22.922,
            -9.182 23.638 22.922,
            -9.533 23.124 22.922,
            0.954 29.050 21.638,
            1.086 29.050 21.638,
            1.859 29.018 22.475,
            1.836 29.020 22.477,
            1.811 29.021 22.479,
            1.775 29.024 22.477,
            1.757 29.025 22.475,
            1.741 29.026 22.472,
            1.723 29.027 22.468,
            1.706 29.028 22.463,
            1.688 29.029 22.456,
            1.671 29.030 22.449,
            1.655 29.031 22.441,
            1.637 29.032 22.431,
            1.622 29.033 22.421,
            1.606 29.034 22.410,
            1.592 29.034 22.398,
            1.580 29.035 22.387,
            1.568 29.035 22.375,
            1.559 29.036 22.364,
            1.550 29.036 22.352,
            1.542 29.037 22.342,
            1.535 29.037 22.331,
            0.954 29.050 22.211,
            1.503 29.038 22.266,
            1.498 29.039 22.252,
            1.495 29.039 22.240,
            1.492 29.039 22.227,
            1.483 29.039 22.154,
            1.485 29.039 22.126,
            1.489 29.039 22.217,
            1.487 29.039 22.106,
            1.487 29.039 22.198,
            1.490 29.039 22.086,
            1.485 29.039 22.177,
            1.525 29.037 22.315,
            1.517 29.038 22.298,
            1.509 29.038 22.281,
            1.348 29.044 21.638,
            1.506 29.038 22.027,
            1.499 29.039 22.049,
            1.494 29.039 22.068,
            3.700 28.750 21.393,
            3.700 28.750 22.452,
            3.872 28.711 21.502,
            2.968 28.890 21.638,
            2.395 28.968 22.479,
            3.104 28.867 21.792,
            3.111 28.866 21.809,
            3.115 28.865 21.819,
            3.120 28.864 21.830,
            3.173 28.855 22.135,
            3.171 28.855 22.153,
            3.169 28.856 22.167,
            3.168 28.856 22.189,
            2.376 28.970 22.479,
            2.376 28.970 21.746,
            2.147 28.994 22.155,
            2.145 28.994 22.129,
            2.145 28.994 22.180,
            2.006 29.007 21.419,
            1.712 29.028 21.849,
            1.764 29.024 21.843,
            1.788 29.023 21.842,
            1.824 29.021 21.841,
            1.847 29.019 21.842,
            1.868 29.017 21.844,
            4.359 28.586 21.393,
            4.197 28.629 21.393,
            4.035 28.671 21.393,
            3.872 28.711 21.393,
            3.607 28.770 21.393,
            4.359 28.586 22.452,
            3.514 28.790 21.393,
            4.267 28.611 22.452,
            4.267 28.611 21.502,
            4.136 28.645 21.502,
            4.004 28.679 21.502,
            3.420 28.809 21.393,
            3.402 28.812 21.394,
            3.385 28.816 21.395,
            3.364 28.820 21.397,
            3.345 28.823 21.399,
            3.327 28.827 21.403,
            3.309 28.830 21.407,
            3.291 28.834 21.413,
            3.273 28.837 21.420,
            3.159 28.857 21.501,
            3.172 28.855 21.487,
            3.184 28.853 21.475,
            3.196 28.851 21.464,
            3.208 28.849 21.455,
            3.219 28.847 21.447,
            3.230 28.845 21.440,
            3.241 28.843 21.434,
            3.255 28.840 21.427,
            4.328 28.594 22.452,
            4.298 28.602 22.452,
            3.146 28.860 21.516,
            3.136 28.862 21.531,
            3.257 28.840 21.951,
            3.277 28.836 21.973,
            3.289 28.834 21.964,
            3.266 28.838 21.981,
            3.099 28.868 21.777,
            3.096 28.868 21.765,
            3.094 28.869 21.754,
            3.091 28.869 21.736,
            3.089 28.870 21.717,
            3.088 28.870 21.706,
            3.088 28.870 21.694,
            3.089 28.870 21.670,
            3.091 28.869 21.651,
            3.093 28.869 21.637,
            3.095 28.869 21.625,
            3.100 28.868 21.606,
            3.104 28.867 21.593,
            3.109 28.866 21.580,
            3.117 28.865 21.564,
            3.126 28.863 21.547,
            3.250 28.841 21.993,
            3.234 28.844 21.940,
            3.237 28.844 22.006,
            3.222 28.846 21.934,
            3.228 28.845 22.016,
            3.214 28.848 21.929,
            3.218 28.847 22.029,
            3.205 28.849 21.923,
            3.195 28.851 21.917,
            3.207 28.849 22.045,
            3.187 28.853 21.911,
            3.201 28.850 22.054,
            3.179 28.854 21.904,
            3.196 28.851 22.065,
            3.165 28.856 21.891,
            3.191 28.852 22.076,
            3.153 28.859 21.878,
            3.186 28.853 22.089,
            3.181 28.854 22.103,
            3.142 28.860 21.865,
            2.802 28.915 21.638,
            3.176 28.854 22.119,
            3.134 28.862 21.852,
            3.126 28.863 21.841,
            2.470 28.959 21.393,
            3.633 28.765 22.452,
            3.566 28.779 22.452,
            3.498 28.793 22.452,
            3.456 28.801 22.450,
            3.420 28.809 22.448,
            3.391 28.814 22.444,
            3.370 28.819 22.440,
            3.353 28.822 22.437,
            3.335 28.825 22.431,
            3.323 28.827 22.427,
            3.312 28.830 22.422,
            3.301 28.832 22.417,
            3.291 28.833 22.412,
            2.636 28.938 21.638,
            2.439 28.963 21.393,
            2.407 28.967 21.393,
            2.376 28.970 21.393,
            2.470 28.959 21.638,
            2.336 28.975 21.638,
            2.376 28.970 21.638,
            2.295 28.979 21.638,
            2.255 28.984 21.638,
            1.930 29.013 21.366,
            3.282 28.835 22.406,
            3.274 28.837 22.401,
            3.265 28.838 22.395,
            3.251 28.841 22.382,
            3.238 28.843 22.370,
            3.227 28.845 22.358,
            3.218 28.847 22.346,
            3.210 28.848 22.334,
            3.203 28.850 22.323,
            3.198 28.851 22.313,
            3.193 28.851 22.304,
            3.185 28.853 22.286,
            3.180 28.854 22.270,
            3.175 28.855 22.252,
            3.172 28.855 22.234,
            3.169 28.856 22.214,
            2.087 29.000 21.971,
            2.255 28.984 21.746,
            2.079 29.000 21.960,
            2.070 29.001 21.949,
            2.095 28.999 21.981,
            2.059 29.002 21.938,
            2.101 28.998 21.990,
            2.047 29.003 21.926,
            2.111 28.998 22.007,
            2.033 29.004 21.914,
            2.119 28.997 22.023,
            2.019 29.006 21.903,
            2.124 28.996 22.033,
            2.295 28.979 21.746,
            2.003 29.007 21.892,
            2.131 28.996 22.052,
            1.988 29.008 21.882,
            2.135 28.995 22.069,
            2.336 28.975 21.746,
            1.970 29.010 21.873,
            2.140 28.995 22.089,
            1.954 29.011 21.866,
            2.143 28.995 22.108,
            1.936 29.012 21.859,
            2.145 28.994 22.118,
            1.917 29.014 21.853,
            1.899 29.015 21.849,
            1.880 29.017 21.845,
            2.143 28.995 22.202,
            2.142 28.995 22.213,
            2.139 28.995 22.226,
            2.135 28.995 22.245,
            2.129 28.996 22.264,
            2.122 28.996 22.281,
            2.118 28.997 22.291,
            2.109 28.998 22.309,
            2.099 28.999 22.325,
            2.088 29.000 22.341,
            1.605 29.034 21.843,
            2.077 29.001 22.356,
            2.065 29.002 22.370,
            2.053 29.003 22.383,
            2.041 29.004 22.394,
            2.029 29.005 22.404,
            2.017 29.006 22.412,
            2.389 28.969 22.479,
            2.382 28.970 22.479,
            2.006 29.007 22.420,
            1.576 29.035 21.887,
            1.990 29.008 22.430,
            1.973 29.009 22.439,
            1.552 29.036 21.927,
            1.956 29.011 22.448,
            1.536 29.037 21.957,
            1.939 29.012 22.455,
            1.924 29.013 22.460,
            1.525 29.037 21.981,
            1.910 29.014 22.465,
            1.217 29.048 21.638,
            1.891 29.016 22.470,
            1.514 29.038 22.006,
            1.879 29.017 22.472,
            0.814 29.050 21.393,
            0.846 29.050 21.393,
            0.782 29.049 21.393,
            0.751 29.049 21.393,
            0.918 29.050 21.638,
            0.882 29.050 21.638,
            0.846 29.050 21.638,
            0.321 29.035 21.112,
            0.710 29.048 21.638,
            0.751 29.049 21.638,
            0.669 29.047 21.638,
            0.629 29.046 21.638,
            0.209 29.028 21.393,
            0.629 29.046 21.746,
            0.177 29.026 21.393,
            0.145 29.024 21.393,
            0.114 29.022 21.393,
            -0.310 28.987 21.112,
            0.770 29.049 22.479,
            0.764 29.049 22.479,
            0.757 29.049 22.479,
            0.751 29.049 22.479,
            0.669 29.047 21.746,
            0.371 29.037 22.343,
            0.317 29.034 22.343,
            0.263 29.031 22.343,
            0.209 29.028 22.343,
            -0.278 28.990 21.746,
            -0.278 28.990 21.855,
            -0.413 28.976 21.746,
            0.321 29.035 22.674,
            0.309 29.034 22.452,
            0.244 29.030 22.452,
            0.179 29.027 22.452,
            0.114 29.022 22.452,
            -0.777 28.932 21.393,
            -0.938 28.908 21.112,
            -0.811 28.927 21.393,
            -0.548 28.961 21.746,
            -0.845 28.922 21.393,
            -0.880 28.917 21.393,
            -0.683 28.944 21.746,
            -0.310 28.987 22.674,
            -0.413 28.976 21.855,
            -0.548 28.961 21.855,
            -0.683 28.944 21.855,
            -1.196 28.867 21.733,
            -1.562 28.798 21.112,
            -1.039 28.893 21.733,
            -1.354 28.839 21.733,
            -1.664 28.777 21.393,
            -1.698 28.770 21.393,
            -1.732 28.763 21.393,
            -1.765 28.756 21.393,
            -1.511 28.809 21.733,
            -1.924 28.720 21.393,
            -2.179 28.658 21.112,
            -0.938 28.908 22.674,
            -2.017 28.698 21.393,
            -2.110 28.675 21.393,
            -1.273 28.853 22.452,
            -2.202 28.652 21.393,
            -2.220 28.647 21.394,
            -2.237 28.643 21.395,
            -2.258 28.637 21.397,
            -2.276 28.633 21.399,
            -2.294 28.628 21.403,
            -2.312 28.623 21.407,
            -2.330 28.618 21.413,
            -2.348 28.614 21.420,
            -2.365 28.609 21.427,
            -2.789 28.486 21.112,
            -2.471 28.580 21.516,
            -2.459 28.583 21.501,
            -2.446 28.587 21.487,
            -2.434 28.590 21.475,
            -2.422 28.593 21.464,
            -2.411 28.596 21.455,
            -2.400 28.599 21.447,
            -2.389 28.602 21.440,
            -2.379 28.605 21.434,
            -1.562 28.798 22.674,
            -1.277 28.853 22.452,
            -1.282 28.852 22.452,
            -1.286 28.851 22.452,
            -2.482 28.577 21.531,
            -2.491 28.574 21.547,
            -2.500 28.571 21.564,
            -2.507 28.569 21.580,
            -2.512 28.568 21.593,
            -2.516 28.567 21.606,
            -2.521 28.566 21.625,
            -2.523 28.565 21.637,
            -2.525 28.564 21.651,
            -2.527 28.564 21.670,
            -1.924 28.720 22.452,
            -2.528 28.563 21.694,
            -2.363 28.609 21.951,
            -2.344 28.615 21.973,
            -2.332 28.618 21.964,
            -2.354 28.612 21.981,
            -2.370 28.608 21.993,
            -2.385 28.603 21.940,
            -2.383 28.604 22.006,
            -2.397 28.600 21.934,
            -2.392 28.602 22.016,
            -2.405 28.598 21.929,
            -2.401 28.599 22.029,
            -2.414 28.595 21.923,
            -2.423 28.593 21.917,
            -2.412 28.596 22.045,
            -2.432 28.591 21.911,
            -2.417 28.595 22.054,
            -2.439 28.588 21.904,
            -2.423 28.593 22.065,
            -2.453 28.585 21.891,
            -2.428 28.592 22.076,
            -2.465 28.581 21.878,
            -2.433 28.590 22.089,
            -2.437 28.589 22.103,
            -2.475 28.578 21.865,
            -2.442 28.588 22.119,
            -2.484 28.576 21.852,
            -2.491 28.574 21.841,
            -2.445 28.587 22.135,
            -2.497 28.572 21.830,
            -2.448 28.586 22.153,
            -2.502 28.571 21.819,
            -2.449 28.586 22.167,
            -2.506 28.570 21.809,
            -3.389 28.284 21.112,
            -2.525 28.564 21.736,
            -2.527 28.564 21.717,
            -2.528 28.564 21.706,
            -2.179 28.658 22.674,
            -1.991 28.704 22.452,
            -2.058 28.688 22.452,
            -2.125 28.671 22.452,
            -2.167 28.661 22.450,
            -2.202 28.652 22.448,
            -2.231 28.644 22.444,
            -2.252 28.639 22.440,
            -2.268 28.635 22.437,
            -2.286 28.630 22.431,
            -2.298 28.627 22.427,
            -2.309 28.624 22.422,
            -2.319 28.621 22.417,
            -2.329 28.619 22.412,
            -2.338 28.616 22.406,
            -2.789 28.486 22.674,
            -2.513 28.568 21.792,
            -2.517 28.567 21.777,
            -2.347 28.614 22.401,
            -2.355 28.612 22.395,
            -2.369 28.608 22.382,
            -2.382 28.604 22.370,
            -2.392 28.601 22.358,
            -2.401 28.599 22.346,
            -2.409 28.597 22.334,
            -2.416 28.595 22.323,
            -2.421 28.593 22.313,
            -2.426 28.592 22.304,
            -2.433 28.590 22.286,
            -2.438 28.589 22.270,
            -2.443 28.587 22.252,
            -2.446 28.587 22.234,
            -2.449 28.586 22.214,
            -2.450 28.586 22.189,
            -3.389 28.284 22.674,
            -2.520 28.566 21.765,
            -2.522 28.565 21.754,
            -3.979 28.053 22.674,
            -3.979 28.053 21.112,
            -4.556 27.793 22.674,
            -4.556 27.793 21.112,
            -5.119 27.504 22.674,
            -5.119 27.504 21.112,
            -5.668 27.187 22.674,
            -5.668 27.187 21.112,
            -6.200 26.844 22.674,
            -6.200 26.844 21.112,
            -6.714 26.474 22.674,
            -6.714 26.474 21.112,
            -7.209 26.079 22.674,
            -7.209 26.079 21.112,
            -7.684 25.660 22.674,
            -7.684 25.660 21.112,
            -8.137 25.218 22.674,
            -8.137 25.218 21.112,
            -8.568 24.754 22.674,
            -8.568 24.754 21.112,
            -8.975 24.269 22.674,
            -8.975 24.269 21.112,
            -9.357 23.764 22.674,
            -9.357 23.764 21.112,
            -9.714 23.241 22.674,
            -9.714 23.241 21.112,
            -10.044 22.700 22.674,
            -10.044 22.700 21.112,
            -10.347 22.144 22.674,
            -10.347 22.144 21.112,
            -10.622 21.574 22.674,
            -10.622 21.574 21.112,
            -10.868 20.990 22.674,
            -10.868 20.990 21.112,
            -11.084 20.395 22.674,
            -11.084 20.395 21.112,
            -11.271 19.790 22.674,
            -11.271 19.790 21.112,
            -11.427 19.176 22.674,
            -11.427 19.176 21.112,
            -11.553 18.556 22.674,
            -11.553 18.556 21.112,
            -11.647 17.929 22.674,
            -11.647 17.929 21.112,
            -11.710 17.299 22.674,
            -11.710 17.299 21.112,
            -11.742 16.667 22.674,
            -11.742 16.667 21.112,
            -11.742 16.034 22.674,
            -11.742 16.034 21.112,
            -11.710 15.401 22.674,
            -11.710 15.401 21.112,
            -11.647 14.771 22.674,
            -11.647 14.771 21.112,
            -11.553 14.145 22.674,
            -11.553 14.145 21.112,
            -11.427 13.524 22.674,
            -11.427 13.524 21.112,
            -11.271 12.911 22.674,
            -11.271 12.911 21.112,
            -11.084 12.306 22.674,
            -11.084 12.306 21.112,
            -10.868 11.710 22.674,
            -10.868 11.710 21.112,
            -10.622 11.127 22.674,
            -10.622 11.127 21.112,
            -10.347 10.556 22.674,
            -10.347 10.556 21.112,
            -10.044 10.000 22.674,
            -10.044 10.000 21.112,
            -9.714 9.460 22.674,
            -9.714 9.460 21.112,
            -9.357 8.937 22.674,
            -9.357 8.937 21.112,
            -8.975 8.432 22.674,
            -8.975 8.432 21.112,
            -8.568 7.947 22.674,
            -8.568 7.947 21.112,
            -8.137 7.483 22.674,
            -8.137 7.483 21.112,
            -7.684 7.041 22.674,
            -7.684 7.041 21.112,
            -7.209 6.622 22.674,
            -7.209 6.622 21.112,
            -6.714 6.227 22.674,
            -6.714 6.227 21.112,
            -6.200 5.857 22.674,
            -6.200 5.857 21.112,
            -5.668 5.513 22.674,
            -5.668 5.513 21.112,
            -5.119 5.197 22.674,
            -5.119 5.197 21.112,
            -4.556 4.908 22.674,
            -4.556 4.908 21.112,
            -3.979 4.648 22.674,
            -3.979 4.648 21.112,
            -3.389 4.416 22.674,
            -3.389 4.416 21.112,
            -2.789 4.215 22.674,
            -2.789 4.215 21.112,
            -2.179 4.043 22.674,
            -2.179 4.043 21.112,
            -1.562 3.902 22.674,
            -1.562 3.902 21.112,
            -0.938 3.792 21.112,
            -0.938 3.792 22.674,
            -0.310 3.713 22.674,
            -0.310 3.713 21.112,
            0.321 3.666 22.674,
            0.321 3.666 21.112,
            0.751 29.049 21.746,
            0.710 29.048 21.746,
            3.608 28.770 21.502,
            3.564 28.779 21.502,
            3.519 28.789 21.502,
            3.475 28.798 21.502,
            3.410 28.811 21.504,
            3.385 28.816 21.506,
            3.364 28.820 21.509,
            3.345 28.823 21.512,
            3.334 28.825 21.515,
            3.323 28.827 21.517,
            3.305 28.831 21.523,
            3.290 28.834 21.530,
            3.275 28.836 21.537,
            3.262 28.839 21.546,
            3.250 28.841 21.555,
            3.240 28.843 21.563,
            3.608 28.770 21.895,
            3.232 28.844 21.572,
            3.224 28.846 21.580,
            3.218 28.847 21.588,
            3.207 28.849 21.604,
            3.200 28.850 21.618,
            3.608 28.770 22.004,
            3.587 28.774 21.895,
            3.194 28.851 21.630,
            3.587 28.774 22.004,
            3.567 28.779 21.895,
            3.566 28.779 22.004,
            3.546 28.783 21.895,
            3.545 28.783 22.004,
            3.501 28.792 21.895,
            3.187 28.852 21.649,
            3.184 28.853 21.670,
            3.182 28.853 21.681,
            3.483 28.796 22.006,
            3.461 28.801 21.894,
            3.182 28.853 21.694,
            3.458 28.801 22.008,
            3.182 28.853 21.710,
            3.438 28.805 22.010,
            3.420 28.809 21.891,
            3.184 28.853 21.720,
            3.420 28.809 22.013,
            3.394 28.814 21.889,
            3.185 28.853 21.731,
            3.190 28.852 21.750,
            3.400 28.813 22.018,
            3.371 28.818 21.886,
            3.197 28.851 21.766,
            3.204 28.849 21.781,
            3.382 28.816 22.023,
            3.367 28.819 22.029,
            3.352 28.822 21.883,
            3.337 28.825 21.879,
            3.324 28.827 21.875,
            3.212 28.848 21.794,
            3.305 28.831 21.867,
            3.221 28.846 21.806,
            3.353 28.822 22.036,
            3.287 28.834 21.859,
            3.230 28.845 21.816,
            3.275 28.836 21.852,
            3.237 28.843 21.824,
            3.245 28.842 21.831,
            3.261 28.839 21.843,
            3.340 28.824 22.044,
            3.328 28.826 22.052,
            3.318 28.828 22.061,
            3.310 28.830 22.069,
            3.303 28.831 22.077,
            3.296 28.832 22.085,
            3.608 28.770 22.343,
            3.286 28.834 22.100,
            3.279 28.836 22.113,
            3.273 28.837 22.125,
            3.270 28.837 22.135,
            3.566 28.779 22.343,
            3.524 28.788 22.343,
            3.265 28.838 22.152,
            3.263 28.839 22.168,
            3.262 28.839 22.187,
            3.481 28.796 22.343,
            3.263 28.839 22.207,
            3.451 28.803 22.342,
            3.265 28.838 22.219,
            3.267 28.838 22.229,
            3.437 28.805 22.341,
            3.425 28.808 22.340,
            3.273 28.837 22.248,
            3.405 28.812 22.338,
            3.387 28.815 22.334,
            3.281 28.835 22.265,
            3.292 28.833 22.280,
            3.368 28.819 22.329,
            3.303 28.831 22.293,
            3.359 28.821 22.326,
            3.349 28.823 22.322,
            3.316 28.829 22.303,
            3.339 28.824 22.317,
            3.328 28.827 22.311,
            2.470 28.959 22.206,
            2.783 28.918 21.746,
            2.679 28.933 21.746,
            2.575 28.946 21.746,
            2.470 28.959 21.746,
            1.831 29.020 21.951,
            1.870 29.017 21.956,
            1.860 29.018 21.954,
            1.850 29.019 21.953,
            1.777 29.024 21.951,
            1.806 29.022 21.950,
            1.750 29.025 21.955,
            1.763 29.025 21.953,
            1.739 29.026 21.957,
            1.727 29.027 21.960,
            1.883 29.016 21.960,
            1.717 29.027 21.964,
            1.898 29.015 21.964,
            1.707 29.028 21.968,
            1.915 29.014 21.971,
            1.697 29.029 21.972,
            1.925 29.013 21.975,
            1.680 29.030 21.981,
            1.935 29.012 21.980,
            1.665 29.030 21.990,
            1.956 29.011 21.993,
            1.945 29.012 21.986,
            1.652 29.031 22.001,
            1.968 29.010 22.002,
            1.641 29.032 22.011,
            1.980 29.009 22.012,
            1.631 29.032 22.021,
            1.994 29.008 22.024,
            1.623 29.033 22.031,
            2.007 29.007 22.038,
            1.616 29.033 22.040,
            1.610 29.033 22.048,
            2.019 29.006 22.054,
            1.600 29.034 22.065,
            2.030 29.005 22.072,
            2.025 29.005 22.063,
            1.593 29.034 22.081,
            2.035 29.004 22.081,
            1.588 29.034 22.093,
            2.043 29.004 22.103,
            2.039 29.004 22.092,
            1.585 29.035 22.105,
            2.046 29.003 22.113,
            1.581 29.035 22.121,
            2.050 29.003 22.135,
            2.048 29.003 22.123,
            1.579 29.035 22.138,
            2.051 29.003 22.147,
            1.579 29.035 22.149,
            2.052 29.003 22.160,
            1.578 29.035 22.160,
            2.052 29.003 22.171,
            1.579 29.035 22.180,
            2.051 29.003 22.182,
            1.581 29.035 22.191,
            2.048 29.003 22.200,
            1.582 29.035 22.202,
            1.585 29.035 22.212,
            2.044 29.003 22.217,
            1.588 29.034 22.223,
            2.040 29.004 22.228,
            1.593 29.034 22.234,
            2.034 29.004 22.241,
            1.597 29.034 22.244,
            2.027 29.005 22.256,
            1.602 29.034 22.254,
            1.608 29.033 22.262,
            2.016 29.006 22.272,
            1.613 29.033 22.271,
            2.010 29.006 22.281,
            1.625 29.033 22.286,
            2.002 29.007 22.290,
            1.638 29.032 22.300,
            1.982 29.009 22.309,
            1.993 29.008 22.299,
            1.842 29.019 22.369,
            1.856 29.018 22.368,
            1.868 29.017 22.366,
            1.880 29.017 22.363,
            1.650 29.031 22.311,
            1.969 29.010 22.320,
            1.662 29.031 22.320,
            1.673 29.030 22.328,
            1.955 29.011 22.330,
            1.794 29.022 22.369,
            1.816 29.021 22.370,
            1.683 29.029 22.335,
            1.940 29.012 22.340,
            1.693 29.029 22.341,
            1.703 29.028 22.346,
            1.922 29.013 22.348,
            1.761 29.025 22.365,
            1.777 29.024 22.368,
            1.749 29.025 22.362,
            1.892 29.016 22.360,
            1.720 29.027 22.353,
            1.902 29.015 22.356,
            1.913 29.014 22.352,
            1.736 29.026 22.359,
            0.846 29.050 22.206,
            1.161 29.049 21.746,
            1.056 29.050 21.746,
            0.951 29.050 21.746,
            0.846 29.050 21.746,
            -1.278 28.852 22.245,
            -1.090 28.885 21.841,
            -1.214 28.864 21.841,
            -1.338 28.842 21.841,
            -1.462 28.818 21.841,
            -2.016 28.698 21.502,
            -2.060 28.687 21.502,
            -2.104 28.677 21.502,
            -2.148 28.666 21.502,
            -2.212 28.649 21.504,
            -2.237 28.643 21.506,
            -2.258 28.637 21.509,
            -2.276 28.633 21.512,
            -2.287 28.630 21.515,
            -2.298 28.627 21.517,
            -2.316 28.622 21.523,
            -2.330 28.618 21.530,
            -2.345 28.614 21.537,
            -2.358 28.611 21.546,
            -2.369 28.608 21.555,
            -2.379 28.605 21.563,
            -2.016 28.698 21.895,
            -2.388 28.603 21.572,
            -2.395 28.601 21.580,
            -2.401 28.599 21.588,
            -2.412 28.596 21.604,
            -2.419 28.594 21.618,
            -2.016 28.698 22.004,
            -2.037 28.693 21.895,
            -2.425 28.593 21.630,
            -2.037 28.693 22.004,
            -2.057 28.688 21.895,
            -2.058 28.688 22.004,
            -2.078 28.683 21.895,
            -2.078 28.683 22.004,
            -2.122 28.672 21.895,
            -2.431 28.591 21.649,
            -2.435 28.590 21.670,
            -2.436 28.589 21.681,
            -2.141 28.667 22.006,
            -2.162 28.662 21.894,
            -2.437 28.589 21.694,
            -2.165 28.661 22.008,
            -2.436 28.589 21.710,
            -2.185 28.656 22.010,
            -2.202 28.652 21.891,
            -2.435 28.590 21.720,
            -2.203 28.652 22.013,
            -2.228 28.645 21.889,
            -2.433 28.590 21.731,
            -2.428 28.592 21.750,
            -2.222 28.647 22.018,
            -2.250 28.639 21.886,
            -2.422 28.593 21.766,
            -2.415 28.595 21.781,
            -2.240 28.642 22.023,
            -2.255 28.638 22.029,
            -2.270 28.634 21.883,
            -2.284 28.631 21.879,
            -2.297 28.627 21.875,
            -2.407 28.597 21.794,
            -2.316 28.622 21.867,
            -2.398 28.600 21.806,
            -2.269 28.635 22.036,
            -2.333 28.617 21.859,
            -2.390 28.602 21.816,
            -2.345 28.614 21.852,
            -2.382 28.604 21.824,
            -2.374 28.606 21.831,
            -2.359 28.610 21.843,
            -2.282 28.631 22.044,
            -2.293 28.628 22.052,
            -2.303 28.626 22.061,
            -2.311 28.623 22.069,
            -2.318 28.621 22.077,
            -2.324 28.620 22.085,
            -2.016 28.698 22.343,
            -2.334 28.617 22.100,
            -2.342 28.615 22.113,
            -2.347 28.614 22.125,
            -2.350 28.613 22.135,
            -2.058 28.688 22.343,
            -2.100 28.678 22.343,
            -2.355 28.612 22.152,
            -2.357 28.611 22.168,
            -2.358 28.611 22.187,
            -2.142 28.667 22.343,
            -2.357 28.611 22.207,
            -2.172 28.659 22.342,
            -2.355 28.611 22.219,
            -2.353 28.612 22.229,
            -2.185 28.656 22.341,
            -2.198 28.653 22.340,
            -2.347 28.614 22.248,
            -2.217 28.648 22.338,
            -2.235 28.643 22.334,
            -2.339 28.616 22.265,
            -2.329 28.619 22.280,
            -2.253 28.638 22.329,
            -2.317 28.622 22.293,
            -2.263 28.636 22.326,
            -2.273 28.633 22.322,
            -2.305 28.625 22.303,
            -2.283 28.631 22.317,
            -2.293 28.628 22.311,
            9.289 11.364 23.261,
            5.126 8.853 23.375,
            9.289 16.350 23.398,
            5.126 13.849 23.649,
            9.289 21.336 23.261,
            5.126 18.852 23.649,
            5.126 23.848 23.375,
            9.289 21.336 20.526,
            5.126 23.848 20.412,
            9.289 16.350 20.389,
            5.126 18.852 20.138,
            9.289 11.364 20.526,
            5.126 13.849 20.138,
            5.126 8.853 20.412
          ]
        }
        coordIndex [
          0, 1, 2, -1,
          3, 1, 0, -1,
          4, 3, 0, -1,
          5, 3, 4, -1,
          6, 5, 4, -1,
          7, 5, 6, -1,
          8, 7, 6, -1,
          9, 7, 8, -1,
          10, 9, 8, -1,
          11, 9, 10, -1,
          12, 11, 10, -1,
          13, 11, 12, -1,
          14, 13, 12, -1,
          15, 13, 14, -1,
          16, 15, 14, -1,
          17, 15, 16, -1,
          18, 17, 16, -1,
          19, 17, 18, -1,
          20, 19, 18, -1,
          21, 19, 20, -1,
          22, 21, 20, -1,
          23, 21, 22, -1,
          24, 23, 22, -1,
          25, 23, 24, -1,
          26, 25, 24, -1,
          27, 25, 26, -1,
          28, 27, 26, -1,
          29, 27, 28, -1,
          30, 29, 28, -1,
          31, 29, 30, -1,
          32, 31, 30, -1,
          33, 31, 32, -1,
          34, 33, 32, -1,
          35, 33, 34, -1,
          36, 35, 34, -1,
          37, 35, 36, -1,
          38, 37, 36, -1,
          39, 37, 38, -1,
          40, 39, 38, -1,
          41, 39, 40, -1,
          42, 41, 40, -1,
          43, 41, 42, -1,
          44, 43, 42, -1,
          45, 43, 44, -1,
          46, 45, 44, -1,
          47, 45, 46, -1,
          48, 47, 46, -1,
          49, 47, 48, -1,
          50, 49, 48, -1,
          51, 49, 50, -1,
          52, 51, 50, -1,
          53, 51, 52, -1,
          54, 53, 52, -1,
          55, 53, 54, -1,
          56, 55, 54, -1,
          57, 55, 56, -1,
          58, 57, 56, -1,
          59, 57, 58, -1,
          60, 59, 58, -1,
          61, 59, 60, -1,
          62, 60, 63, -1,
          62, 61, 60, -1,
          64, 62, 63, -1,
          65, 62, 64, -1,
          66, 65, 64, -1,
          67, 65, 66, -1,
          68, 67, 66, -1,
          69, 67, 68, -1,
          70, 69, 68, -1,
          71, 69, 70, -1,
          72, 71, 70, -1,
          73, 71, 72, -1,
          74, 73, 72, -1,
          75, 73, 74, -1,
          76, 75, 74, -1,
          77, 75, 76, -1,
          78, 76, 79, -1,
          78, 77, 76, -1,
          80, 78, 79, -1,
          81, 78, 80, -1,
          82, 81, 80, -1,
          83, 81, 82, -1,
          84, 83, 82, -1,
          85, 83, 84, -1,
          86, 85, 84, -1,
          87, 85, 86, -1,
          88, 87, 86, -1,
          88, 86, 89, -1,
          90, 88, 89, -1,
          90, 89, 91, -1,
          92, 90, 91, -1,
          93, 90, 92, -1,
          94, 93, 92, -1,
          94, 92, 95, -1,
          96, 95, 97, -1,
          96, 94, 95, -1,
          98, 96, 97, -1,
          99, 96, 98, -1,
          100, 98, 101, -1,
          100, 99, 98, -1,
          102, 100, 101, -1,
          103, 100, 102, -1,
          104, 103, 102, -1,
          105, 103, 104, -1,
          106, 104, 107, -1,
          106, 105, 104, -1,
          108, 107, 109, -1,
          108, 106, 107, -1,
          110, 109, 111, -1,
          110, 108, 109, -1,
          112, 111, 113, -1,
          112, 110, 111, -1,
          114, 113, 115, -1,
          114, 112, 113, -1,
          116, 115, 117, -1,
          116, 114, 115, -1,
          118, 117, 119, -1,
          118, 116, 117, -1,
          120, 119, 121, -1,
          120, 118, 119, -1,
          122, 121, 123, -1,
          122, 120, 121, -1,
          124, 123, 125, -1,
          124, 122, 123, -1,
          126, 125, 127, -1,
          126, 124, 125, -1,
          128, 129, 130, -1,
          131, 129, 128, -1,
          132, 131, 128, -1,
          133, 131, 132, -1,
          134, 133, 132, -1,
          135, 133, 134, -1,
          136, 135, 134, -1,
          137, 135, 136, -1,
          138, 137, 136, -1,
          139, 137, 138, -1,
          140, 139, 138, -1,
          141, 139, 140, -1,
          142, 141, 140, -1,
          143, 141, 142, -1,
          144, 143, 142, -1,
          145, 143, 144, -1,
          146, 145, 144, -1,
          147, 145, 146, -1,
          148, 147, 146, -1,
          149, 147, 148, -1,
          150, 149, 148, -1,
          151, 149, 150, -1,
          152, 151, 150, -1,
          153, 151, 152, -1,
          154, 153, 152, -1,
          155, 153, 154, -1,
          156, 155, 154, -1,
          157, 155, 156, -1,
          158, 157, 156, -1,
          159, 157, 158, -1,
          160, 159, 158, -1,
          161, 159, 160, -1,
          162, 161, 160, -1,
          163, 161, 162, -1,
          164, 163, 162, -1,
          165, 163, 164, -1,
          166, 165, 164, -1,
          167, 165, 166, -1,
          168, 167, 166, -1,
          169, 167, 168, -1,
          170, 169, 168, -1,
          171, 169, 170, -1,
          172, 171, 170, -1,
          173, 171, 172, -1,
          174, 173, 172, -1,
          175, 173, 174, -1,
          176, 175, 174, -1,
          177, 175, 176, -1,
          178, 177, 176, -1,
          179, 177, 178, -1,
          180, 179, 178, -1,
          181, 179, 180, -1,
          182, 181, 180, -1,
          183, 181, 182, -1,
          184, 183, 182, -1,
          185, 183, 184, -1,
          186, 185, 184, -1,
          187, 185, 186, -1,
          188, 187, 186, -1,
          189, 187, 188, -1,
          190, 189, 188, -1,
          191, 189, 190, -1,
          192, 191, 190, -1,
          193, 191, 192, -1,
          194, 193, 192, -1,
          195, 193, 194, -1,
          196, 195, 194, -1,
          197, 195, 196, -1,
          198, 196, 199, -1,
          198, 197, 196, -1,
          200, 198, 199, -1,
          201, 198, 200, -1,
          202, 201, 200, -1,
          203, 201, 202, -1,
          204, 203, 202, -1,
          205, 203, 204, -1,
          206, 204, 207, -1,
          206, 205, 204, -1,
          208, 206, 207, -1,
          209, 206, 208, -1,
          210, 208, 211, -1,
          210, 209, 208, -1,
          212, 210, 211, -1,
          213, 210, 212, -1,
          214, 213, 212, -1,
          215, 213, 214, -1,
          216, 215, 214, -1,
          216, 214, 217, -1,
          218, 216, 217, -1,
          218, 217, 219, -1,
          220, 218, 219, -1,
          220, 219, 221, -1,
          222, 220, 221, -1,
          223, 220, 222, -1,
          224, 223, 222, -1,
          225, 223, 224, -1,
          226, 225, 224, -1,
          227, 225, 226, -1,
          228, 226, 229, -1,
          228, 227, 226, -1,
          230, 228, 229, -1,
          231, 228, 230, -1,
          232, 231, 230, -1,
          233, 231, 232, -1,
          234, 232, 235, -1,
          234, 233, 232, -1,
          236, 235, 237, -1,
          236, 234, 235, -1,
          238, 237, 239, -1,
          238, 236, 237, -1,
          240, 238, 239, -1,
          241, 238, 240, -1,
          242, 240, 243, -1,
          242, 241, 240, -1,
          244, 243, 245, -1,
          244, 242, 243, -1,
          246, 244, 245, -1,
          247, 244, 246, -1,
          248, 246, 249, -1,
          248, 247, 246, -1,
          250, 249, 251, -1,
          250, 248, 249, -1,
          252, 250, 251, -1,
          253, 250, 252, -1,
          254, 252, 255, -1,
          254, 253, 252, -1,
          256, 257, 258, -1,
          256, 258, 259, -1,
          256, 259, 260, -1,
          256, 260, 255, -1,
          261, 262, 130, -1,
          263, 262, 261, -1,
          264, 262, 263, -1,
          265, 262, 264, -1,
          266, 267, 268, -1,
          266, 268, 269, -1,
          266, 269, 270, -1,
          266, 270, 271, -1,
          266, 271, 272, -1,
          266, 272, 273, -1,
          266, 273, 274, -1,
          266, 274, 275, -1,
          266, 275, 257, -1,
          266, 257, 256, -1,
          276, 256, 277, -1,
          276, 266, 256, -1,
          278, 266, 276, -1,
          278, 279, 280, -1,
          278, 280, 281, -1,
          278, 281, 282, -1,
          278, 282, 283, -1,
          278, 283, 284, -1,
          278, 284, 285, -1,
          278, 267, 266, -1,
          278, 285, 286, -1,
          278, 286, 267, -1,
          287, 277, 288, -1,
          287, 288, 289, -1,
          287, 276, 277, -1,
          290, 279, 278, -1,
          290, 278, 276, -1,
          290, 291, 292, -1,
          290, 292, 293, -1,
          290, 293, 294, -1,
          290, 294, 295, -1,
          290, 295, 296, -1,
          290, 296, 297, -1,
          290, 297, 298, -1,
          290, 298, 299, -1,
          290, 299, 300, -1,
          290, 300, 279, -1,
          290, 276, 287, -1,
          301, 289, 262, -1,
          301, 287, 289, -1,
          302, 287, 301, -1,
          302, 291, 290, -1,
          302, 303, 304, -1,
          302, 304, 305, -1,
          302, 305, 306, -1,
          302, 306, 307, -1,
          302, 307, 308, -1,
          302, 308, 309, -1,
          302, 309, 310, -1,
          302, 310, 311, -1,
          302, 311, 312, -1,
          302, 312, 313, -1,
          302, 313, 291, -1,
          302, 290, 287, -1,
          314, 265, 315, -1,
          314, 315, 316, -1,
          314, 316, 317, -1,
          314, 317, 318, -1,
          314, 318, 319, -1,
          314, 319, 320, -1,
          314, 320, 321, -1,
          314, 301, 262, -1,
          314, 321, 322, -1,
          314, 322, 323, -1,
          314, 262, 265, -1,
          324, 302, 301, -1,
          324, 301, 314, -1,
          324, 323, 325, -1,
          324, 325, 326, -1,
          324, 326, 327, -1,
          324, 327, 328, -1,
          324, 328, 329, -1,
          324, 329, 330, -1,
          324, 330, 331, -1,
          324, 331, 303, -1,
          324, 303, 302, -1,
          324, 314, 323, -1,
          332, 333, 334, -1,
          332, 334, 335, -1,
          332, 335, 336, -1,
          332, 336, 127, -1,
          337, 338, 2, -1,
          339, 338, 337, -1,
          340, 338, 339, -1,
          341, 338, 340, -1,
          342, 343, 344, -1,
          342, 344, 345, -1,
          342, 345, 346, -1,
          342, 346, 347, -1,
          342, 347, 348, -1,
          342, 348, 349, -1,
          342, 349, 350, -1,
          342, 350, 351, -1,
          342, 351, 333, -1,
          342, 333, 332, -1,
          352, 342, 332, -1,
          352, 332, 353, -1,
          354, 342, 352, -1,
          354, 355, 356, -1,
          354, 356, 357, -1,
          354, 357, 358, -1,
          354, 358, 359, -1,
          354, 359, 360, -1,
          354, 360, 361, -1,
          354, 361, 362, -1,
          354, 362, 343, -1,
          354, 343, 342, -1,
          363, 352, 353, -1,
          363, 353, 364, -1,
          363, 364, 365, -1,
          366, 355, 354, -1,
          366, 354, 352, -1,
          366, 367, 368, -1,
          366, 368, 369, -1,
          366, 369, 370, -1,
          366, 370, 371, -1,
          366, 371, 372, -1,
          366, 372, 373, -1,
          366, 373, 374, -1,
          366, 374, 375, -1,
          366, 375, 376, -1,
          366, 376, 377, -1,
          366, 377, 355, -1,
          366, 352, 363, -1,
          378, 365, 338, -1,
          378, 363, 365, -1,
          379, 363, 378, -1,
          379, 380, 381, -1,
          379, 381, 382, -1,
          379, 382, 383, -1,
          379, 383, 384, -1,
          379, 384, 385, -1,
          379, 367, 366, -1,
          379, 385, 386, -1,
          379, 386, 387, -1,
          379, 387, 388, -1,
          379, 388, 389, -1,
          379, 389, 367, -1,
          379, 366, 363, -1,
          390, 341, 391, -1,
          390, 391, 392, -1,
          390, 392, 393, -1,
          390, 393, 394, -1,
          390, 394, 395, -1,
          390, 395, 396, -1,
          390, 396, 397, -1,
          390, 397, 398, -1,
          390, 398, 399, -1,
          390, 378, 338, -1,
          390, 338, 341, -1,
          400, 378, 390, -1,
          400, 390, 399, -1,
          400, 399, 401, -1,
          400, 401, 402, -1,
          400, 402, 403, -1,
          400, 403, 404, -1,
          400, 404, 405, -1,
          400, 405, 406, -1,
          400, 406, 407, -1,
          400, 407, 380, -1,
          400, 380, 379, -1,
          400, 379, 378, -1,
          124, 129, 131, -1,
          124, 126, 129, -1,
          122, 131, 133, -1,
          122, 124, 131, -1,
          120, 133, 135, -1,
          120, 122, 133, -1,
          118, 135, 137, -1,
          118, 120, 135, -1,
          116, 137, 139, -1,
          116, 118, 137, -1,
          114, 139, 141, -1,
          114, 116, 139, -1,
          112, 141, 143, -1,
          112, 114, 141, -1,
          110, 112, 143, -1,
          110, 143, 145, -1,
          108, 145, 147, -1,
          108, 110, 145, -1,
          106, 147, 149, -1,
          106, 108, 147, -1,
          105, 106, 149, -1,
          105, 149, 151, -1,
          103, 151, 153, -1,
          103, 105, 151, -1,
          100, 153, 155, -1,
          408, 409, 254, -1,
          3, 5, 410, -1,
          3, 410, 411, -1,
          3, 411, 412, -1,
          3, 412, 413, -1,
          100, 103, 153, -1,
          99, 155, 157, -1,
          99, 100, 155, -1,
          96, 157, 159, -1,
          96, 99, 157, -1,
          94, 159, 161, -1,
          3, 413, 414, -1,
          3, 414, 415, -1,
          3, 415, 416, -1,
          3, 416, 417, -1,
          3, 417, 418, -1,
          3, 418, 419, -1,
          3, 419, 420, -1,
          3, 420, 421, -1,
          3, 421, 422, -1,
          3, 422, 423, -1,
          3, 423, 424, -1,
          3, 424, 425, -1,
          3, 425, 426, -1,
          3, 426, 427, -1,
          3, 427, 428, -1,
          3, 428, 429, -1,
          3, 429, 430, -1,
          431, 432, 433, -1,
          431, 433, 434, -1,
          94, 96, 159, -1,
          93, 161, 163, -1,
          93, 163, 165, -1,
          93, 94, 161, -1,
          90, 93, 165, -1,
          90, 165, 167, -1,
          431, 434, 435, -1,
          431, 436, 437, -1,
          431, 435, 438, -1,
          431, 437, 439, -1,
          431, 438, 440, -1,
          431, 439, 441, -1,
          431, 440, 442, -1,
          431, 442, 436, -1,
          1, 432, 431, -1,
          1, 3, 430, -1,
          1, 430, 443, -1,
          1, 443, 444, -1,
          1, 444, 445, -1,
          1, 445, 432, -1,
          446, 431, 447, -1,
          447, 431, 448, -1,
          448, 431, 449, -1,
          449, 431, 441, -1,
          450, 451, 452, -1,
          453, 454, 455, -1,
          455, 454, 456, -1,
          456, 454, 457, -1,
          457, 454, 458, -1,
          458, 454, 459, -1,
          459, 454, 460, -1,
          88, 90, 167, -1,
          87, 167, 169, -1,
          87, 88, 167, -1,
          85, 169, 171, -1,
          85, 87, 169, -1,
          83, 171, 173, -1,
          83, 173, 175, -1,
          460, 454, 461, -1,
          461, 454, 462, -1,
          462, 454, 7, -1,
          463, 464, 465, -1,
          465, 464, 466, -1,
          463, 465, 467, -1,
          468, 469, 470, -1,
          468, 470, 471, -1,
          468, 471, 472, -1,
          468, 472, 473, -1,
          468, 473, 474, -1,
          83, 85, 171, -1,
          81, 175, 177, -1,
          81, 83, 175, -1,
          78, 177, 179, -1,
          78, 81, 177, -1,
          77, 78, 179, -1,
          75, 179, 181, -1,
          75, 77, 179, -1,
          73, 181, 183, -1,
          73, 183, 185, -1,
          73, 75, 181, -1,
          71, 73, 185, -1,
          69, 185, 187, -1,
          69, 187, 189, -1,
          69, 71, 185, -1,
          67, 189, 191, -1,
          67, 69, 189, -1,
          65, 191, 193, -1,
          65, 67, 191, -1,
          62, 65, 193, -1,
          61, 62, 193, -1,
          61, 193, 195, -1,
          59, 61, 195, -1,
          59, 195, 197, -1,
          59, 197, 198, -1,
          57, 59, 198, -1,
          57, 198, 201, -1,
          55, 57, 201, -1,
          53, 55, 201, -1,
          53, 201, 203, -1,
          53, 203, 205, -1,
          51, 53, 205, -1,
          51, 205, 206, -1,
          49, 51, 206, -1,
          49, 206, 209, -1,
          47, 49, 209, -1,
          45, 47, 209, -1,
          45, 209, 210, -1,
          45, 210, 213, -1,
          43, 45, 213, -1,
          41, 213, 215, -1,
          41, 43, 213, -1,
          39, 215, 216, -1,
          39, 41, 215, -1,
          37, 216, 218, -1,
          37, 39, 216, -1,
          35, 218, 220, -1,
          35, 37, 218, -1,
          33, 220, 223, -1,
          33, 35, 220, -1,
          31, 223, 225, -1,
          31, 225, 227, -1,
          31, 33, 223, -1,
          29, 31, 227, -1,
          27, 227, 228, -1,
          27, 29, 227, -1,
          25, 228, 231, -1,
          25, 27, 228, -1,
          23, 231, 233, -1,
          23, 25, 231, -1,
          21, 233, 234, -1,
          21, 23, 233, -1,
          19, 234, 236, -1,
          19, 21, 234, -1,
          17, 236, 238, -1,
          17, 19, 236, -1,
          244, 475, 242, -1,
          15, 238, 241, -1,
          15, 17, 238, -1,
          476, 475, 244, -1,
          477, 476, 244, -1,
          478, 477, 244, -1,
          450, 478, 244, -1,
          450, 452, 478, -1,
          247, 450, 244, -1,
          13, 242, 475, -1,
          13, 15, 241, -1,
          13, 241, 242, -1,
          479, 450, 247, -1,
          480, 13, 475, -1,
          481, 479, 247, -1,
          482, 483, 484, -1,
          482, 484, 485, -1,
          486, 481, 247, -1,
          487, 486, 247, -1,
          488, 487, 247, -1,
          489, 488, 247, -1,
          490, 489, 247, -1,
          491, 490, 247, -1,
          492, 491, 247, -1,
          493, 492, 247, -1,
          494, 493, 247, -1,
          248, 495, 496, -1,
          248, 496, 497, -1,
          248, 497, 498, -1,
          248, 498, 499, -1,
          248, 499, 500, -1,
          248, 500, 501, -1,
          248, 501, 502, -1,
          248, 502, 503, -1,
          248, 503, 494, -1,
          248, 494, 247, -1,
          11, 13, 480, -1,
          11, 480, 504, -1,
          11, 504, 505, -1,
          11, 505, 482, -1,
          506, 495, 248, -1,
          507, 506, 248, -1,
          451, 482, 485, -1,
          451, 485, 452, -1,
          451, 11, 482, -1,
          508, 509, 510, -1,
          511, 509, 508, -1,
          453, 455, 512, -1,
          453, 512, 513, -1,
          453, 513, 514, -1,
          453, 514, 515, -1,
          453, 515, 516, -1,
          453, 516, 517, -1,
          453, 517, 518, -1,
          453, 518, 519, -1,
          453, 519, 520, -1,
          453, 520, 521, -1,
          453, 521, 522, -1,
          453, 522, 523, -1,
          453, 523, 524, -1,
          453, 524, 525, -1,
          453, 525, 526, -1,
          453, 526, 527, -1,
          453, 527, 507, -1,
          453, 507, 248, -1,
          528, 511, 508, -1,
          528, 508, 529, -1,
          530, 528, 529, -1,
          530, 529, 531, -1,
          532, 530, 531, -1,
          532, 531, 533, -1,
          534, 535, 536, -1,
          534, 532, 533, -1,
          534, 533, 535, -1,
          537, 536, 538, -1,
          537, 534, 536, -1,
          539, 538, 540, -1,
          539, 537, 538, -1,
          541, 540, 542, -1,
          541, 539, 540, -1,
          543, 541, 542, -1,
          543, 542, 544, -1,
          545, 543, 544, -1,
          546, 544, 547, -1,
          546, 545, 544, -1,
          548, 453, 248, -1,
          549, 547, 550, -1,
          549, 550, 551, -1,
          549, 546, 547, -1,
          459, 551, 458, -1,
          459, 549, 551, -1,
          250, 552, 248, -1,
          9, 451, 553, -1,
          9, 553, 554, -1,
          9, 554, 555, -1,
          9, 555, 556, -1,
          9, 556, 557, -1,
          9, 557, 558, -1,
          9, 558, 559, -1,
          9, 559, 560, -1,
          9, 560, 561, -1,
          9, 561, 562, -1,
          9, 562, 563, -1,
          9, 563, 564, -1,
          9, 564, 565, -1,
          9, 11, 451, -1,
          566, 248, 552, -1,
          566, 548, 248, -1,
          567, 552, 250, -1,
          568, 567, 250, -1,
          569, 568, 250, -1,
          570, 566, 552, -1,
          571, 572, 569, -1,
          573, 571, 569, -1,
          574, 573, 569, -1,
          468, 574, 569, -1,
          468, 569, 250, -1,
          575, 468, 250, -1,
          253, 575, 250, -1,
          7, 565, 576, -1,
          7, 576, 577, -1,
          7, 577, 578, -1,
          7, 578, 579, -1,
          7, 579, 580, -1,
          7, 580, 581, -1,
          7, 581, 582, -1,
          7, 582, 583, -1,
          7, 583, 584, -1,
          7, 584, 585, -1,
          7, 585, 586, -1,
          7, 586, 587, -1,
          7, 587, 588, -1,
          7, 588, 589, -1,
          7, 589, 590, -1,
          7, 590, 591, -1,
          7, 591, 462, -1,
          7, 9, 565, -1,
          592, 593, 594, -1,
          595, 594, 593, -1,
          596, 593, 592, -1,
          597, 595, 593, -1,
          598, 593, 596, -1,
          599, 597, 593, -1,
          600, 593, 598, -1,
          601, 599, 593, -1,
          602, 593, 600, -1,
          603, 601, 593, -1,
          604, 593, 602, -1,
          604, 605, 593, -1,
          606, 603, 593, -1,
          606, 593, 574, -1,
          607, 605, 604, -1,
          608, 606, 574, -1,
          608, 574, 468, -1,
          609, 605, 607, -1,
          609, 610, 605, -1,
          611, 608, 468, -1,
          612, 464, 610, -1,
          612, 610, 609, -1,
          613, 611, 468, -1,
          614, 464, 612, -1,
          615, 613, 468, -1,
          616, 464, 614, -1,
          466, 464, 616, -1,
          617, 615, 468, -1,
          618, 617, 468, -1,
          619, 618, 468, -1,
          474, 619, 468, -1,
          620, 463, 467, -1,
          621, 463, 620, -1,
          622, 463, 621, -1,
          623, 463, 622, -1,
          624, 463, 623, -1,
          625, 463, 624, -1,
          626, 463, 625, -1,
          627, 463, 626, -1,
          628, 463, 627, -1,
          629, 463, 628, -1,
          630, 575, 253, -1,
          5, 629, 631, -1,
          5, 631, 632, -1,
          5, 632, 633, -1,
          5, 633, 634, -1,
          5, 634, 635, -1,
          5, 635, 636, -1,
          5, 7, 454, -1,
          5, 454, 637, -1,
          5, 463, 629, -1,
          5, 637, 638, -1,
          5, 638, 463, -1,
          639, 5, 636, -1,
          446, 640, 630, -1,
          446, 630, 253, -1,
          641, 5, 639, -1,
          642, 5, 641, -1,
          643, 640, 446, -1,
          644, 5, 642, -1,
          645, 643, 446, -1,
          646, 5, 644, -1,
          647, 5, 646, -1,
          648, 645, 446, -1,
          649, 5, 647, -1,
          650, 446, 253, -1,
          650, 253, 254, -1,
          651, 5, 649, -1,
          652, 648, 446, -1,
          653, 5, 651, -1,
          447, 652, 446, -1,
          410, 5, 653, -1,
          409, 650, 254, -1,
          654, 655, 254, -1,
          656, 654, 254, -1,
          408, 254, 655, -1,
          657, 656, 254, -1,
          658, 408, 655, -1,
          659, 658, 655, -1,
          660, 659, 655, -1,
          661, 657, 254, -1,
          662, 663, 657, -1,
          664, 662, 657, -1,
          665, 657, 661, -1,
          665, 664, 657, -1,
          666, 665, 661, -1,
          666, 667, 665, -1,
          668, 666, 661, -1,
          669, 668, 661, -1,
          670, 669, 661, -1,
          671, 670, 661, -1,
          672, 1, 431, -1,
          673, 1, 672, -1,
          674, 1, 673, -1,
          675, 676, 667, -1,
          675, 1, 674, -1,
          677, 675, 667, -1,
          678, 677, 667, -1,
          679, 667, 666, -1,
          679, 678, 667, -1,
          680, 679, 666, -1,
          681, 670, 671, -1,
          682, 670, 681, -1,
          683, 681, 671, -1,
          684, 675, 677, -1,
          684, 1, 675, -1,
          684, 677, 685, -1,
          684, 685, 686, -1,
          684, 686, 687, -1,
          688, 684, 687, -1,
          689, 671, 690, -1,
          691, 689, 690, -1,
          692, 683, 671, -1,
          692, 671, 689, -1,
          693, 691, 690, -1,
          694, 693, 690, -1,
          695, 692, 689, -1,
          696, 684, 688, -1,
          696, 682, 697, -1,
          696, 697, 698, -1,
          696, 698, 699, -1,
          696, 688, 682, -1,
          700, 690, 701, -1,
          700, 702, 694, -1,
          700, 694, 690, -1,
          703, 700, 701, -1,
          704, 703, 701, -1,
          705, 704, 701, -1,
          706, 705, 701, -1,
          707, 706, 701, -1,
          708, 703, 704, -1,
          709, 707, 701, -1,
          710, 709, 701, -1,
          711, 696, 699, -1,
          712, 709, 710, -1,
          713, 712, 710, -1,
          714, 711, 699, -1,
          715, 713, 710, -1,
          716, 715, 710, -1,
          717, 716, 710, -1,
          718, 717, 710, -1,
          719, 718, 710, -1,
          720, 719, 710, -1,
          721, 720, 710, -1,
          722, 721, 710, -1,
          723, 722, 710, -1,
          724, 723, 710, -1,
          725, 726, 727, -1,
          725, 727, 728, -1,
          725, 728, 729, -1,
          725, 729, 730, -1,
          725, 730, 731, -1,
          725, 731, 732, -1,
          725, 732, 733, -1,
          725, 733, 734, -1,
          725, 734, 724, -1,
          725, 724, 710, -1,
          735, 714, 736, -1,
          735, 736, 737, -1,
          735, 737, 738, -1,
          735, 711, 714, -1,
          739, 726, 725, -1,
          740, 739, 725, -1,
          741, 740, 725, -1,
          742, 741, 725, -1,
          743, 742, 725, -1,
          744, 743, 725, -1,
          745, 744, 725, -1,
          746, 745, 725, -1,
          747, 746, 725, -1,
          748, 747, 725, -1,
          749, 735, 738, -1,
          750, 748, 725, -1,
          751, 752, 753, -1,
          754, 752, 751, -1,
          755, 751, 756, -1,
          755, 754, 751, -1,
          757, 756, 758, -1,
          757, 755, 756, -1,
          759, 758, 760, -1,
          759, 757, 758, -1,
          761, 760, 762, -1,
          761, 762, 763, -1,
          761, 759, 760, -1,
          764, 763, 765, -1,
          764, 761, 763, -1,
          766, 765, 767, -1,
          766, 764, 765, -1,
          768, 767, 769, -1,
          768, 766, 767, -1,
          770, 769, 771, -1,
          770, 768, 769, -1,
          772, 770, 771, -1,
          773, 771, 774, -1,
          773, 772, 771, -1,
          775, 774, 776, -1,
          775, 776, 777, -1,
          775, 773, 774, -1,
          778, 775, 777, -1,
          778, 777, 779, -1,
          780, 779, 781, -1,
          780, 778, 779, -1,
          782, 781, 783, -1,
          782, 780, 781, -1,
          784, 785, 786, -1,
          784, 786, 787, -1,
          784, 787, 750, -1,
          784, 750, 725, -1,
          788, 749, 789, -1,
          788, 789, 790, -1,
          788, 790, 791, -1,
          788, 791, 792, -1,
          788, 792, 793, -1,
          788, 793, 794, -1,
          788, 794, 795, -1,
          788, 795, 796, -1,
          788, 796, 797, -1,
          788, 735, 749, -1,
          788, 797, 798, -1,
          788, 798, 799, -1,
          788, 799, 800, -1,
          788, 800, 801, -1,
          788, 801, 802, -1,
          803, 783, 804, -1,
          803, 804, 805, -1,
          803, 802, 806, -1,
          803, 806, 807, -1,
          803, 782, 783, -1,
          803, 807, 808, -1,
          803, 808, 809, -1,
          803, 809, 810, -1,
          803, 810, 811, -1,
          803, 811, 812, -1,
          803, 812, 813, -1,
          803, 813, 814, -1,
          803, 814, 815, -1,
          803, 788, 802, -1,
          803, 815, 816, -1,
          803, 816, 817, -1,
          803, 817, 818, -1,
          803, 818, 819, -1,
          803, 819, 820, -1,
          803, 820, 821, -1,
          803, 821, 782, -1,
          822, 803, 805, -1,
          822, 805, 823, -1,
          822, 823, 824, -1,
          822, 824, 785, -1,
          822, 785, 784, -1,
          825, 784, 826, -1,
          825, 822, 784, -1,
          827, 825, 826, -1,
          827, 826, 828, -1,
          829, 828, 830, -1,
          829, 827, 828, -1,
          831, 830, 832, -1,
          831, 829, 830, -1,
          833, 832, 834, -1,
          833, 831, 832, -1,
          835, 834, 836, -1,
          835, 833, 834, -1,
          837, 836, 838, -1,
          837, 835, 836, -1,
          839, 838, 840, -1,
          839, 837, 838, -1,
          841, 840, 842, -1,
          841, 839, 840, -1,
          843, 842, 844, -1,
          843, 841, 842, -1,
          845, 844, 846, -1,
          845, 843, 844, -1,
          847, 846, 848, -1,
          847, 845, 846, -1,
          849, 848, 850, -1,
          849, 847, 848, -1,
          851, 850, 852, -1,
          851, 849, 850, -1,
          853, 851, 852, -1,
          853, 852, 854, -1,
          855, 853, 854, -1,
          855, 854, 856, -1,
          857, 855, 856, -1,
          857, 856, 858, -1,
          859, 857, 858, -1,
          859, 858, 860, -1,
          861, 859, 860, -1,
          861, 860, 862, -1,
          863, 861, 862, -1,
          863, 862, 864, -1,
          865, 863, 864, -1,
          865, 864, 866, -1,
          867, 866, 868, -1,
          867, 865, 866, -1,
          869, 868, 870, -1,
          869, 867, 868, -1,
          871, 870, 872, -1,
          871, 869, 870, -1,
          873, 872, 874, -1,
          873, 871, 872, -1,
          875, 874, 876, -1,
          875, 873, 874, -1,
          877, 876, 878, -1,
          877, 875, 876, -1,
          879, 878, 880, -1,
          879, 877, 878, -1,
          881, 880, 882, -1,
          881, 879, 880, -1,
          883, 882, 884, -1,
          883, 881, 882, -1,
          885, 884, 886, -1,
          885, 883, 884, -1,
          887, 886, 888, -1,
          887, 885, 886, -1,
          889, 888, 890, -1,
          889, 887, 888, -1,
          891, 890, 892, -1,
          891, 889, 890, -1,
          893, 892, 894, -1,
          893, 891, 892, -1,
          895, 894, 896, -1,
          895, 893, 894, -1,
          897, 896, 898, -1,
          897, 895, 896, -1,
          899, 898, 900, -1,
          899, 897, 898, -1,
          901, 899, 900, -1,
          901, 900, 902, -1,
          903, 901, 902, -1,
          903, 902, 904, -1,
          905, 903, 904, -1,
          905, 904, 906, -1,
          907, 905, 906, -1,
          907, 906, 908, -1,
          909, 907, 908, -1,
          909, 908, 910, -1,
          911, 909, 910, -1,
          911, 910, 912, -1,
          913, 911, 912, -1,
          913, 912, 914, -1,
          915, 913, 914, -1,
          915, 914, 916, -1,
          917, 915, 916, -1,
          917, 916, 918, -1,
          919, 917, 918, -1,
          919, 918, 920, -1,
          921, 919, 920, -1,
          921, 920, 922, -1,
          923, 921, 922, -1,
          923, 922, 924, -1,
          925, 923, 924, -1,
          925, 924, 926, -1,
          927, 925, 926, -1,
          927, 926, 928, -1,
          927, 928, 929, -1,
          930, 927, 929, -1,
          931, 930, 929, -1,
          931, 929, 932, -1,
          933, 931, 932, -1,
          933, 932, 934, -1,
          933, 934, 129, -1,
          126, 933, 129, -1,
          675, 935, 936, -1,
          675, 936, 676, -1,
          689, 714, 695, -1,
          695, 714, 699, -1,
          738, 707, 709, -1,
          738, 709, 749, -1,
          688, 670, 682, -1,
          937, 450, 479, -1,
          938, 479, 481, -1,
          938, 937, 479, -1,
          939, 938, 481, -1,
          940, 481, 486, -1,
          940, 939, 481, -1,
          941, 940, 486, -1,
          941, 487, 488, -1,
          941, 486, 487, -1,
          942, 489, 490, -1,
          942, 488, 489, -1,
          942, 941, 488, -1,
          943, 490, 491, -1,
          943, 942, 490, -1,
          944, 943, 491, -1,
          944, 491, 492, -1,
          945, 492, 493, -1,
          945, 944, 492, -1,
          946, 494, 503, -1,
          946, 493, 494, -1,
          946, 945, 493, -1,
          947, 503, 502, -1,
          947, 946, 503, -1,
          948, 500, 499, -1,
          948, 501, 500, -1,
          948, 502, 501, -1,
          948, 947, 502, -1,
          949, 499, 498, -1,
          949, 948, 499, -1,
          950, 498, 497, -1,
          950, 949, 498, -1,
          496, 950, 497, -1,
          951, 950, 496, -1,
          495, 951, 496, -1,
          495, 952, 951, -1,
          953, 450, 937, -1,
          506, 952, 495, -1,
          506, 954, 952, -1,
          507, 954, 506, -1,
          507, 955, 954, -1,
          507, 956, 955, -1,
          527, 956, 507, -1,
          526, 956, 527, -1,
          526, 957, 956, -1,
          525, 957, 526, -1,
          525, 958, 957, -1,
          959, 953, 960, -1,
          524, 958, 525, -1,
          524, 961, 958, -1,
          962, 960, 963, -1,
          962, 959, 960, -1,
          523, 961, 524, -1,
          964, 962, 963, -1,
          964, 963, 965, -1,
          966, 964, 965, -1,
          966, 965, 967, -1,
          522, 961, 523, -1,
          522, 968, 961, -1,
          521, 968, 522, -1,
          520, 968, 521, -1,
          520, 969, 968, -1,
          519, 969, 520, -1,
          519, 970, 969, -1,
          971, 966, 967, -1,
          971, 967, 972, -1,
          518, 970, 519, -1,
          518, 973, 970, -1,
          974, 971, 972, -1,
          517, 973, 518, -1,
          517, 975, 973, -1,
          976, 974, 972, -1,
          976, 972, 977, -1,
          516, 978, 975, -1,
          516, 975, 517, -1,
          979, 977, 980, -1,
          979, 976, 977, -1,
          515, 981, 978, -1,
          515, 978, 516, -1,
          514, 982, 981, -1,
          514, 981, 515, -1,
          983, 980, 984, -1,
          983, 979, 980, -1,
          513, 982, 514, -1,
          512, 982, 513, -1,
          512, 985, 982, -1,
          455, 985, 512, -1,
          456, 985, 455, -1,
          456, 986, 985, -1,
          510, 987, 983, -1,
          510, 988, 987, -1,
          510, 984, 989, -1,
          510, 990, 991, -1,
          510, 989, 990, -1,
          510, 983, 984, -1,
          457, 986, 456, -1,
          457, 992, 986, -1,
          458, 992, 457, -1,
          508, 510, 991, -1,
          508, 991, 993, -1,
          551, 992, 458, -1,
          551, 994, 992, -1,
          995, 988, 510, -1,
          509, 995, 510, -1,
          550, 994, 551, -1,
          529, 508, 993, -1,
          529, 993, 996, -1,
          547, 997, 994, -1,
          547, 994, 550, -1,
          531, 529, 996, -1,
          531, 996, 998, -1,
          533, 531, 998, -1,
          544, 997, 547, -1,
          544, 999, 997, -1,
          535, 533, 998, -1,
          542, 999, 544, -1,
          542, 1000, 999, -1,
          536, 535, 998, -1,
          536, 998, 1001, -1,
          538, 536, 1001, -1,
          540, 1000, 542, -1,
          540, 538, 1001, -1,
          540, 1001, 1000, -1,
          1002, 509, 511, -1,
          1002, 995, 509, -1,
          1003, 1002, 511, -1,
          528, 1003, 511, -1,
          1004, 1003, 528, -1,
          530, 1004, 528, -1,
          1005, 1004, 530, -1,
          532, 1005, 530, -1,
          534, 1005, 532, -1,
          534, 1006, 1005, -1,
          534, 1007, 1006, -1,
          451, 959, 1008, -1,
          537, 1007, 534, -1,
          539, 1009, 1007, -1,
          539, 1007, 537, -1,
          541, 1009, 539, -1,
          553, 451, 1008, -1,
          543, 1010, 1009, -1,
          543, 1009, 541, -1,
          545, 1011, 1010, -1,
          545, 1010, 543, -1,
          546, 1011, 545, -1,
          546, 1012, 1011, -1,
          549, 1012, 546, -1,
          554, 1008, 1013, -1,
          554, 1013, 1014, -1,
          554, 553, 1008, -1,
          459, 1012, 549, -1,
          459, 1015, 1012, -1,
          460, 1015, 459, -1,
          460, 1016, 1015, -1,
          461, 1016, 460, -1,
          461, 1017, 1016, -1,
          555, 1014, 1018, -1,
          555, 554, 1014, -1,
          462, 1019, 1017, -1,
          462, 1017, 461, -1,
          556, 1018, 1020, -1,
          556, 555, 1018, -1,
          591, 1021, 1019, -1,
          591, 1019, 462, -1,
          590, 1022, 1021, -1,
          590, 1021, 591, -1,
          557, 1023, 1024, -1,
          557, 1020, 1023, -1,
          557, 556, 1020, -1,
          589, 1025, 1022, -1,
          589, 1022, 590, -1,
          558, 557, 1024, -1,
          558, 1024, 1026, -1,
          588, 1025, 589, -1,
          559, 558, 1026, -1,
          559, 1026, 1027, -1,
          587, 1028, 1025, -1,
          587, 1025, 588, -1,
          560, 559, 1027, -1,
          586, 1028, 587, -1,
          585, 1029, 1028, -1,
          585, 1028, 586, -1,
          561, 1027, 1030, -1,
          561, 560, 1027, -1,
          584, 1029, 585, -1,
          562, 561, 1030, -1,
          583, 1031, 1029, -1,
          583, 1029, 584, -1,
          563, 1030, 1032, -1,
          563, 562, 1030, -1,
          582, 1031, 583, -1,
          564, 563, 1032, -1,
          565, 1032, 1033, -1,
          565, 564, 1032, -1,
          581, 1034, 1031, -1,
          581, 1031, 582, -1,
          576, 1033, 1035, -1,
          576, 565, 1033, -1,
          580, 1036, 1034, -1,
          580, 1034, 581, -1,
          577, 576, 1035, -1,
          578, 577, 1035, -1,
          578, 1035, 1036, -1,
          579, 1036, 580, -1,
          579, 578, 1036, -1,
          451, 450, 953, -1,
          451, 953, 959, -1,
          944, 942, 943, -1,
          945, 942, 944, -1,
          946, 942, 945, -1,
          947, 941, 942, -1,
          947, 942, 946, -1,
          948, 941, 947, -1,
          949, 940, 941, -1,
          949, 941, 948, -1,
          950, 940, 949, -1,
          951, 939, 940, -1,
          951, 940, 950, -1,
          952, 939, 951, -1,
          954, 939, 952, -1,
          955, 938, 939, -1,
          955, 939, 954, -1,
          956, 938, 955, -1,
          957, 937, 938, -1,
          957, 938, 956, -1,
          958, 937, 957, -1,
          961, 937, 958, -1,
          968, 937, 961, -1,
          969, 937, 968, -1,
          970, 937, 969, -1,
          973, 937, 970, -1,
          975, 937, 973, -1,
          953, 937, 975, -1,
          953, 975, 978, -1,
          953, 978, 981, -1,
          953, 981, 982, -1,
          985, 953, 982, -1,
          986, 953, 985, -1,
          992, 960, 953, -1,
          992, 953, 986, -1,
          994, 963, 960, -1,
          994, 960, 992, -1,
          997, 963, 994, -1,
          999, 965, 963, -1,
          999, 963, 997, -1,
          1000, 965, 999, -1,
          1000, 967, 965, -1,
          1001, 967, 1000, -1,
          1001, 972, 967, -1,
          998, 972, 1001, -1,
          996, 972, 998, -1,
          996, 977, 972, -1,
          993, 977, 996, -1,
          991, 980, 977, -1,
          991, 977, 993, -1,
          990, 989, 984, -1,
          990, 984, 980, -1,
          990, 980, 991, -1,
          483, 475, 476, -1,
          484, 476, 477, -1,
          484, 483, 476, -1,
          485, 484, 477, -1,
          478, 485, 477, -1,
          452, 485, 478, -1,
          480, 475, 483, -1,
          504, 480, 483, -1,
          505, 504, 483, -1,
          482, 505, 483, -1,
          1037, 1038, 1039, -1,
          1037, 1039, 1040, -1,
          1037, 1040, 1041, -1,
          979, 974, 976, -1,
          983, 971, 974, -1,
          983, 974, 979, -1,
          987, 971, 983, -1,
          988, 971, 987, -1,
          995, 966, 971, -1,
          995, 971, 988, -1,
          1002, 964, 966, -1,
          1002, 966, 995, -1,
          1003, 962, 964, -1,
          1003, 964, 1002, -1,
          1004, 959, 962, -1,
          1004, 962, 1003, -1,
          1005, 959, 1004, -1,
          1006, 959, 1005, -1,
          1007, 959, 1006, -1,
          1009, 959, 1007, -1,
          1010, 959, 1009, -1,
          1011, 959, 1010, -1,
          1012, 959, 1011, -1,
          1015, 959, 1012, -1,
          1016, 959, 1015, -1,
          1008, 1016, 1017, -1,
          1008, 1017, 1019, -1,
          1008, 1019, 1021, -1,
          1008, 1021, 1022, -1,
          1008, 1022, 1025, -1,
          1008, 959, 1016, -1,
          1028, 1008, 1025, -1,
          1029, 1013, 1008, -1,
          1029, 1008, 1028, -1,
          1031, 1014, 1013, -1,
          1031, 1013, 1029, -1,
          1034, 1014, 1031, -1,
          1036, 1014, 1034, -1,
          1035, 1018, 1014, -1,
          1035, 1014, 1036, -1,
          1033, 1018, 1035, -1,
          1026, 1024, 1023, -1,
          1032, 1018, 1033, -1,
          1027, 1026, 1023, -1,
          1027, 1023, 1020, -1,
          1030, 1018, 1032, -1,
          1030, 1027, 1020, -1,
          1030, 1020, 1018, -1,
          1042, 1043, 1044, -1,
          1042, 1044, 1045, -1,
          1046, 1042, 1047, -1,
          1048, 1046, 1049, -1,
          1050, 1046, 1048, -1,
          1050, 1042, 1046, -1,
          1050, 1043, 1042, -1,
          1051, 1043, 1050, -1,
          1051, 1052, 1043, -1,
          1053, 1054, 1052, -1,
          1053, 1052, 1051, -1,
          1055, 1056, 1054, -1,
          1055, 1054, 1053, -1,
          1057, 1058, 1056, -1,
          1057, 1056, 1055, -1,
          1059, 1060, 1058, -1,
          1059, 1058, 1057, -1,
          1061, 1062, 1063, -1,
          1061, 1063, 1060, -1,
          1061, 1060, 1059, -1,
          1064, 1065, 1062, -1,
          1064, 1062, 1061, -1,
          1066, 1067, 1065, -1,
          1066, 1065, 1064, -1,
          1068, 1069, 1067, -1,
          1068, 1067, 1066, -1,
          1070, 1071, 1069, -1,
          1070, 1069, 1068, -1,
          1072, 1071, 1070, -1,
          1073, 1074, 1071, -1,
          1073, 1071, 1072, -1,
          1075, 1076, 1077, -1,
          1075, 1077, 1074, -1,
          1075, 1074, 1073, -1,
          1078, 1079, 1076, -1,
          1078, 1076, 1075, -1,
          1080, 1079, 1078, -1,
          1080, 1081, 1082, -1,
          1080, 1082, 1079, -1,
          1083, 1081, 1080, -1,
          1083, 1084, 1081, -1,
          1085, 1084, 1083, -1,
          1085, 1086, 1087, -1,
          1085, 1087, 1084, -1,
          1088, 1086, 1085, -1,
          1088, 1089, 1086, -1,
          1090, 1089, 1088, -1,
          1090, 1091, 1089, -1,
          1092, 1091, 1090, -1,
          1092, 1093, 1091, -1,
          1094, 1093, 1092, -1,
          1094, 1095, 1093, -1,
          1096, 1097, 1095, -1,
          1096, 1095, 1094, -1,
          1098, 1097, 1096, -1,
          1099, 1100, 1097, -1,
          1099, 1097, 1098, -1,
          1101, 1102, 1100, -1,
          1101, 1100, 1099, -1,
          1103, 1104, 1102, -1,
          1103, 1102, 1101, -1,
          1105, 1106, 1104, -1,
          1105, 1104, 1103, -1,
          1107, 1106, 1105, -1,
          1108, 1109, 1106, -1,
          1108, 1106, 1107, -1,
          1110, 1111, 1109, -1,
          1110, 1109, 1108, -1,
          1112, 1113, 1111, -1,
          1112, 1111, 1110, -1,
          1114, 1115, 1116, -1,
          1114, 1116, 1113, -1,
          1114, 1113, 1112, -1,
          1117, 1118, 1119, -1,
          1117, 1119, 1120, -1,
          1121, 1122, 1115, -1,
          1121, 1115, 1114, -1,
          1123, 1122, 1121, -1,
          1124, 1125, 1122, -1,
          1124, 1122, 1123, -1,
          1126, 1127, 1117, -1,
          1126, 1117, 1120, -1,
          1128, 1129, 1125, -1,
          1128, 1125, 1124, -1,
          1130, 1129, 1128, -1,
          1131, 1129, 1130, -1,
          1131, 1132, 1129, -1,
          1133, 1126, 1120, -1,
          1133, 1134, 1126, -1,
          1135, 1120, 1136, -1,
          1135, 1133, 1120, -1,
          1137, 1138, 1139, -1,
          1137, 1139, 1132, -1,
          1137, 1132, 1131, -1,
          1140, 1136, 1138, -1,
          1140, 1135, 1136, -1,
          1140, 1138, 1137, -1,
          1038, 453, 548, -1,
          1039, 548, 566, -1,
          1039, 1038, 548, -1,
          570, 552, 567, -1,
          1040, 566, 570, -1,
          1040, 1039, 566, -1,
          572, 567, 568, -1,
          572, 568, 569, -1,
          572, 570, 567, -1,
          1041, 1040, 570, -1,
          464, 570, 572, -1,
          464, 1041, 570, -1,
          610, 572, 571, -1,
          610, 464, 572, -1,
          605, 571, 573, -1,
          605, 610, 571, -1,
          593, 573, 574, -1,
          593, 605, 573, -1,
          1037, 453, 1038, -1,
          1037, 1041, 464, -1,
          454, 453, 1037, -1,
          637, 454, 1037, -1,
          638, 637, 1037, -1,
          463, 638, 1037, -1,
          464, 463, 1037, -1,
          1141, 1142, 1143, -1,
          1141, 1143, 1144, -1,
          1141, 1144, 1145, -1,
          1067, 595, 597, -1,
          1069, 595, 1067, -1,
          1069, 594, 595, -1,
          1069, 592, 594, -1,
          1065, 1067, 597, -1,
          1065, 597, 599, -1,
          1062, 1065, 599, -1,
          1062, 601, 603, -1,
          1062, 599, 601, -1,
          1071, 592, 1069, -1,
          1071, 596, 592, -1,
          1071, 598, 596, -1,
          1063, 1062, 603, -1,
          1063, 603, 606, -1,
          1074, 598, 1071, -1,
          1074, 600, 598, -1,
          1074, 602, 600, -1,
          1060, 606, 608, -1,
          1060, 1063, 606, -1,
          1077, 602, 1074, -1,
          1077, 604, 602, -1,
          1058, 1060, 608, -1,
          1076, 604, 1077, -1,
          1076, 607, 604, -1,
          1056, 611, 613, -1,
          1056, 608, 611, -1,
          1056, 1058, 608, -1,
          1079, 607, 1076, -1,
          1054, 613, 615, -1,
          1054, 1056, 613, -1,
          1082, 607, 1079, -1,
          1082, 609, 607, -1,
          1052, 1054, 615, -1,
          1052, 615, 617, -1,
          1081, 609, 1082, -1,
          1081, 612, 609, -1,
          1043, 1052, 617, -1,
          1043, 617, 618, -1,
          1084, 614, 612, -1,
          1084, 612, 1081, -1,
          1044, 1043, 618, -1,
          1044, 618, 619, -1,
          1087, 614, 1084, -1,
          1087, 616, 614, -1,
          1045, 1044, 619, -1,
          1045, 474, 473, -1,
          1045, 619, 474, -1,
          1086, 616, 1087, -1,
          1086, 466, 616, -1,
          1042, 1045, 473, -1,
          1042, 473, 472, -1,
          1089, 466, 1086, -1,
          1089, 465, 466, -1,
          1091, 465, 1089, -1,
          1091, 467, 465, -1,
          1047, 472, 471, -1,
          1047, 1042, 472, -1,
          1093, 467, 1091, -1,
          1095, 467, 1093, -1,
          1095, 620, 467, -1,
          1046, 471, 470, -1,
          1046, 1047, 471, -1,
          1097, 620, 1095, -1,
          1097, 621, 620, -1,
          1097, 622, 621, -1,
          1049, 470, 469, -1,
          1049, 1046, 470, -1,
          1048, 1049, 469, -1,
          1100, 623, 622, -1,
          1100, 622, 1097, -1,
          1050, 1048, 469, -1,
          630, 469, 575, -1,
          1102, 623, 1100, -1,
          1102, 624, 623, -1,
          1051, 1050, 469, -1,
          1104, 624, 1102, -1,
          1104, 625, 624, -1,
          1053, 1051, 469, -1,
          1055, 1053, 469, -1,
          1106, 626, 625, -1,
          1106, 627, 626, -1,
          1106, 625, 1104, -1,
          1057, 1055, 469, -1,
          1109, 628, 627, -1,
          1109, 627, 1106, -1,
          640, 469, 630, -1,
          640, 1057, 469, -1,
          1059, 1057, 640, -1,
          1111, 629, 628, -1,
          1111, 628, 1109, -1,
          1061, 1059, 640, -1,
          1113, 631, 629, -1,
          1113, 629, 1111, -1,
          1116, 631, 1113, -1,
          632, 631, 1116, -1,
          643, 1061, 640, -1,
          643, 1064, 1061, -1,
          1115, 632, 1116, -1,
          633, 632, 1115, -1,
          1122, 633, 1115, -1,
          634, 633, 1122, -1,
          645, 1064, 643, -1,
          645, 1066, 1064, -1,
          645, 1068, 1066, -1,
          1125, 634, 1122, -1,
          635, 634, 1125, -1,
          636, 635, 1125, -1,
          636, 1125, 1129, -1,
          648, 1068, 645, -1,
          648, 1070, 1068, -1,
          648, 1072, 1070, -1,
          639, 636, 1129, -1,
          652, 1072, 648, -1,
          652, 1073, 1072, -1,
          641, 639, 1129, -1,
          641, 1129, 1132, -1,
          447, 1073, 652, -1,
          447, 1075, 1073, -1,
          642, 1132, 1139, -1,
          642, 641, 1132, -1,
          644, 1139, 1138, -1,
          644, 642, 1139, -1,
          448, 1075, 447, -1,
          448, 1078, 1075, -1,
          646, 644, 1138, -1,
          646, 1138, 1136, -1,
          449, 1078, 448, -1,
          449, 1080, 1078, -1,
          647, 1136, 1120, -1,
          647, 646, 1136, -1,
          441, 1080, 449, -1,
          441, 1083, 1080, -1,
          649, 1120, 1119, -1,
          649, 647, 1120, -1,
          439, 1083, 441, -1,
          439, 1085, 1083, -1,
          651, 1119, 1118, -1,
          651, 649, 1119, -1,
          437, 1088, 1085, -1,
          437, 1090, 1088, -1,
          437, 1085, 439, -1,
          653, 651, 1118, -1,
          410, 1118, 1117, -1,
          410, 653, 1118, -1,
          436, 1092, 1090, -1,
          436, 1090, 437, -1,
          411, 410, 1117, -1,
          411, 1117, 1127, -1,
          442, 1092, 436, -1,
          442, 1094, 1092, -1,
          412, 411, 1127, -1,
          412, 1127, 1126, -1,
          440, 1094, 442, -1,
          440, 1096, 1094, -1,
          438, 1098, 1096, -1,
          438, 1096, 440, -1,
          435, 1099, 1098, -1,
          435, 1098, 438, -1,
          413, 412, 1126, -1,
          413, 1126, 1134, -1,
          434, 1101, 1099, -1,
          434, 1099, 435, -1,
          414, 413, 1134, -1,
          433, 1101, 434, -1,
          433, 1103, 1101, -1,
          415, 414, 1134, -1,
          415, 1134, 1133, -1,
          432, 1103, 433, -1,
          432, 1105, 1103, -1,
          416, 415, 1133, -1,
          416, 1133, 1135, -1,
          445, 1105, 432, -1,
          445, 1107, 1105, -1,
          417, 1135, 1140, -1,
          417, 416, 1135, -1,
          444, 1108, 1107, -1,
          444, 1107, 445, -1,
          418, 1140, 1137, -1,
          418, 417, 1140, -1,
          443, 1110, 1108, -1,
          443, 1108, 444, -1,
          419, 418, 1137, -1,
          430, 1112, 1110, -1,
          430, 1110, 443, -1,
          429, 1114, 1112, -1,
          429, 1112, 430, -1,
          420, 1137, 1131, -1,
          420, 419, 1137, -1,
          428, 1114, 429, -1,
          421, 1131, 1130, -1,
          421, 420, 1131, -1,
          427, 1114, 428, -1,
          427, 1121, 1114, -1,
          422, 421, 1130, -1,
          422, 1130, 1128, -1,
          426, 1121, 427, -1,
          425, 1121, 426, -1,
          425, 1123, 1121, -1,
          423, 422, 1128, -1,
          423, 1128, 1124, -1,
          424, 1123, 425, -1,
          424, 423, 1124, -1,
          424, 1124, 1123, -1,
          469, 468, 575, -1,
          1142, 446, 650, -1,
          1142, 650, 409, -1,
          1143, 409, 408, -1,
          1143, 1142, 409, -1,
          660, 655, 654, -1,
          660, 654, 656, -1,
          1144, 408, 658, -1,
          1144, 658, 659, -1,
          1144, 1143, 408, -1,
          663, 656, 657, -1,
          663, 660, 656, -1,
          1145, 659, 660, -1,
          1145, 1144, 659, -1,
          1145, 660, 663, -1,
          935, 663, 662, -1,
          935, 1145, 663, -1,
          936, 935, 662, -1,
          676, 662, 664, -1,
          676, 936, 662, -1,
          667, 664, 665, -1,
          667, 676, 664, -1,
          431, 446, 1142, -1,
          1141, 1145, 935, -1,
          672, 431, 1141, -1,
          673, 672, 1141, -1,
          674, 673, 1141, -1,
          675, 674, 1141, -1,
          935, 675, 1141, -1,
          1142, 1141, 431, -1,
          680, 666, 668, -1,
          680, 668, 669, -1,
          680, 669, 670, -1,
          685, 677, 678, -1,
          685, 678, 679, -1,
          686, 679, 680, -1,
          686, 685, 679, -1,
          687, 686, 680, -1,
          688, 680, 670, -1,
          688, 687, 680, -1,
          1146, 1147, 1148, -1,
          1146, 1148, 1149, -1,
          1146, 1149, 1150, -1,
          697, 682, 681, -1,
          697, 681, 683, -1,
          698, 683, 692, -1,
          698, 697, 683, -1,
          699, 692, 695, -1,
          699, 698, 692, -1,
          1151, 709, 712, -1,
          1152, 712, 713, -1,
          1152, 1151, 712, -1,
          1153, 1152, 713, -1,
          1154, 713, 715, -1,
          1154, 1153, 713, -1,
          1155, 1154, 715, -1,
          1155, 716, 717, -1,
          1155, 715, 716, -1,
          1156, 718, 719, -1,
          1156, 717, 718, -1,
          1156, 1155, 717, -1,
          1157, 719, 720, -1,
          1157, 1156, 719, -1,
          1158, 1157, 720, -1,
          1158, 720, 721, -1,
          1159, 721, 722, -1,
          1159, 1158, 721, -1,
          1160, 723, 724, -1,
          1160, 722, 723, -1,
          1160, 1159, 722, -1,
          1161, 724, 734, -1,
          1161, 1160, 724, -1,
          1162, 732, 731, -1,
          1162, 733, 732, -1,
          1162, 734, 733, -1,
          1162, 1161, 734, -1,
          1163, 731, 730, -1,
          1163, 1162, 731, -1,
          1164, 730, 729, -1,
          1164, 1163, 730, -1,
          728, 1164, 729, -1,
          1165, 1164, 728, -1,
          727, 1165, 728, -1,
          727, 1166, 1165, -1,
          1167, 709, 1151, -1,
          726, 1166, 727, -1,
          726, 1168, 1166, -1,
          739, 1168, 726, -1,
          739, 1169, 1168, -1,
          739, 1170, 1169, -1,
          740, 1170, 739, -1,
          741, 1170, 740, -1,
          741, 1171, 1170, -1,
          742, 1171, 741, -1,
          742, 1172, 1171, -1,
          1173, 1167, 1174, -1,
          743, 1172, 742, -1,
          743, 1175, 1172, -1,
          1176, 1174, 1177, -1,
          1176, 1173, 1174, -1,
          744, 1175, 743, -1,
          1178, 1176, 1177, -1,
          1178, 1177, 1179, -1,
          1180, 1178, 1179, -1,
          1180, 1179, 1181, -1,
          745, 1175, 744, -1,
          745, 1182, 1175, -1,
          746, 1182, 745, -1,
          747, 1182, 746, -1,
          747, 1183, 1182, -1,
          748, 1183, 747, -1,
          748, 1184, 1183, -1,
          1185, 1180, 1181, -1,
          1185, 1181, 1186, -1,
          750, 1184, 748, -1,
          750, 1187, 1184, -1,
          1188, 1185, 1186, -1,
          787, 1187, 750, -1,
          787, 1189, 1187, -1,
          1190, 1188, 1186, -1,
          1190, 1186, 1191, -1,
          786, 1192, 1189, -1,
          786, 1189, 787, -1,
          1193, 1191, 1194, -1,
          1193, 1190, 1191, -1,
          785, 1195, 1192, -1,
          785, 1192, 786, -1,
          824, 1196, 1195, -1,
          824, 1195, 785, -1,
          1197, 1194, 1198, -1,
          1197, 1193, 1194, -1,
          823, 1196, 824, -1,
          805, 1196, 823, -1,
          805, 1199, 1196, -1,
          804, 1199, 805, -1,
          783, 1199, 804, -1,
          783, 1200, 1199, -1,
          753, 1201, 1197, -1,
          753, 1202, 1201, -1,
          753, 1198, 1203, -1,
          753, 1204, 1205, -1,
          753, 1203, 1204, -1,
          753, 1197, 1198, -1,
          781, 1200, 783, -1,
          781, 1206, 1200, -1,
          779, 1206, 781, -1,
          751, 753, 1205, -1,
          751, 1205, 1207, -1,
          777, 1206, 779, -1,
          777, 1208, 1206, -1,
          1209, 1202, 753, -1,
          752, 1209, 753, -1,
          776, 1208, 777, -1,
          756, 751, 1207, -1,
          756, 1207, 1210, -1,
          774, 1211, 1208, -1,
          774, 1208, 776, -1,
          758, 756, 1210, -1,
          758, 1210, 1212, -1,
          760, 758, 1212, -1,
          771, 1211, 774, -1,
          771, 1213, 1211, -1,
          762, 760, 1212, -1,
          769, 1213, 771, -1,
          769, 1214, 1213, -1,
          763, 762, 1212, -1,
          763, 1212, 1215, -1,
          765, 763, 1215, -1,
          767, 1214, 769, -1,
          767, 765, 1215, -1,
          767, 1215, 1214, -1,
          1216, 752, 754, -1,
          1216, 1209, 752, -1,
          1217, 1216, 754, -1,
          755, 1217, 754, -1,
          1218, 1217, 755, -1,
          757, 1218, 755, -1,
          1219, 1218, 757, -1,
          759, 1219, 757, -1,
          761, 1219, 759, -1,
          761, 1220, 1219, -1,
          761, 1221, 1220, -1,
          749, 1173, 1222, -1,
          764, 1221, 761, -1,
          766, 1223, 1221, -1,
          766, 1221, 764, -1,
          768, 1223, 766, -1,
          789, 749, 1222, -1,
          770, 1224, 1223, -1,
          770, 1223, 768, -1,
          772, 1225, 1224, -1,
          772, 1224, 770, -1,
          773, 1225, 772, -1,
          773, 1226, 1225, -1,
          775, 1226, 773, -1,
          790, 1222, 1227, -1,
          790, 1227, 1228, -1,
          790, 789, 1222, -1,
          778, 1226, 775, -1,
          778, 1229, 1226, -1,
          780, 1229, 778, -1,
          780, 1230, 1229, -1,
          782, 1230, 780, -1,
          782, 1231, 1230, -1,
          791, 1228, 1232, -1,
          791, 790, 1228, -1,
          821, 1233, 1231, -1,
          821, 1231, 782, -1,
          792, 1232, 1234, -1,
          792, 791, 1232, -1,
          820, 1235, 1233, -1,
          820, 1233, 821, -1,
          819, 1236, 1235, -1,
          819, 1235, 820, -1,
          793, 1237, 1238, -1,
          793, 1234, 1237, -1,
          793, 792, 1234, -1,
          818, 1239, 1236, -1,
          818, 1236, 819, -1,
          794, 793, 1238, -1,
          794, 1238, 1240, -1,
          817, 1239, 818, -1,
          795, 794, 1240, -1,
          795, 1240, 1241, -1,
          816, 1242, 1239, -1,
          816, 1239, 817, -1,
          796, 795, 1241, -1,
          815, 1242, 816, -1,
          814, 1243, 1242, -1,
          814, 1242, 815, -1,
          797, 1241, 1244, -1,
          797, 796, 1241, -1,
          813, 1243, 814, -1,
          798, 797, 1244, -1,
          812, 1245, 1243, -1,
          812, 1243, 813, -1,
          799, 1244, 1246, -1,
          799, 798, 1244, -1,
          811, 1245, 812, -1,
          800, 799, 1246, -1,
          801, 1246, 1247, -1,
          801, 800, 1246, -1,
          810, 1248, 1245, -1,
          810, 1245, 811, -1,
          802, 1247, 1249, -1,
          802, 801, 1247, -1,
          809, 1250, 1248, -1,
          809, 1248, 810, -1,
          806, 802, 1249, -1,
          807, 806, 1249, -1,
          807, 1249, 1250, -1,
          808, 1250, 809, -1,
          808, 807, 1250, -1,
          749, 709, 1167, -1,
          749, 1167, 1173, -1,
          1158, 1156, 1157, -1,
          1159, 1156, 1158, -1,
          1160, 1156, 1159, -1,
          1161, 1155, 1156, -1,
          1161, 1156, 1160, -1,
          1162, 1155, 1161, -1,
          1163, 1154, 1155, -1,
          1163, 1155, 1162, -1,
          1164, 1154, 1163, -1,
          1165, 1153, 1154, -1,
          1165, 1154, 1164, -1,
          1166, 1153, 1165, -1,
          1168, 1153, 1166, -1,
          1169, 1152, 1153, -1,
          1169, 1153, 1168, -1,
          1170, 1152, 1169, -1,
          1171, 1151, 1152, -1,
          1171, 1152, 1170, -1,
          1172, 1151, 1171, -1,
          1175, 1151, 1172, -1,
          1182, 1151, 1175, -1,
          1183, 1151, 1182, -1,
          1184, 1151, 1183, -1,
          1187, 1151, 1184, -1,
          1189, 1151, 1187, -1,
          1167, 1151, 1189, -1,
          1167, 1189, 1192, -1,
          1167, 1192, 1195, -1,
          1167, 1195, 1196, -1,
          1199, 1167, 1196, -1,
          1200, 1167, 1199, -1,
          1206, 1174, 1167, -1,
          1206, 1167, 1200, -1,
          1208, 1177, 1174, -1,
          1208, 1174, 1206, -1,
          1211, 1177, 1208, -1,
          1213, 1179, 1177, -1,
          1213, 1177, 1211, -1,
          1214, 1179, 1213, -1,
          1214, 1181, 1179, -1,
          1215, 1181, 1214, -1,
          1215, 1186, 1181, -1,
          1212, 1186, 1215, -1,
          1210, 1186, 1212, -1,
          1210, 1191, 1186, -1,
          1207, 1191, 1210, -1,
          1205, 1194, 1191, -1,
          1205, 1191, 1207, -1,
          1204, 1203, 1198, -1,
          1204, 1198, 1194, -1,
          1204, 1194, 1205, -1,
          702, 689, 691, -1,
          702, 691, 693, -1,
          702, 693, 694, -1,
          1147, 702, 700, -1,
          1147, 689, 702, -1,
          1148, 1147, 700, -1,
          703, 1148, 700, -1,
          1149, 1148, 703, -1,
          708, 704, 705, -1,
          708, 705, 706, -1,
          708, 706, 707, -1,
          1150, 703, 708, -1,
          1150, 708, 707, -1,
          1150, 1149, 703, -1,
          714, 1147, 1146, -1,
          714, 689, 1147, -1,
          736, 714, 1146, -1,
          737, 736, 1146, -1,
          738, 1146, 1150, -1,
          738, 737, 1146, -1,
          738, 1150, 707, -1,
          332, 127, 125, -1,
          332, 125, 123, -1,
          332, 123, 121, -1,
          332, 121, 119, -1,
          332, 119, 117, -1,
          8, 338, 10, -1,
          6, 338, 8, -1,
          4, 338, 6, -1,
          0, 338, 4, -1,
          2, 338, 0, -1,
          1251, 97, 95, -1,
          1251, 95, 92, -1,
          1251, 92, 91, -1,
          1251, 91, 89, -1,
          1251, 89, 86, -1,
          1251, 86, 84, -1,
          1251, 84, 82, -1,
          1251, 82, 80, -1,
          1251, 80, 79, -1,
          1251, 79, 76, -1,
          1251, 76, 74, -1,
          1252, 353, 332, -1,
          1252, 117, 115, -1,
          1252, 115, 113, -1,
          1252, 113, 111, -1,
          1252, 111, 109, -1,
          1252, 97, 1251, -1,
          1252, 109, 107, -1,
          1252, 107, 104, -1,
          1252, 104, 102, -1,
          1252, 102, 101, -1,
          1252, 101, 98, -1,
          1252, 98, 97, -1,
          1252, 332, 117, -1,
          1253, 74, 72, -1,
          1253, 72, 70, -1,
          1253, 70, 68, -1,
          1253, 68, 66, -1,
          1253, 66, 64, -1,
          1253, 64, 63, -1,
          1253, 63, 60, -1,
          1253, 60, 58, -1,
          1253, 58, 56, -1,
          1253, 56, 54, -1,
          1253, 54, 52, -1,
          1253, 1251, 74, -1,
          1254, 353, 1252, -1,
          1254, 364, 353, -1,
          1254, 1252, 1251, -1,
          1254, 1251, 1253, -1,
          1255, 52, 50, -1,
          1255, 50, 48, -1,
          1255, 48, 46, -1,
          1255, 46, 44, -1,
          1255, 44, 42, -1,
          1255, 42, 40, -1,
          1255, 40, 38, -1,
          1255, 38, 36, -1,
          1255, 36, 34, -1,
          1255, 34, 32, -1,
          1255, 32, 30, -1,
          1255, 1253, 52, -1,
          1256, 364, 1254, -1,
          1256, 1254, 1253, -1,
          1256, 365, 364, -1,
          1256, 1253, 1255, -1,
          1257, 30, 28, -1,
          1257, 28, 26, -1,
          1257, 26, 24, -1,
          1257, 24, 22, -1,
          1257, 365, 1256, -1,
          1257, 22, 20, -1,
          1257, 20, 18, -1,
          1257, 1256, 1255, -1,
          1257, 18, 16, -1,
          1257, 16, 14, -1,
          1257, 14, 12, -1,
          1257, 12, 10, -1,
          1257, 1255, 30, -1,
          1257, 338, 365, -1,
          1257, 10, 338, -1,
          1193, 1188, 1190, -1,
          1197, 1185, 1188, -1,
          1197, 1188, 1193, -1,
          1201, 1185, 1197, -1,
          1202, 1185, 1201, -1,
          1209, 1180, 1185, -1,
          1209, 1185, 1202, -1,
          1216, 1178, 1180, -1,
          1216, 1180, 1209, -1,
          1217, 1176, 1178, -1,
          1217, 1178, 1216, -1,
          1218, 1173, 1176, -1,
          1218, 1176, 1217, -1,
          1219, 1173, 1218, -1,
          1220, 1173, 1219, -1,
          1221, 1173, 1220, -1,
          1223, 1173, 1221, -1,
          1224, 1173, 1223, -1,
          1225, 1173, 1224, -1,
          1226, 1173, 1225, -1,
          1229, 1173, 1226, -1,
          1230, 1173, 1229, -1,
          1222, 1230, 1231, -1,
          1222, 1231, 1233, -1,
          1222, 1233, 1235, -1,
          1222, 1235, 1236, -1,
          1222, 1236, 1239, -1,
          1222, 1173, 1230, -1,
          1242, 1222, 1239, -1,
          1243, 1227, 1222, -1,
          1243, 1222, 1242, -1,
          1245, 1228, 1227, -1,
          1245, 1227, 1243, -1,
          1248, 1228, 1245, -1,
          1250, 1228, 1248, -1,
          1249, 1232, 1228, -1,
          1249, 1228, 1250, -1,
          1247, 1232, 1249, -1,
          1240, 1238, 1237, -1,
          1246, 1232, 1247, -1,
          1241, 1240, 1237, -1,
          1241, 1237, 1234, -1,
          1244, 1232, 1246, -1,
          1244, 1241, 1234, -1,
          1244, 1234, 1232, -1,
          256, 255, 252, -1,
          256, 252, 251, -1,
          256, 251, 249, -1,
          256, 249, 246, -1,
          256, 246, 245, -1,
          136, 262, 138, -1,
          134, 262, 136, -1,
          132, 262, 134, -1,
          128, 262, 132, -1,
          130, 262, 128, -1,
          1258, 224, 222, -1,
          1258, 222, 221, -1,
          1258, 221, 219, -1,
          1258, 219, 217, -1,
          1258, 217, 214, -1,
          1258, 214, 212, -1,
          1258, 212, 211, -1,
          1258, 211, 208, -1,
          1258, 208, 207, -1,
          1258, 207, 204, -1,
          1258, 204, 202, -1,
          1259, 277, 256, -1,
          1259, 245, 243, -1,
          1259, 243, 240, -1,
          1259, 240, 239, -1,
          1259, 239, 237, -1,
          1259, 237, 235, -1,
          1259, 235, 232, -1,
          1259, 232, 230, -1,
          1259, 224, 1258, -1,
          1259, 230, 229, -1,
          1259, 229, 226, -1,
          1259, 226, 224, -1,
          1259, 256, 245, -1,
          1260, 202, 200, -1,
          1260, 200, 199, -1,
          1260, 199, 196, -1,
          1260, 196, 194, -1,
          1260, 194, 192, -1,
          1260, 192, 190, -1,
          1260, 190, 188, -1,
          1260, 188, 186, -1,
          1260, 186, 184, -1,
          1260, 184, 182, -1,
          1260, 182, 180, -1,
          1260, 1258, 202, -1,
          1261, 288, 277, -1,
          1261, 1258, 1260, -1,
          1261, 1259, 1258, -1,
          1261, 277, 1259, -1,
          1262, 180, 178, -1,
          1262, 178, 176, -1,
          1262, 176, 174, -1,
          1262, 174, 172, -1,
          1262, 172, 170, -1,
          1262, 170, 168, -1,
          1262, 168, 166, -1,
          1262, 166, 164, -1,
          1262, 164, 162, -1,
          1262, 162, 160, -1,
          1262, 160, 158, -1,
          1262, 1260, 180, -1,
          1263, 289, 288, -1,
          1263, 288, 1261, -1,
          1263, 1261, 1260, -1,
          1263, 1260, 1262, -1,
          1264, 262, 289, -1,
          1264, 1262, 158, -1,
          1264, 289, 1263, -1,
          1264, 158, 156, -1,
          1264, 156, 154, -1,
          1264, 154, 152, -1,
          1264, 1263, 1262, -1,
          1264, 152, 150, -1,
          1264, 150, 148, -1,
          1264, 148, 146, -1,
          1264, 146, 144, -1,
          1264, 144, 142, -1,
          1264, 142, 140, -1,
          1264, 140, 138, -1,
          1264, 138, 262, -1,
          260, 254, 255, -1,
          661, 254, 260, -1,
          259, 661, 260, -1,
          671, 661, 259, -1,
          258, 671, 259, -1,
          690, 671, 258, -1,
          257, 690, 258, -1,
          701, 690, 257, -1,
          275, 701, 257, -1,
          710, 701, 275, -1,
          274, 710, 275, -1,
          725, 710, 274, -1,
          273, 725, 274, -1,
          784, 725, 273, -1,
          272, 784, 273, -1,
          826, 784, 272, -1,
          271, 826, 272, -1,
          828, 826, 271, -1,
          270, 828, 271, -1,
          830, 828, 270, -1,
          269, 830, 270, -1,
          832, 830, 269, -1,
          268, 832, 269, -1,
          834, 832, 268, -1,
          267, 834, 268, -1,
          836, 834, 267, -1,
          286, 836, 267, -1,
          838, 836, 286, -1,
          285, 838, 286, -1,
          840, 838, 285, -1,
          284, 840, 285, -1,
          842, 840, 284, -1,
          283, 842, 284, -1,
          844, 842, 283, -1,
          282, 844, 283, -1,
          846, 844, 282, -1,
          281, 846, 282, -1,
          848, 846, 281, -1,
          280, 848, 281, -1,
          850, 848, 280, -1,
          852, 850, 280, -1,
          852, 280, 279, -1,
          300, 852, 279, -1,
          854, 852, 300, -1,
          299, 854, 300, -1,
          856, 854, 299, -1,
          858, 856, 299, -1,
          858, 299, 298, -1,
          860, 858, 298, -1,
          860, 298, 297, -1,
          296, 860, 297, -1,
          862, 860, 296, -1,
          295, 862, 296, -1,
          864, 862, 295, -1,
          294, 864, 295, -1,
          866, 864, 294, -1,
          293, 866, 294, -1,
          868, 866, 293, -1,
          292, 868, 293, -1,
          870, 868, 292, -1,
          291, 870, 292, -1,
          872, 870, 291, -1,
          313, 872, 291, -1,
          874, 872, 313, -1,
          312, 874, 313, -1,
          876, 874, 312, -1,
          311, 876, 312, -1,
          878, 876, 311, -1,
          310, 878, 311, -1,
          880, 878, 310, -1,
          309, 880, 310, -1,
          882, 880, 309, -1,
          308, 882, 309, -1,
          884, 882, 308, -1,
          307, 884, 308, -1,
          886, 884, 307, -1,
          306, 886, 307, -1,
          888, 886, 306, -1,
          890, 306, 305, -1,
          890, 888, 306, -1,
          892, 305, 304, -1,
          892, 890, 305, -1,
          303, 892, 304, -1,
          894, 892, 303, -1,
          331, 894, 303, -1,
          896, 894, 331, -1,
          330, 896, 331, -1,
          898, 896, 330, -1,
          329, 898, 330, -1,
          900, 898, 329, -1,
          328, 900, 329, -1,
          902, 900, 328, -1,
          904, 902, 328, -1,
          904, 328, 327, -1,
          906, 327, 326, -1,
          906, 904, 327, -1,
          908, 326, 325, -1,
          908, 906, 326, -1,
          323, 908, 325, -1,
          910, 908, 323, -1,
          322, 910, 323, -1,
          912, 910, 322, -1,
          321, 912, 322, -1,
          914, 912, 321, -1,
          916, 321, 320, -1,
          916, 914, 321, -1,
          319, 916, 320, -1,
          918, 916, 319, -1,
          920, 319, 318, -1,
          920, 918, 319, -1,
          922, 318, 317, -1,
          922, 920, 318, -1,
          316, 922, 317, -1,
          924, 922, 316, -1,
          926, 316, 315, -1,
          926, 924, 316, -1,
          928, 315, 265, -1,
          928, 926, 315, -1,
          264, 928, 265, -1,
          929, 928, 264, -1,
          932, 264, 263, -1,
          932, 929, 264, -1,
          934, 263, 261, -1,
          934, 932, 263, -1,
          130, 934, 261, -1,
          129, 934, 130, -1,
          336, 126, 127, -1,
          933, 126, 336, -1,
          335, 933, 336, -1,
          931, 933, 335, -1,
          334, 931, 335, -1,
          930, 931, 334, -1,
          333, 930, 334, -1,
          927, 930, 333, -1,
          351, 927, 333, -1,
          925, 927, 351, -1,
          350, 925, 351, -1,
          923, 925, 350, -1,
          349, 923, 350, -1,
          921, 923, 349, -1,
          348, 921, 349, -1,
          919, 921, 348, -1,
          347, 919, 348, -1,
          917, 919, 347, -1,
          346, 917, 347, -1,
          915, 917, 346, -1,
          345, 915, 346, -1,
          913, 915, 345, -1,
          344, 913, 345, -1,
          911, 913, 344, -1,
          343, 911, 344, -1,
          909, 911, 343, -1,
          362, 909, 343, -1,
          907, 909, 362, -1,
          361, 907, 362, -1,
          905, 907, 361, -1,
          360, 905, 361, -1,
          903, 905, 360, -1,
          359, 903, 360, -1,
          901, 903, 359, -1,
          358, 901, 359, -1,
          899, 901, 358, -1,
          357, 899, 358, -1,
          897, 899, 357, -1,
          356, 897, 357, -1,
          895, 897, 356, -1,
          893, 895, 356, -1,
          893, 356, 355, -1,
          377, 893, 355, -1,
          891, 893, 377, -1,
          889, 891, 377, -1,
          889, 377, 376, -1,
          375, 889, 376, -1,
          887, 889, 375, -1,
          885, 887, 375, -1,
          885, 375, 374, -1,
          883, 885, 374, -1,
          883, 374, 373, -1,
          372, 883, 373, -1,
          881, 883, 372, -1,
          371, 881, 372, -1,
          879, 881, 371, -1,
          370, 879, 371, -1,
          877, 879, 370, -1,
          369, 877, 370, -1,
          875, 877, 369, -1,
          873, 369, 368, -1,
          873, 875, 369, -1,
          367, 873, 368, -1,
          871, 873, 367, -1,
          389, 871, 367, -1,
          869, 871, 389, -1,
          388, 869, 389, -1,
          867, 869, 388, -1,
          387, 867, 388, -1,
          865, 867, 387, -1,
          386, 865, 387, -1,
          863, 865, 386, -1,
          385, 863, 386, -1,
          861, 863, 385, -1,
          384, 861, 385, -1,
          859, 861, 384, -1,
          383, 859, 384, -1,
          857, 859, 383, -1,
          382, 857, 383, -1,
          855, 857, 382, -1,
          381, 855, 382, -1,
          853, 855, 381, -1,
          851, 381, 380, -1,
          851, 853, 381, -1,
          407, 851, 380, -1,
          849, 851, 407, -1,
          406, 849, 407, -1,
          847, 849, 406, -1,
          405, 847, 406, -1,
          845, 847, 405, -1,
          404, 845, 405, -1,
          843, 845, 404, -1,
          403, 843, 404, -1,
          841, 843, 403, -1,
          402, 841, 403, -1,
          839, 841, 402, -1,
          401, 839, 402, -1,
          837, 839, 401, -1,
          399, 837, 401, -1,
          835, 837, 399, -1,
          833, 399, 398, -1,
          833, 835, 399, -1,
          831, 398, 397, -1,
          831, 833, 398, -1,
          396, 831, 397, -1,
          829, 831, 396, -1,
          827, 396, 395, -1,
          827, 829, 396, -1,
          825, 395, 394, -1,
          825, 827, 395, -1,
          393, 825, 394, -1,
          822, 825, 393, -1,
          803, 393, 392, -1,
          803, 822, 393, -1,
          788, 392, 391, -1,
          788, 803, 392, -1,
          341, 788, 391, -1,
          735, 788, 341, -1,
          711, 341, 340, -1,
          711, 735, 341, -1,
          339, 711, 340, -1,
          696, 711, 339, -1,
          684, 339, 337, -1,
          684, 696, 339, -1,
          2, 684, 337, -1,
          1, 684, 2, -1
        ]
      }
    }
}
