#VRML V2.0 utf8
WorldInfo {
  title "Exported triangle mesh to VRML97"
  info ["Created by FreeCAD"
        "<https://www.freecad.org>"]
}

Transform {
  scale 1 1 1
  rotation 0 0 1 0
  scaleOrientation 0 0 1 0
  center 0.000 0.000 0.000
  translation 0.000 0.000 0.000
  children
    Shape { 
      appearance
      Appearance {
        material
        Material {
          diffuseColor 0.8 0.8 0.8
        }
      }
      geometry
      IndexedFaceSet {
        coord
        Coordinate {
          point [
            9.892 28.869 36.460,
            -15.108 28.869 36.460,
            9.892 3.869 36.460,
            -15.108 3.869 36.460,
            -15.166 3.728 11.202,
            -15.166 29.010 11.202,
            -15.108 3.669 11.260,
            -15.108 29.069 11.260,
            9.892 3.669 36.260,
            9.892 29.069 36.260,
            9.992 3.769 36.360,
            9.992 28.969 36.360,
            -15.308 28.869 36.260,
            -15.308 28.869 11.202,
            -15.308 3.869 36.260,
            -15.308 3.869 11.202,
            -2.678 29.069 33.915,
            -3.753 29.069 32.662,
            -15.108 29.069 36.260,
            -12.764 29.069 23.923,
            -12.764 29.069 23.598,
            -8.099 29.069 24.907,
            -2.769 29.069 27.997,
            -6.846 29.069 23.832,
            -2.444 29.069 27.997,
            -6.846 29.069 23.689,
            -2.536 29.069 33.915,
            -1.460 29.069 32.662,
            -8.099 29.069 22.614,
            -7.555 29.069 23.598,
            -7.555 29.069 23.923,
            -2.444 29.069 33.205,
            -2.769 29.069 33.205,
            -15.108 3.669 36.260,
            -2.444 29.068 27.997,
            -2.769 29.068 27.997,
            -2.444 29.068 33.205,
            -1.460 29.068 32.662,
            -2.536 29.068 33.915,
            -2.678 29.068 33.915,
            -3.753 29.068 32.662,
            -2.769 29.068 33.205,
            -12.764 29.068 23.598,
            -12.764 29.068 23.923,
            -7.555 29.068 23.598,
            -8.099 29.068 22.614,
            -6.846 29.068 23.689,
            -6.846 29.068 23.832,
            -8.099 29.068 24.907,
            -7.555 29.068 23.923,
            9.892 29.069 36.260,
            7.544 29.069 23.691,
            7.544 29.069 23.834,
            6.291 29.069 24.909,
            1.625 29.069 23.925,
            6.711 29.069 16.251,
            6.291 29.069 22.616,
            6.444 29.069 16.251,
            6.718 29.069 16.152,
            6.750 29.069 15.873,
            6.727 29.069 16.053,
            6.780 29.069 15.694,
            6.818 29.069 15.517,
            6.864 29.069 15.341,
            6.448 29.069 16.151,
            5.877 29.069 16.251,
            6.916 29.069 15.168,
            6.974 29.069 14.996,
            5.877 29.069 15.951,
            6.456 29.069 16.051,
            6.467 29.069 15.951,
            6.482 29.069 15.852,
            6.506 29.069 15.720,
            6.537 29.069 15.573,
            7.511 29.069 13.961,
            7.351 29.069 14.195,
            7.424 29.069 14.082,
            7.289 29.069 14.299,
            7.231 29.069 14.405,
            7.177 29.069 14.513,
            7.109 29.069 14.659,
            7.039 29.069 14.827,
            9.892 29.069 11.260,
            7.511 29.069 13.716,
            4.509 29.069 16.251,
            4.997 29.069 15.759,
            4.965 29.069 15.801,
            5.030 29.069 15.719,
            5.080 29.069 15.661,
            5.273 29.069 15.452,
            5.437 29.069 15.269,
            5.510 29.069 15.183,
            5.593 29.069 15.079,
            5.633 29.069 15.026,
            6.574 29.069 15.427,
            5.672 29.069 14.971,
            5.705 29.069 14.921,
            6.614 29.069 15.282,
            5.729 29.069 14.883,
            6.660 29.069 15.139,
            5.751 29.069 14.845,
            5.772 29.069 14.805,
            5.791 29.069 14.765,
            5.809 29.069 14.723,
            6.711 29.069 14.997,
            5.824 29.069 14.682,
            5.836 29.069 14.644,
            5.845 29.069 14.615,
            6.766 29.069 14.857,
            5.850 29.069 14.595,
            5.858 29.069 14.556,
            6.827 29.069 14.719,
            5.865 29.069 14.517,
            5.871 29.069 14.475,
            5.874 29.069 14.440,
            6.144 29.069 14.016,
            5.877 29.069 14.369,
            6.892 29.069 14.584,
            6.962 29.069 14.450,
            7.037 29.069 14.320,
            7.117 29.069 14.192,
            5.876 29.069 14.332,
            5.874 29.069 14.296,
            5.870 29.069 14.259,
            5.865 29.069 14.223,
            3.954 29.069 16.117,
            3.935 29.069 16.136,
            3.917 29.069 16.153,
            3.972 29.069 16.096,
            3.901 29.069 16.167,
            3.884 29.069 16.180,
            3.990 29.069 16.074,
            3.867 29.069 16.192,
            4.510 29.069 16.204,
            4.008 29.069 16.051,
            5.860 29.069 14.196,
            3.849 29.069 16.204,
            4.511 29.069 16.181,
            4.025 29.069 16.026,
            3.831 29.069 16.215,
            4.514 29.069 16.156,
            4.041 29.069 15.999,
            3.812 29.069 16.226,
            4.057 29.069 15.972,
            4.518 29.069 16.130,
            3.793 29.069 16.235,
            5.854 29.069 14.169,
            3.773 29.069 16.244,
            4.524 29.069 16.096,
            4.072 29.069 15.944,
            3.753 29.069 16.252,
            5.849 29.069 14.148,
            4.533 29.069 16.057,
            4.090 29.069 15.906,
            3.733 29.069 16.259,
            3.712 29.069 16.265,
            4.543 29.069 16.023,
            4.107 29.069 15.868,
            4.553 29.069 15.993,
            3.691 29.069 16.270,
            4.120 29.069 15.835,
            4.563 29.069 15.963,
            5.838 29.069 14.113,
            3.670 29.069 16.274,
            4.579 29.069 15.924,
            4.132 29.069 15.803,
            3.649 29.069 16.278,
            4.143 29.069 15.768,
            5.828 29.069 14.082,
            3.628 29.069 16.280,
            4.598 29.069 15.880,
            4.154 29.069 15.732,
            4.618 29.069 15.837,
            5.819 29.069 14.059,
            3.593 29.069 16.283,
            6.144 29.069 13.716,
            5.811 29.069 14.039,
            3.557 29.069 16.284,
            1.625 29.069 23.600,
            4.175 29.069 15.652,
            4.641 29.069 15.795,
            5.798 29.069 14.009,
            3.501 29.069 16.281,
            5.783 29.069 13.980,
            4.194 29.069 15.563,
            4.665 29.069 15.754,
            4.690 29.069 15.713,
            3.477 29.069 16.279,
            5.582 29.069 14.185,
            5.576 29.069 14.167,
            5.588 29.069 14.204,
            3.456 29.069 16.276,
            5.767 29.069 13.952,
            5.568 29.069 14.149,
            4.210 29.069 15.465,
            4.726 29.069 15.661,
            4.768 29.069 15.603,
            5.750 29.069 13.924,
            5.734 29.069 13.900,
            5.722 29.069 13.882,
            5.709 29.069 13.865,
            4.813 29.069 15.547,
            4.226 29.069 15.331,
            5.695 29.069 13.848,
            5.681 29.069 13.832,
            5.667 29.069 13.816,
            5.651 29.069 13.800,
            5.635 29.069 13.786,
            4.921 29.069 15.420,
            4.238 29.069 15.169,
            5.439 29.069 13.988,
            5.423 29.069 13.977,
            5.454 29.069 14.001,
            5.619 29.069 13.772,
            5.406 29.069 13.966,
            5.470 29.069 14.014,
            5.601 29.069 13.759,
            5.584 29.069 13.746,
            5.377 29.069 13.951,
            5.360 29.069 13.943,
            5.388 29.069 13.957,
            5.565 29.069 13.734,
            5.342 29.069 13.936,
            5.547 29.069 13.723,
            5.478 29.069 14.772,
            4.809 29.069 14.450,
            5.443 29.069 14.826,
            5.502 29.069 14.731,
            5.524 29.069 14.689,
            5.544 29.069 14.645,
            5.558 29.069 14.611,
            5.570 29.069 14.581,
            5.242 29.069 15.076,
            5.036 29.069 15.298,
            5.340 29.069 14.961,
            5.410 29.069 14.871,
            5.323 29.069 13.931,
            5.527 29.069 13.713,
            5.580 29.069 14.550,
            4.810 29.069 14.424,
            5.589 29.069 14.518,
            5.508 29.069 13.704,
            4.242 29.069 14.968,
            5.596 29.069 14.489,
            4.810 29.069 14.398,
            5.285 29.069 13.922,
            5.266 29.069 13.919,
            5.304 29.069 13.926,
            5.487 29.069 13.695,
            5.601 29.069 14.466,
            4.813 29.069 14.366,
            5.604 29.069 14.445,
            5.606 29.069 14.423,
            5.255 29.069 13.918,
            5.241 29.069 13.917,
            5.486 29.069 14.031,
            5.465 29.069 13.687,
            5.608 29.069 14.394,
            4.818 29.069 14.317,
            5.443 29.069 13.679,
            4.241 29.069 14.874,
            5.610 29.069 14.364,
            4.824 29.069 14.281,
            5.609 29.069 14.327,
            5.421 29.069 13.673,
            4.830 29.069 14.253,
            5.608 29.069 14.307,
            5.605 29.069 14.284,
            5.166 29.069 13.919,
            5.147 29.069 13.922,
            5.185 29.069 13.917,
            5.398 29.069 13.667,
            5.600 29.069 14.253,
            4.837 29.069 14.225,
            4.846 29.069 14.198,
            5.594 29.069 14.225,
            5.374 29.069 13.662,
            4.856 29.069 14.170,
            5.558 29.069 14.130,
            4.239 29.069 14.780,
            5.089 29.069 13.936,
            5.071 29.069 13.943,
            5.104 29.069 13.932,
            5.548 29.069 14.112,
            4.864 29.069 14.150,
            5.350 29.069 13.658,
            5.053 29.069 13.951,
            5.122 29.069 13.927,
            4.881 29.069 14.117,
            4.872 29.069 14.133,
            5.036 29.069 13.960,
            4.892 29.069 14.098,
            5.537 29.069 14.094,
            5.526 29.069 14.078,
            5.514 29.069 14.061,
            5.020 29.069 13.969,
            4.906 29.069 14.078,
            5.500 29.069 14.046,
            5.003 29.069 13.980,
            5.326 29.069 13.655,
            4.917 29.069 14.062,
            4.987 29.069 13.992,
            4.973 29.069 14.004,
            4.958 29.069 14.017,
            4.943 29.069 14.033,
            5.216 29.069 13.916,
            4.930 29.069 14.047,
            4.543 29.069 14.416,
            5.300 29.069 13.653,
            4.232 29.069 14.665,
            5.226 29.069 13.649,
            5.192 29.069 13.650,
            5.157 29.069 13.652,
            5.136 29.069 13.654,
            4.221 29.069 14.550,
            4.208 29.069 14.448,
            4.197 29.069 14.381,
            4.552 29.069 14.321,
            4.187 29.069 14.330,
            4.559 29.069 14.273,
            3.140 29.069 16.087,
            2.386 29.069 16.079,
            3.156 29.069 16.105,
            3.124 29.069 16.069,
            2.406 29.069 16.058,
            3.172 29.069 16.122,
            2.364 29.069 16.099,
            3.189 29.069 16.138,
            3.110 29.069 16.051,
            2.426 29.069 16.037,
            3.095 29.069 16.032,
            2.342 29.069 16.117,
            3.206 29.069 16.154,
            3.082 29.069 16.013,
            2.444 29.069 16.014,
            4.176 29.069 14.280,
            4.569 29.069 14.222,
            2.319 29.069 16.135,
            3.224 29.069 16.169,
            3.069 29.069 15.994,
            2.462 29.069 15.991,
            2.295 29.069 16.152,
            3.243 29.069 16.183,
            3.056 29.069 15.974,
            2.479 29.069 15.967,
            2.271 29.069 16.167,
            3.262 29.069 16.197,
            3.044 29.069 15.953,
            2.494 29.069 15.943,
            3.033 29.069 15.933,
            2.246 29.069 16.182,
            3.282 29.069 16.209,
            3.023 29.069 15.912,
            2.509 29.069 15.918,
            2.220 29.069 16.196,
            3.303 29.069 16.221,
            3.013 29.069 15.891,
            2.523 29.069 15.893,
            3.000 29.069 15.862,
            2.536 29.069 15.867,
            2.194 29.069 16.208,
            3.323 29.069 16.232,
            4.163 29.069 14.231,
            2.988 29.069 15.829,
            2.548 29.069 15.840,
            2.167 29.069 16.220,
            3.345 29.069 16.242,
            2.559 29.069 15.813,
            2.976 29.069 15.797,
            2.140 29.069 16.231,
            3.366 29.069 16.250,
            2.963 29.069 15.756,
            2.569 29.069 15.786,
            2.113 29.069 16.240,
            3.389 29.069 16.258,
            2.578 29.069 15.758,
            2.085 29.069 16.248,
            3.411 29.069 16.265,
            4.149 29.069 14.181,
            4.582 29.069 14.170,
            2.585 29.069 15.730,
            2.950 29.069 15.709,
            2.057 29.069 16.255,
            3.434 29.069 16.271,
            2.939 29.069 15.662,
            2.592 29.069 15.702,
            2.028 29.069 16.262,
            4.135 29.069 14.138,
            4.597 29.069 14.118,
            2.598 29.069 15.671,
            2.000 29.069 16.267,
            1.971 29.069 16.272,
            2.602 29.069 15.640,
            2.925 29.069 15.598,
            4.123 29.069 14.104,
            4.605 29.069 14.093,
            4.614 29.069 14.068,
            1.942 29.069 16.276,
            2.605 29.069 15.605,
            2.912 29.069 15.526,
            1.913 29.069 16.279,
            4.106 29.069 14.061,
            4.625 29.069 14.040,
            2.608 29.069 15.536,
            1.856 29.069 16.283,
            4.088 29.069 14.021,
            4.638 29.069 14.013,
            2.902 29.069 15.454,
            2.607 29.069 15.499,
            1.799 29.069 16.284,
            2.605 29.069 15.463,
            4.651 29.069 13.985,
            4.073 29.069 13.991,
            4.665 29.069 13.959,
            2.210 29.069 15.857,
            2.181 29.069 15.882,
            2.196 29.069 15.870,
            2.166 29.069 15.893,
            2.256 29.069 15.807,
            2.279 29.069 15.776,
            2.244 29.069 15.822,
            2.268 29.069 15.792,
            2.225 29.069 15.842,
            2.150 29.069 15.903,
            2.289 29.069 15.758,
            2.894 29.069 15.382,
            2.602 29.069 15.435,
            2.298 29.069 15.740,
            2.313 29.069 15.706,
            2.306 29.069 15.723,
            2.107 29.069 15.927,
            2.071 29.069 15.943,
            2.089 29.069 15.935,
            2.598 29.069 15.408,
            2.320 29.069 15.687,
            1.723 29.069 16.282,
            2.327 29.069 15.663,
            2.885 29.069 15.285,
            2.594 29.069 15.382,
            1.691 29.069 16.280,
            4.677 29.069 13.938,
            4.033 29.069 13.920,
            4.690 29.069 13.919,
            2.588 29.069 15.355,
            2.332 29.069 15.642,
            2.338 29.069 15.604,
            2.335 29.069 15.624,
            2.339 29.069 15.590,
            1.645 29.069 16.274,
            4.703 29.069 13.900,
            4.016 29.069 13.895,
            2.581 29.069 15.328,
            1.615 29.069 16.270,
            2.879 29.069 15.175,
            2.573 29.069 15.302,
            4.717 29.069 13.882,
            3.998 29.069 13.871,
            1.586 29.069 16.264,
            2.564 29.069 15.276,
            4.731 29.069 13.865,
            3.985 29.069 13.854,
            1.558 29.069 16.258,
            4.746 29.069 13.848,
            3.971 29.069 13.837,
            2.553 29.069 15.251,
            4.761 29.069 13.831,
            3.957 29.069 13.821,
            2.542 29.069 15.226,
            4.777 29.069 13.816,
            3.942 29.069 13.805,
            4.793 29.069 13.801,
            2.876 29.069 15.072,
            2.529 29.069 15.202,
            4.809 29.069 13.787,
            3.926 29.069 13.790,
            2.516 29.069 15.178,
            3.910 29.069 13.775,
            4.826 29.069 13.774,
            2.501 29.069 15.155,
            2.875 29.069 14.968,
            4.843 29.069 13.761,
            3.894 29.069 13.761,
            4.861 29.069 13.749,
            3.876 29.069 13.748,
            2.485 29.069 15.133,
            4.879 29.069 13.738,
            3.859 29.069 13.736,
            2.468 29.069 15.111,
            4.897 29.069 13.728,
            3.840 29.069 13.724,
            2.279 29.069 15.327,
            2.257 29.069 15.298,
            2.289 29.069 15.342,
            2.269 29.069 15.312,
            2.451 29.069 15.091,
            4.916 29.069 13.718,
            3.822 29.069 13.713,
            2.245 29.069 15.284,
            2.299 29.069 15.359,
            3.803 29.069 13.703,
            4.934 29.069 13.708,
            2.877 29.069 14.841,
            2.432 29.069 15.071,
            2.232 29.069 15.271,
            2.307 29.069 15.376,
            4.953 29.069 13.700,
            3.783 29.069 13.694,
            2.218 29.069 15.258,
            2.315 29.069 15.394,
            2.412 29.069 15.052,
            4.973 29.069 13.692,
            3.763 29.069 13.685,
            2.338 29.069 15.488,
            2.202 29.069 15.246,
            2.340 29.069 15.507,
            2.335 29.069 15.469,
            2.332 29.069 15.450,
            2.327 29.069 15.431,
            2.321 29.069 15.413,
            2.392 29.069 15.034,
            3.743 29.069 13.678,
            4.993 29.069 13.685,
            5.013 29.069 13.679,
            2.183 29.069 15.232,
            5.033 29.069 13.673,
            3.722 29.069 13.671,
            2.370 29.069 15.016,
            2.880 29.069 14.744,
            2.166 29.069 15.220,
            5.053 29.069 13.668,
            3.701 29.069 13.666,
            2.149 29.069 15.210,
            2.349 29.069 15.000,
            5.074 29.069 13.664,
            3.680 29.069 13.661,
            5.094 29.069 13.660,
            2.133 29.069 15.202,
            2.341 29.069 15.544,
            3.656 29.069 13.656,
            5.115 29.069 13.657,
            2.102 29.069 15.187,
            2.051 29.069 15.950,
            2.128 29.069 15.916,
            2.340 29.069 15.574,
            3.632 29.069 13.653,
            3.608 29.069 13.651,
            1.956 29.069 15.974,
            2.060 29.069 15.170,
            1.918 29.069 15.979,
            1.985 29.069 15.968,
            2.009 29.069 15.963,
            2.030 29.069 15.957,
            3.560 29.069 13.649,
            3.530 29.069 13.650,
            3.499 29.069 13.652,
            1.859 29.069 15.983,
            1.980 29.069 15.141,
            1.822 29.069 15.984,
            1.886 29.069 15.982,
            1.755 29.069 15.981,
            1.733 29.069 15.979,
            1.789 29.069 15.983,
            1.307 29.069 15.728,
            1.287 29.069 15.694,
            1.297 29.069 15.711,
            1.319 29.069 15.746,
            2.541 29.069 14.416,
            2.324 29.069 14.983,
            2.300 29.069 14.969,
            2.893 29.069 14.582,
            2.910 29.069 14.448,
            1.840 29.069 15.098,
            1.277 29.069 15.672,
            1.333 29.069 15.764,
            1.348 29.069 15.782,
            1.364 29.069 15.800,
            1.380 29.069 15.817,
            1.398 29.069 15.833,
            1.416 29.069 15.848,
            1.436 29.069 15.863,
            1.455 29.069 15.877,
            1.475 29.069 15.890,
            1.494 29.069 15.901,
            1.514 29.069 15.913,
            1.535 29.069 15.923,
            1.556 29.069 15.932,
            1.577 29.069 15.941,
            1.599 29.069 15.949,
            1.620 29.069 15.956,
            1.643 29.069 15.962,
            1.665 29.069 15.967,
            1.687 29.069 15.972,
            1.710 29.069 15.976,
            1.266 29.069 15.647,
            2.538 29.069 14.365,
            2.925 29.069 14.357,
            1.256 29.069 15.621,
            2.534 29.069 14.313,
            2.530 29.069 14.287,
            2.946 29.069 14.265,
            2.526 29.069 14.261,
            1.238 29.069 15.565,
            1.700 29.069 15.058,
            1.231 29.069 15.535,
            1.247 29.069 15.595,
            2.521 29.069 14.236,
            2.515 29.069 14.210,
            2.966 29.069 14.192,
            2.270 29.069 14.952,
            2.274 29.069 14.450,
            2.212 29.069 14.923,
            2.056 29.069 14.867,
            1.966 29.069 14.842,
            2.154 29.069 14.900,
            2.170 29.069 14.906,
            2.183 29.069 14.911,
            1.223 29.069 15.497,
            2.509 29.069 14.185,
            1.217 29.069 15.463,
            2.502 29.069 14.160,
            2.977 29.069 14.156,
            2.494 29.069 14.135,
            2.995 29.069 14.106,
            2.485 29.069 14.111,
            1.207 29.069 15.384,
            1.560 29.069 15.016,
            2.475 29.069 14.087,
            3.014 29.069 14.057,
            1.766 29.069 14.791,
            2.268 29.069 14.389,
            2.265 29.069 14.369,
            2.258 29.069 14.333,
            2.250 29.069 14.300,
            2.465 29.069 14.063,
            2.242 29.069 14.270,
            2.453 29.069 14.039,
            3.036 29.069 14.008,
            1.490 29.069 14.993,
            2.233 29.069 14.244,
            1.180 29.069 16.051,
            0.396 29.069 16.072,
            1.199 29.069 16.070,
            1.161 29.069 16.031,
            0.413 29.069 16.054,
            0.377 29.069 16.090,
            1.219 29.069 16.088,
            1.144 29.069 16.011,
            0.432 29.069 16.032,
            0.357 29.069 16.107,
            1.239 29.069 16.105,
            1.260 29.069 16.122,
            0.337 29.069 16.123,
            1.282 29.069 16.137,
            1.127 29.069 15.991,
            0.452 29.069 16.007,
            2.441 29.069 14.016,
            3.051 29.069 13.979,
            0.316 29.069 16.137,
            1.305 29.069 16.153,
            1.110 29.069 15.970,
            0.470 29.069 15.981,
            1.094 29.069 15.948,
            2.225 29.069 14.223,
            0.295 29.069 16.151,
            1.327 29.069 16.167,
            1.080 29.069 15.925,
            0.488 29.069 15.953,
            0.275 29.069 16.163,
            1.351 29.069 16.180,
            0.505 29.069 15.924,
            1.066 29.069 15.903,
            0.256 29.069 16.173,
            1.375 29.069 16.193,
            2.428 29.069 13.993,
            2.216 29.069 14.204,
            1.713 29.069 14.777,
            0.238 29.069 16.181,
            1.399 29.069 16.204,
            1.052 29.069 15.879,
            0.521 29.069 15.895,
            0.218 29.069 16.190,
            1.425 29.069 16.216,
            1.040 29.069 15.856,
            0.535 29.069 15.865,
            1.028 29.069 15.831,
            0.199 29.069 16.197,
            1.451 29.069 16.226,
            2.207 29.069 14.186,
            2.415 29.069 13.971,
            3.070 29.069 13.944,
            0.180 29.069 16.204,
            1.477 29.069 16.235,
            1.018 29.069 15.807,
            0.548 29.069 15.834,
            0.160 29.069 16.210,
            1.504 29.069 16.244,
            1.008 29.069 15.782,
            0.559 29.069 15.803,
            0.140 29.069 16.216,
            1.399 29.069 14.956,
            2.400 29.069 13.950,
            3.091 29.069 13.911,
            0.998 29.069 15.757,
            0.569 29.069 15.771,
            0.990 29.069 15.731,
            0.110 29.069 16.223,
            1.531 29.069 16.252,
            1.381 29.069 14.948,
            0.982 29.069 15.706,
            0.578 29.069 15.739,
            2.385 29.069 13.929,
            3.108 29.069 13.886,
            0.082 29.069 16.229,
            1.363 29.069 14.939,
            0.975 29.069 15.680,
            0.586 29.069 15.704,
            0.052 29.069 16.235,
            2.177 29.069 14.134,
            2.166 29.069 14.119,
            2.187 29.069 14.150,
            2.369 29.069 13.908,
            3.126 29.069 13.862,
            0.021 29.069 16.239,
            0.968 29.069 15.654,
            0.594 29.069 15.662,
            0.961 29.069 15.619,
            2.352 29.069 13.888,
            1.320 29.069 14.916,
            0.956 29.069 15.590,
            0.599 29.069 15.628,
            -0.020 29.069 16.244,
            2.334 29.069 13.869,
            3.144 29.069 13.838,
            1.298 29.069 14.904,
            0.951 29.069 15.560,
            0.603 29.069 15.590,
            0.948 29.069 15.530,
            2.130 29.069 14.078,
            2.116 29.069 14.065,
            2.142 29.069 14.091,
            3.163 29.069 13.817,
            2.315 29.069 13.851,
            -0.082 29.069 16.249,
            1.275 29.069 14.889,
            2.155 29.069 14.105,
            2.101 29.069 14.052,
            2.296 29.069 13.833,
            3.182 29.069 13.798,
            1.255 29.069 14.874,
            2.085 29.069 14.040,
            -0.126 29.069 16.250,
            0.943 29.069 15.474,
            0.607 29.069 15.497,
            1.237 29.069 14.860,
            0.940 29.069 15.417,
            2.068 29.069 14.028,
            2.197 29.069 14.167,
            2.276 29.069 13.816,
            3.202 29.069 13.780,
            -0.170 29.069 16.251,
            2.052 29.069 14.018,
            1.220 29.069 14.845,
            2.256 29.069 13.800,
            3.222 29.069 13.763,
            0.605 29.069 15.443,
            2.036 29.069 14.009,
            1.203 29.069 14.830,
            2.019 29.069 14.001,
            2.232 29.069 13.783,
            3.241 29.069 13.748,
            1.394 29.069 14.652,
            1.374 29.069 14.635,
            1.385 29.069 14.645,
            1.187 29.069 14.814,
            2.001 29.069 13.992,
            0.602 29.069 15.390,
            2.204 29.069 13.765,
            3.259 29.069 13.736,
            1.171 29.069 14.797,
            1.980 29.069 13.984,
            0.598 29.069 15.360,
            1.958 29.069 13.977,
            1.336 29.069 14.592,
            1.358 29.069 14.620,
            1.410 29.069 14.662,
            0.594 29.069 15.330,
            2.175 29.069 13.748,
            3.277 29.069 13.724,
            3.295 29.069 13.713,
            1.934 29.069 13.970,
            0.588 29.069 15.301,
            3.314 29.069 13.703,
            2.146 29.069 13.733,
            1.912 29.069 13.964,
            1.326 29.069 14.576,
            1.311 29.069 14.550,
            1.318 29.069 14.562,
            0.582 29.069 15.271,
            1.884 29.069 13.959,
            1.304 29.069 14.534,
            3.334 29.069 13.694,
            2.116 29.069 13.719,
            1.299 29.069 14.521,
            1.431 29.069 14.675,
            0.574 29.069 15.242,
            1.855 29.069 13.955,
            1.294 29.069 14.505,
            2.085 29.069 13.706,
            3.354 29.069 13.686,
            0.565 29.069 15.214,
            1.288 29.069 14.487,
            1.823 29.069 13.952,
            1.660 29.069 14.763,
            1.284 29.069 14.468,
            1.452 29.069 14.686,
            2.054 29.069 13.695,
            3.374 29.069 13.679,
            1.792 29.069 13.950,
            1.156 29.069 14.780,
            0.555 29.069 15.185,
            1.281 29.069 14.449,
            1.761 29.069 13.949,
            1.278 29.069 14.432,
            1.473 29.069 14.696,
            2.022 29.069 13.685,
            3.394 29.069 13.672,
            0.543 29.069 15.158,
            1.141 29.069 14.763,
            1.276 29.069 14.406,
            1.533 29.069 14.721,
            1.730 29.069 13.950,
            1.574 29.069 14.736,
            1.990 29.069 13.676,
            3.415 29.069 13.666,
            1.128 29.069 14.744,
            0.530 29.069 15.130,
            1.707 29.069 13.951,
            1.680 29.069 13.953,
            1.274 29.069 14.359,
            1.955 29.069 13.668,
            3.436 29.069 13.662,
            3.457 29.069 13.658,
            0.516 29.069 15.104,
            1.115 29.069 14.726,
            1.275 29.069 14.336,
            1.640 29.069 13.958,
            1.917 29.069 13.661,
            3.478 29.069 13.654,
            0.501 29.069 15.078,
            1.102 29.069 14.707,
            1.091 29.069 14.687,
            1.608 29.069 13.964,
            1.584 29.069 13.969,
            1.883 29.069 13.657,
            1.562 29.069 13.975,
            0.484 29.069 15.052,
            1.080 29.069 14.667,
            1.540 29.069 13.982,
            1.519 29.069 13.990,
            1.276 29.069 14.313,
            1.845 29.069 13.653,
            1.498 29.069 13.999,
            1.278 29.069 14.294,
            1.281 29.069 14.275,
            1.479 29.069 14.008,
            1.285 29.069 14.256,
            1.290 29.069 14.238,
            1.318 29.069 14.167,
            1.337 29.069 14.135,
            1.326 29.069 14.151,
            1.310 29.069 14.184,
            1.303 29.069 14.200,
            1.348 29.069 14.119,
            1.296 29.069 14.219,
            1.359 29.069 14.105,
            1.462 29.069 14.017,
            1.372 29.069 14.090,
            1.445 29.069 14.028,
            1.385 29.069 14.076,
            1.429 29.069 14.039,
            1.414 29.069 14.050,
            1.399 29.069 14.063,
            1.752 29.069 13.649,
            -0.961 29.069 16.251,
            0.378 29.069 14.939,
            0.367 29.069 14.776,
            0.360 29.069 14.925,
            0.350 29.069 14.793,
            0.342 29.069 14.913,
            0.384 29.069 14.758,
            0.396 29.069 14.954,
            0.331 29.069 14.810,
            0.326 29.069 14.903,
            0.401 29.069 14.739,
            0.415 29.069 14.972,
            0.313 29.069 14.824,
            0.305 29.069 14.892,
            0.416 29.069 14.719,
            0.434 29.069 14.991,
            0.297 29.069 14.836,
            0.431 29.069 14.699,
            0.451 29.069 15.010,
            0.275 29.069 14.852,
            0.445 29.069 14.678,
            0.468 29.069 15.030,
            0.253 29.069 14.867,
            0.457 29.069 14.656,
            1.069 29.069 14.647,
            0.469 29.069 14.634,
            1.060 29.069 14.626,
            0.480 29.069 14.612,
            1.051 29.069 14.605,
            1.043 29.069 14.584,
            0.490 29.069 14.589,
            1.036 29.069 14.562,
            0.499 29.069 14.566,
            1.030 29.069 14.540,
            0.508 29.069 14.542,
            1.025 29.069 14.518,
            0.515 29.069 14.518,
            0.521 29.069 14.494,
            1.019 29.069 14.488,
            1.014 29.069 14.458,
            0.527 29.069 14.467,
            0.532 29.069 14.438,
            1.011 29.069 14.431,
            0.536 29.069 14.410,
            1.009 29.069 14.413,
            1.008 29.069 14.392,
            0.538 29.069 14.381,
            1.007 29.069 14.353,
            1.009 29.069 14.289,
            0.540 29.069 14.328,
            0.538 29.069 14.288,
            1.011 29.069 14.264,
            1.016 29.069 14.229,
            0.536 29.069 14.248,
            1.019 29.069 14.205,
            0.532 29.069 14.220,
            1.025 29.069 14.178,
            0.528 29.069 14.193,
            1.031 29.069 14.152,
            0.522 29.069 14.165,
            1.037 29.069 14.129,
            0.515 29.069 14.139,
            1.043 29.069 14.110,
            0.507 29.069 14.112,
            1.050 29.069 14.090,
            1.060 29.069 14.065,
            0.498 29.069 14.086,
            1.072 29.069 14.037,
            0.487 29.069 14.060,
            1.082 29.069 14.016,
            0.476 29.069 14.034,
            1.093 29.069 13.997,
            0.463 29.069 14.009,
            1.104 29.069 13.978,
            0.449 29.069 13.984,
            1.116 29.069 13.959,
            0.433 29.069 13.958,
            1.128 29.069 13.941,
            1.141 29.069 13.923,
            0.416 29.069 13.933,
            1.155 29.069 13.905,
            0.400 29.069 13.911,
            1.169 29.069 13.888,
            0.388 29.069 13.895,
            1.184 29.069 13.872,
            0.375 29.069 13.880,
            1.199 29.069 13.856,
            0.362 29.069 13.865,
            1.215 29.069 13.840,
            0.347 29.069 13.850,
            0.333 29.069 13.836,
            1.231 29.069 13.825,
            1.248 29.069 13.811,
            0.318 29.069 13.823,
            0.302 29.069 13.810,
            1.265 29.069 13.797,
            1.283 29.069 13.784,
            0.286 29.069 13.798,
            1.301 29.069 13.771,
            0.269 29.069 13.786,
            1.319 29.069 13.759,
            0.252 29.069 13.775,
            1.338 29.069 13.748,
            0.235 29.069 13.765,
            1.358 29.069 13.737,
            0.215 29.069 13.754,
            1.377 29.069 13.727,
            1.397 29.069 13.718,
            0.192 29.069 13.744,
            0.169 29.069 13.734,
            1.418 29.069 13.709,
            1.438 29.069 13.701,
            0.146 29.069 13.725,
            1.459 29.069 13.693,
            1.480 29.069 13.687,
            0.119 29.069 13.717,
            1.501 29.069 13.681,
            0.090 29.069 13.709,
            1.523 29.069 13.675,
            0.057 29.069 13.702,
            1.551 29.069 13.669,
            1.584 29.069 13.663,
            0.022 29.069 13.696,
            1.617 29.069 13.658,
            -0.033 29.069 13.689,
            1.650 29.069 13.654,
            -0.092 29.069 13.684,
            -15.108 29.069 11.260,
            -0.961 29.069 13.683,
            1.714 29.069 13.650,
            1.676 29.069 13.652,
            -0.123 29.069 13.683,
            -0.165 29.069 13.683,
            4.876 29.069 15.951,
            4.892 29.069 15.920,
            4.908 29.069 15.889,
            4.926 29.069 15.859,
            4.945 29.069 15.830,
            6.834 29.069 23.600,
            6.834 29.069 23.925,
            7.244 29.069 14.016,
            7.198 29.069 14.078,
            7.152 29.069 14.141,
            10.092 28.869 36.260,
            10.092 3.869 36.260,
            10.092 28.869 11.260,
            10.092 3.869 11.260,
            -15.166 29.010 11.202,
            -15.108 3.669 11.260,
            -15.166 3.728 11.202,
            9.892 3.669 36.260,
            9.992 3.769 36.360,
            9.992 28.969 36.360,
            9.892 3.869 11.060,
            -15.166 3.869 11.060,
            9.892 28.869 11.060,
            -15.166 28.869 11.060,
            9.892 3.669 11.260,
            1.625 29.068 23.600,
            1.625 29.068 23.925,
            6.834 29.068 23.600,
            6.291 29.068 22.616,
            7.544 29.068 23.691,
            7.544 29.068 23.834,
            6.291 29.068 24.909,
            6.834 29.068 23.925,
            7.244 29.068 14.016,
            6.144 29.068 14.016,
            6.144 29.068 13.716,
            7.511 29.068 13.716,
            7.511 29.068 13.961,
            7.424 29.068 14.082,
            7.351 29.068 14.195,
            7.289 29.068 14.299,
            7.231 29.068 14.405,
            7.177 29.068 14.513,
            7.109 29.068 14.659,
            7.039 29.068 14.827,
            6.974 29.068 14.996,
            6.916 29.068 15.168,
            6.864 29.068 15.341,
            6.818 29.068 15.517,
            6.780 29.068 15.694,
            6.750 29.068 15.873,
            6.727 29.068 16.053,
            6.718 29.068 16.152,
            6.711 29.068 16.251,
            6.444 29.068 16.251,
            6.448 29.068 16.151,
            6.456 29.068 16.051,
            6.467 29.068 15.951,
            6.482 29.068 15.852,
            6.506 29.068 15.720,
            6.537 29.068 15.573,
            6.574 29.068 15.427,
            6.614 29.068 15.282,
            6.660 29.068 15.139,
            6.711 29.068 14.997,
            6.766 29.068 14.857,
            6.827 29.068 14.719,
            6.892 29.068 14.584,
            6.962 29.068 14.450,
            7.037 29.068 14.320,
            7.117 29.068 14.192,
            7.152 29.068 14.141,
            7.198 29.068 14.078,
            4.876 29.068 15.951,
            5.877 29.068 15.951,
            5.877 29.068 16.251,
            4.509 29.068 16.251,
            4.510 29.068 16.204,
            4.511 29.068 16.181,
            4.514 29.068 16.156,
            4.518 29.068 16.130,
            4.524 29.068 16.096,
            4.533 29.068 16.057,
            4.543 29.068 16.023,
            4.553 29.068 15.993,
            4.563 29.068 15.963,
            4.579 29.068 15.924,
            4.598 29.068 15.880,
            4.618 29.068 15.837,
            4.641 29.068 15.795,
            4.665 29.068 15.754,
            4.690 29.068 15.713,
            4.726 29.068 15.661,
            4.768 29.068 15.603,
            4.813 29.068 15.547,
            4.921 29.068 15.420,
            5.036 29.068 15.298,
            5.242 29.068 15.076,
            5.340 29.068 14.961,
            5.410 29.068 14.871,
            5.443 29.068 14.826,
            5.478 29.068 14.772,
            5.502 29.068 14.731,
            5.524 29.068 14.689,
            5.544 29.068 14.645,
            5.558 29.068 14.611,
            5.570 29.068 14.581,
            5.580 29.068 14.550,
            5.589 29.068 14.518,
            5.596 29.068 14.489,
            5.601 29.068 14.466,
            5.604 29.068 14.445,
            5.606 29.068 14.423,
            5.608 29.068 14.394,
            5.610 29.068 14.364,
            5.609 29.068 14.327,
            5.608 29.068 14.307,
            5.605 29.068 14.284,
            5.600 29.068 14.253,
            5.594 29.068 14.225,
            5.588 29.068 14.204,
            5.582 29.068 14.185,
            5.576 29.068 14.167,
            5.568 29.068 14.149,
            5.558 29.068 14.130,
            5.548 29.068 14.112,
            5.537 29.068 14.094,
            5.526 29.068 14.078,
            5.514 29.068 14.061,
            5.500 29.068 14.046,
            5.486 29.068 14.031,
            5.470 29.068 14.014,
            5.454 29.068 14.001,
            5.439 29.068 13.988,
            5.423 29.068 13.977,
            5.406 29.068 13.966,
            5.388 29.068 13.957,
            5.377 29.068 13.951,
            5.360 29.068 13.943,
            5.342 29.068 13.936,
            5.323 29.068 13.931,
            5.304 29.068 13.926,
            5.285 29.068 13.922,
            5.266 29.068 13.919,
            5.255 29.068 13.918,
            5.241 29.068 13.917,
            5.216 29.068 13.916,
            5.185 29.068 13.917,
            5.166 29.068 13.919,
            5.147 29.068 13.922,
            5.122 29.068 13.927,
            5.104 29.068 13.932,
            5.089 29.068 13.936,
            5.071 29.068 13.943,
            5.053 29.068 13.951,
            5.036 29.068 13.960,
            5.020 29.068 13.969,
            5.003 29.068 13.980,
            4.987 29.068 13.992,
            4.973 29.068 14.004,
            4.958 29.068 14.017,
            4.943 29.068 14.033,
            4.930 29.068 14.047,
            4.917 29.068 14.062,
            4.906 29.068 14.078,
            4.892 29.068 14.098,
            4.881 29.068 14.117,
            4.872 29.068 14.133,
            4.864 29.068 14.150,
            4.856 29.068 14.170,
            4.846 29.068 14.198,
            4.837 29.068 14.225,
            4.830 29.068 14.253,
            4.824 29.068 14.281,
            4.818 29.068 14.317,
            4.813 29.068 14.366,
            4.810 29.068 14.398,
            4.810 29.068 14.424,
            4.809 29.068 14.450,
            4.543 29.068 14.416,
            4.552 29.068 14.321,
            4.559 29.068 14.273,
            4.569 29.068 14.222,
            4.582 29.068 14.170,
            4.597 29.068 14.118,
            4.605 29.068 14.093,
            4.614 29.068 14.068,
            4.625 29.068 14.040,
            4.638 29.068 14.013,
            4.651 29.068 13.985,
            4.665 29.068 13.959,
            4.677 29.068 13.938,
            4.690 29.068 13.919,
            4.703 29.068 13.900,
            4.717 29.068 13.882,
            4.731 29.068 13.865,
            4.746 29.068 13.848,
            4.761 29.068 13.831,
            4.777 29.068 13.816,
            4.793 29.068 13.801,
            4.809 29.068 13.787,
            4.826 29.068 13.774,
            4.843 29.068 13.761,
            4.861 29.068 13.749,
            4.879 29.068 13.738,
            4.897 29.068 13.728,
            4.916 29.068 13.718,
            4.934 29.068 13.708,
            4.953 29.068 13.700,
            4.973 29.068 13.692,
            4.993 29.068 13.685,
            5.013 29.068 13.679,
            5.033 29.068 13.673,
            5.053 29.068 13.668,
            5.074 29.068 13.664,
            5.094 29.068 13.660,
            5.115 29.068 13.657,
            5.136 29.068 13.654,
            5.157 29.068 13.652,
            5.192 29.068 13.650,
            5.226 29.068 13.649,
            5.300 29.068 13.653,
            5.326 29.068 13.655,
            5.350 29.068 13.658,
            5.374 29.068 13.662,
            5.398 29.068 13.667,
            5.421 29.068 13.673,
            5.443 29.068 13.679,
            5.465 29.068 13.687,
            5.487 29.068 13.695,
            5.508 29.068 13.704,
            5.527 29.068 13.713,
            5.547 29.068 13.723,
            5.565 29.068 13.734,
            5.584 29.068 13.746,
            5.601 29.068 13.759,
            5.619 29.068 13.772,
            5.635 29.068 13.786,
            5.651 29.068 13.800,
            5.667 29.068 13.816,
            5.681 29.068 13.832,
            5.695 29.068 13.848,
            5.709 29.068 13.865,
            5.722 29.068 13.882,
            5.734 29.068 13.900,
            5.750 29.068 13.924,
            5.767 29.068 13.952,
            5.783 29.068 13.980,
            5.798 29.068 14.009,
            5.811 29.068 14.039,
            5.819 29.068 14.059,
            5.828 29.068 14.082,
            5.838 29.068 14.113,
            5.849 29.068 14.148,
            5.854 29.068 14.169,
            5.860 29.068 14.196,
            5.865 29.068 14.223,
            5.870 29.068 14.259,
            5.874 29.068 14.296,
            5.876 29.068 14.332,
            5.877 29.068 14.369,
            5.874 29.068 14.440,
            5.871 29.068 14.475,
            5.865 29.068 14.517,
            5.858 29.068 14.556,
            5.850 29.068 14.595,
            5.845 29.068 14.615,
            5.836 29.068 14.644,
            5.824 29.068 14.682,
            5.809 29.068 14.723,
            5.791 29.068 14.765,
            5.772 29.068 14.805,
            5.751 29.068 14.845,
            5.729 29.068 14.883,
            5.705 29.068 14.921,
            5.672 29.068 14.971,
            5.633 29.068 15.026,
            5.593 29.068 15.079,
            5.510 29.068 15.183,
            5.437 29.068 15.269,
            5.273 29.068 15.452,
            5.080 29.068 15.661,
            5.030 29.068 15.719,
            4.997 29.068 15.759,
            4.965 29.068 15.801,
            4.945 29.068 15.830,
            4.926 29.068 15.859,
            4.908 29.068 15.889,
            4.892 29.068 15.920,
            3.557 29.068 16.284,
            3.501 29.068 16.281,
            3.477 29.068 16.279,
            3.456 29.068 16.276,
            3.434 29.068 16.271,
            3.411 29.068 16.265,
            3.389 29.068 16.258,
            3.366 29.068 16.250,
            3.345 29.068 16.242,
            3.323 29.068 16.232,
            3.303 29.068 16.221,
            3.282 29.068 16.209,
            3.262 29.068 16.197,
            3.243 29.068 16.183,
            3.224 29.068 16.169,
            3.206 29.068 16.154,
            3.189 29.068 16.138,
            3.172 29.068 16.122,
            3.156 29.068 16.105,
            3.140 29.068 16.087,
            3.124 29.068 16.069,
            3.110 29.068 16.051,
            3.095 29.068 16.032,
            3.082 29.068 16.013,
            3.069 29.068 15.994,
            3.056 29.068 15.974,
            3.044 29.068 15.953,
            3.033 29.068 15.933,
            3.023 29.068 15.912,
            3.013 29.068 15.891,
            3.000 29.068 15.862,
            2.988 29.068 15.829,
            2.976 29.068 15.797,
            2.963 29.068 15.756,
            2.950 29.068 15.709,
            2.939 29.068 15.662,
            2.925 29.068 15.598,
            2.912 29.068 15.526,
            2.902 29.068 15.454,
            2.894 29.068 15.382,
            2.885 29.068 15.285,
            2.879 29.068 15.175,
            2.876 29.068 15.072,
            2.875 29.068 14.968,
            2.877 29.068 14.841,
            2.880 29.068 14.744,
            2.893 29.068 14.582,
            2.910 29.068 14.448,
            2.925 29.068 14.357,
            2.946 29.068 14.265,
            2.966 29.068 14.192,
            2.977 29.068 14.156,
            2.995 29.068 14.106,
            3.014 29.068 14.057,
            3.036 29.068 14.008,
            3.051 29.068 13.979,
            3.070 29.068 13.944,
            3.091 29.068 13.911,
            3.108 29.068 13.886,
            3.126 29.068 13.862,
            3.144 29.068 13.838,
            3.163 29.068 13.817,
            3.182 29.068 13.798,
            3.202 29.068 13.780,
            3.222 29.068 13.763,
            3.241 29.068 13.748,
            3.259 29.068 13.736,
            3.277 29.068 13.724,
            3.295 29.068 13.713,
            3.314 29.068 13.703,
            3.334 29.068 13.694,
            3.354 29.068 13.686,
            3.374 29.068 13.679,
            3.394 29.068 13.672,
            3.415 29.068 13.666,
            3.436 29.068 13.662,
            3.457 29.068 13.658,
            3.478 29.068 13.654,
            3.499 29.068 13.652,
            3.530 29.068 13.650,
            3.560 29.068 13.649,
            3.608 29.068 13.651,
            3.632 29.068 13.653,
            3.656 29.068 13.656,
            3.680 29.068 13.661,
            3.701 29.068 13.666,
            3.722 29.068 13.671,
            3.743 29.068 13.678,
            3.763 29.068 13.685,
            3.783 29.068 13.694,
            3.803 29.068 13.703,
            3.822 29.068 13.713,
            3.840 29.068 13.724,
            3.859 29.068 13.736,
            3.876 29.068 13.748,
            3.894 29.068 13.761,
            3.910 29.068 13.775,
            3.926 29.068 13.790,
            3.942 29.068 13.805,
            3.957 29.068 13.821,
            3.971 29.068 13.837,
            3.985 29.068 13.854,
            3.998 29.068 13.871,
            4.016 29.068 13.895,
            4.033 29.068 13.920,
            4.073 29.068 13.991,
            4.088 29.068 14.021,
            4.106 29.068 14.061,
            4.123 29.068 14.104,
            4.135 29.068 14.138,
            4.149 29.068 14.181,
            4.163 29.068 14.231,
            4.176 29.068 14.280,
            4.187 29.068 14.330,
            4.197 29.068 14.381,
            4.208 29.068 14.448,
            4.221 29.068 14.550,
            4.232 29.068 14.665,
            4.239 29.068 14.780,
            4.241 29.068 14.874,
            4.242 29.068 14.968,
            4.238 29.068 15.169,
            4.226 29.068 15.331,
            4.210 29.068 15.465,
            4.194 29.068 15.563,
            4.175 29.068 15.652,
            4.154 29.068 15.732,
            4.143 29.068 15.768,
            4.132 29.068 15.803,
            4.120 29.068 15.835,
            4.107 29.068 15.868,
            4.090 29.068 15.906,
            4.072 29.068 15.944,
            4.057 29.068 15.972,
            4.041 29.068 15.999,
            4.025 29.068 16.026,
            4.008 29.068 16.051,
            3.990 29.068 16.074,
            3.972 29.068 16.096,
            3.954 29.068 16.117,
            3.935 29.068 16.136,
            3.917 29.068 16.153,
            3.901 29.068 16.167,
            3.884 29.068 16.180,
            3.867 29.068 16.192,
            3.849 29.068 16.204,
            3.831 29.068 16.215,
            3.812 29.068 16.226,
            3.793 29.068 16.235,
            3.773 29.068 16.244,
            3.753 29.068 16.252,
            3.733 29.068 16.259,
            3.712 29.068 16.265,
            3.691 29.068 16.270,
            3.670 29.068 16.274,
            3.649 29.068 16.278,
            3.628 29.068 16.280,
            3.593 29.068 16.283,
            3.356 29.068 13.999,
            3.341 29.068 14.014,
            3.371 29.068 13.985,
            3.328 29.068 14.029,
            3.386 29.068 13.973,
            3.315 29.068 14.044,
            3.401 29.068 13.962,
            3.301 29.068 14.063,
            3.416 29.068 13.952,
            3.428 29.068 13.946,
            3.281 29.068 14.093,
            3.440 29.068 13.940,
            3.266 29.068 14.119,
            3.453 29.068 13.934,
            3.255 29.068 14.138,
            3.472 29.068 13.928,
            3.246 29.068 14.158,
            3.484 29.068 13.924,
            3.237 29.068 14.178,
            3.496 29.068 13.921,
            3.507 29.068 13.919,
            3.229 29.068 14.198,
            3.524 29.068 13.917,
            3.218 29.068 14.230,
            3.210 29.068 14.254,
            3.549 29.068 13.916,
            3.204 29.068 14.279,
            3.575 29.068 13.917,
            3.196 29.068 14.310,
            3.589 29.068 13.918,
            3.600 29.068 13.920,
            3.610 29.068 13.922,
            3.186 29.068 14.357,
            3.622 29.068 13.924,
            3.636 29.068 13.928,
            3.177 29.068 14.409,
            3.653 29.068 13.934,
            3.670 29.068 13.941,
            3.680 29.068 13.945,
            3.169 29.068 14.462,
            3.691 29.068 13.951,
            3.707 29.068 13.960,
            3.723 29.068 13.971,
            3.161 29.068 14.533,
            3.736 29.068 13.981,
            3.750 29.068 13.992,
            3.765 29.068 14.006,
            3.152 29.068 14.640,
            3.779 29.068 14.019,
            3.791 29.068 14.033,
            3.804 29.068 14.048,
            3.816 29.068 14.065,
            3.144 29.068 14.803,
            3.829 29.068 14.082,
            3.840 29.068 14.100,
            3.851 29.068 14.118,
            3.142 29.068 14.967,
            3.862 29.068 14.137,
            3.873 29.068 14.160,
            3.883 29.068 14.185,
            3.893 29.068 14.209,
            3.904 29.068 14.243,
            3.912 29.068 14.272,
            3.148 29.068 15.243,
            3.923 29.068 14.314,
            3.934 29.068 14.371,
            3.159 29.068 15.381,
            3.947 29.068 14.448,
            3.171 29.068 15.484,
            3.959 29.068 14.552,
            3.183 29.068 15.561,
            3.969 29.068 14.690,
            3.195 29.068 15.618,
            3.205 29.068 15.660,
            3.213 29.068 15.688,
            3.224 29.068 15.722,
            3.233 29.068 15.746,
            3.244 29.068 15.772,
            3.976 29.068 14.967,
            3.255 29.068 15.794,
            3.265 29.068 15.813,
            3.276 29.068 15.832,
            3.288 29.068 15.850,
            3.300 29.068 15.867,
            3.313 29.068 15.884,
            3.974 29.068 15.087,
            3.326 29.068 15.900,
            3.341 29.068 15.916,
            3.354 29.068 15.930,
            3.369 29.068 15.943,
            3.382 29.068 15.954,
            3.399 29.068 15.966,
            3.970 29.068 15.207,
            3.415 29.068 15.977,
            3.427 29.068 15.983,
            3.437 29.068 15.989,
            3.447 29.068 15.993,
            3.964 29.068 15.320,
            3.954 29.068 15.420,
            3.464 29.068 16.000,
            3.482 29.068 16.006,
            3.946 29.068 15.486,
            3.500 29.068 16.011,
            3.511 29.068 16.013,
            3.524 29.068 16.015,
            3.939 29.068 15.536,
            3.538 29.068 16.016,
            3.929 29.068 15.585,
            3.920 29.068 15.629,
            3.565 29.068 16.017,
            3.591 29.068 16.016,
            3.912 29.068 15.661,
            3.903 29.068 15.690,
            3.608 29.068 16.014,
            3.897 29.068 15.711,
            3.619 29.068 16.012,
            3.889 29.068 15.732,
            3.881 29.068 15.752,
            3.630 29.068 16.009,
            3.872 29.068 15.773,
            3.643 29.068 16.006,
            3.662 29.068 15.999,
            3.861 29.068 15.797,
            3.848 29.068 15.819,
            3.836 29.068 15.839,
            3.675 29.068 15.994,
            3.688 29.068 15.988,
            3.821 29.068 15.863,
            3.699 29.068 15.981,
            3.805 29.068 15.885,
            3.715 29.068 15.972,
            3.789 29.068 15.904,
            3.774 29.068 15.921,
            3.730 29.068 15.960,
            3.746 29.068 15.948,
            3.760 29.068 15.935,
            3.549 29.069 13.916,
            3.524 29.069 13.917,
            3.507 29.069 13.919,
            3.496 29.069 13.921,
            3.484 29.069 13.924,
            3.472 29.069 13.928,
            3.453 29.069 13.934,
            3.440 29.069 13.940,
            3.428 29.069 13.946,
            3.416 29.069 13.952,
            3.401 29.069 13.962,
            3.386 29.069 13.973,
            3.371 29.069 13.985,
            3.356 29.069 13.999,
            3.341 29.069 14.014,
            3.328 29.069 14.029,
            3.315 29.069 14.044,
            3.301 29.069 14.063,
            3.281 29.069 14.093,
            3.266 29.069 14.119,
            3.255 29.069 14.138,
            3.246 29.069 14.158,
            3.237 29.069 14.178,
            3.229 29.069 14.198,
            3.218 29.069 14.230,
            3.210 29.069 14.254,
            3.204 29.069 14.279,
            3.196 29.069 14.310,
            3.186 29.069 14.357,
            3.177 29.069 14.409,
            3.169 29.069 14.462,
            3.161 29.069 14.533,
            3.152 29.069 14.640,
            3.144 29.069 14.803,
            3.142 29.069 14.967,
            3.969 29.069 14.690,
            3.976 29.069 14.967,
            3.959 29.069 14.552,
            3.947 29.069 14.448,
            3.934 29.069 14.371,
            3.923 29.069 14.314,
            3.912 29.069 14.272,
            3.904 29.069 14.243,
            3.893 29.069 14.209,
            3.883 29.069 14.185,
            3.873 29.069 14.160,
            3.862 29.069 14.137,
            3.851 29.069 14.118,
            3.840 29.069 14.100,
            3.829 29.069 14.082,
            3.816 29.069 14.065,
            3.804 29.069 14.048,
            3.791 29.069 14.033,
            3.779 29.069 14.019,
            3.765 29.069 14.006,
            3.750 29.069 13.992,
            3.736 29.069 13.981,
            3.723 29.069 13.971,
            3.707 29.069 13.960,
            3.691 29.069 13.951,
            3.680 29.069 13.945,
            3.670 29.069 13.941,
            3.653 29.069 13.934,
            3.636 29.069 13.928,
            3.622 29.069 13.924,
            3.610 29.069 13.922,
            3.600 29.069 13.920,
            3.589 29.069 13.918,
            3.575 29.069 13.917,
            3.591 29.069 16.016,
            3.565 29.069 16.017,
            3.608 29.069 16.014,
            3.619 29.069 16.012,
            3.630 29.069 16.009,
            3.643 29.069 16.006,
            3.662 29.069 15.999,
            3.675 29.069 15.994,
            3.688 29.069 15.988,
            3.699 29.069 15.981,
            3.715 29.069 15.972,
            3.730 29.069 15.960,
            3.746 29.069 15.948,
            3.760 29.069 15.935,
            3.774 29.069 15.921,
            3.789 29.069 15.904,
            3.805 29.069 15.885,
            3.821 29.069 15.863,
            3.836 29.069 15.839,
            3.848 29.069 15.819,
            3.861 29.069 15.797,
            3.872 29.069 15.773,
            3.881 29.069 15.752,
            3.889 29.069 15.732,
            3.897 29.069 15.711,
            3.903 29.069 15.690,
            3.912 29.069 15.661,
            3.920 29.069 15.629,
            3.929 29.069 15.585,
            3.939 29.069 15.536,
            3.946 29.069 15.486,
            3.954 29.069 15.420,
            3.964 29.069 15.320,
            3.970 29.069 15.207,
            3.974 29.069 15.087,
            3.148 29.069 15.243,
            3.159 29.069 15.381,
            3.171 29.069 15.484,
            3.183 29.069 15.561,
            3.195 29.069 15.618,
            3.205 29.069 15.660,
            3.213 29.069 15.688,
            3.224 29.069 15.722,
            3.233 29.069 15.746,
            3.244 29.069 15.772,
            3.255 29.069 15.794,
            3.265 29.069 15.813,
            3.276 29.069 15.832,
            3.288 29.069 15.850,
            3.300 29.069 15.867,
            3.313 29.069 15.884,
            3.326 29.069 15.900,
            3.341 29.069 15.916,
            3.354 29.069 15.930,
            3.369 29.069 15.943,
            3.382 29.069 15.954,
            3.399 29.069 15.966,
            3.415 29.069 15.977,
            3.427 29.069 15.983,
            3.437 29.069 15.989,
            3.447 29.069 15.993,
            3.464 29.069 16.000,
            3.482 29.069 16.006,
            3.500 29.069 16.011,
            3.511 29.069 16.013,
            3.524 29.069 16.015,
            3.538 29.069 16.016,
            1.799 29.068 16.284,
            1.723 29.068 16.282,
            1.691 29.068 16.280,
            1.645 29.068 16.274,
            1.615 29.068 16.270,
            1.586 29.068 16.264,
            1.558 29.068 16.258,
            1.531 29.068 16.252,
            1.504 29.068 16.244,
            1.477 29.068 16.235,
            1.451 29.068 16.226,
            1.425 29.068 16.216,
            1.399 29.068 16.204,
            1.375 29.068 16.193,
            1.351 29.068 16.180,
            1.327 29.068 16.167,
            1.305 29.068 16.153,
            1.282 29.068 16.137,
            1.260 29.068 16.122,
            1.239 29.068 16.105,
            1.219 29.068 16.088,
            1.199 29.068 16.070,
            1.180 29.068 16.051,
            1.161 29.068 16.031,
            1.144 29.068 16.011,
            1.127 29.068 15.991,
            1.110 29.068 15.970,
            1.094 29.068 15.948,
            1.080 29.068 15.925,
            1.066 29.068 15.903,
            1.052 29.068 15.879,
            1.040 29.068 15.856,
            1.028 29.068 15.831,
            1.018 29.068 15.807,
            1.008 29.068 15.782,
            0.998 29.068 15.757,
            0.990 29.068 15.731,
            0.982 29.068 15.706,
            0.975 29.068 15.680,
            0.968 29.068 15.654,
            0.961 29.068 15.619,
            0.956 29.068 15.590,
            0.951 29.068 15.560,
            0.948 29.068 15.530,
            0.943 29.068 15.474,
            0.940 29.068 15.417,
            1.207 29.068 15.384,
            1.217 29.068 15.463,
            1.223 29.068 15.497,
            1.231 29.068 15.535,
            1.238 29.068 15.565,
            1.247 29.068 15.595,
            1.256 29.068 15.621,
            1.266 29.068 15.647,
            1.277 29.068 15.672,
            1.287 29.068 15.694,
            1.297 29.068 15.711,
            1.307 29.068 15.728,
            1.319 29.068 15.746,
            1.333 29.068 15.764,
            1.348 29.068 15.782,
            1.364 29.068 15.800,
            1.380 29.068 15.817,
            1.398 29.068 15.833,
            1.416 29.068 15.848,
            1.436 29.068 15.863,
            1.455 29.068 15.877,
            1.475 29.068 15.890,
            1.494 29.068 15.901,
            1.514 29.068 15.913,
            1.535 29.068 15.923,
            1.556 29.068 15.932,
            1.577 29.068 15.941,
            1.599 29.068 15.949,
            1.620 29.068 15.956,
            1.643 29.068 15.962,
            1.665 29.068 15.967,
            1.687 29.068 15.972,
            1.710 29.068 15.976,
            1.733 29.068 15.979,
            1.755 29.068 15.981,
            1.789 29.068 15.983,
            1.822 29.068 15.984,
            1.859 29.068 15.983,
            1.886 29.068 15.982,
            1.918 29.068 15.979,
            1.956 29.068 15.974,
            1.985 29.068 15.968,
            2.009 29.068 15.963,
            2.030 29.068 15.957,
            2.051 29.068 15.950,
            2.071 29.068 15.943,
            2.089 29.068 15.935,
            2.107 29.068 15.927,
            2.128 29.068 15.916,
            2.150 29.068 15.903,
            2.166 29.068 15.893,
            2.181 29.068 15.882,
            2.196 29.068 15.870,
            2.210 29.068 15.857,
            2.225 29.068 15.842,
            2.244 29.068 15.822,
            2.256 29.068 15.807,
            2.268 29.068 15.792,
            2.279 29.068 15.776,
            2.289 29.068 15.758,
            2.298 29.068 15.740,
            2.306 29.068 15.723,
            2.313 29.068 15.706,
            2.320 29.068 15.687,
            2.327 29.068 15.663,
            2.332 29.068 15.642,
            2.335 29.068 15.624,
            2.338 29.068 15.604,
            2.339 29.068 15.590,
            2.340 29.068 15.574,
            2.341 29.068 15.544,
            2.340 29.068 15.507,
            2.338 29.068 15.488,
            2.335 29.068 15.469,
            2.332 29.068 15.450,
            2.327 29.068 15.431,
            2.321 29.068 15.413,
            2.315 29.068 15.394,
            2.307 29.068 15.376,
            2.299 29.068 15.359,
            2.289 29.068 15.342,
            2.279 29.068 15.327,
            2.269 29.068 15.312,
            2.257 29.068 15.298,
            2.245 29.068 15.284,
            2.232 29.068 15.271,
            2.218 29.068 15.258,
            2.202 29.068 15.246,
            2.183 29.068 15.232,
            2.166 29.068 15.220,
            2.149 29.068 15.210,
            2.133 29.068 15.202,
            2.102 29.068 15.187,
            2.060 29.068 15.170,
            1.980 29.068 15.141,
            1.840 29.068 15.098,
            1.700 29.068 15.058,
            1.560 29.068 15.016,
            1.490 29.068 14.993,
            1.399 29.068 14.956,
            1.381 29.068 14.948,
            1.363 29.068 14.939,
            1.320 29.068 14.916,
            1.298 29.068 14.904,
            1.275 29.068 14.889,
            1.255 29.068 14.874,
            1.237 29.068 14.860,
            1.220 29.068 14.845,
            1.203 29.068 14.830,
            1.187 29.068 14.814,
            1.171 29.068 14.797,
            1.156 29.068 14.780,
            1.141 29.068 14.763,
            1.128 29.068 14.744,
            1.115 29.068 14.726,
            1.102 29.068 14.707,
            1.091 29.068 14.687,
            1.080 29.068 14.667,
            1.069 29.068 14.647,
            1.060 29.068 14.626,
            1.051 29.068 14.605,
            1.043 29.068 14.584,
            1.036 29.068 14.562,
            1.030 29.068 14.540,
            1.025 29.068 14.518,
            1.019 29.068 14.488,
            1.014 29.068 14.458,
            1.011 29.068 14.431,
            1.009 29.068 14.413,
            1.008 29.068 14.392,
            1.007 29.068 14.353,
            1.009 29.068 14.289,
            1.011 29.068 14.264,
            1.016 29.068 14.229,
            1.019 29.068 14.205,
            1.025 29.068 14.178,
            1.031 29.068 14.152,
            1.037 29.068 14.129,
            1.043 29.068 14.110,
            1.050 29.068 14.090,
            1.060 29.068 14.065,
            1.072 29.068 14.037,
            1.082 29.068 14.016,
            1.093 29.068 13.997,
            1.104 29.068 13.978,
            1.116 29.068 13.959,
            1.128 29.068 13.941,
            1.141 29.068 13.923,
            1.155 29.068 13.905,
            1.169 29.068 13.888,
            1.184 29.068 13.872,
            1.199 29.068 13.856,
            1.215 29.068 13.840,
            1.231 29.068 13.825,
            1.248 29.068 13.811,
            1.265 29.068 13.797,
            1.283 29.068 13.784,
            1.301 29.068 13.771,
            1.319 29.068 13.759,
            1.338 29.068 13.748,
            1.358 29.068 13.737,
            1.377 29.068 13.727,
            1.397 29.068 13.718,
            1.418 29.068 13.709,
            1.438 29.068 13.701,
            1.459 29.068 13.693,
            1.480 29.068 13.687,
            1.501 29.068 13.681,
            1.523 29.068 13.675,
            1.551 29.068 13.669,
            1.584 29.068 13.663,
            1.617 29.068 13.658,
            1.650 29.068 13.654,
            1.676 29.068 13.652,
            1.714 29.068 13.650,
            1.752 29.068 13.649,
            1.845 29.068 13.653,
            1.883 29.068 13.657,
            1.917 29.068 13.661,
            1.955 29.068 13.668,
            1.990 29.068 13.676,
            2.022 29.068 13.685,
            2.054 29.068 13.695,
            2.085 29.068 13.706,
            2.116 29.068 13.719,
            2.146 29.068 13.733,
            2.175 29.068 13.748,
            2.204 29.068 13.765,
            2.232 29.068 13.783,
            2.256 29.068 13.800,
            2.276 29.068 13.816,
            2.296 29.068 13.833,
            2.315 29.068 13.851,
            2.334 29.068 13.869,
            2.352 29.068 13.888,
            2.369 29.068 13.908,
            2.385 29.068 13.929,
            2.400 29.068 13.950,
            2.415 29.068 13.971,
            2.428 29.068 13.993,
            2.441 29.068 14.016,
            2.453 29.068 14.039,
            2.465 29.068 14.063,
            2.475 29.068 14.087,
            2.485 29.068 14.111,
            2.494 29.068 14.135,
            2.502 29.068 14.160,
            2.509 29.068 14.185,
            2.515 29.068 14.210,
            2.521 29.068 14.236,
            2.526 29.068 14.261,
            2.530 29.068 14.287,
            2.534 29.068 14.313,
            2.538 29.068 14.365,
            2.541 29.068 14.416,
            2.274 29.068 14.450,
            2.268 29.068 14.389,
            2.265 29.068 14.369,
            2.258 29.068 14.333,
            2.250 29.068 14.300,
            2.242 29.068 14.270,
            2.233 29.068 14.244,
            2.225 29.068 14.223,
            2.216 29.068 14.204,
            2.207 29.068 14.186,
            2.197 29.068 14.167,
            2.187 29.068 14.150,
            2.177 29.068 14.134,
            2.166 29.068 14.119,
            2.155 29.068 14.105,
            2.142 29.068 14.091,
            2.130 29.068 14.078,
            2.116 29.068 14.065,
            2.101 29.068 14.052,
            2.085 29.068 14.040,
            2.068 29.068 14.028,
            2.052 29.068 14.018,
            2.036 29.068 14.009,
            2.019 29.068 14.001,
            2.001 29.068 13.992,
            1.980 29.068 13.984,
            1.958 29.068 13.977,
            1.934 29.068 13.970,
            1.912 29.068 13.964,
            1.884 29.068 13.959,
            1.855 29.068 13.955,
            1.823 29.068 13.952,
            1.792 29.068 13.950,
            1.761 29.068 13.949,
            1.730 29.068 13.950,
            1.707 29.068 13.951,
            1.680 29.068 13.953,
            1.640 29.068 13.958,
            1.608 29.068 13.964,
            1.584 29.068 13.969,
            1.562 29.068 13.975,
            1.540 29.068 13.982,
            1.519 29.068 13.990,
            1.498 29.068 13.999,
            1.479 29.068 14.008,
            1.462 29.068 14.017,
            1.445 29.068 14.028,
            1.429 29.068 14.039,
            1.414 29.068 14.050,
            1.399 29.068 14.063,
            1.385 29.068 14.076,
            1.372 29.068 14.090,
            1.359 29.068 14.105,
            1.348 29.068 14.119,
            1.337 29.068 14.135,
            1.326 29.068 14.151,
            1.318 29.068 14.167,
            1.310 29.068 14.184,
            1.303 29.068 14.200,
            1.296 29.068 14.219,
            1.290 29.068 14.238,
            1.285 29.068 14.256,
            1.281 29.068 14.275,
            1.278 29.068 14.294,
            1.276 29.068 14.313,
            1.275 29.068 14.336,
            1.274 29.068 14.359,
            1.276 29.068 14.406,
            1.278 29.068 14.432,
            1.281 29.068 14.449,
            1.284 29.068 14.468,
            1.288 29.068 14.487,
            1.294 29.068 14.505,
            1.299 29.068 14.521,
            1.304 29.068 14.534,
            1.311 29.068 14.550,
            1.318 29.068 14.562,
            1.326 29.068 14.576,
            1.336 29.068 14.592,
            1.358 29.068 14.620,
            1.374 29.068 14.635,
            1.385 29.068 14.645,
            1.394 29.068 14.652,
            1.410 29.068 14.662,
            1.431 29.068 14.675,
            1.452 29.068 14.686,
            1.473 29.068 14.696,
            1.533 29.068 14.721,
            1.574 29.068 14.736,
            1.660 29.068 14.763,
            1.713 29.068 14.777,
            1.766 29.068 14.791,
            1.966 29.068 14.842,
            2.056 29.068 14.867,
            2.154 29.068 14.900,
            2.170 29.068 14.906,
            2.183 29.068 14.911,
            2.212 29.068 14.923,
            2.270 29.068 14.952,
            2.300 29.068 14.969,
            2.324 29.068 14.983,
            2.349 29.068 15.000,
            2.370 29.068 15.016,
            2.392 29.068 15.034,
            2.412 29.068 15.052,
            2.432 29.068 15.071,
            2.451 29.068 15.091,
            2.468 29.068 15.111,
            2.485 29.068 15.133,
            2.501 29.068 15.155,
            2.516 29.068 15.178,
            2.529 29.068 15.202,
            2.542 29.068 15.226,
            2.553 29.068 15.251,
            2.564 29.068 15.276,
            2.573 29.068 15.302,
            2.581 29.068 15.328,
            2.588 29.068 15.355,
            2.594 29.068 15.382,
            2.598 29.068 15.408,
            2.602 29.068 15.435,
            2.605 29.068 15.463,
            2.607 29.068 15.499,
            2.608 29.068 15.536,
            2.605 29.068 15.605,
            2.602 29.068 15.640,
            2.598 29.068 15.671,
            2.592 29.068 15.702,
            2.585 29.068 15.730,
            2.578 29.068 15.758,
            2.569 29.068 15.786,
            2.559 29.068 15.813,
            2.548 29.068 15.840,
            2.536 29.068 15.867,
            2.523 29.068 15.893,
            2.509 29.068 15.918,
            2.494 29.068 15.943,
            2.479 29.068 15.967,
            2.462 29.068 15.991,
            2.444 29.068 16.014,
            2.426 29.068 16.037,
            2.406 29.068 16.058,
            2.386 29.068 16.079,
            2.364 29.068 16.099,
            2.342 29.068 16.117,
            2.319 29.068 16.135,
            2.295 29.068 16.152,
            2.271 29.068 16.167,
            2.246 29.068 16.182,
            2.220 29.068 16.196,
            2.194 29.068 16.208,
            2.167 29.068 16.220,
            2.140 29.068 16.231,
            2.113 29.068 16.240,
            2.085 29.068 16.248,
            2.057 29.068 16.255,
            2.028 29.068 16.262,
            2.000 29.068 16.267,
            1.971 29.068 16.272,
            1.942 29.068 16.276,
            1.913 29.068 16.279,
            1.856 29.068 16.283,
            -0.170 29.068 16.251,
            -0.961 29.068 16.251,
            -0.961 29.068 13.683,
            -0.165 29.068 13.683,
            -0.123 29.068 13.683,
            -0.092 29.068 13.684,
            -0.033 29.068 13.689,
            0.022 29.068 13.696,
            0.057 29.068 13.702,
            0.090 29.068 13.709,
            0.119 29.068 13.717,
            0.146 29.068 13.725,
            0.169 29.068 13.734,
            0.192 29.068 13.744,
            0.215 29.068 13.754,
            0.235 29.068 13.765,
            0.252 29.068 13.775,
            0.269 29.068 13.786,
            0.286 29.068 13.798,
            0.302 29.068 13.810,
            0.318 29.068 13.823,
            0.333 29.068 13.836,
            0.347 29.068 13.850,
            0.362 29.068 13.865,
            0.375 29.068 13.880,
            0.388 29.068 13.895,
            0.400 29.068 13.911,
            0.416 29.068 13.933,
            0.433 29.068 13.958,
            0.449 29.068 13.984,
            0.463 29.068 14.009,
            0.476 29.068 14.034,
            0.487 29.068 14.060,
            0.498 29.068 14.086,
            0.507 29.068 14.112,
            0.515 29.068 14.139,
            0.522 29.068 14.165,
            0.528 29.068 14.193,
            0.532 29.068 14.220,
            0.536 29.068 14.248,
            0.538 29.068 14.288,
            0.540 29.068 14.328,
            0.538 29.068 14.381,
            0.536 29.068 14.410,
            0.532 29.068 14.438,
            0.527 29.068 14.467,
            0.521 29.068 14.494,
            0.515 29.068 14.518,
            0.508 29.068 14.542,
            0.499 29.068 14.566,
            0.490 29.068 14.589,
            0.480 29.068 14.612,
            0.469 29.068 14.634,
            0.457 29.068 14.656,
            0.445 29.068 14.678,
            0.431 29.068 14.699,
            0.416 29.068 14.719,
            0.401 29.068 14.739,
            0.384 29.068 14.758,
            0.367 29.068 14.776,
            0.350 29.068 14.793,
            0.331 29.068 14.810,
            0.313 29.068 14.824,
            0.297 29.068 14.836,
            0.275 29.068 14.852,
            0.253 29.068 14.867,
            0.305 29.068 14.892,
            0.326 29.068 14.903,
            0.342 29.068 14.913,
            0.360 29.068 14.925,
            0.378 29.068 14.939,
            0.396 29.068 14.954,
            0.415 29.068 14.972,
            0.434 29.068 14.991,
            0.451 29.068 15.010,
            0.468 29.068 15.030,
            0.484 29.068 15.052,
            0.501 29.068 15.078,
            0.516 29.068 15.104,
            0.530 29.068 15.130,
            0.543 29.068 15.158,
            0.555 29.068 15.185,
            0.565 29.068 15.214,
            0.574 29.068 15.242,
            0.582 29.068 15.271,
            0.588 29.068 15.301,
            0.594 29.068 15.330,
            0.598 29.068 15.360,
            0.602 29.068 15.390,
            0.605 29.068 15.443,
            0.607 29.068 15.497,
            0.603 29.068 15.590,
            0.599 29.068 15.628,
            0.594 29.068 15.662,
            0.586 29.068 15.704,
            0.578 29.068 15.739,
            0.569 29.068 15.771,
            0.559 29.068 15.803,
            0.548 29.068 15.834,
            0.535 29.068 15.865,
            0.521 29.068 15.895,
            0.505 29.068 15.924,
            0.488 29.068 15.953,
            0.470 29.068 15.981,
            0.452 29.068 16.007,
            0.432 29.068 16.032,
            0.413 29.068 16.054,
            0.396 29.068 16.072,
            0.377 29.068 16.090,
            0.357 29.068 16.107,
            0.337 29.068 16.123,
            0.316 29.068 16.137,
            0.295 29.068 16.151,
            0.275 29.068 16.163,
            0.256 29.068 16.173,
            0.238 29.068 16.181,
            0.218 29.068 16.190,
            0.199 29.068 16.197,
            0.180 29.068 16.204,
            0.160 29.068 16.210,
            0.140 29.068 16.216,
            0.110 29.068 16.223,
            0.082 29.068 16.229,
            0.052 29.068 16.235,
            0.021 29.068 16.239,
            -0.020 29.068 16.244,
            -0.082 29.068 16.249,
            -0.126 29.068 16.250,
            -0.694 29.068 13.983,
            -0.257 29.068 13.983,
            -0.182 29.068 13.984,
            -0.106 29.068 13.987,
            -0.023 29.068 13.996,
            0.002 29.068 14.000,
            0.024 29.068 14.004,
            0.039 29.068 14.007,
            -0.694 29.068 14.750,
            0.051 29.068 14.011,
            0.069 29.068 14.017,
            0.087 29.068 14.024,
            0.104 29.068 14.033,
            0.120 29.068 14.042,
            0.132 29.068 14.049,
            0.143 29.068 14.057,
            0.153 29.068 14.066,
            0.164 29.068 14.075,
            0.174 29.068 14.085,
            0.187 29.068 14.099,
            0.198 29.068 14.114,
            -0.694 29.068 15.050,
            0.209 29.068 14.129,
            0.219 29.068 14.145,
            0.228 29.068 14.162,
            -0.223 29.068 14.750,
            0.237 29.068 14.180,
            0.245 29.068 14.198,
            0.251 29.068 14.216,
            0.257 29.068 14.235,
            0.262 29.068 14.254,
            0.265 29.068 14.270,
            0.268 29.068 14.291,
            0.270 29.068 14.313,
            -0.202 29.068 15.050,
            0.272 29.068 14.337,
            0.273 29.068 14.371,
            -0.163 29.068 15.050,
            -0.135 29.068 14.748,
            -0.134 29.068 15.051,
            0.272 29.068 14.408,
            0.271 29.068 14.428,
            -0.066 29.068 15.056,
            -0.056 29.068 14.743,
            -0.038 29.068 14.741,
            0.269 29.068 14.446,
            0.266 29.068 14.464,
            -0.024 29.068 15.061,
            -0.024 29.068 14.739,
            -0.004 29.068 14.736,
            0.262 29.068 14.485,
            0.258 29.068 14.504,
            0.010 29.068 15.066,
            0.018 29.068 14.731,
            0.252 29.068 14.522,
            0.246 29.068 14.541,
            0.035 29.068 15.071,
            0.040 29.068 14.725,
            0.238 29.068 14.558,
            0.060 29.068 14.718,
            0.076 29.068 14.712,
            0.087 29.068 14.707,
            0.100 29.068 14.701,
            0.117 29.068 14.691,
            0.132 29.068 14.682,
            0.230 29.068 14.574,
            0.051 29.068 15.075,
            0.147 29.068 14.671,
            0.162 29.068 14.659,
            0.221 29.068 14.591,
            0.172 29.068 14.650,
            0.211 29.068 14.606,
            0.181 29.068 14.641,
            0.204 29.068 14.615,
            0.189 29.068 14.633,
            0.197 29.068 14.624,
            0.069 29.068 15.079,
            0.087 29.068 15.086,
            0.107 29.068 15.093,
            0.124 29.068 15.101,
            0.142 29.068 15.110,
            0.158 29.068 15.120,
            -0.694 29.068 15.951,
            0.174 29.068 15.131,
            0.189 29.068 15.142,
            0.204 29.068 15.154,
            0.218 29.068 15.167,
            0.231 29.068 15.181,
            0.243 29.068 15.195,
            0.256 29.068 15.212,
            0.268 29.068 15.229,
            0.279 29.068 15.246,
            0.288 29.068 15.264,
            0.296 29.068 15.280,
            0.304 29.068 15.298,
            0.311 29.068 15.315,
            0.317 29.068 15.333,
            0.323 29.068 15.354,
            0.328 29.068 15.376,
            0.333 29.068 15.400,
            0.335 29.068 15.420,
            0.338 29.068 15.444,
            0.340 29.068 15.499,
            -0.165 29.068 15.951,
            0.339 29.068 15.528,
            -0.114 29.068 15.950,
            -0.077 29.068 15.948,
            0.337 29.068 15.557,
            0.335 29.068 15.581,
            -0.034 29.068 15.945,
            0.332 29.068 15.604,
            0.328 29.068 15.628,
            -0.001 29.068 15.941,
            0.023 29.068 15.937,
            0.323 29.068 15.649,
            0.042 29.068 15.933,
            0.318 29.068 15.671,
            0.055 29.068 15.930,
            0.311 29.068 15.692,
            0.068 29.068 15.926,
            0.303 29.068 15.711,
            0.295 29.068 15.731,
            0.094 29.068 15.918,
            0.288 29.068 15.745,
            0.280 29.068 15.760,
            0.271 29.068 15.775,
            0.129 29.068 15.902,
            0.260 29.068 15.791,
            0.147 29.068 15.893,
            0.249 29.068 15.806,
            0.237 29.068 15.821,
            0.164 29.068 15.883,
            0.224 29.068 15.834,
            0.180 29.068 15.872,
            0.210 29.068 15.848,
            0.195 29.068 15.861,
            -0.694 29.069 14.750,
            -0.694 29.069 13.983,
            -0.257 29.069 13.983,
            0.272 29.069 14.337,
            0.273 29.069 14.371,
            0.270 29.069 14.313,
            0.268 29.069 14.291,
            0.265 29.069 14.270,
            0.262 29.069 14.254,
            0.257 29.069 14.235,
            0.251 29.069 14.216,
            0.245 29.069 14.198,
            0.237 29.069 14.180,
            0.228 29.069 14.162,
            0.219 29.069 14.145,
            0.209 29.069 14.129,
            0.198 29.069 14.114,
            0.187 29.069 14.099,
            0.174 29.069 14.085,
            0.164 29.069 14.075,
            0.153 29.069 14.066,
            0.143 29.069 14.057,
            0.132 29.069 14.049,
            0.120 29.069 14.042,
            0.104 29.069 14.033,
            0.087 29.069 14.024,
            0.069 29.069 14.017,
            0.051 29.069 14.011,
            0.039 29.069 14.007,
            0.024 29.069 14.004,
            0.002 29.069 14.000,
            -0.023 29.069 13.996,
            -0.106 29.069 13.987,
            -0.182 29.069 13.984,
            0.060 29.069 14.718,
            0.040 29.069 14.725,
            0.076 29.069 14.712,
            0.087 29.069 14.707,
            0.100 29.069 14.701,
            0.117 29.069 14.691,
            0.132 29.069 14.682,
            0.147 29.069 14.671,
            0.162 29.069 14.659,
            0.172 29.069 14.650,
            0.181 29.069 14.641,
            0.189 29.069 14.633,
            0.197 29.069 14.624,
            0.204 29.069 14.615,
            0.211 29.069 14.606,
            0.221 29.069 14.591,
            0.230 29.069 14.574,
            0.238 29.069 14.558,
            0.246 29.069 14.541,
            0.252 29.069 14.522,
            0.258 29.069 14.504,
            0.262 29.069 14.485,
            0.266 29.069 14.464,
            0.269 29.069 14.446,
            0.271 29.069 14.428,
            0.272 29.069 14.408,
            -0.223 29.069 14.750,
            -0.135 29.069 14.748,
            -0.056 29.069 14.743,
            -0.038 29.069 14.741,
            -0.024 29.069 14.739,
            -0.004 29.069 14.736,
            0.018 29.069 14.731,
            -0.694 29.069 15.951,
            -0.694 29.069 15.050,
            -0.202 29.069 15.050,
            0.338 29.069 15.444,
            0.340 29.069 15.499,
            0.335 29.069 15.420,
            0.333 29.069 15.400,
            0.328 29.069 15.376,
            0.323 29.069 15.354,
            0.317 29.069 15.333,
            0.311 29.069 15.315,
            0.304 29.069 15.298,
            0.296 29.069 15.280,
            0.288 29.069 15.264,
            0.279 29.069 15.246,
            0.268 29.069 15.229,
            0.256 29.069 15.212,
            0.243 29.069 15.195,
            0.231 29.069 15.181,
            0.218 29.069 15.167,
            0.204 29.069 15.154,
            0.189 29.069 15.142,
            0.174 29.069 15.131,
            0.158 29.069 15.120,
            0.142 29.069 15.110,
            0.124 29.069 15.101,
            0.107 29.069 15.093,
            0.087 29.069 15.086,
            0.069 29.069 15.079,
            0.051 29.069 15.075,
            0.035 29.069 15.071,
            0.010 29.069 15.066,
            -0.024 29.069 15.061,
            -0.066 29.069 15.056,
            -0.134 29.069 15.051,
            -0.163 29.069 15.050,
            0.094 29.069 15.918,
            0.129 29.069 15.902,
            0.147 29.069 15.893,
            0.164 29.069 15.883,
            0.180 29.069 15.872,
            0.195 29.069 15.861,
            0.210 29.069 15.848,
            0.224 29.069 15.834,
            0.237 29.069 15.821,
            0.249 29.069 15.806,
            0.260 29.069 15.791,
            0.271 29.069 15.775,
            0.280 29.069 15.760,
            0.288 29.069 15.745,
            0.295 29.069 15.731,
            0.303 29.069 15.711,
            0.311 29.069 15.692,
            0.318 29.069 15.671,
            0.323 29.069 15.649,
            0.328 29.069 15.628,
            0.332 29.069 15.604,
            0.335 29.069 15.581,
            0.337 29.069 15.557,
            0.339 29.069 15.528,
            -0.165 29.069 15.951,
            -0.114 29.069 15.950,
            -0.077 29.069 15.948,
            -0.034 29.069 15.945,
            -0.001 29.069 15.941,
            0.023 29.069 15.937,
            0.042 29.069 15.933,
            0.055 29.069 15.930,
            0.068 29.069 15.926
          ]
        }
        coordIndex [
          0, 1, 2, -1,
          2, 1, 3, -1,
          4, 5, 6, -1,
          5, 7, 6, -1,
          7, 8, 6, -1,
          8, 9, 10, -1,
          7, 9, 8, -1,
          9, 11, 10, -1,
          12, 13, 14, -1,
          14, 13, 15, -1,
          16, 17, 18, -1,
          19, 20, 18, -1,
          18, 21, 19, -1,
          17, 21, 18, -1,
          17, 22, 21, -1,
          22, 23, 21, -1,
          23, 24, 25, -1,
          22, 24, 23, -1,
          16, 9, 26, -1,
          26, 9, 27, -1,
          18, 9, 16, -1,
          27, 9, 24, -1,
          25, 7, 28, -1,
          20, 7, 18, -1,
          28, 7, 20, -1,
          9, 7, 24, -1,
          24, 7, 25, -1,
          20, 29, 28, -1,
          30, 19, 21, -1,
          24, 31, 27, -1,
          32, 22, 17, -1,
          6, 8, 33, -1,
          11, 0, 10, -1,
          10, 0, 2, -1,
          11, 9, 0, -1,
          0, 9, 1, -1,
          1, 9, 18, -1,
          1, 12, 3, -1,
          3, 12, 14, -1,
          8, 10, 2, -1,
          8, 2, 3, -1,
          8, 3, 33, -1,
          1, 18, 12, -1,
          3, 14, 33, -1,
          13, 7, 5, -1,
          13, 12, 7, -1,
          12, 18, 7, -1,
          6, 15, 4, -1,
          14, 15, 6, -1,
          33, 14, 6, -1,
          15, 13, 4, -1,
          13, 5, 4, -1,
          24, 22, 34, -1,
          34, 22, 35, -1,
          31, 24, 36, -1,
          36, 24, 34, -1,
          27, 31, 37, -1,
          37, 31, 36, -1,
          26, 27, 38, -1,
          38, 27, 37, -1,
          16, 26, 39, -1,
          39, 26, 38, -1,
          17, 16, 40, -1,
          40, 16, 39, -1,
          32, 17, 41, -1,
          41, 17, 40, -1,
          22, 32, 35, -1,
          35, 32, 41, -1,
          39, 41, 40, -1,
          39, 36, 41, -1,
          38, 37, 36, -1,
          38, 36, 39, -1,
          35, 41, 36, -1,
          35, 36, 34, -1,
          20, 19, 42, -1,
          42, 19, 43, -1,
          29, 20, 44, -1,
          44, 20, 42, -1,
          28, 29, 45, -1,
          45, 29, 44, -1,
          25, 28, 46, -1,
          46, 28, 45, -1,
          23, 25, 47, -1,
          47, 25, 46, -1,
          21, 23, 48, -1,
          48, 23, 47, -1,
          30, 21, 49, -1,
          49, 21, 48, -1,
          19, 30, 43, -1,
          43, 30, 49, -1,
          46, 45, 44, -1,
          47, 49, 48, -1,
          47, 44, 49, -1,
          47, 46, 44, -1,
          43, 49, 44, -1,
          43, 44, 42, -1,
          50, 51, 52, -1,
          52, 53, 50, -1,
          53, 54, 50, -1,
          51, 55, 56, -1,
          55, 57, 56, -1,
          58, 59, 60, -1,
          58, 61, 59, -1,
          55, 62, 58, -1,
          58, 62, 61, -1,
          55, 63, 62, -1,
          64, 65, 57, -1,
          57, 65, 56, -1,
          55, 66, 63, -1,
          55, 67, 66, -1,
          64, 68, 65, -1,
          69, 68, 64, -1,
          70, 68, 69, -1,
          71, 68, 70, -1,
          72, 68, 71, -1,
          73, 68, 72, -1,
          55, 74, 67, -1,
          75, 74, 76, -1,
          77, 74, 75, -1,
          78, 74, 77, -1,
          79, 74, 78, -1,
          80, 74, 79, -1,
          81, 74, 80, -1,
          67, 74, 81, -1,
          55, 82, 74, -1,
          51, 82, 55, -1,
          50, 82, 51, -1,
          74, 82, 83, -1,
          65, 84, 56, -1,
          68, 85, 86, -1,
          68, 87, 85, -1,
          68, 88, 87, -1,
          68, 89, 88, -1,
          68, 90, 89, -1,
          68, 91, 90, -1,
          68, 92, 91, -1,
          73, 92, 68, -1,
          73, 93, 92, -1,
          94, 93, 73, -1,
          94, 95, 93, -1,
          94, 96, 95, -1,
          97, 96, 94, -1,
          97, 98, 96, -1,
          99, 100, 97, -1,
          97, 100, 98, -1,
          99, 101, 100, -1,
          99, 102, 101, -1,
          99, 103, 102, -1,
          104, 103, 99, -1,
          104, 105, 103, -1,
          104, 106, 105, -1,
          104, 107, 106, -1,
          108, 107, 104, -1,
          108, 109, 107, -1,
          108, 110, 109, -1,
          111, 112, 108, -1,
          108, 112, 110, -1,
          111, 113, 112, -1,
          111, 114, 113, -1,
          114, 115, 116, -1,
          111, 115, 114, -1,
          117, 115, 111, -1,
          118, 115, 117, -1,
          119, 115, 118, -1,
          120, 115, 119, -1,
          121, 115, 122, -1,
          116, 115, 121, -1,
          115, 123, 122, -1,
          115, 124, 123, -1,
          84, 125, 126, -1,
          126, 127, 84, -1,
          84, 128, 125, -1,
          127, 129, 84, -1,
          129, 130, 84, -1,
          84, 131, 128, -1,
          130, 132, 84, -1,
          133, 134, 84, -1,
          84, 134, 131, -1,
          115, 135, 124, -1,
          132, 136, 84, -1,
          137, 138, 133, -1,
          133, 138, 134, -1,
          136, 139, 84, -1,
          140, 141, 137, -1,
          137, 141, 138, -1,
          139, 142, 84, -1,
          140, 143, 141, -1,
          144, 143, 140, -1,
          142, 145, 84, -1,
          115, 146, 135, -1,
          145, 147, 84, -1,
          148, 149, 144, -1,
          144, 149, 143, -1,
          147, 150, 84, -1,
          115, 151, 146, -1,
          152, 153, 148, -1,
          148, 153, 149, -1,
          150, 154, 84, -1,
          154, 155, 84, -1,
          156, 157, 152, -1,
          158, 157, 156, -1,
          152, 157, 153, -1,
          155, 159, 84, -1,
          158, 160, 157, -1,
          161, 160, 158, -1,
          115, 162, 151, -1,
          159, 163, 84, -1,
          164, 165, 161, -1,
          161, 165, 160, -1,
          163, 166, 84, -1,
          84, 166, 56, -1,
          164, 167, 165, -1,
          115, 168, 162, -1,
          166, 169, 56, -1,
          170, 171, 164, -1,
          172, 171, 170, -1,
          164, 171, 167, -1,
          115, 173, 168, -1,
          169, 174, 56, -1,
          82, 175, 83, -1,
          115, 176, 173, -1,
          174, 177, 56, -1,
          56, 177, 178, -1,
          172, 179, 171, -1,
          180, 179, 172, -1,
          115, 181, 176, -1,
          177, 182, 178, -1,
          115, 183, 181, -1,
          175, 183, 115, -1,
          180, 184, 179, -1,
          185, 184, 180, -1,
          186, 184, 185, -1,
          182, 187, 178, -1,
          188, 189, 190, -1,
          187, 191, 178, -1,
          175, 192, 183, -1,
          189, 193, 190, -1,
          186, 194, 184, -1,
          195, 194, 186, -1,
          196, 194, 195, -1,
          175, 197, 192, -1,
          175, 198, 197, -1,
          175, 199, 198, -1,
          175, 200, 199, -1,
          201, 202, 196, -1,
          196, 202, 194, -1,
          175, 203, 200, -1,
          175, 204, 203, -1,
          175, 205, 204, -1,
          175, 206, 205, -1,
          175, 207, 206, -1,
          208, 209, 201, -1,
          201, 209, 202, -1,
          210, 211, 212, -1,
          175, 213, 207, -1,
          211, 214, 212, -1,
          212, 214, 215, -1,
          175, 216, 213, -1,
          175, 217, 216, -1,
          218, 219, 220, -1,
          175, 221, 217, -1,
          219, 222, 220, -1,
          220, 222, 214, -1,
          175, 223, 221, -1,
          224, 225, 226, -1,
          227, 225, 224, -1,
          228, 225, 227, -1,
          229, 225, 228, -1,
          230, 225, 229, -1,
          231, 225, 230, -1,
          232, 225, 233, -1,
          234, 225, 232, -1,
          235, 225, 234, -1,
          226, 225, 235, -1,
          222, 236, 214, -1,
          175, 237, 223, -1,
          238, 239, 231, -1,
          240, 239, 238, -1,
          231, 239, 225, -1,
          175, 241, 237, -1,
          233, 242, 208, -1,
          208, 242, 209, -1,
          225, 242, 233, -1,
          243, 244, 240, -1,
          240, 244, 239, -1,
          245, 246, 247, -1,
          175, 248, 241, -1,
          249, 250, 243, -1,
          251, 250, 249, -1,
          252, 250, 251, -1,
          243, 250, 244, -1,
          236, 253, 214, -1,
          246, 253, 247, -1,
          247, 253, 236, -1,
          214, 254, 215, -1,
          215, 254, 255, -1,
          253, 254, 214, -1,
          175, 256, 248, -1,
          257, 258, 252, -1,
          252, 258, 250, -1,
          175, 259, 256, -1,
          225, 260, 242, -1,
          261, 262, 257, -1,
          257, 262, 258, -1,
          263, 262, 261, -1,
          175, 264, 259, -1,
          263, 265, 262, -1,
          266, 265, 263, -1,
          267, 265, 266, -1,
          268, 269, 270, -1,
          175, 271, 264, -1,
          272, 273, 267, -1,
          267, 273, 265, -1,
          272, 274, 273, -1,
          275, 274, 272, -1,
          175, 276, 271, -1,
          275, 277, 274, -1,
          190, 277, 275, -1,
          278, 277, 193, -1,
          193, 277, 190, -1,
          225, 279, 260, -1,
          280, 281, 282, -1,
          283, 284, 278, -1,
          278, 284, 277, -1,
          82, 285, 175, -1,
          175, 285, 276, -1,
          281, 286, 282, -1,
          282, 286, 287, -1,
          284, 288, 289, -1,
          286, 290, 287, -1,
          283, 291, 284, -1,
          292, 291, 283, -1,
          293, 291, 292, -1,
          294, 291, 293, -1,
          284, 291, 288, -1,
          290, 295, 287, -1,
          294, 296, 291, -1,
          254, 296, 255, -1,
          297, 296, 294, -1,
          255, 296, 297, -1,
          295, 298, 287, -1,
          82, 299, 285, -1,
          254, 300, 296, -1,
          298, 301, 287, -1,
          301, 302, 287, -1,
          287, 302, 269, -1,
          302, 303, 269, -1,
          269, 303, 270, -1,
          254, 304, 300, -1,
          270, 304, 305, -1,
          303, 304, 270, -1,
          300, 304, 306, -1,
          305, 304, 254, -1,
          225, 307, 279, -1,
          82, 308, 299, -1,
          307, 309, 279, -1,
          82, 310, 308, -1,
          82, 311, 310, -1,
          82, 312, 311, -1,
          82, 313, 312, -1,
          307, 314, 309, -1,
          307, 315, 314, -1,
          307, 316, 315, -1,
          317, 316, 307, -1,
          317, 318, 316, -1,
          319, 318, 317, -1,
          320, 321, 322, -1,
          323, 324, 320, -1,
          320, 324, 321, -1,
          325, 326, 327, -1,
          322, 326, 325, -1,
          321, 326, 322, -1,
          328, 329, 323, -1,
          330, 329, 328, -1,
          323, 329, 324, -1,
          327, 331, 332, -1,
          326, 331, 327, -1,
          333, 334, 330, -1,
          330, 334, 329, -1,
          319, 335, 318, -1,
          336, 335, 319, -1,
          332, 337, 338, -1,
          331, 337, 332, -1,
          339, 340, 333, -1,
          333, 340, 334, -1,
          338, 341, 342, -1,
          337, 341, 338, -1,
          343, 344, 339, -1,
          339, 344, 340, -1,
          342, 345, 346, -1,
          341, 345, 342, -1,
          347, 348, 343, -1,
          349, 348, 347, -1,
          343, 348, 344, -1,
          346, 350, 351, -1,
          345, 350, 346, -1,
          352, 353, 349, -1,
          349, 353, 348, -1,
          351, 354, 355, -1,
          350, 354, 351, -1,
          356, 357, 352, -1,
          352, 357, 353, -1,
          358, 359, 356, -1,
          356, 359, 357, -1,
          355, 360, 361, -1,
          354, 360, 355, -1,
          336, 362, 335, -1,
          363, 364, 358, -1,
          358, 364, 359, -1,
          361, 365, 366, -1,
          360, 365, 361, -1,
          363, 367, 364, -1,
          368, 367, 363, -1,
          366, 369, 370, -1,
          365, 369, 366, -1,
          371, 372, 368, -1,
          368, 372, 367, -1,
          370, 373, 374, -1,
          369, 373, 370, -1,
          371, 375, 372, -1,
          374, 376, 377, -1,
          373, 376, 374, -1,
          336, 378, 362, -1,
          379, 378, 336, -1,
          371, 380, 375, -1,
          381, 380, 371, -1,
          377, 382, 383, -1,
          376, 382, 377, -1,
          384, 385, 381, -1,
          381, 385, 380, -1,
          382, 386, 383, -1,
          379, 387, 378, -1,
          388, 387, 379, -1,
          384, 389, 385, -1,
          383, 390, 191, -1,
          191, 390, 178, -1,
          386, 390, 383, -1,
          390, 391, 178, -1,
          384, 392, 389, -1,
          393, 392, 384, -1,
          388, 394, 387, -1,
          395, 394, 388, -1,
          396, 394, 395, -1,
          391, 397, 178, -1,
          393, 398, 392, -1,
          399, 398, 393, -1,
          397, 400, 178, -1,
          396, 401, 394, -1,
          402, 401, 396, -1,
          399, 403, 398, -1,
          400, 404, 178, -1,
          402, 405, 401, -1,
          406, 405, 402, -1,
          407, 408, 399, -1,
          399, 408, 403, -1,
          404, 409, 178, -1,
          407, 410, 408, -1,
          411, 412, 406, -1,
          413, 412, 411, -1,
          406, 412, 405, -1,
          414, 415, 416, -1,
          414, 417, 415, -1,
          418, 419, 420, -1,
          421, 419, 418, -1,
          422, 423, 414, -1,
          414, 423, 417, -1,
          419, 424, 420, -1,
          425, 426, 407, -1,
          407, 426, 410, -1,
          427, 428, 424, -1,
          429, 428, 427, -1,
          430, 431, 432, -1,
          425, 433, 426, -1,
          424, 434, 420, -1,
          428, 434, 424, -1,
          409, 435, 178, -1,
          420, 436, 422, -1,
          434, 436, 420, -1,
          437, 438, 425, -1,
          425, 438, 433, -1,
          435, 439, 178, -1,
          440, 441, 413, -1,
          442, 441, 440, -1,
          413, 441, 412, -1,
          437, 443, 438, -1,
          444, 445, 436, -1,
          446, 445, 444, -1,
          436, 447, 422, -1,
          445, 447, 436, -1,
          439, 448, 178, -1,
          449, 450, 442, -1,
          442, 450, 441, -1,
          437, 451, 443, -1,
          448, 452, 178, -1,
          453, 454, 437, -1,
          437, 454, 451, -1,
          455, 456, 449, -1,
          449, 456, 450, -1,
          452, 457, 178, -1,
          453, 458, 454, -1,
          459, 460, 455, -1,
          455, 460, 456, -1,
          457, 461, 178, -1,
          462, 463, 459, -1,
          459, 463, 460, -1,
          453, 464, 458, -1,
          465, 466, 462, -1,
          462, 466, 463, -1,
          453, 467, 464, -1,
          468, 469, 465, -1,
          470, 469, 468, -1,
          465, 469, 466, -1,
          471, 472, 453, -1,
          453, 472, 467, -1,
          473, 474, 470, -1,
          470, 474, 469, -1,
          471, 475, 472, -1,
          473, 476, 474, -1,
          477, 476, 473, -1,
          471, 478, 475, -1,
          479, 478, 471, -1,
          480, 481, 477, -1,
          477, 481, 476, -1,
          482, 483, 480, -1,
          480, 483, 481, -1,
          479, 484, 478, -1,
          485, 486, 482, -1,
          482, 486, 483, -1,
          479, 487, 484, -1,
          488, 489, 485, -1,
          485, 489, 486, -1,
          490, 491, 492, -1,
          493, 491, 490, -1,
          479, 494, 487, -1,
          495, 496, 488, -1,
          488, 496, 489, -1,
          491, 497, 492, -1,
          492, 497, 498, -1,
          495, 499, 496, -1,
          500, 499, 495, -1,
          501, 502, 479, -1,
          479, 502, 494, -1,
          497, 503, 498, -1,
          498, 503, 504, -1,
          505, 506, 500, -1,
          500, 506, 499, -1,
          504, 507, 508, -1,
          503, 507, 504, -1,
          501, 509, 502, -1,
          510, 511, 505, -1,
          505, 511, 506, -1,
          512, 513, 514, -1,
          515, 513, 512, -1,
          516, 513, 515, -1,
          517, 513, 516, -1,
          518, 513, 517, -1,
          508, 513, 518, -1,
          507, 513, 508, -1,
          501, 519, 509, -1,
          510, 520, 511, -1,
          521, 520, 510, -1,
          522, 520, 521, -1,
          513, 523, 514, -1,
          524, 525, 522, -1,
          522, 525, 520, -1,
          501, 526, 519, -1,
          527, 526, 501, -1,
          523, 528, 514, -1,
          529, 530, 524, -1,
          524, 530, 525, -1,
          528, 531, 514, -1,
          527, 532, 526, -1,
          533, 534, 529, -1,
          535, 534, 533, -1,
          529, 534, 530, -1,
          531, 536, 514, -1,
          514, 536, 537, -1,
          535, 538, 534, -1,
          539, 538, 535, -1,
          536, 540, 537, -1,
          431, 540, 541, -1,
          447, 540, 422, -1,
          542, 540, 430, -1,
          423, 540, 542, -1,
          543, 540, 447, -1,
          537, 540, 543, -1,
          422, 540, 423, -1,
          430, 540, 431, -1,
          313, 544, 539, -1,
          539, 544, 538, -1,
          82, 544, 313, -1,
          82, 545, 544, -1,
          546, 547, 548, -1,
          549, 547, 546, -1,
          550, 547, 549, -1,
          551, 547, 550, -1,
          541, 547, 551, -1,
          540, 547, 541, -1,
          82, 552, 545, -1,
          82, 553, 552, -1,
          82, 554, 553, -1,
          555, 556, 557, -1,
          558, 556, 555, -1,
          548, 556, 558, -1,
          547, 556, 548, -1,
          559, 556, 560, -1,
          561, 556, 559, -1,
          557, 556, 561, -1,
          562, 563, 564, -1,
          565, 563, 562, -1,
          527, 566, 532, -1,
          567, 566, 568, -1,
          532, 566, 567, -1,
          569, 566, 527, -1,
          570, 566, 569, -1,
          565, 571, 563, -1,
          563, 571, 572, -1,
          573, 571, 565, -1,
          574, 571, 573, -1,
          575, 571, 574, -1,
          576, 571, 575, -1,
          577, 571, 576, -1,
          578, 571, 577, -1,
          579, 571, 578, -1,
          580, 571, 579, -1,
          581, 571, 580, -1,
          582, 571, 581, -1,
          583, 571, 582, -1,
          584, 571, 583, -1,
          556, 571, 560, -1,
          585, 571, 584, -1,
          586, 571, 585, -1,
          587, 571, 586, -1,
          588, 571, 587, -1,
          589, 571, 588, -1,
          590, 571, 589, -1,
          591, 571, 590, -1,
          592, 571, 591, -1,
          560, 571, 592, -1,
          571, 593, 572, -1,
          570, 594, 566, -1,
          595, 594, 570, -1,
          571, 596, 593, -1,
          595, 597, 594, -1,
          595, 598, 597, -1,
          599, 598, 595, -1,
          599, 600, 598, -1,
          601, 602, 603, -1,
          604, 602, 601, -1,
          596, 602, 604, -1,
          571, 602, 596, -1,
          599, 605, 600, -1,
          599, 606, 605, -1,
          607, 606, 599, -1,
          608, 609, 610, -1,
          568, 609, 608, -1,
          566, 609, 568, -1,
          611, 609, 612, -1,
          613, 609, 611, -1,
          614, 609, 613, -1,
          615, 609, 614, -1,
          610, 609, 615, -1,
          602, 616, 603, -1,
          607, 617, 606, -1,
          602, 618, 616, -1,
          607, 619, 617, -1,
          620, 619, 607, -1,
          620, 621, 619, -1,
          622, 621, 620, -1,
          622, 623, 621, -1,
          602, 624, 618, -1,
          602, 625, 624, -1,
          622, 626, 623, -1,
          627, 626, 622, -1,
          609, 628, 612, -1,
          629, 628, 609, -1,
          630, 628, 629, -1,
          631, 628, 630, -1,
          631, 632, 628, -1,
          627, 633, 626, -1,
          632, 634, 628, -1,
          627, 635, 633, -1,
          636, 635, 627, -1,
          625, 637, 624, -1,
          634, 638, 628, -1,
          639, 640, 641, -1,
          642, 643, 639, -1,
          639, 643, 640, -1,
          640, 644, 641, -1,
          641, 644, 645, -1,
          646, 647, 642, -1,
          642, 647, 643, -1,
          644, 648, 645, -1,
          649, 648, 650, -1,
          645, 648, 649, -1,
          648, 651, 650, -1,
          650, 651, 652, -1,
          653, 654, 646, -1,
          646, 654, 647, -1,
          636, 655, 635, -1,
          656, 655, 636, -1,
          652, 657, 658, -1,
          651, 657, 652, -1,
          659, 660, 653, -1,
          661, 660, 659, -1,
          653, 660, 654, -1,
          638, 662, 628, -1,
          657, 663, 658, -1,
          658, 663, 664, -1,
          665, 666, 661, -1,
          661, 666, 660, -1,
          663, 667, 664, -1,
          664, 667, 668, -1,
          665, 669, 666, -1,
          670, 669, 665, -1,
          667, 671, 668, -1,
          668, 671, 672, -1,
          656, 673, 655, -1,
          662, 674, 628, -1,
          628, 674, 675, -1,
          671, 676, 672, -1,
          672, 676, 677, -1,
          678, 679, 670, -1,
          670, 679, 669, -1,
          676, 680, 677, -1,
          677, 680, 681, -1,
          682, 683, 678, -1,
          684, 683, 682, -1,
          678, 683, 679, -1,
          680, 685, 681, -1,
          681, 685, 686, -1,
          674, 687, 675, -1,
          656, 688, 673, -1,
          689, 688, 656, -1,
          685, 690, 686, -1,
          686, 690, 691, -1,
          692, 693, 684, -1,
          684, 693, 683, -1,
          690, 694, 691, -1,
          691, 694, 695, -1,
          696, 697, 692, -1,
          692, 697, 693, -1,
          694, 698, 695, -1,
          637, 699, 624, -1,
          689, 700, 688, -1,
          701, 700, 689, -1,
          702, 703, 696, -1,
          704, 703, 702, -1,
          696, 703, 697, -1,
          698, 705, 695, -1,
          695, 705, 706, -1,
          699, 707, 624, -1,
          708, 709, 704, -1,
          704, 709, 703, -1,
          701, 710, 700, -1,
          711, 710, 701, -1,
          705, 712, 706, -1,
          461, 712, 178, -1,
          706, 712, 461, -1,
          707, 713, 624, -1,
          714, 715, 708, -1,
          708, 715, 709, -1,
          712, 716, 178, -1,
          717, 718, 719, -1,
          711, 720, 710, -1,
          721, 720, 711, -1,
          716, 722, 178, -1,
          723, 724, 714, -1,
          725, 724, 723, -1,
          714, 724, 715, -1,
          721, 726, 720, -1,
          713, 727, 624, -1,
          728, 729, 725, -1,
          725, 729, 724, -1,
          722, 730, 178, -1,
          721, 731, 726, -1,
          732, 731, 721, -1,
          727, 733, 624, -1,
          734, 735, 728, -1,
          736, 735, 734, -1,
          728, 735, 729, -1,
          737, 738, 739, -1,
          740, 741, 732, -1,
          732, 741, 731, -1,
          730, 742, 178, -1,
          733, 743, 624, -1,
          744, 745, 718, -1,
          739, 745, 744, -1,
          738, 745, 739, -1,
          740, 746, 741, -1,
          747, 746, 740, -1,
          743, 748, 624, -1,
          745, 749, 718, -1,
          718, 749, 719, -1,
          742, 750, 178, -1,
          751, 752, 736, -1,
          736, 752, 735, -1,
          748, 753, 624, -1,
          624, 753, 754, -1,
          719, 755, 756, -1,
          749, 755, 719, -1,
          747, 757, 746, -1,
          758, 757, 747, -1,
          750, 759, 178, -1,
          755, 760, 756, -1,
          753, 761, 754, -1,
          758, 762, 757, -1,
          763, 762, 758, -1,
          754, 764, 751, -1,
          751, 764, 752, -1,
          760, 765, 756, -1,
          761, 766, 754, -1,
          765, 767, 756, -1,
          763, 768, 762, -1,
          769, 768, 763, -1,
          770, 771, 772, -1,
          766, 773, 754, -1,
          767, 774, 756, -1,
          754, 775, 764, -1,
          769, 776, 768, -1,
          777, 776, 769, -1,
          773, 778, 754, -1,
          774, 779, 756, -1,
          756, 779, 687, -1,
          687, 779, 675, -1,
          754, 780, 775, -1,
          779, 781, 675, -1,
          770, 782, 771, -1,
          771, 782, 783, -1,
          784, 782, 770, -1,
          754, 785, 780, -1,
          777, 786, 776, -1,
          787, 786, 777, -1,
          788, 786, 787, -1,
          781, 789, 675, -1,
          754, 790, 785, -1,
          791, 792, 788, -1,
          788, 792, 786, -1,
          789, 793, 675, -1,
          794, 795, 796, -1,
          754, 797, 790, -1,
          793, 798, 675, -1,
          794, 799, 795, -1,
          782, 799, 794, -1,
          800, 801, 791, -1,
          791, 801, 792, -1,
          782, 802, 799, -1,
          784, 802, 782, -1,
          803, 802, 784, -1,
          754, 804, 797, -1,
          798, 805, 675, -1,
          803, 806, 802, -1,
          800, 807, 801, -1,
          808, 807, 800, -1,
          754, 809, 804, -1,
          803, 810, 806, -1,
          805, 811, 675, -1,
          675, 811, 812, -1,
          803, 813, 810, -1,
          814, 813, 803, -1,
          808, 815, 807, -1,
          816, 815, 808, -1,
          811, 817, 812, -1,
          818, 819, 778, -1,
          754, 819, 809, -1,
          778, 819, 754, -1,
          814, 820, 813, -1,
          817, 821, 812, -1,
          814, 822, 820, -1,
          823, 822, 814, -1,
          816, 824, 815, -1,
          825, 824, 816, -1,
          818, 826, 819, -1,
          827, 826, 818, -1,
          823, 828, 822, -1,
          829, 828, 823, -1,
          821, 830, 812, -1,
          812, 830, 831, -1,
          825, 832, 824, -1,
          833, 832, 825, -1,
          834, 835, 827, -1,
          827, 835, 826, -1,
          830, 836, 831, -1,
          836, 837, 831, -1,
          829, 838, 828, -1,
          833, 839, 832, -1,
          840, 839, 833, -1,
          841, 839, 840, -1,
          834, 842, 835, -1,
          843, 842, 834, -1,
          829, 844, 838, -1,
          837, 845, 831, -1,
          841, 846, 839, -1,
          847, 846, 841, -1,
          843, 848, 842, -1,
          849, 848, 843, -1,
          850, 848, 849, -1,
          831, 851, 829, -1,
          845, 851, 831, -1,
          851, 852, 829, -1,
          847, 853, 846, -1,
          554, 853, 847, -1,
          852, 854, 829, -1,
          850, 855, 848, -1,
          856, 855, 850, -1,
          854, 857, 829, -1,
          829, 857, 844, -1,
          857, 858, 844, -1,
          844, 858, 859, -1,
          554, 860, 853, -1,
          82, 860, 554, -1,
          858, 861, 859, -1,
          862, 861, 863, -1,
          859, 861, 862, -1,
          861, 864, 863, -1,
          865, 864, 866, -1,
          863, 864, 865, -1,
          867, 868, 869, -1,
          870, 868, 867, -1,
          871, 872, 870, -1,
          870, 872, 868, -1,
          873, 874, 871, -1,
          871, 874, 872, -1,
          875, 876, 864, -1,
          866, 876, 873, -1,
          873, 876, 874, -1,
          864, 876, 866, -1,
          877, 878, 875, -1,
          879, 878, 877, -1,
          880, 878, 879, -1,
          881, 878, 880, -1,
          875, 878, 876, -1,
          82, 882, 860, -1,
          759, 883, 178, -1,
          178, 883, 54, -1,
          884, 885, 886, -1,
          886, 887, 888, -1,
          885, 887, 886, -1,
          884, 889, 885, -1,
          890, 889, 884, -1,
          887, 891, 888, -1,
          888, 891, 892, -1,
          890, 893, 889, -1,
          894, 893, 890, -1,
          891, 895, 892, -1,
          892, 895, 896, -1,
          894, 897, 893, -1,
          898, 897, 894, -1,
          895, 899, 896, -1,
          898, 900, 897, -1,
          901, 900, 898, -1,
          899, 902, 896, -1,
          901, 903, 900, -1,
          904, 903, 901, -1,
          902, 905, 896, -1,
          904, 906, 903, -1,
          856, 906, 855, -1,
          907, 906, 856, -1,
          855, 906, 904, -1,
          907, 908, 906, -1,
          909, 908, 907, -1,
          909, 910, 908, -1,
          911, 910, 909, -1,
          912, 913, 911, -1,
          911, 913, 910, -1,
          914, 915, 912, -1,
          912, 915, 913, -1,
          916, 917, 914, -1,
          914, 917, 915, -1,
          918, 919, 916, -1,
          916, 919, 917, -1,
          918, 920, 919, -1,
          921, 920, 918, -1,
          922, 923, 921, -1,
          921, 923, 920, -1,
          922, 924, 923, -1,
          925, 924, 922, -1,
          925, 926, 924, -1,
          927, 926, 925, -1,
          928, 926, 927, -1,
          928, 929, 926, -1,
          930, 929, 928, -1,
          931, 932, 930, -1,
          930, 932, 929, -1,
          931, 933, 932, -1,
          934, 933, 931, -1,
          935, 936, 934, -1,
          934, 936, 933, -1,
          937, 938, 935, -1,
          935, 938, 936, -1,
          939, 940, 937, -1,
          937, 940, 938, -1,
          941, 942, 939, -1,
          939, 942, 940, -1,
          943, 944, 941, -1,
          941, 944, 942, -1,
          945, 946, 943, -1,
          947, 946, 945, -1,
          943, 946, 944, -1,
          948, 949, 947, -1,
          947, 949, 946, -1,
          950, 951, 948, -1,
          948, 951, 949, -1,
          952, 953, 950, -1,
          950, 953, 951, -1,
          954, 955, 952, -1,
          952, 955, 953, -1,
          956, 957, 954, -1,
          954, 957, 955, -1,
          958, 959, 956, -1,
          960, 959, 958, -1,
          956, 959, 957, -1,
          961, 962, 960, -1,
          960, 962, 959, -1,
          963, 964, 961, -1,
          961, 964, 962, -1,
          965, 966, 963, -1,
          963, 966, 964, -1,
          967, 968, 965, -1,
          965, 968, 966, -1,
          969, 970, 967, -1,
          967, 970, 968, -1,
          971, 972, 969, -1,
          969, 972, 970, -1,
          971, 973, 972, -1,
          974, 973, 971, -1,
          975, 976, 974, -1,
          974, 976, 973, -1,
          975, 977, 976, -1,
          978, 977, 975, -1,
          979, 980, 978, -1,
          978, 980, 977, -1,
          981, 982, 979, -1,
          979, 982, 980, -1,
          983, 984, 981, -1,
          981, 984, 982, -1,
          985, 986, 983, -1,
          983, 986, 984, -1,
          987, 988, 985, -1,
          989, 988, 987, -1,
          985, 988, 986, -1,
          990, 991, 989, -1,
          989, 991, 988, -1,
          990, 992, 991, -1,
          993, 992, 990, -1,
          994, 995, 993, -1,
          996, 995, 994, -1,
          993, 995, 992, -1,
          997, 998, 996, -1,
          996, 998, 995, -1,
          999, 1000, 997, -1,
          997, 1000, 998, -1,
          1001, 1002, 999, -1,
          1003, 1002, 1001, -1,
          999, 1002, 1000, -1,
          1004, 1005, 1003, -1,
          1003, 1005, 1002, -1,
          1006, 1007, 1004, -1,
          1008, 1007, 1006, -1,
          1004, 1007, 1005, -1,
          1008, 1009, 1007, -1,
          883, 1010, 54, -1,
          1011, 1010, 883, -1,
          82, 1010, 882, -1,
          882, 1010, 1012, -1,
          1012, 1010, 1013, -1,
          1013, 1010, 1008, -1,
          1008, 1010, 1009, -1,
          1009, 1010, 1014, -1,
          1014, 1010, 1015, -1,
          1015, 1010, 1011, -1,
          1010, 50, 54, -1,
          1016, 68, 1017, -1,
          1017, 68, 1018, -1,
          1018, 68, 1019, -1,
          1019, 68, 1020, -1,
          1020, 68, 86, -1,
          178, 1021, 56, -1,
          1022, 54, 53, -1,
          1023, 115, 1024, -1,
          1024, 115, 1025, -1,
          1025, 115, 120, -1,
          1026, 1027, 1028, -1,
          1027, 1029, 1028, -1,
          1030, 1031, 1010, -1,
          1032, 1031, 1030, -1,
          1010, 1033, 50, -1,
          1031, 1033, 1010, -1,
          50, 1034, 1035, -1,
          1033, 1034, 50, -1,
          1036, 1037, 1038, -1,
          1038, 1037, 1039, -1,
          1031, 1040, 1033, -1,
          1035, 1034, 1026, -1,
          1034, 1027, 1026, -1,
          1026, 50, 1035, -1,
          1028, 82, 1026, -1,
          1026, 82, 50, -1,
          1028, 1029, 1038, -1,
          1029, 1036, 1038, -1,
          1033, 1027, 1034, -1,
          1029, 1027, 1033, -1,
          1040, 1029, 1033, -1,
          1038, 82, 1028, -1,
          1040, 1036, 1029, -1,
          1030, 1010, 1039, -1,
          1039, 1010, 1038, -1,
          1038, 1010, 82, -1,
          1031, 1036, 1040, -1,
          1031, 1032, 1037, -1,
          1031, 1037, 1036, -1,
          1037, 1032, 1039, -1,
          1039, 1032, 1030, -1,
          178, 54, 1041, -1,
          1041, 54, 1042, -1,
          1021, 178, 1043, -1,
          1043, 178, 1041, -1,
          56, 1021, 1044, -1,
          1044, 1021, 1043, -1,
          51, 56, 1045, -1,
          1045, 56, 1044, -1,
          52, 51, 1046, -1,
          1046, 51, 1045, -1,
          53, 52, 1047, -1,
          1047, 52, 1046, -1,
          1022, 53, 1048, -1,
          1048, 53, 1047, -1,
          54, 1022, 1042, -1,
          1042, 1022, 1048, -1,
          1045, 1044, 1043, -1,
          1046, 1048, 1047, -1,
          1046, 1043, 1048, -1,
          1046, 1045, 1043, -1,
          1042, 1048, 1043, -1,
          1042, 1043, 1041, -1,
          115, 1023, 1049, -1,
          115, 1049, 1050, -1,
          175, 115, 1050, -1,
          175, 1050, 1051, -1,
          83, 175, 1051, -1,
          83, 1051, 1052, -1,
          74, 83, 1052, -1,
          74, 1052, 1053, -1,
          76, 74, 1053, -1,
          76, 1053, 1054, -1,
          75, 1054, 1055, -1,
          75, 76, 1054, -1,
          77, 1055, 1056, -1,
          77, 75, 1055, -1,
          78, 1056, 1057, -1,
          78, 77, 1056, -1,
          79, 1057, 1058, -1,
          79, 78, 1057, -1,
          80, 1058, 1059, -1,
          80, 79, 1058, -1,
          81, 1059, 1060, -1,
          81, 80, 1059, -1,
          1061, 81, 1060, -1,
          67, 81, 1061, -1,
          66, 1061, 1062, -1,
          66, 67, 1061, -1,
          1063, 66, 1062, -1,
          63, 66, 1063, -1,
          62, 1063, 1064, -1,
          62, 63, 1063, -1,
          61, 1064, 1065, -1,
          61, 62, 1064, -1,
          59, 1065, 1066, -1,
          59, 61, 1065, -1,
          1067, 59, 1066, -1,
          60, 59, 1067, -1,
          58, 1067, 1068, -1,
          58, 60, 1067, -1,
          55, 1068, 1069, -1,
          55, 58, 1068, -1,
          57, 55, 1069, -1,
          57, 1069, 1070, -1,
          64, 57, 1070, -1,
          64, 1070, 1071, -1,
          69, 1071, 1072, -1,
          69, 64, 1071, -1,
          70, 1072, 1073, -1,
          70, 69, 1072, -1,
          71, 1073, 1074, -1,
          71, 70, 1073, -1,
          72, 1074, 1075, -1,
          72, 71, 1074, -1,
          73, 1075, 1076, -1,
          73, 72, 1075, -1,
          94, 1076, 1077, -1,
          94, 73, 1076, -1,
          97, 1077, 1078, -1,
          97, 94, 1077, -1,
          99, 1078, 1079, -1,
          99, 97, 1078, -1,
          1080, 99, 1079, -1,
          104, 99, 1080, -1,
          1081, 104, 1080, -1,
          108, 104, 1081, -1,
          111, 1081, 1082, -1,
          111, 108, 1081, -1,
          117, 1082, 1083, -1,
          117, 111, 1082, -1,
          118, 1083, 1084, -1,
          118, 117, 1083, -1,
          119, 118, 1084, -1,
          119, 1084, 1085, -1,
          120, 119, 1085, -1,
          120, 1085, 1086, -1,
          1087, 120, 1086, -1,
          1025, 120, 1087, -1,
          1024, 1025, 1087, -1,
          1024, 1087, 1088, -1,
          1023, 1024, 1088, -1,
          1023, 1088, 1049, -1,
          1051, 1049, 1052, -1,
          1049, 1053, 1052, -1,
          1049, 1054, 1053, -1,
          1087, 1055, 1088, -1,
          1088, 1055, 1049, -1,
          1049, 1055, 1054, -1,
          1086, 1056, 1087, -1,
          1087, 1056, 1055, -1,
          1085, 1057, 1086, -1,
          1086, 1057, 1056, -1,
          1084, 1058, 1085, -1,
          1085, 1058, 1057, -1,
          1083, 1059, 1084, -1,
          1084, 1059, 1058, -1,
          1081, 1060, 1082, -1,
          1082, 1060, 1083, -1,
          1083, 1060, 1059, -1,
          1080, 1061, 1081, -1,
          1081, 1061, 1060, -1,
          1079, 1062, 1080, -1,
          1080, 1062, 1061, -1,
          1077, 1063, 1078, -1,
          1078, 1063, 1079, -1,
          1079, 1063, 1062, -1,
          1076, 1064, 1077, -1,
          1077, 1064, 1063, -1,
          1076, 1065, 1064, -1,
          1075, 1065, 1076, -1,
          1075, 1066, 1065, -1,
          1073, 1066, 1074, -1,
          1074, 1066, 1075, -1,
          1073, 1067, 1066, -1,
          1072, 1067, 1073, -1,
          1072, 1068, 1067, -1,
          1071, 1068, 1072, -1,
          1070, 1069, 1071, -1,
          1071, 1069, 1068, -1,
          1050, 1049, 1051, -1,
          68, 1016, 1089, -1,
          68, 1089, 1090, -1,
          65, 68, 1090, -1,
          65, 1090, 1091, -1,
          84, 65, 1091, -1,
          84, 1091, 1092, -1,
          133, 84, 1092, -1,
          133, 1092, 1093, -1,
          137, 1093, 1094, -1,
          137, 133, 1093, -1,
          140, 1094, 1095, -1,
          140, 137, 1094, -1,
          144, 1095, 1096, -1,
          144, 140, 1095, -1,
          148, 1096, 1097, -1,
          148, 144, 1096, -1,
          152, 1097, 1098, -1,
          152, 148, 1097, -1,
          156, 1098, 1099, -1,
          156, 152, 1098, -1,
          158, 1099, 1100, -1,
          158, 156, 1099, -1,
          161, 1100, 1101, -1,
          161, 158, 1100, -1,
          164, 1101, 1102, -1,
          164, 161, 1101, -1,
          170, 1102, 1103, -1,
          170, 164, 1102, -1,
          172, 1103, 1104, -1,
          172, 170, 1103, -1,
          180, 1104, 1105, -1,
          180, 172, 1104, -1,
          185, 1105, 1106, -1,
          185, 180, 1105, -1,
          186, 185, 1106, -1,
          186, 1106, 1107, -1,
          195, 186, 1107, -1,
          195, 1107, 1108, -1,
          196, 195, 1108, -1,
          196, 1108, 1109, -1,
          201, 196, 1109, -1,
          201, 1109, 1110, -1,
          208, 201, 1110, -1,
          208, 1110, 1111, -1,
          233, 208, 1111, -1,
          233, 1111, 1112, -1,
          232, 233, 1112, -1,
          232, 1112, 1113, -1,
          234, 1113, 1114, -1,
          234, 232, 1113, -1,
          235, 1114, 1115, -1,
          235, 234, 1114, -1,
          226, 1115, 1116, -1,
          226, 235, 1115, -1,
          224, 1116, 1117, -1,
          224, 226, 1116, -1,
          227, 1117, 1118, -1,
          227, 224, 1117, -1,
          228, 1118, 1119, -1,
          228, 227, 1118, -1,
          229, 1119, 1120, -1,
          229, 228, 1119, -1,
          230, 1120, 1121, -1,
          230, 229, 1120, -1,
          1122, 230, 1121, -1,
          231, 230, 1122, -1,
          238, 1122, 1123, -1,
          238, 231, 1122, -1,
          1124, 238, 1123, -1,
          240, 238, 1124, -1,
          243, 1124, 1125, -1,
          243, 240, 1124, -1,
          249, 1125, 1126, -1,
          249, 243, 1125, -1,
          1127, 249, 1126, -1,
          251, 249, 1127, -1,
          252, 251, 1127, -1,
          252, 1127, 1128, -1,
          257, 252, 1128, -1,
          257, 1128, 1129, -1,
          261, 257, 1129, -1,
          261, 1129, 1130, -1,
          263, 261, 1130, -1,
          263, 1130, 1131, -1,
          266, 1131, 1132, -1,
          266, 263, 1131, -1,
          267, 1132, 1133, -1,
          267, 266, 1132, -1,
          272, 1133, 1134, -1,
          272, 267, 1133, -1,
          275, 1134, 1135, -1,
          275, 272, 1134, -1,
          190, 1135, 1136, -1,
          190, 275, 1135, -1,
          188, 1136, 1137, -1,
          188, 190, 1136, -1,
          189, 1137, 1138, -1,
          189, 188, 1137, -1,
          193, 189, 1138, -1,
          193, 1138, 1139, -1,
          278, 193, 1139, -1,
          278, 1139, 1140, -1,
          283, 278, 1140, -1,
          283, 1140, 1141, -1,
          292, 283, 1141, -1,
          292, 1141, 1142, -1,
          293, 292, 1142, -1,
          293, 1142, 1143, -1,
          294, 293, 1143, -1,
          294, 1143, 1144, -1,
          297, 294, 1144, -1,
          297, 1144, 1145, -1,
          1146, 297, 1145, -1,
          255, 297, 1146, -1,
          215, 255, 1146, -1,
          215, 1146, 1147, -1,
          212, 215, 1147, -1,
          212, 1147, 1148, -1,
          210, 212, 1148, -1,
          210, 1148, 1149, -1,
          211, 210, 1149, -1,
          211, 1149, 1150, -1,
          214, 211, 1150, -1,
          214, 1150, 1151, -1,
          220, 1151, 1152, -1,
          220, 214, 1151, -1,
          218, 1152, 1153, -1,
          218, 220, 1152, -1,
          219, 1153, 1154, -1,
          219, 218, 1153, -1,
          222, 1154, 1155, -1,
          222, 219, 1154, -1,
          1156, 222, 1155, -1,
          236, 222, 1156, -1,
          247, 1156, 1157, -1,
          247, 236, 1156, -1,
          245, 1157, 1158, -1,
          245, 247, 1157, -1,
          1159, 245, 1158, -1,
          246, 245, 1159, -1,
          1160, 246, 1159, -1,
          253, 246, 1160, -1,
          254, 1160, 1161, -1,
          254, 253, 1160, -1,
          305, 1161, 1162, -1,
          305, 254, 1161, -1,
          270, 305, 1162, -1,
          270, 1162, 1163, -1,
          268, 1163, 1164, -1,
          268, 270, 1163, -1,
          269, 1164, 1165, -1,
          269, 268, 1164, -1,
          287, 1165, 1166, -1,
          287, 269, 1165, -1,
          282, 1166, 1167, -1,
          282, 287, 1166, -1,
          280, 1167, 1168, -1,
          280, 282, 1167, -1,
          281, 1168, 1169, -1,
          281, 280, 1168, -1,
          286, 1169, 1170, -1,
          286, 281, 1169, -1,
          290, 286, 1170, -1,
          290, 1170, 1171, -1,
          295, 290, 1171, -1,
          295, 1171, 1172, -1,
          298, 295, 1172, -1,
          298, 1172, 1173, -1,
          301, 298, 1173, -1,
          301, 1173, 1174, -1,
          302, 301, 1174, -1,
          302, 1174, 1175, -1,
          303, 302, 1175, -1,
          303, 1175, 1176, -1,
          304, 303, 1176, -1,
          304, 1176, 1177, -1,
          306, 304, 1177, -1,
          306, 1177, 1178, -1,
          300, 306, 1178, -1,
          300, 1178, 1179, -1,
          296, 300, 1179, -1,
          296, 1179, 1180, -1,
          291, 296, 1180, -1,
          291, 1180, 1181, -1,
          288, 291, 1181, -1,
          288, 1181, 1182, -1,
          289, 288, 1182, -1,
          289, 1182, 1183, -1,
          284, 1183, 1184, -1,
          284, 289, 1183, -1,
          277, 1184, 1185, -1,
          277, 284, 1184, -1,
          274, 1185, 1186, -1,
          274, 277, 1185, -1,
          273, 1186, 1187, -1,
          273, 274, 1186, -1,
          265, 1187, 1188, -1,
          265, 273, 1187, -1,
          262, 1188, 1189, -1,
          262, 265, 1188, -1,
          258, 1189, 1190, -1,
          258, 262, 1189, -1,
          250, 1190, 1191, -1,
          250, 258, 1190, -1,
          244, 1191, 1192, -1,
          244, 250, 1191, -1,
          239, 1192, 1193, -1,
          239, 244, 1192, -1,
          1194, 239, 1193, -1,
          225, 239, 1194, -1,
          307, 225, 1194, -1,
          307, 1194, 1195, -1,
          317, 307, 1195, -1,
          317, 1195, 1196, -1,
          319, 1196, 1197, -1,
          319, 317, 1196, -1,
          336, 1197, 1198, -1,
          336, 319, 1197, -1,
          379, 336, 1198, -1,
          379, 1198, 1199, -1,
          388, 379, 1199, -1,
          388, 1199, 1200, -1,
          395, 388, 1200, -1,
          395, 1200, 1201, -1,
          396, 395, 1201, -1,
          396, 1201, 1202, -1,
          402, 396, 1202, -1,
          402, 1202, 1203, -1,
          406, 402, 1203, -1,
          406, 1203, 1204, -1,
          411, 406, 1204, -1,
          411, 1204, 1205, -1,
          413, 411, 1205, -1,
          413, 1205, 1206, -1,
          440, 413, 1206, -1,
          440, 1206, 1207, -1,
          442, 440, 1207, -1,
          442, 1207, 1208, -1,
          449, 442, 1208, -1,
          449, 1208, 1209, -1,
          455, 449, 1209, -1,
          455, 1209, 1210, -1,
          459, 455, 1210, -1,
          459, 1210, 1211, -1,
          462, 459, 1211, -1,
          462, 1211, 1212, -1,
          465, 462, 1212, -1,
          465, 1212, 1213, -1,
          468, 1213, 1214, -1,
          468, 465, 1213, -1,
          470, 1214, 1215, -1,
          470, 468, 1214, -1,
          473, 1215, 1216, -1,
          473, 470, 1215, -1,
          477, 1216, 1217, -1,
          477, 473, 1216, -1,
          480, 1217, 1218, -1,
          480, 477, 1217, -1,
          482, 1218, 1219, -1,
          482, 480, 1218, -1,
          485, 1219, 1220, -1,
          485, 482, 1219, -1,
          488, 1220, 1221, -1,
          488, 485, 1220, -1,
          495, 1221, 1222, -1,
          495, 488, 1221, -1,
          500, 1222, 1223, -1,
          500, 495, 1222, -1,
          505, 500, 1223, -1,
          505, 1223, 1224, -1,
          510, 505, 1224, -1,
          510, 1224, 1225, -1,
          521, 510, 1225, -1,
          521, 1225, 1226, -1,
          522, 521, 1226, -1,
          522, 1226, 1227, -1,
          524, 522, 1227, -1,
          524, 1227, 1228, -1,
          529, 524, 1228, -1,
          529, 1228, 1229, -1,
          533, 529, 1229, -1,
          533, 1229, 1230, -1,
          535, 533, 1230, -1,
          535, 1230, 1231, -1,
          539, 535, 1231, -1,
          539, 1231, 1232, -1,
          1233, 539, 1232, -1,
          313, 539, 1233, -1,
          1234, 313, 1233, -1,
          312, 313, 1234, -1,
          1235, 312, 1234, -1,
          311, 312, 1235, -1,
          1236, 311, 1235, -1,
          310, 311, 1236, -1,
          308, 310, 1236, -1,
          308, 1236, 1237, -1,
          299, 1237, 1238, -1,
          299, 308, 1237, -1,
          285, 1238, 1239, -1,
          285, 299, 1238, -1,
          276, 1239, 1240, -1,
          276, 285, 1239, -1,
          271, 276, 1240, -1,
          271, 1240, 1241, -1,
          264, 271, 1241, -1,
          264, 1241, 1242, -1,
          259, 264, 1242, -1,
          259, 1242, 1243, -1,
          256, 259, 1243, -1,
          256, 1243, 1244, -1,
          248, 256, 1244, -1,
          248, 1244, 1245, -1,
          241, 248, 1245, -1,
          241, 1245, 1246, -1,
          237, 241, 1246, -1,
          237, 1246, 1247, -1,
          223, 237, 1247, -1,
          223, 1247, 1248, -1,
          1249, 223, 1248, -1,
          221, 223, 1249, -1,
          217, 221, 1249, -1,
          217, 1249, 1250, -1,
          1251, 217, 1250, -1,
          216, 217, 1251, -1,
          213, 216, 1251, -1,
          213, 1251, 1252, -1,
          207, 213, 1252, -1,
          207, 1252, 1253, -1,
          206, 207, 1253, -1,
          206, 1253, 1254, -1,
          205, 1254, 1255, -1,
          205, 206, 1254, -1,
          204, 1255, 1256, -1,
          204, 205, 1255, -1,
          203, 1256, 1257, -1,
          203, 204, 1256, -1,
          200, 1257, 1258, -1,
          200, 203, 1257, -1,
          199, 1258, 1259, -1,
          199, 200, 1258, -1,
          198, 1259, 1260, -1,
          198, 199, 1259, -1,
          197, 1260, 1261, -1,
          197, 198, 1260, -1,
          192, 1261, 1262, -1,
          192, 197, 1261, -1,
          183, 1262, 1263, -1,
          183, 192, 1262, -1,
          181, 1263, 1264, -1,
          181, 183, 1263, -1,
          1265, 181, 1264, -1,
          176, 181, 1265, -1,
          173, 176, 1265, -1,
          173, 1265, 1266, -1,
          168, 173, 1266, -1,
          168, 1266, 1267, -1,
          162, 168, 1267, -1,
          162, 1267, 1268, -1,
          151, 162, 1268, -1,
          151, 1268, 1269, -1,
          1270, 151, 1269, -1,
          146, 151, 1270, -1,
          135, 146, 1270, -1,
          135, 1270, 1271, -1,
          124, 135, 1271, -1,
          124, 1271, 1272, -1,
          123, 124, 1272, -1,
          123, 1272, 1273, -1,
          122, 123, 1273, -1,
          122, 1273, 1274, -1,
          121, 122, 1274, -1,
          121, 1274, 1275, -1,
          1276, 121, 1275, -1,
          116, 121, 1276, -1,
          114, 116, 1276, -1,
          114, 1276, 1277, -1,
          113, 1277, 1278, -1,
          113, 114, 1277, -1,
          112, 1278, 1279, -1,
          112, 113, 1278, -1,
          110, 1279, 1280, -1,
          110, 112, 1279, -1,
          109, 1280, 1281, -1,
          109, 110, 1280, -1,
          107, 1281, 1282, -1,
          107, 109, 1281, -1,
          106, 1282, 1283, -1,
          106, 107, 1282, -1,
          105, 1283, 1284, -1,
          105, 106, 1283, -1,
          103, 1284, 1285, -1,
          103, 105, 1284, -1,
          102, 1285, 1286, -1,
          102, 103, 1285, -1,
          101, 1286, 1287, -1,
          101, 102, 1286, -1,
          100, 1287, 1288, -1,
          100, 101, 1287, -1,
          98, 1288, 1289, -1,
          98, 100, 1288, -1,
          96, 1289, 1290, -1,
          96, 98, 1289, -1,
          95, 96, 1290, -1,
          95, 1290, 1291, -1,
          93, 95, 1291, -1,
          93, 1291, 1292, -1,
          92, 93, 1292, -1,
          92, 1292, 1293, -1,
          91, 92, 1293, -1,
          91, 1293, 1294, -1,
          90, 91, 1294, -1,
          90, 1294, 1295, -1,
          89, 90, 1295, -1,
          89, 1295, 1296, -1,
          88, 89, 1296, -1,
          88, 1296, 1297, -1,
          87, 1297, 1298, -1,
          87, 88, 1297, -1,
          85, 1298, 1299, -1,
          85, 87, 1298, -1,
          86, 1299, 1300, -1,
          86, 85, 1299, -1,
          1020, 1300, 1301, -1,
          1020, 86, 1300, -1,
          1019, 1301, 1302, -1,
          1019, 1020, 1301, -1,
          1018, 1302, 1303, -1,
          1018, 1019, 1302, -1,
          1017, 1303, 1304, -1,
          1017, 1018, 1303, -1,
          1016, 1304, 1089, -1,
          1016, 1017, 1304, -1,
          1146, 1257, 1256, -1,
          1146, 1258, 1257, -1,
          1147, 1255, 1254, -1,
          1147, 1256, 1255, -1,
          1147, 1146, 1256, -1,
          1145, 1259, 1258, -1,
          1145, 1258, 1146, -1,
          1148, 1253, 1252, -1,
          1148, 1254, 1253, -1,
          1148, 1147, 1254, -1,
          1144, 1259, 1145, -1,
          1144, 1260, 1259, -1,
          1149, 1252, 1251, -1,
          1149, 1148, 1252, -1,
          1143, 1260, 1144, -1,
          1143, 1261, 1260, -1,
          1143, 1262, 1261, -1,
          1150, 1149, 1251, -1,
          1150, 1250, 1249, -1,
          1150, 1251, 1250, -1,
          1142, 1262, 1143, -1,
          1142, 1263, 1262, -1,
          1151, 1248, 1247, -1,
          1151, 1249, 1248, -1,
          1151, 1150, 1249, -1,
          1141, 1264, 1263, -1,
          1141, 1263, 1142, -1,
          1152, 1247, 1246, -1,
          1152, 1151, 1247, -1,
          1140, 1264, 1141, -1,
          1140, 1265, 1264, -1,
          1153, 1245, 1244, -1,
          1153, 1246, 1245, -1,
          1153, 1152, 1246, -1,
          1139, 1265, 1140, -1,
          1139, 1266, 1265, -1,
          1154, 1244, 1243, -1,
          1154, 1153, 1244, -1,
          1138, 1266, 1139, -1,
          1138, 1267, 1266, -1,
          1155, 1242, 1241, -1,
          1155, 1243, 1242, -1,
          1155, 1154, 1243, -1,
          1137, 1267, 1138, -1,
          1137, 1268, 1267, -1,
          1156, 1155, 1241, -1,
          1156, 1241, 1240, -1,
          1136, 1268, 1137, -1,
          1136, 1269, 1268, -1,
          1157, 1156, 1240, -1,
          1157, 1240, 1239, -1,
          1135, 1269, 1136, -1,
          1135, 1270, 1269, -1,
          1135, 1271, 1270, -1,
          1158, 1238, 1237, -1,
          1158, 1239, 1238, -1,
          1158, 1157, 1239, -1,
          1159, 1158, 1237, -1,
          1134, 1271, 1135, -1,
          1134, 1272, 1271, -1,
          1160, 1237, 1236, -1,
          1160, 1159, 1237, -1,
          1161, 1160, 1236, -1,
          1133, 1272, 1134, -1,
          1133, 1273, 1272, -1,
          1132, 1273, 1133, -1,
          1132, 1274, 1273, -1,
          1162, 1236, 1235, -1,
          1162, 1161, 1236, -1,
          1131, 1275, 1274, -1,
          1131, 1274, 1132, -1,
          1163, 1235, 1234, -1,
          1163, 1162, 1235, -1,
          1164, 1233, 1232, -1,
          1164, 1234, 1233, -1,
          1164, 1163, 1234, -1,
          1130, 1276, 1275, -1,
          1130, 1275, 1131, -1,
          1165, 1231, 1230, -1,
          1165, 1232, 1231, -1,
          1165, 1164, 1232, -1,
          1129, 1277, 1276, -1,
          1129, 1276, 1130, -1,
          1166, 1230, 1229, -1,
          1166, 1165, 1230, -1,
          1128, 1277, 1129, -1,
          1128, 1278, 1277, -1,
          1167, 1228, 1227, -1,
          1167, 1229, 1228, -1,
          1167, 1166, 1229, -1,
          1127, 1278, 1128, -1,
          1168, 1227, 1226, -1,
          1168, 1167, 1227, -1,
          1126, 1279, 1278, -1,
          1126, 1278, 1127, -1,
          1169, 1226, 1225, -1,
          1169, 1168, 1226, -1,
          1169, 1225, 1224, -1,
          1125, 1280, 1279, -1,
          1125, 1279, 1126, -1,
          1170, 1169, 1224, -1,
          1170, 1223, 1222, -1,
          1170, 1224, 1223, -1,
          1171, 1170, 1222, -1,
          1171, 1222, 1221, -1,
          1124, 1281, 1280, -1,
          1124, 1282, 1281, -1,
          1124, 1280, 1125, -1,
          1172, 1171, 1221, -1,
          1172, 1220, 1219, -1,
          1172, 1221, 1220, -1,
          1123, 1283, 1282, -1,
          1123, 1282, 1124, -1,
          1173, 1172, 1219, -1,
          1173, 1218, 1217, -1,
          1173, 1219, 1218, -1,
          1174, 1173, 1217, -1,
          1174, 1217, 1216, -1,
          1122, 1284, 1283, -1,
          1122, 1283, 1123, -1,
          1175, 1216, 1215, -1,
          1175, 1174, 1216, -1,
          1214, 1175, 1215, -1,
          1121, 1285, 1284, -1,
          1121, 1284, 1122, -1,
          1176, 1175, 1214, -1,
          1213, 1176, 1214, -1,
          1177, 1176, 1213, -1,
          1120, 1286, 1285, -1,
          1120, 1285, 1121, -1,
          1212, 1177, 1213, -1,
          1211, 1178, 1177, -1,
          1211, 1177, 1212, -1,
          1119, 1287, 1286, -1,
          1119, 1288, 1287, -1,
          1119, 1286, 1120, -1,
          1210, 1179, 1178, -1,
          1210, 1178, 1211, -1,
          1209, 1179, 1210, -1,
          1118, 1289, 1288, -1,
          1118, 1288, 1119, -1,
          1208, 1179, 1209, -1,
          1208, 1180, 1179, -1,
          1207, 1180, 1208, -1,
          1207, 1181, 1180, -1,
          1206, 1181, 1207, -1,
          1117, 1290, 1289, -1,
          1117, 1289, 1118, -1,
          1291, 1290, 1117, -1,
          1205, 1181, 1206, -1,
          1205, 1182, 1181, -1,
          1204, 1182, 1205, -1,
          1204, 1183, 1182, -1,
          1116, 1291, 1117, -1,
          1292, 1291, 1116, -1,
          1203, 1183, 1204, -1,
          1203, 1184, 1183, -1,
          1202, 1184, 1203, -1,
          1202, 1185, 1184, -1,
          1115, 1292, 1116, -1,
          1293, 1292, 1115, -1,
          1201, 1186, 1185, -1,
          1201, 1185, 1202, -1,
          1200, 1186, 1201, -1,
          1200, 1187, 1186, -1,
          1199, 1188, 1187, -1,
          1199, 1187, 1200, -1,
          1114, 1293, 1115, -1,
          1198, 1189, 1188, -1,
          1198, 1188, 1199, -1,
          1294, 1293, 1114, -1,
          1197, 1189, 1198, -1,
          1197, 1190, 1189, -1,
          1196, 1191, 1190, -1,
          1196, 1192, 1191, -1,
          1196, 1190, 1197, -1,
          1113, 1295, 1294, -1,
          1113, 1294, 1114, -1,
          1195, 1193, 1192, -1,
          1195, 1194, 1193, -1,
          1195, 1192, 1196, -1,
          1296, 1295, 1113, -1,
          1112, 1296, 1113, -1,
          1111, 1296, 1112, -1,
          1297, 1296, 1111, -1,
          1110, 1298, 1297, -1,
          1110, 1297, 1111, -1,
          1299, 1298, 1110, -1,
          1109, 1299, 1110, -1,
          1300, 1299, 1109, -1,
          1108, 1301, 1300, -1,
          1108, 1300, 1109, -1,
          1107, 1301, 1108, -1,
          1107, 1302, 1301, -1,
          1107, 1303, 1302, -1,
          1106, 1303, 1107, -1,
          1106, 1304, 1303, -1,
          1105, 1089, 1304, -1,
          1105, 1304, 1106, -1,
          1104, 1089, 1105, -1,
          1103, 1089, 1104, -1,
          1102, 1089, 1103, -1,
          1101, 1089, 1102, -1,
          1100, 1089, 1101, -1,
          1099, 1089, 1100, -1,
          1098, 1089, 1099, -1,
          1097, 1089, 1098, -1,
          1096, 1089, 1097, -1,
          1095, 1089, 1096, -1,
          1094, 1089, 1095, -1,
          1093, 1089, 1094, -1,
          1092, 1091, 1089, -1,
          1092, 1089, 1093, -1,
          1090, 1089, 1091, -1,
          182, 177, 1305, -1,
          182, 1305, 1306, -1,
          187, 1306, 1307, -1,
          187, 182, 1306, -1,
          191, 187, 1307, -1,
          191, 1307, 1308, -1,
          383, 191, 1308, -1,
          383, 1308, 1309, -1,
          377, 383, 1309, -1,
          377, 1309, 1310, -1,
          374, 377, 1310, -1,
          374, 1310, 1311, -1,
          370, 374, 1311, -1,
          370, 1311, 1312, -1,
          366, 370, 1312, -1,
          366, 1312, 1313, -1,
          361, 366, 1313, -1,
          361, 1313, 1314, -1,
          355, 361, 1314, -1,
          355, 1314, 1315, -1,
          351, 355, 1315, -1,
          351, 1315, 1316, -1,
          346, 351, 1316, -1,
          346, 1316, 1317, -1,
          342, 346, 1317, -1,
          342, 1317, 1318, -1,
          338, 342, 1318, -1,
          338, 1318, 1319, -1,
          332, 338, 1319, -1,
          332, 1319, 1320, -1,
          327, 332, 1320, -1,
          327, 1320, 1321, -1,
          325, 327, 1321, -1,
          325, 1321, 1322, -1,
          1323, 325, 1322, -1,
          322, 325, 1323, -1,
          1324, 322, 1323, -1,
          320, 322, 1324, -1,
          323, 1324, 1325, -1,
          323, 320, 1324, -1,
          328, 1325, 1326, -1,
          328, 323, 1325, -1,
          330, 1326, 1327, -1,
          330, 328, 1326, -1,
          333, 1327, 1328, -1,
          333, 330, 1327, -1,
          339, 1328, 1329, -1,
          339, 333, 1328, -1,
          343, 1329, 1330, -1,
          343, 339, 1329, -1,
          347, 1330, 1331, -1,
          347, 343, 1330, -1,
          349, 1331, 1332, -1,
          349, 347, 1331, -1,
          352, 1332, 1333, -1,
          352, 349, 1332, -1,
          356, 352, 1333, -1,
          356, 1333, 1334, -1,
          358, 356, 1334, -1,
          358, 1334, 1335, -1,
          363, 358, 1335, -1,
          363, 1335, 1336, -1,
          368, 363, 1336, -1,
          368, 1336, 1337, -1,
          371, 368, 1337, -1,
          371, 1337, 1338, -1,
          381, 371, 1338, -1,
          381, 1338, 1339, -1,
          1340, 381, 1339, -1,
          384, 381, 1340, -1,
          393, 384, 1340, -1,
          393, 1340, 1341, -1,
          399, 393, 1341, -1,
          399, 1341, 1342, -1,
          1343, 399, 1342, -1,
          407, 399, 1343, -1,
          1344, 407, 1343, -1,
          425, 407, 1344, -1,
          437, 425, 1344, -1,
          437, 1344, 1345, -1,
          453, 437, 1345, -1,
          453, 1345, 1346, -1,
          471, 453, 1346, -1,
          471, 1346, 1347, -1,
          479, 471, 1347, -1,
          479, 1347, 1348, -1,
          501, 479, 1348, -1,
          501, 1348, 1349, -1,
          527, 1349, 1350, -1,
          527, 501, 1349, -1,
          569, 1350, 1351, -1,
          569, 527, 1350, -1,
          570, 1351, 1352, -1,
          570, 569, 1351, -1,
          595, 1352, 1353, -1,
          595, 570, 1352, -1,
          599, 595, 1353, -1,
          599, 1353, 1354, -1,
          607, 599, 1354, -1,
          607, 1354, 1355, -1,
          620, 607, 1355, -1,
          620, 1355, 1356, -1,
          622, 620, 1356, -1,
          622, 1356, 1357, -1,
          627, 622, 1357, -1,
          627, 1357, 1358, -1,
          636, 627, 1358, -1,
          636, 1358, 1359, -1,
          656, 636, 1359, -1,
          656, 1359, 1360, -1,
          1361, 656, 1360, -1,
          689, 656, 1361, -1,
          1362, 689, 1361, -1,
          701, 689, 1362, -1,
          711, 701, 1362, -1,
          711, 1362, 1363, -1,
          721, 711, 1363, -1,
          721, 1363, 1364, -1,
          732, 721, 1364, -1,
          732, 1364, 1365, -1,
          740, 732, 1365, -1,
          740, 1365, 1366, -1,
          1367, 740, 1366, -1,
          747, 740, 1367, -1,
          758, 1367, 1368, -1,
          758, 747, 1367, -1,
          763, 1368, 1369, -1,
          763, 758, 1368, -1,
          1370, 763, 1369, -1,
          769, 763, 1370, -1,
          777, 1370, 1371, -1,
          777, 769, 1370, -1,
          787, 1371, 1372, -1,
          787, 777, 1371, -1,
          788, 1372, 1373, -1,
          788, 787, 1372, -1,
          1374, 788, 1373, -1,
          791, 788, 1374, -1,
          800, 1374, 1375, -1,
          800, 791, 1374, -1,
          808, 1375, 1376, -1,
          808, 800, 1375, -1,
          816, 1376, 1377, -1,
          816, 808, 1376, -1,
          825, 1377, 1378, -1,
          825, 816, 1377, -1,
          1379, 825, 1378, -1,
          833, 825, 1379, -1,
          840, 833, 1379, -1,
          840, 1379, 1380, -1,
          841, 840, 1380, -1,
          841, 1380, 1381, -1,
          1382, 841, 1381, -1,
          847, 841, 1382, -1,
          1383, 847, 1382, -1,
          554, 847, 1383, -1,
          553, 554, 1383, -1,
          553, 1383, 1384, -1,
          552, 553, 1384, -1,
          552, 1384, 1385, -1,
          545, 552, 1385, -1,
          545, 1385, 1386, -1,
          544, 1386, 1387, -1,
          544, 545, 1386, -1,
          538, 1387, 1388, -1,
          538, 544, 1387, -1,
          534, 1388, 1389, -1,
          534, 538, 1388, -1,
          530, 1389, 1390, -1,
          530, 534, 1389, -1,
          525, 1390, 1391, -1,
          525, 530, 1390, -1,
          520, 1391, 1392, -1,
          520, 525, 1391, -1,
          511, 1392, 1393, -1,
          511, 520, 1392, -1,
          506, 1393, 1394, -1,
          506, 511, 1393, -1,
          499, 1394, 1395, -1,
          499, 506, 1394, -1,
          496, 1395, 1396, -1,
          496, 499, 1395, -1,
          489, 1396, 1397, -1,
          489, 496, 1396, -1,
          486, 1397, 1398, -1,
          486, 489, 1397, -1,
          483, 486, 1398, -1,
          483, 1398, 1399, -1,
          481, 483, 1399, -1,
          481, 1399, 1400, -1,
          476, 481, 1400, -1,
          476, 1400, 1401, -1,
          474, 476, 1401, -1,
          474, 1401, 1402, -1,
          469, 474, 1402, -1,
          469, 1402, 1403, -1,
          466, 469, 1403, -1,
          466, 1403, 1404, -1,
          463, 466, 1404, -1,
          463, 1404, 1405, -1,
          460, 463, 1405, -1,
          460, 1405, 1406, -1,
          456, 460, 1406, -1,
          456, 1406, 1407, -1,
          450, 456, 1407, -1,
          450, 1407, 1408, -1,
          441, 450, 1408, -1,
          441, 1408, 1409, -1,
          1410, 441, 1409, -1,
          412, 441, 1410, -1,
          1411, 412, 1410, -1,
          405, 412, 1411, -1,
          1412, 405, 1411, -1,
          401, 405, 1412, -1,
          1413, 401, 1412, -1,
          394, 401, 1413, -1,
          1414, 394, 1413, -1,
          387, 394, 1414, -1,
          1415, 387, 1414, -1,
          378, 387, 1415, -1,
          1416, 378, 1415, -1,
          362, 378, 1416, -1,
          1417, 362, 1416, -1,
          335, 362, 1417, -1,
          1418, 335, 1417, -1,
          318, 335, 1418, -1,
          1419, 318, 1418, -1,
          316, 318, 1419, -1,
          1420, 316, 1419, -1,
          315, 316, 1420, -1,
          1421, 315, 1420, -1,
          314, 315, 1421, -1,
          1422, 314, 1421, -1,
          309, 314, 1422, -1,
          1423, 309, 1422, -1,
          279, 309, 1423, -1,
          1424, 279, 1423, -1,
          260, 279, 1424, -1,
          1425, 260, 1424, -1,
          242, 260, 1425, -1,
          209, 242, 1425, -1,
          209, 1425, 1426, -1,
          202, 1426, 1427, -1,
          202, 209, 1426, -1,
          194, 1427, 1428, -1,
          194, 202, 1427, -1,
          184, 1428, 1429, -1,
          184, 194, 1428, -1,
          179, 1429, 1430, -1,
          179, 184, 1429, -1,
          171, 179, 1430, -1,
          171, 1430, 1431, -1,
          167, 171, 1431, -1,
          167, 1431, 1432, -1,
          165, 167, 1432, -1,
          165, 1432, 1433, -1,
          160, 165, 1433, -1,
          160, 1433, 1434, -1,
          157, 160, 1434, -1,
          157, 1434, 1435, -1,
          153, 157, 1435, -1,
          153, 1435, 1436, -1,
          149, 153, 1436, -1,
          149, 1436, 1437, -1,
          143, 149, 1437, -1,
          143, 1437, 1438, -1,
          141, 143, 1438, -1,
          141, 1438, 1439, -1,
          138, 141, 1439, -1,
          138, 1439, 1440, -1,
          1441, 138, 1440, -1,
          134, 138, 1441, -1,
          131, 134, 1441, -1,
          131, 1441, 1442, -1,
          128, 131, 1442, -1,
          128, 1442, 1443, -1,
          125, 128, 1443, -1,
          125, 1443, 1444, -1,
          1445, 125, 1444, -1,
          126, 125, 1445, -1,
          127, 1445, 1446, -1,
          127, 126, 1445, -1,
          1447, 127, 1446, -1,
          129, 127, 1447, -1,
          130, 1447, 1448, -1,
          130, 129, 1447, -1,
          132, 1448, 1449, -1,
          132, 130, 1448, -1,
          136, 1449, 1450, -1,
          136, 132, 1449, -1,
          139, 1450, 1451, -1,
          139, 136, 1450, -1,
          142, 1451, 1452, -1,
          142, 139, 1451, -1,
          145, 1452, 1453, -1,
          145, 142, 1452, -1,
          147, 1453, 1454, -1,
          147, 145, 1453, -1,
          150, 1454, 1455, -1,
          150, 147, 1454, -1,
          154, 150, 1455, -1,
          154, 1455, 1456, -1,
          155, 154, 1456, -1,
          155, 1456, 1457, -1,
          159, 155, 1457, -1,
          159, 1457, 1458, -1,
          163, 159, 1458, -1,
          163, 1458, 1459, -1,
          166, 163, 1459, -1,
          166, 1459, 1460, -1,
          169, 166, 1460, -1,
          169, 1460, 1461, -1,
          1462, 169, 1461, -1,
          174, 169, 1462, -1,
          177, 174, 1462, -1,
          177, 1462, 1305, -1,
          1463, 1367, 1366, -1,
          1464, 1365, 1364, -1,
          1464, 1366, 1365, -1,
          1464, 1463, 1366, -1,
          1465, 1367, 1463, -1,
          1465, 1368, 1367, -1,
          1466, 1364, 1363, -1,
          1466, 1464, 1364, -1,
          1467, 1369, 1368, -1,
          1467, 1370, 1369, -1,
          1467, 1368, 1465, -1,
          1468, 1466, 1363, -1,
          1468, 1363, 1362, -1,
          1469, 1371, 1370, -1,
          1469, 1370, 1467, -1,
          1470, 1362, 1361, -1,
          1470, 1468, 1362, -1,
          1471, 1371, 1469, -1,
          1471, 1372, 1371, -1,
          1471, 1373, 1372, -1,
          1472, 1374, 1373, -1,
          1472, 1373, 1471, -1,
          1473, 1361, 1360, -1,
          1473, 1470, 1361, -1,
          1474, 1375, 1374, -1,
          1474, 1374, 1472, -1,
          1475, 1360, 1359, -1,
          1475, 1473, 1360, -1,
          1476, 1375, 1474, -1,
          1476, 1376, 1375, -1,
          1476, 1377, 1376, -1,
          1477, 1475, 1359, -1,
          1477, 1359, 1358, -1,
          1478, 1378, 1377, -1,
          1478, 1377, 1476, -1,
          1479, 1477, 1358, -1,
          1480, 1378, 1478, -1,
          1480, 1379, 1378, -1,
          1480, 1380, 1379, -1,
          1481, 1358, 1357, -1,
          1481, 1479, 1358, -1,
          1482, 1381, 1380, -1,
          1482, 1380, 1480, -1,
          1483, 1382, 1381, -1,
          1483, 1381, 1482, -1,
          1484, 1357, 1356, -1,
          1484, 1481, 1357, -1,
          1485, 1383, 1382, -1,
          1485, 1384, 1383, -1,
          1485, 1382, 1483, -1,
          1486, 1484, 1356, -1,
          1487, 1486, 1356, -1,
          1487, 1356, 1355, -1,
          1488, 1384, 1485, -1,
          1488, 1385, 1384, -1,
          1489, 1355, 1354, -1,
          1489, 1487, 1355, -1,
          1490, 1385, 1488, -1,
          1490, 1386, 1385, -1,
          1491, 1489, 1354, -1,
          1492, 1386, 1490, -1,
          1492, 1387, 1386, -1,
          1493, 1387, 1492, -1,
          1493, 1388, 1387, -1,
          1494, 1389, 1388, -1,
          1494, 1388, 1493, -1,
          1495, 1354, 1353, -1,
          1495, 1491, 1354, -1,
          1496, 1390, 1389, -1,
          1496, 1389, 1494, -1,
          1497, 1391, 1390, -1,
          1497, 1390, 1496, -1,
          1498, 1495, 1353, -1,
          1499, 1392, 1391, -1,
          1499, 1393, 1392, -1,
          1499, 1391, 1497, -1,
          1500, 1394, 1393, -1,
          1500, 1393, 1499, -1,
          1501, 1395, 1394, -1,
          1501, 1394, 1500, -1,
          1502, 1353, 1352, -1,
          1502, 1498, 1353, -1,
          1503, 1396, 1395, -1,
          1503, 1397, 1396, -1,
          1503, 1395, 1501, -1,
          1504, 1398, 1397, -1,
          1504, 1399, 1398, -1,
          1504, 1397, 1503, -1,
          1505, 1400, 1399, -1,
          1505, 1399, 1504, -1,
          1506, 1352, 1351, -1,
          1506, 1502, 1352, -1,
          1507, 1401, 1400, -1,
          1507, 1402, 1401, -1,
          1507, 1400, 1505, -1,
          1508, 1402, 1507, -1,
          1403, 1402, 1508, -1,
          1509, 1403, 1508, -1,
          1404, 1403, 1509, -1,
          1510, 1351, 1350, -1,
          1510, 1506, 1351, -1,
          1405, 1509, 1511, -1,
          1405, 1404, 1509, -1,
          1406, 1405, 1511, -1,
          1406, 1511, 1512, -1,
          1407, 1406, 1512, -1,
          1407, 1512, 1513, -1,
          1408, 1407, 1513, -1,
          1408, 1513, 1514, -1,
          1515, 1350, 1349, -1,
          1515, 1510, 1350, -1,
          1409, 1408, 1514, -1,
          1409, 1514, 1516, -1,
          1410, 1409, 1516, -1,
          1410, 1517, 1518, -1,
          1410, 1516, 1517, -1,
          1519, 1349, 1348, -1,
          1519, 1348, 1347, -1,
          1519, 1515, 1349, -1,
          1411, 1410, 1518, -1,
          1411, 1518, 1520, -1,
          1412, 1411, 1520, -1,
          1412, 1521, 1522, -1,
          1412, 1520, 1521, -1,
          1413, 1412, 1522, -1,
          1413, 1522, 1523, -1,
          1414, 1413, 1523, -1,
          1414, 1523, 1524, -1,
          1415, 1414, 1524, -1,
          1415, 1524, 1525, -1,
          1526, 1519, 1347, -1,
          1526, 1346, 1345, -1,
          1526, 1347, 1346, -1,
          1416, 1525, 1527, -1,
          1416, 1415, 1525, -1,
          1417, 1527, 1528, -1,
          1417, 1416, 1527, -1,
          1418, 1417, 1528, -1,
          1529, 1344, 1343, -1,
          1529, 1345, 1344, -1,
          1529, 1526, 1345, -1,
          1419, 1528, 1530, -1,
          1419, 1418, 1528, -1,
          1531, 1342, 1341, -1,
          1531, 1343, 1342, -1,
          1531, 1529, 1343, -1,
          1420, 1530, 1532, -1,
          1420, 1419, 1530, -1,
          1533, 1341, 1340, -1,
          1533, 1531, 1341, -1,
          1421, 1532, 1534, -1,
          1421, 1420, 1532, -1,
          1535, 1340, 1339, -1,
          1535, 1533, 1340, -1,
          1536, 1535, 1339, -1,
          1536, 1339, 1338, -1,
          1422, 1421, 1534, -1,
          1537, 1536, 1338, -1,
          1537, 1338, 1337, -1,
          1538, 1537, 1337, -1,
          1538, 1337, 1336, -1,
          1539, 1538, 1336, -1,
          1539, 1336, 1335, -1,
          1540, 1335, 1334, -1,
          1540, 1539, 1335, -1,
          1423, 1422, 1534, -1,
          1423, 1534, 1541, -1,
          1542, 1333, 1332, -1,
          1542, 1334, 1333, -1,
          1542, 1540, 1334, -1,
          1543, 1542, 1332, -1,
          1543, 1332, 1331, -1,
          1544, 1543, 1331, -1,
          1544, 1331, 1330, -1,
          1424, 1423, 1541, -1,
          1545, 1329, 1328, -1,
          1545, 1330, 1329, -1,
          1545, 1544, 1330, -1,
          1546, 1328, 1327, -1,
          1546, 1545, 1328, -1,
          1547, 1327, 1326, -1,
          1547, 1546, 1327, -1,
          1425, 1541, 1548, -1,
          1425, 1424, 1541, -1,
          1549, 1326, 1325, -1,
          1549, 1547, 1326, -1,
          1324, 1549, 1325, -1,
          1550, 1549, 1324, -1,
          1323, 1550, 1324, -1,
          1551, 1550, 1323, -1,
          1322, 1551, 1323, -1,
          1552, 1551, 1322, -1,
          1321, 1552, 1322, -1,
          1320, 1553, 1552, -1,
          1320, 1552, 1321, -1,
          1319, 1554, 1553, -1,
          1319, 1553, 1320, -1,
          1426, 1548, 1555, -1,
          1426, 1425, 1548, -1,
          1318, 1554, 1319, -1,
          1317, 1556, 1554, -1,
          1317, 1554, 1318, -1,
          1316, 1556, 1317, -1,
          1316, 1557, 1556, -1,
          1315, 1557, 1316, -1,
          1315, 1558, 1557, -1,
          1314, 1558, 1315, -1,
          1314, 1559, 1558, -1,
          1427, 1560, 1561, -1,
          1427, 1555, 1560, -1,
          1427, 1426, 1555, -1,
          1313, 1559, 1314, -1,
          1312, 1559, 1313, -1,
          1312, 1562, 1559, -1,
          1311, 1562, 1312, -1,
          1311, 1563, 1562, -1,
          1428, 1561, 1564, -1,
          1428, 1427, 1561, -1,
          1310, 1563, 1311, -1,
          1309, 1565, 1563, -1,
          1309, 1563, 1310, -1,
          1308, 1566, 1565, -1,
          1308, 1565, 1309, -1,
          1307, 1566, 1308, -1,
          1307, 1567, 1566, -1,
          1429, 1564, 1568, -1,
          1429, 1428, 1564, -1,
          1306, 1567, 1307, -1,
          1306, 1569, 1567, -1,
          1430, 1429, 1568, -1,
          1430, 1570, 1571, -1,
          1430, 1568, 1570, -1,
          1305, 1569, 1306, -1,
          1305, 1572, 1569, -1,
          1462, 1572, 1305, -1,
          1462, 1573, 1572, -1,
          1431, 1430, 1571, -1,
          1431, 1574, 1575, -1,
          1431, 1571, 1574, -1,
          1461, 1573, 1462, -1,
          1461, 1576, 1573, -1,
          1432, 1431, 1575, -1,
          1432, 1575, 1577, -1,
          1460, 1576, 1461, -1,
          1460, 1578, 1576, -1,
          1433, 1577, 1579, -1,
          1433, 1432, 1577, -1,
          1459, 1578, 1460, -1,
          1434, 1579, 1580, -1,
          1434, 1433, 1579, -1,
          1458, 1578, 1459, -1,
          1458, 1581, 1578, -1,
          1435, 1580, 1582, -1,
          1435, 1434, 1580, -1,
          1457, 1581, 1458, -1,
          1457, 1583, 1581, -1,
          1456, 1583, 1457, -1,
          1456, 1584, 1583, -1,
          1436, 1585, 1586, -1,
          1436, 1582, 1585, -1,
          1436, 1435, 1582, -1,
          1455, 1584, 1456, -1,
          1437, 1586, 1587, -1,
          1437, 1436, 1586, -1,
          1454, 1584, 1455, -1,
          1454, 1588, 1584, -1,
          1453, 1588, 1454, -1,
          1453, 1589, 1588, -1,
          1438, 1437, 1587, -1,
          1452, 1589, 1453, -1,
          1439, 1587, 1590, -1,
          1439, 1438, 1587, -1,
          1451, 1589, 1452, -1,
          1451, 1591, 1589, -1,
          1440, 1590, 1592, -1,
          1440, 1439, 1590, -1,
          1450, 1593, 1591, -1,
          1450, 1591, 1451, -1,
          1441, 1592, 1594, -1,
          1441, 1440, 1592, -1,
          1449, 1593, 1450, -1,
          1442, 1594, 1595, -1,
          1442, 1441, 1594, -1,
          1448, 1596, 1593, -1,
          1448, 1593, 1449, -1,
          1447, 1596, 1448, -1,
          1443, 1442, 1595, -1,
          1446, 1597, 1596, -1,
          1446, 1596, 1447, -1,
          1444, 1595, 1598, -1,
          1444, 1443, 1595, -1,
          1445, 1598, 1597, -1,
          1445, 1597, 1446, -1,
          1445, 1444, 1598, -1,
          1485, 1599, 1488, -1,
          1600, 1599, 1485, -1,
          1483, 1600, 1485, -1,
          1601, 1600, 1483, -1,
          1482, 1601, 1483, -1,
          1602, 1601, 1482, -1,
          1480, 1602, 1482, -1,
          1603, 1602, 1480, -1,
          1478, 1603, 1480, -1,
          1604, 1603, 1478, -1,
          1476, 1604, 1478, -1,
          1605, 1604, 1476, -1,
          1474, 1605, 1476, -1,
          1606, 1605, 1474, -1,
          1472, 1606, 1474, -1,
          1607, 1606, 1472, -1,
          1471, 1607, 1472, -1,
          1608, 1607, 1471, -1,
          1469, 1608, 1471, -1,
          1609, 1608, 1469, -1,
          1467, 1609, 1469, -1,
          1610, 1609, 1467, -1,
          1465, 1610, 1467, -1,
          1611, 1610, 1465, -1,
          1463, 1611, 1465, -1,
          1612, 1611, 1463, -1,
          1464, 1612, 1463, -1,
          1613, 1612, 1464, -1,
          1466, 1613, 1464, -1,
          1614, 1613, 1466, -1,
          1468, 1614, 1466, -1,
          1615, 1614, 1468, -1,
          1470, 1615, 1468, -1,
          1616, 1615, 1470, -1,
          1473, 1616, 1470, -1,
          1617, 1616, 1473, -1,
          1475, 1617, 1473, -1,
          1618, 1617, 1475, -1,
          1477, 1618, 1475, -1,
          1619, 1618, 1477, -1,
          1479, 1619, 1477, -1,
          1620, 1619, 1479, -1,
          1621, 1479, 1481, -1,
          1621, 1620, 1479, -1,
          1484, 1621, 1481, -1,
          1622, 1621, 1484, -1,
          1486, 1622, 1484, -1,
          1623, 1622, 1486, -1,
          1624, 1486, 1487, -1,
          1624, 1623, 1486, -1,
          1625, 1487, 1489, -1,
          1625, 1624, 1487, -1,
          1491, 1625, 1489, -1,
          1626, 1625, 1491, -1,
          1627, 1491, 1495, -1,
          1627, 1626, 1491, -1,
          1628, 1495, 1498, -1,
          1628, 1627, 1495, -1,
          1629, 1498, 1502, -1,
          1629, 1628, 1498, -1,
          1506, 1629, 1502, -1,
          1630, 1629, 1506, -1,
          1510, 1630, 1506, -1,
          1631, 1630, 1510, -1,
          1515, 1631, 1510, -1,
          1632, 1631, 1515, -1,
          1633, 1632, 1515, -1,
          1633, 1515, 1519, -1,
          1634, 1635, 1541, -1,
          1634, 1541, 1534, -1,
          1636, 1534, 1532, -1,
          1636, 1634, 1534, -1,
          1637, 1532, 1530, -1,
          1637, 1636, 1532, -1,
          1638, 1530, 1528, -1,
          1638, 1637, 1530, -1,
          1639, 1528, 1527, -1,
          1639, 1638, 1528, -1,
          1640, 1527, 1525, -1,
          1640, 1639, 1527, -1,
          1641, 1525, 1524, -1,
          1641, 1640, 1525, -1,
          1642, 1641, 1524, -1,
          1642, 1524, 1523, -1,
          1643, 1642, 1523, -1,
          1643, 1523, 1522, -1,
          1644, 1643, 1522, -1,
          1644, 1522, 1521, -1,
          1645, 1644, 1521, -1,
          1645, 1521, 1520, -1,
          1646, 1645, 1520, -1,
          1646, 1520, 1518, -1,
          1647, 1646, 1518, -1,
          1647, 1518, 1517, -1,
          1648, 1647, 1517, -1,
          1648, 1517, 1516, -1,
          1514, 1648, 1516, -1,
          1649, 1648, 1514, -1,
          1513, 1649, 1514, -1,
          1650, 1649, 1513, -1,
          1651, 1650, 1513, -1,
          1651, 1513, 1512, -1,
          1652, 1651, 1512, -1,
          1652, 1512, 1511, -1,
          1509, 1652, 1511, -1,
          1653, 1652, 1509, -1,
          1654, 1653, 1509, -1,
          1654, 1509, 1508, -1,
          1655, 1508, 1507, -1,
          1655, 1654, 1508, -1,
          1505, 1655, 1507, -1,
          1656, 1655, 1505, -1,
          1657, 1505, 1504, -1,
          1657, 1656, 1505, -1,
          1503, 1657, 1504, -1,
          1658, 1657, 1503, -1,
          1501, 1658, 1503, -1,
          1659, 1658, 1501, -1,
          1660, 1501, 1500, -1,
          1660, 1659, 1501, -1,
          1499, 1660, 1500, -1,
          1661, 1660, 1499, -1,
          1497, 1661, 1499, -1,
          1662, 1661, 1497, -1,
          1663, 1497, 1496, -1,
          1663, 1662, 1497, -1,
          1664, 1496, 1494, -1,
          1664, 1663, 1496, -1,
          1493, 1664, 1494, -1,
          1665, 1664, 1493, -1,
          1666, 1665, 1493, -1,
          1666, 1493, 1492, -1,
          1490, 1666, 1492, -1,
          1667, 1666, 1490, -1,
          1599, 1667, 1490, -1,
          1599, 1490, 1488, -1,
          1668, 1669, 1572, -1,
          1668, 1572, 1573, -1,
          1670, 1573, 1576, -1,
          1670, 1668, 1573, -1,
          1671, 1576, 1578, -1,
          1671, 1670, 1576, -1,
          1672, 1578, 1581, -1,
          1672, 1671, 1578, -1,
          1673, 1581, 1583, -1,
          1673, 1672, 1581, -1,
          1674, 1583, 1584, -1,
          1674, 1673, 1583, -1,
          1675, 1674, 1584, -1,
          1675, 1584, 1588, -1,
          1676, 1675, 1588, -1,
          1676, 1588, 1589, -1,
          1677, 1676, 1589, -1,
          1677, 1589, 1591, -1,
          1678, 1677, 1591, -1,
          1678, 1591, 1593, -1,
          1679, 1678, 1593, -1,
          1679, 1593, 1596, -1,
          1680, 1679, 1596, -1,
          1680, 1596, 1597, -1,
          1681, 1680, 1597, -1,
          1681, 1597, 1598, -1,
          1682, 1681, 1598, -1,
          1682, 1598, 1595, -1,
          1683, 1682, 1595, -1,
          1683, 1595, 1594, -1,
          1684, 1683, 1594, -1,
          1684, 1594, 1592, -1,
          1685, 1684, 1592, -1,
          1685, 1592, 1590, -1,
          1686, 1685, 1590, -1,
          1686, 1590, 1587, -1,
          1687, 1686, 1587, -1,
          1687, 1587, 1586, -1,
          1688, 1687, 1586, -1,
          1688, 1586, 1585, -1,
          1689, 1585, 1582, -1,
          1689, 1688, 1585, -1,
          1690, 1582, 1580, -1,
          1690, 1689, 1582, -1,
          1691, 1580, 1579, -1,
          1691, 1690, 1580, -1,
          1692, 1579, 1577, -1,
          1692, 1691, 1579, -1,
          1693, 1577, 1575, -1,
          1693, 1692, 1577, -1,
          1694, 1575, 1574, -1,
          1694, 1693, 1575, -1,
          1695, 1574, 1571, -1,
          1695, 1694, 1574, -1,
          1696, 1571, 1570, -1,
          1696, 1695, 1571, -1,
          1697, 1570, 1568, -1,
          1697, 1696, 1570, -1,
          1698, 1568, 1564, -1,
          1698, 1697, 1568, -1,
          1699, 1564, 1561, -1,
          1699, 1698, 1564, -1,
          1700, 1699, 1561, -1,
          1700, 1561, 1560, -1,
          1701, 1700, 1560, -1,
          1701, 1560, 1555, -1,
          1702, 1701, 1555, -1,
          1702, 1555, 1548, -1,
          1635, 1702, 1548, -1,
          1635, 1548, 1541, -1,
          1703, 1633, 1519, -1,
          1703, 1519, 1526, -1,
          1704, 1526, 1529, -1,
          1704, 1703, 1526, -1,
          1705, 1529, 1531, -1,
          1705, 1704, 1529, -1,
          1706, 1531, 1533, -1,
          1706, 1705, 1531, -1,
          1707, 1533, 1535, -1,
          1707, 1706, 1533, -1,
          1708, 1535, 1536, -1,
          1708, 1707, 1535, -1,
          1709, 1536, 1537, -1,
          1709, 1708, 1536, -1,
          1710, 1709, 1537, -1,
          1710, 1537, 1538, -1,
          1711, 1710, 1538, -1,
          1711, 1538, 1539, -1,
          1712, 1711, 1539, -1,
          1712, 1539, 1540, -1,
          1542, 1712, 1540, -1,
          1713, 1712, 1542, -1,
          1714, 1713, 1542, -1,
          1714, 1542, 1543, -1,
          1715, 1714, 1543, -1,
          1715, 1543, 1544, -1,
          1716, 1715, 1544, -1,
          1716, 1544, 1545, -1,
          1717, 1716, 1545, -1,
          1717, 1545, 1546, -1,
          1718, 1717, 1546, -1,
          1718, 1546, 1547, -1,
          1549, 1718, 1547, -1,
          1719, 1718, 1549, -1,
          1720, 1719, 1549, -1,
          1720, 1549, 1550, -1,
          1721, 1720, 1550, -1,
          1721, 1550, 1551, -1,
          1722, 1721, 1551, -1,
          1722, 1551, 1552, -1,
          1553, 1722, 1552, -1,
          1723, 1722, 1553, -1,
          1724, 1553, 1554, -1,
          1724, 1723, 1553, -1,
          1725, 1554, 1556, -1,
          1725, 1724, 1554, -1,
          1557, 1725, 1556, -1,
          1726, 1725, 1557, -1,
          1727, 1557, 1558, -1,
          1727, 1726, 1557, -1,
          1728, 1558, 1559, -1,
          1728, 1727, 1558, -1,
          1729, 1559, 1562, -1,
          1729, 1728, 1559, -1,
          1730, 1562, 1563, -1,
          1730, 1729, 1562, -1,
          1731, 1563, 1565, -1,
          1731, 1730, 1563, -1,
          1566, 1731, 1565, -1,
          1732, 1731, 1566, -1,
          1733, 1566, 1567, -1,
          1733, 1732, 1566, -1,
          1734, 1567, 1569, -1,
          1734, 1733, 1567, -1,
          1669, 1734, 1569, -1,
          1669, 1569, 1572, -1,
          435, 409, 1735, -1,
          435, 1735, 1736, -1,
          439, 435, 1736, -1,
          439, 1736, 1737, -1,
          448, 439, 1737, -1,
          448, 1737, 1738, -1,
          452, 448, 1738, -1,
          452, 1738, 1739, -1,
          457, 452, 1739, -1,
          457, 1739, 1740, -1,
          461, 457, 1740, -1,
          461, 1740, 1741, -1,
          706, 461, 1741, -1,
          706, 1741, 1742, -1,
          695, 706, 1742, -1,
          695, 1742, 1743, -1,
          691, 695, 1743, -1,
          691, 1743, 1744, -1,
          686, 691, 1744, -1,
          686, 1744, 1745, -1,
          681, 686, 1745, -1,
          681, 1745, 1746, -1,
          677, 681, 1746, -1,
          677, 1746, 1747, -1,
          672, 677, 1747, -1,
          672, 1747, 1748, -1,
          668, 672, 1748, -1,
          668, 1748, 1749, -1,
          664, 668, 1749, -1,
          664, 1749, 1750, -1,
          658, 664, 1750, -1,
          658, 1750, 1751, -1,
          652, 658, 1751, -1,
          652, 1751, 1752, -1,
          650, 1752, 1753, -1,
          650, 652, 1752, -1,
          649, 1753, 1754, -1,
          649, 650, 1753, -1,
          645, 1754, 1755, -1,
          645, 649, 1754, -1,
          641, 1755, 1756, -1,
          641, 645, 1755, -1,
          639, 1756, 1757, -1,
          639, 641, 1756, -1,
          642, 1757, 1758, -1,
          642, 639, 1757, -1,
          646, 1758, 1759, -1,
          646, 642, 1758, -1,
          653, 1759, 1760, -1,
          653, 646, 1759, -1,
          659, 1760, 1761, -1,
          659, 653, 1760, -1,
          661, 659, 1761, -1,
          661, 1761, 1762, -1,
          665, 661, 1762, -1,
          665, 1762, 1763, -1,
          670, 665, 1763, -1,
          670, 1763, 1764, -1,
          678, 670, 1764, -1,
          678, 1764, 1765, -1,
          682, 678, 1765, -1,
          682, 1765, 1766, -1,
          684, 682, 1766, -1,
          684, 1766, 1767, -1,
          692, 684, 1767, -1,
          692, 1767, 1768, -1,
          696, 692, 1768, -1,
          696, 1768, 1769, -1,
          1770, 696, 1769, -1,
          702, 696, 1770, -1,
          704, 702, 1770, -1,
          704, 1770, 1771, -1,
          708, 704, 1771, -1,
          708, 1771, 1772, -1,
          1773, 708, 1772, -1,
          714, 708, 1773, -1,
          723, 714, 1773, -1,
          723, 1773, 1774, -1,
          1775, 723, 1774, -1,
          725, 723, 1775, -1,
          728, 725, 1775, -1,
          728, 1775, 1776, -1,
          734, 728, 1776, -1,
          734, 1776, 1777, -1,
          1778, 734, 1777, -1,
          736, 734, 1778, -1,
          1779, 736, 1778, -1,
          751, 736, 1779, -1,
          754, 751, 1779, -1,
          754, 1779, 1780, -1,
          624, 754, 1780, -1,
          624, 1780, 1781, -1,
          618, 624, 1781, -1,
          618, 1781, 1782, -1,
          1783, 618, 1782, -1,
          616, 618, 1783, -1,
          1784, 616, 1783, -1,
          603, 616, 1784, -1,
          1785, 603, 1784, -1,
          601, 603, 1785, -1,
          604, 1785, 1786, -1,
          604, 601, 1785, -1,
          1787, 604, 1786, -1,
          596, 604, 1787, -1,
          593, 596, 1787, -1,
          593, 1787, 1788, -1,
          572, 593, 1788, -1,
          572, 1788, 1789, -1,
          1790, 572, 1789, -1,
          563, 572, 1790, -1,
          1791, 563, 1790, -1,
          564, 563, 1791, -1,
          562, 564, 1791, -1,
          562, 1791, 1792, -1,
          1793, 562, 1792, -1,
          565, 562, 1793, -1,
          1794, 565, 1793, -1,
          573, 565, 1794, -1,
          1795, 573, 1794, -1,
          574, 573, 1795, -1,
          575, 574, 1795, -1,
          575, 1795, 1796, -1,
          576, 575, 1796, -1,
          576, 1796, 1797, -1,
          1798, 576, 1797, -1,
          577, 576, 1798, -1,
          578, 577, 1798, -1,
          578, 1798, 1799, -1,
          579, 578, 1799, -1,
          579, 1799, 1800, -1,
          580, 579, 1800, -1,
          580, 1800, 1801, -1,
          581, 1801, 1802, -1,
          581, 580, 1801, -1,
          582, 1802, 1803, -1,
          582, 581, 1802, -1,
          1804, 582, 1803, -1,
          583, 582, 1804, -1,
          584, 1804, 1805, -1,
          584, 583, 1804, -1,
          1806, 584, 1805, -1,
          585, 584, 1806, -1,
          586, 1806, 1807, -1,
          586, 585, 1806, -1,
          587, 1807, 1808, -1,
          587, 586, 1807, -1,
          588, 1808, 1809, -1,
          588, 587, 1808, -1,
          1810, 588, 1809, -1,
          589, 588, 1810, -1,
          1811, 589, 1810, -1,
          590, 589, 1811, -1,
          591, 590, 1811, -1,
          591, 1811, 1812, -1,
          592, 1812, 1813, -1,
          592, 591, 1812, -1,
          560, 592, 1813, -1,
          560, 1813, 1814, -1,
          559, 560, 1814, -1,
          559, 1814, 1815, -1,
          1816, 559, 1815, -1,
          561, 559, 1816, -1,
          557, 561, 1816, -1,
          557, 1816, 1817, -1,
          555, 557, 1817, -1,
          555, 1817, 1818, -1,
          558, 1818, 1819, -1,
          558, 555, 1818, -1,
          548, 1819, 1820, -1,
          548, 558, 1819, -1,
          546, 1820, 1821, -1,
          546, 548, 1820, -1,
          549, 1821, 1822, -1,
          549, 546, 1821, -1,
          550, 1822, 1823, -1,
          550, 549, 1822, -1,
          551, 1823, 1824, -1,
          551, 550, 1823, -1,
          541, 551, 1824, -1,
          541, 1824, 1825, -1,
          431, 541, 1825, -1,
          431, 1825, 1826, -1,
          432, 431, 1826, -1,
          432, 1826, 1827, -1,
          430, 432, 1827, -1,
          430, 1827, 1828, -1,
          542, 430, 1828, -1,
          542, 1828, 1829, -1,
          423, 542, 1829, -1,
          423, 1829, 1830, -1,
          417, 423, 1830, -1,
          417, 1830, 1831, -1,
          415, 417, 1831, -1,
          415, 1831, 1832, -1,
          416, 415, 1832, -1,
          416, 1832, 1833, -1,
          1834, 416, 1833, -1,
          414, 416, 1834, -1,
          422, 414, 1834, -1,
          422, 1834, 1835, -1,
          420, 422, 1835, -1,
          420, 1835, 1836, -1,
          418, 420, 1836, -1,
          418, 1836, 1837, -1,
          1838, 418, 1837, -1,
          421, 418, 1838, -1,
          419, 1838, 1839, -1,
          419, 421, 1838, -1,
          424, 1839, 1840, -1,
          424, 419, 1839, -1,
          427, 1840, 1841, -1,
          427, 424, 1840, -1,
          429, 1841, 1842, -1,
          429, 427, 1841, -1,
          428, 1842, 1843, -1,
          428, 429, 1842, -1,
          434, 1843, 1844, -1,
          434, 428, 1843, -1,
          436, 1844, 1845, -1,
          436, 434, 1844, -1,
          444, 1845, 1846, -1,
          444, 436, 1845, -1,
          446, 1846, 1847, -1,
          446, 444, 1846, -1,
          445, 1847, 1848, -1,
          445, 446, 1847, -1,
          447, 1848, 1849, -1,
          447, 445, 1848, -1,
          543, 447, 1849, -1,
          543, 1849, 1850, -1,
          537, 543, 1850, -1,
          537, 1850, 1851, -1,
          514, 537, 1851, -1,
          514, 1851, 1852, -1,
          512, 1852, 1853, -1,
          512, 514, 1852, -1,
          515, 1853, 1854, -1,
          515, 512, 1853, -1,
          516, 1854, 1855, -1,
          516, 515, 1854, -1,
          517, 1855, 1856, -1,
          517, 516, 1855, -1,
          518, 1856, 1857, -1,
          518, 517, 1856, -1,
          508, 1857, 1858, -1,
          508, 518, 1857, -1,
          504, 1858, 1859, -1,
          504, 508, 1858, -1,
          498, 1859, 1860, -1,
          498, 504, 1859, -1,
          492, 1860, 1861, -1,
          492, 498, 1860, -1,
          490, 1861, 1862, -1,
          490, 492, 1861, -1,
          493, 490, 1862, -1,
          493, 1862, 1863, -1,
          491, 493, 1863, -1,
          491, 1863, 1864, -1,
          497, 491, 1864, -1,
          497, 1864, 1865, -1,
          503, 497, 1865, -1,
          503, 1865, 1866, -1,
          507, 503, 1866, -1,
          507, 1866, 1867, -1,
          513, 507, 1867, -1,
          513, 1867, 1868, -1,
          523, 513, 1868, -1,
          523, 1868, 1869, -1,
          1870, 523, 1869, -1,
          528, 523, 1870, -1,
          1871, 528, 1870, -1,
          531, 528, 1871, -1,
          536, 531, 1871, -1,
          536, 1871, 1872, -1,
          1873, 536, 1872, -1,
          540, 536, 1873, -1,
          547, 540, 1873, -1,
          547, 1873, 1874, -1,
          556, 1874, 1875, -1,
          556, 547, 1874, -1,
          571, 1875, 1876, -1,
          571, 556, 1875, -1,
          602, 1876, 1877, -1,
          602, 571, 1876, -1,
          625, 602, 1877, -1,
          625, 1877, 1878, -1,
          637, 1878, 1879, -1,
          637, 625, 1878, -1,
          699, 1879, 1880, -1,
          699, 637, 1879, -1,
          707, 1880, 1881, -1,
          707, 699, 1880, -1,
          713, 1881, 1882, -1,
          713, 707, 1881, -1,
          727, 1882, 1883, -1,
          727, 713, 1882, -1,
          733, 1883, 1884, -1,
          733, 727, 1883, -1,
          743, 733, 1884, -1,
          743, 1884, 1885, -1,
          748, 743, 1885, -1,
          748, 1885, 1886, -1,
          753, 748, 1886, -1,
          753, 1886, 1887, -1,
          761, 753, 1887, -1,
          761, 1887, 1888, -1,
          766, 761, 1888, -1,
          766, 1888, 1889, -1,
          773, 766, 1889, -1,
          773, 1889, 1890, -1,
          778, 773, 1890, -1,
          778, 1890, 1891, -1,
          818, 778, 1891, -1,
          818, 1891, 1892, -1,
          827, 818, 1892, -1,
          827, 1892, 1893, -1,
          834, 827, 1893, -1,
          834, 1893, 1894, -1,
          843, 834, 1894, -1,
          843, 1894, 1895, -1,
          849, 843, 1895, -1,
          849, 1895, 1896, -1,
          850, 849, 1896, -1,
          850, 1896, 1897, -1,
          856, 1897, 1898, -1,
          856, 850, 1897, -1,
          907, 1898, 1899, -1,
          907, 856, 1898, -1,
          909, 1899, 1900, -1,
          909, 907, 1899, -1,
          911, 1900, 1901, -1,
          911, 909, 1900, -1,
          912, 1901, 1902, -1,
          912, 911, 1901, -1,
          914, 1902, 1903, -1,
          914, 912, 1902, -1,
          916, 1903, 1904, -1,
          916, 914, 1903, -1,
          918, 1904, 1905, -1,
          918, 916, 1904, -1,
          921, 1905, 1906, -1,
          921, 918, 1905, -1,
          922, 1906, 1907, -1,
          922, 921, 1906, -1,
          925, 1907, 1908, -1,
          925, 922, 1907, -1,
          927, 1908, 1909, -1,
          927, 925, 1908, -1,
          1910, 927, 1909, -1,
          928, 927, 1910, -1,
          930, 928, 1910, -1,
          930, 1910, 1911, -1,
          931, 930, 1911, -1,
          931, 1911, 1912, -1,
          934, 931, 1912, -1,
          934, 1912, 1913, -1,
          935, 934, 1913, -1,
          935, 1913, 1914, -1,
          937, 935, 1914, -1,
          937, 1914, 1915, -1,
          939, 937, 1915, -1,
          939, 1915, 1916, -1,
          941, 939, 1916, -1,
          941, 1916, 1917, -1,
          943, 941, 1917, -1,
          943, 1917, 1918, -1,
          945, 943, 1918, -1,
          945, 1918, 1919, -1,
          947, 945, 1919, -1,
          947, 1919, 1920, -1,
          948, 947, 1920, -1,
          948, 1920, 1921, -1,
          950, 948, 1921, -1,
          950, 1921, 1922, -1,
          952, 950, 1922, -1,
          952, 1922, 1923, -1,
          954, 952, 1923, -1,
          954, 1923, 1924, -1,
          1925, 954, 1924, -1,
          956, 954, 1925, -1,
          958, 956, 1925, -1,
          958, 1925, 1926, -1,
          1927, 958, 1926, -1,
          960, 958, 1927, -1,
          961, 960, 1927, -1,
          961, 1927, 1928, -1,
          963, 1928, 1929, -1,
          963, 961, 1928, -1,
          1930, 963, 1929, -1,
          965, 963, 1930, -1,
          967, 1930, 1931, -1,
          967, 965, 1930, -1,
          969, 1931, 1932, -1,
          969, 967, 1931, -1,
          971, 1932, 1933, -1,
          971, 969, 1932, -1,
          974, 1933, 1934, -1,
          974, 971, 1933, -1,
          975, 1934, 1935, -1,
          975, 974, 1934, -1,
          978, 1935, 1936, -1,
          978, 975, 1935, -1,
          979, 1936, 1937, -1,
          979, 978, 1936, -1,
          981, 979, 1937, -1,
          981, 1937, 1938, -1,
          983, 981, 1938, -1,
          983, 1938, 1939, -1,
          985, 983, 1939, -1,
          985, 1939, 1940, -1,
          987, 985, 1940, -1,
          987, 1940, 1941, -1,
          989, 987, 1941, -1,
          989, 1941, 1942, -1,
          990, 989, 1942, -1,
          990, 1942, 1943, -1,
          993, 990, 1943, -1,
          993, 1943, 1944, -1,
          994, 993, 1944, -1,
          994, 1944, 1945, -1,
          996, 994, 1945, -1,
          996, 1945, 1946, -1,
          997, 996, 1946, -1,
          997, 1946, 1947, -1,
          999, 997, 1947, -1,
          999, 1947, 1948, -1,
          1001, 999, 1948, -1,
          1001, 1948, 1949, -1,
          1003, 1001, 1949, -1,
          1003, 1949, 1950, -1,
          1004, 1003, 1950, -1,
          1004, 1950, 1951, -1,
          1006, 1004, 1951, -1,
          1006, 1951, 1952, -1,
          1008, 1006, 1952, -1,
          1008, 1952, 1953, -1,
          1013, 1008, 1953, -1,
          1013, 1953, 1954, -1,
          1955, 1013, 1954, -1,
          1012, 1013, 1955, -1,
          1956, 1012, 1955, -1,
          882, 1012, 1956, -1,
          860, 882, 1956, -1,
          860, 1956, 1957, -1,
          853, 1957, 1958, -1,
          853, 860, 1957, -1,
          846, 1958, 1959, -1,
          846, 853, 1958, -1,
          839, 1959, 1960, -1,
          839, 846, 1959, -1,
          832, 839, 1960, -1,
          832, 1960, 1961, -1,
          824, 832, 1961, -1,
          824, 1961, 1962, -1,
          815, 824, 1962, -1,
          815, 1962, 1963, -1,
          807, 815, 1963, -1,
          807, 1963, 1964, -1,
          801, 807, 1964, -1,
          801, 1964, 1965, -1,
          792, 801, 1965, -1,
          792, 1965, 1966, -1,
          786, 792, 1966, -1,
          786, 1966, 1967, -1,
          776, 786, 1967, -1,
          776, 1967, 1968, -1,
          768, 776, 1968, -1,
          768, 1968, 1969, -1,
          762, 768, 1969, -1,
          762, 1969, 1970, -1,
          757, 762, 1970, -1,
          757, 1970, 1971, -1,
          1972, 757, 1971, -1,
          746, 757, 1972, -1,
          741, 746, 1972, -1,
          741, 1972, 1973, -1,
          731, 741, 1973, -1,
          731, 1973, 1974, -1,
          726, 731, 1974, -1,
          726, 1974, 1975, -1,
          720, 1975, 1976, -1,
          720, 726, 1975, -1,
          710, 1976, 1977, -1,
          710, 720, 1976, -1,
          700, 1977, 1978, -1,
          700, 710, 1977, -1,
          688, 1978, 1979, -1,
          688, 700, 1978, -1,
          673, 1979, 1980, -1,
          673, 688, 1979, -1,
          655, 1980, 1981, -1,
          655, 673, 1980, -1,
          1982, 655, 1981, -1,
          635, 655, 1982, -1,
          633, 1982, 1983, -1,
          633, 635, 1982, -1,
          626, 1983, 1984, -1,
          626, 633, 1983, -1,
          623, 1984, 1985, -1,
          623, 626, 1984, -1,
          621, 623, 1985, -1,
          621, 1985, 1986, -1,
          619, 621, 1986, -1,
          619, 1986, 1987, -1,
          617, 619, 1987, -1,
          617, 1987, 1988, -1,
          606, 617, 1988, -1,
          606, 1988, 1989, -1,
          605, 606, 1989, -1,
          605, 1989, 1990, -1,
          1991, 605, 1990, -1,
          600, 605, 1991, -1,
          598, 600, 1991, -1,
          598, 1991, 1992, -1,
          597, 598, 1992, -1,
          597, 1992, 1993, -1,
          594, 597, 1993, -1,
          594, 1993, 1994, -1,
          566, 594, 1994, -1,
          566, 1994, 1995, -1,
          609, 566, 1995, -1,
          609, 1995, 1996, -1,
          629, 609, 1996, -1,
          629, 1996, 1997, -1,
          630, 1997, 1998, -1,
          630, 629, 1997, -1,
          631, 1998, 1999, -1,
          631, 630, 1998, -1,
          632, 1999, 2000, -1,
          632, 631, 1999, -1,
          634, 2000, 2001, -1,
          634, 632, 2000, -1,
          638, 2001, 2002, -1,
          638, 634, 2001, -1,
          662, 2002, 2003, -1,
          662, 638, 2002, -1,
          674, 662, 2003, -1,
          674, 2003, 2004, -1,
          687, 674, 2004, -1,
          687, 2004, 2005, -1,
          756, 687, 2005, -1,
          756, 2005, 2006, -1,
          719, 756, 2006, -1,
          719, 2006, 2007, -1,
          717, 719, 2007, -1,
          717, 2007, 2008, -1,
          718, 717, 2008, -1,
          718, 2008, 2009, -1,
          744, 718, 2009, -1,
          744, 2009, 2010, -1,
          739, 744, 2010, -1,
          739, 2010, 2011, -1,
          737, 739, 2011, -1,
          737, 2011, 2012, -1,
          738, 737, 2012, -1,
          738, 2012, 2013, -1,
          745, 738, 2013, -1,
          745, 2013, 2014, -1,
          749, 745, 2014, -1,
          749, 2014, 2015, -1,
          755, 749, 2015, -1,
          755, 2015, 2016, -1,
          760, 755, 2016, -1,
          760, 2016, 2017, -1,
          765, 2017, 2018, -1,
          765, 760, 2017, -1,
          2019, 765, 2018, -1,
          767, 765, 2019, -1,
          774, 2019, 2020, -1,
          774, 767, 2019, -1,
          779, 2020, 2021, -1,
          779, 774, 2020, -1,
          781, 2021, 2022, -1,
          781, 779, 2021, -1,
          789, 2022, 2023, -1,
          789, 781, 2022, -1,
          793, 2023, 2024, -1,
          793, 789, 2023, -1,
          798, 2024, 2025, -1,
          798, 793, 2024, -1,
          805, 2025, 2026, -1,
          805, 798, 2025, -1,
          2027, 805, 2026, -1,
          811, 805, 2027, -1,
          817, 2027, 2028, -1,
          817, 811, 2027, -1,
          821, 817, 2028, -1,
          821, 2028, 2029, -1,
          830, 821, 2029, -1,
          830, 2029, 2030, -1,
          836, 2030, 2031, -1,
          836, 830, 2030, -1,
          837, 2031, 2032, -1,
          837, 836, 2031, -1,
          845, 2032, 2033, -1,
          845, 837, 2032, -1,
          851, 2033, 2034, -1,
          851, 845, 2033, -1,
          852, 2034, 2035, -1,
          852, 851, 2034, -1,
          854, 2035, 2036, -1,
          854, 852, 2035, -1,
          857, 854, 2036, -1,
          857, 2036, 2037, -1,
          858, 857, 2037, -1,
          858, 2037, 2038, -1,
          861, 858, 2038, -1,
          861, 2038, 2039, -1,
          864, 861, 2039, -1,
          864, 2039, 2040, -1,
          875, 864, 2040, -1,
          875, 2040, 2041, -1,
          877, 875, 2041, -1,
          877, 2041, 2042, -1,
          879, 877, 2042, -1,
          879, 2042, 2043, -1,
          880, 879, 2043, -1,
          880, 2043, 2044, -1,
          881, 880, 2044, -1,
          881, 2044, 2045, -1,
          878, 881, 2045, -1,
          878, 2045, 2046, -1,
          876, 878, 2046, -1,
          876, 2046, 2047, -1,
          874, 876, 2047, -1,
          874, 2047, 2048, -1,
          2049, 874, 2048, -1,
          872, 874, 2049, -1,
          868, 872, 2049, -1,
          868, 2049, 2050, -1,
          2051, 868, 2050, -1,
          869, 868, 2051, -1,
          867, 2051, 2052, -1,
          867, 869, 2051, -1,
          870, 2052, 2053, -1,
          870, 867, 2052, -1,
          871, 2053, 2054, -1,
          871, 870, 2053, -1,
          873, 2054, 2055, -1,
          873, 871, 2054, -1,
          866, 2055, 2056, -1,
          866, 873, 2055, -1,
          865, 2056, 2057, -1,
          865, 866, 2056, -1,
          863, 2057, 2058, -1,
          863, 865, 2057, -1,
          862, 2058, 2059, -1,
          862, 863, 2058, -1,
          859, 2059, 2060, -1,
          859, 862, 2059, -1,
          844, 2060, 2061, -1,
          844, 859, 2060, -1,
          838, 844, 2061, -1,
          838, 2061, 2062, -1,
          828, 838, 2062, -1,
          828, 2062, 2063, -1,
          822, 2063, 2064, -1,
          822, 828, 2063, -1,
          820, 2064, 2065, -1,
          820, 822, 2064, -1,
          813, 2065, 2066, -1,
          813, 820, 2065, -1,
          810, 2066, 2067, -1,
          810, 813, 2066, -1,
          806, 2067, 2068, -1,
          806, 810, 2067, -1,
          802, 2068, 2069, -1,
          802, 806, 2068, -1,
          799, 2069, 2070, -1,
          799, 802, 2069, -1,
          795, 2070, 2071, -1,
          795, 799, 2070, -1,
          796, 2071, 2072, -1,
          796, 795, 2071, -1,
          794, 2072, 2073, -1,
          794, 796, 2072, -1,
          782, 2073, 2074, -1,
          782, 794, 2073, -1,
          783, 2074, 2075, -1,
          783, 782, 2074, -1,
          771, 783, 2075, -1,
          771, 2075, 2076, -1,
          772, 2076, 2077, -1,
          772, 771, 2076, -1,
          770, 2077, 2078, -1,
          770, 772, 2077, -1,
          784, 2078, 2079, -1,
          784, 770, 2078, -1,
          803, 2079, 2080, -1,
          803, 784, 2079, -1,
          814, 2080, 2081, -1,
          814, 803, 2080, -1,
          823, 2081, 2082, -1,
          823, 814, 2081, -1,
          829, 2082, 2083, -1,
          829, 823, 2082, -1,
          831, 2083, 2084, -1,
          831, 829, 2083, -1,
          812, 2084, 2085, -1,
          812, 831, 2084, -1,
          675, 2085, 2086, -1,
          675, 812, 2085, -1,
          2087, 675, 2086, -1,
          628, 675, 2087, -1,
          612, 628, 2087, -1,
          612, 2087, 2088, -1,
          611, 2088, 2089, -1,
          611, 612, 2088, -1,
          613, 2089, 2090, -1,
          613, 611, 2089, -1,
          614, 2090, 2091, -1,
          614, 613, 2090, -1,
          2092, 614, 2091, -1,
          615, 614, 2092, -1,
          610, 2092, 2093, -1,
          610, 615, 2092, -1,
          608, 610, 2093, -1,
          608, 2093, 2094, -1,
          568, 2094, 2095, -1,
          568, 608, 2094, -1,
          567, 2095, 2096, -1,
          567, 568, 2095, -1,
          532, 2096, 2097, -1,
          532, 567, 2096, -1,
          526, 2097, 2098, -1,
          526, 532, 2097, -1,
          519, 2098, 2099, -1,
          519, 526, 2098, -1,
          509, 2099, 2100, -1,
          509, 519, 2099, -1,
          502, 2100, 2101, -1,
          502, 509, 2100, -1,
          494, 2101, 2102, -1,
          494, 502, 2101, -1,
          487, 2102, 2103, -1,
          487, 494, 2102, -1,
          484, 2103, 2104, -1,
          484, 487, 2103, -1,
          478, 484, 2104, -1,
          478, 2104, 2105, -1,
          475, 478, 2105, -1,
          475, 2105, 2106, -1,
          472, 475, 2106, -1,
          472, 2106, 2107, -1,
          467, 472, 2107, -1,
          467, 2107, 2108, -1,
          464, 467, 2108, -1,
          464, 2108, 2109, -1,
          458, 464, 2109, -1,
          458, 2109, 2110, -1,
          454, 458, 2110, -1,
          454, 2110, 2111, -1,
          451, 454, 2111, -1,
          451, 2111, 2112, -1,
          443, 451, 2112, -1,
          443, 2112, 2113, -1,
          438, 443, 2113, -1,
          438, 2113, 2114, -1,
          433, 438, 2114, -1,
          433, 2114, 2115, -1,
          426, 433, 2115, -1,
          426, 2115, 2116, -1,
          410, 2116, 2117, -1,
          410, 426, 2116, -1,
          408, 2117, 2118, -1,
          408, 410, 2117, -1,
          403, 2118, 2119, -1,
          403, 408, 2118, -1,
          398, 403, 2119, -1,
          398, 2119, 2120, -1,
          392, 2120, 2121, -1,
          392, 398, 2120, -1,
          389, 2121, 2122, -1,
          389, 392, 2121, -1,
          385, 2122, 2123, -1,
          385, 389, 2122, -1,
          380, 385, 2123, -1,
          380, 2123, 2124, -1,
          375, 380, 2124, -1,
          375, 2124, 2125, -1,
          372, 375, 2125, -1,
          372, 2125, 2126, -1,
          367, 372, 2126, -1,
          367, 2126, 2127, -1,
          364, 367, 2127, -1,
          364, 2127, 2128, -1,
          359, 364, 2128, -1,
          359, 2128, 2129, -1,
          357, 359, 2129, -1,
          357, 2129, 2130, -1,
          353, 357, 2130, -1,
          353, 2130, 2131, -1,
          348, 353, 2131, -1,
          348, 2131, 2132, -1,
          344, 348, 2132, -1,
          344, 2132, 2133, -1,
          340, 344, 2133, -1,
          340, 2133, 2134, -1,
          334, 340, 2134, -1,
          334, 2134, 2135, -1,
          329, 334, 2135, -1,
          329, 2135, 2136, -1,
          324, 329, 2136, -1,
          324, 2136, 2137, -1,
          321, 324, 2137, -1,
          321, 2137, 2138, -1,
          326, 2138, 2139, -1,
          326, 321, 2138, -1,
          331, 2139, 2140, -1,
          331, 326, 2139, -1,
          337, 2140, 2141, -1,
          337, 331, 2140, -1,
          341, 2141, 2142, -1,
          341, 337, 2141, -1,
          345, 2142, 2143, -1,
          345, 341, 2142, -1,
          350, 2143, 2144, -1,
          350, 345, 2143, -1,
          354, 2144, 2145, -1,
          354, 350, 2144, -1,
          360, 2145, 2146, -1,
          360, 354, 2145, -1,
          365, 2146, 2147, -1,
          365, 360, 2146, -1,
          369, 2147, 2148, -1,
          369, 365, 2147, -1,
          373, 369, 2148, -1,
          373, 2148, 2149, -1,
          376, 373, 2149, -1,
          376, 2149, 2150, -1,
          382, 376, 2150, -1,
          382, 2150, 2151, -1,
          386, 382, 2151, -1,
          386, 2151, 2152, -1,
          390, 386, 2152, -1,
          390, 2152, 2153, -1,
          391, 390, 2153, -1,
          391, 2153, 2154, -1,
          397, 391, 2154, -1,
          397, 2154, 2155, -1,
          400, 397, 2155, -1,
          400, 2155, 2156, -1,
          404, 400, 2156, -1,
          404, 2156, 2157, -1,
          1735, 404, 2157, -1,
          409, 404, 1735, -1,
          2046, 1931, 1930, -1,
          2045, 1932, 1931, -1,
          2045, 1933, 1932, -1,
          2045, 1931, 2046, -1,
          2047, 1929, 1928, -1,
          2047, 1930, 1929, -1,
          2047, 2046, 1930, -1,
          2048, 2047, 1928, -1,
          2048, 1928, 1927, -1,
          2044, 1933, 2045, -1,
          2044, 1934, 1933, -1,
          2049, 2048, 1927, -1,
          2049, 1926, 1925, -1,
          2049, 1927, 1926, -1,
          2043, 1935, 1934, -1,
          2043, 1936, 1935, -1,
          2043, 1934, 2044, -1,
          2050, 2049, 1925, -1,
          2050, 1925, 1924, -1,
          2042, 1936, 2043, -1,
          2042, 1937, 1936, -1,
          2042, 1938, 1937, -1,
          2051, 2050, 1924, -1,
          2051, 1923, 1922, -1,
          2051, 1924, 1923, -1,
          2041, 1938, 2042, -1,
          2041, 1939, 1938, -1,
          2052, 2051, 1922, -1,
          2052, 1922, 1921, -1,
          2040, 1939, 2041, -1,
          2040, 1940, 1939, -1,
          2040, 1941, 1940, -1,
          2053, 1921, 1920, -1,
          2053, 2052, 1921, -1,
          2039, 1941, 2040, -1,
          2039, 1942, 1941, -1,
          2054, 1919, 1918, -1,
          2054, 1920, 1919, -1,
          2054, 2053, 1920, -1,
          2038, 1942, 2039, -1,
          2038, 1943, 1942, -1,
          2038, 1944, 1943, -1,
          2055, 1918, 1917, -1,
          2055, 2054, 1918, -1,
          2037, 1944, 2038, -1,
          2037, 1945, 1944, -1,
          2037, 1946, 1945, -1,
          2056, 1917, 1916, -1,
          2056, 2055, 1917, -1,
          2036, 1946, 2037, -1,
          2036, 1947, 1946, -1,
          2036, 1948, 1947, -1,
          2057, 2056, 1916, -1,
          2057, 1916, 1915, -1,
          2035, 1948, 2036, -1,
          2035, 1949, 1948, -1,
          2058, 2057, 1915, -1,
          2058, 1914, 1913, -1,
          2058, 1915, 1914, -1,
          2034, 1949, 2035, -1,
          2034, 1950, 1949, -1,
          2034, 1951, 1950, -1,
          2059, 1913, 1912, -1,
          2059, 2058, 1913, -1,
          2060, 2059, 1912, -1,
          2033, 1951, 2034, -1,
          2033, 1952, 1951, -1,
          2061, 2060, 1912, -1,
          2061, 1912, 1911, -1,
          2062, 1911, 1910, -1,
          2062, 2061, 1911, -1,
          2032, 1952, 2033, -1,
          2032, 1953, 1952, -1,
          2032, 1954, 1953, -1,
          2031, 1954, 2032, -1,
          2031, 1955, 1954, -1,
          2030, 1955, 2031, -1,
          2030, 1956, 1955, -1,
          2063, 1908, 1907, -1,
          2063, 1909, 1908, -1,
          2063, 1910, 1909, -1,
          2063, 2062, 1910, -1,
          2064, 1907, 1906, -1,
          2064, 2063, 1907, -1,
          2029, 1956, 2030, -1,
          2065, 1906, 1905, -1,
          2065, 2064, 1906, -1,
          2028, 1957, 1956, -1,
          2028, 1956, 2029, -1,
          2066, 1905, 1904, -1,
          2066, 2065, 1905, -1,
          2027, 1958, 1957, -1,
          2027, 1957, 2028, -1,
          2067, 1904, 1903, -1,
          2067, 2066, 1904, -1,
          2068, 1902, 1901, -1,
          2068, 1903, 1902, -1,
          2068, 2067, 1903, -1,
          2026, 1959, 1958, -1,
          2026, 1958, 2027, -1,
          2069, 2068, 1901, -1,
          2069, 1901, 1900, -1,
          2070, 1900, 1899, -1,
          2070, 2069, 1900, -1,
          2025, 1960, 1959, -1,
          2025, 1959, 2026, -1,
          2071, 1898, 1897, -1,
          2071, 1899, 1898, -1,
          2071, 2070, 1899, -1,
          2024, 1961, 1960, -1,
          2024, 1960, 2025, -1,
          2072, 1897, 1896, -1,
          2072, 2071, 1897, -1,
          2073, 1896, 1895, -1,
          2073, 2072, 1896, -1,
          2023, 1962, 1961, -1,
          2023, 1961, 2024, -1,
          2074, 1894, 1893, -1,
          2074, 1895, 1894, -1,
          2074, 2073, 1895, -1,
          2022, 1963, 1962, -1,
          2022, 1962, 2023, -1,
          2021, 1964, 1963, -1,
          2021, 1965, 1964, -1,
          2021, 1963, 2022, -1,
          2075, 1892, 1891, -1,
          2075, 1893, 1892, -1,
          2075, 2074, 1893, -1,
          2020, 1966, 1965, -1,
          2020, 1965, 2021, -1,
          1890, 2075, 1891, -1,
          2076, 2075, 1890, -1,
          2019, 1967, 1966, -1,
          2019, 1966, 2020, -1,
          1889, 2076, 1890, -1,
          1889, 2077, 2076, -1,
          2018, 1968, 1967, -1,
          2018, 1967, 2019, -1,
          1888, 2078, 2077, -1,
          1888, 2077, 1889, -1,
          2017, 1969, 1968, -1,
          2017, 1968, 2018, -1,
          2016, 1970, 1969, -1,
          2016, 1969, 2017, -1,
          1887, 2078, 1888, -1,
          2015, 1970, 2016, -1,
          2015, 1971, 1970, -1,
          1886, 2078, 1887, -1,
          1886, 2079, 2078, -1,
          2014, 1971, 2015, -1,
          2014, 1972, 1971, -1,
          1885, 2080, 2079, -1,
          1885, 2079, 1886, -1,
          2013, 1972, 2014, -1,
          2013, 1973, 1972, -1,
          1884, 2080, 1885, -1,
          1974, 1973, 2013, -1,
          2012, 1974, 2013, -1,
          1883, 2081, 2080, -1,
          1883, 2080, 1884, -1,
          1975, 1974, 2012, -1,
          1975, 2012, 2011, -1,
          1976, 1975, 2011, -1,
          1976, 2011, 2010, -1,
          1882, 2082, 2081, -1,
          1882, 2081, 1883, -1,
          1977, 1976, 2010, -1,
          1977, 2010, 2009, -1,
          1881, 2082, 1882, -1,
          1978, 1977, 2009, -1,
          1880, 2083, 2082, -1,
          1880, 2082, 1881, -1,
          1979, 1978, 2009, -1,
          1979, 2009, 2008, -1,
          1980, 1979, 2008, -1,
          1980, 2008, 2007, -1,
          1981, 2007, 2006, -1,
          1981, 1980, 2007, -1,
          1879, 2084, 2083, -1,
          1879, 2083, 1880, -1,
          1982, 2006, 2005, -1,
          1982, 1981, 2006, -1,
          1983, 1982, 2005, -1,
          1984, 1983, 2005, -1,
          1984, 2005, 2004, -1,
          1878, 2085, 2084, -1,
          1878, 2086, 2085, -1,
          1878, 2084, 1879, -1,
          1781, 1780, 1779, -1,
          1985, 1984, 2004, -1,
          1985, 2004, 2003, -1,
          1986, 1985, 2003, -1,
          1986, 2003, 2002, -1,
          1987, 1986, 2002, -1,
          1782, 1779, 1778, -1,
          1782, 1781, 1779, -1,
          1988, 1987, 2002, -1,
          1988, 2002, 2001, -1,
          1783, 1782, 1778, -1,
          1783, 1778, 1777, -1,
          1989, 1988, 2001, -1,
          1989, 2001, 2000, -1,
          1990, 1989, 2000, -1,
          1877, 2086, 1878, -1,
          1877, 2087, 2086, -1,
          1784, 1776, 1775, -1,
          1784, 1777, 1776, -1,
          1784, 1783, 1777, -1,
          1991, 1990, 2000, -1,
          1991, 2000, 1999, -1,
          1785, 1784, 1775, -1,
          1785, 1775, 1774, -1,
          1992, 1991, 1999, -1,
          1786, 1785, 1774, -1,
          1786, 1774, 1773, -1,
          1993, 1992, 1999, -1,
          1993, 1999, 1998, -1,
          1787, 1786, 1773, -1,
          1787, 1772, 1771, -1,
          1787, 1773, 1772, -1,
          1994, 1998, 1997, -1,
          1994, 1993, 1998, -1,
          1788, 1771, 1770, -1,
          1788, 1787, 1771, -1,
          1876, 2088, 2087, -1,
          1876, 2087, 1877, -1,
          1789, 1769, 1768, -1,
          1789, 1770, 1769, -1,
          1789, 1788, 1770, -1,
          1995, 1994, 1997, -1,
          1995, 1997, 1996, -1,
          1790, 1768, 1767, -1,
          1790, 1789, 1768, -1,
          1791, 1790, 1767, -1,
          1791, 1767, 1766, -1,
          1792, 1791, 1766, -1,
          1792, 1765, 1764, -1,
          1792, 1766, 1765, -1,
          1793, 1764, 1763, -1,
          1793, 1792, 1764, -1,
          1794, 1763, 1762, -1,
          1794, 1793, 1763, -1,
          1875, 2089, 2088, -1,
          1875, 2090, 2089, -1,
          1875, 2088, 1876, -1,
          1795, 1794, 1762, -1,
          1795, 1761, 1760, -1,
          1795, 1762, 1761, -1,
          1796, 1795, 1760, -1,
          1796, 1760, 1759, -1,
          1797, 1759, 1758, -1,
          1797, 1796, 1759, -1,
          1874, 2091, 2090, -1,
          1874, 2092, 2091, -1,
          1874, 2090, 1875, -1,
          1757, 1797, 1758, -1,
          1757, 1798, 1797, -1,
          1756, 1799, 1798, -1,
          1756, 1798, 1757, -1,
          1873, 2093, 2092, -1,
          1873, 2092, 1874, -1,
          1873, 2094, 2093, -1,
          1755, 1799, 1756, -1,
          1872, 2094, 1873, -1,
          1754, 1800, 1799, -1,
          1754, 1799, 1755, -1,
          1871, 2094, 1872, -1,
          1871, 2095, 2094, -1,
          1753, 1801, 1800, -1,
          1753, 1800, 1754, -1,
          1870, 2095, 1871, -1,
          1870, 2096, 2095, -1,
          1869, 2096, 1870, -1,
          1869, 2097, 2096, -1,
          1869, 2098, 2097, -1,
          1752, 1802, 1801, -1,
          1752, 1801, 1753, -1,
          1868, 2098, 1869, -1,
          1868, 2099, 2098, -1,
          1751, 1802, 1752, -1,
          1867, 2099, 1868, -1,
          1867, 2100, 2099, -1,
          1750, 1803, 1802, -1,
          1750, 1802, 1751, -1,
          1866, 2100, 1867, -1,
          2101, 2100, 1866, -1,
          1865, 2101, 1866, -1,
          1749, 1804, 1803, -1,
          1749, 1803, 1750, -1,
          2102, 2101, 1865, -1,
          1748, 1804, 1749, -1,
          1748, 1805, 1804, -1,
          2103, 2102, 1865, -1,
          2103, 1865, 1864, -1,
          1747, 1805, 1748, -1,
          2104, 2103, 1864, -1,
          2104, 1864, 1863, -1,
          1746, 1806, 1805, -1,
          1746, 1805, 1747, -1,
          2105, 2104, 1863, -1,
          2105, 1863, 1862, -1,
          1745, 1807, 1806, -1,
          1745, 1806, 1746, -1,
          2106, 2105, 1862, -1,
          1744, 1808, 1807, -1,
          1744, 1807, 1745, -1,
          2107, 1862, 1861, -1,
          2107, 2106, 1862, -1,
          1743, 1808, 1744, -1,
          2108, 2107, 1861, -1,
          2108, 1861, 1860, -1,
          1742, 1809, 1808, -1,
          1742, 1808, 1743, -1,
          2109, 1860, 1859, -1,
          2109, 2108, 1860, -1,
          1741, 1810, 1809, -1,
          1741, 1809, 1742, -1,
          2110, 1859, 1858, -1,
          2110, 2109, 1859, -1,
          1740, 1811, 1810, -1,
          1740, 1810, 1741, -1,
          2111, 2110, 1858, -1,
          1739, 1812, 1811, -1,
          1739, 1811, 1740, -1,
          2112, 1858, 1857, -1,
          2112, 2111, 1858, -1,
          1738, 1813, 1812, -1,
          1738, 1812, 1739, -1,
          2113, 2112, 1857, -1,
          2113, 1857, 1856, -1,
          1737, 1814, 1813, -1,
          1737, 1813, 1738, -1,
          2114, 1856, 1855, -1,
          2114, 2113, 1856, -1,
          1736, 1815, 1814, -1,
          1736, 1816, 1815, -1,
          1736, 1814, 1737, -1,
          2115, 1855, 1854, -1,
          2115, 2114, 1855, -1,
          2116, 1854, 1853, -1,
          2116, 2115, 1854, -1,
          2117, 2116, 1853, -1,
          2117, 1853, 1852, -1,
          1735, 1817, 1816, -1,
          1735, 1816, 1736, -1,
          2118, 1852, 1851, -1,
          2118, 2117, 1852, -1,
          2157, 1817, 1735, -1,
          2157, 1818, 1817, -1,
          2119, 2118, 1851, -1,
          2119, 1851, 1850, -1,
          2156, 1818, 2157, -1,
          2156, 1819, 1818, -1,
          2120, 1849, 1848, -1,
          2120, 1850, 1849, -1,
          2120, 2119, 1850, -1,
          2155, 1820, 1819, -1,
          2155, 1819, 2156, -1,
          2121, 2120, 1848, -1,
          2121, 1848, 1847, -1,
          2154, 1821, 1820, -1,
          2154, 1820, 2155, -1,
          2153, 1821, 2154, -1,
          2122, 2121, 1847, -1,
          2122, 1847, 1846, -1,
          2152, 1822, 1821, -1,
          2152, 1821, 2153, -1,
          2123, 1846, 1845, -1,
          2123, 2122, 1846, -1,
          2151, 1823, 1822, -1,
          2151, 1822, 2152, -1,
          2124, 2123, 1845, -1,
          2150, 1823, 2151, -1,
          2125, 1845, 1844, -1,
          2125, 2124, 1845, -1,
          2149, 1824, 1823, -1,
          2149, 1823, 2150, -1,
          2126, 2125, 1844, -1,
          2126, 1844, 1843, -1,
          2148, 1824, 2149, -1,
          2148, 1825, 1824, -1,
          2127, 2126, 1843, -1,
          2127, 1843, 1842, -1,
          2147, 1825, 2148, -1,
          2147, 1826, 1825, -1,
          2128, 2127, 1842, -1,
          2128, 1842, 1841, -1,
          2146, 1826, 2147, -1,
          2146, 1827, 1826, -1,
          2129, 2128, 1841, -1,
          2129, 1841, 1840, -1,
          2130, 2129, 1840, -1,
          2130, 1840, 1839, -1,
          2145, 1827, 2146, -1,
          2145, 1828, 1827, -1,
          2131, 2130, 1839, -1,
          2131, 1839, 1838, -1,
          2144, 1828, 2145, -1,
          2144, 1829, 1828, -1,
          2132, 2131, 1838, -1,
          2143, 1829, 2144, -1,
          2133, 2132, 1838, -1,
          2133, 1838, 1837, -1,
          2142, 1829, 2143, -1,
          2142, 1830, 1829, -1,
          2134, 2133, 1837, -1,
          2134, 1837, 1836, -1,
          2141, 1830, 2142, -1,
          2141, 1831, 1830, -1,
          2135, 2134, 1836, -1,
          2135, 1836, 1835, -1,
          2140, 1831, 2141, -1,
          2140, 1832, 1831, -1,
          2136, 2135, 1835, -1,
          2136, 1835, 1834, -1,
          2139, 1832, 2140, -1,
          2139, 1833, 1832, -1,
          2137, 2136, 1834, -1,
          2137, 1834, 1833, -1,
          2138, 1833, 2139, -1,
          2138, 2137, 1833, -1,
          883, 759, 2158, -1,
          883, 2158, 2159, -1,
          1011, 883, 2159, -1,
          1011, 2159, 2160, -1,
          1015, 1011, 2160, -1,
          1015, 2160, 2161, -1,
          1014, 1015, 2161, -1,
          1014, 2161, 2162, -1,
          1009, 2162, 2163, -1,
          1009, 1014, 2162, -1,
          1007, 2163, 2164, -1,
          1007, 1009, 2163, -1,
          1005, 2164, 2165, -1,
          1005, 1007, 2164, -1,
          1002, 2165, 2166, -1,
          1002, 1005, 2165, -1,
          1000, 1002, 2166, -1,
          1000, 2166, 2167, -1,
          998, 1000, 2167, -1,
          998, 2167, 2168, -1,
          995, 998, 2168, -1,
          995, 2168, 2169, -1,
          992, 995, 2169, -1,
          992, 2169, 2170, -1,
          991, 992, 2170, -1,
          991, 2170, 2171, -1,
          988, 991, 2171, -1,
          988, 2171, 2172, -1,
          986, 988, 2172, -1,
          986, 2172, 2173, -1,
          984, 986, 2173, -1,
          984, 2173, 2174, -1,
          982, 984, 2174, -1,
          982, 2174, 2175, -1,
          980, 982, 2175, -1,
          980, 2175, 2176, -1,
          977, 980, 2176, -1,
          977, 2176, 2177, -1,
          976, 977, 2177, -1,
          976, 2177, 2178, -1,
          973, 976, 2178, -1,
          973, 2178, 2179, -1,
          972, 973, 2179, -1,
          972, 2179, 2180, -1,
          970, 2180, 2181, -1,
          970, 972, 2180, -1,
          968, 2181, 2182, -1,
          968, 970, 2181, -1,
          966, 2182, 2183, -1,
          966, 968, 2182, -1,
          964, 2183, 2184, -1,
          964, 966, 2183, -1,
          962, 2184, 2185, -1,
          962, 964, 2184, -1,
          959, 2185, 2186, -1,
          959, 962, 2185, -1,
          957, 2186, 2187, -1,
          957, 959, 2186, -1,
          955, 2187, 2188, -1,
          955, 957, 2187, -1,
          953, 2188, 2189, -1,
          953, 955, 2188, -1,
          951, 2189, 2190, -1,
          951, 953, 2189, -1,
          949, 2190, 2191, -1,
          949, 951, 2190, -1,
          946, 949, 2191, -1,
          946, 2191, 2192, -1,
          944, 946, 2192, -1,
          944, 2192, 2193, -1,
          942, 944, 2193, -1,
          942, 2193, 2194, -1,
          940, 942, 2194, -1,
          940, 2194, 2195, -1,
          938, 940, 2195, -1,
          938, 2195, 2196, -1,
          936, 938, 2196, -1,
          936, 2196, 2197, -1,
          2198, 936, 2197, -1,
          933, 936, 2198, -1,
          932, 933, 2198, -1,
          932, 2198, 2199, -1,
          929, 932, 2199, -1,
          929, 2199, 2200, -1,
          926, 2200, 2201, -1,
          926, 929, 2200, -1,
          924, 2201, 2202, -1,
          924, 926, 2201, -1,
          923, 2202, 2203, -1,
          923, 924, 2202, -1,
          920, 2203, 2204, -1,
          920, 923, 2203, -1,
          919, 2204, 2205, -1,
          919, 920, 2204, -1,
          917, 2205, 2206, -1,
          917, 919, 2205, -1,
          915, 2206, 2207, -1,
          915, 917, 2206, -1,
          913, 2207, 2208, -1,
          913, 915, 2207, -1,
          910, 2208, 2209, -1,
          910, 913, 2208, -1,
          908, 2209, 2210, -1,
          908, 910, 2209, -1,
          906, 2210, 2211, -1,
          906, 908, 2210, -1,
          903, 906, 2211, -1,
          903, 2211, 2212, -1,
          900, 903, 2212, -1,
          900, 2212, 2213, -1,
          897, 900, 2213, -1,
          897, 2213, 2214, -1,
          893, 897, 2214, -1,
          893, 2214, 2215, -1,
          889, 893, 2215, -1,
          889, 2215, 2216, -1,
          2217, 889, 2216, -1,
          885, 889, 2217, -1,
          887, 885, 2217, -1,
          887, 2217, 2218, -1,
          891, 887, 2218, -1,
          891, 2218, 2219, -1,
          895, 891, 2219, -1,
          895, 2219, 2220, -1,
          899, 895, 2220, -1,
          899, 2220, 2221, -1,
          902, 899, 2221, -1,
          902, 2221, 2222, -1,
          905, 902, 2222, -1,
          905, 2222, 2223, -1,
          896, 905, 2223, -1,
          896, 2223, 2224, -1,
          892, 2224, 2225, -1,
          892, 896, 2224, -1,
          888, 2225, 2226, -1,
          888, 892, 2225, -1,
          886, 2226, 2227, -1,
          886, 888, 2226, -1,
          884, 2227, 2228, -1,
          884, 886, 2227, -1,
          890, 2228, 2229, -1,
          890, 884, 2228, -1,
          894, 2229, 2230, -1,
          894, 890, 2229, -1,
          898, 2230, 2231, -1,
          898, 894, 2230, -1,
          901, 2231, 2232, -1,
          901, 898, 2231, -1,
          904, 2232, 2233, -1,
          904, 901, 2232, -1,
          855, 2233, 2234, -1,
          855, 904, 2233, -1,
          848, 855, 2234, -1,
          848, 2234, 2235, -1,
          842, 848, 2235, -1,
          842, 2235, 2236, -1,
          835, 842, 2236, -1,
          835, 2236, 2237, -1,
          826, 835, 2237, -1,
          826, 2237, 2238, -1,
          819, 826, 2238, -1,
          819, 2238, 2239, -1,
          809, 819, 2239, -1,
          809, 2239, 2240, -1,
          804, 809, 2240, -1,
          804, 2240, 2241, -1,
          797, 804, 2241, -1,
          797, 2241, 2242, -1,
          790, 797, 2242, -1,
          790, 2242, 2243, -1,
          785, 790, 2243, -1,
          785, 2243, 2244, -1,
          780, 785, 2244, -1,
          780, 2244, 2245, -1,
          775, 780, 2245, -1,
          775, 2245, 2246, -1,
          764, 2246, 2247, -1,
          764, 775, 2246, -1,
          752, 2247, 2248, -1,
          752, 764, 2247, -1,
          735, 752, 2248, -1,
          735, 2248, 2249, -1,
          729, 2249, 2250, -1,
          729, 735, 2249, -1,
          724, 2250, 2251, -1,
          724, 729, 2250, -1,
          715, 2251, 2252, -1,
          715, 724, 2251, -1,
          709, 2252, 2253, -1,
          709, 715, 2252, -1,
          703, 709, 2253, -1,
          703, 2253, 2254, -1,
          697, 703, 2254, -1,
          697, 2254, 2255, -1,
          693, 697, 2255, -1,
          693, 2255, 2256, -1,
          2257, 693, 2256, -1,
          683, 693, 2257, -1,
          679, 683, 2257, -1,
          679, 2257, 2258, -1,
          669, 679, 2258, -1,
          669, 2258, 2259, -1,
          666, 669, 2259, -1,
          666, 2259, 2260, -1,
          2261, 666, 2260, -1,
          660, 666, 2261, -1,
          654, 660, 2261, -1,
          654, 2261, 2262, -1,
          647, 654, 2262, -1,
          647, 2262, 2263, -1,
          643, 647, 2263, -1,
          643, 2263, 2264, -1,
          640, 643, 2264, -1,
          640, 2264, 2265, -1,
          644, 640, 2265, -1,
          644, 2265, 2266, -1,
          648, 644, 2266, -1,
          648, 2266, 2267, -1,
          651, 2267, 2268, -1,
          651, 648, 2267, -1,
          2269, 651, 2268, -1,
          657, 651, 2269, -1,
          663, 2269, 2270, -1,
          663, 657, 2269, -1,
          667, 2270, 2271, -1,
          667, 663, 2270, -1,
          671, 2271, 2272, -1,
          671, 667, 2271, -1,
          676, 2272, 2273, -1,
          676, 671, 2272, -1,
          680, 2273, 2274, -1,
          680, 676, 2273, -1,
          685, 2274, 2275, -1,
          685, 680, 2274, -1,
          690, 2275, 2276, -1,
          690, 685, 2275, -1,
          2277, 690, 2276, -1,
          694, 690, 2277, -1,
          698, 694, 2277, -1,
          698, 2277, 2278, -1,
          705, 2278, 2279, -1,
          705, 698, 2278, -1,
          712, 705, 2279, -1,
          712, 2279, 2280, -1,
          716, 712, 2280, -1,
          716, 2280, 2281, -1,
          2282, 716, 2281, -1,
          722, 716, 2282, -1,
          730, 722, 2282, -1,
          730, 2282, 2283, -1,
          2284, 730, 2283, -1,
          742, 730, 2284, -1,
          750, 742, 2284, -1,
          750, 2284, 2285, -1,
          759, 750, 2285, -1,
          759, 2285, 2158, -1,
          2161, 2160, 2286, -1,
          2287, 2161, 2286, -1,
          2288, 2161, 2287, -1,
          2288, 2162, 2161, -1,
          2289, 2162, 2288, -1,
          2289, 2163, 2162, -1,
          2289, 2164, 2163, -1,
          2290, 2164, 2289, -1,
          2290, 2165, 2164, -1,
          2290, 2166, 2165, -1,
          2291, 2166, 2290, -1,
          2291, 2167, 2166, -1,
          2292, 2167, 2291, -1,
          2293, 2167, 2292, -1,
          2293, 2168, 2167, -1,
          2294, 2286, 2160, -1,
          2295, 2168, 2293, -1,
          2295, 2169, 2168, -1,
          2295, 2170, 2169, -1,
          2296, 2170, 2295, -1,
          2296, 2171, 2170, -1,
          2297, 2171, 2296, -1,
          2297, 2172, 2171, -1,
          2297, 2173, 2172, -1,
          2298, 2174, 2173, -1,
          2298, 2175, 2174, -1,
          2298, 2173, 2297, -1,
          2299, 2176, 2175, -1,
          2299, 2177, 2176, -1,
          2299, 2175, 2298, -1,
          2300, 2178, 2177, -1,
          2300, 2177, 2299, -1,
          2301, 2179, 2178, -1,
          2301, 2178, 2300, -1,
          2302, 2180, 2179, -1,
          2302, 2179, 2301, -1,
          2181, 2180, 2302, -1,
          2303, 2181, 2302, -1,
          2182, 2181, 2303, -1,
          2304, 2182, 2303, -1,
          2183, 2182, 2304, -1,
          2184, 2304, 2305, -1,
          2184, 2183, 2304, -1,
          2185, 2305, 2306, -1,
          2185, 2184, 2305, -1,
          2307, 2294, 2160, -1,
          2186, 2306, 2308, -1,
          2186, 2185, 2306, -1,
          2187, 2308, 2309, -1,
          2187, 2186, 2308, -1,
          2188, 2187, 2309, -1,
          2189, 2309, 2310, -1,
          2189, 2188, 2309, -1,
          2311, 2294, 2307, -1,
          2190, 2310, 2312, -1,
          2190, 2189, 2310, -1,
          2191, 2312, 2313, -1,
          2191, 2190, 2312, -1,
          2192, 2313, 2314, -1,
          2192, 2191, 2313, -1,
          2193, 2314, 2315, -1,
          2193, 2192, 2314, -1,
          2194, 2193, 2315, -1,
          2195, 2315, 2316, -1,
          2195, 2194, 2315, -1,
          2196, 2316, 2317, -1,
          2196, 2195, 2316, -1,
          2197, 2317, 2318, -1,
          2197, 2196, 2317, -1,
          2198, 2197, 2318, -1,
          2198, 2318, 2319, -1,
          2320, 2311, 2307, -1,
          2199, 2198, 2319, -1,
          2199, 2321, 2322, -1,
          2199, 2319, 2321, -1,
          2323, 2311, 2320, -1,
          2323, 2324, 2311, -1,
          2325, 2324, 2323, -1,
          2200, 2199, 2322, -1,
          2201, 2322, 2326, -1,
          2201, 2200, 2322, -1,
          2202, 2326, 2327, -1,
          2202, 2201, 2326, -1,
          2328, 2329, 2324, -1,
          2328, 2330, 2329, -1,
          2328, 2324, 2325, -1,
          2203, 2327, 2331, -1,
          2203, 2202, 2327, -1,
          2204, 2331, 2332, -1,
          2204, 2203, 2331, -1,
          2205, 2204, 2332, -1,
          2333, 2330, 2328, -1,
          2333, 2334, 2330, -1,
          2333, 2335, 2334, -1,
          2206, 2332, 2336, -1,
          2206, 2205, 2332, -1,
          2207, 2336, 2337, -1,
          2207, 2206, 2336, -1,
          2338, 2335, 2333, -1,
          2338, 2339, 2335, -1,
          2208, 2207, 2337, -1,
          2208, 2337, 2340, -1,
          2209, 2208, 2340, -1,
          2210, 2209, 2340, -1,
          2210, 2340, 2341, -1,
          2342, 2339, 2338, -1,
          2342, 2343, 2339, -1,
          2211, 2210, 2341, -1,
          2211, 2341, 2344, -1,
          2223, 2343, 2342, -1,
          2223, 2345, 2343, -1,
          2223, 2346, 2345, -1,
          2223, 2347, 2346, -1,
          2223, 2348, 2347, -1,
          2223, 2349, 2348, -1,
          2223, 2350, 2349, -1,
          2212, 2211, 2344, -1,
          2212, 2344, 2351, -1,
          2352, 2223, 2342, -1,
          2222, 2353, 2350, -1,
          2222, 2350, 2223, -1,
          2213, 2212, 2351, -1,
          2221, 2353, 2222, -1,
          2221, 2354, 2353, -1,
          2214, 2351, 2355, -1,
          2214, 2213, 2351, -1,
          2220, 2356, 2354, -1,
          2220, 2354, 2221, -1,
          2215, 2214, 2355, -1,
          2215, 2355, 2357, -1,
          2219, 2356, 2220, -1,
          2219, 2358, 2356, -1,
          2216, 2215, 2357, -1,
          2216, 2357, 2359, -1,
          2218, 2358, 2219, -1,
          2218, 2360, 2358, -1,
          2217, 2361, 2360, -1,
          2217, 2359, 2361, -1,
          2217, 2216, 2359, -1,
          2217, 2360, 2218, -1,
          2362, 2223, 2352, -1,
          2363, 2223, 2362, -1,
          2364, 2223, 2363, -1,
          2365, 2223, 2364, -1,
          2366, 2223, 2365, -1,
          2367, 2224, 2223, -1,
          2367, 2223, 2366, -1,
          2159, 2307, 2160, -1,
          2159, 2368, 2307, -1,
          2369, 2224, 2367, -1,
          2369, 2225, 2224, -1,
          2369, 2226, 2225, -1,
          2370, 2227, 2226, -1,
          2370, 2226, 2369, -1,
          2371, 2227, 2370, -1,
          2371, 2228, 2227, -1,
          2371, 2229, 2228, -1,
          2372, 2229, 2371, -1,
          2230, 2229, 2372, -1,
          2373, 2230, 2372, -1,
          2231, 2230, 2373, -1,
          2232, 2231, 2373, -1,
          2232, 2373, 2374, -1,
          2233, 2374, 2375, -1,
          2233, 2232, 2374, -1,
          2234, 2375, 2376, -1,
          2234, 2233, 2375, -1,
          2235, 2234, 2376, -1,
          2236, 2235, 2376, -1,
          2236, 2376, 2377, -1,
          2237, 2236, 2377, -1,
          2237, 2377, 2378, -1,
          2238, 2378, 2379, -1,
          2238, 2237, 2378, -1,
          2239, 2379, 2380, -1,
          2239, 2238, 2379, -1,
          2240, 2380, 2381, -1,
          2240, 2239, 2380, -1,
          2241, 2240, 2381, -1,
          2241, 2381, 2382, -1,
          2242, 2382, 2383, -1,
          2242, 2241, 2382, -1,
          2243, 2383, 2384, -1,
          2243, 2242, 2383, -1,
          2244, 2384, 2385, -1,
          2244, 2243, 2384, -1,
          2245, 2244, 2385, -1,
          2246, 2386, 2387, -1,
          2246, 2385, 2386, -1,
          2246, 2245, 2385, -1,
          2247, 2387, 2388, -1,
          2247, 2246, 2387, -1,
          2158, 2368, 2159, -1,
          2158, 2389, 2368, -1,
          2248, 2388, 2390, -1,
          2248, 2247, 2388, -1,
          2285, 2389, 2158, -1,
          2285, 2391, 2389, -1,
          2284, 2391, 2285, -1,
          2284, 2392, 2391, -1,
          2249, 2248, 2390, -1,
          2249, 2393, 2394, -1,
          2249, 2390, 2393, -1,
          2283, 2392, 2284, -1,
          2283, 2395, 2392, -1,
          2250, 2249, 2394, -1,
          2250, 2394, 2396, -1,
          2251, 2250, 2396, -1,
          2251, 2396, 2397, -1,
          2282, 2395, 2283, -1,
          2282, 2398, 2395, -1,
          2281, 2398, 2282, -1,
          2281, 2399, 2398, -1,
          2252, 2251, 2397, -1,
          2252, 2397, 2400, -1,
          2280, 2399, 2281, -1,
          2280, 2401, 2399, -1,
          2253, 2252, 2400, -1,
          2253, 2400, 2402, -1,
          2279, 2401, 2280, -1,
          2279, 2403, 2401, -1,
          2254, 2253, 2402, -1,
          2254, 2402, 2404, -1,
          2278, 2403, 2279, -1,
          2278, 2405, 2403, -1,
          2255, 2254, 2404, -1,
          2255, 2404, 2406, -1,
          2277, 2405, 2278, -1,
          2256, 2255, 2406, -1,
          2256, 2406, 2407, -1,
          2276, 2405, 2277, -1,
          2276, 2408, 2405, -1,
          2275, 2408, 2276, -1,
          2257, 2256, 2407, -1,
          2257, 2409, 2410, -1,
          2257, 2407, 2409, -1,
          2274, 2408, 2275, -1,
          2258, 2257, 2410, -1,
          2258, 2410, 2411, -1,
          2273, 2408, 2274, -1,
          2273, 2412, 2408, -1,
          2272, 2412, 2273, -1,
          2259, 2258, 2411, -1,
          2259, 2411, 2413, -1,
          2271, 2412, 2272, -1,
          2271, 2414, 2412, -1,
          2260, 2259, 2413, -1,
          2260, 2413, 2415, -1,
          2270, 2414, 2271, -1,
          2261, 2260, 2415, -1,
          2261, 2415, 2416, -1,
          2269, 2414, 2270, -1,
          2269, 2417, 2414, -1,
          2262, 2416, 2418, -1,
          2262, 2261, 2416, -1,
          2268, 2419, 2417, -1,
          2268, 2417, 2269, -1,
          2267, 2419, 2268, -1,
          2263, 2418, 2420, -1,
          2263, 2262, 2418, -1,
          2266, 2421, 2419, -1,
          2266, 2419, 2267, -1,
          2264, 2263, 2420, -1,
          2265, 2420, 2421, -1,
          2265, 2421, 2266, -1,
          2265, 2264, 2420, -1,
          2422, 2423, 2286, -1,
          2422, 2286, 2294, -1,
          2423, 2424, 2287, -1,
          2423, 2287, 2286, -1,
          2425, 2426, 2322, -1,
          2425, 2322, 2321, -1,
          2427, 2321, 2319, -1,
          2427, 2425, 2321, -1,
          2428, 2319, 2318, -1,
          2428, 2427, 2319, -1,
          2429, 2318, 2317, -1,
          2429, 2428, 2318, -1,
          2430, 2317, 2316, -1,
          2430, 2429, 2317, -1,
          2431, 2316, 2315, -1,
          2431, 2430, 2316, -1,
          2432, 2315, 2314, -1,
          2432, 2431, 2315, -1,
          2433, 2314, 2313, -1,
          2433, 2432, 2314, -1,
          2434, 2433, 2313, -1,
          2434, 2313, 2312, -1,
          2435, 2434, 2312, -1,
          2435, 2312, 2310, -1,
          2436, 2435, 2310, -1,
          2436, 2310, 2309, -1,
          2437, 2436, 2309, -1,
          2437, 2309, 2308, -1,
          2438, 2437, 2308, -1,
          2438, 2308, 2306, -1,
          2439, 2438, 2306, -1,
          2439, 2306, 2305, -1,
          2440, 2439, 2305, -1,
          2440, 2305, 2304, -1,
          2441, 2440, 2304, -1,
          2441, 2304, 2303, -1,
          2442, 2441, 2303, -1,
          2442, 2303, 2302, -1,
          2443, 2442, 2302, -1,
          2443, 2302, 2301, -1,
          2444, 2443, 2301, -1,
          2444, 2301, 2300, -1,
          2299, 2444, 2300, -1,
          2445, 2444, 2299, -1,
          2446, 2445, 2299, -1,
          2446, 2299, 2298, -1,
          2447, 2298, 2297, -1,
          2447, 2446, 2298, -1,
          2448, 2297, 2296, -1,
          2448, 2447, 2297, -1,
          2449, 2296, 2295, -1,
          2449, 2448, 2296, -1,
          2450, 2295, 2293, -1,
          2450, 2449, 2295, -1,
          2451, 2293, 2292, -1,
          2451, 2450, 2293, -1,
          2452, 2292, 2291, -1,
          2452, 2451, 2292, -1,
          2453, 2291, 2290, -1,
          2453, 2452, 2291, -1,
          2454, 2290, 2289, -1,
          2454, 2453, 2290, -1,
          2455, 2289, 2288, -1,
          2455, 2454, 2289, -1,
          2287, 2455, 2288, -1,
          2424, 2455, 2287, -1,
          2456, 2457, 2343, -1,
          2456, 2343, 2345, -1,
          2458, 2345, 2346, -1,
          2458, 2456, 2345, -1,
          2459, 2346, 2347, -1,
          2459, 2458, 2346, -1,
          2460, 2347, 2348, -1,
          2460, 2459, 2347, -1,
          2461, 2348, 2349, -1,
          2461, 2460, 2348, -1,
          2462, 2349, 2350, -1,
          2462, 2461, 2349, -1,
          2463, 2350, 2353, -1,
          2463, 2462, 2350, -1,
          2464, 2353, 2354, -1,
          2464, 2463, 2353, -1,
          2465, 2354, 2356, -1,
          2465, 2464, 2354, -1,
          2466, 2356, 2358, -1,
          2466, 2465, 2356, -1,
          2467, 2358, 2360, -1,
          2467, 2466, 2358, -1,
          2468, 2467, 2360, -1,
          2468, 2360, 2361, -1,
          2469, 2468, 2361, -1,
          2469, 2361, 2359, -1,
          2470, 2469, 2359, -1,
          2470, 2359, 2357, -1,
          2471, 2470, 2357, -1,
          2471, 2357, 2355, -1,
          2472, 2471, 2355, -1,
          2472, 2355, 2351, -1,
          2473, 2472, 2351, -1,
          2473, 2351, 2344, -1,
          2474, 2473, 2344, -1,
          2474, 2344, 2341, -1,
          2475, 2474, 2341, -1,
          2475, 2341, 2340, -1,
          2337, 2475, 2340, -1,
          2476, 2475, 2337, -1,
          2477, 2476, 2337, -1,
          2477, 2337, 2336, -1,
          2478, 2477, 2336, -1,
          2478, 2336, 2332, -1,
          2479, 2478, 2332, -1,
          2479, 2332, 2331, -1,
          2480, 2331, 2327, -1,
          2480, 2479, 2331, -1,
          2481, 2327, 2326, -1,
          2481, 2480, 2327, -1,
          2426, 2326, 2322, -1,
          2426, 2481, 2326, -1,
          2324, 2482, 2311, -1,
          2483, 2482, 2324, -1,
          2329, 2483, 2324, -1,
          2484, 2483, 2329, -1,
          2330, 2484, 2329, -1,
          2485, 2484, 2330, -1,
          2334, 2485, 2330, -1,
          2486, 2485, 2334, -1,
          2335, 2486, 2334, -1,
          2487, 2486, 2335, -1,
          2339, 2487, 2335, -1,
          2488, 2487, 2339, -1,
          2343, 2488, 2339, -1,
          2457, 2488, 2343, -1,
          2482, 2422, 2294, -1,
          2482, 2294, 2311, -1,
          2489, 2490, 2307, -1,
          2489, 2307, 2368, -1,
          2490, 2491, 2320, -1,
          2490, 2320, 2307, -1,
          2492, 2493, 2388, -1,
          2492, 2388, 2387, -1,
          2494, 2387, 2386, -1,
          2494, 2492, 2387, -1,
          2495, 2386, 2385, -1,
          2495, 2494, 2386, -1,
          2496, 2385, 2384, -1,
          2496, 2495, 2385, -1,
          2497, 2384, 2383, -1,
          2497, 2496, 2384, -1,
          2498, 2383, 2382, -1,
          2498, 2497, 2383, -1,
          2499, 2382, 2381, -1,
          2499, 2498, 2382, -1,
          2500, 2499, 2381, -1,
          2500, 2381, 2380, -1,
          2501, 2500, 2380, -1,
          2501, 2380, 2379, -1,
          2502, 2501, 2379, -1,
          2502, 2379, 2378, -1,
          2503, 2502, 2378, -1,
          2503, 2378, 2377, -1,
          2504, 2503, 2377, -1,
          2504, 2377, 2376, -1,
          2505, 2504, 2376, -1,
          2505, 2376, 2375, -1,
          2506, 2505, 2375, -1,
          2506, 2375, 2374, -1,
          2507, 2506, 2374, -1,
          2507, 2374, 2373, -1,
          2508, 2507, 2373, -1,
          2508, 2373, 2372, -1,
          2509, 2508, 2372, -1,
          2509, 2372, 2371, -1,
          2510, 2509, 2371, -1,
          2510, 2371, 2370, -1,
          2511, 2510, 2370, -1,
          2511, 2370, 2369, -1,
          2512, 2511, 2369, -1,
          2512, 2369, 2367, -1,
          2513, 2512, 2367, -1,
          2513, 2367, 2366, -1,
          2514, 2366, 2365, -1,
          2514, 2513, 2366, -1,
          2515, 2365, 2364, -1,
          2515, 2514, 2365, -1,
          2516, 2364, 2363, -1,
          2516, 2515, 2364, -1,
          2517, 2363, 2362, -1,
          2517, 2516, 2363, -1,
          2518, 2362, 2352, -1,
          2518, 2517, 2362, -1,
          2519, 2352, 2342, -1,
          2519, 2518, 2352, -1,
          2520, 2342, 2338, -1,
          2520, 2519, 2342, -1,
          2521, 2338, 2333, -1,
          2521, 2520, 2338, -1,
          2522, 2333, 2328, -1,
          2522, 2521, 2333, -1,
          2523, 2328, 2325, -1,
          2523, 2522, 2328, -1,
          2323, 2523, 2325, -1,
          2524, 2523, 2323, -1,
          2320, 2524, 2323, -1,
          2491, 2524, 2320, -1,
          2412, 2525, 2408, -1,
          2526, 2525, 2412, -1,
          2414, 2526, 2412, -1,
          2527, 2526, 2414, -1,
          2417, 2527, 2414, -1,
          2528, 2527, 2417, -1,
          2419, 2528, 2417, -1,
          2529, 2528, 2419, -1,
          2421, 2529, 2419, -1,
          2530, 2529, 2421, -1,
          2420, 2530, 2421, -1,
          2531, 2530, 2420, -1,
          2418, 2531, 2420, -1,
          2532, 2531, 2418, -1,
          2416, 2532, 2418, -1,
          2533, 2532, 2416, -1,
          2415, 2533, 2416, -1,
          2534, 2533, 2415, -1,
          2413, 2534, 2415, -1,
          2535, 2534, 2413, -1,
          2411, 2535, 2413, -1,
          2536, 2535, 2411, -1,
          2410, 2536, 2411, -1,
          2537, 2536, 2410, -1,
          2409, 2537, 2410, -1,
          2538, 2537, 2409, -1,
          2407, 2538, 2409, -1,
          2539, 2538, 2407, -1,
          2406, 2539, 2407, -1,
          2540, 2539, 2406, -1,
          2404, 2540, 2406, -1,
          2541, 2540, 2404, -1,
          2402, 2541, 2404, -1,
          2542, 2541, 2402, -1,
          2400, 2542, 2402, -1,
          2543, 2542, 2400, -1,
          2397, 2543, 2400, -1,
          2544, 2543, 2397, -1,
          2396, 2544, 2397, -1,
          2545, 2544, 2396, -1,
          2394, 2545, 2396, -1,
          2546, 2545, 2394, -1,
          2393, 2546, 2394, -1,
          2547, 2546, 2393, -1,
          2390, 2547, 2393, -1,
          2548, 2547, 2390, -1,
          2388, 2548, 2390, -1,
          2493, 2548, 2388, -1,
          2391, 2549, 2389, -1,
          2550, 2549, 2391, -1,
          2392, 2550, 2391, -1,
          2551, 2550, 2392, -1,
          2395, 2551, 2392, -1,
          2552, 2551, 2395, -1,
          2398, 2552, 2395, -1,
          2553, 2552, 2398, -1,
          2399, 2553, 2398, -1,
          2554, 2553, 2399, -1,
          2401, 2554, 2399, -1,
          2555, 2554, 2401, -1,
          2403, 2555, 2401, -1,
          2556, 2555, 2403, -1,
          2405, 2556, 2403, -1,
          2557, 2556, 2405, -1,
          2408, 2557, 2405, -1,
          2525, 2557, 2408, -1,
          2549, 2489, 2368, -1,
          2549, 2368, 2389, -1,
          2466, 2467, 2465, -1,
          2467, 2468, 2465, -1,
          2468, 2469, 2465, -1,
          2469, 2470, 2465, -1,
          2465, 2471, 2464, -1,
          2470, 2471, 2465, -1,
          2471, 2472, 2464, -1,
          2464, 2473, 2463, -1,
          2472, 2473, 2464, -1,
          2461, 2459, 2460, -1,
          2462, 2458, 2461, -1,
          2461, 2458, 2459, -1,
          2473, 2474, 2463, -1,
          2463, 2475, 2462, -1,
          2474, 2475, 2463, -1,
          2475, 2476, 2462, -1,
          2458, 2476, 2456, -1,
          2462, 2476, 2458, -1,
          2456, 2488, 2457, -1,
          2476, 2477, 2456, -1,
          2456, 2478, 2488, -1,
          2477, 2478, 2456, -1,
          2478, 2479, 2488, -1,
          2479, 2480, 2488, -1,
          2486, 2480, 2485, -1,
          2487, 2480, 2486, -1,
          2488, 2480, 2487, -1,
          2480, 2481, 2485, -1,
          2485, 2481, 2484, -1,
          2481, 2426, 2484, -1,
          2426, 2425, 2484, -1,
          2442, 2443, 2441, -1,
          2443, 2444, 2441, -1,
          2441, 2445, 2440, -1,
          2444, 2445, 2441, -1,
          2440, 2446, 2439, -1,
          2445, 2446, 2440, -1,
          2439, 2447, 2438, -1,
          2446, 2447, 2439, -1,
          2447, 2448, 2438, -1,
          2449, 2450, 2448, -1,
          2435, 2451, 2434, -1,
          2436, 2451, 2435, -1,
          2437, 2451, 2436, -1,
          2438, 2451, 2437, -1,
          2450, 2451, 2448, -1,
          2448, 2451, 2438, -1,
          2430, 2452, 2429, -1,
          2431, 2452, 2430, -1,
          2432, 2452, 2431, -1,
          2433, 2452, 2432, -1,
          2434, 2452, 2433, -1,
          2451, 2452, 2434, -1,
          2427, 2453, 2425, -1,
          2428, 2453, 2427, -1,
          2429, 2453, 2428, -1,
          2452, 2453, 2429, -1,
          2425, 2454, 2484, -1,
          2484, 2454, 2483, -1,
          2453, 2454, 2425, -1,
          2483, 2455, 2482, -1,
          2454, 2455, 2483, -1,
          2455, 2424, 2482, -1,
          2482, 2424, 2422, -1,
          2424, 2423, 2422, -1,
          1677, 1675, 1676, -1,
          1678, 1675, 1677, -1,
          1678, 1674, 1675, -1,
          1671, 1668, 1670, -1,
          1672, 1668, 1671, -1,
          1673, 1668, 1672, -1,
          1674, 1668, 1673, -1,
          1678, 1669, 1674, -1,
          1674, 1669, 1668, -1,
          1679, 1734, 1678, -1,
          1678, 1734, 1669, -1,
          1734, 1731, 1733, -1,
          1733, 1731, 1732, -1,
          1680, 1730, 1679, -1,
          1679, 1730, 1734, -1,
          1734, 1730, 1731, -1,
          1680, 1729, 1730, -1,
          1728, 1726, 1727, -1,
          1728, 1725, 1726, -1,
          1729, 1725, 1728, -1,
          1680, 1724, 1729, -1,
          1729, 1724, 1725, -1,
          1681, 1724, 1680, -1,
          1681, 1723, 1724, -1,
          1682, 1723, 1681, -1,
          1682, 1722, 1723, -1,
          1682, 1721, 1722, -1,
          1682, 1720, 1721, -1,
          1683, 1720, 1682, -1,
          1683, 1719, 1720, -1,
          1684, 1719, 1683, -1,
          1685, 1718, 1684, -1,
          1684, 1718, 1719, -1,
          1685, 1717, 1718, -1,
          1686, 1717, 1685, -1,
          1686, 1716, 1717, -1,
          1686, 1715, 1716, -1,
          1687, 1715, 1686, -1,
          1688, 1714, 1687, -1,
          1687, 1714, 1715, -1,
          1688, 1713, 1714, -1,
          1689, 1713, 1688, -1,
          1689, 1712, 1713, -1,
          1690, 1712, 1689, -1,
          1690, 1711, 1712, -1,
          1691, 1711, 1690, -1,
          1692, 1710, 1691, -1,
          1691, 1710, 1711, -1,
          1692, 1709, 1710, -1,
          1693, 1709, 1692, -1,
          1694, 1709, 1693, -1,
          1695, 1708, 1694, -1,
          1694, 1708, 1709, -1,
          1695, 1707, 1708, -1,
          1696, 1707, 1695, -1,
          1697, 1706, 1696, -1,
          1696, 1706, 1707, -1,
          1698, 1705, 1697, -1,
          1697, 1705, 1706, -1,
          1699, 1705, 1698, -1,
          1700, 1704, 1699, -1,
          1699, 1704, 1705, -1,
          1701, 1703, 1700, -1,
          1702, 1703, 1701, -1,
          1700, 1703, 1704, -1,
          1635, 1633, 1702, -1,
          1702, 1633, 1703, -1,
          1634, 1632, 1635, -1,
          1635, 1632, 1633, -1,
          1636, 1631, 1634, -1,
          1634, 1631, 1632, -1,
          1636, 1630, 1631, -1,
          1637, 1630, 1636, -1,
          1637, 1629, 1630, -1,
          1638, 1628, 1637, -1,
          1637, 1628, 1629, -1,
          1639, 1627, 1638, -1,
          1638, 1627, 1628, -1,
          1663, 1666, 1662, -1,
          1664, 1666, 1663, -1,
          1665, 1666, 1664, -1,
          1639, 1626, 1627, -1,
          1659, 1667, 1658, -1,
          1660, 1667, 1659, -1,
          1661, 1667, 1660, -1,
          1662, 1667, 1661, -1,
          1666, 1667, 1662, -1,
          1640, 1625, 1639, -1,
          1639, 1625, 1626, -1,
          1641, 1624, 1640, -1,
          1640, 1624, 1625, -1,
          1642, 1623, 1641, -1,
          1641, 1623, 1624, -1,
          1643, 1622, 1642, -1,
          1642, 1622, 1623, -1,
          1601, 1602, 1600, -1,
          1644, 1621, 1643, -1,
          1643, 1621, 1622, -1,
          1602, 1603, 1600, -1,
          1645, 1620, 1644, -1,
          1644, 1620, 1621, -1,
          1603, 1604, 1600, -1,
          1646, 1619, 1645, -1,
          1645, 1619, 1620, -1,
          1600, 1605, 1599, -1,
          1599, 1605, 1667, -1,
          1604, 1605, 1600, -1,
          1647, 1618, 1646, -1,
          1646, 1618, 1619, -1,
          1647, 1617, 1618, -1,
          1648, 1617, 1647, -1,
          1649, 1617, 1648, -1,
          1607, 1608, 1606, -1,
          1649, 1616, 1617, -1,
          1650, 1616, 1649, -1,
          1606, 1609, 1605, -1,
          1605, 1609, 1667, -1,
          1608, 1609, 1606, -1,
          1651, 1615, 1650, -1,
          1652, 1615, 1651, -1,
          1650, 1615, 1616, -1,
          1609, 1610, 1667, -1,
          1653, 1614, 1652, -1,
          1652, 1614, 1615, -1,
          1610, 1611, 1667, -1,
          1654, 1613, 1653, -1,
          1655, 1613, 1654, -1,
          1653, 1613, 1614, -1,
          1655, 1612, 1613, -1,
          1667, 1612, 1658, -1,
          1656, 1612, 1655, -1,
          1657, 1612, 1656, -1,
          1658, 1612, 1657, -1,
          1611, 1612, 1667, -1,
          2533, 2534, 2532, -1,
          2532, 2535, 2531, -1,
          2534, 2535, 2532, -1,
          2535, 2536, 2531, -1,
          2529, 2527, 2528, -1,
          2530, 2526, 2529, -1,
          2531, 2526, 2530, -1,
          2537, 2526, 2536, -1,
          2538, 2526, 2537, -1,
          2529, 2526, 2527, -1,
          2536, 2526, 2531, -1,
          2538, 2539, 2526, -1,
          2539, 2557, 2526, -1,
          2526, 2557, 2525, -1,
          2540, 2557, 2539, -1,
          2540, 2556, 2557, -1,
          2540, 2554, 2556, -1,
          2541, 2554, 2540, -1,
          2556, 2554, 2555, -1,
          2541, 2553, 2554, -1,
          2542, 2553, 2541, -1,
          2543, 2553, 2542, -1,
          2544, 2553, 2543, -1,
          2544, 2545, 2553, -1,
          2545, 2552, 2553, -1,
          2546, 2552, 2545, -1,
          2546, 2547, 2552, -1,
          2547, 2548, 2552, -1,
          2552, 2548, 2551, -1,
          2508, 2510, 2507, -1,
          2509, 2510, 2508, -1,
          2507, 2511, 2506, -1,
          2510, 2511, 2507, -1,
          2511, 2512, 2506, -1,
          2513, 2515, 2512, -1,
          2514, 2515, 2513, -1,
          2506, 2516, 2505, -1,
          2515, 2516, 2512, -1,
          2512, 2516, 2506, -1,
          2517, 2518, 2516, -1,
          2499, 2519, 2498, -1,
          2500, 2519, 2499, -1,
          2501, 2519, 2500, -1,
          2502, 2519, 2501, -1,
          2503, 2519, 2502, -1,
          2504, 2519, 2503, -1,
          2505, 2519, 2504, -1,
          2516, 2519, 2505, -1,
          2518, 2519, 2516, -1,
          2495, 2520, 2494, -1,
          2496, 2520, 2495, -1,
          2497, 2520, 2496, -1,
          2498, 2520, 2497, -1,
          2519, 2520, 2498, -1,
          2494, 2521, 2492, -1,
          2520, 2521, 2494, -1,
          2492, 2522, 2493, -1,
          2548, 2522, 2551, -1,
          2493, 2522, 2548, -1,
          2551, 2522, 2550, -1,
          2521, 2522, 2492, -1,
          2550, 2523, 2549, -1,
          2522, 2523, 2550, -1,
          2523, 2524, 2549, -1,
          2524, 2491, 2549, -1,
          2549, 2491, 2489, -1,
          2491, 2490, 2489, -1
        ]
      }
    }
}
