#VRML V2.0 utf8
WorldInfo {
  title "Exported triangle mesh to VRML97"
  info ["Created by FreeCAD"
        "<https://www.freecad.org>"]
}

Transform {
  scale 1 1 1
  rotation 0 0 1 0
  scaleOrientation 0 0 1 0
  center 0.000 0.000 0.000
  translation 0.000 0.000 0.000
  children
    Shape { 
      appearance
      Appearance {
        material
        Material {
          diffuseColor 0.8 0.8 0.8
        }
      }
      geometry
      IndexedFaceSet {
        coord
        Coordinate {
          point [
            0.000 12.700 0.362,
            0.564 12.687 0.362,
            0.000 12.559 0.220,
            0.581 12.545 0.220,
            0.942 12.523 0.220,
            1.128 12.650 0.362,
            1.318 12.489 0.220,
            1.539 12.606 0.361,
            1.692 12.444 0.219,
            1.962 12.547 0.361,
            2.079 12.385 0.219,
            2.384 12.474 0.360,
            2.480 12.311 0.218,
            2.791 12.390 0.359,
            2.895 12.220 0.217,
            3.181 12.295 0.358,
            3.324 12.111 0.217,
            3.568 12.189 0.357,
            3.767 11.980 0.215,
            3.950 12.070 0.356,
            4.328 11.940 0.355,
            4.224 11.827 0.214,
            4.702 11.798 0.354,
            4.693 11.649 0.212,
            5.071 11.643 0.353,
            5.174 11.443 0.211,
            5.437 11.477 0.351,
            5.798 11.299 0.349,
            5.666 11.208 0.209,
            6.154 11.109 0.348,
            6.168 10.940 0.206,
            6.505 10.907 0.346,
            6.850 10.694 0.344,
            6.677 10.637 0.204,
            7.187 10.471 0.342,
            7.192 10.296 0.201,
            7.517 10.236 0.340,
            7.840 9.991 0.338,
            7.658 9.954 0.198,
            8.155 9.736 0.336,
            8.079 9.615 0.195,
            8.461 9.471 0.333,
            8.498 9.247 0.192,
            8.759 9.196 0.331,
            9.048 8.912 0.328,
            8.913 8.847 0.188,
            9.327 8.619 0.326,
            9.323 8.415 0.184,
            9.598 8.317 0.323,
            9.858 8.007 0.320,
            9.723 7.949 0.180,
            10.108 7.688 0.318,
            10.073 7.500 0.176,
            10.348 7.362 0.315,
            10.578 7.028 0.312,
            10.378 7.073 0.173,
            10.797 6.687 0.309,
            10.671 6.622 0.169,
            11.005 6.339 0.306,
            11.201 5.985 0.302,
            10.951 6.148 0.164,
            11.387 5.624 0.299,
            11.215 5.652 0.160,
            11.560 5.258 0.296,
            11.462 5.133 0.156,
            11.722 4.887 0.293,
            11.872 4.511 0.289,
            11.689 4.593 0.151,
            11.894 4.031 0.146,
            12.010 4.130 0.286,
            12.135 3.744 0.282,
            12.076 3.450 0.141,
            12.249 3.355 0.279,
            12.231 2.851 0.136,
            12.349 2.963 0.275,
            12.438 2.568 0.272,
            12.347 2.297 0.131,
            12.513 2.170 0.268,
            12.431 1.788 0.126,
            12.576 1.770 0.265,
            12.626 1.368 0.262,
            12.495 1.269 0.122,
            12.663 0.964 0.258,
            12.537 0.742 0.117,
            12.688 0.560 0.255,
            12.557 0.206 0.113,
            12.697 0.280 0.252,
            12.700 -0.000 0.250,
            12.688 -0.563 0.245,
            12.554 -0.334 0.108,
            12.650 -1.124 0.240,
            12.529 -0.868 0.103,
            12.588 -1.684 0.235,
            12.481 -1.393 0.099,
            12.413 -1.910 0.094,
            12.501 -2.240 0.230,
            12.324 -2.417 0.090,
            12.389 -2.792 0.225,
            12.217 -2.913 0.085,
            12.253 -3.338 0.220,
            12.090 -3.398 0.081,
            12.093 -3.878 0.215,
            11.947 -3.872 0.077,
            11.910 -4.410 0.211,
            11.788 -4.333 0.073,
            11.703 -4.933 0.206,
            11.614 -4.780 0.069,
            11.473 -5.446 0.202,
            11.426 -5.214 0.065,
            11.225 -5.633 0.062,
            11.220 -5.949 0.197,
            11.012 -6.037 0.058,
            10.946 -6.441 0.193,
            10.790 -6.427 0.055,
            10.649 -6.920 0.189,
            10.558 -6.802 0.051,
            10.332 -7.385 0.185,
            10.317 -7.161 0.048,
            10.069 -7.506 0.045,
            9.994 -7.836 0.181,
            9.815 -7.835 0.042,
            9.638 -8.271 0.177,
            9.555 -8.150 0.040,
            9.291 -8.450 0.037,
            9.262 -8.689 0.173,
            9.023 -8.736 0.035,
            8.868 -9.091 0.170,
            8.752 -9.007 0.032,
            8.478 -9.265 0.030,
            8.457 -9.474 0.166,
            8.203 -9.509 0.028,
            8.029 -9.840 0.163,
            7.928 -9.740 0.026,
            7.652 -9.958 0.024,
            7.585 -10.185 0.160,
            7.284 -10.230 0.022,
            7.126 -10.511 0.157,
            6.873 -10.511 0.019,
            6.653 -10.817 0.154,
            6.465 -10.767 0.017,
            6.168 -11.101 0.152,
            6.061 -10.999 0.015,
            5.662 -11.210 0.013,
            5.670 -11.364 0.150,
            5.269 -11.400 0.011,
            5.161 -11.604 0.148,
            4.882 -11.571 0.010,
            4.642 -11.821 0.146,
            4.503 -11.723 0.009,
            4.114 -12.015 0.144,
            4.132 -11.859 0.007,
            3.769 -11.980 0.006,
            3.577 -12.186 0.142,
            3.415 -12.085 0.005,
            3.034 -12.332 0.141,
            3.069 -12.178 0.005,
            2.733 -12.258 0.004,
            2.484 -12.455 0.140,
            2.298 -12.347 0.003,
            1.930 -12.552 0.139,
            1.885 -12.416 0.002,
            1.537 -12.464 0.002,
            1.372 -12.626 0.139,
            1.090 -12.511 0.002,
            0.812 -12.674 0.138,
            0.723 -12.538 0.001,
            0.406 -12.693 0.138,
            0.353 -12.554 0.001,
            -0.000 -12.700 0.138,
            -0.000 -12.559 0.001,
            -12.484 0.623 5.000,
            -12.700 0.000 4.800,
            -12.500 0.000 5.000,
            -12.684 0.633 4.800,
            -12.438 1.245 5.000,
            -12.637 1.265 4.800,
            -12.360 1.863 5.000,
            -12.558 1.893 4.800,
            -12.252 2.477 5.000,
            -12.448 2.516 4.800,
            -12.113 3.084 5.000,
            -12.307 3.134 4.800,
            -11.945 3.684 5.000,
            -12.136 3.743 4.800,
            -11.746 4.275 5.000,
            -11.934 4.344 4.800,
            -11.518 4.855 5.000,
            -11.703 4.933 4.800,
            -11.262 5.424 5.000,
            -11.442 5.510 4.800,
            -10.978 5.978 5.000,
            -11.153 6.074 4.800,
            -10.666 6.518 5.000,
            -10.837 6.622 4.800,
            -10.328 7.042 5.000,
            -10.493 7.154 4.800,
            -9.964 7.548 5.000,
            -10.124 7.668 4.800,
            -9.576 8.035 5.000,
            -9.729 8.163 4.800,
            -9.163 8.502 5.000,
            -9.310 8.638 4.800,
            -8.728 8.948 5.000,
            -8.868 9.092 4.800,
            -8.271 9.372 5.000,
            -8.403 9.522 4.800,
            -7.794 9.773 5.000,
            -7.918 9.929 4.800,
            -7.297 10.149 5.000,
            -7.414 10.312 4.800,
            -6.782 10.500 5.000,
            -6.890 10.668 4.800,
            -6.250 10.825 5.000,
            -6.350 10.999 4.800,
            -5.794 11.301 4.800,
            -5.703 11.123 5.000,
            -5.141 11.394 5.000,
            -5.223 11.576 4.800,
            -4.640 11.822 4.800,
            -4.567 11.636 5.000,
            -3.981 11.849 5.000,
            -4.045 12.039 4.800,
            -3.386 12.033 5.000,
            -3.440 12.225 4.800,
            -2.782 12.187 5.000,
            -2.826 12.382 4.800,
            -2.171 12.310 5.000,
            -2.205 12.507 4.800,
            -1.554 12.403 5.000,
            -1.579 12.601 4.800,
            -0.934 12.465 5.000,
            -0.949 12.664 4.800,
            -0.312 12.496 5.000,
            -0.317 12.696 4.800,
            0.312 12.496 5.000,
            0.317 12.696 4.800,
            0.934 12.465 5.000,
            0.949 12.664 4.800,
            1.554 12.403 5.000,
            1.579 12.601 4.800,
            2.171 12.310 5.000,
            2.205 12.507 4.800,
            2.782 12.187 5.000,
            2.826 12.382 4.800,
            3.386 12.033 5.000,
            3.440 12.225 4.800,
            3.981 11.849 5.000,
            4.045 12.039 4.800,
            4.567 11.636 5.000,
            4.640 11.822 4.800,
            5.223 11.576 4.800,
            5.141 11.394 5.000,
            5.794 11.301 4.800,
            5.703 11.123 5.000,
            6.250 10.825 5.000,
            6.350 10.999 4.800,
            6.782 10.500 5.000,
            6.890 10.668 4.800,
            7.414 10.312 4.800,
            7.297 10.149 5.000,
            7.794 9.773 5.000,
            7.918 9.929 4.800,
            8.271 9.372 5.000,
            8.403 9.522 4.800,
            8.868 9.092 4.800,
            8.728 8.948 5.000,
            9.163 8.502 5.000,
            9.310 8.638 4.800,
            9.729 8.163 4.800,
            9.576 8.035 5.000,
            9.964 7.548 5.000,
            10.124 7.668 4.800,
            10.493 7.154 4.800,
            10.328 7.042 5.000,
            10.666 6.518 5.000,
            10.837 6.622 4.800,
            10.978 5.978 5.000,
            11.153 6.074 4.800,
            11.442 5.510 4.800,
            11.262 5.424 5.000,
            11.518 4.855 5.000,
            11.703 4.933 4.800,
            11.746 4.275 5.000,
            11.934 4.344 4.800,
            12.136 3.743 4.800,
            11.945 3.684 5.000,
            12.113 3.084 5.000,
            12.307 3.134 4.800,
            12.252 2.477 5.000,
            12.448 2.516 4.800,
            12.360 1.863 5.000,
            12.558 1.893 4.800,
            12.438 1.245 5.000,
            12.637 1.265 4.800,
            12.484 0.623 5.000,
            12.684 0.633 4.800,
            12.500 0.000 5.000,
            12.700 0.000 4.800,
            -12.688 0.562 0.255,
            -12.700 0.000 0.250,
            -12.650 1.123 0.259,
            -12.588 1.683 0.264,
            -12.501 2.239 0.269,
            -12.390 2.791 0.274,
            -12.254 3.337 0.279,
            -12.094 3.877 0.284,
            -11.910 4.409 0.288,
            -11.703 4.933 0.293,
            -11.473 5.447 0.298,
            -11.220 5.950 0.302,
            -10.946 6.441 0.306,
            -10.650 6.919 0.311,
            -10.334 7.383 0.315,
            -9.996 7.833 0.319,
            -9.639 8.269 0.323,
            -9.263 8.688 0.326,
            -8.869 9.090 0.330,
            -8.458 9.474 0.333,
            -8.029 9.840 0.337,
            -7.586 10.186 0.340,
            -7.127 10.511 0.343,
            -6.656 10.816 0.345,
            -6.171 11.100 0.348,
            -5.674 11.362 0.350,
            -5.168 11.601 0.352,
            -4.655 11.816 0.354,
            -4.133 12.009 0.356,
            -3.604 12.178 0.357,
            -3.067 12.324 0.359,
            -2.522 12.447 0.360,
            -1.970 12.546 0.361,
            -1.413 12.621 0.361,
            -1.002 12.660 0.362,
            -0.585 12.687 0.362,
            -0.292 12.697 0.362,
            11.927 4.363 3.310,
            11.943 4.320 3.310,
            11.777 4.753 1.584,
            11.958 4.277 3.310,
            11.777 4.753 1.480,
            11.973 4.234 3.310,
            11.808 4.675 1.543,
            11.834 4.610 1.506,
            11.830 4.618 1.344,
            11.855 4.556 1.471,
            11.870 4.515 1.444,
            11.885 4.476 1.416,
            11.898 4.442 1.389,
            11.907 4.418 1.369,
            11.915 4.395 1.348,
            11.860 4.541 1.258,
            11.874 4.506 1.216,
            11.890 4.462 1.158,
            11.904 4.425 1.105,
            11.916 4.394 1.055,
            11.926 4.365 1.004,
            11.933 4.347 0.969,
            11.941 4.324 0.920,
            12.006 4.140 1.394,
            11.973 4.234 1.317,
            12.031 4.068 1.449,
            12.041 4.037 1.470,
            12.059 3.984 1.502,
            12.106 3.838 1.581,
            11.976 4.226 1.003,
            11.983 4.207 1.038,
            11.991 4.183 1.076,
            12.000 4.157 1.116,
            12.010 4.131 1.154,
            12.018 4.104 1.190,
            12.027 4.079 1.222,
            12.042 4.036 1.272,
            12.057 3.990 1.324,
            11.948 4.304 0.920,
            11.955 4.284 0.920,
            11.962 4.265 0.920,
            11.972 4.237 0.980,
            12.304 3.146 3.500,
            12.318 3.093 3.500,
            12.331 3.040 3.500,
            12.344 2.986 3.500,
            12.348 2.969 3.468,
            12.081 3.918 1.400,
            12.106 3.838 1.478,
            12.358 2.928 3.399,
            12.354 2.944 3.424,
            12.351 2.956 3.443,
            12.364 2.900 3.362,
            12.372 2.869 3.324,
            12.380 2.831 3.283,
            12.390 2.787 3.238,
            12.401 2.741 3.196,
            12.304 3.146 1.500,
            12.411 2.693 3.156,
            12.422 2.642 3.118,
            12.433 2.591 3.083,
            12.442 2.545 3.054,
            12.365 2.897 1.500,
            12.365 2.897 3.058,
            12.375 2.853 3.016,
            12.383 2.822 2.989,
            12.391 2.786 2.961,
            12.398 2.751 2.935,
            12.410 2.700 2.900,
            12.423 2.639 2.862,
            12.435 2.581 2.829,
            12.442 2.545 2.809,
            12.462 2.446 3.000,
            12.451 2.501 2.788,
            12.325 3.064 1.500,
            12.345 2.980 1.500,
            12.457 2.474 2.776,
            12.462 2.446 2.764,
            12.594 1.636 3.500,
            12.601 1.582 3.500,
            12.608 1.527 3.500,
            12.614 1.473 3.500,
            12.616 1.456 3.468,
            12.618 1.441 3.443,
            12.619 1.430 3.424,
            12.621 1.413 3.399,
            12.624 1.385 3.362,
            12.628 1.353 3.324,
            12.632 1.315 3.283,
            12.636 1.270 3.238,
            12.641 1.222 3.196,
            12.594 1.636 1.500,
            12.646 1.173 3.156,
            12.650 1.122 3.118,
            12.655 1.070 3.083,
            12.659 1.023 3.054,
            12.605 1.552 1.500,
            12.625 1.382 1.500,
            12.625 1.382 3.058,
            12.630 1.336 3.016,
            12.633 1.305 2.989,
            12.637 1.268 2.961,
            12.640 1.233 2.935,
            12.645 1.180 2.900,
            12.651 1.118 2.862,
            12.656 1.060 2.829,
            12.659 1.023 2.809,
            12.666 0.922 3.000,
            12.662 0.978 2.788,
            12.615 1.467 1.500,
            12.694 0.385 3.500,
            12.666 0.922 2.764,
            12.697 0.291 3.500,
            12.698 0.197 3.500,
            12.700 0.103 3.500,
            12.664 0.951 2.776,
            12.694 0.385 1.500,
            12.700 0.000 2.167,
            12.700 0.103 2.008,
            12.697 0.285 1.500,
            12.699 0.186 1.500,
            12.700 0.087 1.500,
            12.700 0.000 1.635,
            11.927 4.363 1.317,
            12.684 -0.633 4.800,
            12.671 -0.855 3.500,
            12.664 -0.954 3.500,
            12.637 -1.265 4.800,
            12.656 -1.053 3.500,
            12.648 -1.152 3.500,
            12.670 -0.871 1.500,
            12.598 -1.603 3.064,
            12.598 -1.608 3.085,
            12.597 -1.614 3.105,
            12.599 -1.598 3.041,
            12.596 -1.621 3.126,
            12.600 -1.594 3.020,
            12.595 -1.629 3.146,
            12.600 -1.591 2.998,
            12.594 -1.637 3.165,
            12.593 -1.646 3.185,
            12.600 -1.588 2.969,
            12.592 -1.656 3.204,
            12.601 -1.586 2.936,
            12.590 -1.666 3.223,
            12.589 -1.678 3.241,
            12.587 -1.690 3.259,
            12.558 -1.893 4.800,
            12.585 -1.702 3.277,
            12.584 -1.716 3.294,
            12.582 -1.729 3.310,
            12.580 -1.744 3.326,
            12.577 -1.760 3.342,
            12.575 -1.778 3.358,
            12.573 -1.794 3.370,
            12.570 -1.810 3.383,
            12.568 -1.828 3.396,
            12.565 -1.847 3.408,
            12.562 -1.867 3.420,
            12.605 -1.549 2.192,
            12.604 -1.555 2.215,
            12.604 -1.561 2.233,
            12.606 -1.543 2.167,
            12.559 -1.885 3.430,
            12.603 -1.569 2.255,
            12.606 -1.540 2.147,
            12.602 -1.577 2.275,
            12.607 -1.538 2.124,
            12.648 -1.152 1.500,
            12.600 -1.587 2.296,
            12.607 -1.536 2.097,
            12.599 -1.598 2.317,
            12.607 -1.535 2.068,
            12.597 -1.611 2.337,
            12.555 -1.913 3.444,
            12.596 -1.624 2.357,
            12.607 -1.537 2.019,
            12.594 -1.637 2.375,
            12.606 -1.539 1.998,
            12.592 -1.650 2.389,
            12.589 -1.679 2.936,
            12.606 -1.542 1.977,
            12.551 -1.943 3.457,
            12.590 -1.665 2.406,
            12.606 -1.546 1.955,
            12.588 -1.681 2.423,
            12.605 -1.552 1.932,
            12.546 -1.973 3.469,
            12.585 -1.702 2.441,
            12.604 -1.559 1.907,
            12.603 -1.566 1.886,
            12.663 -0.965 1.500,
            12.656 -1.059 1.500,
            12.582 -1.726 2.461,
            12.561 -1.871 2.980,
            12.561 -1.876 3.005,
            12.560 -1.882 3.026,
            12.540 -2.008 3.481,
            12.602 -1.575 1.864,
            12.579 -1.750 2.479,
            12.576 -1.772 2.936,
            12.601 -1.584 1.843,
            12.575 -1.774 2.495,
            12.534 -2.048 3.493,
            12.572 -1.800 2.511,
            12.568 -1.829 2.527,
            12.562 -1.865 2.936,
            12.526 -2.093 3.504,
            12.560 -1.878 2.551,
            12.518 -2.140 3.512,
            12.553 -1.927 2.571,
            12.559 -1.888 3.047,
            12.558 -1.894 3.064,
            12.557 -1.902 3.083,
            12.556 -1.910 3.100,
            12.510 -2.188 3.519,
            12.569 -1.816 2.088,
            12.569 -1.819 2.105,
            12.569 -1.821 2.118,
            12.569 -1.816 2.024,
            12.570 -1.814 2.054,
            12.504 -2.222 3.522,
            12.448 -2.516 4.800,
            12.545 -1.977 2.589,
            12.554 -1.919 3.117,
            12.553 -1.929 3.133,
            12.551 -1.939 3.149,
            12.549 -1.950 3.163,
            12.547 -1.963 3.178,
            12.545 -1.977 3.192,
            12.543 -1.991 3.204,
            12.541 -2.002 3.213,
            12.540 -2.011 3.220,
            12.538 -2.021 3.227,
            12.569 -1.819 2.001,
            12.569 -1.817 2.013,
            12.569 -1.821 1.990,
            12.568 -1.824 2.130,
            12.568 -1.824 1.977,
            12.568 -1.827 2.142,
            12.568 -1.829 1.962,
            12.567 -1.832 2.153,
            12.567 -1.835 1.944,
            12.567 -1.836 2.164,
            12.566 -1.840 2.173,
            12.566 -1.842 1.926,
            12.565 -1.845 2.183,
            12.564 -1.850 1.910,
            12.564 -1.855 2.200,
            12.563 -1.860 1.893,
            12.562 -1.866 2.214,
            12.562 -1.870 1.876,
            12.561 -1.875 2.226,
            12.487 -2.318 3.526,
            12.560 -1.880 1.862,
            12.559 -1.885 2.236,
            12.558 -1.891 1.848,
            12.558 -1.894 2.245,
            12.557 -1.903 2.254,
            12.522 -2.118 2.632,
            12.536 -2.037 3.236,
            12.533 -2.052 3.244,
            12.531 -2.066 3.251,
            12.528 -2.080 3.257,
            12.525 -2.100 3.264,
            12.522 -2.120 3.271,
            12.518 -2.145 3.277,
            12.514 -2.168 3.283,
            12.509 -2.194 3.287,
            12.504 -2.221 3.291,
            12.556 -1.905 1.833,
            12.554 -1.918 2.266,
            12.476 -2.375 3.524,
            12.554 -1.918 1.820,
            12.552 -1.934 2.277,
            12.552 -1.933 1.807,
            12.550 -1.948 2.285,
            12.550 -1.947 1.796,
            12.547 -1.964 2.295,
            12.467 -2.420 3.521,
            12.548 -1.961 1.787,
            12.545 -1.978 1.776,
            12.543 -1.992 2.309,
            12.462 -2.448 3.518,
            12.542 -1.995 1.766,
            12.455 -2.482 3.513,
            12.539 -2.015 1.756,
            12.538 -2.025 2.324,
            12.536 -2.034 1.748,
            12.533 -2.055 2.336,
            12.448 -2.515 3.507,
            12.532 -2.056 1.739,
            12.487 -2.315 2.684,
            12.499 -2.251 3.293,
            12.494 -2.277 3.294,
            12.489 -2.307 3.295,
            12.479 -2.359 3.293,
            12.442 -2.549 3.499,
            12.529 -2.079 1.731,
            12.523 -2.111 2.354,
            12.593 -1.643 1.742,
            12.592 -1.656 1.724,
            12.590 -1.671 1.706,
            12.588 -1.686 1.689,
            12.585 -1.702 1.673,
            12.583 -1.718 1.658,
            12.581 -1.734 1.644,
            12.579 -1.750 1.631,
            12.576 -1.771 1.615,
            12.573 -1.795 1.599,
            12.569 -1.820 1.583,
            12.565 -1.846 1.569,
            12.561 -1.873 1.555,
            12.557 -1.901 1.542,
            12.553 -1.930 1.531,
            12.549 -1.951 1.523,
            12.544 -1.981 1.513,
            12.600 -1.594 1.822,
            12.598 -1.605 1.801,
            12.597 -1.617 1.781,
            12.595 -1.629 1.761,
            12.525 -2.102 1.725,
            12.435 -2.580 3.491,
            12.520 -2.129 1.718,
            12.430 -2.604 3.484,
            12.425 -2.626 3.476,
            12.515 -2.158 1.713,
            12.463 -2.444 2.720,
            12.471 -2.402 3.290,
            12.465 -2.434 3.286,
            12.459 -2.461 3.281,
            12.454 -2.485 3.275,
            12.421 -2.648 3.468,
            12.510 -2.186 1.709,
            12.416 -2.670 3.460,
            12.507 -2.207 1.707,
            12.412 -2.691 3.450,
            12.450 -2.507 2.742,
            12.450 -2.506 3.270,
            12.446 -2.525 3.263,
            12.407 -2.711 3.441,
            12.496 -2.265 1.705,
            12.441 -2.551 2.759,
            12.443 -2.543 3.256,
            12.439 -2.561 3.249,
            12.403 -2.730 3.431,
            12.399 -2.748 3.420,
            12.436 -2.578 2.771,
            12.436 -2.577 3.240,
            12.434 -2.587 3.234,
            12.431 -2.599 2.782,
            12.432 -2.597 3.228,
            12.430 -2.606 3.221,
            12.428 -2.615 3.215,
            12.395 -2.766 3.409,
            12.307 -3.134 4.800,
            12.428 -2.616 2.792,
            12.426 -2.623 3.208,
            12.391 -2.784 3.397,
            12.425 -2.627 2.799,
            12.423 -2.636 3.196,
            12.423 -2.637 2.807,
            12.421 -2.646 3.185,
            12.420 -2.652 2.820,
            12.419 -2.658 3.172,
            12.386 -2.805 3.381,
            12.416 -2.669 2.839,
            12.417 -2.668 3.160,
            12.415 -2.676 3.149,
            12.414 -2.681 2.854,
            12.413 -2.686 3.133,
            12.412 -2.691 2.870,
            12.411 -2.692 3.123,
            12.410 -2.697 3.113,
            12.474 -2.384 1.715,
            12.479 -2.358 1.711,
            12.455 -2.482 2.459,
            12.382 -2.824 3.365,
            12.410 -2.697 2.882,
            12.409 -2.705 3.094,
            12.405 -2.720 2.963,
            12.406 -2.717 3.053,
            12.405 -2.720 3.034,
            12.405 -2.722 3.017,
            12.405 -2.722 2.996,
            12.409 -2.704 2.897,
            12.407 -2.710 3.079,
            12.407 -2.711 2.915,
            12.407 -2.714 3.065,
            12.406 -2.716 2.936,
            12.406 -2.718 2.948,
            12.407 -2.714 2.925,
            12.379 -2.839 3.351,
            12.469 -2.412 1.721,
            12.375 -2.855 3.336,
            12.464 -2.439 1.728,
            12.372 -2.870 3.319,
            12.459 -2.465 1.735,
            12.368 -2.884 3.303,
            12.365 -2.897 3.285,
            12.454 -2.490 1.745,
            12.362 -2.910 3.267,
            12.449 -2.515 1.755,
            12.359 -2.921 3.249,
            12.444 -2.539 1.767,
            12.437 -2.570 2.488,
            12.357 -2.933 3.228,
            12.439 -2.564 1.779,
            12.354 -2.944 3.207,
            12.352 -2.953 3.188,
            12.434 -2.585 1.792,
            12.350 -2.963 3.163,
            12.430 -2.606 1.806,
            12.348 -2.970 3.144,
            12.426 -2.623 1.819,
            12.346 -2.976 3.124,
            12.423 -2.638 1.831,
            12.423 -2.636 2.513,
            12.345 -2.982 3.105,
            12.420 -2.653 1.844,
            12.344 -2.986 3.085,
            12.417 -2.667 1.857,
            12.539 -2.015 1.503,
            12.534 -2.048 1.495,
            12.528 -2.082 1.489,
            12.522 -2.116 1.483,
            12.518 -2.143 1.480,
            12.509 -2.192 1.477,
            12.499 -2.253 1.474,
            12.483 -2.337 1.476,
            12.472 -2.394 1.481,
            12.460 -2.458 1.489,
            12.450 -2.508 1.498,
            12.414 -2.679 1.871,
            12.411 -2.692 1.886,
            12.415 -2.675 2.529,
            12.409 -2.703 1.901,
            12.407 -2.713 1.916,
            12.405 -2.723 1.932,
            12.403 -2.732 1.948,
            12.388 -2.797 2.192,
            12.408 -2.709 2.546,
            12.396 -2.763 2.576,
            12.390 -2.788 2.592,
            12.386 -2.806 2.605,
            12.382 -2.824 2.619,
            12.401 -2.741 1.967,
            12.399 -2.750 1.986,
            12.390 -2.788 2.125,
            12.397 -2.760 2.013,
            12.391 -2.783 2.099,
            12.395 -2.768 2.038,
            12.393 -2.776 2.068,
            12.367 -2.889 2.192,
            12.378 -2.842 2.634,
            12.375 -2.857 2.647,
            12.371 -2.871 2.662,
            12.368 -2.885 2.676,
            12.365 -2.898 2.692,
            12.362 -2.910 2.708,
            12.345 -2.980 2.192,
            12.359 -2.922 2.724,
            12.357 -2.933 2.741,
            12.354 -2.943 2.759,
            12.352 -2.952 2.777,
            12.350 -2.961 2.795,
            12.348 -2.968 2.814,
            12.323 -3.072 2.192,
            12.347 -2.975 2.834,
            12.345 -2.981 2.855,
            12.344 -2.986 2.875,
            12.343 -2.990 2.894,
            12.342 -2.992 2.908,
            12.342 -2.995 2.928,
            12.342 -2.996 2.950,
            12.232 -3.414 3.123,
            12.234 -3.408 3.101,
            12.235 -3.404 3.079,
            12.343 -2.990 3.064,
            12.231 -3.421 3.144,
            12.236 -3.400 3.060,
            12.229 -3.428 3.164,
            12.237 -3.399 3.049,
            12.342 -2.993 3.044,
            12.237 -3.397 3.038,
            12.342 -2.995 3.024,
            12.226 -3.437 3.186,
            12.238 -3.396 3.014,
            12.341 -2.997 2.978,
            12.223 -3.448 3.209,
            12.220 -3.457 3.227,
            12.238 -3.394 2.982,
            12.217 -3.469 3.248,
            12.214 -3.480 3.265,
            12.237 -3.397 2.935,
            12.210 -3.492 3.284,
            12.207 -3.505 3.302,
            12.203 -3.519 3.319,
            12.198 -3.534 3.335,
            12.136 -3.743 4.800,
            12.194 -3.549 3.351,
            12.190 -3.564 3.365,
            12.185 -3.581 3.379,
            12.180 -3.598 3.392,
            12.175 -3.615 3.404,
            12.442 -2.547 1.507,
            12.434 -2.585 1.518,
            12.426 -2.622 1.530,
            12.420 -2.654 1.542,
            12.413 -2.683 1.555,
            12.408 -2.710 1.568,
            12.402 -2.736 1.582,
            12.396 -2.761 1.597,
            12.391 -2.785 1.613,
            12.385 -2.809 1.631,
            12.380 -2.832 1.649,
            12.375 -2.854 1.669,
            12.370 -2.876 1.690,
            12.365 -2.896 1.712,
            12.361 -2.915 1.735,
            12.357 -2.934 1.760,
            12.352 -2.951 1.785,
            12.169 -3.634 3.416,
            12.163 -3.653 3.426,
            12.254 -3.337 2.213,
            12.255 -3.332 2.191,
            12.252 -3.344 2.235,
            12.256 -3.328 2.169,
            12.250 -3.351 2.256,
            12.237 -3.399 2.915,
            12.257 -3.325 2.147,
            12.248 -3.359 2.277,
            12.236 -3.402 2.895,
            12.258 -3.322 2.124,
            12.245 -3.369 2.297,
            12.258 -3.321 2.100,
            12.242 -3.379 2.317,
            12.234 -3.407 2.875,
            12.157 -3.672 3.436,
            12.258 -3.320 2.073,
            12.324 -3.068 2.132,
            12.323 -3.070 2.160,
            12.239 -3.390 2.336,
            12.233 -3.413 2.854,
            12.236 -3.402 2.355,
            12.231 -3.419 2.835,
            12.229 -3.426 2.816,
            12.151 -3.692 3.445,
            12.258 -3.322 2.024,
            12.324 -3.066 2.108,
            12.232 -3.415 2.373,
            12.227 -3.434 2.797,
            12.257 -3.324 2.002,
            12.326 -3.058 2.053,
            12.325 -3.063 2.084,
            12.228 -3.429 2.391,
            12.224 -3.443 2.778,
            12.145 -3.713 3.453,
            12.257 -3.327 1.978,
            12.328 -3.053 2.032,
            12.224 -3.443 2.407,
            12.221 -3.454 2.758,
            12.255 -3.331 1.954,
            12.329 -3.048 2.008,
            12.220 -3.458 2.423,
            12.218 -3.466 2.738,
            12.254 -3.335 1.932,
            12.332 -3.035 1.963,
            12.330 -3.042 1.985,
            12.137 -3.739 3.462,
            12.216 -3.474 2.438,
            12.214 -3.478 2.719,
            12.211 -3.491 2.702,
            12.252 -3.342 1.907,
            12.334 -3.028 1.941,
            12.211 -3.490 2.452,
            12.207 -3.505 2.684,
            12.250 -3.349 1.882,
            12.336 -3.020 1.919,
            12.128 -3.769 3.471,
            12.206 -3.508 2.466,
            12.203 -3.520 2.668,
            12.201 -3.526 2.479,
            12.198 -3.535 2.652,
            12.195 -3.545 2.491,
            12.193 -3.551 2.637,
            12.116 -3.808 3.480,
            12.190 -3.563 2.502,
            12.188 -3.568 2.623,
            12.184 -3.584 2.513,
            12.183 -3.585 2.610,
            12.178 -3.603 2.597,
            12.105 -3.841 3.486,
            12.176 -3.611 2.525,
            12.173 -3.622 2.585,
            12.094 -3.876 3.491,
            12.169 -3.633 2.534,
            12.165 -3.647 2.571,
            12.082 -3.912 3.495,
            12.154 -3.682 2.551,
            12.070 -3.951 3.498,
            12.045 -4.027 3.500,
            11.934 -4.344 4.800,
            12.348 -2.967 1.811,
            12.345 -2.980 1.834,
            12.343 -2.991 1.855,
            12.340 -3.002 1.877,
            12.338 -3.011 1.898,
            12.248 -3.357 1.862,
            12.246 -3.364 1.843,
            12.244 -3.372 1.824,
            12.241 -3.382 1.804,
            12.239 -3.392 1.784,
            12.236 -3.402 1.765,
            12.233 -3.413 1.747,
            12.230 -3.425 1.730,
            12.226 -3.436 1.713,
            12.223 -3.449 1.698,
            12.219 -3.462 1.682,
            12.215 -3.475 1.668,
            12.211 -3.490 1.653,
            12.207 -3.505 1.640,
            12.202 -3.520 1.628,
            12.198 -3.534 1.617,
            12.193 -3.552 1.605,
            12.188 -3.569 1.595,
            12.181 -3.592 1.582,
            12.174 -3.616 1.571,
            12.167 -3.641 1.560,
            11.963 -4.263 3.500,
            11.877 -4.497 3.500,
            12.158 -3.670 1.549,
            12.152 -3.691 1.542,
            12.145 -3.713 1.536,
            12.133 -3.752 1.526,
            12.122 -3.787 1.519,
            12.112 -3.819 1.514,
            12.102 -3.852 1.509,
            12.087 -3.899 1.505,
            12.073 -3.941 1.502,
            12.060 -3.980 1.501,
            12.045 -4.025 1.500,
            11.787 -4.729 3.500,
            11.703 -4.933 4.800,
            11.964 -4.261 1.500,
            11.442 -5.510 4.800,
            11.877 -4.496 1.500,
            11.787 -4.729 1.500,
            11.153 -6.074 4.800,
            10.837 -6.622 4.800,
            10.493 -7.154 4.800,
            10.124 -7.668 4.800,
            9.729 -8.163 4.800,
            9.310 -8.638 4.800,
            8.868 -9.092 4.800,
            8.403 -9.522 4.800,
            7.918 -9.929 4.800,
            7.414 -10.312 4.800,
            6.890 -10.668 4.800,
            6.350 -10.999 4.800,
            5.794 -11.301 4.800,
            5.223 -11.576 4.800,
            4.640 -11.822 4.800,
            4.045 -12.039 4.800,
            3.440 -12.225 4.800,
            2.826 -12.382 4.800,
            2.205 -12.507 4.800,
            1.579 -12.601 4.800,
            0.949 -12.664 4.800,
            0.317 -12.696 4.800,
            -0.317 -12.696 4.800,
            -0.562 -12.688 0.138,
            -0.949 -12.664 4.800,
            -1.124 -12.650 0.138,
            -1.579 -12.601 4.800,
            -1.682 -12.588 0.139,
            -2.205 -12.507 4.800,
            -2.238 -12.501 0.140,
            -2.789 -12.390 0.141,
            -2.826 -12.382 4.800,
            -3.335 -12.254 0.142,
            -3.440 -12.225 4.800,
            -3.874 -12.095 0.143,
            -4.045 -12.039 4.800,
            -4.405 -11.912 0.145,
            -4.640 -11.822 4.800,
            -4.927 -11.705 0.147,
            -5.223 -11.576 4.800,
            -5.439 -11.476 0.149,
            -5.794 -11.301 4.800,
            -5.941 -11.225 0.151,
            -6.350 -10.999 4.800,
            -6.432 -10.951 0.153,
            -6.890 -10.668 4.800,
            -6.910 -10.655 0.156,
            -7.375 -10.340 0.159,
            -7.414 -10.312 4.800,
            -7.824 -10.004 0.162,
            -7.918 -9.929 4.800,
            -8.146 -9.743 0.164,
            -8.403 -9.522 4.800,
            -8.465 -9.467 0.166,
            -8.774 -9.181 0.169,
            -8.868 -9.092 4.800,
            -9.070 -8.890 0.171,
            -9.310 -8.638 4.800,
            -9.351 -8.593 0.174,
            -9.623 -8.287 0.177,
            -9.729 -8.163 4.800,
            -9.885 -7.972 0.179,
            -10.124 -7.668 4.800,
            -10.137 -7.649 0.182,
            -10.379 -7.318 0.185,
            -10.493 -7.154 4.800,
            -10.610 -6.979 0.188,
            -10.837 -6.622 4.800,
            -10.829 -6.633 0.191,
            -11.038 -6.280 0.194,
            -11.153 -6.074 4.800,
            -11.235 -5.920 0.197,
            -11.442 -5.510 4.800,
            -11.421 -5.554 0.201,
            -11.594 -5.183 0.204,
            -11.703 -4.933 4.800,
            -11.756 -4.806 0.207,
            -11.934 -4.344 4.800,
            -11.905 -4.424 0.210,
            -12.041 -4.037 0.214,
            -12.136 -3.743 4.800,
            -12.165 -3.646 0.217,
            -12.277 -3.252 0.221,
            -12.307 -3.134 4.800,
            -12.375 -2.854 0.224,
            -12.448 -2.516 4.800,
            -12.461 -2.453 0.228,
            -12.534 -2.049 0.231,
            -12.558 -1.893 4.800,
            -12.593 -1.643 0.235,
            -12.637 -1.265 4.800,
            -12.640 -1.236 0.239,
            -12.673 -0.828 0.242,
            -12.684 -0.633 4.800,
            -12.693 -0.419 0.246,
            -12.698 -0.209 0.248,
            12.670 -0.871 2.992,
            12.490 -2.302 1.707,
            12.484 -2.334 1.709,
            12.127 -3.772 2.383,
            12.138 -3.735 2.365,
            12.135 -3.745 2.370,
            12.132 -3.755 2.376,
            12.122 -3.787 2.389,
            12.142 -3.724 2.358,
            12.118 -3.802 2.394,
            12.111 -3.824 2.401,
            12.145 -3.712 2.350,
            12.103 -3.848 2.406,
            12.149 -3.702 2.341,
            12.094 -3.876 2.411,
            12.155 -3.682 2.323,
            12.152 -3.692 2.332,
            12.080 -3.919 2.417,
            12.163 -3.655 2.291,
            12.160 -3.664 2.303,
            12.157 -3.673 2.313,
            12.065 -3.965 2.421,
            12.166 -3.644 2.275,
            12.053 -4.001 2.422,
            12.171 -3.627 2.244,
            12.169 -3.635 2.260,
            12.036 -4.051 2.423,
            12.178 -3.602 2.174,
            12.177 -3.607 2.192,
            12.175 -3.613 2.210,
            12.173 -3.619 2.227,
            12.180 -3.598 2.155,
            11.989 -4.190 2.423,
            12.181 -3.593 2.118,
            12.181 -3.595 2.137,
            12.182 -3.591 2.077,
            12.128 -3.768 1.768,
            12.131 -3.759 1.772,
            12.134 -3.750 1.777,
            12.123 -3.785 1.761,
            12.118 -3.801 1.755,
            12.112 -3.820 1.749,
            12.093 -3.880 1.737,
            12.100 -3.858 1.740,
            12.086 -3.902 1.735,
            12.138 -3.736 1.784,
            12.143 -3.720 1.794,
            12.146 -3.710 1.802,
            12.149 -3.700 1.810,
            12.152 -3.691 1.818,
            12.154 -3.684 1.825,
            12.066 -3.964 1.731,
            12.156 -3.676 1.834,
            12.160 -3.665 1.848,
            12.163 -3.654 1.862,
            12.047 -4.021 1.731,
            12.166 -3.644 1.877,
            12.169 -3.635 1.892,
            12.171 -3.628 1.906,
            12.173 -3.621 1.922,
            12.175 -3.614 1.939,
            12.177 -3.608 1.956,
            12.178 -3.603 1.973,
            11.996 -4.170 1.731,
            12.179 -3.599 1.990,
            12.180 -3.598 2.000,
            12.180 -3.596 2.010,
            12.181 -3.594 2.023,
            12.181 -3.593 2.039,
            11.943 -4.319 1.731,
            11.940 -4.329 2.423,
            11.889 -4.466 1.731,
            11.889 -4.466 2.423,
            12.095 -3.872 3.252,
            12.122 -3.789 3.220,
            12.118 -3.800 3.226,
            12.115 -3.810 3.231,
            12.111 -3.821 3.236,
            12.108 -3.832 3.241,
            12.104 -3.843 3.244,
            12.101 -3.854 3.247,
            12.086 -3.900 3.257,
            12.131 -3.760 3.198,
            12.128 -3.769 3.206,
            12.125 -3.779 3.213,
            12.073 -3.941 3.262,
            12.139 -3.734 3.172,
            12.136 -3.742 3.181,
            12.134 -3.751 3.190,
            12.056 -3.993 3.266,
            12.146 -3.711 3.139,
            12.143 -3.718 3.151,
            12.141 -3.726 3.162,
            12.038 -4.046 3.268,
            12.150 -3.697 3.113,
            12.148 -3.704 3.127,
            12.017 -4.108 3.269,
            12.156 -3.677 3.059,
            12.154 -3.683 3.076,
            12.152 -3.689 3.095,
            12.157 -3.673 3.041,
            11.976 -4.228 3.269,
            12.159 -3.667 2.988,
            12.159 -3.669 3.013,
            12.158 -3.670 3.025,
            12.160 -3.665 2.957,
            12.112 -3.820 2.689,
            12.117 -3.805 2.696,
            12.120 -3.794 2.702,
            12.123 -3.783 2.708,
            12.098 -3.863 2.674,
            12.102 -3.850 2.677,
            12.093 -3.878 2.670,
            12.086 -3.900 2.666,
            12.077 -3.930 2.661,
            12.126 -3.773 2.715,
            12.129 -3.764 2.722,
            12.066 -3.963 2.658,
            12.132 -3.756 2.729,
            12.134 -3.748 2.736,
            12.137 -3.741 2.743,
            12.055 -3.995 2.656,
            12.141 -3.728 2.757,
            12.144 -3.717 2.771,
            12.027 -4.078 2.654,
            12.147 -3.708 2.784,
            12.149 -3.701 2.797,
            12.151 -3.695 2.809,
            12.152 -3.690 2.821,
            12.154 -3.685 2.831,
            12.155 -3.682 2.841,
            12.156 -3.676 2.860,
            11.983 -4.208 2.654,
            12.157 -3.673 2.873,
            12.158 -3.670 2.894,
            12.159 -3.668 2.908,
            12.159 -3.667 2.923,
            11.936 -4.338 2.654,
            11.933 -4.347 3.269,
            11.889 -4.466 2.654,
            11.889 -4.466 3.269,
            -7.297 -10.149 5.000,
            -8.271 -9.372 5.000,
            -7.794 -9.773 5.000,
            -10.666 -6.518 5.000,
            -10.328 -7.042 5.000,
            -9.964 -7.548 5.000,
            -9.576 -8.035 5.000,
            -9.163 -8.502 5.000,
            -5.703 -11.123 5.000,
            -8.728 -8.948 5.000,
            -6.782 -10.500 5.000,
            -6.250 -10.825 5.000,
            -11.262 -5.424 5.000,
            -10.978 -5.978 5.000,
            -11.945 -3.684 5.000,
            -11.746 -4.275 5.000,
            -11.518 -4.855 5.000,
            -12.113 -3.084 5.000,
            -2.782 -12.187 5.000,
            -4.567 -11.636 5.000,
            -3.981 -11.849 5.000,
            -3.386 -12.033 5.000,
            -2.171 -12.310 5.000,
            -5.141 -11.394 5.000,
            -1.554 -12.403 5.000,
            -12.484 -0.623 5.000,
            -12.438 -1.245 5.000,
            -12.360 -1.863 5.000,
            -12.252 -2.477 5.000,
            -0.934 -12.465 5.000,
            1.554 -12.403 5.000,
            -0.312 -12.496 5.000,
            0.312 -12.496 5.000,
            0.934 -12.465 5.000,
            2.782 -12.187 5.000,
            2.171 -12.310 5.000,
            4.567 -11.636 5.000,
            3.386 -12.033 5.000,
            3.981 -11.849 5.000,
            5.703 -11.123 5.000,
            5.141 -11.394 5.000,
            7.297 -10.149 5.000,
            6.250 -10.825 5.000,
            6.782 -10.500 5.000,
            8.271 -9.372 5.000,
            7.794 -9.773 5.000,
            9.163 -8.502 5.000,
            8.728 -8.948 5.000,
            9.964 -7.548 5.000,
            9.576 -8.035 5.000,
            11.518 -4.855 5.000,
            10.978 -5.978 5.000,
            11.262 -5.424 5.000,
            11.746 -4.275 5.000,
            10.328 -7.042 5.000,
            10.666 -6.518 5.000,
            12.113 -3.084 5.000,
            11.945 -3.684 5.000,
            12.360 -1.863 5.000,
            12.252 -2.477 5.000,
            12.438 -1.245 5.000,
            12.484 -0.623 5.000,
            -0.581 -12.545 0.001,
            -0.942 -12.523 0.002,
            -1.318 -12.489 0.002,
            -1.692 -12.444 0.002,
            -2.079 -12.385 0.003,
            -2.480 -12.311 0.003,
            -2.895 -12.220 0.004,
            -3.324 -12.111 0.005,
            -3.767 -11.980 0.006,
            -4.224 -11.827 0.008,
            -4.693 -11.649 0.009,
            -5.174 -11.443 0.011,
            -5.666 -11.208 0.013,
            -6.168 -10.940 0.015,
            -6.677 -10.637 0.018,
            -7.192 -10.296 0.021,
            -7.658 -9.954 0.024,
            -8.079 -9.615 0.027,
            -8.498 -9.247 0.030,
            -8.913 -8.847 0.034,
            -9.323 -8.415 0.037,
            -9.723 -7.949 0.041,
            -10.073 -7.500 0.045,
            -10.378 -7.073 0.049,
            -10.671 -6.622 0.053,
            -10.951 -6.148 0.057,
            -11.215 -5.652 0.062,
            -11.462 -5.133 0.066,
            -11.689 -4.593 0.071,
            -11.894 -4.031 0.076,
            -12.076 -3.450 0.081,
            -12.231 -2.851 0.086,
            -12.347 -2.297 0.091,
            -12.431 -1.788 0.095,
            -12.495 -1.269 0.100,
            -12.537 -0.742 0.104,
            -12.557 -0.206 0.109,
            -12.554 0.334 0.114,
            -12.529 0.868 0.118,
            -12.481 1.393 0.123,
            -12.413 1.910 0.127,
            -12.324 2.417 0.132,
            -12.217 2.913 0.136,
            -12.090 3.398 0.140,
            -11.947 3.872 0.145,
            -11.788 4.333 0.149,
            -11.614 4.780 0.153,
            -11.426 5.214 0.156,
            -11.225 5.633 0.160,
            -11.012 6.037 0.164,
            -10.790 6.427 0.167,
            -10.558 6.802 0.170,
            -10.317 7.161 0.173,
            -10.069 7.506 0.176,
            -9.815 7.835 0.179,
            -9.555 8.150 0.182,
            -9.291 8.450 0.185,
            -9.023 8.736 0.187,
            -8.752 9.007 0.189,
            -8.478 9.265 0.192,
            -8.203 9.509 0.194,
            -7.928 9.740 0.196,
            -7.652 9.958 0.198,
            -7.284 10.230 0.200,
            -6.873 10.511 0.203,
            -6.465 10.767 0.205,
            -6.061 10.999 0.207,
            -5.662 11.210 0.209,
            -5.269 11.400 0.210,
            -4.882 11.571 0.212,
            -4.503 11.723 0.213,
            -4.132 11.859 0.214,
            -3.769 11.980 0.215,
            -3.415 12.085 0.216,
            -3.069 12.178 0.217,
            -2.733 12.258 0.218,
            -2.298 12.347 0.219,
            -1.885 12.416 0.219,
            -1.537 12.464 0.220,
            -1.090 12.511 0.220,
            -0.723 12.538 0.220,
            -0.353 12.554 0.220
          ]
        }
        coordIndex [
          0, 1, 2, -1,
          1, 3, 2, -1,
          1, 4, 3, -1,
          1, 5, 4, -1,
          5, 6, 4, -1,
          5, 7, 6, -1,
          7, 8, 6, -1,
          7, 9, 8, -1,
          9, 10, 8, -1,
          9, 11, 10, -1,
          11, 12, 10, -1,
          11, 13, 12, -1,
          13, 14, 12, -1,
          13, 15, 14, -1,
          15, 16, 14, -1,
          15, 17, 16, -1,
          17, 18, 16, -1,
          19, 18, 17, -1,
          20, 21, 19, -1,
          19, 21, 18, -1,
          22, 23, 20, -1,
          20, 23, 21, -1,
          22, 24, 23, -1,
          24, 25, 23, -1,
          24, 26, 25, -1,
          27, 28, 26, -1,
          26, 28, 25, -1,
          27, 29, 28, -1,
          29, 30, 28, -1,
          29, 31, 30, -1,
          32, 33, 31, -1,
          31, 33, 30, -1,
          34, 35, 32, -1,
          32, 35, 33, -1,
          34, 36, 35, -1,
          37, 38, 36, -1,
          36, 38, 35, -1,
          39, 40, 37, -1,
          37, 40, 38, -1,
          39, 41, 40, -1,
          41, 42, 40, -1,
          41, 43, 42, -1,
          44, 45, 43, -1,
          43, 45, 42, -1,
          44, 46, 45, -1,
          46, 47, 45, -1,
          46, 48, 47, -1,
          49, 50, 48, -1,
          48, 50, 47, -1,
          49, 51, 50, -1,
          51, 52, 50, -1,
          51, 53, 52, -1,
          54, 55, 53, -1,
          53, 55, 52, -1,
          56, 57, 54, -1,
          54, 57, 55, -1,
          56, 58, 57, -1,
          59, 60, 58, -1,
          58, 60, 57, -1,
          61, 62, 59, -1,
          59, 62, 60, -1,
          63, 64, 61, -1,
          61, 64, 62, -1,
          63, 65, 64, -1,
          66, 67, 65, -1,
          65, 67, 64, -1,
          66, 68, 67, -1,
          69, 68, 66, -1,
          69, 70, 68, -1,
          70, 71, 68, -1,
          72, 71, 70, -1,
          72, 73, 71, -1,
          74, 73, 72, -1,
          74, 75, 73, -1,
          75, 76, 73, -1,
          77, 76, 75, -1,
          77, 78, 76, -1,
          79, 78, 77, -1,
          79, 80, 78, -1,
          80, 81, 78, -1,
          80, 82, 81, -1,
          82, 83, 81, -1,
          84, 83, 82, -1,
          84, 85, 83, -1,
          86, 85, 84, -1,
          87, 85, 86, -1,
          88, 89, 87, -1,
          87, 89, 85, -1,
          90, 91, 88, -1,
          88, 91, 89, -1,
          92, 93, 90, -1,
          90, 93, 91, -1,
          92, 94, 93, -1,
          92, 95, 94, -1,
          95, 96, 94, -1,
          95, 97, 96, -1,
          97, 98, 96, -1,
          97, 99, 98, -1,
          99, 100, 98, -1,
          99, 101, 100, -1,
          101, 102, 100, -1,
          101, 103, 102, -1,
          103, 104, 102, -1,
          105, 106, 103, -1,
          103, 106, 104, -1,
          107, 108, 105, -1,
          105, 108, 106, -1,
          107, 109, 108, -1,
          107, 110, 109, -1,
          110, 111, 109, -1,
          110, 112, 111, -1,
          112, 113, 111, -1,
          112, 114, 113, -1,
          114, 115, 113, -1,
          116, 117, 114, -1,
          114, 117, 115, -1,
          116, 118, 117, -1,
          116, 119, 118, -1,
          119, 120, 118, -1,
          119, 121, 120, -1,
          121, 122, 120, -1,
          121, 123, 122, -1,
          124, 123, 121, -1,
          124, 125, 123, -1,
          124, 126, 125, -1,
          126, 127, 125, -1,
          126, 128, 127, -1,
          129, 128, 126, -1,
          129, 130, 128, -1,
          129, 131, 130, -1,
          131, 132, 130, -1,
          131, 133, 132, -1,
          134, 133, 131, -1,
          134, 135, 133, -1,
          134, 136, 135, -1,
          136, 137, 135, -1,
          136, 138, 137, -1,
          138, 139, 137, -1,
          138, 140, 139, -1,
          140, 141, 139, -1,
          140, 142, 141, -1,
          143, 142, 140, -1,
          143, 144, 142, -1,
          143, 145, 144, -1,
          145, 146, 144, -1,
          145, 147, 146, -1,
          147, 148, 146, -1,
          147, 149, 148, -1,
          149, 150, 148, -1,
          149, 151, 150, -1,
          149, 152, 151, -1,
          152, 153, 151, -1,
          152, 154, 153, -1,
          154, 155, 153, -1,
          154, 156, 155, -1,
          154, 157, 156, -1,
          157, 158, 156, -1,
          157, 159, 158, -1,
          159, 160, 158, -1,
          159, 161, 160, -1,
          159, 162, 161, -1,
          162, 163, 161, -1,
          162, 164, 163, -1,
          164, 165, 163, -1,
          164, 166, 165, -1,
          166, 167, 165, -1,
          166, 168, 167, -1,
          168, 169, 167, -1,
          170, 171, 172, -1,
          173, 171, 170, -1,
          174, 173, 170, -1,
          175, 173, 174, -1,
          176, 175, 174, -1,
          177, 175, 176, -1,
          178, 177, 176, -1,
          179, 177, 178, -1,
          180, 179, 178, -1,
          181, 179, 180, -1,
          182, 181, 180, -1,
          183, 181, 182, -1,
          184, 183, 182, -1,
          185, 183, 184, -1,
          186, 185, 184, -1,
          187, 185, 186, -1,
          188, 187, 186, -1,
          189, 187, 188, -1,
          190, 189, 188, -1,
          191, 189, 190, -1,
          192, 191, 190, -1,
          193, 191, 192, -1,
          194, 193, 192, -1,
          195, 193, 194, -1,
          196, 195, 194, -1,
          197, 195, 196, -1,
          198, 197, 196, -1,
          199, 197, 198, -1,
          200, 199, 198, -1,
          201, 199, 200, -1,
          202, 201, 200, -1,
          203, 201, 202, -1,
          204, 203, 202, -1,
          205, 203, 204, -1,
          206, 205, 204, -1,
          207, 205, 206, -1,
          208, 207, 206, -1,
          209, 207, 208, -1,
          210, 209, 208, -1,
          211, 209, 210, -1,
          212, 211, 210, -1,
          213, 211, 212, -1,
          214, 213, 212, -1,
          214, 212, 215, -1,
          216, 214, 215, -1,
          217, 214, 216, -1,
          218, 217, 216, -1,
          218, 216, 219, -1,
          220, 218, 219, -1,
          221, 218, 220, -1,
          222, 221, 220, -1,
          223, 221, 222, -1,
          224, 223, 222, -1,
          225, 223, 224, -1,
          226, 225, 224, -1,
          227, 225, 226, -1,
          228, 227, 226, -1,
          229, 227, 228, -1,
          230, 229, 228, -1,
          231, 229, 230, -1,
          232, 231, 230, -1,
          233, 231, 232, -1,
          234, 233, 232, -1,
          235, 233, 234, -1,
          236, 235, 234, -1,
          237, 235, 236, -1,
          238, 237, 236, -1,
          239, 237, 238, -1,
          240, 239, 238, -1,
          241, 239, 240, -1,
          242, 241, 240, -1,
          243, 241, 242, -1,
          244, 243, 242, -1,
          245, 243, 244, -1,
          246, 245, 244, -1,
          247, 245, 246, -1,
          248, 247, 246, -1,
          249, 247, 248, -1,
          250, 248, 251, -1,
          250, 249, 248, -1,
          252, 251, 253, -1,
          252, 250, 251, -1,
          254, 252, 253, -1,
          255, 252, 254, -1,
          256, 255, 254, -1,
          257, 255, 256, -1,
          258, 257, 256, -1,
          258, 256, 259, -1,
          260, 258, 259, -1,
          261, 258, 260, -1,
          262, 261, 260, -1,
          263, 261, 262, -1,
          264, 263, 262, -1,
          264, 262, 265, -1,
          266, 264, 265, -1,
          267, 264, 266, -1,
          268, 266, 269, -1,
          268, 267, 266, -1,
          270, 268, 269, -1,
          271, 268, 270, -1,
          272, 270, 273, -1,
          272, 271, 270, -1,
          274, 272, 273, -1,
          275, 272, 274, -1,
          276, 275, 274, -1,
          277, 275, 276, -1,
          278, 276, 279, -1,
          278, 277, 276, -1,
          280, 278, 279, -1,
          281, 278, 280, -1,
          282, 281, 280, -1,
          283, 281, 282, -1,
          284, 282, 285, -1,
          284, 283, 282, -1,
          286, 284, 285, -1,
          287, 284, 286, -1,
          288, 287, 286, -1,
          289, 287, 288, -1,
          290, 289, 288, -1,
          291, 289, 290, -1,
          292, 291, 290, -1,
          293, 291, 292, -1,
          294, 293, 292, -1,
          295, 293, 294, -1,
          296, 295, 294, -1,
          297, 295, 296, -1,
          298, 171, 173, -1,
          298, 299, 171, -1,
          300, 173, 175, -1,
          300, 298, 173, -1,
          301, 175, 177, -1,
          301, 300, 175, -1,
          302, 177, 179, -1,
          302, 301, 177, -1,
          303, 179, 181, -1,
          303, 302, 179, -1,
          304, 181, 183, -1,
          304, 303, 181, -1,
          305, 304, 183, -1,
          305, 183, 185, -1,
          306, 305, 185, -1,
          306, 185, 187, -1,
          307, 306, 187, -1,
          308, 187, 189, -1,
          308, 307, 187, -1,
          309, 308, 189, -1,
          309, 189, 191, -1,
          310, 191, 193, -1,
          310, 309, 191, -1,
          311, 193, 195, -1,
          311, 310, 193, -1,
          312, 195, 197, -1,
          312, 311, 195, -1,
          313, 197, 199, -1,
          313, 312, 197, -1,
          314, 199, 201, -1,
          314, 313, 199, -1,
          315, 201, 203, -1,
          315, 314, 201, -1,
          316, 315, 203, -1,
          317, 203, 205, -1,
          317, 316, 203, -1,
          318, 205, 207, -1,
          318, 317, 205, -1,
          319, 207, 209, -1,
          319, 318, 207, -1,
          320, 209, 211, -1,
          320, 319, 209, -1,
          321, 211, 213, -1,
          321, 320, 211, -1,
          322, 213, 214, -1,
          322, 321, 213, -1,
          323, 214, 217, -1,
          323, 322, 214, -1,
          324, 217, 218, -1,
          324, 323, 217, -1,
          325, 324, 218, -1,
          326, 218, 221, -1,
          326, 325, 218, -1,
          327, 221, 223, -1,
          327, 326, 221, -1,
          328, 223, 225, -1,
          328, 327, 223, -1,
          329, 225, 227, -1,
          329, 328, 225, -1,
          330, 227, 229, -1,
          330, 329, 227, -1,
          331, 330, 229, -1,
          331, 229, 231, -1,
          332, 331, 231, -1,
          333, 332, 231, -1,
          333, 231, 233, -1,
          334, 333, 233, -1,
          0, 334, 233, -1,
          0, 233, 235, -1,
          1, 0, 235, -1,
          1, 235, 237, -1,
          5, 1, 237, -1,
          5, 237, 239, -1,
          7, 5, 239, -1,
          9, 7, 239, -1,
          9, 239, 241, -1,
          11, 9, 241, -1,
          11, 241, 243, -1,
          13, 11, 243, -1,
          15, 243, 245, -1,
          15, 13, 243, -1,
          17, 245, 247, -1,
          17, 15, 245, -1,
          19, 17, 247, -1,
          20, 247, 249, -1,
          20, 19, 247, -1,
          22, 20, 249, -1,
          24, 249, 250, -1,
          24, 22, 249, -1,
          26, 250, 252, -1,
          26, 24, 250, -1,
          27, 26, 252, -1,
          29, 252, 255, -1,
          29, 27, 252, -1,
          31, 255, 257, -1,
          31, 29, 255, -1,
          32, 31, 257, -1,
          34, 257, 258, -1,
          34, 32, 257, -1,
          36, 258, 261, -1,
          36, 34, 258, -1,
          37, 36, 261, -1,
          39, 261, 263, -1,
          39, 37, 261, -1,
          41, 39, 263, -1,
          43, 263, 264, -1,
          43, 41, 263, -1,
          44, 264, 267, -1,
          44, 43, 264, -1,
          46, 44, 267, -1,
          48, 46, 267, -1,
          48, 267, 268, -1,
          49, 268, 271, -1,
          49, 48, 268, -1,
          51, 49, 271, -1,
          53, 51, 271, -1,
          53, 271, 272, -1,
          54, 53, 272, -1,
          54, 272, 275, -1,
          56, 54, 275, -1,
          58, 56, 275, -1,
          58, 275, 277, -1,
          59, 58, 277, -1,
          61, 59, 277, -1,
          61, 277, 278, -1,
          63, 61, 278, -1,
          335, 281, 283, -1,
          336, 335, 283, -1,
          337, 63, 278, -1,
          337, 281, 335, -1,
          337, 278, 281, -1,
          338, 336, 283, -1,
          339, 63, 337, -1,
          340, 338, 283, -1,
          341, 337, 335, -1,
          284, 340, 283, -1,
          342, 341, 335, -1,
          65, 339, 343, -1,
          65, 63, 339, -1,
          344, 342, 335, -1,
          345, 344, 335, -1,
          346, 345, 335, -1,
          347, 346, 335, -1,
          348, 347, 335, -1,
          349, 348, 335, -1,
          66, 343, 350, -1,
          66, 350, 351, -1,
          66, 351, 352, -1,
          66, 352, 353, -1,
          66, 353, 354, -1,
          66, 354, 355, -1,
          66, 355, 356, -1,
          66, 65, 343, -1,
          357, 66, 356, -1,
          358, 359, 340, -1,
          360, 358, 340, -1,
          361, 360, 340, -1,
          362, 361, 340, -1,
          363, 362, 340, -1,
          363, 340, 284, -1,
          69, 364, 365, -1,
          69, 365, 366, -1,
          69, 366, 367, -1,
          69, 367, 368, -1,
          69, 368, 369, -1,
          69, 369, 370, -1,
          69, 370, 371, -1,
          69, 371, 372, -1,
          69, 66, 357, -1,
          69, 357, 373, -1,
          69, 373, 374, -1,
          69, 374, 375, -1,
          69, 375, 376, -1,
          69, 376, 364, -1,
          377, 363, 284, -1,
          377, 284, 287, -1,
          378, 377, 287, -1,
          379, 378, 287, -1,
          380, 379, 287, -1,
          381, 380, 287, -1,
          70, 372, 382, -1,
          70, 382, 383, -1,
          70, 69, 372, -1,
          289, 381, 287, -1,
          289, 384, 385, -1,
          289, 385, 386, -1,
          289, 386, 381, -1,
          387, 384, 289, -1,
          388, 387, 289, -1,
          389, 388, 289, -1,
          390, 389, 289, -1,
          391, 390, 289, -1,
          392, 383, 363, -1,
          392, 363, 377, -1,
          393, 391, 289, -1,
          394, 393, 289, -1,
          72, 70, 383, -1,
          72, 383, 392, -1,
          395, 394, 289, -1,
          396, 395, 289, -1,
          397, 398, 399, -1,
          397, 399, 400, -1,
          397, 400, 401, -1,
          397, 401, 402, -1,
          397, 402, 403, -1,
          397, 403, 404, -1,
          397, 404, 405, -1,
          397, 405, 406, -1,
          407, 396, 289, -1,
          408, 397, 406, -1,
          291, 407, 289, -1,
          74, 392, 409, -1,
          74, 409, 410, -1,
          74, 410, 397, -1,
          74, 72, 392, -1,
          75, 397, 408, -1,
          75, 408, 411, -1,
          75, 411, 412, -1,
          75, 74, 397, -1,
          413, 407, 291, -1,
          413, 412, 407, -1,
          414, 413, 291, -1,
          414, 291, 293, -1,
          415, 414, 293, -1,
          416, 415, 293, -1,
          417, 416, 293, -1,
          418, 417, 293, -1,
          419, 418, 293, -1,
          420, 419, 293, -1,
          421, 420, 293, -1,
          422, 421, 293, -1,
          77, 75, 412, -1,
          423, 422, 293, -1,
          424, 423, 293, -1,
          425, 424, 293, -1,
          426, 412, 413, -1,
          426, 77, 412, -1,
          427, 425, 293, -1,
          428, 427, 293, -1,
          429, 428, 293, -1,
          430, 293, 295, -1,
          430, 429, 293, -1,
          79, 77, 426, -1,
          79, 426, 431, -1,
          432, 433, 434, -1,
          432, 434, 435, -1,
          432, 435, 436, -1,
          432, 436, 437, -1,
          432, 437, 438, -1,
          432, 438, 439, -1,
          432, 439, 440, -1,
          432, 440, 441, -1,
          442, 430, 295, -1,
          443, 432, 441, -1,
          80, 431, 444, -1,
          80, 444, 432, -1,
          80, 79, 431, -1,
          445, 442, 295, -1,
          445, 446, 442, -1,
          447, 295, 297, -1,
          447, 445, 295, -1,
          448, 447, 297, -1,
          449, 448, 297, -1,
          82, 80, 432, -1,
          82, 443, 450, -1,
          82, 450, 446, -1,
          82, 432, 443, -1,
          451, 82, 446, -1,
          451, 446, 445, -1,
          84, 82, 451, -1,
          452, 449, 297, -1,
          452, 453, 449, -1,
          86, 84, 451, -1,
          86, 451, 454, -1,
          86, 454, 455, -1,
          87, 86, 455, -1,
          87, 455, 456, -1,
          87, 456, 457, -1,
          335, 458, 349, -1,
          452, 297, 459, -1,
          460, 452, 459, -1,
          461, 459, 462, -1,
          461, 460, 459, -1,
          463, 461, 462, -1,
          464, 463, 462, -1,
          88, 87, 457, -1,
          88, 457, 465, -1,
          466, 464, 467, -1,
          468, 464, 462, -1,
          468, 467, 464, -1,
          469, 464, 466, -1,
          470, 468, 462, -1,
          471, 464, 469, -1,
          472, 470, 462, -1,
          473, 464, 471, -1,
          474, 472, 462, -1,
          475, 474, 462, -1,
          476, 464, 473, -1,
          477, 475, 462, -1,
          478, 464, 476, -1,
          479, 477, 462, -1,
          480, 479, 462, -1,
          481, 462, 482, -1,
          481, 480, 462, -1,
          483, 481, 482, -1,
          484, 483, 482, -1,
          485, 484, 482, -1,
          486, 485, 482, -1,
          487, 486, 482, -1,
          488, 487, 482, -1,
          489, 488, 482, -1,
          490, 489, 482, -1,
          491, 490, 482, -1,
          492, 491, 482, -1,
          493, 492, 482, -1,
          494, 478, 495, -1,
          496, 495, 478, -1,
          497, 464, 478, -1,
          497, 478, 494, -1,
          498, 493, 482, -1,
          499, 496, 478, -1,
          500, 464, 497, -1,
          501, 499, 478, -1,
          502, 503, 464, -1,
          502, 464, 500, -1,
          504, 501, 478, -1,
          505, 503, 502, -1,
          506, 504, 478, -1,
          507, 503, 505, -1,
          508, 506, 478, -1,
          509, 498, 482, -1,
          510, 508, 478, -1,
          511, 503, 507, -1,
          512, 510, 478, -1,
          513, 503, 511, -1,
          514, 478, 515, -1,
          514, 512, 478, -1,
          516, 503, 513, -1,
          517, 509, 482, -1,
          518, 514, 515, -1,
          519, 503, 516, -1,
          520, 518, 515, -1,
          521, 503, 519, -1,
          522, 517, 482, -1,
          523, 520, 515, -1,
          524, 503, 521, -1,
          525, 503, 524, -1,
          90, 465, 526, -1,
          90, 526, 527, -1,
          90, 527, 503, -1,
          90, 88, 465, -1,
          528, 523, 515, -1,
          529, 530, 531, -1,
          532, 522, 482, -1,
          533, 503, 525, -1,
          534, 528, 515, -1,
          534, 515, 535, -1,
          536, 503, 533, -1,
          537, 534, 535, -1,
          538, 532, 482, -1,
          539, 537, 535, -1,
          540, 535, 541, -1,
          540, 539, 535, -1,
          542, 538, 482, -1,
          543, 540, 541, -1,
          544, 542, 482, -1,
          545, 529, 531, -1,
          545, 543, 541, -1,
          545, 541, 529, -1,
          545, 531, 546, -1,
          545, 546, 547, -1,
          545, 547, 548, -1,
          545, 548, 549, -1,
          550, 544, 482, -1,
          551, 552, 553, -1,
          554, 555, 551, -1,
          556, 482, 557, -1,
          556, 550, 482, -1,
          558, 545, 549, -1,
          558, 549, 559, -1,
          558, 559, 560, -1,
          558, 560, 561, -1,
          558, 561, 562, -1,
          558, 562, 563, -1,
          558, 563, 564, -1,
          558, 564, 565, -1,
          558, 565, 566, -1,
          558, 566, 567, -1,
          558, 567, 568, -1,
          569, 570, 554, -1,
          569, 554, 551, -1,
          571, 553, 572, -1,
          571, 551, 553, -1,
          571, 569, 551, -1,
          573, 572, 574, -1,
          573, 571, 572, -1,
          575, 574, 576, -1,
          575, 573, 574, -1,
          577, 576, 578, -1,
          577, 578, 579, -1,
          577, 575, 576, -1,
          580, 579, 581, -1,
          580, 577, 579, -1,
          582, 581, 583, -1,
          582, 580, 581, -1,
          584, 583, 585, -1,
          584, 582, 583, -1,
          586, 585, 587, -1,
          586, 584, 585, -1,
          588, 556, 557, -1,
          589, 587, 590, -1,
          589, 586, 587, -1,
          591, 589, 590, -1,
          591, 590, 592, -1,
          591, 592, 593, -1,
          594, 558, 568, -1,
          594, 568, 595, -1,
          594, 595, 596, -1,
          594, 596, 597, -1,
          594, 597, 598, -1,
          594, 598, 599, -1,
          594, 599, 600, -1,
          594, 600, 601, -1,
          594, 601, 602, -1,
          594, 602, 603, -1,
          594, 603, 604, -1,
          605, 593, 606, -1,
          605, 591, 593, -1,
          607, 588, 557, -1,
          608, 606, 609, -1,
          608, 605, 606, -1,
          610, 608, 609, -1,
          610, 609, 611, -1,
          612, 611, 613, -1,
          612, 610, 611, -1,
          614, 607, 557, -1,
          615, 612, 613, -1,
          616, 615, 613, -1,
          616, 613, 617, -1,
          618, 614, 557, -1,
          619, 616, 617, -1,
          620, 618, 557, -1,
          621, 619, 617, -1,
          621, 617, 622, -1,
          623, 621, 622, -1,
          623, 622, 624, -1,
          625, 620, 557, -1,
          626, 623, 624, -1,
          627, 594, 604, -1,
          627, 604, 628, -1,
          627, 628, 629, -1,
          627, 629, 630, -1,
          627, 630, 631, -1,
          632, 625, 557, -1,
          633, 626, 624, -1,
          633, 624, 634, -1,
          92, 635, 636, -1,
          92, 636, 637, -1,
          92, 637, 638, -1,
          92, 638, 639, -1,
          92, 639, 640, -1,
          92, 640, 641, -1,
          92, 641, 642, -1,
          92, 642, 643, -1,
          92, 643, 644, -1,
          92, 644, 645, -1,
          92, 645, 646, -1,
          92, 646, 647, -1,
          92, 647, 648, -1,
          92, 648, 649, -1,
          92, 649, 650, -1,
          92, 650, 651, -1,
          92, 503, 536, -1,
          92, 90, 503, -1,
          92, 536, 652, -1,
          92, 652, 653, -1,
          92, 653, 654, -1,
          92, 654, 655, -1,
          92, 655, 635, -1,
          656, 633, 634, -1,
          657, 632, 557, -1,
          658, 656, 634, -1,
          659, 657, 557, -1,
          660, 659, 557, -1,
          661, 658, 634, -1,
          662, 627, 631, -1,
          662, 631, 663, -1,
          662, 663, 664, -1,
          662, 664, 665, -1,
          662, 665, 666, -1,
          667, 660, 557, -1,
          668, 661, 634, -1,
          669, 667, 557, -1,
          670, 668, 634, -1,
          671, 669, 557, -1,
          672, 662, 666, -1,
          672, 666, 673, -1,
          672, 673, 674, -1,
          675, 671, 557, -1,
          676, 670, 634, -1,
          677, 672, 674, -1,
          677, 674, 678, -1,
          677, 678, 679, -1,
          680, 675, 557, -1,
          681, 680, 557, -1,
          682, 677, 679, -1,
          682, 679, 683, -1,
          682, 683, 684, -1,
          685, 682, 684, -1,
          685, 684, 686, -1,
          685, 686, 687, -1,
          685, 687, 688, -1,
          689, 557, 690, -1,
          689, 681, 557, -1,
          691, 685, 688, -1,
          691, 688, 692, -1,
          693, 689, 690, -1,
          694, 691, 692, -1,
          694, 692, 695, -1,
          696, 694, 695, -1,
          696, 695, 697, -1,
          698, 696, 697, -1,
          698, 697, 699, -1,
          700, 693, 690, -1,
          701, 699, 702, -1,
          701, 702, 703, -1,
          701, 698, 699, -1,
          704, 703, 705, -1,
          704, 701, 703, -1,
          706, 705, 707, -1,
          706, 707, 708, -1,
          706, 704, 705, -1,
          709, 710, 711, -1,
          712, 700, 690, -1,
          713, 706, 708, -1,
          713, 708, 714, -1,
          715, 716, 717, -1,
          715, 717, 718, -1,
          715, 718, 719, -1,
          720, 714, 721, -1,
          720, 713, 714, -1,
          722, 721, 723, -1,
          722, 720, 721, -1,
          724, 715, 725, -1,
          724, 716, 715, -1,
          726, 723, 716, -1,
          726, 716, 724, -1,
          726, 722, 723, -1,
          727, 712, 690, -1,
          728, 709, 711, -1,
          729, 727, 690, -1,
          730, 728, 711, -1,
          731, 729, 690, -1,
          732, 730, 711, -1,
          733, 731, 690, -1,
          734, 733, 690, -1,
          735, 732, 711, -1,
          736, 734, 690, -1,
          737, 735, 711, -1,
          738, 736, 690, -1,
          739, 711, 740, -1,
          739, 737, 711, -1,
          741, 738, 690, -1,
          742, 739, 740, -1,
          743, 741, 690, -1,
          744, 743, 690, -1,
          745, 742, 740, -1,
          746, 744, 690, -1,
          747, 745, 740, -1,
          748, 746, 690, -1,
          749, 747, 740, -1,
          750, 748, 690, -1,
          751, 740, 752, -1,
          751, 749, 740, -1,
          753, 750, 690, -1,
          754, 751, 752, -1,
          755, 753, 690, -1,
          756, 754, 752, -1,
          95, 651, 757, -1,
          95, 757, 758, -1,
          95, 758, 759, -1,
          95, 759, 760, -1,
          95, 760, 761, -1,
          95, 761, 762, -1,
          95, 762, 763, -1,
          95, 763, 764, -1,
          95, 764, 765, -1,
          95, 765, 766, -1,
          95, 766, 767, -1,
          95, 92, 651, -1,
          768, 756, 752, -1,
          769, 768, 752, -1,
          769, 752, 770, -1,
          771, 769, 770, -1,
          772, 771, 770, -1,
          773, 772, 770, -1,
          774, 773, 770, -1,
          775, 776, 777, -1,
          775, 777, 778, -1,
          775, 778, 779, -1,
          775, 779, 780, -1,
          781, 774, 770, -1,
          781, 770, 776, -1,
          782, 781, 776, -1,
          783, 776, 775, -1,
          784, 782, 776, -1,
          785, 776, 783, -1,
          786, 784, 776, -1,
          787, 776, 785, -1,
          787, 786, 776, -1,
          788, 775, 780, -1,
          788, 780, 789, -1,
          788, 789, 790, -1,
          788, 790, 791, -1,
          788, 791, 792, -1,
          788, 792, 793, -1,
          788, 793, 794, -1,
          795, 794, 796, -1,
          795, 796, 797, -1,
          795, 797, 798, -1,
          795, 798, 799, -1,
          795, 799, 800, -1,
          795, 800, 801, -1,
          795, 788, 794, -1,
          802, 795, 801, -1,
          802, 801, 803, -1,
          802, 803, 804, -1,
          802, 804, 805, -1,
          802, 805, 806, -1,
          802, 806, 807, -1,
          802, 807, 808, -1,
          802, 808, 809, -1,
          810, 811, 690, -1,
          812, 755, 690, -1,
          812, 690, 811, -1,
          812, 813, 755, -1,
          814, 810, 690, -1,
          815, 813, 812, -1,
          816, 814, 690, -1,
          817, 813, 815, -1,
          817, 818, 813, -1,
          819, 818, 817, -1,
          819, 820, 818, -1,
          821, 816, 690, -1,
          822, 820, 819, -1,
          822, 823, 820, -1,
          824, 821, 690, -1,
          825, 824, 690, -1,
          826, 802, 809, -1,
          826, 809, 823, -1,
          826, 823, 822, -1,
          827, 825, 690, -1,
          828, 827, 690, -1,
          829, 802, 826, -1,
          830, 828, 690, -1,
          831, 830, 690, -1,
          832, 831, 690, -1,
          833, 690, 834, -1,
          833, 832, 690, -1,
          835, 833, 834, -1,
          836, 835, 834, -1,
          837, 836, 834, -1,
          838, 837, 834, -1,
          839, 838, 834, -1,
          97, 95, 767, -1,
          97, 767, 840, -1,
          97, 840, 841, -1,
          97, 841, 842, -1,
          97, 842, 843, -1,
          97, 843, 844, -1,
          97, 844, 845, -1,
          97, 845, 846, -1,
          97, 846, 847, -1,
          97, 847, 848, -1,
          97, 848, 849, -1,
          97, 849, 850, -1,
          97, 850, 851, -1,
          97, 851, 852, -1,
          97, 852, 853, -1,
          97, 853, 854, -1,
          97, 854, 855, -1,
          97, 855, 856, -1,
          857, 839, 834, -1,
          858, 857, 834, -1,
          859, 802, 829, -1,
          860, 802, 859, -1,
          861, 859, 829, -1,
          862, 802, 860, -1,
          863, 861, 829, -1,
          863, 829, 864, -1,
          865, 802, 862, -1,
          866, 863, 864, -1,
          866, 864, 867, -1,
          868, 802, 865, -1,
          869, 866, 867, -1,
          870, 802, 868, -1,
          871, 867, 872, -1,
          871, 869, 867, -1,
          873, 858, 834, -1,
          874, 875, 876, -1,
          874, 876, 802, -1,
          874, 802, 870, -1,
          877, 871, 872, -1,
          877, 872, 878, -1,
          879, 878, 880, -1,
          879, 880, 881, -1,
          879, 877, 878, -1,
          882, 873, 834, -1,
          883, 875, 874, -1,
          883, 884, 875, -1,
          885, 879, 881, -1,
          885, 881, 886, -1,
          887, 884, 883, -1,
          887, 888, 889, -1,
          887, 889, 884, -1,
          890, 886, 891, -1,
          890, 885, 886, -1,
          892, 882, 834, -1,
          893, 894, 888, -1,
          893, 888, 887, -1,
          895, 890, 891, -1,
          895, 891, 896, -1,
          897, 898, 894, -1,
          897, 894, 893, -1,
          899, 896, 900, -1,
          899, 895, 896, -1,
          901, 898, 897, -1,
          901, 902, 903, -1,
          901, 903, 898, -1,
          904, 892, 834, -1,
          905, 900, 906, -1,
          905, 906, 907, -1,
          905, 899, 900, -1,
          908, 909, 902, -1,
          908, 902, 901, -1,
          910, 905, 907, -1,
          910, 907, 911, -1,
          912, 913, 909, -1,
          912, 909, 908, -1,
          914, 904, 834, -1,
          915, 911, 916, -1,
          915, 910, 911, -1,
          917, 915, 916, -1,
          917, 916, 918, -1,
          919, 917, 918, -1,
          919, 918, 920, -1,
          921, 914, 834, -1,
          922, 919, 920, -1,
          922, 920, 923, -1,
          924, 922, 923, -1,
          924, 923, 925, -1,
          924, 925, 926, -1,
          927, 921, 834, -1,
          928, 924, 926, -1,
          928, 926, 929, -1,
          930, 927, 834, -1,
          931, 928, 929, -1,
          932, 931, 929, -1,
          933, 930, 834, -1,
          934, 931, 932, -1,
          935, 933, 834, -1,
          936, 834, 937, -1,
          936, 935, 834, -1,
          99, 856, 938, -1,
          99, 938, 939, -1,
          99, 939, 940, -1,
          99, 940, 941, -1,
          99, 941, 942, -1,
          99, 942, 913, -1,
          99, 913, 912, -1,
          99, 912, 943, -1,
          99, 943, 944, -1,
          99, 944, 945, -1,
          99, 945, 946, -1,
          99, 946, 947, -1,
          99, 947, 948, -1,
          99, 948, 949, -1,
          99, 949, 950, -1,
          99, 950, 951, -1,
          99, 951, 952, -1,
          99, 952, 953, -1,
          99, 953, 954, -1,
          99, 954, 955, -1,
          99, 955, 956, -1,
          99, 956, 957, -1,
          99, 957, 958, -1,
          99, 958, 959, -1,
          99, 959, 960, -1,
          99, 960, 961, -1,
          99, 961, 962, -1,
          99, 962, 963, -1,
          99, 97, 856, -1,
          964, 936, 937, -1,
          965, 964, 937, -1,
          101, 963, 966, -1,
          101, 966, 967, -1,
          101, 967, 968, -1,
          101, 968, 969, -1,
          101, 969, 970, -1,
          101, 970, 971, -1,
          101, 971, 972, -1,
          101, 972, 973, -1,
          101, 973, 974, -1,
          101, 99, 963, -1,
          101, 974, 975, -1,
          101, 975, 976, -1,
          977, 937, 978, -1,
          977, 965, 937, -1,
          979, 101, 976, -1,
          980, 977, 978, -1,
          103, 101, 979, -1,
          103, 979, 981, -1,
          103, 981, 982, -1,
          105, 103, 982, -1,
          107, 977, 980, -1,
          107, 105, 982, -1,
          107, 982, 977, -1,
          110, 980, 983, -1,
          110, 107, 980, -1,
          112, 983, 984, -1,
          112, 110, 983, -1,
          114, 984, 985, -1,
          114, 112, 984, -1,
          116, 985, 986, -1,
          116, 114, 985, -1,
          119, 986, 987, -1,
          119, 116, 986, -1,
          121, 987, 988, -1,
          121, 119, 987, -1,
          124, 988, 989, -1,
          124, 121, 988, -1,
          126, 124, 989, -1,
          129, 989, 990, -1,
          129, 126, 989, -1,
          131, 990, 991, -1,
          131, 129, 990, -1,
          134, 991, 992, -1,
          134, 131, 991, -1,
          136, 992, 993, -1,
          136, 134, 992, -1,
          138, 993, 994, -1,
          138, 136, 993, -1,
          140, 994, 995, -1,
          140, 138, 994, -1,
          143, 995, 996, -1,
          143, 140, 995, -1,
          145, 996, 997, -1,
          145, 143, 996, -1,
          147, 145, 997, -1,
          149, 997, 998, -1,
          149, 147, 997, -1,
          152, 149, 998, -1,
          152, 998, 999, -1,
          154, 152, 999, -1,
          154, 999, 1000, -1,
          157, 154, 1000, -1,
          157, 1000, 1001, -1,
          159, 157, 1001, -1,
          159, 1001, 1002, -1,
          162, 159, 1002, -1,
          162, 1002, 1003, -1,
          164, 162, 1003, -1,
          164, 1003, 1004, -1,
          166, 164, 1004, -1,
          168, 166, 1004, -1,
          168, 1004, 1005, -1,
          1006, 1005, 1007, -1,
          1006, 168, 1005, -1,
          1008, 1007, 1009, -1,
          1008, 1006, 1007, -1,
          1010, 1008, 1009, -1,
          1010, 1009, 1011, -1,
          1012, 1010, 1011, -1,
          1013, 1011, 1014, -1,
          1013, 1012, 1011, -1,
          1015, 1014, 1016, -1,
          1015, 1013, 1014, -1,
          1017, 1016, 1018, -1,
          1017, 1015, 1016, -1,
          1019, 1018, 1020, -1,
          1019, 1017, 1018, -1,
          1021, 1020, 1022, -1,
          1021, 1019, 1020, -1,
          1023, 1022, 1024, -1,
          1023, 1021, 1022, -1,
          1025, 1024, 1026, -1,
          1025, 1023, 1024, -1,
          1027, 1026, 1028, -1,
          1027, 1025, 1026, -1,
          1029, 1027, 1028, -1,
          1030, 1028, 1031, -1,
          1030, 1029, 1028, -1,
          1032, 1031, 1033, -1,
          1032, 1030, 1031, -1,
          1034, 1033, 1035, -1,
          1034, 1032, 1033, -1,
          1036, 1034, 1035, -1,
          1037, 1035, 1038, -1,
          1037, 1036, 1035, -1,
          1039, 1038, 1040, -1,
          1039, 1037, 1038, -1,
          1041, 1039, 1040, -1,
          1042, 1040, 1043, -1,
          1042, 1041, 1040, -1,
          1044, 1042, 1043, -1,
          1044, 1043, 1045, -1,
          1046, 1044, 1045, -1,
          1047, 1046, 1045, -1,
          1047, 1045, 1048, -1,
          1049, 1047, 1048, -1,
          1049, 1048, 1050, -1,
          1051, 1049, 1050, -1,
          1052, 1051, 1050, -1,
          1052, 1050, 1053, -1,
          1054, 1052, 1053, -1,
          1054, 1053, 1055, -1,
          1056, 1054, 1055, -1,
          1057, 1056, 1055, -1,
          1057, 1055, 1058, -1,
          1059, 1057, 1058, -1,
          1059, 1058, 1060, -1,
          1061, 1059, 1060, -1,
          1062, 1061, 1060, -1,
          1062, 1060, 1063, -1,
          1064, 1062, 1063, -1,
          1065, 1064, 1063, -1,
          1065, 1063, 1066, -1,
          1067, 1065, 1066, -1,
          1067, 1066, 1068, -1,
          1069, 1067, 1068, -1,
          1070, 1068, 1071, -1,
          1070, 1069, 1068, -1,
          1072, 1070, 1071, -1,
          1072, 1071, 1073, -1,
          1074, 1072, 1073, -1,
          1075, 1073, 1076, -1,
          1075, 1074, 1073, -1,
          1077, 1076, 171, -1,
          1077, 1075, 1076, -1,
          1078, 1077, 171, -1,
          299, 1078, 171, -1,
          457, 1079, 465, -1,
          634, 711, 676, -1,
          676, 711, 1080, -1,
          1080, 711, 1081, -1,
          1081, 711, 710, -1,
          1082, 1083, 1084, -1,
          1082, 1084, 1085, -1,
          1086, 1087, 1083, -1,
          1086, 1083, 1082, -1,
          1088, 1087, 1086, -1,
          1089, 1090, 1087, -1,
          1089, 1087, 1088, -1,
          1091, 1092, 1090, -1,
          1091, 1090, 1089, -1,
          1093, 1094, 1095, -1,
          1093, 1095, 1092, -1,
          1093, 1092, 1091, -1,
          1096, 1097, 1098, -1,
          1096, 1098, 1099, -1,
          1096, 1099, 1094, -1,
          1096, 1094, 1093, -1,
          1100, 1097, 1096, -1,
          1100, 1101, 1097, -1,
          1102, 1101, 1100, -1,
          1102, 1103, 1104, -1,
          1102, 1104, 1101, -1,
          1105, 1103, 1102, -1,
          1105, 1106, 1107, -1,
          1105, 1107, 1108, -1,
          1105, 1108, 1109, -1,
          1105, 1109, 1103, -1,
          1110, 1106, 1105, -1,
          1111, 1110, 1105, -1,
          1111, 1112, 1113, -1,
          1111, 1113, 1110, -1,
          1114, 1112, 1111, -1,
          1115, 1116, 1117, -1,
          1118, 1115, 1117, -1,
          1119, 1118, 1117, -1,
          1120, 1119, 1117, -1,
          1121, 1122, 1120, -1,
          1123, 1117, 1124, -1,
          1123, 1124, 1125, -1,
          1123, 1125, 1126, -1,
          1123, 1126, 1127, -1,
          1123, 1127, 1128, -1,
          1123, 1128, 1129, -1,
          1123, 1120, 1117, -1,
          1123, 1121, 1120, -1,
          1130, 1129, 1131, -1,
          1130, 1131, 1132, -1,
          1130, 1132, 1133, -1,
          1130, 1123, 1129, -1,
          1134, 1133, 1135, -1,
          1134, 1135, 1136, -1,
          1134, 1136, 1137, -1,
          1134, 1137, 1138, -1,
          1134, 1138, 1139, -1,
          1134, 1139, 1140, -1,
          1134, 1140, 1141, -1,
          1134, 1130, 1133, -1,
          1142, 1141, 1143, -1,
          1142, 1114, 1111, -1,
          1142, 1143, 1144, -1,
          1142, 1144, 1145, -1,
          1142, 1145, 1146, -1,
          1142, 1146, 1147, -1,
          1142, 1147, 1114, -1,
          1142, 1134, 1141, -1,
          1148, 1111, 1149, -1,
          1148, 1142, 1111, -1,
          1150, 1149, 1151, -1,
          1150, 1148, 1149, -1,
          1152, 1153, 1154, -1,
          1152, 1154, 1155, -1,
          1152, 1155, 1156, -1,
          1152, 1156, 1157, -1,
          1152, 1157, 1158, -1,
          1152, 1158, 1159, -1,
          1160, 1161, 1162, -1,
          1160, 1162, 1163, -1,
          1160, 1163, 1153, -1,
          1160, 1153, 1152, -1,
          1164, 1165, 1166, -1,
          1164, 1166, 1167, -1,
          1164, 1167, 1161, -1,
          1164, 1161, 1160, -1,
          1168, 1165, 1164, -1,
          1168, 1169, 1170, -1,
          1168, 1170, 1171, -1,
          1168, 1171, 1165, -1,
          1172, 1169, 1168, -1,
          1172, 1173, 1174, -1,
          1172, 1174, 1169, -1,
          1175, 1173, 1172, -1,
          1175, 1176, 1177, -1,
          1175, 1177, 1178, -1,
          1175, 1178, 1173, -1,
          1179, 1176, 1175, -1,
          1180, 1179, 1175, -1,
          1180, 1181, 1182, -1,
          1180, 1182, 1183, -1,
          1180, 1183, 1179, -1,
          1184, 1181, 1180, -1,
          1185, 1186, 1187, -1,
          1185, 1187, 1188, -1,
          1189, 1190, 1185, -1,
          1191, 1189, 1185, -1,
          1192, 1185, 1188, -1,
          1192, 1191, 1185, -1,
          1193, 1188, 1194, -1,
          1193, 1194, 1195, -1,
          1193, 1192, 1188, -1,
          1196, 1195, 1197, -1,
          1196, 1197, 1198, -1,
          1196, 1198, 1199, -1,
          1196, 1193, 1195, -1,
          1200, 1199, 1201, -1,
          1200, 1201, 1202, -1,
          1200, 1196, 1199, -1,
          1203, 1202, 1204, -1,
          1203, 1204, 1205, -1,
          1203, 1205, 1206, -1,
          1203, 1206, 1207, -1,
          1203, 1207, 1208, -1,
          1203, 1208, 1209, -1,
          1203, 1209, 1210, -1,
          1203, 1200, 1202, -1,
          1211, 1184, 1180, -1,
          1211, 1210, 1212, -1,
          1211, 1212, 1213, -1,
          1211, 1213, 1214, -1,
          1211, 1214, 1215, -1,
          1211, 1215, 1184, -1,
          1211, 1203, 1210, -1,
          1216, 1180, 1217, -1,
          1216, 1211, 1180, -1,
          1218, 1217, 1219, -1,
          1218, 1216, 1217, -1,
          867, 864, 829, -1,
          1169, 838, 839, -1,
          1170, 839, 857, -1,
          1170, 1169, 839, -1,
          1174, 837, 838, -1,
          1174, 838, 1169, -1,
          1171, 857, 858, -1,
          1171, 1170, 857, -1,
          1173, 836, 837, -1,
          1173, 835, 836, -1,
          1173, 837, 1174, -1,
          1165, 1171, 858, -1,
          1178, 833, 835, -1,
          1178, 835, 1173, -1,
          1166, 858, 873, -1,
          1166, 1165, 858, -1,
          1167, 873, 882, -1,
          1167, 1166, 873, -1,
          1177, 832, 833, -1,
          1177, 831, 832, -1,
          1177, 833, 1178, -1,
          1161, 882, 892, -1,
          1161, 1167, 882, -1,
          1176, 830, 831, -1,
          1176, 828, 830, -1,
          1176, 831, 1177, -1,
          1162, 1161, 892, -1,
          1179, 827, 828, -1,
          1179, 825, 827, -1,
          1179, 828, 1176, -1,
          1163, 1162, 892, -1,
          1163, 892, 904, -1,
          1183, 824, 825, -1,
          1183, 821, 824, -1,
          1183, 825, 1179, -1,
          1153, 1163, 904, -1,
          1153, 904, 914, -1,
          1182, 816, 821, -1,
          1182, 814, 816, -1,
          1182, 810, 814, -1,
          1182, 821, 1183, -1,
          1154, 1153, 914, -1,
          1155, 1154, 914, -1,
          1181, 811, 810, -1,
          1181, 812, 811, -1,
          1181, 815, 812, -1,
          1181, 817, 815, -1,
          1181, 810, 1182, -1,
          1181, 819, 817, -1,
          1181, 822, 819, -1,
          1156, 1155, 914, -1,
          1156, 914, 921, -1,
          1157, 1156, 921, -1,
          1184, 826, 822, -1,
          1184, 829, 826, -1,
          1184, 872, 867, -1,
          1184, 878, 872, -1,
          1184, 880, 878, -1,
          1184, 881, 880, -1,
          1184, 886, 881, -1,
          1184, 822, 1181, -1,
          1184, 867, 829, -1,
          1158, 1157, 921, -1,
          1158, 921, 927, -1,
          1159, 1158, 927, -1,
          1215, 886, 1184, -1,
          1215, 891, 886, -1,
          1215, 896, 891, -1,
          1215, 900, 896, -1,
          1152, 1159, 927, -1,
          1152, 927, 930, -1,
          1214, 900, 1215, -1,
          1214, 906, 900, -1,
          1213, 907, 906, -1,
          1213, 911, 907, -1,
          1213, 906, 1214, -1,
          1160, 1152, 930, -1,
          1160, 930, 933, -1,
          1212, 911, 1213, -1,
          1212, 916, 911, -1,
          1210, 916, 1212, -1,
          1210, 918, 916, -1,
          920, 918, 1210, -1,
          1209, 920, 1210, -1,
          1164, 1160, 933, -1,
          1164, 933, 935, -1,
          923, 920, 1209, -1,
          923, 1209, 1208, -1,
          925, 923, 1208, -1,
          925, 1207, 1206, -1,
          925, 1208, 1207, -1,
          1168, 1164, 935, -1,
          1168, 935, 936, -1,
          926, 1206, 1205, -1,
          926, 925, 1206, -1,
          929, 926, 1205, -1,
          929, 1205, 1204, -1,
          1172, 1168, 936, -1,
          932, 929, 1204, -1,
          932, 1202, 1201, -1,
          932, 1204, 1202, -1,
          1175, 1172, 936, -1,
          934, 1195, 1194, -1,
          934, 1197, 1195, -1,
          934, 1198, 1197, -1,
          934, 1199, 1198, -1,
          934, 1201, 1199, -1,
          934, 932, 1201, -1,
          1188, 934, 1194, -1,
          964, 1175, 936, -1,
          1187, 934, 1188, -1,
          1186, 934, 1187, -1,
          1180, 1175, 964, -1,
          1101, 919, 922, -1,
          1104, 917, 919, -1,
          1104, 919, 1101, -1,
          1097, 922, 924, -1,
          1097, 1101, 922, -1,
          1103, 917, 1104, -1,
          1103, 915, 917, -1,
          1098, 924, 928, -1,
          1098, 1097, 924, -1,
          1109, 915, 1103, -1,
          1109, 910, 915, -1,
          1099, 1098, 928, -1,
          1108, 905, 910, -1,
          1108, 899, 905, -1,
          1108, 910, 1109, -1,
          1094, 928, 931, -1,
          1094, 1099, 928, -1,
          1095, 1094, 931, -1,
          1107, 899, 1108, -1,
          1107, 895, 899, -1,
          1092, 931, 934, -1,
          1092, 1095, 931, -1,
          1106, 895, 1107, -1,
          1106, 890, 895, -1,
          1106, 885, 890, -1,
          1090, 1092, 934, -1,
          1110, 879, 885, -1,
          1110, 877, 879, -1,
          1110, 885, 1106, -1,
          1087, 1090, 934, -1,
          1113, 877, 1110, -1,
          1113, 871, 877, -1,
          1113, 869, 871, -1,
          1083, 1087, 934, -1,
          1084, 1083, 934, -1,
          1112, 869, 1113, -1,
          1112, 866, 869, -1,
          1112, 863, 866, -1,
          1112, 861, 863, -1,
          1112, 859, 861, -1,
          1112, 860, 859, -1,
          1112, 862, 860, -1,
          1085, 1084, 934, -1,
          1082, 1085, 934, -1,
          1114, 883, 874, -1,
          1114, 862, 1112, -1,
          1114, 865, 862, -1,
          1114, 868, 865, -1,
          1114, 870, 868, -1,
          1114, 874, 870, -1,
          1086, 1082, 934, -1,
          1088, 934, 1186, -1,
          1088, 1086, 934, -1,
          1088, 1186, 1185, -1,
          1147, 887, 883, -1,
          1147, 893, 887, -1,
          1147, 897, 893, -1,
          1147, 901, 897, -1,
          1147, 908, 901, -1,
          1147, 883, 1114, -1,
          1089, 1185, 1190, -1,
          1089, 1088, 1185, -1,
          1146, 912, 908, -1,
          1146, 943, 912, -1,
          1146, 908, 1147, -1,
          1217, 1180, 964, -1,
          1145, 944, 943, -1,
          1145, 945, 944, -1,
          1145, 943, 1146, -1,
          965, 1217, 964, -1,
          1144, 946, 945, -1,
          1144, 945, 1145, -1,
          1091, 1089, 1190, -1,
          1091, 1190, 1189, -1,
          1143, 946, 1144, -1,
          1143, 947, 946, -1,
          1141, 948, 947, -1,
          1141, 949, 948, -1,
          1141, 947, 1143, -1,
          1093, 1191, 1192, -1,
          1093, 1189, 1191, -1,
          1093, 1091, 1189, -1,
          1140, 950, 949, -1,
          1140, 951, 950, -1,
          1140, 949, 1141, -1,
          1139, 952, 951, -1,
          1139, 951, 1140, -1,
          953, 952, 1139, -1,
          1096, 1093, 1192, -1,
          1096, 1192, 1193, -1,
          1138, 953, 1139, -1,
          954, 953, 1138, -1,
          955, 1138, 1137, -1,
          955, 954, 1138, -1,
          1219, 1217, 965, -1,
          1100, 1196, 1200, -1,
          1100, 1193, 1196, -1,
          1100, 1096, 1193, -1,
          956, 1137, 1136, -1,
          956, 955, 1137, -1,
          1102, 1100, 1200, -1,
          957, 956, 1136, -1,
          957, 1136, 1135, -1,
          958, 957, 1135, -1,
          959, 958, 1135, -1,
          959, 1135, 1133, -1,
          1105, 1200, 1203, -1,
          1105, 1102, 1200, -1,
          960, 959, 1133, -1,
          960, 1133, 1132, -1,
          977, 1219, 965, -1,
          961, 960, 1132, -1,
          961, 1132, 1131, -1,
          962, 961, 1131, -1,
          962, 1129, 1128, -1,
          962, 1131, 1129, -1,
          963, 962, 1128, -1,
          963, 1127, 1126, -1,
          963, 1128, 1127, -1,
          1111, 1105, 1203, -1,
          1111, 1203, 1211, -1,
          966, 963, 1126, -1,
          966, 1126, 1125, -1,
          967, 966, 1125, -1,
          967, 1125, 1124, -1,
          968, 967, 1124, -1,
          968, 1116, 1115, -1,
          968, 1117, 1116, -1,
          968, 1124, 1117, -1,
          969, 968, 1115, -1,
          969, 1118, 1119, -1,
          969, 1115, 1118, -1,
          1149, 1111, 1211, -1,
          1149, 1211, 1216, -1,
          1218, 1219, 977, -1,
          970, 1119, 1120, -1,
          970, 969, 1119, -1,
          971, 970, 1120, -1,
          971, 1120, 1122, -1,
          972, 971, 1122, -1,
          972, 1122, 1121, -1,
          973, 972, 1121, -1,
          973, 1121, 1123, -1,
          1151, 1218, 977, -1,
          1151, 1216, 1218, -1,
          1151, 1149, 1216, -1,
          974, 973, 1123, -1,
          974, 1123, 1130, -1,
          975, 974, 1130, -1,
          975, 1130, 1134, -1,
          976, 975, 1134, -1,
          1142, 976, 1134, -1,
          979, 976, 1142, -1,
          979, 1142, 1148, -1,
          981, 1148, 1150, -1,
          981, 979, 1148, -1,
          982, 1150, 1151, -1,
          982, 1151, 977, -1,
          982, 981, 1150, -1,
          515, 474, 475, -1,
          515, 472, 474, -1,
          515, 470, 472, -1,
          515, 468, 470, -1,
          515, 467, 468, -1,
          515, 466, 467, -1,
          515, 469, 466, -1,
          515, 471, 469, -1,
          515, 473, 471, -1,
          515, 476, 473, -1,
          515, 478, 476, -1,
          535, 481, 483, -1,
          535, 480, 481, -1,
          535, 479, 480, -1,
          535, 477, 479, -1,
          535, 475, 477, -1,
          535, 515, 475, -1,
          560, 490, 491, -1,
          559, 490, 560, -1,
          559, 489, 490, -1,
          561, 560, 491, -1,
          561, 491, 492, -1,
          549, 488, 489, -1,
          549, 489, 559, -1,
          562, 561, 492, -1,
          562, 493, 498, -1,
          562, 492, 493, -1,
          548, 487, 488, -1,
          548, 486, 487, -1,
          548, 488, 549, -1,
          563, 562, 498, -1,
          563, 498, 509, -1,
          547, 485, 486, -1,
          547, 486, 548, -1,
          546, 484, 485, -1,
          546, 483, 484, -1,
          546, 485, 547, -1,
          546, 535, 483, -1,
          564, 563, 509, -1,
          531, 535, 546, -1,
          565, 509, 517, -1,
          565, 564, 509, -1,
          566, 565, 517, -1,
          530, 535, 531, -1,
          567, 566, 517, -1,
          567, 517, 522, -1,
          568, 567, 522, -1,
          529, 535, 530, -1,
          595, 568, 522, -1,
          595, 522, 532, -1,
          596, 595, 532, -1,
          541, 535, 529, -1,
          597, 532, 538, -1,
          597, 596, 532, -1,
          598, 597, 538, -1,
          599, 538, 542, -1,
          599, 598, 538, -1,
          600, 599, 542, -1,
          601, 600, 542, -1,
          601, 542, 544, -1,
          602, 601, 544, -1,
          602, 544, 550, -1,
          603, 602, 550, -1,
          604, 550, 556, -1,
          604, 603, 550, -1,
          628, 604, 556, -1,
          629, 628, 556, -1,
          629, 556, 588, -1,
          630, 629, 588, -1,
          631, 588, 607, -1,
          631, 630, 588, -1,
          663, 607, 614, -1,
          663, 631, 607, -1,
          664, 614, 618, -1,
          664, 663, 614, -1,
          665, 664, 618, -1,
          665, 618, 620, -1,
          666, 665, 620, -1,
          666, 620, 625, -1,
          673, 666, 625, -1,
          673, 625, 632, -1,
          583, 528, 534, -1,
          581, 528, 583, -1,
          581, 523, 528, -1,
          579, 523, 581, -1,
          585, 583, 534, -1,
          585, 534, 537, -1,
          578, 523, 579, -1,
          578, 520, 523, -1,
          587, 585, 537, -1,
          587, 537, 539, -1,
          576, 520, 578, -1,
          576, 518, 520, -1,
          590, 587, 539, -1,
          574, 518, 576, -1,
          574, 514, 518, -1,
          592, 590, 539, -1,
          592, 539, 540, -1,
          572, 514, 574, -1,
          572, 512, 514, -1,
          572, 510, 512, -1,
          593, 592, 540, -1,
          553, 510, 572, -1,
          553, 508, 510, -1,
          553, 506, 508, -1,
          552, 506, 553, -1,
          552, 504, 506, -1,
          552, 501, 504, -1,
          674, 673, 632, -1,
          606, 593, 540, -1,
          606, 540, 543, -1,
          551, 501, 552, -1,
          551, 499, 501, -1,
          551, 496, 499, -1,
          551, 495, 496, -1,
          551, 494, 495, -1,
          551, 497, 494, -1,
          551, 500, 497, -1,
          609, 606, 543, -1,
          611, 543, 545, -1,
          611, 609, 543, -1,
          678, 674, 632, -1,
          678, 632, 657, -1,
          555, 511, 507, -1,
          555, 513, 511, -1,
          555, 516, 513, -1,
          555, 519, 516, -1,
          555, 521, 519, -1,
          555, 500, 551, -1,
          555, 502, 500, -1,
          555, 505, 502, -1,
          555, 507, 505, -1,
          613, 611, 545, -1,
          679, 657, 659, -1,
          679, 678, 657, -1,
          554, 521, 555, -1,
          554, 524, 521, -1,
          554, 525, 524, -1,
          554, 533, 525, -1,
          617, 545, 558, -1,
          617, 613, 545, -1,
          570, 533, 554, -1,
          570, 536, 533, -1,
          570, 652, 536, -1,
          569, 652, 570, -1,
          569, 653, 652, -1,
          683, 659, 660, -1,
          683, 679, 659, -1,
          622, 617, 558, -1,
          571, 654, 653, -1,
          571, 655, 654, -1,
          571, 653, 569, -1,
          684, 683, 660, -1,
          573, 655, 571, -1,
          573, 635, 655, -1,
          686, 684, 660, -1,
          686, 660, 667, -1,
          624, 558, 594, -1,
          624, 622, 558, -1,
          575, 636, 635, -1,
          575, 637, 636, -1,
          575, 635, 573, -1,
          687, 686, 667, -1,
          687, 667, 669, -1,
          577, 637, 575, -1,
          688, 687, 669, -1,
          638, 637, 577, -1,
          692, 669, 671, -1,
          692, 688, 669, -1,
          580, 638, 577, -1,
          634, 624, 594, -1,
          627, 634, 594, -1,
          639, 638, 580, -1,
          695, 692, 671, -1,
          695, 671, 675, -1,
          697, 695, 675, -1,
          697, 675, 680, -1,
          640, 580, 582, -1,
          640, 639, 580, -1,
          699, 697, 680, -1,
          699, 680, 681, -1,
          641, 582, 584, -1,
          641, 640, 582, -1,
          702, 681, 689, -1,
          702, 699, 681, -1,
          642, 584, 586, -1,
          642, 641, 584, -1,
          703, 702, 689, -1,
          703, 689, 693, -1,
          705, 693, 700, -1,
          705, 703, 693, -1,
          643, 586, 589, -1,
          643, 642, 586, -1,
          707, 705, 700, -1,
          707, 700, 712, -1,
          708, 712, 727, -1,
          708, 707, 712, -1,
          714, 708, 727, -1,
          644, 589, 591, -1,
          644, 643, 589, -1,
          729, 714, 727, -1,
          721, 714, 729, -1,
          731, 721, 729, -1,
          645, 591, 605, -1,
          645, 644, 591, -1,
          733, 723, 721, -1,
          733, 721, 731, -1,
          646, 645, 605, -1,
          646, 605, 608, -1,
          734, 716, 723, -1,
          734, 723, 733, -1,
          736, 716, 734, -1,
          647, 646, 608, -1,
          647, 610, 612, -1,
          647, 608, 610, -1,
          738, 716, 736, -1,
          738, 717, 716, -1,
          648, 647, 612, -1,
          648, 612, 615, -1,
          741, 717, 738, -1,
          711, 662, 672, -1,
          711, 627, 662, -1,
          711, 634, 627, -1,
          743, 717, 741, -1,
          649, 615, 616, -1,
          649, 648, 615, -1,
          744, 718, 717, -1,
          744, 717, 743, -1,
          650, 616, 619, -1,
          650, 649, 616, -1,
          746, 718, 744, -1,
          740, 672, 677, -1,
          740, 711, 672, -1,
          748, 718, 746, -1,
          651, 621, 623, -1,
          651, 619, 621, -1,
          651, 650, 619, -1,
          750, 718, 748, -1,
          753, 719, 718, -1,
          753, 718, 750, -1,
          757, 623, 626, -1,
          757, 651, 623, -1,
          752, 682, 685, -1,
          752, 677, 682, -1,
          752, 740, 677, -1,
          755, 719, 753, -1,
          813, 719, 755, -1,
          770, 694, 696, -1,
          770, 691, 694, -1,
          770, 685, 691, -1,
          770, 752, 685, -1,
          758, 757, 626, -1,
          758, 626, 633, -1,
          818, 719, 813, -1,
          820, 719, 818, -1,
          776, 770, 696, -1,
          776, 696, 698, -1,
          759, 758, 633, -1,
          759, 656, 658, -1,
          759, 633, 656, -1,
          823, 719, 820, -1,
          777, 701, 704, -1,
          777, 698, 701, -1,
          777, 776, 698, -1,
          809, 719, 823, -1,
          778, 777, 704, -1,
          778, 704, 706, -1,
          760, 759, 658, -1,
          808, 719, 809, -1,
          779, 706, 713, -1,
          779, 778, 706, -1,
          780, 779, 713, -1,
          806, 808, 807, -1,
          806, 719, 808, -1,
          805, 715, 719, -1,
          805, 719, 806, -1,
          789, 713, 720, -1,
          789, 780, 713, -1,
          761, 661, 668, -1,
          761, 658, 661, -1,
          761, 760, 658, -1,
          804, 715, 805, -1,
          790, 789, 720, -1,
          790, 720, 722, -1,
          791, 790, 722, -1,
          803, 715, 804, -1,
          792, 722, 726, -1,
          792, 791, 722, -1,
          801, 715, 803, -1,
          793, 726, 724, -1,
          793, 792, 726, -1,
          800, 715, 801, -1,
          794, 793, 724, -1,
          799, 725, 715, -1,
          799, 715, 800, -1,
          796, 724, 725, -1,
          796, 794, 724, -1,
          798, 725, 799, -1,
          797, 796, 725, -1,
          797, 725, 798, -1,
          762, 761, 668, -1,
          762, 668, 670, -1,
          763, 670, 676, -1,
          763, 762, 670, -1,
          763, 676, 1080, -1,
          764, 1081, 710, -1,
          764, 1080, 1081, -1,
          764, 763, 1080, -1,
          765, 709, 728, -1,
          765, 710, 709, -1,
          765, 764, 710, -1,
          766, 730, 732, -1,
          766, 728, 730, -1,
          766, 765, 728, -1,
          788, 783, 775, -1,
          788, 785, 783, -1,
          788, 787, 785, -1,
          767, 732, 735, -1,
          767, 766, 732, -1,
          840, 767, 735, -1,
          840, 737, 739, -1,
          840, 735, 737, -1,
          841, 840, 739, -1,
          841, 739, 742, -1,
          842, 742, 745, -1,
          842, 841, 742, -1,
          843, 745, 747, -1,
          843, 842, 745, -1,
          844, 749, 751, -1,
          844, 747, 749, -1,
          844, 843, 747, -1,
          845, 844, 751, -1,
          845, 751, 754, -1,
          876, 795, 802, -1,
          846, 754, 756, -1,
          846, 845, 754, -1,
          875, 795, 876, -1,
          884, 795, 875, -1,
          847, 756, 768, -1,
          847, 846, 756, -1,
          889, 795, 884, -1,
          848, 847, 768, -1,
          848, 768, 769, -1,
          888, 795, 889, -1,
          849, 771, 772, -1,
          849, 769, 771, -1,
          849, 848, 769, -1,
          894, 795, 888, -1,
          898, 795, 894, -1,
          850, 772, 773, -1,
          850, 849, 772, -1,
          903, 795, 898, -1,
          851, 773, 774, -1,
          851, 850, 773, -1,
          902, 795, 903, -1,
          852, 774, 781, -1,
          852, 851, 774, -1,
          909, 788, 795, -1,
          909, 795, 902, -1,
          913, 788, 909, -1,
          853, 781, 782, -1,
          853, 852, 781, -1,
          942, 788, 913, -1,
          854, 853, 782, -1,
          941, 788, 942, -1,
          855, 782, 784, -1,
          855, 854, 782, -1,
          940, 787, 788, -1,
          940, 788, 941, -1,
          939, 787, 940, -1,
          939, 786, 787, -1,
          856, 855, 784, -1,
          856, 784, 786, -1,
          938, 856, 786, -1,
          938, 786, 939, -1,
          451, 445, 453, -1,
          454, 451, 453, -1,
          455, 454, 453, -1,
          457, 456, 455, -1,
          457, 453, 452, -1,
          457, 455, 453, -1,
          1079, 460, 461, -1,
          1079, 461, 463, -1,
          1079, 463, 464, -1,
          526, 465, 1079, -1,
          527, 526, 1079, -1,
          503, 1079, 464, -1,
          503, 527, 1079, -1,
          1079, 457, 452, -1,
          449, 453, 448, -1,
          448, 453, 447, -1,
          447, 453, 445, -1,
          452, 460, 1079, -1,
          417, 415, 416, -1,
          418, 415, 417, -1,
          419, 414, 415, -1,
          419, 415, 418, -1,
          433, 413, 414, -1,
          433, 423, 424, -1,
          433, 422, 423, -1,
          433, 421, 422, -1,
          433, 420, 421, -1,
          433, 419, 420, -1,
          433, 414, 419, -1,
          434, 433, 424, -1,
          435, 424, 425, -1,
          435, 434, 424, -1,
          436, 425, 427, -1,
          436, 435, 425, -1,
          437, 427, 428, -1,
          437, 436, 427, -1,
          438, 428, 429, -1,
          438, 437, 428, -1,
          439, 429, 430, -1,
          439, 438, 429, -1,
          440, 439, 430, -1,
          441, 430, 442, -1,
          441, 440, 430, -1,
          443, 441, 442, -1,
          450, 443, 442, -1,
          446, 450, 442, -1,
          426, 413, 433, -1,
          433, 432, 444, -1,
          433, 444, 431, -1,
          433, 431, 426, -1,
          381, 379, 380, -1,
          386, 379, 381, -1,
          385, 378, 379, -1,
          385, 379, 386, -1,
          398, 377, 378, -1,
          398, 389, 390, -1,
          398, 388, 389, -1,
          398, 387, 388, -1,
          398, 384, 387, -1,
          398, 385, 384, -1,
          398, 378, 385, -1,
          399, 398, 390, -1,
          400, 390, 391, -1,
          400, 399, 390, -1,
          401, 391, 393, -1,
          401, 400, 391, -1,
          402, 393, 394, -1,
          402, 401, 393, -1,
          403, 394, 395, -1,
          403, 402, 394, -1,
          404, 395, 396, -1,
          404, 403, 395, -1,
          405, 404, 396, -1,
          406, 396, 407, -1,
          406, 405, 396, -1,
          408, 406, 407, -1,
          411, 408, 407, -1,
          412, 411, 407, -1,
          392, 377, 398, -1,
          398, 397, 410, -1,
          398, 410, 409, -1,
          398, 409, 392, -1,
          341, 339, 337, -1,
          343, 342, 344, -1,
          343, 341, 342, -1,
          343, 339, 341, -1,
          350, 345, 346, -1,
          350, 344, 345, -1,
          350, 343, 344, -1,
          351, 346, 347, -1,
          351, 350, 346, -1,
          352, 348, 349, -1,
          352, 347, 348, -1,
          352, 351, 347, -1,
          353, 349, 458, -1,
          353, 352, 349, -1,
          354, 353, 458, -1,
          355, 458, 359, -1,
          355, 354, 458, -1,
          373, 357, 356, -1,
          374, 373, 356, -1,
          364, 355, 359, -1,
          376, 355, 364, -1,
          376, 374, 356, -1,
          376, 356, 355, -1,
          365, 364, 359, -1,
          375, 374, 376, -1,
          366, 365, 359, -1,
          367, 366, 359, -1,
          368, 367, 359, -1,
          368, 359, 358, -1,
          369, 368, 358, -1,
          370, 369, 358, -1,
          370, 358, 360, -1,
          371, 370, 360, -1,
          371, 360, 361, -1,
          372, 371, 361, -1,
          372, 361, 362, -1,
          382, 372, 362, -1,
          382, 362, 363, -1,
          383, 382, 363, -1,
          458, 335, 336, -1,
          458, 336, 338, -1,
          458, 338, 359, -1,
          340, 359, 338, -1,
          1220, 1221, 1222, -1,
          1223, 1224, 1225, -1,
          1223, 1225, 1226, -1,
          1223, 1226, 1227, -1,
          1228, 1229, 1221, -1,
          1228, 1220, 1230, -1,
          1228, 1230, 1231, -1,
          1228, 1221, 1220, -1,
          1232, 1233, 1223, -1,
          1232, 1223, 1227, -1,
          1234, 1235, 1236, -1,
          1237, 1236, 1232, -1,
          1237, 1234, 1236, -1,
          1237, 1232, 1227, -1,
          1238, 1239, 1240, -1,
          1238, 1240, 1241, -1,
          1242, 1243, 1239, -1,
          1242, 1239, 1238, -1,
          1244, 1243, 1242, -1,
          1245, 1246, 1247, -1,
          1245, 1247, 1248, -1,
          1245, 1248, 1237, -1,
          1245, 1227, 1229, -1,
          1245, 1228, 1243, -1,
          1245, 1244, 1249, -1,
          1245, 1229, 1228, -1,
          1245, 1237, 1227, -1,
          1245, 1243, 1244, -1,
          170, 172, 1245, -1,
          1250, 1249, 1251, -1,
          1250, 1251, 1252, -1,
          1250, 1252, 1253, -1,
          1254, 1250, 1255, -1,
          1254, 1249, 1250, -1,
          180, 178, 176, -1,
          180, 176, 174, -1,
          180, 174, 170, -1,
          180, 170, 1245, -1,
          1256, 1254, 1257, -1,
          1256, 1257, 1258, -1,
          188, 180, 1245, -1,
          188, 186, 184, -1,
          188, 184, 182, -1,
          188, 182, 180, -1,
          188, 1245, 1249, -1,
          1259, 1254, 1256, -1,
          1259, 1256, 1260, -1,
          194, 192, 190, -1,
          1261, 1259, 1262, -1,
          1261, 1262, 1263, -1,
          196, 188, 1249, -1,
          196, 1249, 1254, -1,
          196, 190, 188, -1,
          196, 194, 190, -1,
          1264, 1261, 1265, -1,
          200, 198, 196, -1,
          1266, 1259, 1261, -1,
          1266, 1264, 1267, -1,
          1266, 1261, 1264, -1,
          1268, 1266, 1269, -1,
          208, 206, 204, -1,
          212, 210, 208, -1,
          215, 204, 202, -1,
          215, 202, 200, -1,
          215, 1254, 1259, -1,
          215, 196, 1254, -1,
          215, 200, 196, -1,
          215, 208, 204, -1,
          215, 212, 208, -1,
          1270, 1271, 1272, -1,
          1273, 1268, 1274, -1,
          1273, 1274, 1275, -1,
          1273, 1259, 1266, -1,
          1273, 1275, 1271, -1,
          1273, 1266, 1268, -1,
          1273, 1271, 1270, -1,
          222, 220, 219, -1,
          222, 219, 216, -1,
          222, 216, 215, -1,
          1276, 1259, 1273, -1,
          1276, 1273, 1277, -1,
          226, 215, 1259, -1,
          226, 222, 215, -1,
          226, 224, 222, -1,
          1278, 1276, 1279, -1,
          1280, 1276, 1278, -1,
          1280, 1259, 1276, -1,
          232, 230, 228, -1,
          232, 228, 226, -1,
          234, 1259, 1280, -1,
          234, 232, 226, -1,
          234, 226, 1259, -1,
          294, 1281, 296, -1,
          290, 1281, 294, -1,
          290, 1280, 1281, -1,
          290, 294, 292, -1,
          240, 238, 236, -1,
          285, 288, 286, -1,
          246, 240, 236, -1,
          246, 244, 242, -1,
          246, 242, 240, -1,
          246, 236, 234, -1,
          280, 285, 282, -1,
          253, 251, 248, -1,
          253, 248, 246, -1,
          276, 288, 285, -1,
          276, 285, 280, -1,
          276, 290, 288, -1,
          276, 280, 279, -1,
          270, 1280, 290, -1,
          270, 290, 276, -1,
          270, 276, 274, -1,
          270, 274, 273, -1,
          260, 259, 256, -1,
          260, 256, 254, -1,
          262, 260, 254, -1,
          266, 270, 269, -1,
          265, 234, 1280, -1,
          265, 246, 234, -1,
          265, 253, 246, -1,
          265, 1280, 270, -1,
          265, 270, 266, -1,
          265, 262, 254, -1,
          265, 254, 253, -1,
          168, 1006, 169, -1,
          1006, 1282, 169, -1,
          1006, 1283, 1282, -1,
          1006, 1008, 1283, -1,
          1008, 1284, 1283, -1,
          1008, 1010, 1284, -1,
          1010, 1285, 1284, -1,
          1010, 1286, 1285, -1,
          1010, 1012, 1286, -1,
          1012, 1287, 1286, -1,
          1012, 1013, 1287, -1,
          1013, 1288, 1287, -1,
          1013, 1015, 1288, -1,
          1015, 1289, 1288, -1,
          1015, 1290, 1289, -1,
          1017, 1290, 1015, -1,
          1019, 1291, 1017, -1,
          1017, 1291, 1290, -1,
          1019, 1292, 1291, -1,
          1019, 1021, 1292, -1,
          1021, 1293, 1292, -1,
          1021, 1023, 1293, -1,
          1023, 1294, 1293, -1,
          1023, 1025, 1294, -1,
          1025, 1295, 1294, -1,
          1025, 1027, 1295, -1,
          1027, 1296, 1295, -1,
          1029, 1296, 1027, -1,
          1029, 1297, 1296, -1,
          1030, 1297, 1029, -1,
          1030, 1298, 1297, -1,
          1032, 1298, 1030, -1,
          1032, 1299, 1298, -1,
          1034, 1299, 1032, -1,
          1034, 1036, 1299, -1,
          1036, 1300, 1299, -1,
          1036, 1037, 1300, -1,
          1039, 1301, 1037, -1,
          1037, 1301, 1300, -1,
          1039, 1041, 1301, -1,
          1041, 1302, 1301, -1,
          1041, 1042, 1302, -1,
          1044, 1303, 1042, -1,
          1042, 1303, 1302, -1,
          1046, 1304, 1044, -1,
          1044, 1304, 1303, -1,
          1046, 1047, 1304, -1,
          1049, 1305, 1047, -1,
          1047, 1305, 1304, -1,
          1051, 1306, 1049, -1,
          1049, 1306, 1305, -1,
          1052, 1307, 1051, -1,
          1051, 1307, 1306, -1,
          1052, 1054, 1307, -1,
          1056, 1308, 1054, -1,
          1054, 1308, 1307, -1,
          1057, 1309, 1056, -1,
          1056, 1309, 1308, -1,
          1057, 1059, 1309, -1,
          1061, 1310, 1059, -1,
          1059, 1310, 1309, -1,
          1062, 1311, 1061, -1,
          1061, 1311, 1310, -1,
          1062, 1064, 1311, -1,
          1065, 1312, 1064, -1,
          1064, 1312, 1311, -1,
          1065, 1313, 1312, -1,
          1067, 1313, 1065, -1,
          1067, 1069, 1313, -1,
          1069, 1314, 1313, -1,
          1070, 1314, 1069, -1,
          1070, 1315, 1314, -1,
          1072, 1315, 1070, -1,
          1072, 1316, 1315, -1,
          1074, 1316, 1072, -1,
          1074, 1075, 1316, -1,
          1075, 1317, 1316, -1,
          1075, 1077, 1317, -1,
          1077, 1318, 1317, -1,
          1078, 1318, 1077, -1,
          299, 1318, 1078, -1,
          299, 1319, 1318, -1,
          298, 1319, 299, -1,
          298, 1320, 1319, -1,
          300, 1320, 298, -1,
          300, 1321, 1320, -1,
          301, 1321, 300, -1,
          301, 1322, 1321, -1,
          301, 302, 1322, -1,
          302, 1323, 1322, -1,
          302, 303, 1323, -1,
          303, 1324, 1323, -1,
          303, 304, 1324, -1,
          304, 1325, 1324, -1,
          304, 305, 1325, -1,
          305, 1326, 1325, -1,
          305, 306, 1326, -1,
          306, 1327, 1326, -1,
          306, 1328, 1327, -1,
          307, 1328, 306, -1,
          307, 1329, 1328, -1,
          308, 1329, 307, -1,
          308, 1330, 1329, -1,
          308, 309, 1330, -1,
          309, 1331, 1330, -1,
          309, 310, 1331, -1,
          310, 1332, 1331, -1,
          310, 311, 1332, -1,
          311, 1333, 1332, -1,
          311, 1334, 1333, -1,
          312, 1334, 311, -1,
          312, 1335, 1334, -1,
          312, 313, 1335, -1,
          313, 1336, 1335, -1,
          313, 314, 1336, -1,
          314, 1337, 1336, -1,
          315, 1338, 314, -1,
          314, 1338, 1337, -1,
          315, 1339, 1338, -1,
          315, 316, 1339, -1,
          316, 1340, 1339, -1,
          317, 1341, 316, -1,
          316, 1341, 1340, -1,
          317, 1342, 1341, -1,
          317, 318, 1342, -1,
          318, 1343, 1342, -1,
          319, 1344, 318, -1,
          318, 1344, 1343, -1,
          319, 1345, 1344, -1,
          319, 320, 1345, -1,
          320, 1346, 1345, -1,
          320, 321, 1346, -1,
          321, 1347, 1346, -1,
          321, 322, 1347, -1,
          322, 1348, 1347, -1,
          323, 1349, 322, -1,
          322, 1349, 1348, -1,
          323, 1350, 1349, -1,
          323, 324, 1350, -1,
          324, 1351, 1350, -1,
          324, 325, 1351, -1,
          325, 1352, 1351, -1,
          325, 326, 1352, -1,
          326, 1353, 1352, -1,
          326, 1354, 1353, -1,
          326, 327, 1354, -1,
          327, 1355, 1354, -1,
          327, 328, 1355, -1,
          328, 1356, 1355, -1,
          328, 1357, 1356, -1,
          328, 329, 1357, -1,
          329, 1358, 1357, -1,
          329, 330, 1358, -1,
          330, 1359, 1358, -1,
          330, 1360, 1359, -1,
          330, 331, 1360, -1,
          332, 1361, 331, -1,
          331, 1361, 1360, -1,
          332, 1362, 1361, -1,
          332, 333, 1362, -1,
          334, 1363, 333, -1,
          333, 1363, 1362, -1,
          0, 2, 334, -1,
          334, 2, 1363, -1,
          1340, 1341, 1339, -1,
          1341, 1342, 1339, -1,
          1343, 1346, 1342, -1,
          1344, 1346, 1343, -1,
          1345, 1346, 1344, -1,
          1335, 1333, 1334, -1,
          1336, 1333, 1335, -1,
          1339, 1347, 1338, -1,
          1342, 1347, 1339, -1,
          1346, 1347, 1342, -1,
          1337, 1332, 1336, -1,
          1336, 1332, 1333, -1,
          1348, 1350, 1347, -1,
          1349, 1350, 1348, -1,
          1350, 1351, 1347, -1,
          1330, 1328, 1329, -1,
          1331, 1327, 1330, -1,
          1330, 1327, 1328, -1,
          1351, 1354, 1347, -1,
          1352, 1354, 1351, -1,
          1353, 1354, 1352, -1,
          1354, 1355, 1347, -1,
          1356, 1358, 1355, -1,
          1357, 1358, 1356, -1,
          1324, 1322, 1323, -1,
          1325, 1322, 1324, -1,
          1325, 1321, 1322, -1,
          1358, 1361, 1355, -1,
          1359, 1361, 1358, -1,
          1360, 1361, 1359, -1,
          1355, 1361, 1347, -1,
          1325, 1320, 1321, -1,
          1326, 1320, 1325, -1,
          1331, 1319, 1327, -1,
          1327, 1319, 1326, -1,
          1326, 1319, 1320, -1,
          1332, 1319, 1331, -1,
          1338, 1319, 1337, -1,
          1347, 1319, 1338, -1,
          1337, 1319, 1332, -1,
          1347, 1318, 1319, -1,
          1361, 1318, 1347, -1,
          1363, 3, 1362, -1,
          2, 3, 1363, -1,
          1361, 4, 1318, -1,
          3, 4, 1362, -1,
          1362, 4, 1361, -1,
          6, 10, 4, -1,
          8, 10, 6, -1,
          1315, 1313, 1314, -1,
          10, 16, 4, -1,
          12, 16, 10, -1,
          14, 16, 12, -1,
          1316, 1312, 1315, -1,
          1317, 1312, 1316, -1,
          1315, 1312, 1313, -1,
          16, 18, 4, -1,
          1318, 1311, 1317, -1,
          1317, 1311, 1312, -1,
          21, 23, 18, -1,
          23, 25, 18, -1,
          1310, 1308, 1309, -1,
          1310, 1307, 1308, -1,
          1311, 1307, 1310, -1,
          1318, 1307, 1311, -1,
          28, 30, 25, -1,
          1318, 1306, 1307, -1,
          25, 33, 18, -1,
          30, 33, 25, -1,
          18, 33, 4, -1,
          1306, 1304, 1305, -1,
          35, 38, 33, -1,
          1306, 1303, 1304, -1,
          1318, 1303, 1306, -1,
          38, 40, 33, -1,
          1318, 1302, 1303, -1,
          40, 42, 33, -1,
          42, 45, 33, -1,
          45, 47, 33, -1,
          1298, 1296, 1297, -1,
          1299, 1296, 1298, -1,
          1300, 1296, 1299, -1,
          1301, 1296, 1300, -1,
          1302, 1296, 1301, -1,
          1318, 1296, 1302, -1,
          52, 57, 50, -1,
          55, 57, 52, -1,
          1295, 1293, 1294, -1,
          1296, 1293, 1295, -1,
          62, 67, 60, -1,
          64, 67, 62, -1,
          67, 68, 60, -1,
          1292, 1290, 1291, -1,
          1293, 1290, 1292, -1,
          1296, 1290, 1293, -1,
          1289, 1287, 1288, -1,
          1289, 1286, 1287, -1,
          73, 78, 71, -1,
          76, 78, 73, -1,
          1286, 1284, 1285, -1,
          78, 81, 71, -1,
          1290, 1283, 1289, -1,
          1318, 1283, 1296, -1,
          1296, 1283, 1290, -1,
          1289, 1283, 1286, -1,
          1286, 1283, 1284, -1,
          71, 83, 68, -1,
          81, 83, 71, -1,
          50, 85, 47, -1,
          60, 85, 57, -1,
          33, 85, 4, -1,
          47, 85, 33, -1,
          83, 85, 68, -1,
          57, 85, 50, -1,
          68, 85, 60, -1,
          4, 85, 1318, -1,
          1318, 85, 1283, -1,
          1282, 167, 169, -1,
          1283, 165, 1282, -1,
          1282, 165, 167, -1,
          1283, 163, 165, -1,
          85, 163, 1283, -1,
          163, 160, 161, -1,
          163, 158, 160, -1,
          96, 98, 94, -1,
          158, 155, 156, -1,
          93, 100, 91, -1,
          94, 100, 93, -1,
          98, 100, 94, -1,
          163, 153, 158, -1,
          158, 153, 155, -1,
          91, 102, 89, -1,
          100, 102, 91, -1,
          102, 104, 89, -1,
          151, 148, 150, -1,
          151, 146, 148, -1,
          106, 109, 104, -1,
          108, 109, 106, -1,
          104, 111, 89, -1,
          109, 111, 104, -1,
          144, 141, 142, -1,
          111, 113, 89, -1,
          85, 139, 163, -1,
          89, 139, 85, -1,
          163, 139, 153, -1,
          151, 139, 146, -1,
          146, 139, 144, -1,
          153, 139, 151, -1,
          144, 139, 141, -1,
          117, 118, 115, -1,
          137, 133, 135, -1,
          115, 120, 113, -1,
          118, 120, 115, -1,
          137, 132, 133, -1,
          113, 122, 89, -1,
          120, 122, 113, -1,
          139, 130, 137, -1,
          137, 130, 132, -1,
          89, 123, 139, -1,
          122, 123, 89, -1,
          130, 125, 128, -1,
          123, 125, 139, -1,
          139, 125, 130, -1,
          125, 127, 128, -1,
          1281, 297, 296, -1,
          459, 297, 1281, -1,
          1280, 459, 1281, -1,
          462, 459, 1280, -1,
          1278, 462, 1280, -1,
          482, 462, 1278, -1,
          1279, 482, 1278, -1,
          557, 482, 1279, -1,
          1276, 557, 1279, -1,
          690, 557, 1276, -1,
          1277, 690, 1276, -1,
          834, 690, 1277, -1,
          1273, 834, 1277, -1,
          937, 834, 1273, -1,
          1270, 937, 1273, -1,
          978, 937, 1270, -1,
          1272, 978, 1270, -1,
          980, 978, 1272, -1,
          1271, 980, 1272, -1,
          983, 980, 1271, -1,
          1275, 983, 1271, -1,
          984, 983, 1275, -1,
          1274, 984, 1275, -1,
          985, 984, 1274, -1,
          1268, 985, 1274, -1,
          986, 985, 1268, -1,
          1269, 986, 1268, -1,
          987, 986, 1269, -1,
          1266, 987, 1269, -1,
          988, 987, 1266, -1,
          1267, 988, 1266, -1,
          989, 988, 1267, -1,
          1264, 989, 1267, -1,
          990, 989, 1264, -1,
          1265, 990, 1264, -1,
          991, 990, 1265, -1,
          1261, 991, 1265, -1,
          992, 991, 1261, -1,
          1263, 992, 1261, -1,
          993, 992, 1263, -1,
          1262, 993, 1263, -1,
          994, 993, 1262, -1,
          1259, 994, 1262, -1,
          995, 994, 1259, -1,
          1260, 995, 1259, -1,
          996, 995, 1260, -1,
          1256, 996, 1260, -1,
          997, 996, 1256, -1,
          1258, 997, 1256, -1,
          998, 997, 1258, -1,
          1257, 998, 1258, -1,
          999, 998, 1257, -1,
          1254, 999, 1257, -1,
          1000, 999, 1254, -1,
          1255, 1000, 1254, -1,
          1001, 1000, 1255, -1,
          1250, 1001, 1255, -1,
          1002, 1001, 1250, -1,
          1253, 1002, 1250, -1,
          1003, 1002, 1253, -1,
          1252, 1003, 1253, -1,
          1004, 1003, 1252, -1,
          1251, 1004, 1252, -1,
          1005, 1004, 1251, -1,
          1249, 1005, 1251, -1,
          1007, 1005, 1249, -1,
          1244, 1007, 1249, -1,
          1009, 1007, 1244, -1,
          1242, 1009, 1244, -1,
          1011, 1009, 1242, -1,
          1014, 1242, 1238, -1,
          1014, 1011, 1242, -1,
          1241, 1014, 1238, -1,
          1016, 1014, 1241, -1,
          1018, 1241, 1240, -1,
          1018, 1016, 1241, -1,
          1020, 1240, 1239, -1,
          1020, 1018, 1240, -1,
          1022, 1239, 1243, -1,
          1022, 1020, 1239, -1,
          1228, 1022, 1243, -1,
          1024, 1022, 1228, -1,
          1231, 1024, 1228, -1,
          1026, 1024, 1231, -1,
          1028, 1026, 1231, -1,
          1028, 1231, 1230, -1,
          1031, 1028, 1230, -1,
          1031, 1230, 1220, -1,
          1222, 1031, 1220, -1,
          1033, 1031, 1222, -1,
          1221, 1033, 1222, -1,
          1035, 1033, 1221, -1,
          1229, 1035, 1221, -1,
          1038, 1035, 1229, -1,
          1040, 1229, 1227, -1,
          1040, 1038, 1229, -1,
          1043, 1227, 1226, -1,
          1043, 1040, 1227, -1,
          1225, 1043, 1226, -1,
          1045, 1043, 1225, -1,
          1224, 1045, 1225, -1,
          1048, 1045, 1224, -1,
          1223, 1048, 1224, -1,
          1050, 1048, 1223, -1,
          1233, 1050, 1223, -1,
          1053, 1050, 1233, -1,
          1055, 1233, 1232, -1,
          1055, 1053, 1233, -1,
          1236, 1055, 1232, -1,
          1058, 1055, 1236, -1,
          1060, 1236, 1235, -1,
          1060, 1058, 1236, -1,
          1063, 1235, 1234, -1,
          1063, 1060, 1235, -1,
          1237, 1063, 1234, -1,
          1066, 1063, 1237, -1,
          1068, 1237, 1248, -1,
          1068, 1066, 1237, -1,
          1071, 1248, 1247, -1,
          1071, 1068, 1248, -1,
          1246, 1071, 1247, -1,
          1073, 1071, 1246, -1,
          1076, 1246, 1245, -1,
          1076, 1073, 1246, -1,
          171, 1245, 172, -1,
          171, 1076, 1245, -1
        ]
      }
    }
}
