#VRML V2.0 utf8
WorldInfo {
  title "Exported triangle mesh to VRML97"
  info ["Created by FreeCAD"
        "<https://www.freecad.org>"]
}

Transform {
  scale 1 1 1
  rotation 0 0 1 0
  scaleOrientation 0 0 1 0
  center 0.000 0.000 0.000
  translation 0.000 0.000 0.000
  children
    Shape { 
      appearance
      Appearance {
        material
        Material {
          diffuseColor 0.8 0.8 0.8
        }
      }
      geometry
      IndexedFaceSet {
        coord
        Coordinate {
          point [
            0.000 6.350 -1.249,
            0.288 6.343 -1.249,
            0.000 6.209 -1.390,
            0.298 6.201 -1.390,
            0.576 6.324 -1.249,
            0.477 6.190 -1.391,
            0.664 6.173 -1.391,
            0.864 6.291 -1.249,
            0.856 6.149 -1.391,
            1.149 6.245 -1.250,
            1.055 6.118 -1.391,
            1.261 6.079 -1.392,
            1.431 6.187 -1.250,
            1.476 6.031 -1.392,
            1.709 6.116 -1.251,
            1.697 5.972 -1.392,
            1.983 6.032 -1.252,
            1.926 5.902 -1.393,
            2.254 5.937 -1.253,
            2.162 5.820 -1.394,
            2.521 5.828 -1.254,
            2.405 5.724 -1.395,
            2.784 5.707 -1.255,
            2.654 5.613 -1.396,
            2.908 5.485 -1.397,
            3.041 5.574 -1.256,
            3.167 5.340 -1.398,
            3.293 5.429 -1.257,
            3.429 5.175 -1.399,
            3.538 5.273 -1.259,
            3.775 5.106 -1.260,
            3.668 5.009 -1.401,
            3.883 4.844 -1.402,
            4.005 4.928 -1.262,
            4.226 4.739 -1.263,
            4.099 4.664 -1.404,
            4.438 4.541 -1.265,
            4.313 4.466 -1.406,
            4.641 4.334 -1.267,
            4.524 4.252 -1.407,
            4.834 4.118 -1.269,
            4.711 4.044 -1.409,
            5.016 3.893 -1.271,
            4.875 3.845 -1.411,
            5.189 3.660 -1.273,
            5.034 3.633 -1.413,
            5.351 3.419 -1.275,
            5.189 3.410 -1.415,
            5.501 3.171 -1.277,
            5.336 3.174 -1.417,
            5.641 2.916 -1.280,
            5.476 2.926 -1.419,
            5.768 2.655 -1.282,
            5.607 2.666 -1.421,
            5.883 2.389 -1.284,
            5.729 2.394 -1.424,
            5.986 2.118 -1.287,
            5.839 2.111 -1.426,
            6.076 1.844 -1.289,
            5.937 1.817 -1.429,
            6.154 1.567 -1.292,
            6.014 1.544 -1.431,
            6.218 1.287 -1.294,
            6.073 1.292 -1.433,
            6.270 1.005 -1.297,
            6.122 1.034 -1.436,
            6.309 0.720 -1.299,
            6.161 0.771 -1.438,
            6.335 0.432 -1.302,
            6.188 0.503 -1.440,
            6.346 0.216 -1.304,
            6.204 0.231 -1.443,
            6.350 -0.000 -1.306,
            6.343 -0.288 -1.308,
            6.208 -0.046 -1.445,
            6.200 -0.321 -1.447,
            6.324 -0.576 -1.311,
            6.180 -0.592 -1.450,
            6.291 -0.863 -1.313,
            6.149 -0.858 -1.452,
            6.245 -1.147 -1.316,
            6.107 -1.120 -1.454,
            6.055 -1.376 -1.457,
            6.187 -1.430 -1.318,
            5.992 -1.626 -1.459,
            6.115 -1.709 -1.321,
            6.032 -1.985 -1.323,
            5.921 -1.870 -1.461,
            5.935 -2.257 -1.326,
            5.840 -2.107 -1.463,
            5.827 -2.524 -1.328,
            5.752 -2.337 -1.465,
            5.706 -2.786 -1.331,
            5.656 -2.560 -1.467,
            5.574 -3.042 -1.333,
            5.554 -2.775 -1.469,
            5.445 -2.983 -1.471,
            5.430 -3.292 -1.335,
            5.331 -3.183 -1.472,
            5.275 -3.535 -1.337,
            5.212 -3.374 -1.474,
            5.109 -3.771 -1.339,
            5.088 -3.558 -1.476,
            4.933 -3.999 -1.341,
            4.961 -3.733 -1.477,
            4.830 -3.901 -1.479,
            4.746 -4.219 -1.343,
            4.696 -4.061 -1.480,
            4.550 -4.430 -1.345,
            4.560 -4.213 -1.481,
            4.422 -4.358 -1.483,
            4.343 -4.632 -1.347,
            4.283 -4.495 -1.484,
            4.129 -4.825 -1.349,
            4.143 -4.624 -1.485,
            4.002 -4.747 -1.486,
            3.905 -5.007 -1.350,
            3.860 -4.863 -1.487,
            3.674 -5.179 -1.352,
            3.719 -4.972 -1.488,
            3.578 -5.074 -1.489,
            3.435 -5.341 -1.353,
            3.437 -5.170 -1.490,
            3.189 -5.491 -1.355,
            3.251 -5.290 -1.491,
            3.043 -5.412 -1.492,
            2.937 -5.630 -1.356,
            2.838 -5.522 -1.493,
            2.679 -5.757 -1.357,
            2.636 -5.621 -1.494,
            2.438 -5.710 -1.494,
            2.418 -5.872 -1.358,
            2.243 -5.789 -1.495,
            2.152 -5.974 -1.359,
            2.052 -5.860 -1.496,
            1.881 -6.065 -1.360,
            1.866 -5.921 -1.496,
            1.685 -5.976 -1.497,
            1.606 -6.144 -1.360,
            1.508 -6.023 -1.497,
            1.327 -6.210 -1.361,
            1.335 -6.063 -1.497,
            1.168 -6.098 -1.498,
            1.043 -6.264 -1.361,
            0.952 -6.135 -1.498,
            0.758 -6.305 -1.362,
            0.719 -6.167 -1.498,
            0.531 -6.186 -1.499,
            0.470 -6.333 -1.362,
            0.316 -6.200 -1.499,
            0.235 -6.346 -1.362,
            0.155 -6.207 -1.499,
            -0.000 -6.350 -1.362,
            -0.000 -6.209 -1.499,
            -6.142 0.307 1.500,
            -6.350 0.000 1.300,
            -6.150 0.000 1.500,
            -6.342 0.317 1.300,
            -6.119 0.612 1.500,
            -6.318 0.632 1.300,
            -6.081 0.917 1.500,
            -6.279 0.946 1.300,
            -6.028 1.219 1.500,
            -6.224 1.258 1.300,
            -5.960 1.518 1.500,
            -6.154 1.567 1.300,
            -5.877 1.813 1.500,
            -6.068 1.872 1.300,
            -5.779 2.103 1.500,
            -5.967 2.172 1.300,
            -5.667 2.389 1.500,
            -5.851 2.467 1.300,
            -5.541 2.668 1.500,
            -5.721 2.755 1.300,
            -5.401 2.941 1.500,
            -5.577 3.037 1.300,
            -5.248 3.207 1.500,
            -5.418 3.311 1.300,
            -5.081 3.464 1.500,
            -5.247 3.577 1.300,
            -4.902 3.713 1.500,
            -5.062 3.834 1.300,
            -4.711 3.953 1.500,
            -4.864 4.082 1.300,
            -4.508 4.183 1.500,
            -4.655 4.319 1.300,
            -4.294 4.403 1.500,
            -4.434 4.546 1.300,
            -4.069 4.611 1.500,
            -4.202 4.761 1.300,
            -3.834 4.808 1.500,
            -3.959 4.965 1.300,
            -3.590 4.993 1.500,
            -3.707 5.156 1.300,
            -3.337 5.166 1.500,
            -3.445 5.334 1.300,
            -3.075 5.326 1.500,
            -3.175 5.499 1.300,
            -2.897 5.651 1.300,
            -2.806 5.473 1.500,
            -2.529 5.606 1.500,
            -2.612 5.788 1.300,
            -2.247 5.725 1.500,
            -2.320 5.911 1.300,
            -2.022 6.019 1.300,
            -1.959 5.830 1.500,
            -1.720 6.113 1.300,
            -1.666 5.920 1.500,
            -1.369 5.996 1.500,
            -1.413 6.191 1.300,
            -1.068 6.057 1.500,
            -1.103 6.254 1.300,
            -0.790 6.301 1.300,
            -0.765 6.102 1.500,
            -0.460 6.133 1.500,
            -0.475 6.332 1.300,
            -0.153 6.148 1.500,
            -0.158 6.348 1.300,
            0.153 6.148 1.500,
            0.158 6.348 1.300,
            0.460 6.133 1.500,
            0.475 6.332 1.300,
            0.765 6.102 1.500,
            0.790 6.301 1.300,
            1.103 6.254 1.300,
            1.068 6.057 1.500,
            1.369 5.996 1.500,
            1.413 6.191 1.300,
            1.666 5.920 1.500,
            1.720 6.113 1.300,
            1.959 5.830 1.500,
            2.022 6.019 1.300,
            2.247 5.725 1.500,
            2.320 5.911 1.300,
            2.529 5.606 1.500,
            2.612 5.788 1.300,
            2.897 5.651 1.300,
            2.806 5.473 1.500,
            3.075 5.326 1.500,
            3.175 5.499 1.300,
            3.337 5.166 1.500,
            3.445 5.334 1.300,
            3.590 4.993 1.500,
            3.707 5.156 1.300,
            3.834 4.808 1.500,
            3.959 4.965 1.300,
            4.069 4.611 1.500,
            4.202 4.761 1.300,
            4.294 4.403 1.500,
            4.434 4.546 1.300,
            4.508 4.183 1.500,
            4.655 4.319 1.300,
            4.864 4.082 1.300,
            4.711 3.953 1.500,
            4.902 3.713 1.500,
            5.062 3.834 1.300,
            5.081 3.464 1.500,
            5.247 3.577 1.300,
            5.248 3.207 1.500,
            5.418 3.311 1.300,
            5.401 2.941 1.500,
            5.577 3.037 1.300,
            5.541 2.668 1.500,
            5.721 2.755 1.300,
            5.667 2.389 1.500,
            5.851 2.467 1.300,
            5.967 2.172 1.300,
            5.779 2.103 1.500,
            5.877 1.813 1.500,
            6.068 1.872 1.300,
            5.960 1.518 1.500,
            6.154 1.567 1.300,
            6.224 1.258 1.300,
            6.028 1.219 1.500,
            6.279 0.946 1.300,
            6.081 0.917 1.500,
            6.318 0.632 1.300,
            6.119 0.612 1.500,
            6.142 0.307 1.500,
            6.342 0.317 1.300,
            6.350 0.000 1.300,
            6.150 0.000 1.500,
            -6.343 0.291 -1.303,
            -6.350 -0.000 -1.306,
            -6.324 0.579 -1.301,
            -6.291 0.865 -1.298,
            -6.245 1.149 -1.296,
            -6.187 1.431 -1.293,
            -6.115 1.711 -1.291,
            -6.031 1.988 -1.288,
            -5.933 2.262 -1.286,
            -5.824 2.531 -1.283,
            -5.702 2.795 -1.281,
            -5.567 3.053 -1.279,
            -5.422 3.305 -1.276,
            -5.264 3.550 -1.274,
            -5.096 3.787 -1.272,
            -4.918 4.017 -1.270,
            -4.729 4.238 -1.268,
            -4.530 4.450 -1.266,
            -4.321 4.653 -1.264,
            -4.104 4.846 -1.262,
            -3.879 5.028 -1.261,
            -3.646 5.199 -1.259,
            -3.407 5.359 -1.258,
            -3.161 5.508 -1.256,
            -2.908 5.645 -1.255,
            -2.647 5.772 -1.254,
            -2.380 5.887 -1.253,
            -2.108 5.990 -1.252,
            -1.831 6.080 -1.251,
            -1.551 6.158 -1.251,
            -1.267 6.222 -1.250,
            -0.982 6.274 -1.250,
            -0.697 6.312 -1.249,
            -0.410 6.337 -1.249,
            -0.205 6.347 -1.249,
            5.359 3.407 -0.437,
            5.520 3.138 0.858,
            5.359 3.407 -0.515,
            5.537 3.108 0.858,
            5.389 3.359 -0.465,
            5.554 3.079 0.858,
            5.570 3.049 0.858,
            5.415 3.316 -0.492,
            5.435 3.285 -0.513,
            5.416 3.315 -0.617,
            5.451 3.257 -0.532,
            5.446 3.266 -0.675,
            5.465 3.234 -0.550,
            5.478 3.212 -0.567,
            5.490 3.190 -0.586,
            5.506 3.164 -0.611,
            5.459 3.243 -0.705,
            5.478 3.212 -0.749,
            5.493 3.186 -0.789,
            5.505 3.165 -0.824,
            5.516 3.146 -0.860,
            5.526 3.129 -0.896,
            5.536 3.111 -0.935,
            5.543 3.097 -0.935,
            5.551 3.084 -0.935,
            5.592 3.009 -0.601,
            5.570 3.049 -0.637,
            5.559 3.070 -0.935,
            5.611 2.974 -0.571,
            5.632 2.934 -0.539,
            5.644 2.911 -0.522,
            5.663 2.872 -0.497,
            5.849 2.471 0.981,
            5.714 2.770 -0.439,
            5.849 2.471 0.788,
            5.569 3.051 -0.890,
            5.576 3.039 -0.865,
            5.583 3.025 -0.838,
            5.592 3.008 -0.809,
            5.602 2.989 -0.779,
            5.612 2.971 -0.751,
            5.622 2.952 -0.725,
            5.631 2.935 -0.702,
            5.647 2.904 -0.664,
            5.664 2.871 -0.625,
            5.688 2.823 -0.571,
            5.826 2.526 0.160,
            5.824 2.531 0.139,
            5.828 2.521 0.182,
            5.822 2.535 0.117,
            5.831 2.515 0.203,
            5.821 2.537 0.097,
            5.834 2.507 0.224,
            5.820 2.539 0.080,
            5.837 2.500 0.243,
            5.820 2.540 0.060,
            5.841 2.491 0.262,
            5.819 2.542 0.014,
            5.845 2.482 0.280,
            5.849 2.473 0.298,
            5.820 2.540 -0.036,
            5.854 2.461 0.316,
            5.859 2.449 0.334,
            5.821 2.538 -0.067,
            5.864 2.435 0.351,
            5.822 2.534 -0.093,
            5.870 2.421 0.368,
            5.824 2.530 -0.118,
            5.714 2.770 -0.516,
            5.876 2.407 0.384,
            5.827 2.524 -0.143,
            5.883 2.391 0.399,
            5.889 2.375 0.413,
            5.919 2.300 0.788,
            5.938 2.251 0.981,
            5.895 2.360 0.426,
            5.901 2.345 0.436,
            5.908 2.328 0.447,
            5.914 2.314 0.456,
            5.920 2.297 0.464,
            5.927 2.280 0.472,
            5.894 2.363 0.044,
            5.895 2.362 0.063,
            5.896 2.359 0.085,
            5.933 2.263 0.479,
            5.829 2.518 -0.167,
            5.832 2.512 -0.189,
            5.835 2.505 -0.208,
            5.838 2.497 -0.228,
            5.842 2.489 -0.247,
            5.846 2.480 -0.266,
            5.851 2.469 -0.287,
            5.894 2.364 -0.020,
            5.893 2.365 0.003,
            5.940 2.246 0.484,
            5.894 2.363 -0.042,
            5.896 2.358 -0.086,
            5.895 2.361 -0.065,
            5.897 2.355 0.105,
            5.898 2.354 -0.107,
            5.899 2.352 0.121,
            5.899 2.350 -0.125,
            5.900 2.347 0.138,
            5.901 2.345 -0.143,
            5.903 2.341 0.157,
            5.904 2.339 -0.161,
            5.906 2.334 0.175,
            5.906 2.332 -0.179,
            5.908 2.328 0.187,
            5.908 2.327 -0.190,
            5.910 2.322 0.198,
            5.969 2.166 0.498,
            5.961 2.189 0.496,
            5.983 2.127 0.788,
            5.911 2.321 -0.202,
            5.913 2.316 0.209,
            5.913 2.315 -0.214,
            5.915 2.309 0.219,
            5.916 2.307 -0.226,
            5.918 2.303 0.228,
            5.981 2.133 0.500,
            5.919 2.298 -0.239,
            5.920 2.296 0.237,
            5.923 2.290 0.245,
            5.923 2.288 -0.252,
            5.925 2.283 0.252,
            5.990 2.107 0.499,
            5.928 2.277 -0.266,
            5.931 2.270 0.265,
            5.997 2.088 0.497,
            5.933 2.264 -0.279,
            5.935 2.257 0.276,
            5.936 2.255 -0.287,
            5.940 2.245 0.285,
            6.003 2.070 0.494,
            5.940 2.246 -0.295,
            6.017 2.028 0.981,
            5.944 2.235 -0.303,
            5.945 2.233 0.292,
            5.947 2.225 -0.309,
            5.949 2.222 0.298,
            5.951 2.214 -0.315,
            5.953 2.211 0.303,
            5.955 2.203 -0.321,
            5.956 2.201 0.307,
            5.960 2.192 0.310,
            5.960 2.192 -0.326,
            6.026 2.004 0.475,
            6.020 2.019 0.481,
            6.043 1.952 0.788,
            5.964 2.179 -0.331,
            5.966 2.174 0.316,
            5.864 2.436 -0.337,
            5.874 2.412 -0.368,
            5.876 2.406 -0.376,
            5.879 2.400 -0.383,
            5.884 2.387 -0.397,
            5.890 2.373 -0.410,
            5.896 2.359 -0.423,
            5.902 2.343 -0.436,
            5.909 2.325 -0.449,
            5.915 2.309 -0.459,
            5.922 2.292 -0.469,
            5.928 2.277 -0.477,
            5.934 2.261 -0.485,
            5.940 2.244 -0.491,
            5.853 2.463 -0.297,
            5.856 2.455 -0.309,
            6.031 1.986 0.468,
            5.969 2.167 -0.335,
            5.973 2.156 0.320,
            6.037 1.969 0.459,
            5.975 2.150 -0.339,
            5.976 2.146 0.322,
            5.980 2.137 -0.342,
            5.983 2.126 0.324,
            6.043 1.950 0.449,
            5.984 2.124 -0.343,
            5.991 2.106 0.326,
            6.049 1.931 0.438,
            5.991 2.106 -0.345,
            5.999 2.083 0.327,
            6.055 1.913 0.425,
            5.999 2.082 -0.346,
            6.008 2.056 -0.345,
            6.008 2.055 0.326,
            6.066 1.879 0.400,
            6.015 2.036 -0.343,
            6.016 2.033 0.323,
            6.018 2.027 -0.341,
            6.019 2.022 0.322,
            6.021 2.016 -0.339,
            6.025 2.006 0.318,
            6.026 2.003 -0.336,
            6.031 1.988 0.314,
            6.031 1.989 -0.331,
            6.036 1.971 -0.324,
            6.036 1.973 0.308,
            6.039 1.962 -0.320,
            6.040 1.959 0.303,
            6.043 1.952 -0.314,
            6.044 1.947 0.297,
            6.089 1.802 0.981,
            6.046 1.941 -0.307,
            6.047 1.937 0.291,
            6.050 1.930 -0.299,
            6.050 1.927 0.285,
            6.053 1.918 -0.290,
            6.055 1.912 0.273,
            6.057 1.906 -0.278,
            6.060 1.897 0.262,
            6.061 1.894 -0.265,
            6.065 1.882 -0.249,
            6.064 1.884 0.249,
            6.066 1.877 -0.241,
            5.948 2.224 -0.498,
            5.956 2.202 -0.504,
            5.964 2.179 -0.510,
            5.973 2.156 -0.514,
            5.980 2.137 -0.516,
            5.983 2.126 -0.517,
            5.988 2.113 -0.518,
            5.999 2.081 -0.519,
            6.015 2.036 -0.517,
            6.024 2.009 -0.515,
            6.031 1.987 -0.511,
            6.068 1.871 -0.232,
            6.067 1.875 0.240,
            6.070 1.865 -0.223,
            6.072 1.860 -0.212,
            6.071 1.863 0.226,
            6.073 1.855 -0.201,
            6.075 1.849 -0.189,
            6.077 1.843 -0.171,
            6.074 1.852 0.212,
            6.079 1.836 -0.152,
            6.081 1.827 -0.116,
            6.078 1.839 0.192,
            6.084 1.820 -0.077,
            6.080 1.832 -0.135,
            6.131 1.654 0.212,
            6.189 1.423 0.563,
            6.191 1.413 0.606,
            6.193 1.402 0.647,
            6.187 1.431 0.520,
            6.196 1.388 0.687,
            6.185 1.436 0.479,
            6.200 1.374 0.726,
            6.185 1.440 0.442,
            6.039 1.964 -0.507,
            6.045 1.945 -0.502,
            6.051 1.926 -0.496,
            6.057 1.907 -0.489,
            6.062 1.890 -0.482,
            6.068 1.872 -0.474,
            6.073 1.855 -0.465,
            6.078 1.838 -0.455,
            6.083 1.823 -0.444,
            6.088 1.807 -0.432,
            6.092 1.792 -0.421,
            6.096 1.776 -0.407,
            6.101 1.761 -0.392,
            6.105 1.747 -0.377,
            6.203 1.359 0.760,
            6.184 1.444 0.387,
            6.206 1.346 0.786,
            6.208 1.336 0.805,
            6.183 1.447 0.318,
            6.210 1.326 0.822,
            6.212 1.315 0.839,
            6.215 1.303 0.855,
            6.183 1.449 0.240,
            6.136 1.635 -0.096,
            6.217 1.292 0.870,
            6.220 1.279 0.884,
            6.223 1.266 0.897,
            6.184 1.444 0.102,
            6.225 1.252 0.909,
            6.228 1.237 0.920,
            6.185 1.440 0.043,
            6.231 1.222 0.931,
            6.186 1.434 -0.013,
            6.234 1.206 0.941,
            6.237 1.191 0.950,
            6.240 1.175 0.958,
            6.189 1.423 -0.083,
            6.134 1.642 -0.147,
            6.135 1.640 -0.133,
            6.243 1.159 0.965,
            6.191 1.413 -0.127,
            6.133 1.645 -0.162,
            6.247 1.142 0.972,
            6.249 1.126 0.978,
            6.253 1.105 0.984,
            6.257 1.085 0.989,
            6.193 1.403 -0.165,
            6.196 1.392 -0.202,
            6.198 1.380 -0.234,
            6.201 1.369 -0.263,
            6.203 1.357 -0.288,
            6.109 1.734 -0.361,
            6.112 1.722 -0.344,
            6.115 1.710 -0.328,
            6.118 1.699 -0.310,
            6.121 1.689 -0.291,
            6.124 1.680 -0.272,
            6.126 1.673 -0.256,
            6.128 1.665 -0.236,
            6.130 1.658 -0.213,
            6.132 1.650 -0.188,
            6.267 1.023 0.998,
            6.264 1.044 0.996,
            6.260 1.064 0.993,
            6.274 0.977 1.000,
            6.279 0.946 0.999,
            6.283 0.921 0.997,
            6.286 0.901 0.995,
            6.289 0.878 0.991,
            6.292 0.856 0.986,
            6.295 0.837 0.981,
            6.297 0.817 0.974,
            6.299 0.800 0.968,
            6.206 1.345 -0.310,
            6.209 1.333 -0.332,
            6.211 1.321 -0.350,
            6.214 1.309 -0.366,
            6.216 1.296 -0.382,
            6.219 1.283 -0.397,
            6.221 1.272 -0.409,
            6.224 1.258 -0.422,
            6.227 1.244 -0.434,
            6.230 1.230 -0.444,
            6.232 1.217 -0.454,
            6.235 1.204 -0.462,
            6.237 1.191 -0.469,
            6.240 1.179 -0.476,
            6.243 1.162 -0.484,
            6.246 1.144 -0.491,
            6.249 1.126 -0.498,
            6.308 0.726 0.928,
            6.307 0.739 0.937,
            6.305 0.752 0.945,
            6.304 0.765 0.952,
            6.302 0.783 0.961,
            6.310 0.713 0.918,
            6.312 0.698 0.906,
            6.313 0.684 0.893,
            6.314 0.671 0.880,
            6.316 0.658 0.866,
            6.317 0.645 0.849,
            6.319 0.631 0.832,
            6.320 0.619 0.813,
            6.321 0.607 0.793,
            6.322 0.594 0.770,
            6.323 0.581 0.742,
            6.324 0.570 0.717,
            6.325 0.559 0.688,
            6.274 0.977 -0.519,
            6.280 0.941 -0.518,
            6.285 0.910 -0.515,
            6.287 0.889 -0.512,
            6.290 0.868 -0.508,
            6.253 1.108 -0.503,
            6.256 1.087 -0.508,
            6.260 1.065 -0.512,
            6.264 1.043 -0.516,
            6.267 1.024 -0.517,
            6.270 1.003 -0.519,
            6.326 0.548 0.654,
            6.342 0.317 1.000,
            6.330 0.502 0.356,
            6.330 0.508 0.435,
            6.329 0.518 0.513,
            6.328 0.527 0.567,
            6.327 0.537 0.614,
            6.330 0.499 0.240,
            6.346 0.231 1.000,
            6.293 0.848 -0.504,
            6.296 0.828 -0.498,
            6.298 0.809 -0.492,
            6.301 0.791 -0.484,
            6.303 0.773 -0.476,
            6.305 0.756 -0.467,
            6.307 0.739 -0.457,
            6.309 0.723 -0.446,
            6.311 0.706 -0.434,
            6.312 0.692 -0.423,
            6.314 0.679 -0.412,
            6.315 0.670 -0.402,
            6.317 0.645 -0.375,
            6.348 0.144 1.000,
            6.350 0.058 1.000,
            6.338 0.393 -0.500,
            6.323 0.585 -0.271,
            6.324 0.575 -0.247,
            6.325 0.566 -0.224,
            6.325 0.558 -0.203,
            6.326 0.551 -0.180,
            6.327 0.544 -0.157,
            6.327 0.536 -0.125,
            6.328 0.528 -0.086,
            6.329 0.521 -0.052,
            6.329 0.514 -0.004,
            6.330 0.508 0.051,
            6.330 0.504 0.100,
            6.330 0.501 0.162,
            6.350 0.000 0.915,
            6.320 0.618 -0.334,
            6.321 0.605 -0.313,
            6.322 0.594 -0.292,
            6.343 0.308 -0.500,
            6.346 0.224 -0.500,
            6.348 0.139 -0.500,
            6.350 0.000 -0.299,
            6.350 0.000 0.539,
            6.350 0.000 0.071,
            5.954 2.207 0.493,
            5.947 2.227 0.489,
            6.010 2.051 0.490,
            6.016 2.033 0.485,
            5.520 3.138 -0.637,
            6.347 -0.202 0.620,
            6.342 -0.317 1.300,
            6.343 -0.300 0.477,
            6.343 -0.303 0.494,
            6.342 -0.310 0.511,
            6.342 -0.319 0.527,
            6.341 -0.336 0.556,
            6.339 -0.378 0.620,
            6.318 -0.632 1.300,
            6.340 -0.359 0.016,
            6.346 -0.227 0.030,
            6.343 -0.288 0.119,
            6.318 -0.639 1.000,
            6.309 -0.723 1.000,
            6.298 -0.808 1.000,
            6.279 -0.946 1.300,
            6.287 -0.892 1.000,
            6.310 -0.712 -0.500,
            6.246 -1.145 0.688,
            6.247 -1.140 0.665,
            6.248 -1.136 0.646,
            6.245 -1.152 0.709,
            6.248 -1.134 0.631,
            6.248 -1.132 0.615,
            6.243 -1.159 0.729,
            6.242 -1.167 0.750,
            6.249 -1.129 0.577,
            6.240 -1.176 0.769,
            6.224 -1.258 1.300,
            6.238 -1.185 0.786,
            6.237 -1.195 0.803,
            6.235 -1.205 0.819,
            6.232 -1.216 0.834,
            6.230 -1.228 0.849,
            6.228 -1.241 0.863,
            6.225 -1.253 0.877,
            6.222 -1.268 0.890,
            6.219 -1.282 0.902,
            6.216 -1.297 0.913,
            6.213 -1.314 0.925,
            6.253 -1.105 0.032,
            6.254 -1.100 0.013,
            6.255 -1.096 -0.006,
            6.252 -1.111 0.051,
            6.255 -1.094 -0.024,
            6.255 -1.093 -0.036,
            6.251 -1.117 0.070,
            6.255 -1.092 -0.048,
            6.276 -0.968 -0.500,
            6.250 -1.125 0.087,
            6.256 -1.091 -0.074,
            6.248 -1.134 0.104,
            6.209 -1.331 0.936,
            6.246 -1.143 0.120,
            6.255 -1.093 -0.111,
            6.244 -1.153 0.136,
            6.255 -1.094 -0.129,
            6.243 -1.161 0.148,
            6.205 -1.351 0.948,
            6.255 -1.097 -0.147,
            6.241 -1.173 0.163,
            6.236 -1.198 0.577,
            6.254 -1.101 -0.165,
            6.238 -1.185 0.178,
            6.200 -1.372 0.958,
            6.253 -1.106 -0.184,
            6.236 -1.198 0.191,
            6.252 -1.111 -0.201,
            6.233 -1.212 0.204,
            6.195 -1.394 0.968,
            6.251 -1.118 -0.221,
            6.300 -0.798 -0.500,
            6.288 -0.883 -0.500,
            6.230 -1.227 0.216,
            6.249 -1.126 -0.240,
            6.190 -1.416 0.977,
            6.227 -1.243 0.229,
            6.222 -1.267 0.577,
            6.248 -1.135 -0.259,
            6.205 -1.350 0.649,
            6.206 -1.343 0.621,
            6.206 -1.345 0.630,
            6.207 -1.341 0.610,
            6.223 -1.262 0.242,
            6.246 -1.145 -0.278,
            6.219 -1.283 0.255,
            6.214 -1.309 0.270,
            6.208 -1.336 0.577,
            6.154 -1.567 1.300,
            6.177 -1.472 0.995,
            6.184 -1.442 0.986,
            6.169 -1.505 1.003,
            6.206 -1.346 0.288,
            6.160 -1.540 1.009,
            6.198 -1.381 0.303,
            6.204 -1.355 0.667,
            6.202 -1.362 0.685,
            6.201 -1.367 0.696,
            6.200 -1.373 0.708,
            6.216 -1.299 -0.101,
            6.216 -1.298 -0.084,
            6.216 -1.300 -0.065,
            6.215 -1.301 -0.116,
            6.215 -1.301 -0.052,
            6.215 -1.303 -0.130,
            6.215 -1.305 -0.033,
            6.152 -1.575 1.014,
            6.214 -1.307 -0.148,
            6.214 -1.309 -0.018,
            6.190 -1.418 0.316,
            6.197 -1.387 0.731,
            6.195 -1.394 0.741,
            6.193 -1.402 0.751,
            6.191 -1.410 0.760,
            6.189 -1.419 0.769,
            6.188 -1.427 0.776,
            6.184 -1.442 0.788,
            6.198 -1.380 0.720,
            6.213 -1.311 -0.160,
            6.212 -1.315 -0.001,
            6.212 -1.317 -0.175,
            6.211 -1.322 0.014,
            6.145 -1.600 1.016,
            6.210 -1.325 -0.192,
            6.209 -1.330 0.026,
            6.209 -1.330 -0.201,
            6.208 -1.337 0.037,
            6.208 -1.336 -0.211,
            6.206 -1.344 0.045,
            6.206 -1.342 -0.221,
            6.205 -1.351 0.053,
            6.205 -1.350 -0.232,
            6.203 -1.359 -0.243,
            6.201 -1.366 0.066,
            6.169 -1.505 0.344,
            6.181 -1.457 0.798,
            6.177 -1.472 0.807,
            6.174 -1.486 0.814,
            6.170 -1.503 0.821,
            6.165 -1.521 0.827,
            6.160 -1.540 0.832,
            6.156 -1.559 0.837,
            6.201 -1.370 -0.254,
            6.198 -1.379 0.077,
            6.126 -1.671 1.019,
            6.198 -1.382 -0.266,
            6.195 -1.392 0.086,
            6.244 -1.156 -0.296,
            6.242 -1.167 -0.312,
            6.240 -1.179 -0.329,
            6.237 -1.192 -0.345,
            6.235 -1.204 -0.359,
            6.232 -1.220 -0.374,
            6.229 -1.235 -0.389,
            6.225 -1.252 -0.403,
            6.222 -1.268 -0.415,
            6.218 -1.286 -0.427,
            6.214 -1.306 -0.439,
            6.195 -1.396 -0.277,
            6.192 -1.409 0.096,
            6.117 -1.705 1.018,
            6.192 -1.408 -0.286,
            6.188 -1.425 -0.296,
            6.187 -1.429 0.106,
            6.185 -1.440 -0.304,
            6.181 -1.455 0.118,
            6.180 -1.457 -0.313,
            6.176 -1.477 0.127,
            6.139 -1.624 0.376,
            6.151 -1.577 0.840,
            6.146 -1.597 0.843,
            6.143 -1.610 0.844,
            6.138 -1.625 0.845,
            6.128 -1.663 0.846,
            6.119 -1.697 0.845,
            6.176 -1.475 -0.320,
            6.172 -1.493 -0.326,
            6.166 -1.518 0.141,
            6.068 -1.872 1.300,
            6.095 -1.783 1.011,
            6.102 -1.757 1.014,
            6.109 -1.734 1.016,
            6.085 -1.814 1.005,
            6.168 -1.510 -0.331,
            6.163 -1.530 -0.336,
            6.077 -1.843 0.999,
            6.158 -1.550 -0.340,
            6.067 -1.874 0.990,
            6.153 -1.570 -0.343,
            6.104 -1.751 0.411,
            6.111 -1.727 0.843,
            6.104 -1.751 0.840,
            6.098 -1.772 0.836,
            6.148 -1.589 -0.344,
            6.059 -1.902 0.980,
            6.090 -1.799 0.427,
            6.092 -1.792 0.832,
            6.087 -1.809 0.827,
            6.051 -1.925 0.971,
            6.044 -1.947 0.961,
            6.210 -1.328 -0.452,
            6.205 -1.349 -0.462,
            6.200 -1.373 -0.473,
            6.193 -1.402 -0.484,
            6.187 -1.432 -0.493,
            6.180 -1.460 -0.501,
            6.173 -1.489 -0.507,
            6.166 -1.519 -0.512,
            6.160 -1.541 -0.515,
            6.151 -1.577 -0.517,
            6.079 -1.836 0.442,
            6.081 -1.827 0.821,
            6.076 -1.845 0.813,
            6.038 -1.966 0.952,
            6.073 -1.856 0.451,
            6.072 -1.858 0.806,
            6.067 -1.874 0.460,
            6.067 -1.873 0.797,
            6.032 -1.984 0.942,
            6.064 -1.884 0.465,
            6.063 -1.887 0.788,
            6.061 -1.893 0.472,
            6.059 -1.899 0.778,
            6.027 -2.001 0.931,
            6.058 -1.902 0.478,
            6.056 -1.909 0.768,
            6.112 -1.724 -0.338,
            6.118 -1.702 -0.341,
            6.092 -1.791 0.219,
            6.054 -1.916 0.490,
            6.054 -1.918 0.758,
            6.051 -1.925 0.748,
            6.051 -1.926 0.502,
            6.049 -1.932 0.739,
            6.048 -1.934 0.512,
            6.047 -1.937 0.730,
            6.106 -1.743 -0.334,
            6.046 -1.940 0.520,
            6.044 -1.947 0.714,
            6.044 -1.946 0.531,
            6.043 -1.951 0.541,
            6.042 -1.953 0.700,
            6.038 -1.966 0.597,
            6.039 -1.964 0.661,
            6.038 -1.966 0.642,
            6.038 -1.967 0.622,
            6.041 -1.956 0.553,
            6.041 -1.957 0.688,
            6.040 -1.960 0.678,
            6.039 -1.964 0.586,
            6.040 -1.961 0.568,
            6.100 -1.763 -0.328,
            6.095 -1.782 -0.322,
            6.089 -1.801 -0.315,
            5.967 -2.172 1.300,
            6.003 -2.071 0.869,
            6.007 -2.058 0.882,
            6.012 -2.044 0.896,
            6.016 -2.031 0.908,
            6.022 -2.015 0.920,
            6.084 -1.820 -0.307,
            5.999 -2.083 0.854,
            5.995 -2.095 0.839,
            6.078 -1.837 -0.298,
            6.073 -1.856 0.241,
            6.075 -1.850 -0.291,
            5.991 -2.105 0.823,
            6.071 -1.863 -0.284,
            5.987 -2.115 0.806,
            6.067 -1.876 -0.275,
            5.984 -2.124 0.790,
            6.062 -1.889 -0.265,
            6.058 -1.904 0.260,
            5.981 -2.133 0.771,
            6.058 -1.904 -0.253,
            6.055 -1.914 -0.245,
            5.978 -2.140 0.753,
            6.051 -1.926 -0.232,
            5.976 -2.147 0.734,
            6.047 -1.939 -0.218,
            6.049 -1.932 0.272,
            5.974 -2.153 0.715,
            6.043 -1.950 -0.203,
            5.972 -2.157 0.697,
            6.040 -1.961 -0.187,
            5.971 -2.161 0.679,
            6.036 -1.971 -0.170,
            6.041 -1.958 0.284,
            6.139 -1.623 -0.519,
            6.122 -1.687 -0.517,
            6.112 -1.724 -0.514,
            6.102 -1.759 -0.510,
            6.091 -1.794 -0.505,
            6.082 -1.826 -0.498,
            6.034 -1.979 -0.154,
            5.970 -2.164 0.660,
            6.031 -1.986 -0.137,
            6.020 -2.022 0.019,
            6.030 -1.992 0.304,
            6.021 -2.017 0.321,
            6.016 -2.032 0.332,
            6.011 -2.048 0.345,
            6.029 -1.993 -0.119,
            6.027 -1.999 -0.101,
            6.022 -2.015 -0.032,
            6.025 -2.005 -0.078,
            6.023 -2.011 -0.053,
            5.997 -2.089 0.019,
            6.006 -2.062 0.357,
            6.002 -2.075 0.370,
            5.997 -2.087 0.385,
            5.993 -2.099 0.399,
            5.989 -2.109 0.413,
            5.973 -2.155 0.019,
            5.986 -2.118 0.428,
            5.983 -2.128 0.444,
            5.980 -2.136 0.461,
            5.978 -2.141 0.472,
            5.976 -2.148 0.490,
            5.974 -2.153 0.508,
            5.949 -2.221 0.019,
            5.972 -2.158 0.526,
            5.971 -2.162 0.545,
            5.970 -2.164 0.558,
            5.969 -2.165 0.572,
            5.969 -2.167 0.608,
            6.024 -2.008 -0.418,
            6.018 -2.026 -0.406,
            6.012 -2.043 -0.392,
            6.007 -2.059 -0.377,
            6.001 -2.075 -0.361,
            5.996 -2.090 -0.345,
            6.073 -1.855 -0.490,
            6.064 -1.883 -0.481,
            6.056 -1.909 -0.472,
            6.049 -1.932 -0.462,
            6.042 -1.952 -0.452,
            6.036 -1.972 -0.442,
            6.030 -1.990 -0.431,
            5.855 -2.459 0.677,
            5.851 -2.467 1.300,
            5.853 -2.463 0.697,
            5.851 -2.468 0.716,
            5.849 -2.472 0.730,
            5.856 -2.456 0.657,
            5.969 -2.165 0.643,
            5.847 -2.478 0.747,
            5.856 -2.455 0.638,
            5.844 -2.485 0.765,
            5.857 -2.454 0.611,
            5.840 -2.493 0.783,
            5.837 -2.500 0.798,
            5.833 -2.510 0.815,
            5.829 -2.520 0.832,
            5.824 -2.530 0.848,
            5.819 -2.541 0.862,
            5.814 -2.553 0.876,
            5.809 -2.565 0.889,
            5.805 -2.574 0.897,
            5.799 -2.587 0.909,
            5.793 -2.602 0.921,
            5.874 -2.413 0.035,
            5.856 -2.456 0.576,
            5.875 -2.409 0.019,
            5.877 -2.406 0.001,
            5.871 -2.418 0.054,
            5.878 -2.404 -0.019,
            5.869 -2.424 0.071,
            5.855 -2.458 0.559,
            5.878 -2.401 -0.044,
            5.866 -2.431 0.088,
            5.854 -2.460 0.547,
            5.786 -2.616 0.931,
            5.863 -2.438 0.104,
            5.879 -2.400 -0.070,
            5.949 -2.220 -0.008,
            5.949 -2.221 0.005,
            5.860 -2.447 0.120,
            5.853 -2.464 0.527,
            5.857 -2.453 0.131,
            5.850 -2.469 0.509,
            5.779 -2.631 0.940,
            5.878 -2.402 -0.107,
            5.951 -2.215 -0.056,
            5.950 -2.218 -0.033,
            5.854 -2.460 0.143,
            5.849 -2.473 0.497,
            5.878 -2.403 -0.125,
            5.952 -2.212 -0.079,
            5.850 -2.469 0.155,
            5.846 -2.479 0.481,
            5.877 -2.406 -0.145,
            5.954 -2.208 -0.100,
            5.847 -2.478 0.167,
            5.843 -2.487 0.463,
            5.875 -2.409 -0.163,
            5.956 -2.203 -0.122,
            5.842 -2.489 0.180,
            5.839 -2.495 0.446,
            5.874 -2.413 -0.182,
            5.837 -2.500 0.193,
            5.835 -2.504 0.430,
            5.831 -2.513 0.415,
            5.831 -2.514 0.206,
            5.827 -2.523 0.401,
            5.721 -2.755 1.300,
            5.756 -2.682 0.965,
            5.764 -2.664 0.957,
            5.772 -2.647 0.949,
            5.826 -2.527 0.218,
            5.822 -2.534 0.387,
            5.747 -2.701 0.972,
            5.819 -2.542 0.229,
            5.817 -2.546 0.373,
            5.813 -2.556 0.239,
            5.812 -2.559 0.360,
            5.736 -2.724 0.979,
            5.806 -2.571 0.249,
            5.806 -2.572 0.347,
            5.800 -2.586 0.336,
            5.799 -2.588 0.259,
            5.724 -2.749 0.985,
            5.795 -2.597 0.263,
            5.793 -2.600 0.325,
            5.791 -2.605 0.267,
            5.787 -2.615 0.315,
            5.991 -2.104 -0.328,
            5.987 -2.118 -0.310,
            5.982 -2.130 -0.291,
            5.978 -2.142 -0.272,
            5.974 -2.154 -0.251,
            5.970 -2.165 -0.230,
            5.966 -2.174 -0.208,
            5.963 -2.183 -0.188,
            5.960 -2.190 -0.166,
            5.958 -2.197 -0.144,
            5.872 -2.418 -0.202,
            5.869 -2.424 -0.222,
            5.866 -2.431 -0.241,
            5.862 -2.440 -0.262,
            5.858 -2.450 -0.283,
            5.713 -2.772 0.990,
            5.782 -2.625 0.275,
            5.783 -2.623 0.310,
            5.778 -2.633 0.304,
            5.701 -2.797 0.994,
            5.766 -2.660 0.288,
            5.688 -2.823 0.996,
            5.674 -2.850 0.998,
            5.647 -2.903 1.000,
            5.577 -3.037 1.300,
            5.846 -2.479 -0.333,
            5.841 -2.491 -0.349,
            5.836 -2.502 -0.363,
            5.831 -2.514 -0.377,
            5.826 -2.527 -0.389,
            5.820 -2.540 -0.401,
            5.813 -2.555 -0.413,
            5.807 -2.569 -0.423,
            5.800 -2.585 -0.433,
            5.793 -2.602 -0.442,
            5.785 -2.619 -0.450,
            5.775 -2.639 -0.459,
            5.765 -2.661 -0.467,
            5.854 -2.460 -0.301,
            5.850 -2.470 -0.318,
            5.559 -3.068 1.000,
            5.467 -3.231 1.000,
            5.418 -3.311 1.300,
            5.755 -2.685 -0.474,
            5.742 -2.712 -0.481,
            5.728 -2.740 -0.487,
            5.710 -2.778 -0.493,
            5.693 -2.814 -0.497,
            5.678 -2.843 -0.498,
            5.664 -2.870 -0.499,
            5.648 -2.902 -0.500,
            5.369 -3.391 1.000,
            5.247 -3.577 1.300,
            5.560 -3.068 -0.500,
            5.467 -3.231 -0.500,
            5.369 -3.391 -0.500,
            5.062 -3.834 1.300,
            4.864 -4.082 1.300,
            4.655 -4.319 1.300,
            4.434 -4.546 1.300,
            4.202 -4.761 1.300,
            3.959 -4.965 1.300,
            3.707 -5.156 1.300,
            3.445 -5.334 1.300,
            3.175 -5.499 1.300,
            2.897 -5.651 1.300,
            2.612 -5.788 1.300,
            2.320 -5.911 1.300,
            2.022 -6.019 1.300,
            1.720 -6.113 1.300,
            1.413 -6.191 1.300,
            1.103 -6.254 1.300,
            0.790 -6.301 1.300,
            0.475 -6.332 1.300,
            0.158 -6.348 1.300,
            -0.158 -6.348 1.300,
            -0.289 -6.343 -1.362,
            -0.475 -6.332 1.300,
            -0.577 -6.324 -1.362,
            -0.790 -6.301 1.300,
            -0.864 -6.291 -1.362,
            -1.103 -6.254 1.300,
            -1.149 -6.245 -1.361,
            -1.413 -6.191 1.300,
            -1.431 -6.186 -1.361,
            -1.720 -6.113 1.300,
            -1.711 -6.115 -1.360,
            -1.987 -6.031 -1.359,
            -2.022 -6.019 1.300,
            -2.259 -5.935 -1.358,
            -2.320 -5.911 1.300,
            -2.527 -5.826 -1.358,
            -2.612 -5.788 1.300,
            -2.789 -5.705 -1.356,
            -2.897 -5.651 1.300,
            -3.045 -5.572 -1.355,
            -3.175 -5.499 1.300,
            -3.295 -5.428 -1.354,
            -3.445 -5.334 1.300,
            -3.538 -5.272 -1.353,
            -3.707 -5.156 1.300,
            -3.774 -5.106 -1.351,
            -3.959 -4.965 1.300,
            -4.002 -4.930 -1.350,
            -4.202 -4.761 1.300,
            -4.222 -4.743 -1.348,
            -4.434 -4.546 1.300,
            -4.433 -4.546 -1.346,
            -4.635 -4.340 -1.344,
            -4.655 -4.319 1.300,
            -4.827 -4.125 -1.342,
            -4.864 -4.082 1.300,
            -5.010 -3.902 -1.340,
            -5.062 -3.834 1.300,
            -5.182 -3.670 -1.338,
            -5.247 -3.577 1.300,
            -5.343 -3.431 -1.336,
            -5.418 -3.311 1.300,
            -5.493 -3.184 -1.334,
            -5.577 -3.037 1.300,
            -5.632 -2.932 -1.332,
            -5.721 -2.755 1.300,
            -5.760 -2.673 -1.330,
            -5.851 -2.467 1.300,
            -5.875 -2.409 -1.327,
            -5.967 -2.172 1.300,
            -5.979 -2.140 -1.325,
            -6.068 -1.872 1.300,
            -6.070 -1.866 -1.322,
            -6.148 -1.588 -1.320,
            -6.154 -1.567 1.300,
            -6.214 -1.307 -1.318,
            -6.224 -1.258 1.300,
            -6.267 -1.024 -1.315,
            -6.279 -0.946 1.300,
            -6.307 -0.738 -1.312,
            -6.318 -0.632 1.300,
            -6.334 -0.451 -1.310,
            -6.342 -0.317 1.300,
            -6.346 -0.226 -1.308,
            6.336 -0.417 0.307,
            6.137 -1.632 -0.346,
            6.126 -1.672 -0.344,
            6.121 -1.688 -0.343,
            6.348 -0.161 0.305,
            5.756 -2.681 0.137,
            5.764 -2.665 0.123,
            5.760 -2.673 0.131,
            5.738 -2.720 0.161,
            5.752 -2.690 0.144,
            5.745 -2.705 0.154,
            5.731 -2.735 0.167,
            5.774 -2.643 0.097,
            5.771 -2.650 0.106,
            5.767 -2.657 0.115,
            5.724 -2.749 0.172,
            5.777 -2.636 0.087,
            5.716 -2.766 0.177,
            5.783 -2.623 0.065,
            5.780 -2.629 0.076,
            5.707 -2.785 0.181,
            5.787 -2.613 0.042,
            5.785 -2.618 0.054,
            5.701 -2.796 0.183,
            5.789 -2.609 0.029,
            5.695 -2.810 0.185,
            5.792 -2.602 0.004,
            5.791 -2.605 0.016,
            5.793 -2.600 -0.009,
            5.794 -2.598 -0.023,
            5.680 -2.839 0.189,
            5.795 -2.596 -0.042,
            5.661 -2.877 0.191,
            5.796 -2.595 -0.067,
            5.738 -2.719 -0.298,
            5.742 -2.710 -0.294,
            5.747 -2.701 -0.289,
            5.751 -2.693 -0.283,
            5.755 -2.685 -0.277,
            5.734 -2.728 -0.302,
            5.758 -2.677 -0.271,
            5.764 -2.664 -0.259,
            5.769 -2.653 -0.246,
            5.726 -2.744 -0.308,
            5.774 -2.643 -0.234,
            5.777 -2.635 -0.222,
            5.780 -2.629 -0.211,
            5.718 -2.762 -0.314,
            5.783 -2.623 -0.200,
            5.699 -2.800 -0.322,
            5.707 -2.784 -0.320,
            5.785 -2.618 -0.190,
            5.690 -2.818 -0.324,
            5.787 -2.614 -0.180,
            5.790 -2.608 -0.162,
            5.792 -2.604 -0.147,
            5.673 -2.853 -0.326,
            5.793 -2.601 -0.134,
            5.794 -2.599 -0.123,
            5.795 -2.597 -0.111,
            5.795 -2.596 -0.098,
            5.650 -2.899 -0.327,
            5.638 -2.921 0.192,
            5.595 -3.004 -0.327,
            5.587 -3.018 0.192,
            5.538 -3.107 -0.327,
            5.534 -3.114 0.192,
            5.479 -3.210 -0.327,
            5.479 -3.210 0.192,
            5.722 -2.753 0.800,
            5.734 -2.729 0.786,
            5.730 -2.737 0.791,
            5.715 -2.768 0.806,
            5.738 -2.721 0.779,
            5.707 -2.784 0.811,
            5.745 -2.706 0.765,
            5.741 -2.713 0.772,
            5.700 -2.799 0.815,
            5.751 -2.692 0.749,
            5.748 -2.699 0.757,
            5.691 -2.817 0.818,
            5.759 -2.675 0.719,
            5.757 -2.680 0.730,
            5.754 -2.686 0.740,
            5.675 -2.850 0.822,
            5.766 -2.660 0.683,
            5.764 -2.664 0.695,
            5.762 -2.669 0.707,
            5.663 -2.873 0.824,
            5.769 -2.654 0.658,
            5.768 -2.657 0.671,
            5.770 -2.651 0.644,
            5.650 -2.899 0.826,
            5.771 -2.650 0.630,
            5.771 -2.648 0.616,
            5.720 -2.757 0.392,
            5.725 -2.747 0.397,
            5.733 -2.731 0.407,
            5.739 -2.717 0.417,
            5.745 -2.706 0.428,
            5.705 -2.788 0.380,
            5.710 -2.779 0.383,
            5.700 -2.798 0.378,
            5.695 -2.809 0.375,
            5.749 -2.696 0.438,
            5.753 -2.688 0.449,
            5.756 -2.681 0.459,
            5.689 -2.821 0.373,
            5.759 -2.675 0.469,
            5.761 -2.670 0.478,
            5.676 -2.846 0.370,
            5.765 -2.663 0.496,
            5.767 -2.658 0.512,
            5.769 -2.654 0.525,
            5.657 -2.885 0.367,
            5.770 -2.651 0.543,
            5.771 -2.650 0.553,
            5.771 -2.649 0.565,
            5.629 -2.940 0.365,
            5.772 -2.647 0.593,
            5.618 -2.960 0.827,
            5.580 -3.031 0.365,
            5.573 -3.044 0.827,
            5.530 -3.121 0.365,
            5.526 -3.127 0.827,
            5.479 -3.210 0.365,
            5.479 -3.210 0.827,
            6.234 1.206 0.665,
            6.235 1.201 0.675,
            6.236 1.196 0.686,
            6.234 1.211 0.653,
            6.237 1.191 0.695,
            6.238 1.185 0.705,
            6.232 1.217 0.635,
            6.240 1.175 0.720,
            6.231 1.224 0.613,
            6.243 1.163 0.736,
            6.230 1.231 0.585,
            6.245 1.151 0.750,
            6.228 1.238 0.551,
            6.247 1.139 0.762,
            6.227 1.243 0.522,
            6.249 1.127 0.772,
            6.251 1.116 0.781,
            6.226 1.247 0.491,
            6.253 1.106 0.788,
            6.255 1.096 0.794,
            6.256 1.087 0.800,
            6.225 1.254 0.423,
            6.259 1.070 0.808,
            6.262 1.055 0.814,
            6.264 1.042 0.818,
            6.266 1.031 0.821,
            6.224 1.258 0.371,
            6.269 1.014 0.824,
            6.271 0.997 0.826,
            6.275 0.975 0.827,
            6.304 0.765 0.703,
            6.300 0.794 0.744,
            6.302 0.777 0.724,
            6.306 0.742 0.652,
            6.305 0.755 0.684,
            6.306 0.750 0.672,
            6.237 1.192 -0.213,
            6.236 1.198 -0.202,
            6.235 1.204 -0.190,
            6.307 0.734 0.626,
            6.299 0.801 0.752,
            6.238 1.185 -0.225,
            6.233 1.211 -0.172,
            6.232 1.218 -0.152,
            6.240 1.175 -0.240,
            6.230 1.226 -0.125,
            6.309 0.725 0.594,
            6.295 0.833 0.781,
            6.297 0.822 0.772,
            6.298 0.808 0.760,
            6.242 1.166 -0.251,
            6.229 1.233 -0.098,
            6.309 0.717 0.559,
            6.293 0.846 0.790,
            6.244 1.153 -0.266,
            6.228 1.238 -0.071,
            6.247 1.140 -0.279,
            6.227 1.243 -0.042,
            6.310 0.709 0.517,
            6.290 0.872 0.805,
            6.291 0.863 0.800,
            6.249 1.126 -0.292,
            6.226 1.247 -0.011,
            6.251 1.115 -0.300,
            6.311 0.701 0.453,
            6.283 0.921 0.821,
            6.285 0.907 0.818,
            6.287 0.894 0.814,
            6.288 0.883 0.809,
            6.253 1.104 -0.307,
            6.255 1.094 -0.314,
            6.257 1.083 -0.321,
            6.225 1.255 0.060,
            6.312 0.695 0.389,
            6.278 0.955 0.826,
            6.279 0.945 0.825,
            6.281 0.935 0.824,
            6.259 1.071 -0.326,
            6.261 1.060 -0.331,
            6.263 1.048 -0.335,
            6.312 0.692 0.324,
            6.224 1.261 0.240,
            6.265 1.036 -0.339,
            6.224 1.258 0.108,
            6.267 1.026 -0.341,
            6.268 1.015 -0.343,
            6.312 0.691 0.240,
            6.224 1.260 0.169,
            6.270 1.002 -0.345,
            6.274 0.977 -0.346,
            6.312 0.694 0.109,
            6.278 0.954 -0.345,
            6.281 0.936 -0.343,
            6.283 0.919 -0.339,
            6.312 0.697 0.058,
            6.285 0.907 -0.336,
            6.287 0.893 -0.331,
            6.289 0.878 -0.324,
            6.291 0.860 -0.315,
            6.311 0.704 -0.010,
            6.293 0.851 -0.309,
            6.294 0.841 -0.302,
            6.296 0.830 -0.294,
            6.297 0.818 -0.284,
            6.310 0.712 -0.060,
            6.299 0.806 -0.272,
            6.309 0.719 -0.097,
            6.300 0.794 -0.259,
            6.308 0.725 -0.123,
            6.302 0.781 -0.244,
            6.308 0.733 -0.148,
            6.303 0.771 -0.230,
            6.307 0.740 -0.170,
            6.304 0.765 -0.221,
            6.306 0.745 -0.182,
            6.304 0.759 -0.212,
            6.305 0.754 -0.202,
            6.306 0.750 -0.193,
            -4.711 -3.953 1.500,
            -4.508 -4.183 1.500,
            -4.294 -4.403 1.500,
            -3.590 -4.993 1.500,
            -4.069 -4.611 1.500,
            -3.834 -4.808 1.500,
            -5.081 -3.464 1.500,
            -4.902 -3.713 1.500,
            -3.337 -5.166 1.500,
            -3.075 -5.326 1.500,
            -5.401 -2.941 1.500,
            -5.248 -3.207 1.500,
            -2.529 -5.606 1.500,
            -2.806 -5.473 1.500,
            -5.667 -2.389 1.500,
            -5.541 -2.668 1.500,
            -5.779 -2.103 1.500,
            -1.666 -5.920 1.500,
            -2.247 -5.725 1.500,
            -1.959 -5.830 1.500,
            -5.960 -1.518 1.500,
            -5.877 -1.813 1.500,
            -1.068 -6.057 1.500,
            -1.369 -5.996 1.500,
            -0.765 -6.102 1.500,
            -0.460 -6.133 1.500,
            -6.142 -0.307 1.500,
            -6.119 -0.612 1.500,
            -6.081 -0.917 1.500,
            -6.028 -1.219 1.500,
            0.153 -6.148 1.500,
            -0.153 -6.148 1.500,
            0.765 -6.102 1.500,
            0.460 -6.133 1.500,
            1.068 -6.057 1.500,
            1.666 -5.920 1.500,
            1.369 -5.996 1.500,
            1.959 -5.830 1.500,
            2.806 -5.473 1.500,
            2.247 -5.725 1.500,
            2.529 -5.606 1.500,
            3.075 -5.326 1.500,
            3.590 -4.993 1.500,
            3.337 -5.166 1.500,
            4.294 -4.403 1.500,
            3.834 -4.808 1.500,
            4.069 -4.611 1.500,
            4.711 -3.953 1.500,
            4.508 -4.183 1.500,
            4.902 -3.713 1.500,
            5.081 -3.464 1.500,
            5.401 -2.941 1.500,
            5.248 -3.207 1.500,
            5.877 -1.813 1.500,
            5.541 -2.668 1.500,
            5.667 -2.389 1.500,
            5.779 -2.103 1.500,
            6.081 -0.917 1.500,
            5.960 -1.518 1.500,
            6.028 -1.219 1.500,
            6.142 -0.307 1.500,
            6.119 -0.612 1.500,
            -0.298 -6.201 -1.499,
            -0.477 -6.190 -1.499,
            -0.664 -6.173 -1.498,
            -0.856 -6.149 -1.498,
            -1.055 -6.118 -1.498,
            -1.261 -6.079 -1.498,
            -1.476 -6.031 -1.497,
            -1.697 -5.972 -1.497,
            -1.926 -5.902 -1.496,
            -2.162 -5.820 -1.495,
            -2.405 -5.724 -1.495,
            -2.654 -5.613 -1.494,
            -2.908 -5.485 -1.492,
            -3.167 -5.340 -1.491,
            -3.429 -5.175 -1.490,
            -3.668 -5.009 -1.488,
            -3.883 -4.844 -1.487,
            -4.099 -4.664 -1.485,
            -4.313 -4.466 -1.484,
            -4.524 -4.252 -1.482,
            -4.711 -4.044 -1.480,
            -4.875 -3.845 -1.478,
            -5.034 -3.633 -1.476,
            -5.189 -3.410 -1.474,
            -5.336 -3.174 -1.472,
            -5.476 -2.926 -1.470,
            -5.607 -2.666 -1.468,
            -5.729 -2.394 -1.465,
            -5.839 -2.111 -1.463,
            -5.937 -1.817 -1.460,
            -6.014 -1.544 -1.458,
            -6.073 -1.292 -1.456,
            -6.122 -1.034 -1.454,
            -6.161 -0.771 -1.451,
            -6.188 -0.503 -1.449,
            -6.204 -0.231 -1.447,
            -6.208 0.046 -1.444,
            -6.200 0.321 -1.442,
            -6.180 0.592 -1.439,
            -6.149 0.858 -1.437,
            -6.107 1.120 -1.435,
            -6.055 1.376 -1.433,
            -5.992 1.626 -1.430,
            -5.921 1.870 -1.428,
            -5.840 2.107 -1.426,
            -5.752 2.337 -1.424,
            -5.656 2.560 -1.422,
            -5.554 2.775 -1.420,
            -5.445 2.983 -1.419,
            -5.331 3.183 -1.417,
            -5.212 3.374 -1.415,
            -5.088 3.558 -1.414,
            -4.961 3.733 -1.412,
            -4.830 3.901 -1.411,
            -4.696 4.061 -1.409,
            -4.560 4.213 -1.408,
            -4.422 4.358 -1.407,
            -4.283 4.495 -1.405,
            -4.143 4.624 -1.404,
            -4.002 4.747 -1.403,
            -3.860 4.863 -1.402,
            -3.719 4.972 -1.401,
            -3.578 5.074 -1.400,
            -3.437 5.170 -1.399,
            -3.251 5.290 -1.398,
            -3.043 5.412 -1.397,
            -2.838 5.522 -1.396,
            -2.636 5.621 -1.396,
            -2.438 5.710 -1.395,
            -2.243 5.789 -1.394,
            -2.052 5.860 -1.393,
            -1.866 5.921 -1.393,
            -1.685 5.976 -1.392,
            -1.508 6.023 -1.392,
            -1.335 6.063 -1.392,
            -1.168 6.098 -1.391,
            -0.952 6.135 -1.391,
            -0.719 6.167 -1.391,
            -0.531 6.186 -1.391,
            -0.316 6.200 -1.390,
            -0.155 6.207 -1.390
          ]
        }
        coordIndex [
          0, 1, 2, -1,
          1, 3, 2, -1,
          4, 5, 1, -1,
          1, 5, 3, -1,
          4, 6, 5, -1,
          4, 7, 6, -1,
          7, 8, 6, -1,
          9, 10, 7, -1,
          7, 10, 8, -1,
          9, 11, 10, -1,
          9, 12, 11, -1,
          12, 13, 11, -1,
          12, 14, 13, -1,
          14, 15, 13, -1,
          14, 16, 15, -1,
          16, 17, 15, -1,
          18, 19, 16, -1,
          16, 19, 17, -1,
          20, 21, 18, -1,
          18, 21, 19, -1,
          22, 23, 20, -1,
          20, 23, 21, -1,
          22, 24, 23, -1,
          25, 24, 22, -1,
          25, 26, 24, -1,
          27, 26, 25, -1,
          27, 28, 26, -1,
          29, 28, 27, -1,
          30, 31, 29, -1,
          29, 31, 28, -1,
          30, 32, 31, -1,
          33, 32, 30, -1,
          34, 35, 33, -1,
          33, 35, 32, -1,
          36, 37, 34, -1,
          34, 37, 35, -1,
          38, 39, 36, -1,
          36, 39, 37, -1,
          40, 41, 38, -1,
          38, 41, 39, -1,
          42, 43, 40, -1,
          40, 43, 41, -1,
          44, 45, 42, -1,
          42, 45, 43, -1,
          46, 47, 44, -1,
          44, 47, 45, -1,
          48, 49, 46, -1,
          46, 49, 47, -1,
          50, 51, 48, -1,
          48, 51, 49, -1,
          52, 53, 50, -1,
          50, 53, 51, -1,
          54, 55, 52, -1,
          52, 55, 53, -1,
          56, 57, 54, -1,
          54, 57, 55, -1,
          58, 59, 56, -1,
          56, 59, 57, -1,
          60, 61, 58, -1,
          58, 61, 59, -1,
          62, 63, 60, -1,
          60, 63, 61, -1,
          64, 65, 62, -1,
          62, 65, 63, -1,
          66, 67, 64, -1,
          64, 67, 65, -1,
          68, 69, 66, -1,
          66, 69, 67, -1,
          70, 71, 68, -1,
          72, 71, 70, -1,
          68, 71, 69, -1,
          73, 74, 72, -1,
          72, 74, 71, -1,
          73, 75, 74, -1,
          76, 75, 73, -1,
          76, 77, 75, -1,
          78, 77, 76, -1,
          78, 79, 77, -1,
          80, 79, 78, -1,
          80, 81, 79, -1,
          80, 82, 81, -1,
          83, 82, 80, -1,
          83, 84, 82, -1,
          85, 84, 83, -1,
          86, 87, 85, -1,
          85, 87, 84, -1,
          88, 89, 86, -1,
          86, 89, 87, -1,
          90, 91, 88, -1,
          88, 91, 89, -1,
          92, 93, 90, -1,
          90, 93, 91, -1,
          94, 95, 92, -1,
          92, 95, 93, -1,
          94, 96, 95, -1,
          97, 98, 94, -1,
          94, 98, 96, -1,
          99, 100, 97, -1,
          97, 100, 98, -1,
          101, 102, 99, -1,
          99, 102, 100, -1,
          103, 104, 101, -1,
          101, 104, 102, -1,
          103, 105, 104, -1,
          106, 107, 103, -1,
          103, 107, 105, -1,
          108, 109, 106, -1,
          106, 109, 107, -1,
          108, 110, 109, -1,
          111, 112, 108, -1,
          108, 112, 110, -1,
          113, 114, 111, -1,
          111, 114, 112, -1,
          113, 115, 114, -1,
          116, 117, 113, -1,
          113, 117, 115, -1,
          118, 119, 116, -1,
          116, 119, 117, -1,
          118, 120, 119, -1,
          121, 122, 118, -1,
          118, 122, 120, -1,
          123, 124, 121, -1,
          121, 124, 122, -1,
          123, 125, 124, -1,
          123, 126, 125, -1,
          126, 127, 125, -1,
          126, 128, 127, -1,
          128, 129, 127, -1,
          128, 130, 129, -1,
          131, 130, 128, -1,
          131, 132, 130, -1,
          133, 132, 131, -1,
          133, 134, 132, -1,
          133, 135, 134, -1,
          135, 136, 134, -1,
          135, 137, 136, -1,
          138, 137, 135, -1,
          138, 139, 137, -1,
          138, 140, 139, -1,
          140, 141, 139, -1,
          140, 142, 141, -1,
          140, 143, 142, -1,
          143, 144, 142, -1,
          143, 145, 144, -1,
          145, 146, 144, -1,
          145, 147, 146, -1,
          148, 147, 145, -1,
          148, 149, 147, -1,
          150, 149, 148, -1,
          150, 151, 149, -1,
          150, 152, 151, -1,
          152, 153, 151, -1,
          154, 155, 156, -1,
          157, 155, 154, -1,
          158, 157, 154, -1,
          159, 157, 158, -1,
          160, 159, 158, -1,
          161, 159, 160, -1,
          162, 161, 160, -1,
          163, 161, 162, -1,
          164, 163, 162, -1,
          165, 163, 164, -1,
          166, 165, 164, -1,
          167, 165, 166, -1,
          168, 167, 166, -1,
          169, 167, 168, -1,
          170, 169, 168, -1,
          171, 169, 170, -1,
          172, 171, 170, -1,
          173, 171, 172, -1,
          174, 173, 172, -1,
          175, 173, 174, -1,
          176, 175, 174, -1,
          177, 175, 176, -1,
          178, 177, 176, -1,
          179, 177, 178, -1,
          180, 179, 178, -1,
          181, 179, 180, -1,
          182, 181, 180, -1,
          183, 181, 182, -1,
          184, 183, 182, -1,
          185, 183, 184, -1,
          186, 185, 184, -1,
          187, 185, 186, -1,
          188, 187, 186, -1,
          189, 187, 188, -1,
          190, 189, 188, -1,
          191, 189, 190, -1,
          192, 191, 190, -1,
          193, 191, 192, -1,
          194, 193, 192, -1,
          195, 193, 194, -1,
          196, 195, 194, -1,
          197, 195, 196, -1,
          198, 197, 196, -1,
          198, 196, 199, -1,
          200, 198, 199, -1,
          201, 198, 200, -1,
          202, 201, 200, -1,
          203, 201, 202, -1,
          204, 203, 202, -1,
          204, 202, 205, -1,
          206, 204, 205, -1,
          206, 205, 207, -1,
          208, 206, 207, -1,
          209, 206, 208, -1,
          210, 209, 208, -1,
          211, 209, 210, -1,
          212, 210, 213, -1,
          212, 211, 210, -1,
          214, 212, 213, -1,
          215, 212, 214, -1,
          216, 215, 214, -1,
          217, 215, 216, -1,
          218, 217, 216, -1,
          219, 217, 218, -1,
          220, 219, 218, -1,
          221, 219, 220, -1,
          222, 221, 220, -1,
          223, 221, 222, -1,
          224, 222, 225, -1,
          224, 223, 222, -1,
          226, 224, 225, -1,
          227, 224, 226, -1,
          228, 227, 226, -1,
          229, 227, 228, -1,
          230, 229, 228, -1,
          231, 229, 230, -1,
          232, 231, 230, -1,
          233, 231, 232, -1,
          234, 233, 232, -1,
          235, 233, 234, -1,
          236, 234, 237, -1,
          236, 235, 234, -1,
          238, 236, 237, -1,
          239, 236, 238, -1,
          240, 239, 238, -1,
          241, 239, 240, -1,
          242, 241, 240, -1,
          243, 241, 242, -1,
          244, 243, 242, -1,
          245, 243, 244, -1,
          246, 245, 244, -1,
          247, 245, 246, -1,
          248, 247, 246, -1,
          249, 247, 248, -1,
          250, 249, 248, -1,
          251, 249, 250, -1,
          252, 250, 253, -1,
          252, 251, 250, -1,
          254, 252, 253, -1,
          255, 252, 254, -1,
          256, 255, 254, -1,
          257, 255, 256, -1,
          258, 257, 256, -1,
          259, 257, 258, -1,
          260, 259, 258, -1,
          261, 259, 260, -1,
          262, 261, 260, -1,
          263, 261, 262, -1,
          264, 263, 262, -1,
          265, 263, 264, -1,
          266, 264, 267, -1,
          266, 265, 264, -1,
          268, 266, 267, -1,
          269, 266, 268, -1,
          270, 269, 268, -1,
          271, 269, 270, -1,
          272, 270, 273, -1,
          272, 271, 270, -1,
          274, 273, 275, -1,
          274, 272, 273, -1,
          276, 275, 277, -1,
          276, 274, 275, -1,
          278, 276, 277, -1,
          279, 276, 278, -1,
          280, 278, 281, -1,
          280, 279, 278, -1,
          282, 155, 157, -1,
          282, 283, 155, -1,
          284, 157, 159, -1,
          284, 282, 157, -1,
          285, 159, 161, -1,
          285, 284, 159, -1,
          286, 161, 163, -1,
          286, 285, 161, -1,
          287, 163, 165, -1,
          287, 286, 163, -1,
          288, 165, 167, -1,
          288, 287, 165, -1,
          289, 167, 169, -1,
          289, 288, 167, -1,
          290, 169, 171, -1,
          290, 289, 169, -1,
          291, 171, 173, -1,
          291, 290, 171, -1,
          292, 173, 175, -1,
          292, 291, 173, -1,
          293, 175, 177, -1,
          293, 292, 175, -1,
          294, 293, 177, -1,
          295, 294, 177, -1,
          295, 177, 179, -1,
          296, 295, 179, -1,
          296, 179, 181, -1,
          297, 181, 183, -1,
          297, 296, 181, -1,
          298, 183, 185, -1,
          298, 297, 183, -1,
          299, 185, 187, -1,
          299, 298, 185, -1,
          300, 187, 189, -1,
          300, 299, 187, -1,
          301, 189, 191, -1,
          301, 300, 189, -1,
          302, 191, 193, -1,
          302, 301, 191, -1,
          303, 193, 195, -1,
          303, 302, 193, -1,
          304, 195, 197, -1,
          304, 303, 195, -1,
          305, 197, 198, -1,
          305, 304, 197, -1,
          306, 305, 198, -1,
          307, 198, 201, -1,
          307, 306, 198, -1,
          308, 201, 203, -1,
          308, 307, 201, -1,
          309, 203, 204, -1,
          309, 308, 203, -1,
          310, 204, 206, -1,
          310, 309, 204, -1,
          311, 206, 209, -1,
          311, 310, 206, -1,
          312, 209, 211, -1,
          312, 311, 209, -1,
          313, 211, 212, -1,
          313, 312, 211, -1,
          314, 212, 215, -1,
          314, 313, 212, -1,
          315, 215, 217, -1,
          315, 314, 215, -1,
          316, 315, 217, -1,
          0, 217, 219, -1,
          0, 316, 217, -1,
          1, 219, 221, -1,
          1, 0, 219, -1,
          4, 221, 223, -1,
          4, 1, 221, -1,
          7, 223, 224, -1,
          7, 4, 223, -1,
          9, 7, 224, -1,
          9, 224, 227, -1,
          12, 9, 227, -1,
          12, 227, 229, -1,
          14, 12, 229, -1,
          16, 14, 229, -1,
          16, 229, 231, -1,
          18, 16, 231, -1,
          18, 231, 233, -1,
          20, 18, 233, -1,
          20, 233, 235, -1,
          22, 20, 235, -1,
          22, 235, 236, -1,
          25, 22, 236, -1,
          25, 236, 239, -1,
          27, 25, 239, -1,
          27, 239, 241, -1,
          29, 27, 241, -1,
          29, 241, 243, -1,
          30, 29, 243, -1,
          30, 243, 245, -1,
          33, 245, 247, -1,
          33, 30, 245, -1,
          34, 247, 249, -1,
          34, 33, 247, -1,
          36, 34, 249, -1,
          38, 249, 251, -1,
          38, 36, 249, -1,
          40, 251, 252, -1,
          40, 38, 251, -1,
          42, 252, 255, -1,
          42, 40, 252, -1,
          44, 255, 257, -1,
          44, 42, 255, -1,
          317, 257, 259, -1,
          317, 44, 257, -1,
          261, 318, 259, -1,
          319, 44, 317, -1,
          320, 318, 261, -1,
          321, 317, 259, -1,
          322, 320, 261, -1,
          323, 322, 261, -1,
          324, 259, 318, -1,
          324, 321, 259, -1,
          325, 324, 318, -1,
          46, 319, 326, -1,
          46, 44, 319, -1,
          327, 325, 318, -1,
          328, 46, 326, -1,
          329, 327, 318, -1,
          330, 329, 318, -1,
          331, 330, 318, -1,
          263, 323, 261, -1,
          332, 331, 318, -1,
          48, 46, 328, -1,
          48, 328, 333, -1,
          48, 333, 334, -1,
          48, 334, 335, -1,
          48, 335, 336, -1,
          48, 336, 337, -1,
          48, 337, 338, -1,
          48, 338, 339, -1,
          340, 48, 339, -1,
          341, 48, 340, -1,
          342, 343, 323, -1,
          344, 48, 341, -1,
          345, 342, 323, -1,
          346, 345, 323, -1,
          347, 346, 323, -1,
          348, 323, 263, -1,
          348, 347, 323, -1,
          349, 263, 265, -1,
          350, 348, 263, -1,
          351, 263, 349, -1,
          50, 48, 344, -1,
          50, 344, 352, -1,
          50, 352, 353, -1,
          50, 353, 354, -1,
          50, 354, 355, -1,
          50, 355, 356, -1,
          50, 356, 357, -1,
          50, 357, 358, -1,
          50, 358, 359, -1,
          50, 359, 360, -1,
          50, 360, 361, -1,
          50, 361, 362, -1,
          363, 263, 351, -1,
          364, 263, 363, -1,
          365, 363, 351, -1,
          366, 263, 364, -1,
          367, 365, 351, -1,
          368, 263, 366, -1,
          369, 367, 351, -1,
          370, 350, 263, -1,
          370, 263, 368, -1,
          371, 369, 351, -1,
          372, 350, 370, -1,
          373, 371, 351, -1,
          374, 350, 372, -1,
          375, 373, 351, -1,
          376, 375, 351, -1,
          377, 350, 374, -1,
          378, 376, 351, -1,
          379, 378, 351, -1,
          380, 350, 377, -1,
          381, 379, 351, -1,
          382, 350, 380, -1,
          383, 381, 351, -1,
          384, 350, 382, -1,
          384, 385, 350, -1,
          386, 383, 351, -1,
          387, 385, 384, -1,
          388, 386, 351, -1,
          389, 351, 390, -1,
          389, 388, 351, -1,
          266, 391, 265, -1,
          392, 389, 390, -1,
          393, 392, 390, -1,
          394, 393, 390, -1,
          395, 394, 390, -1,
          396, 395, 390, -1,
          397, 396, 390, -1,
          398, 399, 400, -1,
          401, 397, 390, -1,
          52, 387, 402, -1,
          52, 385, 387, -1,
          52, 402, 403, -1,
          52, 403, 404, -1,
          52, 404, 405, -1,
          52, 405, 406, -1,
          52, 406, 407, -1,
          52, 407, 408, -1,
          52, 50, 362, -1,
          52, 362, 385, -1,
          409, 398, 400, -1,
          409, 410, 398, -1,
          411, 401, 390, -1,
          412, 409, 400, -1,
          413, 412, 400, -1,
          413, 414, 412, -1,
          413, 400, 415, -1,
          416, 413, 415, -1,
          416, 415, 417, -1,
          418, 417, 419, -1,
          418, 416, 417, -1,
          420, 418, 419, -1,
          420, 419, 421, -1,
          422, 420, 421, -1,
          422, 421, 423, -1,
          424, 422, 423, -1,
          424, 423, 425, -1,
          426, 424, 425, -1,
          426, 425, 427, -1,
          428, 429, 430, -1,
          431, 426, 427, -1,
          431, 427, 432, -1,
          433, 431, 432, -1,
          433, 432, 434, -1,
          435, 433, 434, -1,
          435, 434, 436, -1,
          437, 428, 430, -1,
          438, 436, 439, -1,
          438, 439, 440, -1,
          438, 435, 436, -1,
          441, 440, 442, -1,
          441, 438, 440, -1,
          443, 437, 430, -1,
          444, 441, 442, -1,
          444, 442, 445, -1,
          446, 443, 430, -1,
          447, 445, 448, -1,
          447, 444, 445, -1,
          449, 448, 450, -1,
          449, 447, 448, -1,
          451, 446, 430, -1,
          452, 449, 450, -1,
          269, 453, 266, -1,
          454, 452, 450, -1,
          454, 450, 455, -1,
          456, 455, 457, -1,
          456, 454, 455, -1,
          458, 456, 457, -1,
          458, 457, 459, -1,
          460, 459, 461, -1,
          460, 461, 462, -1,
          460, 458, 459, -1,
          463, 460, 462, -1,
          464, 465, 466, -1,
          467, 463, 462, -1,
          467, 462, 468, -1,
          54, 52, 408, -1,
          54, 469, 470, -1,
          54, 470, 471, -1,
          54, 471, 472, -1,
          54, 472, 473, -1,
          54, 473, 474, -1,
          54, 474, 475, -1,
          54, 475, 476, -1,
          54, 476, 477, -1,
          54, 477, 478, -1,
          54, 478, 479, -1,
          54, 479, 480, -1,
          54, 480, 481, -1,
          54, 481, 482, -1,
          54, 408, 483, -1,
          54, 483, 484, -1,
          54, 484, 469, -1,
          485, 464, 466, -1,
          486, 467, 468, -1,
          486, 468, 487, -1,
          488, 485, 466, -1,
          489, 486, 487, -1,
          489, 487, 490, -1,
          491, 489, 490, -1,
          491, 490, 492, -1,
          493, 488, 466, -1,
          494, 491, 492, -1,
          494, 492, 495, -1,
          496, 493, 466, -1,
          497, 494, 495, -1,
          497, 495, 498, -1,
          499, 496, 466, -1,
          500, 497, 498, -1,
          501, 498, 502, -1,
          501, 500, 498, -1,
          503, 499, 466, -1,
          504, 501, 502, -1,
          504, 502, 505, -1,
          506, 504, 505, -1,
          506, 505, 507, -1,
          508, 506, 507, -1,
          508, 507, 509, -1,
          510, 509, 511, -1,
          510, 508, 509, -1,
          512, 510, 511, -1,
          513, 512, 511, -1,
          513, 511, 514, -1,
          515, 514, 516, -1,
          515, 513, 514, -1,
          517, 515, 516, -1,
          517, 516, 518, -1,
          271, 519, 269, -1,
          520, 517, 518, -1,
          520, 518, 521, -1,
          522, 520, 521, -1,
          522, 521, 523, -1,
          524, 522, 523, -1,
          524, 523, 525, -1,
          526, 524, 525, -1,
          526, 525, 527, -1,
          528, 526, 527, -1,
          529, 528, 527, -1,
          529, 527, 530, -1,
          531, 529, 530, -1,
          56, 54, 482, -1,
          56, 482, 532, -1,
          56, 532, 533, -1,
          56, 533, 534, -1,
          56, 534, 535, -1,
          56, 535, 536, -1,
          56, 536, 537, -1,
          56, 537, 538, -1,
          56, 538, 539, -1,
          56, 539, 540, -1,
          56, 540, 541, -1,
          56, 541, 542, -1,
          543, 531, 530, -1,
          543, 530, 544, -1,
          545, 543, 544, -1,
          546, 545, 544, -1,
          546, 544, 547, -1,
          548, 546, 547, -1,
          549, 548, 547, -1,
          550, 547, 551, -1,
          550, 549, 547, -1,
          552, 550, 551, -1,
          553, 551, 554, -1,
          553, 554, 555, -1,
          556, 552, 551, -1,
          556, 551, 553, -1,
          557, 555, 554, -1,
          557, 519, 271, -1,
          558, 271, 559, -1,
          560, 559, 271, -1,
          561, 271, 558, -1,
          562, 560, 271, -1,
          563, 271, 561, -1,
          564, 562, 271, -1,
          565, 271, 563, -1,
          565, 557, 271, -1,
          58, 542, 566, -1,
          58, 566, 567, -1,
          58, 567, 568, -1,
          58, 568, 569, -1,
          58, 569, 570, -1,
          58, 570, 571, -1,
          58, 571, 572, -1,
          58, 572, 573, -1,
          58, 573, 574, -1,
          58, 574, 575, -1,
          58, 575, 576, -1,
          58, 576, 577, -1,
          58, 577, 578, -1,
          58, 578, 579, -1,
          58, 56, 542, -1,
          580, 564, 271, -1,
          581, 557, 565, -1,
          582, 271, 272, -1,
          582, 580, 271, -1,
          583, 582, 272, -1,
          584, 557, 581, -1,
          585, 583, 272, -1,
          586, 585, 272, -1,
          587, 586, 272, -1,
          588, 589, 557, -1,
          588, 557, 584, -1,
          590, 587, 272, -1,
          591, 590, 272, -1,
          592, 591, 272, -1,
          593, 589, 588, -1,
          594, 592, 272, -1,
          595, 594, 272, -1,
          596, 589, 593, -1,
          597, 595, 272, -1,
          598, 589, 596, -1,
          599, 597, 272, -1,
          600, 599, 272, -1,
          601, 600, 272, -1,
          602, 589, 598, -1,
          602, 603, 604, -1,
          602, 604, 589, -1,
          605, 601, 272, -1,
          606, 603, 602, -1,
          606, 607, 603, -1,
          608, 605, 272, -1,
          609, 608, 272, -1,
          610, 609, 272, -1,
          611, 610, 272, -1,
          60, 58, 579, -1,
          60, 606, 612, -1,
          60, 612, 613, -1,
          60, 613, 614, -1,
          60, 614, 615, -1,
          60, 615, 616, -1,
          60, 607, 606, -1,
          60, 579, 617, -1,
          60, 617, 618, -1,
          60, 618, 619, -1,
          60, 619, 620, -1,
          60, 620, 621, -1,
          60, 621, 622, -1,
          60, 622, 623, -1,
          60, 623, 624, -1,
          60, 624, 625, -1,
          60, 625, 626, -1,
          60, 626, 607, -1,
          274, 611, 272, -1,
          274, 627, 628, -1,
          274, 628, 629, -1,
          274, 629, 611, -1,
          630, 627, 274, -1,
          631, 630, 274, -1,
          632, 631, 274, -1,
          633, 632, 274, -1,
          634, 633, 274, -1,
          635, 634, 274, -1,
          636, 635, 274, -1,
          637, 636, 274, -1,
          638, 637, 274, -1,
          62, 616, 639, -1,
          62, 639, 640, -1,
          62, 640, 641, -1,
          62, 641, 642, -1,
          62, 642, 643, -1,
          62, 643, 644, -1,
          62, 644, 645, -1,
          62, 645, 646, -1,
          62, 646, 647, -1,
          62, 647, 648, -1,
          62, 648, 649, -1,
          62, 649, 650, -1,
          62, 650, 651, -1,
          62, 651, 652, -1,
          62, 652, 653, -1,
          62, 653, 654, -1,
          62, 654, 655, -1,
          62, 60, 616, -1,
          276, 656, 657, -1,
          276, 657, 658, -1,
          276, 658, 659, -1,
          276, 659, 660, -1,
          276, 660, 638, -1,
          276, 638, 274, -1,
          661, 656, 276, -1,
          662, 661, 276, -1,
          663, 662, 276, -1,
          664, 663, 276, -1,
          665, 664, 276, -1,
          666, 665, 276, -1,
          667, 666, 276, -1,
          668, 667, 276, -1,
          669, 668, 276, -1,
          670, 669, 276, -1,
          671, 670, 276, -1,
          672, 671, 276, -1,
          673, 672, 276, -1,
          64, 62, 655, -1,
          64, 674, 675, -1,
          64, 675, 676, -1,
          64, 676, 677, -1,
          64, 677, 678, -1,
          64, 655, 679, -1,
          64, 679, 680, -1,
          64, 680, 681, -1,
          64, 681, 682, -1,
          64, 682, 683, -1,
          64, 683, 684, -1,
          64, 684, 674, -1,
          279, 673, 276, -1,
          279, 685, 673, -1,
          686, 687, 688, -1,
          686, 688, 689, -1,
          686, 689, 690, -1,
          686, 690, 691, -1,
          686, 691, 685, -1,
          686, 685, 279, -1,
          692, 687, 686, -1,
          693, 686, 279, -1,
          66, 678, 694, -1,
          66, 694, 695, -1,
          66, 695, 696, -1,
          66, 696, 697, -1,
          66, 697, 698, -1,
          66, 698, 699, -1,
          66, 699, 700, -1,
          66, 700, 701, -1,
          66, 701, 702, -1,
          66, 702, 703, -1,
          66, 703, 704, -1,
          66, 704, 705, -1,
          66, 705, 706, -1,
          66, 64, 678, -1,
          707, 693, 279, -1,
          280, 707, 279, -1,
          708, 707, 280, -1,
          709, 710, 711, -1,
          709, 711, 712, -1,
          709, 712, 713, -1,
          709, 713, 714, -1,
          709, 714, 715, -1,
          709, 715, 716, -1,
          709, 716, 717, -1,
          709, 717, 718, -1,
          709, 718, 719, -1,
          709, 719, 720, -1,
          709, 720, 721, -1,
          709, 721, 722, -1,
          723, 708, 280, -1,
          68, 706, 724, -1,
          68, 724, 725, -1,
          68, 725, 726, -1,
          68, 726, 710, -1,
          68, 709, 727, -1,
          68, 710, 709, -1,
          68, 66, 706, -1,
          70, 68, 727, -1,
          70, 727, 728, -1,
          70, 728, 729, -1,
          72, 70, 729, -1,
          72, 729, 730, -1,
          686, 731, 732, -1,
          686, 732, 692, -1,
          692, 732, 722, -1,
          722, 732, 709, -1,
          589, 555, 557, -1,
          391, 349, 265, -1,
          453, 391, 266, -1,
          519, 453, 269, -1,
          390, 430, 429, -1,
          390, 429, 733, -1,
          390, 733, 734, -1,
          390, 734, 411, -1,
          430, 466, 451, -1,
          451, 466, 735, -1,
          735, 466, 736, -1,
          736, 466, 465, -1,
          318, 737, 332, -1,
          738, 723, 280, -1,
          738, 280, 739, -1,
          740, 738, 741, -1,
          742, 741, 738, -1,
          743, 738, 739, -1,
          743, 742, 738, -1,
          744, 743, 739, -1,
          745, 744, 739, -1,
          746, 745, 739, -1,
          747, 748, 749, -1,
          750, 745, 746, -1,
          751, 750, 746, -1,
          752, 751, 746, -1,
          73, 72, 730, -1,
          73, 730, 748, -1,
          73, 748, 747, -1,
          753, 752, 746, -1,
          754, 752, 753, -1,
          76, 73, 747, -1,
          76, 747, 755, -1,
          756, 757, 753, -1,
          758, 753, 757, -1,
          759, 756, 753, -1,
          760, 753, 758, -1,
          761, 754, 753, -1,
          761, 753, 760, -1,
          762, 759, 753, -1,
          763, 762, 753, -1,
          764, 754, 761, -1,
          765, 753, 766, -1,
          765, 763, 753, -1,
          767, 765, 766, -1,
          768, 767, 766, -1,
          769, 768, 766, -1,
          770, 769, 766, -1,
          771, 770, 766, -1,
          772, 771, 766, -1,
          773, 772, 766, -1,
          774, 773, 766, -1,
          775, 774, 766, -1,
          776, 775, 766, -1,
          777, 776, 766, -1,
          778, 779, 764, -1,
          780, 764, 779, -1,
          780, 754, 764, -1,
          781, 778, 764, -1,
          782, 754, 780, -1,
          783, 754, 782, -1,
          784, 781, 764, -1,
          785, 786, 783, -1,
          787, 784, 764, -1,
          788, 786, 785, -1,
          789, 787, 764, -1,
          790, 777, 766, -1,
          791, 789, 764, -1,
          792, 786, 788, -1,
          793, 791, 764, -1,
          794, 786, 792, -1,
          795, 793, 764, -1,
          796, 790, 766, -1,
          797, 786, 794, -1,
          798, 795, 764, -1,
          798, 764, 799, -1,
          800, 786, 797, -1,
          801, 798, 799, -1,
          802, 796, 766, -1,
          803, 786, 800, -1,
          804, 801, 799, -1,
          805, 786, 803, -1,
          806, 804, 799, -1,
          807, 802, 766, -1,
          808, 786, 805, -1,
          78, 755, 809, -1,
          78, 809, 810, -1,
          78, 810, 786, -1,
          78, 76, 755, -1,
          811, 806, 799, -1,
          812, 786, 808, -1,
          813, 807, 766, -1,
          814, 811, 799, -1,
          814, 799, 815, -1,
          816, 786, 812, -1,
          817, 818, 819, -1,
          820, 818, 817, -1,
          821, 814, 815, -1,
          822, 786, 816, -1,
          823, 821, 815, -1,
          824, 823, 815, -1,
          824, 815, 825, -1,
          826, 827, 828, -1,
          826, 828, 813, -1,
          826, 813, 766, -1,
          829, 827, 826, -1,
          830, 824, 825, -1,
          831, 829, 826, -1,
          832, 830, 825, -1,
          832, 820, 817, -1,
          832, 825, 820, -1,
          832, 817, 833, -1,
          832, 833, 834, -1,
          832, 834, 835, -1,
          832, 835, 836, -1,
          837, 838, 839, -1,
          840, 837, 839, -1,
          840, 839, 841, -1,
          842, 840, 841, -1,
          842, 841, 843, -1,
          844, 831, 826, -1,
          845, 842, 843, -1,
          845, 843, 846, -1,
          847, 848, 849, -1,
          847, 849, 850, -1,
          847, 850, 851, -1,
          847, 851, 852, -1,
          847, 852, 853, -1,
          847, 853, 854, -1,
          847, 832, 836, -1,
          847, 836, 855, -1,
          847, 855, 848, -1,
          856, 846, 857, -1,
          856, 845, 846, -1,
          858, 856, 857, -1,
          858, 857, 859, -1,
          860, 844, 826, -1,
          861, 859, 862, -1,
          861, 858, 859, -1,
          863, 861, 862, -1,
          863, 862, 864, -1,
          865, 863, 864, -1,
          865, 864, 866, -1,
          867, 865, 866, -1,
          867, 866, 868, -1,
          869, 867, 868, -1,
          870, 869, 868, -1,
          870, 868, 871, -1,
          872, 854, 873, -1,
          872, 873, 874, -1,
          872, 874, 875, -1,
          872, 875, 876, -1,
          872, 876, 877, -1,
          872, 877, 878, -1,
          872, 878, 879, -1,
          872, 847, 854, -1,
          880, 870, 871, -1,
          880, 871, 881, -1,
          882, 860, 826, -1,
          883, 880, 881, -1,
          883, 881, 884, -1,
          80, 78, 786, -1,
          80, 822, 885, -1,
          80, 885, 886, -1,
          80, 886, 887, -1,
          80, 887, 888, -1,
          80, 888, 889, -1,
          80, 786, 822, -1,
          80, 889, 890, -1,
          80, 890, 891, -1,
          80, 891, 892, -1,
          80, 892, 893, -1,
          80, 893, 894, -1,
          80, 894, 895, -1,
          896, 883, 884, -1,
          896, 884, 897, -1,
          898, 882, 826, -1,
          899, 896, 897, -1,
          900, 899, 897, -1,
          900, 897, 901, -1,
          902, 900, 901, -1,
          902, 901, 903, -1,
          904, 902, 903, -1,
          904, 903, 905, -1,
          906, 879, 907, -1,
          906, 907, 908, -1,
          906, 908, 909, -1,
          906, 909, 910, -1,
          906, 910, 911, -1,
          906, 911, 912, -1,
          906, 872, 879, -1,
          913, 904, 905, -1,
          914, 913, 905, -1,
          914, 905, 915, -1,
          916, 917, 918, -1,
          916, 918, 919, -1,
          916, 919, 898, -1,
          916, 898, 826, -1,
          920, 917, 916, -1,
          921, 914, 915, -1,
          922, 921, 915, -1,
          923, 920, 916, -1,
          924, 922, 915, -1,
          925, 923, 916, -1,
          926, 924, 915, -1,
          927, 912, 928, -1,
          927, 928, 929, -1,
          927, 929, 930, -1,
          927, 906, 912, -1,
          931, 926, 915, -1,
          932, 925, 916, -1,
          933, 927, 930, -1,
          933, 930, 934, -1,
          933, 934, 935, -1,
          936, 932, 916, -1,
          937, 936, 916, -1,
          83, 80, 895, -1,
          83, 895, 938, -1,
          83, 938, 939, -1,
          83, 939, 940, -1,
          83, 940, 941, -1,
          83, 941, 942, -1,
          83, 942, 943, -1,
          83, 943, 944, -1,
          83, 944, 945, -1,
          83, 945, 946, -1,
          83, 946, 947, -1,
          948, 935, 949, -1,
          948, 949, 950, -1,
          948, 933, 935, -1,
          951, 937, 916, -1,
          952, 950, 953, -1,
          952, 948, 950, -1,
          954, 953, 955, -1,
          954, 952, 953, -1,
          956, 951, 916, -1,
          957, 955, 958, -1,
          957, 954, 955, -1,
          959, 958, 960, -1,
          959, 957, 958, -1,
          961, 956, 916, -1,
          962, 960, 963, -1,
          962, 959, 960, -1,
          964, 965, 966, -1,
          967, 963, 968, -1,
          967, 968, 969, -1,
          967, 962, 963, -1,
          970, 969, 971, -1,
          970, 967, 969, -1,
          972, 971, 973, -1,
          972, 970, 971, -1,
          974, 964, 966, -1,
          975, 973, 976, -1,
          975, 972, 973, -1,
          977, 975, 976, -1,
          978, 977, 976, -1,
          978, 976, 979, -1,
          980, 981, 982, -1,
          980, 982, 983, -1,
          984, 978, 979, -1,
          984, 979, 985, -1,
          984, 985, 986, -1,
          987, 981, 980, -1,
          988, 986, 981, -1,
          988, 984, 986, -1,
          988, 981, 987, -1,
          989, 974, 966, -1,
          990, 989, 966, -1,
          991, 990, 966, -1,
          992, 993, 994, -1,
          992, 994, 995, -1,
          992, 995, 996, -1,
          992, 961, 916, -1,
          992, 996, 997, -1,
          992, 997, 961, -1,
          998, 991, 966, -1,
          999, 993, 992, -1,
          1000, 999, 992, -1,
          1001, 966, 1002, -1,
          1001, 998, 966, -1,
          1003, 1001, 1002, -1,
          1004, 1000, 992, -1,
          1005, 1003, 1002, -1,
          1006, 1004, 992, -1,
          1007, 1005, 1002, -1,
          1008, 1006, 992, -1,
          1009, 1002, 1010, -1,
          1009, 1007, 1002, -1,
          1011, 1008, 992, -1,
          1012, 1009, 1010, -1,
          1013, 1012, 1010, -1,
          1014, 1011, 992, -1,
          1015, 1013, 1010, -1,
          1016, 1014, 992, -1,
          1017, 1010, 1018, -1,
          1017, 1015, 1010, -1,
          1019, 1016, 992, -1,
          1020, 1017, 1018, -1,
          1021, 1019, 992, -1,
          1022, 1020, 1018, -1,
          1023, 1021, 992, -1,
          1024, 1018, 1025, -1,
          1024, 1022, 1018, -1,
          85, 83, 947, -1,
          85, 947, 1026, -1,
          85, 1026, 1027, -1,
          85, 1027, 1028, -1,
          85, 1028, 1029, -1,
          85, 1029, 1030, -1,
          85, 1030, 1031, -1,
          1032, 1024, 1025, -1,
          1033, 1023, 992, -1,
          1034, 1032, 1025, -1,
          1035, 1025, 1036, -1,
          1035, 1036, 1037, -1,
          1035, 1037, 1038, -1,
          1035, 1038, 1039, -1,
          1040, 1034, 1025, -1,
          1041, 1040, 1025, -1,
          1042, 1025, 1035, -1,
          1043, 1041, 1025, -1,
          1044, 1025, 1042, -1,
          1044, 1043, 1025, -1,
          1045, 1035, 1039, -1,
          1045, 1039, 1046, -1,
          1045, 1046, 1047, -1,
          1045, 1047, 1048, -1,
          1045, 1048, 1049, -1,
          1045, 1049, 1050, -1,
          1051, 1050, 1052, -1,
          1051, 1052, 1053, -1,
          1051, 1053, 1054, -1,
          1051, 1054, 1055, -1,
          1051, 1055, 1056, -1,
          1051, 1056, 1057, -1,
          1051, 1045, 1050, -1,
          1058, 1051, 1057, -1,
          1058, 1057, 1059, -1,
          1058, 1059, 1060, -1,
          1058, 1060, 1061, -1,
          1058, 1061, 1062, -1,
          1058, 1062, 1063, -1,
          86, 1064, 1065, -1,
          86, 1065, 1066, -1,
          86, 1066, 1067, -1,
          86, 1067, 1068, -1,
          86, 1068, 1069, -1,
          86, 85, 1031, -1,
          86, 1031, 1070, -1,
          86, 1070, 1071, -1,
          86, 1071, 1072, -1,
          86, 1072, 1073, -1,
          86, 1073, 1074, -1,
          86, 1074, 1075, -1,
          86, 1075, 1076, -1,
          86, 1076, 1064, -1,
          1077, 1078, 1079, -1,
          1080, 1079, 1078, -1,
          1081, 1080, 1078, -1,
          1082, 992, 1078, -1,
          1082, 1083, 1033, -1,
          1082, 1078, 1077, -1,
          1082, 1033, 992, -1,
          1084, 1081, 1078, -1,
          1085, 1063, 1083, -1,
          1085, 1083, 1082, -1,
          1086, 1084, 1078, -1,
          1087, 1063, 1085, -1,
          1087, 1058, 1063, -1,
          1088, 1086, 1078, -1,
          1089, 1088, 1078, -1,
          1090, 1089, 1078, -1,
          1091, 1090, 1078, -1,
          1092, 1091, 1078, -1,
          1093, 1092, 1078, -1,
          1094, 1093, 1078, -1,
          1095, 1094, 1078, -1,
          1096, 1095, 1078, -1,
          1097, 1096, 1078, -1,
          1098, 1097, 1078, -1,
          1099, 1087, 1100, -1,
          1099, 1058, 1087, -1,
          1099, 1101, 1058, -1,
          1102, 1058, 1101, -1,
          1103, 1099, 1100, -1,
          1104, 1058, 1102, -1,
          1105, 1103, 1100, -1,
          1105, 1100, 1106, -1,
          1107, 1058, 1104, -1,
          1108, 1105, 1106, -1,
          1108, 1106, 1109, -1,
          1110, 1098, 1078, -1,
          1111, 1108, 1109, -1,
          1112, 1113, 1114, -1,
          1112, 1114, 1058, -1,
          1112, 1058, 1107, -1,
          1115, 1111, 1109, -1,
          1115, 1109, 1116, -1,
          1117, 1115, 1116, -1,
          1117, 1116, 1118, -1,
          1119, 1110, 1078, -1,
          1120, 1113, 1112, -1,
          1120, 1121, 1122, -1,
          1120, 1122, 1113, -1,
          1123, 1118, 1124, -1,
          1123, 1117, 1118, -1,
          1125, 1126, 1121, -1,
          1125, 1121, 1120, -1,
          1127, 1123, 1124, -1,
          1127, 1124, 1128, -1,
          1129, 1130, 1126, -1,
          1129, 1126, 1125, -1,
          1131, 1127, 1128, -1,
          1131, 1128, 1132, -1,
          1133, 1134, 1130, -1,
          1133, 1130, 1129, -1,
          1135, 1131, 1132, -1,
          1135, 1132, 1136, -1,
          1137, 1134, 1133, -1,
          1138, 1135, 1136, -1,
          1138, 1136, 1139, -1,
          1138, 1139, 1140, -1,
          1141, 1138, 1140, -1,
          1141, 1140, 1142, -1,
          1143, 1144, 1145, -1,
          1143, 1145, 1146, -1,
          1143, 1146, 1119, -1,
          1143, 1119, 1078, -1,
          1147, 1142, 1148, -1,
          1147, 1141, 1142, -1,
          1149, 1144, 1143, -1,
          1150, 1148, 1151, -1,
          1150, 1147, 1148, -1,
          1152, 1151, 1153, -1,
          1152, 1150, 1151, -1,
          1154, 1149, 1143, -1,
          1155, 1153, 1156, -1,
          1155, 1156, 1157, -1,
          1155, 1152, 1153, -1,
          1158, 1155, 1157, -1,
          1159, 1154, 1143, -1,
          1160, 1158, 1157, -1,
          1160, 1157, 1161, -1,
          1162, 1160, 1161, -1,
          1162, 1161, 1163, -1,
          88, 1069, 1164, -1,
          88, 1164, 1165, -1,
          88, 1165, 1166, -1,
          88, 1166, 1167, -1,
          88, 1167, 1168, -1,
          88, 1168, 1169, -1,
          88, 1169, 1170, -1,
          88, 1170, 1171, -1,
          88, 1171, 1172, -1,
          88, 1172, 1173, -1,
          88, 1173, 1134, -1,
          88, 86, 1069, -1,
          88, 1134, 1137, -1,
          88, 1137, 1174, -1,
          88, 1174, 1175, -1,
          88, 1175, 1176, -1,
          88, 1176, 1177, -1,
          88, 1177, 1178, -1,
          1179, 1159, 1143, -1,
          1180, 1162, 1163, -1,
          1180, 1163, 1181, -1,
          1182, 1180, 1181, -1,
          1183, 1179, 1143, -1,
          1184, 1180, 1182, -1,
          1185, 1183, 1143, -1,
          1186, 1185, 1143, -1,
          1187, 1186, 1143, -1,
          1188, 1187, 1143, -1,
          90, 1189, 1190, -1,
          90, 1190, 1191, -1,
          90, 1191, 1192, -1,
          90, 1192, 1193, -1,
          90, 1193, 1194, -1,
          90, 1194, 1195, -1,
          90, 1195, 1196, -1,
          90, 1196, 1197, -1,
          90, 1197, 1198, -1,
          90, 1198, 1199, -1,
          90, 1199, 1200, -1,
          90, 1200, 1201, -1,
          90, 88, 1178, -1,
          90, 1178, 1202, -1,
          90, 1202, 1203, -1,
          90, 1203, 1189, -1,
          1204, 1187, 1188, -1,
          1205, 1204, 1188, -1,
          1206, 1205, 1188, -1,
          92, 1201, 1207, -1,
          92, 1207, 1208, -1,
          92, 1208, 1209, -1,
          92, 1209, 1210, -1,
          92, 90, 1201, -1,
          92, 1210, 1211, -1,
          92, 1211, 1212, -1,
          92, 1212, 1213, -1,
          92, 1213, 1214, -1,
          1215, 1205, 1206, -1,
          1216, 1215, 1206, -1,
          94, 1214, 1217, -1,
          94, 92, 1214, -1,
          1218, 94, 1217, -1,
          1219, 1215, 1216, -1,
          97, 1218, 1219, -1,
          97, 94, 1218, -1,
          99, 97, 1219, -1,
          101, 99, 1219, -1,
          101, 1216, 1220, -1,
          101, 1219, 1216, -1,
          103, 101, 1220, -1,
          103, 1220, 1221, -1,
          106, 1221, 1222, -1,
          106, 103, 1221, -1,
          108, 1222, 1223, -1,
          108, 106, 1222, -1,
          111, 1223, 1224, -1,
          111, 108, 1223, -1,
          113, 1224, 1225, -1,
          113, 111, 1224, -1,
          116, 1225, 1226, -1,
          116, 113, 1225, -1,
          118, 1226, 1227, -1,
          118, 116, 1226, -1,
          121, 118, 1227, -1,
          123, 1227, 1228, -1,
          123, 121, 1227, -1,
          126, 1228, 1229, -1,
          126, 123, 1228, -1,
          128, 1229, 1230, -1,
          128, 126, 1229, -1,
          131, 1230, 1231, -1,
          131, 128, 1230, -1,
          133, 1231, 1232, -1,
          133, 131, 1231, -1,
          135, 1232, 1233, -1,
          135, 133, 1232, -1,
          138, 1233, 1234, -1,
          138, 135, 1233, -1,
          140, 1234, 1235, -1,
          140, 138, 1234, -1,
          143, 1235, 1236, -1,
          143, 140, 1235, -1,
          145, 1236, 1237, -1,
          145, 143, 1236, -1,
          148, 145, 1237, -1,
          150, 1237, 1238, -1,
          150, 148, 1237, -1,
          152, 1238, 1239, -1,
          152, 150, 1238, -1,
          1240, 1239, 1241, -1,
          1240, 152, 1239, -1,
          1242, 1241, 1243, -1,
          1242, 1240, 1241, -1,
          1244, 1243, 1245, -1,
          1244, 1242, 1243, -1,
          1246, 1244, 1245, -1,
          1246, 1245, 1247, -1,
          1248, 1246, 1247, -1,
          1248, 1247, 1249, -1,
          1250, 1248, 1249, -1,
          1251, 1250, 1249, -1,
          1251, 1249, 1252, -1,
          1253, 1251, 1252, -1,
          1253, 1252, 1254, -1,
          1255, 1253, 1254, -1,
          1255, 1254, 1256, -1,
          1257, 1255, 1256, -1,
          1257, 1256, 1258, -1,
          1259, 1257, 1258, -1,
          1259, 1258, 1260, -1,
          1261, 1259, 1260, -1,
          1261, 1260, 1262, -1,
          1263, 1261, 1262, -1,
          1263, 1262, 1264, -1,
          1265, 1263, 1264, -1,
          1265, 1264, 1266, -1,
          1267, 1266, 1268, -1,
          1267, 1265, 1266, -1,
          1269, 1268, 1270, -1,
          1269, 1267, 1268, -1,
          1271, 1269, 1270, -1,
          1272, 1270, 1273, -1,
          1272, 1271, 1270, -1,
          1274, 1273, 1275, -1,
          1274, 1272, 1273, -1,
          1276, 1275, 1277, -1,
          1276, 1274, 1275, -1,
          1278, 1277, 1279, -1,
          1278, 1276, 1277, -1,
          1280, 1279, 1281, -1,
          1280, 1278, 1279, -1,
          1282, 1281, 1283, -1,
          1282, 1280, 1281, -1,
          1284, 1283, 1285, -1,
          1284, 1282, 1283, -1,
          1286, 1285, 1287, -1,
          1286, 1284, 1285, -1,
          1288, 1287, 1289, -1,
          1288, 1286, 1287, -1,
          1290, 1289, 1291, -1,
          1290, 1288, 1289, -1,
          1292, 1290, 1291, -1,
          1293, 1291, 1294, -1,
          1293, 1292, 1291, -1,
          1295, 1293, 1294, -1,
          1295, 1294, 1296, -1,
          1297, 1295, 1296, -1,
          1297, 1296, 1298, -1,
          1299, 1297, 1298, -1,
          1299, 1298, 1300, -1,
          1301, 1299, 1300, -1,
          1301, 1300, 1302, -1,
          1303, 1301, 1302, -1,
          1303, 1302, 155, -1,
          283, 1303, 155, -1,
          786, 1304, 783, -1,
          783, 1304, 754, -1,
          915, 966, 931, -1,
          931, 966, 1305, -1,
          1305, 966, 1306, -1,
          1306, 966, 1307, -1,
          1307, 966, 965, -1,
          732, 731, 1308, -1,
          1309, 1310, 1311, -1,
          1312, 1309, 1313, -1,
          1312, 1313, 1314, -1,
          1312, 1310, 1309, -1,
          1315, 1316, 1317, -1,
          1315, 1317, 1318, -1,
          1315, 1318, 1310, -1,
          1315, 1310, 1312, -1,
          1319, 1320, 1316, -1,
          1319, 1316, 1315, -1,
          1321, 1322, 1323, -1,
          1321, 1323, 1320, -1,
          1321, 1320, 1319, -1,
          1324, 1325, 1326, -1,
          1324, 1326, 1322, -1,
          1324, 1322, 1321, -1,
          1327, 1325, 1324, -1,
          1327, 1328, 1325, -1,
          1329, 1328, 1327, -1,
          1329, 1330, 1331, -1,
          1329, 1331, 1328, -1,
          1332, 1330, 1329, -1,
          1333, 1332, 1329, -1,
          1334, 1333, 1329, -1,
          1335, 1333, 1334, -1,
          1336, 1335, 1334, -1,
          1337, 1335, 1336, -1,
          1338, 1339, 1340, -1,
          1338, 1340, 1341, -1,
          1338, 1341, 1342, -1,
          1343, 1342, 1344, -1,
          1343, 1344, 1345, -1,
          1343, 1345, 1346, -1,
          1343, 1338, 1342, -1,
          1347, 1346, 1348, -1,
          1347, 1348, 1349, -1,
          1347, 1349, 1350, -1,
          1347, 1343, 1346, -1,
          1351, 1350, 1352, -1,
          1351, 1347, 1350, -1,
          1353, 1354, 1351, -1,
          1353, 1352, 1355, -1,
          1353, 1351, 1352, -1,
          1356, 1355, 1357, -1,
          1356, 1357, 1358, -1,
          1356, 1353, 1355, -1,
          1356, 1358, 1359, -1,
          1360, 1359, 1361, -1,
          1360, 1361, 1362, -1,
          1360, 1362, 1363, -1,
          1360, 1363, 1364, -1,
          1360, 1364, 1337, -1,
          1360, 1356, 1359, -1,
          1365, 1337, 1336, -1,
          1365, 1360, 1337, -1,
          1365, 1336, 1366, -1,
          1367, 1366, 1368, -1,
          1367, 1365, 1366, -1,
          1369, 1368, 1370, -1,
          1369, 1367, 1368, -1,
          1371, 1370, 1372, -1,
          1371, 1369, 1370, -1,
          1373, 1374, 1375, -1,
          1376, 1377, 1374, -1,
          1376, 1374, 1373, -1,
          1378, 1379, 1380, -1,
          1378, 1380, 1377, -1,
          1378, 1377, 1376, -1,
          1381, 1382, 1383, -1,
          1381, 1383, 1379, -1,
          1381, 1379, 1378, -1,
          1384, 1385, 1386, -1,
          1384, 1386, 1387, -1,
          1384, 1387, 1382, -1,
          1384, 1382, 1381, -1,
          1388, 1389, 1390, -1,
          1388, 1390, 1391, -1,
          1388, 1391, 1385, -1,
          1388, 1385, 1384, -1,
          1392, 1393, 1394, -1,
          1392, 1394, 1389, -1,
          1392, 1389, 1388, -1,
          1395, 1393, 1392, -1,
          1396, 1395, 1392, -1,
          1396, 1397, 1395, -1,
          1398, 1397, 1396, -1,
          1399, 1400, 1401, -1,
          1399, 1401, 1402, -1,
          1399, 1402, 1403, -1,
          1404, 1405, 1399, -1,
          1406, 1399, 1403, -1,
          1406, 1404, 1399, -1,
          1407, 1403, 1408, -1,
          1407, 1408, 1409, -1,
          1407, 1409, 1410, -1,
          1407, 1406, 1403, -1,
          1411, 1410, 1412, -1,
          1411, 1407, 1410, -1,
          1411, 1412, 1413, -1,
          1414, 1413, 1415, -1,
          1414, 1415, 1416, -1,
          1414, 1416, 1417, -1,
          1414, 1411, 1413, -1,
          1418, 1417, 1419, -1,
          1418, 1419, 1420, -1,
          1418, 1420, 1421, -1,
          1418, 1414, 1417, -1,
          1422, 1398, 1396, -1,
          1422, 1421, 1423, -1,
          1422, 1423, 1398, -1,
          1422, 1396, 1424, -1,
          1422, 1418, 1421, -1,
          1425, 1424, 1426, -1,
          1425, 1422, 1424, -1,
          1427, 1426, 1428, -1,
          1427, 1425, 1426, -1,
          1429, 1428, 1430, -1,
          1429, 1427, 1428, -1,
          1085, 1077, 1079, -1,
          1085, 1082, 1077, -1,
          1100, 1087, 1085, -1,
          1109, 1106, 1100, -1,
          1116, 1085, 1079, -1,
          1116, 1100, 1085, -1,
          1116, 1109, 1100, -1,
          1118, 1079, 1080, -1,
          1118, 1116, 1079, -1,
          1124, 1080, 1081, -1,
          1124, 1118, 1080, -1,
          1128, 1081, 1084, -1,
          1128, 1124, 1081, -1,
          1132, 1084, 1086, -1,
          1132, 1128, 1084, -1,
          1136, 1086, 1088, -1,
          1136, 1132, 1086, -1,
          1139, 1088, 1089, -1,
          1139, 1136, 1088, -1,
          1140, 1089, 1090, -1,
          1140, 1139, 1089, -1,
          1390, 1098, 1110, -1,
          1391, 1390, 1110, -1,
          1391, 1110, 1119, -1,
          1389, 1098, 1390, -1,
          1389, 1097, 1098, -1,
          1385, 1391, 1119, -1,
          1385, 1119, 1146, -1,
          1394, 1097, 1389, -1,
          1394, 1096, 1097, -1,
          1386, 1385, 1146, -1,
          1393, 1096, 1394, -1,
          1393, 1095, 1096, -1,
          1387, 1386, 1146, -1,
          1387, 1146, 1145, -1,
          1395, 1094, 1095, -1,
          1395, 1095, 1393, -1,
          1382, 1387, 1145, -1,
          1397, 1093, 1094, -1,
          1397, 1092, 1093, -1,
          1397, 1094, 1395, -1,
          1383, 1382, 1145, -1,
          1383, 1145, 1144, -1,
          1102, 1101, 1099, -1,
          1398, 1091, 1092, -1,
          1398, 1090, 1091, -1,
          1398, 1092, 1397, -1,
          1379, 1383, 1144, -1,
          1104, 1099, 1103, -1,
          1104, 1102, 1099, -1,
          1380, 1379, 1144, -1,
          1380, 1144, 1149, -1,
          1423, 1090, 1398, -1,
          1423, 1140, 1090, -1,
          1423, 1142, 1140, -1,
          1423, 1148, 1142, -1,
          1423, 1151, 1148, -1,
          1377, 1380, 1149, -1,
          1374, 1377, 1149, -1,
          1374, 1149, 1154, -1,
          1421, 1151, 1423, -1,
          1421, 1153, 1151, -1,
          1375, 1374, 1154, -1,
          1420, 1153, 1421, -1,
          1156, 1153, 1420, -1,
          1419, 1156, 1420, -1,
          1120, 1107, 1104, -1,
          1120, 1112, 1107, -1,
          1120, 1104, 1103, -1,
          1373, 1375, 1154, -1,
          1373, 1154, 1159, -1,
          1157, 1156, 1419, -1,
          1157, 1419, 1417, -1,
          1376, 1373, 1159, -1,
          1376, 1159, 1179, -1,
          1129, 1125, 1120, -1,
          1378, 1376, 1179, -1,
          1378, 1179, 1183, -1,
          1133, 1129, 1120, -1,
          1161, 1417, 1416, -1,
          1161, 1157, 1417, -1,
          1137, 1133, 1120, -1,
          1137, 1103, 1105, -1,
          1137, 1120, 1103, -1,
          1381, 1378, 1183, -1,
          1163, 1416, 1415, -1,
          1163, 1161, 1416, -1,
          1174, 1137, 1105, -1,
          1174, 1105, 1108, -1,
          1384, 1381, 1183, -1,
          1384, 1183, 1185, -1,
          1181, 1163, 1415, -1,
          1175, 1108, 1111, -1,
          1175, 1174, 1108, -1,
          1182, 1413, 1412, -1,
          1182, 1415, 1413, -1,
          1182, 1181, 1415, -1,
          1176, 1111, 1115, -1,
          1176, 1175, 1111, -1,
          1388, 1384, 1185, -1,
          1388, 1185, 1186, -1,
          1177, 1176, 1115, -1,
          1184, 1408, 1403, -1,
          1184, 1409, 1408, -1,
          1184, 1410, 1409, -1,
          1184, 1412, 1410, -1,
          1184, 1182, 1412, -1,
          1402, 1184, 1403, -1,
          1392, 1186, 1187, -1,
          1392, 1388, 1186, -1,
          1396, 1392, 1187, -1,
          1325, 1152, 1155, -1,
          1326, 1325, 1155, -1,
          1326, 1155, 1158, -1,
          1328, 1152, 1325, -1,
          1322, 1326, 1158, -1,
          1322, 1158, 1160, -1,
          1331, 1150, 1152, -1,
          1331, 1152, 1328, -1,
          1323, 1322, 1160, -1,
          1323, 1160, 1162, -1,
          1330, 1150, 1331, -1,
          1330, 1147, 1150, -1,
          1320, 1323, 1162, -1,
          1332, 1147, 1330, -1,
          1332, 1141, 1147, -1,
          1316, 1320, 1162, -1,
          1316, 1162, 1180, -1,
          1333, 1141, 1332, -1,
          1333, 1138, 1141, -1,
          1317, 1316, 1180, -1,
          1335, 1138, 1333, -1,
          1335, 1135, 1138, -1,
          1335, 1131, 1135, -1,
          1318, 1180, 1184, -1,
          1318, 1317, 1180, -1,
          1310, 1318, 1184, -1,
          1337, 1131, 1335, -1,
          1337, 1178, 1177, -1,
          1337, 1202, 1178, -1,
          1337, 1127, 1131, -1,
          1337, 1123, 1127, -1,
          1337, 1117, 1123, -1,
          1337, 1115, 1117, -1,
          1337, 1177, 1115, -1,
          1311, 1310, 1184, -1,
          1309, 1311, 1184, -1,
          1364, 1203, 1202, -1,
          1364, 1189, 1203, -1,
          1364, 1202, 1337, -1,
          1313, 1309, 1184, -1,
          1363, 1190, 1189, -1,
          1363, 1189, 1364, -1,
          1362, 1191, 1190, -1,
          1362, 1190, 1363, -1,
          1424, 1396, 1187, -1,
          1314, 1313, 1184, -1,
          1361, 1191, 1362, -1,
          1312, 1402, 1401, -1,
          1312, 1314, 1184, -1,
          1312, 1184, 1402, -1,
          1192, 1191, 1361, -1,
          1315, 1312, 1401, -1,
          1315, 1401, 1400, -1,
          1193, 1361, 1359, -1,
          1193, 1192, 1361, -1,
          1319, 1315, 1400, -1,
          1319, 1400, 1399, -1,
          1204, 1424, 1187, -1,
          1194, 1359, 1358, -1,
          1194, 1193, 1359, -1,
          1321, 1399, 1405, -1,
          1321, 1319, 1399, -1,
          1195, 1358, 1357, -1,
          1195, 1194, 1358, -1,
          1324, 1405, 1404, -1,
          1324, 1321, 1405, -1,
          1327, 1404, 1406, -1,
          1327, 1324, 1404, -1,
          1196, 1195, 1357, -1,
          1196, 1355, 1352, -1,
          1196, 1357, 1355, -1,
          1426, 1424, 1204, -1,
          1329, 1327, 1406, -1,
          1329, 1407, 1411, -1,
          1329, 1406, 1407, -1,
          1197, 1196, 1352, -1,
          1197, 1352, 1350, -1,
          1334, 1411, 1414, -1,
          1334, 1329, 1411, -1,
          1198, 1197, 1350, -1,
          1198, 1349, 1348, -1,
          1198, 1350, 1349, -1,
          1199, 1198, 1348, -1,
          1199, 1348, 1346, -1,
          1336, 1334, 1414, -1,
          1336, 1414, 1418, -1,
          1200, 1199, 1346, -1,
          1200, 1346, 1345, -1,
          1428, 1426, 1204, -1,
          1201, 1200, 1345, -1,
          1201, 1344, 1342, -1,
          1201, 1345, 1344, -1,
          1366, 1418, 1422, -1,
          1366, 1336, 1418, -1,
          1205, 1428, 1204, -1,
          1207, 1340, 1339, -1,
          1207, 1341, 1340, -1,
          1207, 1342, 1341, -1,
          1207, 1201, 1342, -1,
          1208, 1207, 1339, -1,
          1208, 1338, 1343, -1,
          1208, 1339, 1338, -1,
          1430, 1428, 1205, -1,
          1209, 1208, 1343, -1,
          1209, 1347, 1351, -1,
          1209, 1343, 1347, -1,
          1368, 1366, 1422, -1,
          1368, 1422, 1425, -1,
          1210, 1351, 1354, -1,
          1210, 1209, 1351, -1,
          1210, 1354, 1353, -1,
          1211, 1353, 1356, -1,
          1211, 1210, 1353, -1,
          1215, 1430, 1205, -1,
          1212, 1211, 1356, -1,
          1212, 1356, 1360, -1,
          1370, 1368, 1425, -1,
          1370, 1425, 1427, -1,
          1213, 1360, 1365, -1,
          1213, 1212, 1360, -1,
          1429, 1430, 1215, -1,
          1214, 1213, 1365, -1,
          1367, 1214, 1365, -1,
          1372, 1427, 1429, -1,
          1372, 1370, 1427, -1,
          1372, 1429, 1215, -1,
          1217, 1214, 1367, -1,
          1217, 1367, 1369, -1,
          1218, 1217, 1369, -1,
          1218, 1369, 1371, -1,
          1219, 1372, 1215, -1,
          1219, 1371, 1372, -1,
          1219, 1218, 1371, -1,
          799, 768, 769, -1,
          799, 767, 768, -1,
          799, 765, 767, -1,
          799, 763, 765, -1,
          799, 762, 763, -1,
          799, 759, 762, -1,
          799, 756, 759, -1,
          799, 757, 756, -1,
          799, 758, 757, -1,
          799, 760, 758, -1,
          799, 761, 760, -1,
          799, 764, 761, -1,
          815, 799, 769, -1,
          815, 773, 774, -1,
          815, 772, 773, -1,
          815, 771, 772, -1,
          815, 770, 771, -1,
          815, 769, 770, -1,
          834, 776, 777, -1,
          833, 775, 776, -1,
          833, 776, 834, -1,
          835, 777, 790, -1,
          835, 834, 777, -1,
          817, 815, 774, -1,
          817, 774, 775, -1,
          817, 775, 833, -1,
          836, 835, 790, -1,
          855, 836, 790, -1,
          855, 790, 796, -1,
          819, 815, 817, -1,
          848, 855, 796, -1,
          818, 815, 819, -1,
          820, 815, 818, -1,
          849, 848, 796, -1,
          849, 796, 802, -1,
          850, 849, 802, -1,
          825, 815, 820, -1,
          851, 850, 802, -1,
          851, 802, 807, -1,
          783, 780, 779, -1,
          783, 782, 780, -1,
          852, 851, 807, -1,
          785, 783, 779, -1,
          853, 852, 807, -1,
          853, 807, 813, -1,
          854, 853, 813, -1,
          854, 813, 828, -1,
          873, 854, 828, -1,
          792, 785, 779, -1,
          792, 788, 785, -1,
          874, 873, 828, -1,
          874, 828, 827, -1,
          797, 794, 792, -1,
          875, 874, 827, -1,
          800, 797, 792, -1,
          800, 792, 779, -1,
          800, 779, 778, -1,
          876, 827, 829, -1,
          876, 875, 827, -1,
          803, 778, 781, -1,
          803, 800, 778, -1,
          877, 829, 831, -1,
          877, 876, 829, -1,
          805, 781, 784, -1,
          805, 803, 781, -1,
          878, 877, 831, -1,
          808, 805, 784, -1,
          808, 784, 787, -1,
          879, 878, 831, -1,
          879, 831, 844, -1,
          812, 808, 787, -1,
          812, 787, 789, -1,
          907, 879, 844, -1,
          816, 812, 789, -1,
          816, 789, 791, -1,
          822, 816, 791, -1,
          908, 844, 860, -1,
          908, 907, 844, -1,
          909, 908, 860, -1,
          910, 909, 860, -1,
          910, 860, 882, -1,
          857, 814, 821, -1,
          846, 814, 857, -1,
          846, 811, 814, -1,
          859, 857, 821, -1,
          859, 821, 823, -1,
          843, 811, 846, -1,
          843, 806, 811, -1,
          862, 859, 823, -1,
          862, 823, 824, -1,
          841, 804, 806, -1,
          841, 801, 804, -1,
          841, 806, 843, -1,
          864, 862, 824, -1,
          911, 910, 882, -1,
          839, 801, 841, -1,
          839, 798, 801, -1,
          866, 864, 824, -1,
          868, 866, 824, -1,
          868, 824, 830, -1,
          838, 885, 822, -1,
          838, 886, 885, -1,
          838, 798, 839, -1,
          838, 795, 798, -1,
          838, 793, 795, -1,
          838, 791, 793, -1,
          838, 822, 791, -1,
          871, 868, 830, -1,
          837, 886, 838, -1,
          837, 887, 886, -1,
          840, 888, 887, -1,
          840, 887, 837, -1,
          881, 830, 832, -1,
          881, 871, 830, -1,
          889, 888, 840, -1,
          842, 889, 840, -1,
          884, 881, 832, -1,
          912, 882, 898, -1,
          912, 911, 882, -1,
          897, 832, 847, -1,
          897, 884, 832, -1,
          890, 889, 842, -1,
          890, 842, 845, -1,
          901, 897, 847, -1,
          928, 898, 919, -1,
          928, 912, 898, -1,
          891, 890, 845, -1,
          891, 845, 856, -1,
          903, 901, 847, -1,
          892, 891, 856, -1,
          892, 856, 858, -1,
          929, 919, 918, -1,
          929, 928, 919, -1,
          905, 847, 872, -1,
          905, 903, 847, -1,
          893, 892, 858, -1,
          893, 858, 861, -1,
          930, 929, 918, -1,
          930, 918, 917, -1,
          894, 893, 861, -1,
          894, 863, 865, -1,
          894, 861, 863, -1,
          934, 917, 920, -1,
          934, 930, 917, -1,
          915, 905, 872, -1,
          906, 915, 872, -1,
          935, 934, 920, -1,
          895, 894, 865, -1,
          895, 867, 869, -1,
          895, 865, 867, -1,
          949, 920, 923, -1,
          949, 935, 920, -1,
          938, 895, 869, -1,
          938, 870, 880, -1,
          938, 869, 870, -1,
          950, 923, 925, -1,
          950, 949, 923, -1,
          939, 938, 880, -1,
          939, 880, 883, -1,
          953, 950, 925, -1,
          955, 925, 932, -1,
          955, 953, 925, -1,
          940, 939, 883, -1,
          940, 896, 899, -1,
          940, 883, 896, -1,
          958, 955, 932, -1,
          960, 932, 936, -1,
          960, 958, 932, -1,
          941, 940, 899, -1,
          941, 899, 900, -1,
          963, 936, 937, -1,
          963, 960, 936, -1,
          968, 963, 937, -1,
          969, 937, 951, -1,
          969, 968, 937, -1,
          942, 902, 904, -1,
          942, 900, 902, -1,
          942, 941, 900, -1,
          971, 969, 951, -1,
          973, 971, 951, -1,
          973, 951, 956, -1,
          943, 942, 904, -1,
          943, 904, 913, -1,
          976, 973, 956, -1,
          976, 956, 961, -1,
          979, 961, 997, -1,
          979, 976, 961, -1,
          985, 997, 996, -1,
          985, 979, 997, -1,
          944, 943, 913, -1,
          944, 914, 921, -1,
          944, 913, 914, -1,
          986, 996, 995, -1,
          986, 985, 996, -1,
          981, 986, 995, -1,
          966, 927, 933, -1,
          966, 906, 927, -1,
          994, 981, 995, -1,
          982, 981, 994, -1,
          945, 944, 921, -1,
          945, 921, 922, -1,
          993, 982, 994, -1,
          946, 945, 922, -1,
          946, 924, 926, -1,
          946, 922, 924, -1,
          999, 983, 982, -1,
          999, 982, 993, -1,
          1002, 966, 933, -1,
          1002, 952, 954, -1,
          1002, 948, 952, -1,
          1002, 933, 948, -1,
          1000, 983, 999, -1,
          1004, 983, 1000, -1,
          947, 926, 931, -1,
          947, 946, 926, -1,
          1006, 983, 1004, -1,
          1010, 1002, 954, -1,
          1010, 959, 962, -1,
          1010, 957, 959, -1,
          1010, 954, 957, -1,
          1018, 1010, 962, -1,
          1018, 962, 967, -1,
          1026, 947, 931, -1,
          1026, 1305, 1306, -1,
          1026, 931, 1305, -1,
          1025, 972, 975, -1,
          1025, 1018, 967, -1,
          1025, 970, 972, -1,
          1025, 967, 970, -1,
          1036, 977, 978, -1,
          1036, 975, 977, -1,
          1036, 1025, 975, -1,
          1037, 984, 988, -1,
          1037, 978, 984, -1,
          1037, 1036, 978, -1,
          1027, 1026, 1306, -1,
          1027, 1307, 965, -1,
          1027, 1306, 1307, -1,
          1038, 988, 987, -1,
          1038, 1037, 988, -1,
          1039, 1038, 987, -1,
          1083, 1023, 1033, -1,
          1083, 1021, 1023, -1,
          1046, 1039, 987, -1,
          1046, 987, 980, -1,
          1028, 964, 974, -1,
          1028, 965, 964, -1,
          1028, 1027, 965, -1,
          1047, 1046, 980, -1,
          1048, 980, 983, -1,
          1048, 1047, 980, -1,
          1062, 1083, 1063, -1,
          1049, 1048, 983, -1,
          1050, 1006, 1008, -1,
          1050, 1049, 983, -1,
          1050, 983, 1006, -1,
          1060, 1062, 1061, -1,
          1052, 1008, 1011, -1,
          1052, 1050, 1008, -1,
          1059, 1062, 1060, -1,
          1059, 1083, 1062, -1,
          1053, 1011, 1014, -1,
          1053, 1052, 1011, -1,
          1057, 1019, 1021, -1,
          1057, 1021, 1083, -1,
          1057, 1083, 1059, -1,
          1054, 1053, 1014, -1,
          1056, 1016, 1019, -1,
          1056, 1019, 1057, -1,
          1055, 1014, 1016, -1,
          1055, 1054, 1014, -1,
          1055, 1016, 1056, -1,
          1029, 1028, 974, -1,
          1029, 974, 989, -1,
          1030, 990, 991, -1,
          1030, 989, 990, -1,
          1030, 1029, 989, -1,
          1031, 1030, 991, -1,
          1031, 998, 1001, -1,
          1031, 991, 998, -1,
          1070, 1031, 1001, -1,
          1070, 1001, 1003, -1,
          1071, 1005, 1007, -1,
          1071, 1003, 1005, -1,
          1071, 1070, 1003, -1,
          1045, 1042, 1035, -1,
          1045, 1044, 1042, -1,
          1045, 1043, 1044, -1,
          1072, 1009, 1012, -1,
          1072, 1007, 1009, -1,
          1072, 1071, 1007, -1,
          1073, 1012, 1013, -1,
          1073, 1072, 1012, -1,
          1074, 1015, 1017, -1,
          1074, 1013, 1015, -1,
          1074, 1073, 1013, -1,
          1075, 1017, 1020, -1,
          1075, 1074, 1017, -1,
          1076, 1020, 1022, -1,
          1076, 1075, 1020, -1,
          1064, 1022, 1024, -1,
          1064, 1076, 1022, -1,
          1065, 1024, 1032, -1,
          1065, 1064, 1024, -1,
          1066, 1032, 1034, -1,
          1066, 1065, 1032, -1,
          1067, 1034, 1040, -1,
          1067, 1066, 1034, -1,
          1068, 1040, 1041, -1,
          1068, 1067, 1040, -1,
          1114, 1051, 1058, -1,
          1113, 1051, 1114, -1,
          1069, 1041, 1043, -1,
          1069, 1068, 1041, -1,
          1122, 1051, 1113, -1,
          1164, 1069, 1043, -1,
          1164, 1043, 1045, -1,
          1121, 1051, 1122, -1,
          1165, 1164, 1045, -1,
          1126, 1051, 1121, -1,
          1166, 1165, 1045, -1,
          1130, 1051, 1126, -1,
          1167, 1166, 1045, -1,
          1134, 1051, 1130, -1,
          1168, 1167, 1045, -1,
          1173, 1051, 1134, -1,
          1169, 1045, 1051, -1,
          1169, 1168, 1045, -1,
          1172, 1051, 1173, -1,
          1170, 1169, 1051, -1,
          1171, 1170, 1051, -1,
          1171, 1051, 1172, -1,
          966, 915, 906, -1,
          1431, 1432, 1433, -1,
          1434, 1433, 1435, -1,
          1434, 1435, 1436, -1,
          1434, 1431, 1433, -1,
          1437, 1436, 1438, -1,
          1437, 1434, 1436, -1,
          1439, 1438, 1440, -1,
          1439, 1437, 1438, -1,
          1441, 1440, 1442, -1,
          1441, 1439, 1440, -1,
          1443, 1442, 1444, -1,
          1443, 1441, 1442, -1,
          1445, 1444, 1446, -1,
          1445, 1446, 1447, -1,
          1445, 1443, 1444, -1,
          1448, 1447, 1449, -1,
          1448, 1449, 1450, -1,
          1448, 1450, 1451, -1,
          1448, 1445, 1447, -1,
          1452, 1451, 1453, -1,
          1452, 1453, 1454, -1,
          1452, 1448, 1451, -1,
          1455, 1452, 1454, -1,
          1456, 1452, 1455, -1,
          1457, 1452, 1456, -1,
          1458, 1457, 1456, -1,
          1459, 1457, 1458, -1,
          1460, 1457, 1459, -1,
          1461, 1462, 1463, -1,
          1464, 1462, 1461, -1,
          1464, 1461, 1465, -1,
          1464, 1465, 1466, -1,
          1467, 1468, 1469, -1,
          1470, 1471, 1462, -1,
          1470, 1462, 1464, -1,
          1472, 1467, 1469, -1,
          1472, 1469, 1473, -1,
          1472, 1473, 1474, -1,
          1475, 1472, 1474, -1,
          1475, 1474, 1476, -1,
          1477, 1478, 1479, -1,
          1477, 1479, 1480, -1,
          1477, 1480, 1471, -1,
          1477, 1471, 1470, -1,
          1481, 1475, 1476, -1,
          1481, 1476, 1482, -1,
          1483, 1484, 1478, -1,
          1483, 1478, 1477, -1,
          1485, 1481, 1482, -1,
          1485, 1482, 1486, -1,
          1487, 1485, 1486, -1,
          1487, 1486, 1488, -1,
          1489, 1490, 1491, -1,
          1489, 1491, 1484, -1,
          1489, 1484, 1483, -1,
          1492, 1487, 1488, -1,
          1492, 1488, 1493, -1,
          1494, 1492, 1493, -1,
          1495, 1496, 1497, -1,
          1495, 1497, 1498, -1,
          1495, 1498, 1499, -1,
          1495, 1499, 1490, -1,
          1495, 1490, 1489, -1,
          1500, 1494, 1493, -1,
          1501, 1500, 1493, -1,
          1502, 1501, 1493, -1,
          1502, 1493, 1503, -1,
          1504, 1505, 1506, -1,
          1504, 1506, 1507, -1,
          1504, 1507, 1496, -1,
          1504, 1496, 1495, -1,
          1508, 1502, 1503, -1,
          1509, 1508, 1503, -1,
          1510, 1509, 1503, -1,
          1511, 1460, 1505, -1,
          1511, 1505, 1504, -1,
          1511, 1457, 1460, -1,
          1511, 1512, 1457, -1,
          1513, 1510, 1503, -1,
          1513, 1503, 1514, -1,
          1515, 1513, 1514, -1,
          1516, 1515, 1514, -1,
          1517, 1512, 1511, -1,
          1517, 1518, 1512, -1,
          1519, 1514, 1518, -1,
          1519, 1516, 1514, -1,
          1520, 1519, 1518, -1,
          1521, 1522, 1520, -1,
          1521, 1518, 1517, -1,
          1521, 1520, 1518, -1,
          1523, 1522, 1521, -1,
          1524, 1523, 1521, -1,
          1525, 1524, 1521, -1,
          1526, 1524, 1525, -1,
          1527, 1526, 1525, -1,
          1528, 1527, 1525, -1,
          1529, 1528, 1525, -1,
          1529, 1525, 1530, -1,
          1531, 1529, 1530, -1,
          1532, 1531, 1530, -1,
          1533, 1532, 1530, -1,
          1534, 1533, 1530, -1,
          1534, 1530, 1535, -1,
          1536, 1534, 1535, -1,
          1536, 1535, 1537, -1,
          1538, 1536, 1537, -1,
          1538, 1537, 1539, -1,
          1540, 1539, 1541, -1,
          1540, 1538, 1539, -1,
          1542, 1541, 1543, -1,
          1542, 1540, 1541, -1,
          1544, 1543, 1545, -1,
          1544, 1542, 1543, -1,
          1546, 1544, 1545, -1,
          1547, 1545, 1548, -1,
          1547, 1546, 1545, -1,
          731, 686, 693, -1,
          731, 693, 707, -1,
          731, 707, 708, -1,
          731, 708, 723, -1,
          738, 731, 723, -1,
          728, 727, 732, -1,
          1308, 731, 738, -1,
          729, 728, 732, -1,
          740, 742, 743, -1,
          740, 741, 742, -1,
          740, 1308, 738, -1,
          730, 729, 732, -1,
          748, 732, 1308, -1,
          748, 730, 732, -1,
          749, 748, 1308, -1,
          749, 1308, 740, -1,
          1304, 744, 745, -1,
          1304, 743, 744, -1,
          1304, 745, 750, -1,
          1304, 740, 743, -1,
          1304, 749, 740, -1,
          751, 1304, 750, -1,
          747, 749, 1304, -1,
          755, 747, 1304, -1,
          709, 732, 727, -1,
          754, 1304, 752, -1,
          752, 1304, 751, -1,
          1304, 786, 810, -1,
          1304, 810, 809, -1,
          1304, 809, 755, -1,
          1434, 591, 592, -1,
          1434, 592, 1431, -1,
          1432, 592, 594, -1,
          1432, 1431, 592, -1,
          1437, 591, 1434, -1,
          1437, 590, 591, -1,
          1437, 587, 590, -1,
          1433, 1432, 594, -1,
          1433, 594, 595, -1,
          1435, 1433, 595, -1,
          1439, 587, 1437, -1,
          1439, 586, 587, -1,
          1439, 585, 586, -1,
          1436, 1435, 595, -1,
          1436, 595, 597, -1,
          1441, 585, 1439, -1,
          1441, 583, 585, -1,
          1441, 582, 583, -1,
          1438, 1436, 597, -1,
          1438, 597, 599, -1,
          1440, 1438, 599, -1,
          1440, 599, 600, -1,
          1443, 582, 1441, -1,
          1443, 580, 582, -1,
          1442, 1440, 600, -1,
          1442, 600, 601, -1,
          1445, 580, 1443, -1,
          1445, 564, 580, -1,
          1445, 562, 564, -1,
          1444, 1442, 601, -1,
          1444, 601, 605, -1,
          1448, 562, 1445, -1,
          1448, 560, 562, -1,
          1446, 1444, 605, -1,
          1446, 605, 608, -1,
          1447, 1446, 608, -1,
          1447, 608, 609, -1,
          1449, 1447, 609, -1,
          1452, 560, 1448, -1,
          1452, 559, 560, -1,
          1452, 558, 559, -1,
          1452, 561, 558, -1,
          1450, 1449, 609, -1,
          1450, 609, 610, -1,
          1451, 1450, 610, -1,
          1451, 610, 611, -1,
          1457, 584, 581, -1,
          1457, 561, 1452, -1,
          1457, 563, 561, -1,
          1457, 565, 563, -1,
          1457, 581, 565, -1,
          1453, 611, 629, -1,
          1453, 1451, 611, -1,
          1454, 1453, 629, -1,
          1455, 629, 628, -1,
          1455, 1454, 629, -1,
          1456, 628, 627, -1,
          1456, 1455, 628, -1,
          1512, 588, 584, -1,
          1512, 584, 1457, -1,
          1458, 1456, 627, -1,
          1459, 627, 630, -1,
          1459, 1458, 627, -1,
          1518, 593, 588, -1,
          1518, 588, 1512, -1,
          1460, 1459, 630, -1,
          1514, 593, 1518, -1,
          1514, 596, 593, -1,
          1514, 598, 596, -1,
          1505, 1460, 630, -1,
          1505, 630, 631, -1,
          1506, 1505, 631, -1,
          1503, 598, 1514, -1,
          1503, 602, 598, -1,
          1503, 606, 602, -1,
          1507, 631, 632, -1,
          1507, 1506, 631, -1,
          1496, 1507, 632, -1,
          1496, 632, 633, -1,
          1497, 1496, 633, -1,
          1493, 612, 606, -1,
          1493, 613, 612, -1,
          1493, 614, 613, -1,
          1493, 606, 1503, -1,
          1498, 1497, 633, -1,
          1498, 633, 634, -1,
          1488, 614, 1493, -1,
          1488, 615, 614, -1,
          1499, 634, 635, -1,
          1499, 1498, 634, -1,
          1486, 616, 615, -1,
          1486, 639, 616, -1,
          1486, 615, 1488, -1,
          1490, 1499, 635, -1,
          1482, 639, 1486, -1,
          1482, 640, 639, -1,
          1491, 635, 636, -1,
          1491, 1490, 635, -1,
          641, 640, 1482, -1,
          1476, 641, 1482, -1,
          1484, 636, 637, -1,
          1484, 1491, 636, -1,
          642, 641, 1476, -1,
          1474, 642, 1476, -1,
          1478, 637, 638, -1,
          1478, 1484, 637, -1,
          1479, 1478, 638, -1,
          643, 642, 1474, -1,
          1480, 638, 660, -1,
          1480, 1479, 638, -1,
          644, 1474, 1473, -1,
          644, 643, 1474, -1,
          1471, 660, 659, -1,
          1471, 1480, 660, -1,
          645, 1473, 1469, -1,
          645, 644, 1473, -1,
          1462, 1471, 659, -1,
          1462, 659, 658, -1,
          646, 1469, 1468, -1,
          646, 645, 1469, -1,
          1463, 657, 656, -1,
          1463, 658, 657, -1,
          1463, 1462, 658, -1,
          647, 1468, 1467, -1,
          647, 646, 1468, -1,
          1461, 1463, 656, -1,
          1461, 656, 661, -1,
          648, 1467, 1472, -1,
          648, 647, 1467, -1,
          1465, 1461, 661, -1,
          1465, 661, 662, -1,
          649, 1472, 1475, -1,
          649, 648, 1472, -1,
          1466, 662, 663, -1,
          1466, 1465, 662, -1,
          650, 1475, 1481, -1,
          650, 649, 1475, -1,
          1464, 1466, 663, -1,
          1464, 664, 665, -1,
          1464, 663, 664, -1,
          651, 1481, 1485, -1,
          651, 650, 1481, -1,
          1470, 665, 666, -1,
          1470, 1464, 665, -1,
          652, 1485, 1487, -1,
          652, 651, 1485, -1,
          1477, 666, 667, -1,
          1477, 1470, 666, -1,
          653, 1487, 1492, -1,
          653, 652, 1487, -1,
          668, 1477, 667, -1,
          1483, 1477, 668, -1,
          654, 1492, 1494, -1,
          654, 653, 1492, -1,
          669, 1483, 668, -1,
          655, 1494, 1500, -1,
          655, 654, 1494, -1,
          670, 1489, 1483, -1,
          670, 1483, 669, -1,
          679, 1501, 1502, -1,
          679, 1500, 1501, -1,
          679, 655, 1500, -1,
          671, 1489, 670, -1,
          680, 679, 1502, -1,
          680, 1502, 1508, -1,
          672, 1489, 671, -1,
          681, 680, 1508, -1,
          681, 1509, 1510, -1,
          681, 1508, 1509, -1,
          673, 1495, 1489, -1,
          673, 1489, 672, -1,
          682, 681, 1510, -1,
          682, 1513, 1515, -1,
          682, 1510, 1513, -1,
          685, 1495, 673, -1,
          683, 682, 1515, -1,
          683, 1515, 1516, -1,
          691, 1495, 685, -1,
          684, 683, 1516, -1,
          684, 1519, 1520, -1,
          684, 1516, 1519, -1,
          690, 1504, 1495, -1,
          690, 1495, 691, -1,
          674, 684, 1520, -1,
          674, 1520, 1522, -1,
          689, 1504, 690, -1,
          675, 674, 1522, -1,
          675, 1522, 1523, -1,
          676, 675, 1523, -1,
          676, 1524, 1526, -1,
          676, 1523, 1524, -1,
          688, 1504, 689, -1,
          688, 1511, 1504, -1,
          677, 1526, 1527, -1,
          677, 676, 1526, -1,
          678, 1527, 1528, -1,
          678, 677, 1527, -1,
          687, 1517, 1511, -1,
          687, 1511, 688, -1,
          694, 1529, 1531, -1,
          694, 1528, 1529, -1,
          694, 678, 1528, -1,
          695, 1531, 1532, -1,
          695, 694, 1531, -1,
          696, 695, 1532, -1,
          696, 1533, 1534, -1,
          696, 1532, 1533, -1,
          692, 1517, 687, -1,
          697, 1534, 1536, -1,
          697, 696, 1534, -1,
          698, 697, 1536, -1,
          698, 1536, 1538, -1,
          722, 1521, 1517, -1,
          722, 1517, 692, -1,
          699, 698, 1538, -1,
          699, 1538, 1540, -1,
          700, 699, 1540, -1,
          700, 1540, 1542, -1,
          721, 1521, 722, -1,
          701, 700, 1542, -1,
          701, 1544, 1546, -1,
          701, 1542, 1544, -1,
          720, 1521, 721, -1,
          702, 701, 1546, -1,
          702, 1546, 1547, -1,
          703, 702, 1547, -1,
          703, 1548, 1545, -1,
          703, 1547, 1548, -1,
          719, 1521, 720, -1,
          719, 1525, 1521, -1,
          704, 703, 1545, -1,
          704, 1545, 1543, -1,
          705, 704, 1543, -1,
          705, 1543, 1541, -1,
          718, 1525, 719, -1,
          717, 1525, 718, -1,
          706, 1541, 1539, -1,
          706, 705, 1541, -1,
          716, 1530, 1525, -1,
          716, 1525, 717, -1,
          715, 1530, 716, -1,
          724, 1539, 1537, -1,
          724, 706, 1539, -1,
          714, 1530, 715, -1,
          725, 724, 1537, -1,
          713, 1530, 714, -1,
          726, 1537, 1535, -1,
          726, 725, 1537, -1,
          712, 1530, 713, -1,
          710, 726, 1535, -1,
          711, 1535, 1530, -1,
          711, 1530, 712, -1,
          711, 710, 1535, -1,
          390, 351, 349, -1,
          390, 349, 391, -1,
          370, 368, 366, -1,
          430, 390, 391, -1,
          453, 430, 391, -1,
          421, 386, 388, -1,
          423, 421, 388, -1,
          423, 388, 389, -1,
          425, 423, 389, -1,
          419, 386, 421, -1,
          419, 383, 386, -1,
          427, 425, 389, -1,
          427, 389, 392, -1,
          417, 383, 419, -1,
          417, 381, 383, -1,
          432, 427, 392, -1,
          432, 392, 393, -1,
          415, 381, 417, -1,
          415, 379, 381, -1,
          434, 432, 393, -1,
          436, 434, 393, -1,
          436, 393, 394, -1,
          400, 379, 415, -1,
          400, 378, 379, -1,
          400, 376, 378, -1,
          439, 436, 394, -1,
          399, 375, 376, -1,
          399, 373, 375, -1,
          399, 376, 400, -1,
          440, 439, 394, -1,
          440, 394, 395, -1,
          442, 440, 395, -1,
          442, 395, 396, -1,
          398, 371, 373, -1,
          398, 369, 371, -1,
          398, 367, 369, -1,
          398, 373, 399, -1,
          398, 365, 367, -1,
          398, 363, 365, -1,
          445, 442, 396, -1,
          445, 396, 397, -1,
          410, 363, 398, -1,
          410, 377, 374, -1,
          410, 380, 377, -1,
          410, 382, 380, -1,
          410, 384, 382, -1,
          410, 387, 384, -1,
          410, 370, 366, -1,
          410, 364, 363, -1,
          410, 366, 364, -1,
          410, 372, 370, -1,
          410, 374, 372, -1,
          448, 445, 397, -1,
          448, 397, 401, -1,
          450, 448, 401, -1,
          450, 401, 411, -1,
          409, 387, 410, -1,
          409, 402, 387, -1,
          409, 403, 402, -1,
          409, 404, 403, -1,
          455, 450, 411, -1,
          412, 405, 404, -1,
          412, 406, 405, -1,
          412, 404, 409, -1,
          457, 411, 734, -1,
          457, 455, 411, -1,
          414, 406, 412, -1,
          414, 407, 406, -1,
          414, 408, 407, -1,
          459, 734, 733, -1,
          459, 457, 734, -1,
          413, 483, 408, -1,
          413, 484, 483, -1,
          413, 408, 414, -1,
          461, 459, 733, -1,
          462, 733, 429, -1,
          462, 461, 733, -1,
          416, 484, 413, -1,
          469, 484, 416, -1,
          418, 469, 416, -1,
          468, 429, 428, -1,
          468, 462, 429, -1,
          487, 468, 428, -1,
          490, 487, 428, -1,
          490, 428, 437, -1,
          470, 418, 420, -1,
          470, 469, 418, -1,
          466, 430, 453, -1,
          471, 470, 420, -1,
          471, 420, 422, -1,
          492, 437, 443, -1,
          492, 490, 437, -1,
          472, 471, 422, -1,
          472, 422, 424, -1,
          495, 443, 446, -1,
          495, 492, 443, -1,
          473, 472, 424, -1,
          473, 424, 426, -1,
          498, 446, 451, -1,
          498, 495, 446, -1,
          474, 473, 426, -1,
          474, 426, 431, -1,
          519, 466, 453, -1,
          475, 474, 431, -1,
          475, 431, 433, -1,
          502, 735, 736, -1,
          502, 451, 735, -1,
          502, 498, 451, -1,
          476, 475, 433, -1,
          476, 435, 438, -1,
          476, 433, 435, -1,
          505, 736, 465, -1,
          505, 502, 736, -1,
          507, 465, 464, -1,
          507, 505, 465, -1,
          477, 476, 438, -1,
          477, 438, 441, -1,
          509, 464, 485, -1,
          509, 507, 464, -1,
          478, 477, 441, -1,
          478, 441, 444, -1,
          511, 485, 488, -1,
          511, 509, 485, -1,
          479, 444, 447, -1,
          479, 478, 444, -1,
          514, 488, 493, -1,
          514, 511, 488, -1,
          480, 449, 452, -1,
          480, 447, 449, -1,
          480, 479, 447, -1,
          516, 493, 496, -1,
          516, 514, 493, -1,
          481, 452, 454, -1,
          481, 480, 452, -1,
          518, 516, 496, -1,
          521, 496, 499, -1,
          521, 518, 496, -1,
          482, 481, 454, -1,
          482, 454, 456, -1,
          523, 521, 499, -1,
          503, 466, 519, -1,
          532, 482, 456, -1,
          532, 458, 460, -1,
          532, 456, 458, -1,
          525, 499, 503, -1,
          525, 523, 499, -1,
          527, 525, 503, -1,
          533, 532, 460, -1,
          533, 463, 467, -1,
          533, 460, 463, -1,
          530, 527, 503, -1,
          534, 533, 467, -1,
          534, 467, 486, -1,
          544, 530, 503, -1,
          547, 544, 503, -1,
          535, 534, 486, -1,
          535, 489, 491, -1,
          535, 486, 489, -1,
          551, 547, 503, -1,
          536, 535, 491, -1,
          536, 491, 494, -1,
          537, 536, 494, -1,
          554, 551, 503, -1,
          538, 537, 494, -1,
          538, 494, 497, -1,
          539, 500, 501, -1,
          539, 538, 497, -1,
          539, 497, 500, -1,
          540, 504, 506, -1,
          540, 501, 504, -1,
          540, 539, 501, -1,
          541, 508, 510, -1,
          541, 506, 508, -1,
          541, 540, 506, -1,
          542, 510, 512, -1,
          542, 541, 510, -1,
          566, 542, 512, -1,
          566, 513, 515, -1,
          566, 512, 513, -1,
          567, 515, 517, -1,
          567, 566, 515, -1,
          557, 503, 519, -1,
          557, 554, 503, -1,
          568, 520, 522, -1,
          568, 517, 520, -1,
          568, 567, 517, -1,
          569, 522, 524, -1,
          569, 568, 522, -1,
          570, 524, 526, -1,
          570, 569, 524, -1,
          571, 526, 528, -1,
          571, 570, 526, -1,
          572, 528, 529, -1,
          572, 571, 528, -1,
          573, 572, 529, -1,
          573, 531, 543, -1,
          573, 529, 531, -1,
          574, 545, 546, -1,
          574, 543, 545, -1,
          574, 573, 543, -1,
          575, 546, 548, -1,
          575, 574, 546, -1,
          576, 548, 549, -1,
          576, 575, 548, -1,
          577, 576, 549, -1,
          577, 549, 550, -1,
          578, 550, 552, -1,
          578, 577, 550, -1,
          579, 552, 556, -1,
          579, 578, 552, -1,
          617, 556, 553, -1,
          617, 579, 556, -1,
          604, 555, 589, -1,
          618, 617, 553, -1,
          607, 604, 603, -1,
          607, 555, 604, -1,
          619, 553, 555, -1,
          619, 618, 553, -1,
          626, 555, 607, -1,
          620, 619, 555, -1,
          625, 555, 626, -1,
          621, 620, 555, -1,
          624, 555, 625, -1,
          622, 621, 555, -1,
          623, 555, 624, -1,
          623, 622, 555, -1,
          321, 319, 317, -1,
          326, 324, 325, -1,
          326, 321, 324, -1,
          326, 319, 321, -1,
          328, 327, 329, -1,
          328, 325, 327, -1,
          328, 326, 325, -1,
          333, 329, 330, -1,
          333, 328, 329, -1,
          334, 330, 331, -1,
          334, 333, 330, -1,
          335, 331, 332, -1,
          335, 334, 331, -1,
          336, 332, 737, -1,
          336, 335, 332, -1,
          337, 336, 737, -1,
          338, 737, 343, -1,
          338, 337, 737, -1,
          340, 339, 338, -1,
          340, 338, 343, -1,
          341, 340, 343, -1,
          352, 341, 343, -1,
          352, 344, 341, -1,
          353, 352, 343, -1,
          354, 353, 343, -1,
          355, 354, 343, -1,
          355, 343, 342, -1,
          356, 355, 342, -1,
          357, 356, 342, -1,
          357, 342, 345, -1,
          358, 357, 345, -1,
          359, 358, 345, -1,
          359, 345, 346, -1,
          360, 359, 346, -1,
          360, 346, 347, -1,
          361, 360, 347, -1,
          361, 347, 348, -1,
          362, 361, 348, -1,
          350, 362, 348, -1,
          385, 362, 350, -1,
          737, 318, 320, -1,
          737, 320, 322, -1,
          737, 322, 343, -1,
          323, 343, 322, -1,
          1549, 1550, 1551, -1,
          1552, 1553, 1554, -1,
          1555, 1556, 1549, -1,
          1557, 1551, 1553, -1,
          1557, 1553, 1552, -1,
          1558, 1551, 1557, -1,
          1559, 1560, 1555, -1,
          1561, 1558, 1562, -1,
          1561, 1549, 1551, -1,
          1561, 1551, 1558, -1,
          1563, 1564, 1559, -1,
          1565, 1559, 1555, -1,
          1565, 1563, 1559, -1,
          1566, 1567, 1568, -1,
          1569, 1570, 1565, -1,
          1569, 1555, 1549, -1,
          1569, 1565, 1555, -1,
          1571, 1566, 1572, -1,
          1571, 1567, 1566, -1,
          1573, 1567, 1571, -1,
          1574, 1561, 1567, -1,
          1574, 1567, 1573, -1,
          1575, 1576, 1577, -1,
          156, 1577, 1578, -1,
          156, 1575, 1577, -1,
          1579, 1574, 1580, -1,
          154, 156, 1578, -1,
          1581, 1579, 1582, -1,
          1583, 1579, 1581, -1,
          162, 160, 158, -1,
          162, 158, 154, -1,
          1584, 1583, 1585, -1,
          1586, 1583, 1584, -1,
          168, 166, 164, -1,
          170, 168, 164, -1,
          172, 164, 162, -1,
          172, 170, 164, -1,
          1587, 1583, 1586, -1,
          1587, 1579, 1583, -1,
          1587, 1586, 1588, -1,
          1587, 1588, 1589, -1,
          1587, 1574, 1579, -1,
          1590, 1574, 1587, -1,
          1591, 1574, 1590, -1,
          1591, 1590, 1592, -1,
          180, 178, 176, -1,
          180, 176, 174, -1,
          180, 174, 172, -1,
          182, 180, 172, -1,
          184, 182, 172, -1,
          1593, 1574, 1591, -1,
          1593, 1591, 1594, -1,
          1593, 1594, 1595, -1,
          1596, 1574, 1593, -1,
          1596, 1593, 1597, -1,
          190, 188, 186, -1,
          190, 186, 184, -1,
          1598, 1549, 1561, -1,
          1598, 1574, 1596, -1,
          1598, 1561, 1574, -1,
          1599, 1549, 1598, -1,
          1600, 1578, 1569, -1,
          1600, 192, 190, -1,
          1600, 162, 154, -1,
          1600, 172, 162, -1,
          1600, 184, 172, -1,
          1600, 190, 184, -1,
          1600, 1599, 1601, -1,
          1600, 1549, 1599, -1,
          1600, 1569, 1549, -1,
          1600, 154, 1578, -1,
          199, 196, 194, -1,
          199, 194, 192, -1,
          200, 199, 192, -1,
          205, 202, 200, -1,
          1602, 1600, 1603, -1,
          1602, 1603, 1604, -1,
          1602, 1604, 1605, -1,
          1602, 192, 1600, -1,
          207, 205, 200, -1,
          1606, 1602, 1607, -1,
          1606, 1607, 1608, -1,
          1609, 1602, 1606, -1,
          1609, 1606, 1610, -1,
          1609, 192, 1602, -1,
          1609, 200, 192, -1,
          1609, 207, 200, -1,
          1609, 208, 207, -1,
          220, 218, 216, -1,
          220, 216, 214, -1,
          220, 214, 213, -1,
          220, 213, 210, -1,
          275, 208, 1609, -1,
          275, 1609, 281, -1,
          275, 281, 278, -1,
          275, 278, 277, -1,
          275, 210, 208, -1,
          226, 225, 222, -1,
          226, 222, 220, -1,
          228, 226, 220, -1,
          267, 270, 268, -1,
          234, 232, 230, -1,
          234, 230, 228, -1,
          262, 270, 267, -1,
          262, 273, 270, -1,
          262, 267, 264, -1,
          238, 228, 220, -1,
          238, 234, 228, -1,
          238, 237, 234, -1,
          258, 273, 262, -1,
          258, 275, 273, -1,
          258, 262, 260, -1,
          240, 238, 220, -1,
          242, 240, 220, -1,
          250, 258, 256, -1,
          250, 256, 254, -1,
          250, 254, 253, -1,
          248, 220, 210, -1,
          248, 210, 275, -1,
          248, 275, 258, -1,
          248, 242, 220, -1,
          248, 258, 250, -1,
          248, 246, 244, -1,
          248, 244, 242, -1,
          152, 1240, 153, -1,
          1240, 1611, 153, -1,
          1242, 1612, 1240, -1,
          1240, 1612, 1611, -1,
          1242, 1613, 1612, -1,
          1242, 1244, 1613, -1,
          1244, 1614, 1613, -1,
          1246, 1615, 1244, -1,
          1244, 1615, 1614, -1,
          1246, 1616, 1615, -1,
          1246, 1248, 1616, -1,
          1248, 1617, 1616, -1,
          1248, 1250, 1617, -1,
          1250, 1618, 1617, -1,
          1250, 1251, 1618, -1,
          1251, 1619, 1618, -1,
          1253, 1620, 1251, -1,
          1251, 1620, 1619, -1,
          1255, 1621, 1253, -1,
          1253, 1621, 1620, -1,
          1257, 1622, 1255, -1,
          1255, 1622, 1621, -1,
          1257, 1623, 1622, -1,
          1259, 1623, 1257, -1,
          1259, 1624, 1623, -1,
          1261, 1624, 1259, -1,
          1261, 1625, 1624, -1,
          1263, 1625, 1261, -1,
          1263, 1626, 1625, -1,
          1265, 1626, 1263, -1,
          1265, 1627, 1626, -1,
          1267, 1627, 1265, -1,
          1267, 1628, 1627, -1,
          1269, 1628, 1267, -1,
          1269, 1629, 1628, -1,
          1271, 1629, 1269, -1,
          1271, 1630, 1629, -1,
          1272, 1630, 1271, -1,
          1272, 1631, 1630, -1,
          1274, 1631, 1272, -1,
          1276, 1632, 1274, -1,
          1274, 1632, 1631, -1,
          1276, 1633, 1632, -1,
          1278, 1633, 1276, -1,
          1280, 1634, 1278, -1,
          1278, 1634, 1633, -1,
          1282, 1635, 1280, -1,
          1280, 1635, 1634, -1,
          1284, 1636, 1282, -1,
          1282, 1636, 1635, -1,
          1286, 1637, 1284, -1,
          1284, 1637, 1636, -1,
          1288, 1638, 1286, -1,
          1286, 1638, 1637, -1,
          1290, 1639, 1288, -1,
          1288, 1639, 1638, -1,
          1292, 1640, 1290, -1,
          1293, 1640, 1292, -1,
          1290, 1640, 1639, -1,
          1293, 1641, 1640, -1,
          1295, 1642, 1293, -1,
          1293, 1642, 1641, -1,
          1297, 1643, 1295, -1,
          1295, 1643, 1642, -1,
          1299, 1644, 1297, -1,
          1297, 1644, 1643, -1,
          1301, 1645, 1299, -1,
          1299, 1645, 1644, -1,
          1303, 1646, 1301, -1,
          283, 1646, 1303, -1,
          1301, 1646, 1645, -1,
          282, 1647, 283, -1,
          283, 1647, 1646, -1,
          282, 1648, 1647, -1,
          284, 1648, 282, -1,
          284, 1649, 1648, -1,
          285, 1649, 284, -1,
          285, 1650, 1649, -1,
          286, 1650, 285, -1,
          286, 1651, 1650, -1,
          286, 1652, 1651, -1,
          287, 1652, 286, -1,
          287, 1653, 1652, -1,
          288, 1653, 287, -1,
          288, 1654, 1653, -1,
          289, 1654, 288, -1,
          289, 1655, 1654, -1,
          290, 1655, 289, -1,
          290, 1656, 1655, -1,
          291, 1656, 290, -1,
          291, 1657, 1656, -1,
          292, 1657, 291, -1,
          292, 1658, 1657, -1,
          293, 1658, 292, -1,
          293, 1659, 1658, -1,
          293, 1660, 1659, -1,
          294, 1660, 293, -1,
          294, 1661, 1660, -1,
          295, 1661, 294, -1,
          295, 1662, 1661, -1,
          296, 1662, 295, -1,
          296, 1663, 1662, -1,
          296, 297, 1663, -1,
          297, 1664, 1663, -1,
          297, 1665, 1664, -1,
          298, 1665, 297, -1,
          298, 1666, 1665, -1,
          299, 1666, 298, -1,
          299, 1667, 1666, -1,
          300, 1668, 299, -1,
          299, 1668, 1667, -1,
          301, 1669, 300, -1,
          300, 1669, 1668, -1,
          301, 1670, 1669, -1,
          302, 1671, 301, -1,
          301, 1671, 1670, -1,
          303, 1672, 302, -1,
          302, 1672, 1671, -1,
          303, 1673, 1672, -1,
          304, 1674, 303, -1,
          303, 1674, 1673, -1,
          304, 1675, 1674, -1,
          304, 305, 1675, -1,
          305, 1676, 1675, -1,
          305, 306, 1676, -1,
          306, 1677, 1676, -1,
          307, 1678, 306, -1,
          306, 1678, 1677, -1,
          308, 1679, 307, -1,
          307, 1679, 1678, -1,
          308, 1680, 1679, -1,
          308, 309, 1680, -1,
          309, 1681, 1680, -1,
          310, 1682, 309, -1,
          309, 1682, 1681, -1,
          310, 1683, 1682, -1,
          310, 311, 1683, -1,
          311, 1684, 1683, -1,
          312, 1685, 311, -1,
          311, 1685, 1684, -1,
          312, 1686, 1685, -1,
          312, 313, 1686, -1,
          313, 1687, 1686, -1,
          314, 1688, 313, -1,
          313, 1688, 1687, -1,
          314, 1689, 1688, -1,
          314, 315, 1689, -1,
          315, 1690, 1689, -1,
          315, 316, 1690, -1,
          316, 1691, 1690, -1,
          316, 0, 1691, -1,
          0, 2, 1691, -1,
          1668, 1669, 1667, -1,
          1671, 1674, 1670, -1,
          1672, 1674, 1671, -1,
          1673, 1674, 1672, -1,
          1663, 1661, 1662, -1,
          1664, 1661, 1663, -1,
          1666, 1675, 1665, -1,
          1667, 1675, 1666, -1,
          1670, 1675, 1669, -1,
          1669, 1675, 1667, -1,
          1674, 1675, 1670, -1,
          1665, 1660, 1664, -1,
          1664, 1660, 1661, -1,
          1677, 1678, 1676, -1,
          1678, 1679, 1676, -1,
          1676, 1679, 1675, -1,
          1658, 1656, 1657, -1,
          1658, 1655, 1656, -1,
          1659, 1655, 1658, -1,
          1679, 1682, 1675, -1,
          1680, 1682, 1679, -1,
          1681, 1682, 1680, -1,
          1682, 1683, 1675, -1,
          1684, 1686, 1683, -1,
          1685, 1686, 1684, -1,
          1652, 1650, 1651, -1,
          1653, 1650, 1652, -1,
          1653, 1649, 1650, -1,
          1654, 1649, 1653, -1,
          1683, 1689, 1675, -1,
          1686, 1689, 1683, -1,
          1687, 1689, 1686, -1,
          1688, 1689, 1687, -1,
          1654, 1648, 1649, -1,
          1655, 1648, 1654, -1,
          1659, 1647, 1655, -1,
          1655, 1647, 1648, -1,
          1660, 1647, 1659, -1,
          1665, 1647, 1660, -1,
          1675, 1647, 1665, -1,
          1691, 3, 1690, -1,
          2, 3, 1691, -1,
          1689, 5, 1675, -1,
          1675, 5, 1647, -1,
          3, 5, 1690, -1,
          1690, 5, 1689, -1,
          6, 10, 5, -1,
          8, 10, 6, -1,
          1643, 1641, 1642, -1,
          1644, 1641, 1643, -1,
          1645, 1641, 1644, -1,
          10, 15, 5, -1,
          11, 15, 10, -1,
          13, 15, 11, -1,
          1646, 1640, 1645, -1,
          1645, 1640, 1641, -1,
          1646, 1639, 1640, -1,
          17, 21, 15, -1,
          19, 21, 17, -1,
          1639, 1637, 1638, -1,
          1646, 1636, 1639, -1,
          1639, 1636, 1637, -1,
          23, 26, 21, -1,
          21, 26, 15, -1,
          24, 26, 23, -1,
          1647, 1635, 1646, -1,
          1646, 1635, 1636, -1,
          1634, 1632, 1633, -1,
          1635, 1632, 1634, -1,
          31, 32, 28, -1,
          1647, 1631, 1635, -1,
          1635, 1631, 1632, -1,
          32, 35, 28, -1,
          28, 35, 26, -1,
          37, 39, 35, -1,
          35, 39, 26, -1,
          1630, 1628, 1629, -1,
          39, 41, 26, -1,
          1627, 1625, 1626, -1,
          1628, 1625, 1627, -1,
          45, 47, 43, -1,
          43, 49, 41, -1,
          47, 49, 43, -1,
          1647, 1624, 1631, -1,
          1631, 1624, 1630, -1,
          1630, 1624, 1628, -1,
          1628, 1624, 1625, -1,
          1624, 1622, 1623, -1,
          1624, 1621, 1622, -1,
          53, 57, 51, -1,
          55, 57, 53, -1,
          1621, 1619, 1620, -1,
          1647, 1618, 1624, -1,
          1624, 1618, 1621, -1,
          1621, 1618, 1619, -1,
          1618, 1616, 1617, -1,
          1618, 1615, 1616, -1,
          63, 65, 61, -1,
          65, 67, 61, -1,
          1615, 1613, 1614, -1,
          61, 69, 59, -1,
          67, 69, 61, -1,
          1647, 1612, 1618, -1,
          1618, 1612, 1615, -1,
          1615, 1612, 1613, -1,
          51, 71, 49, -1,
          59, 71, 57, -1,
          57, 71, 51, -1,
          69, 71, 59, -1,
          41, 74, 26, -1,
          49, 74, 41, -1,
          5, 74, 1647, -1,
          15, 74, 5, -1,
          71, 74, 49, -1,
          1647, 74, 1612, -1,
          26, 74, 15, -1,
          1611, 151, 153, -1,
          1612, 149, 1611, -1,
          1611, 149, 151, -1,
          1612, 147, 149, -1,
          147, 144, 146, -1,
          147, 142, 144, -1,
          81, 82, 79, -1,
          142, 139, 141, -1,
          79, 84, 77, -1,
          82, 84, 79, -1,
          147, 137, 142, -1,
          142, 137, 139, -1,
          77, 87, 75, -1,
          84, 87, 77, -1,
          87, 89, 75, -1,
          75, 89, 74, -1,
          136, 132, 134, -1,
          136, 130, 132, -1,
          91, 95, 89, -1,
          93, 95, 91, -1,
          89, 96, 74, -1,
          95, 96, 89, -1,
          129, 125, 127, -1,
          130, 125, 129, -1,
          96, 98, 74, -1,
          147, 124, 137, -1,
          136, 124, 130, -1,
          74, 124, 1612, -1,
          130, 124, 125, -1,
          137, 124, 136, -1,
          1612, 124, 147, -1,
          122, 119, 120, -1,
          102, 104, 100, -1,
          122, 117, 119, -1,
          100, 105, 98, -1,
          104, 105, 100, -1,
          124, 115, 122, -1,
          122, 115, 117, -1,
          74, 107, 124, -1,
          98, 107, 74, -1,
          105, 107, 98, -1,
          124, 114, 115, -1,
          107, 109, 124, -1,
          114, 110, 112, -1,
          109, 110, 124, -1,
          124, 110, 114, -1,
          1609, 280, 281, -1,
          739, 280, 1609, -1,
          1610, 739, 1609, -1,
          746, 739, 1610, -1,
          1606, 746, 1610, -1,
          753, 746, 1606, -1,
          1608, 753, 1606, -1,
          766, 753, 1608, -1,
          1607, 766, 1608, -1,
          826, 766, 1607, -1,
          1602, 826, 1607, -1,
          916, 826, 1602, -1,
          1605, 916, 1602, -1,
          992, 916, 1605, -1,
          1604, 992, 1605, -1,
          1078, 992, 1604, -1,
          1603, 1078, 1604, -1,
          1143, 1078, 1603, -1,
          1600, 1143, 1603, -1,
          1188, 1143, 1600, -1,
          1601, 1188, 1600, -1,
          1206, 1188, 1601, -1,
          1599, 1206, 1601, -1,
          1216, 1206, 1599, -1,
          1598, 1216, 1599, -1,
          1220, 1216, 1598, -1,
          1596, 1220, 1598, -1,
          1221, 1220, 1596, -1,
          1597, 1221, 1596, -1,
          1222, 1221, 1597, -1,
          1593, 1222, 1597, -1,
          1223, 1222, 1593, -1,
          1595, 1223, 1593, -1,
          1224, 1223, 1595, -1,
          1594, 1224, 1595, -1,
          1225, 1224, 1594, -1,
          1591, 1225, 1594, -1,
          1226, 1225, 1591, -1,
          1592, 1226, 1591, -1,
          1227, 1226, 1592, -1,
          1590, 1227, 1592, -1,
          1228, 1227, 1590, -1,
          1587, 1228, 1590, -1,
          1229, 1228, 1587, -1,
          1589, 1229, 1587, -1,
          1230, 1229, 1589, -1,
          1588, 1230, 1589, -1,
          1231, 1230, 1588, -1,
          1586, 1231, 1588, -1,
          1232, 1231, 1586, -1,
          1584, 1232, 1586, -1,
          1233, 1232, 1584, -1,
          1585, 1233, 1584, -1,
          1234, 1233, 1585, -1,
          1583, 1234, 1585, -1,
          1235, 1234, 1583, -1,
          1581, 1235, 1583, -1,
          1236, 1235, 1581, -1,
          1582, 1236, 1581, -1,
          1237, 1236, 1582, -1,
          1579, 1237, 1582, -1,
          1238, 1237, 1579, -1,
          1580, 1238, 1579, -1,
          1239, 1238, 1580, -1,
          1574, 1239, 1580, -1,
          1241, 1239, 1574, -1,
          1573, 1241, 1574, -1,
          1243, 1241, 1573, -1,
          1245, 1573, 1571, -1,
          1245, 1243, 1573, -1,
          1572, 1245, 1571, -1,
          1247, 1245, 1572, -1,
          1249, 1572, 1566, -1,
          1249, 1247, 1572, -1,
          1568, 1249, 1566, -1,
          1252, 1249, 1568, -1,
          1567, 1252, 1568, -1,
          1254, 1252, 1567, -1,
          1561, 1254, 1567, -1,
          1256, 1254, 1561, -1,
          1258, 1561, 1562, -1,
          1258, 1256, 1561, -1,
          1558, 1258, 1562, -1,
          1260, 1258, 1558, -1,
          1557, 1260, 1558, -1,
          1262, 1260, 1557, -1,
          1264, 1262, 1557, -1,
          1264, 1557, 1552, -1,
          1554, 1264, 1552, -1,
          1266, 1264, 1554, -1,
          1553, 1266, 1554, -1,
          1268, 1266, 1553, -1,
          1270, 1268, 1553, -1,
          1270, 1553, 1551, -1,
          1550, 1270, 1551, -1,
          1273, 1270, 1550, -1,
          1549, 1273, 1550, -1,
          1275, 1273, 1549, -1,
          1556, 1275, 1549, -1,
          1277, 1275, 1556, -1,
          1279, 1556, 1555, -1,
          1279, 1277, 1556, -1,
          1281, 1555, 1560, -1,
          1281, 1279, 1555, -1,
          1559, 1281, 1560, -1,
          1283, 1281, 1559, -1,
          1285, 1559, 1564, -1,
          1285, 1283, 1559, -1,
          1563, 1285, 1564, -1,
          1287, 1285, 1563, -1,
          1289, 1563, 1565, -1,
          1289, 1287, 1563, -1,
          1570, 1289, 1565, -1,
          1291, 1289, 1570, -1,
          1294, 1570, 1569, -1,
          1294, 1291, 1570, -1,
          1578, 1294, 1569, -1,
          1296, 1294, 1578, -1,
          1298, 1578, 1577, -1,
          1298, 1296, 1578, -1,
          1576, 1298, 1577, -1,
          1300, 1298, 1576, -1,
          1302, 1576, 1575, -1,
          1302, 1300, 1576, -1,
          155, 1575, 156, -1,
          155, 1302, 1575, -1
        ]
      }
    }
}
