#VRML V2.0 utf8
WorldInfo {
  title "Exported triangle mesh to VRML97"
  info ["Created by FreeCAD"
        "<https://www.freecad.org>"]
}

Transform {
  scale 1 1 1
  rotation 0 0 1 0
  scaleOrientation 0 0 1 0
  center 0.000 0.000 0.000
  translation 0.000 0.000 0.000
  children
    Shape { 
      appearance
      Appearance {
        material
        Material {
          diffuseColor 0.8 0.8 0.8
        }
      }
      geometry
      IndexedFaceSet {
        coord
        Coordinate {
          point [
            -12.486 0.613 3.785,
            -12.700 -0.000 3.610,
            -12.501 -0.000 3.785,
            -12.684 0.633 3.610,
            -12.441 1.225 3.785,
            -12.637 1.265 3.610,
            -12.366 1.834 3.785,
            -12.558 1.893 3.610,
            -12.261 2.439 3.785,
            -12.448 2.516 3.610,
            -12.127 3.038 3.785,
            -12.307 3.134 3.610,
            -11.963 3.629 3.785,
            -12.136 3.743 3.610,
            -11.771 4.212 3.785,
            -11.934 4.344 3.610,
            -11.550 4.784 3.785,
            -11.703 4.933 3.610,
            -11.301 5.345 3.785,
            -11.442 5.510 3.610,
            -11.025 5.893 3.785,
            -11.153 6.074 3.610,
            -10.723 6.427 3.785,
            -10.837 6.622 3.610,
            -10.395 6.945 3.785,
            -10.493 7.154 3.610,
            -10.041 7.447 3.785,
            -10.124 7.668 3.610,
            -9.664 7.931 3.785,
            -9.729 8.163 3.610,
            -9.263 8.395 3.785,
            -9.310 8.638 3.610,
            -8.840 8.840 3.785,
            -8.868 9.092 3.610,
            -8.395 9.263 3.785,
            -8.403 9.522 3.610,
            -7.931 9.664 3.785,
            -7.918 9.929 3.610,
            -7.447 10.041 3.785,
            -7.414 10.312 3.610,
            -6.945 10.395 3.785,
            -6.890 10.668 3.610,
            -6.427 10.723 3.785,
            -6.350 10.999 3.610,
            -5.893 11.025 3.785,
            -5.794 11.301 3.610,
            -5.345 11.301 3.785,
            -5.223 11.576 3.610,
            -4.784 11.550 3.785,
            -4.640 11.822 3.610,
            -4.212 11.771 3.785,
            -4.045 12.039 3.610,
            -3.629 11.963 3.785,
            -3.440 12.225 3.610,
            -3.038 12.127 3.785,
            -2.826 12.382 3.610,
            -2.439 12.261 3.785,
            -2.205 12.507 3.610,
            -1.834 12.366 3.785,
            -1.579 12.601 3.610,
            -1.225 12.441 3.785,
            -0.949 12.664 3.610,
            -0.613 12.486 3.785,
            -0.317 12.696 3.610,
            0.000 12.501 3.785,
            0.317 12.696 3.610,
            0.613 12.486 3.785,
            0.949 12.664 3.610,
            1.225 12.441 3.785,
            1.579 12.601 3.610,
            1.834 12.366 3.785,
            2.205 12.507 3.610,
            2.439 12.261 3.785,
            2.826 12.382 3.610,
            3.038 12.127 3.785,
            3.440 12.225 3.610,
            3.629 11.963 3.785,
            4.045 12.039 3.610,
            4.212 11.771 3.785,
            4.640 11.822 3.610,
            4.784 11.550 3.785,
            5.223 11.576 3.610,
            5.345 11.301 3.785,
            5.794 11.301 3.610,
            5.893 11.025 3.785,
            6.350 10.999 3.610,
            6.427 10.723 3.785,
            6.890 10.668 3.610,
            6.945 10.395 3.785,
            7.414 10.312 3.610,
            7.447 10.041 3.785,
            7.918 9.929 3.610,
            7.931 9.664 3.785,
            8.403 9.522 3.610,
            8.395 9.263 3.785,
            8.868 9.092 3.610,
            8.840 8.840 3.785,
            9.310 8.638 3.610,
            9.263 8.395 3.785,
            9.729 8.163 3.610,
            9.664 7.931 3.785,
            10.124 7.668 3.610,
            10.041 7.447 3.785,
            10.493 7.154 3.610,
            10.395 6.945 3.785,
            10.837 6.622 3.610,
            10.723 6.427 3.785,
            11.153 6.074 3.610,
            11.025 5.893 3.785,
            11.442 5.510 3.610,
            11.301 5.345 3.785,
            11.703 4.933 3.610,
            11.550 4.784 3.785,
            11.934 4.344 3.610,
            11.771 4.212 3.785,
            12.136 3.743 3.610,
            11.963 3.629 3.785,
            12.307 3.134 3.610,
            12.127 3.038 3.785,
            12.448 2.516 3.610,
            12.261 2.439 3.785,
            12.558 1.893 3.610,
            12.366 1.834 3.785,
            12.637 1.265 3.610,
            12.441 1.225 3.785,
            12.684 0.633 3.610,
            12.486 0.613 3.785,
            12.700 0.000 3.610,
            12.501 0.000 3.785,
            12.484 0.623 -3.000,
            12.700 0.000 -2.800,
            12.500 -0.000 -3.000,
            12.684 0.633 -2.800,
            12.438 1.245 -3.000,
            12.637 1.265 -2.800,
            12.360 1.863 -3.000,
            12.558 1.893 -2.800,
            12.252 2.477 -3.000,
            12.448 2.516 -2.800,
            12.113 3.084 -3.000,
            12.307 3.134 -2.800,
            11.945 3.684 -3.000,
            12.136 3.743 -2.800,
            11.746 4.275 -3.000,
            11.934 4.344 -2.800,
            11.518 4.855 -3.000,
            11.703 4.933 -2.800,
            11.262 5.424 -3.000,
            11.442 5.510 -2.800,
            10.978 5.978 -3.000,
            11.153 6.074 -2.800,
            10.666 6.518 -3.000,
            10.837 6.622 -2.800,
            10.328 7.042 -3.000,
            10.493 7.154 -2.800,
            9.964 7.548 -3.000,
            10.124 7.668 -2.800,
            9.576 8.035 -3.000,
            9.729 8.163 -2.800,
            9.163 8.502 -3.000,
            9.310 8.638 -2.800,
            8.728 8.948 -3.000,
            8.868 9.092 -2.800,
            8.271 9.372 -3.000,
            8.403 9.522 -2.800,
            7.794 9.773 -3.000,
            7.918 9.929 -2.800,
            7.297 10.149 -3.000,
            7.414 10.312 -2.800,
            6.782 10.500 -3.000,
            6.890 10.668 -2.800,
            6.250 10.825 -3.000,
            6.350 10.999 -2.800,
            5.703 11.123 -3.000,
            5.794 11.301 -2.800,
            5.141 11.394 -3.000,
            5.223 11.576 -2.800,
            4.640 11.822 -2.800,
            4.567 11.636 -3.000,
            3.981 11.849 -3.000,
            4.045 12.039 -2.800,
            3.386 12.033 -3.000,
            3.440 12.225 -2.800,
            2.782 12.187 -3.000,
            2.826 12.382 -2.800,
            2.205 12.507 -2.800,
            2.171 12.310 -3.000,
            1.554 12.403 -3.000,
            1.579 12.601 -2.800,
            0.934 12.465 -3.000,
            0.949 12.664 -2.800,
            0.312 12.496 -3.000,
            0.317 12.696 -2.800,
            -0.312 12.496 -3.000,
            -0.317 12.696 -2.800,
            -0.934 12.465 -3.000,
            -0.949 12.664 -2.800,
            -1.554 12.403 -3.000,
            -1.579 12.601 -2.800,
            -2.171 12.310 -3.000,
            -2.205 12.507 -2.800,
            -2.782 12.187 -3.000,
            -2.826 12.382 -2.800,
            -3.386 12.033 -3.000,
            -3.440 12.225 -2.800,
            -4.045 12.039 -2.800,
            -3.981 11.849 -3.000,
            -4.640 11.822 -2.800,
            -4.567 11.636 -3.000,
            -5.141 11.394 -3.000,
            -5.223 11.576 -2.800,
            -5.703 11.123 -3.000,
            -5.794 11.301 -2.800,
            -6.250 10.825 -3.000,
            -6.350 10.999 -2.800,
            -6.782 10.500 -3.000,
            -6.890 10.668 -2.800,
            -7.297 10.149 -3.000,
            -7.414 10.312 -2.800,
            -7.794 9.773 -3.000,
            -7.918 9.929 -2.800,
            -8.271 9.372 -3.000,
            -8.403 9.522 -2.800,
            -8.868 9.092 -2.800,
            -8.728 8.948 -3.000,
            -9.163 8.502 -3.000,
            -9.310 8.638 -2.800,
            -9.729 8.163 -2.800,
            -9.576 8.035 -3.000,
            -10.124 7.668 -2.800,
            -9.964 7.548 -3.000,
            -10.493 7.154 -2.800,
            -10.328 7.042 -3.000,
            -10.666 6.518 -3.000,
            -10.837 6.622 -2.800,
            -10.978 5.978 -3.000,
            -11.153 6.074 -2.800,
            -11.442 5.510 -2.800,
            -11.262 5.424 -3.000,
            -11.518 4.855 -3.000,
            -11.703 4.933 -2.800,
            -11.746 4.275 -3.000,
            -11.934 4.344 -2.800,
            -12.136 3.743 -2.800,
            -11.945 3.684 -3.000,
            -12.113 3.084 -3.000,
            -12.307 3.134 -2.800,
            -12.252 2.477 -3.000,
            -12.448 2.516 -2.800,
            -12.360 1.863 -3.000,
            -12.558 1.893 -2.800,
            -12.438 1.245 -3.000,
            -12.637 1.265 -2.800,
            -12.484 0.623 -3.000,
            -12.684 0.633 -2.800,
            -12.700 -0.000 -2.800,
            -12.500 0.000 -3.000,
            -2.439 -12.261 3.785,
            0.000 -8.346 3.349,
            -3.038 -12.127 3.785,
            -1.834 -12.366 3.785,
            -1.225 -12.441 3.785,
            -0.613 -12.486 3.785,
            0.000 -12.501 3.785,
            0.000 8.346 3.349,
            -11.963 -3.629 3.785,
            -8.346 -4.994 3.474,
            -12.127 -3.038 3.785,
            -11.771 -4.212 3.785,
            -11.550 -4.784 3.785,
            -11.301 -5.345 3.785,
            -11.025 -5.893 3.785,
            -10.723 -6.427 3.785,
            -10.395 -6.945 3.785,
            -10.041 -7.447 3.785,
            -9.664 -7.931 3.785,
            -9.263 -8.395 3.785,
            -8.840 -8.840 3.785,
            -8.395 -9.263 3.785,
            0.000 -4.177 3.087,
            -4.177 -7.507 3.370,
            -7.931 -9.664 3.785,
            -7.447 -10.041 3.785,
            -6.945 -10.395 3.785,
            -6.427 -10.723 3.785,
            -5.893 -11.025 3.785,
            -5.345 -11.301 3.785,
            -4.784 -11.550 3.785,
            -4.212 -11.771 3.785,
            -3.629 -11.963 3.785,
            -12.486 -0.613 3.785,
            -8.346 -0.000 3.349,
            -12.441 -1.225 3.785,
            -12.366 -1.834 3.785,
            -12.261 -2.439 3.785,
            0.000 0.000 3.000,
            -4.177 -2.504 3.119,
            -8.346 4.994 3.474,
            -4.177 2.504 3.119,
            0.000 4.177 3.087,
            -4.177 7.507 3.370,
            7.673 -1.802 -3.000,
            11.746 -4.275 -3.000,
            7.656 -1.820 -3.000,
            7.638 -1.837 -3.000,
            11.518 -4.855 -3.000,
            7.690 -1.783 -3.000,
            7.619 -1.853 -3.000,
            7.706 -1.764 -3.000,
            11.945 -3.684 -3.000,
            7.599 -1.868 -3.000,
            7.721 -1.744 -3.000,
            7.579 -1.883 -3.000,
            11.262 -5.424 -3.000,
            7.735 -1.724 -3.000,
            7.558 -1.897 -3.000,
            7.749 -1.703 -3.000,
            7.536 -1.909 -3.000,
            7.762 -1.681 -3.000,
            7.514 -1.921 -3.000,
            7.774 -1.659 -3.000,
            12.113 -3.084 -3.000,
            7.491 -1.931 -3.000,
            10.978 -5.978 -3.000,
            7.785 -1.637 -3.000,
            7.795 -1.615 -3.000,
            7.468 -1.941 -3.000,
            7.805 -1.592 -3.000,
            7.445 -1.950 -3.000,
            7.818 -1.561 -3.000,
            7.418 -1.958 -3.000,
            10.666 -6.518 -3.000,
            7.830 -1.525 -3.000,
            12.252 -2.477 -3.000,
            7.385 -1.967 -3.000,
            7.841 -1.490 -3.000,
            7.348 -1.975 -3.000,
            10.328 -7.042 -3.000,
            7.851 -1.453 -3.000,
            7.311 -1.981 -3.000,
            7.859 -1.417 -3.000,
            7.270 -1.986 -3.000,
            7.866 -1.380 -3.000,
            12.360 -1.863 -3.000,
            7.236 -1.989 -3.000,
            9.964 -7.548 -3.000,
            7.872 -1.343 -3.000,
            7.546 -1.645 -3.000,
            7.534 -1.659 -3.000,
            7.521 -1.674 -3.000,
            7.455 -1.732 -3.000,
            7.494 -1.701 -3.000,
            7.480 -1.713 -3.000,
            7.470 -1.721 -3.000,
            7.877 -1.306 -3.000,
            7.437 -1.743 -3.000,
            7.558 -1.628 -3.000,
            7.508 -1.688 -3.000,
            7.569 -1.611 -3.000,
            7.414 -1.756 -3.000,
            7.579 -1.593 -3.000,
            7.590 -1.573 -3.000,
            7.168 -1.991 -3.000,
            7.391 -1.768 -3.000,
            7.600 -1.550 -3.000,
            7.880 -1.269 -3.000,
            7.135 -1.990 -3.000,
            9.576 -8.035 -3.000,
            7.333 -1.791 -3.000,
            7.371 -1.777 -3.000,
            7.352 -1.784 -3.000,
            7.882 -1.229 -3.000,
            12.438 -1.245 -3.000,
            7.305 -1.799 -3.000,
            7.101 -1.988 -3.000,
            7.267 -1.807 -3.000,
            7.285 -1.803 -3.000,
            7.883 -1.189 -3.000,
            7.077 -1.985 -3.000,
            7.246 -1.809 -3.000,
            7.232 -1.811 -3.000,
            7.880 -1.109 -3.000,
            7.877 -1.069 -3.000,
            12.484 -0.623 -3.000,
            7.871 -1.025 -3.000,
            7.863 -0.981 -3.000,
            7.051 -1.793 -3.000,
            7.111 -1.807 -3.000,
            7.088 -1.803 -3.000,
            7.069 -1.798 -3.000,
            7.029 -1.785 -3.000,
            7.854 -0.937 -3.000,
            7.843 -0.898 -3.000,
            6.959 -1.751 -3.000,
            7.010 -1.778 -3.000,
            6.993 -1.770 -3.000,
            6.976 -1.761 -3.000,
            7.831 -0.863 -3.000,
            6.943 -1.740 -3.000,
            6.926 -1.728 -3.000,
            7.819 -0.829 -3.000,
            7.804 -0.795 -3.000,
            7.790 -0.766 -3.000,
            6.858 -1.661 -3.000,
            6.911 -1.716 -3.000,
            6.897 -1.703 -3.000,
            6.884 -1.690 -3.000,
            6.870 -1.675 -3.000,
            7.775 -0.740 -3.000,
            6.847 -1.645 -3.000,
            7.760 -0.714 -3.000,
            6.833 -1.625 -3.000,
            7.135 -1.810 -3.000,
            7.744 -0.690 -3.000,
            6.822 -1.606 -3.000,
            7.726 -0.666 -3.000,
            6.804 -1.571 -3.000,
            7.189 -1.813 -3.000,
            7.154 -1.811 -3.000,
            6.813 -1.590 -3.000,
            7.708 -0.643 -3.000,
            6.791 -1.541 -3.000,
            7.217 -1.812 -3.000,
            7.688 -0.620 -3.000,
            7.548 -0.756 -3.000,
            7.559 -0.771 -3.000,
            7.570 -0.788 -3.000,
            6.782 -1.518 -3.000,
            7.610 -1.527 -3.000,
            6.302 -1.971 -3.000,
            9.163 -8.502 -3.000,
            6.622 -1.687 -3.000,
            6.637 -1.712 -3.000,
            6.653 -1.737 -3.000,
            6.670 -1.761 -3.000,
            6.687 -1.781 -3.000,
            6.702 -1.799 -3.000,
            6.719 -1.816 -3.000,
            6.736 -1.833 -3.000,
            6.754 -1.848 -3.000,
            6.772 -1.864 -3.000,
            6.791 -1.878 -3.000,
            6.811 -1.891 -3.000,
            6.831 -1.904 -3.000,
            6.852 -1.916 -3.000,
            6.873 -1.927 -3.000,
            6.894 -1.937 -3.000,
            6.916 -1.946 -3.000,
            6.938 -1.954 -3.000,
            6.961 -1.961 -3.000,
            6.984 -1.968 -3.000,
            7.007 -1.973 -3.000,
            7.030 -1.978 -3.000,
            7.054 -1.982 -3.000,
            7.670 -0.601 -3.000,
            6.773 -1.493 -3.000,
            7.619 -1.502 -3.000,
            6.606 -1.659 -3.000,
            6.769 -1.477 -3.000,
            7.653 -0.585 -3.000,
            6.764 -1.460 -3.000,
            7.635 -1.449 -3.000,
            7.627 -1.476 -3.000,
            7.508 -0.711 -3.000,
            7.522 -0.725 -3.000,
            7.534 -0.739 -3.000,
            6.590 -1.626 -3.000,
            7.635 -0.569 -3.000,
            7.492 -0.696 -3.000,
            6.757 -1.427 -3.000,
            7.665 -1.188 -3.000,
            7.663 -1.262 -3.000,
            7.661 -1.293 -3.000,
            7.656 -1.338 -3.000,
            7.652 -1.367 -3.000,
            7.647 -1.396 -3.000,
            7.641 -1.423 -3.000,
            7.616 -0.554 -3.000,
            6.576 -1.593 -3.000,
            7.597 -0.540 -3.000,
            6.562 -1.555 -3.000,
            7.577 -0.526 -3.000,
            7.440 -0.656 -3.000,
            7.457 -0.667 -3.000,
            7.472 -0.679 -3.000,
            6.556 -1.535 -3.000,
            7.425 -0.647 -3.000,
            7.557 -0.513 -3.000,
            6.085 -1.971 -3.000,
            8.728 -8.948 -3.000,
            7.409 -0.638 -3.000,
            7.536 -0.501 -3.000,
            7.391 -0.629 -3.000,
            7.515 -0.490 -3.000,
            7.493 -0.480 -3.000,
            7.354 -0.615 -3.000,
            7.372 -0.621 -3.000,
            7.332 -0.607 -3.000,
            7.312 -0.602 -3.000,
            7.292 -0.598 -3.000,
            7.582 -0.808 -3.000,
            7.268 -0.594 -3.000,
            6.796 -0.905 -3.000,
            7.593 -0.829 -3.000,
            7.602 -0.848 -3.000,
            7.609 -0.866 -3.000,
            7.618 -0.892 -3.000,
            7.630 -0.930 -3.000,
            7.641 -0.975 -3.000,
            7.651 -1.019 -3.000,
            7.658 -1.066 -3.000,
            7.661 -1.090 -3.000,
            7.663 -1.115 -3.000,
            7.665 -1.151 -3.000,
            6.811 -0.862 -3.000,
            7.220 -0.589 -3.000,
            7.241 -0.590 -3.000,
            6.821 -0.834 -3.000,
            7.183 -0.588 -3.000,
            5.676 -1.971 -3.000,
            8.271 -9.372 -3.000,
            6.834 -0.806 -3.000,
            7.155 -0.589 -3.000,
            6.845 -0.784 -3.000,
            7.140 -0.590 -3.000,
            6.856 -0.765 -3.000,
            7.126 -0.591 -3.000,
            6.979 -0.638 -3.000,
            6.995 -0.630 -3.000,
            7.013 -0.621 -3.000,
            6.867 -0.748 -3.000,
            7.085 -0.597 -3.000,
            7.105 -0.594 -3.000,
            6.879 -0.730 -3.000,
            7.031 -0.614 -3.000,
            7.049 -0.607 -3.000,
            7.066 -0.602 -3.000,
            6.891 -0.715 -3.000,
            6.930 -0.674 -3.000,
            6.939 -0.666 -3.000,
            6.948 -0.659 -3.000,
            6.963 -0.649 -3.000,
            6.903 -0.701 -3.000,
            6.916 -0.687 -3.000,
            6.579 -0.858 -3.000,
            6.539 -1.477 -3.000,
            5.449 -1.971 -3.000,
            7.794 -9.773 -3.000,
            5.038 -1.971 -3.000,
            5.486 -1.493 -3.000,
            5.631 -1.511 -3.000,
            5.561 -1.737 -3.000,
            4.821 -1.971 -3.000,
            7.297 -10.149 -3.000,
            6.302 -0.430 -3.000,
            6.999 -0.430 -3.000,
            6.972 -0.437 -3.000,
            6.948 -0.445 -3.000,
            6.925 -0.453 -3.000,
            6.902 -0.463 -3.000,
            6.880 -0.474 -3.000,
            6.858 -0.485 -3.000,
            6.837 -0.498 -3.000,
            6.816 -0.511 -3.000,
            6.796 -0.526 -3.000,
            6.776 -0.541 -3.000,
            6.758 -0.557 -3.000,
            6.740 -0.574 -3.000,
            6.722 -0.592 -3.000,
            6.707 -0.609 -3.000,
            6.695 -0.624 -3.000,
            6.683 -0.640 -3.000,
            6.671 -0.656 -3.000,
            6.660 -0.673 -3.000,
            6.649 -0.690 -3.000,
            6.640 -0.708 -3.000,
            6.630 -0.726 -3.000,
            6.621 -0.744 -3.000,
            6.613 -0.762 -3.000,
            6.605 -0.780 -3.000,
            4.623 -1.971 -3.000,
            6.782 -10.500 -3.000,
            4.623 -1.940 -3.000,
            4.621 -1.921 -3.000,
            4.619 -1.901 -3.000,
            4.615 -1.881 -3.000,
            4.613 -1.869 -3.000,
            4.610 -1.857 -3.000,
            4.602 -1.834 -3.000,
            4.585 -1.789 -3.000,
            4.576 -1.767 -3.000,
            3.615 -1.971 -3.000,
            6.250 -10.825 -3.000,
            5.703 -11.123 -3.000,
            4.603 -0.864 -3.000,
            4.507 -1.650 -3.000,
            4.491 -1.628 -3.000,
            4.477 -1.611 -3.000,
            4.460 -1.591 -3.000,
            4.440 -1.568 -3.000,
            4.419 -1.546 -3.000,
            4.390 -1.518 -3.000,
            4.346 -1.477 -3.000,
            4.297 -1.435 -3.000,
            3.615 -1.773 -3.000,
            4.063 -1.487 -3.000,
            4.206 -1.607 -3.000,
            3.947 -1.387 -3.000,
            4.406 -0.884 -3.000,
            4.247 -1.394 -3.000,
            4.089 -1.257 -3.000,
            4.821 -0.430 -3.000,
            4.579 -0.738 -3.000,
            4.572 -0.716 -3.000,
            4.564 -0.694 -3.000,
            4.556 -0.677 -3.000,
            3.893 -1.337 -3.000,
            4.547 -0.659 -3.000,
            4.014 -1.184 -3.000,
            4.536 -0.639 -3.000,
            4.525 -0.621 -3.000,
            3.248 -1.874 -3.000,
            3.263 -1.860 -3.000,
            3.278 -1.844 -3.000,
            3.234 -1.887 -3.000,
            3.292 -1.829 -3.000,
            4.514 -0.605 -3.000,
            3.219 -1.899 -3.000,
            3.305 -1.813 -3.000,
            3.837 -1.280 -3.000,
            3.201 -1.911 -3.000,
            3.317 -1.796 -3.000,
            3.328 -1.778 -3.000,
            3.182 -1.924 -3.000,
            3.339 -1.760 -3.000,
            3.162 -1.935 -3.000,
            4.503 -0.590 -3.000,
            3.349 -1.740 -3.000,
            3.145 -1.944 -3.000,
            3.960 -1.127 -3.000,
            3.358 -1.721 -3.000,
            3.126 -1.952 -3.000,
            3.366 -1.700 -3.000,
            3.106 -1.960 -3.000,
            4.490 -0.576 -3.000,
            4.353 -0.712 -3.000,
            4.362 -0.724 -3.000,
            4.370 -0.736 -3.000,
            3.373 -1.681 -3.000,
            3.085 -1.967 -3.000,
            3.941 -1.105 -3.000,
            4.343 -0.699 -3.000,
            4.376 -0.748 -3.000,
            4.381 -0.758 -3.000,
            3.379 -1.662 -3.000,
            3.064 -1.973 -3.000,
            4.476 -0.561 -3.000,
            3.384 -1.642 -3.000,
            3.042 -1.978 -3.000,
            4.330 -0.686 -3.000,
            4.385 -0.768 -3.000,
            3.388 -1.622 -3.000,
            4.462 -0.548 -3.000,
            3.018 -1.983 -3.000,
            3.920 -1.080 -3.000,
            3.392 -1.602 -3.000,
            4.448 -0.535 -3.000,
            2.992 -1.987 -3.000,
            3.395 -1.579 -3.000,
            3.903 -1.056 -3.000,
            4.299 -0.660 -3.000,
            4.308 -0.666 -3.000,
            4.316 -0.672 -3.000,
            4.433 -0.524 -3.000,
            2.968 -1.989 -3.000,
            5.141 -11.394 -3.000,
            3.398 -1.556 -3.000,
            3.777 -1.213 -3.000,
            3.796 -1.236 -3.000,
            3.816 -1.258 -3.000,
            4.289 -0.653 -3.000,
            2.947 -1.990 -3.000,
            4.418 -0.512 -3.000,
            4.279 -0.647 -3.000,
            4.392 -0.787 -3.000,
            4.396 -0.803 -3.000,
            3.889 -1.035 -3.000,
            4.269 -0.641 -3.000,
            2.919 -1.991 -3.000,
            4.567 -11.636 -3.000,
            4.401 -0.501 -3.000,
            2.895 -1.990 -3.000,
            4.385 -0.492 -3.000,
            4.245 -0.630 -3.000,
            4.257 -0.636 -3.000,
            4.399 -0.816 -3.000,
            4.401 -0.827 -3.000,
            2.871 -1.989 -3.000,
            3.981 -11.849 -3.000,
            4.368 -0.483 -3.000,
            4.227 -0.624 -3.000,
            4.403 -0.841 -3.000,
            3.075 -1.770 -3.000,
            3.113 -1.738 -3.000,
            3.100 -1.751 -3.000,
            3.087 -1.761 -3.000,
            3.063 -1.777 -3.000,
            3.126 -1.724 -3.000,
            3.150 -1.690 -3.000,
            3.144 -1.700 -3.000,
            3.137 -1.709 -3.000,
            2.850 -1.987 -3.000,
            3.386 -12.033 -3.000,
            4.209 -0.619 -3.000,
            4.348 -0.474 -3.000,
            3.014 -1.799 -3.000,
            3.052 -1.783 -3.000,
            3.042 -1.788 -3.000,
            3.032 -1.792 -3.000,
            4.195 -0.615 -3.000,
            4.404 -0.856 -3.000,
            5.206 0.400 -3.000,
            5.975 -0.430 -3.000,
            5.145 -0.430 -3.000,
            2.995 -1.804 -3.000,
            3.156 -1.680 -3.000,
            4.183 -0.613 -3.000,
            2.982 -1.807 -3.000,
            2.972 -1.809 -3.000,
            4.163 -0.610 -3.000,
            2.959 -1.810 -3.000,
            3.164 -1.663 -3.000,
            2.945 -1.812 -3.000,
            3.176 -1.634 -3.000,
            3.169 -1.651 -3.000,
            4.144 -0.609 -3.000,
            3.879 -1.018 -3.000,
            2.918 -1.813 -3.000,
            3.183 -1.613 -3.000,
            4.114 -0.608 -3.000,
            3.870 -1.000 -3.000,
            4.094 -0.608 -3.000,
            3.861 -0.981 -3.000,
            2.888 -1.812 -3.000,
            3.189 -1.593 -3.000,
            4.074 -0.610 -3.000,
            3.853 -0.963 -3.000,
            4.055 -0.612 -3.000,
            3.847 -0.946 -3.000,
            4.036 -0.615 -3.000,
            3.843 -0.932 -3.000,
            3.839 -0.914 -3.000,
            3.837 -0.810 -3.000,
            3.834 -0.836 -3.000,
            3.835 -0.822 -3.000,
            4.017 -0.620 -3.000,
            3.847 -0.773 -3.000,
            3.840 -0.795 -3.000,
            3.843 -0.783 -3.000,
            3.378 -1.240 -3.000,
            3.649 -0.970 -3.000,
            3.657 -0.997 -3.000,
            3.664 -1.021 -3.000,
            3.673 -1.043 -3.000,
            3.682 -1.065 -3.000,
            3.694 -1.089 -3.000,
            3.708 -1.114 -3.000,
            3.724 -1.140 -3.000,
            3.741 -1.165 -3.000,
            3.759 -1.189 -3.000,
            3.201 -1.536 -3.000,
            3.851 -0.762 -3.000,
            3.978 -0.635 -3.000,
            3.989 -0.630 -3.000,
            3.998 -0.626 -3.000,
            3.967 -0.640 -3.000,
            3.950 -0.650 -3.000,
            3.835 -0.895 -3.000,
            3.833 -0.876 -3.000,
            3.869 -0.729 -3.000,
            3.857 -0.750 -3.000,
            3.863 -0.738 -3.000,
            3.876 -0.719 -3.000,
            3.883 -0.710 -3.000,
            3.644 -0.948 -3.000,
            3.923 -0.669 -3.000,
            3.937 -0.658 -3.000,
            3.890 -0.701 -3.000,
            3.909 -0.681 -3.000,
            3.833 -0.857 -3.000,
            3.897 -0.694 -3.000,
            4.988 0.400 -3.000,
            3.641 -0.928 -3.000,
            2.748 -1.766 -3.000,
            2.794 -1.790 -3.000,
            2.781 -1.785 -3.000,
            2.769 -1.778 -3.000,
            2.758 -1.772 -3.000,
            2.733 -1.755 -3.000,
            3.181 -1.260 -3.000,
            2.703 -1.729 -3.000,
            2.722 -1.746 -3.000,
            2.712 -1.737 -3.000,
            2.695 -1.719 -3.000,
            2.812 -1.797 -3.000,
            3.166 -1.239 -3.000,
            2.682 -1.704 -3.000,
            2.849 -1.806 -3.000,
            2.831 -1.802 -3.000,
            3.150 -1.219 -3.000,
            3.158 -1.229 -3.000,
            2.671 -1.688 -3.000,
            3.143 -1.212 -3.000,
            3.134 -1.203 -3.000,
            2.661 -1.673 -3.000,
            2.869 -1.810 -3.000,
            2.652 -1.656 -3.000,
            2.643 -1.639 -3.000,
            2.636 -1.621 -3.000,
            3.194 -1.572 -3.000,
            2.629 -1.603 -3.000,
            2.624 -1.586 -3.000,
            2.620 -1.567 -3.000,
            3.026 -1.137 -3.000,
            3.042 -1.143 -3.000,
            3.056 -1.149 -3.000,
            3.069 -1.155 -3.000,
            2.615 -1.544 -3.000,
            3.009 -1.132 -3.000,
            3.080 -1.162 -3.000,
            3.090 -1.168 -3.000,
            2.612 -1.523 -3.000,
            2.989 -1.128 -3.000,
            3.106 -1.179 -3.000,
            2.610 -1.502 -3.000,
            2.609 -1.491 -3.000,
            2.970 -1.125 -3.000,
            3.120 -1.191 -3.000,
            2.608 -1.478 -3.000,
            2.952 -1.123 -3.000,
            2.608 -1.454 -3.000,
            2.917 -1.121 -3.000,
            2.609 -1.415 -3.000,
            2.892 -1.122 -3.000,
            2.611 -1.394 -3.000,
            2.614 -1.373 -3.000,
            2.618 -1.352 -3.000,
            2.868 -1.124 -3.000,
            2.880 -1.123 -3.000,
            2.623 -1.331 -3.000,
            2.850 -1.126 -3.000,
            2.629 -1.312 -3.000,
            2.830 -1.130 -3.000,
            5.700 1.763 -3.000,
            7.404 -0.445 -3.000,
            7.381 -0.438 -3.000,
            7.358 -0.432 -3.000,
            7.334 -0.426 -3.000,
            7.311 -0.422 -3.000,
            7.287 -0.418 -3.000,
            7.263 -0.415 -3.000,
            7.240 -0.413 -3.000,
            7.206 -0.411 -3.000,
            7.173 -0.410 -3.000,
            7.118 -0.412 -3.000,
            7.091 -0.414 -3.000,
            7.059 -0.418 -3.000,
            7.028 -0.424 -3.000,
            2.635 -1.294 -3.000,
            2.643 -1.276 -3.000,
            2.811 -1.134 -3.000,
            2.656 -1.252 -3.000,
            2.650 -1.263 -3.000,
            2.746 -1.161 -3.000,
            2.759 -1.154 -3.000,
            2.771 -1.148 -3.000,
            2.783 -1.144 -3.000,
            2.793 -1.140 -3.000,
            2.663 -1.241 -3.000,
            2.674 -1.225 -3.000,
            2.732 -1.170 -3.000,
            2.682 -1.216 -3.000,
            2.718 -1.180 -3.000,
            2.689 -1.207 -3.000,
            2.696 -1.200 -3.000,
            2.703 -1.193 -3.000,
            2.292 -1.595 -3.000,
            2.412 -1.494 -3.000,
            2.415 -1.521 -3.000,
            2.419 -1.549 -3.000,
            2.424 -1.578 -3.000,
            2.431 -1.606 -3.000,
            2.438 -1.632 -3.000,
            2.446 -1.654 -3.000,
            2.454 -1.677 -3.000,
            2.464 -1.698 -3.000,
            2.474 -1.720 -3.000,
            2.486 -1.741 -3.000,
            2.497 -1.759 -3.000,
            2.508 -1.776 -3.000,
            4.257 0.400 -3.000,
            4.327 -0.466 -3.000,
            4.306 -0.458 -3.000,
            4.284 -0.452 -3.000,
            4.264 -0.446 -3.000,
            4.236 -0.441 -3.000,
            4.205 -0.436 -3.000,
            4.173 -0.432 -3.000,
            4.141 -0.431 -3.000,
            5.700 1.941 -3.000,
            7.471 -0.470 -3.000,
            7.449 -0.460 -3.000,
            7.427 -0.452 -3.000,
            3.059 -0.647 -3.000,
            3.137 -1.046 -3.000,
            3.105 -1.022 -3.000,
            3.088 -1.011 -3.000,
            3.069 -1.000 -3.000,
            3.049 -0.989 -3.000,
            3.028 -0.979 -3.000,
            3.010 -0.972 -3.000,
            2.991 -0.965 -3.000,
            2.972 -0.959 -3.000,
            2.955 -0.954 -3.000,
            2.934 -0.950 -3.000,
            2.916 -0.947 -3.000,
            2.902 -0.945 -3.000,
            2.889 -0.944 -3.000,
            2.863 -0.943 -3.000,
            2.838 -0.944 -3.000,
            2.821 -0.945 -3.000,
            2.802 -0.947 -3.000,
            2.292 -1.398 -3.000,
            2.418 -1.338 -3.000,
            2.415 -1.361 -3.000,
            2.412 -1.389 -3.000,
            2.411 -1.416 -3.000,
            2.410 -1.442 -3.000,
            2.411 -1.472 -3.000,
            2.437 -1.260 -3.000,
            2.430 -1.285 -3.000,
            2.423 -1.314 -3.000,
            2.444 -1.241 -3.000,
            2.452 -1.221 -3.000,
            3.220 -0.450 -3.000,
            3.835 -0.497 -3.000,
            3.818 -0.508 -3.000,
            3.803 -0.518 -3.000,
            3.788 -0.530 -3.000,
            3.773 -0.542 -3.000,
            3.757 -0.558 -3.000,
            3.742 -0.573 -3.000,
            3.729 -0.588 -3.000,
            3.716 -0.604 -3.000,
            3.706 -0.619 -3.000,
            3.695 -0.635 -3.000,
            3.685 -0.653 -3.000,
            3.676 -0.670 -3.000,
            3.667 -0.688 -3.000,
            3.660 -0.706 -3.000,
            3.654 -0.723 -3.000,
            3.649 -0.742 -3.000,
            3.644 -0.765 -3.000,
            2.462 -1.198 -3.000,
            4.040 0.400 -3.000,
            3.910 -0.461 -3.000,
            3.892 -0.469 -3.000,
            3.873 -0.477 -3.000,
            4.109 -0.430 -3.000,
            4.061 -0.431 -3.000,
            4.037 -0.433 -3.000,
            4.008 -0.437 -3.000,
            3.981 -0.442 -3.000,
            3.955 -0.448 -3.000,
            3.931 -0.454 -3.000,
            1.620 -1.971 -3.000,
            2.631 -1.904 -3.000,
            2.648 -1.916 -3.000,
            2.666 -1.927 -3.000,
            2.685 -1.937 -3.000,
            2.703 -1.946 -3.000,
            2.723 -1.955 -3.000,
            2.741 -1.962 -3.000,
            2.758 -1.968 -3.000,
            2.778 -1.973 -3.000,
            2.805 -1.979 -3.000,
            2.827 -1.984 -3.000,
            2.518 -1.790 -3.000,
            2.528 -1.803 -3.000,
            2.782 -12.187 -3.000,
            2.552 -1.832 -3.000,
            2.567 -1.849 -3.000,
            2.582 -1.864 -3.000,
            2.597 -1.878 -3.000,
            2.614 -1.891 -3.000,
            5.206 1.763 -3.000,
            1.422 -1.971 -3.000,
            2.171 -12.310 -3.000,
            1.554 -12.403 -3.000,
            0.934 -12.465 -3.000,
            1.620 -1.595 -3.000,
            2.489 -0.647 -3.000,
            2.784 -0.950 -3.000,
            2.764 -0.954 -3.000,
            2.744 -0.958 -3.000,
            2.724 -0.964 -3.000,
            2.704 -0.971 -3.000,
            2.687 -0.978 -3.000,
            2.669 -0.987 -3.000,
            2.652 -0.996 -3.000,
            2.634 -1.006 -3.000,
            2.616 -1.018 -3.000,
            2.599 -1.030 -3.000,
            2.582 -1.044 -3.000,
            2.565 -1.060 -3.000,
            2.549 -1.075 -3.000,
            2.534 -1.091 -3.000,
            2.518 -1.110 -3.000,
            2.505 -1.126 -3.000,
            2.492 -1.145 -3.000,
            2.482 -1.160 -3.000,
            2.472 -1.178 -3.000,
            3.289 0.400 -3.000,
            3.854 -0.486 -3.000,
            1.225 -1.595 -3.000,
            1.422 -1.595 -3.000,
            3.072 0.400 -3.000,
            2.489 -0.450 -3.000,
            1.067 -1.516 -3.000,
            1.225 -1.398 -3.000,
            1.067 -1.339 -3.000,
            4.257 1.941 -3.000,
            4.495 1.941 -3.000,
            4.495 1.763 -3.000,
            3.289 1.131 -3.000,
            4.040 1.131 -3.000,
            1.561 -0.450 -3.000,
            0.494 -1.516 -3.000,
            0.128 -1.882 -3.000,
            0.141 -1.870 -3.000,
            0.152 -1.858 -3.000,
            0.166 -1.842 -3.000,
            0.114 -1.895 -3.000,
            0.097 -1.907 -3.000,
            0.080 -1.919 -3.000,
            0.194 -1.801 -3.000,
            0.063 -1.930 -3.000,
            2.587 0.594 -3.000,
            2.566 0.573 -3.000,
            2.544 0.553 -3.000,
            2.607 0.617 -3.000,
            0.205 -1.783 -3.000,
            2.627 0.640 -3.000,
            2.521 0.533 -3.000,
            0.046 -1.940 -3.000,
            2.643 0.661 -3.000,
            2.497 0.515 -3.000,
            3.289 1.309 -3.000,
            4.040 1.941 -3.000,
            4.040 1.309 -3.000,
            0.215 -1.763 -3.000,
            0.029 -1.949 -3.000,
            2.657 0.681 -3.000,
            2.472 0.498 -3.000,
            2.671 0.701 -3.000,
            0.011 -1.956 -3.000,
            0.227 -1.738 -3.000,
            2.447 0.482 -3.000,
            2.683 0.722 -3.000,
            -0.006 -1.963 -3.000,
            2.420 0.467 -3.000,
            2.695 0.744 -3.000,
            0.238 -1.712 -3.000,
            -0.026 -1.969 -3.000,
            2.706 0.765 -3.000,
            2.394 0.453 -3.000,
            0.248 -1.687 -3.000,
            -0.048 -1.975 -3.000,
            2.366 0.441 -3.000,
            2.720 0.795 -3.000,
            0.257 -1.660 -3.000,
            -0.068 -1.980 -3.000,
            2.339 0.429 -3.000,
            2.734 0.828 -3.000,
            0.265 -1.637 -3.000,
            -0.090 -1.984 -3.000,
            2.310 0.419 -3.000,
            2.747 0.863 -3.000,
            0.272 -1.610 -3.000,
            -0.113 -1.987 -3.000,
            0.312 -12.496 -3.000,
            1.422 -0.450 -3.000,
            1.422 -1.398 -3.000,
            2.282 0.410 -3.000,
            2.758 0.897 -3.000,
            0.280 -1.579 -3.000,
            -0.135 -1.989 -3.000,
            2.253 0.402 -3.000,
            0.289 -1.538 -3.000,
            2.220 0.395 -3.000,
            -0.178 -1.991 -3.000,
            -0.312 -12.496 -3.000,
            2.183 0.389 -3.000,
            0.297 -1.491 -3.000,
            -0.209 -1.990 -3.000,
            -0.934 -12.465 -3.000,
            -0.225 -1.989 -3.000,
            2.146 0.384 -3.000,
            0.303 -1.444 -3.000,
            -0.240 -1.987 -3.000,
            -1.554 -12.403 -3.000,
            2.114 0.382 -3.000,
            0.308 -1.397 -3.000,
            0.494 -1.339 -3.000,
            2.065 0.380 -3.000,
            0.312 -1.350 -3.000,
            2.041 0.381 -3.000,
            2.018 0.382 -3.000,
            1.992 0.383 -3.000,
            0.315 -1.280 -3.000,
            1.965 0.386 -3.000,
            1.939 0.390 -3.000,
            0.316 -1.211 -3.000,
            1.912 0.395 -3.000,
            1.886 0.400 -3.000,
            1.860 0.407 -3.000,
            1.835 0.414 -3.000,
            0.313 -1.094 -3.000,
            1.809 0.423 -3.000,
            1.784 0.432 -3.000,
            3.289 1.941 -3.000,
            0.308 -1.018 -3.000,
            1.759 0.442 -3.000,
            1.735 0.453 -3.000,
            1.711 0.465 -3.000,
            0.298 -0.932 -3.000,
            1.687 0.478 -3.000,
            0.290 -0.889 -3.000,
            1.664 0.491 -3.000,
            3.072 1.941 -3.000,
            2.745 1.487 -3.000,
            2.736 1.512 -3.000,
            2.727 1.534 -3.000,
            2.718 1.556 -3.000,
            2.708 1.578 -3.000,
            0.278 -0.831 -3.000,
            2.697 1.599 -3.000,
            2.686 1.619 -3.000,
            0.268 -0.794 -3.000,
            2.673 1.640 -3.000,
            0.256 -0.756 -3.000,
            2.660 1.659 -3.000,
            2.647 1.679 -3.000,
            0.244 -0.722 -3.000,
            2.632 1.698 -3.000,
            0.233 -0.696 -3.000,
            2.617 1.716 -3.000,
            0.221 -0.672 -3.000,
            2.602 1.734 -3.000,
            0.209 -0.649 -3.000,
            -1.004 -1.860 -3.000,
            -0.509 -1.853 -3.000,
            -0.496 -1.866 -3.000,
            -0.482 -1.880 -3.000,
            -1.019 -1.874 -3.000,
            -0.989 -1.844 -3.000,
            -0.522 -1.837 -3.000,
            -1.033 -1.887 -3.000,
            -0.468 -1.893 -3.000,
            -0.975 -1.829 -3.000,
            -0.534 -1.820 -3.000,
            -1.049 -1.899 -3.000,
            -0.452 -1.906 -3.000,
            -0.963 -1.813 -3.000,
            -0.546 -1.803 -3.000,
            -1.066 -1.911 -3.000,
            -0.436 -1.918 -3.000,
            -0.421 -1.928 -3.000,
            -0.951 -1.796 -3.000,
            -0.557 -1.786 -3.000,
            -0.939 -1.778 -3.000,
            -0.567 -1.768 -3.000,
            -1.085 -1.924 -3.000,
            -0.405 -1.938 -3.000,
            2.586 1.751 -3.000,
            -0.928 -1.760 -3.000,
            -0.578 -1.748 -3.000,
            -1.106 -1.935 -3.000,
            0.196 -0.627 -3.000,
            -0.918 -1.740 -3.000,
            -0.590 -1.721 -3.000,
            -1.123 -1.944 -3.000,
            -0.387 -1.947 -3.000,
            -0.909 -1.721 -3.000,
            -1.141 -1.952 -3.000,
            -0.369 -1.955 -3.000,
            -0.349 -1.963 -3.000,
            2.569 1.768 -3.000,
            -0.901 -1.700 -3.000,
            -0.604 -1.687 -3.000,
            -1.162 -1.960 -3.000,
            -0.895 -1.681 -3.000,
            -0.616 -1.652 -3.000,
            -1.182 -1.967 -3.000,
            -0.330 -1.969 -3.000,
            -0.889 -1.662 -3.000,
            -1.204 -1.973 -3.000,
            -0.312 -1.974 -3.000,
            2.552 1.784 -3.000,
            -0.884 -1.642 -3.000,
            -0.627 -1.617 -3.000,
            -1.225 -1.978 -3.000,
            -0.288 -1.980 -3.000,
            -0.879 -1.622 -3.000,
            2.534 1.800 -3.000,
            -1.249 -1.983 -3.000,
            -0.263 -1.984 -3.000,
            -0.875 -1.602 -3.000,
            -0.637 -1.578 -3.000,
            -1.276 -1.987 -3.000,
            -0.872 -1.579 -3.000,
            2.515 1.815 -3.000,
            -1.300 -1.989 -3.000,
            -0.869 -1.556 -3.000,
            -0.662 -1.421 -3.000,
            -0.656 -1.472 -3.000,
            -0.645 -1.536 -3.000,
            -1.320 -1.990 -3.000,
            -2.171 -12.310 -3.000,
            2.497 1.829 -3.000,
            1.057 0.400 -3.000,
            1.428 0.751 -3.000,
            1.444 0.722 -3.000,
            1.461 0.693 -3.000,
            1.479 0.666 -3.000,
            1.499 0.639 -3.000,
            1.520 0.614 -3.000,
            1.540 0.592 -3.000,
            1.559 0.573 -3.000,
            1.578 0.555 -3.000,
            1.599 0.538 -3.000,
            1.620 0.521 -3.000,
            1.642 0.506 -3.000,
            -1.348 -1.991 -3.000,
            -2.782 -12.187 -3.000,
            2.477 1.843 -3.000,
            1.414 0.780 -3.000,
            -1.372 -1.990 -3.000,
            2.457 1.856 -3.000,
            -1.397 -1.989 -3.000,
            -3.386 -12.033 -3.000,
            1.400 0.811 -3.000,
            -1.192 -1.770 -3.000,
            -1.155 -1.738 -3.000,
            -1.167 -1.751 -3.000,
            -1.180 -1.761 -3.000,
            -1.204 -1.777 -3.000,
            -1.142 -1.724 -3.000,
            -1.118 -1.690 -3.000,
            -1.124 -1.700 -3.000,
            -1.130 -1.709 -3.000,
            -1.417 -1.987 -3.000,
            2.437 1.868 -3.000,
            1.388 0.841 -3.000,
            -1.253 -1.799 -3.000,
            -1.215 -1.783 -3.000,
            -1.225 -1.788 -3.000,
            -1.235 -1.792 -3.000,
            2.416 1.879 -3.000,
            -1.272 -1.804 -3.000,
            -1.112 -1.680 -3.000,
            -1.285 -1.807 -3.000,
            -1.296 -1.809 -3.000,
            2.395 1.890 -3.000,
            1.378 0.873 -3.000,
            -1.309 -1.810 -3.000,
            -1.103 -1.663 -3.000,
            -1.322 -1.812 -3.000,
            -1.091 -1.634 -3.000,
            -1.098 -1.651 -3.000,
            2.374 1.900 -3.000,
            -1.349 -1.813 -3.000,
            -1.084 -1.613 -3.000,
            2.352 1.909 -3.000,
            0.840 0.400 -3.000,
            0.184 -0.609 -3.000,
            0.169 -0.588 -3.000,
            0.156 -0.571 -3.000,
            0.143 -0.556 -3.000,
            0.128 -0.542 -3.000,
            0.113 -0.528 -3.000,
            0.098 -0.516 -3.000,
            0.082 -0.504 -3.000,
            -1.379 -1.812 -3.000,
            -1.078 -1.593 -3.000,
            2.330 1.917 -3.000,
            2.308 1.925 -3.000,
            2.285 1.932 -3.000,
            -0.889 -1.240 -3.000,
            -1.067 -1.536 -3.000,
            -0.667 -1.053 -3.000,
            -0.670 -1.109 -3.000,
            -0.671 -1.160 -3.000,
            -0.672 -1.211 -3.000,
            -0.669 -1.327 -3.000,
            -0.662 -0.995 -3.000,
            2.263 1.938 -3.000,
            2.240 1.943 -3.000,
            2.217 1.947 -3.000,
            -1.520 -1.766 -3.000,
            -1.473 -1.790 -3.000,
            -1.486 -1.785 -3.000,
            -1.499 -1.778 -3.000,
            -1.510 -1.772 -3.000,
            2.193 1.951 -3.000,
            -1.535 -1.755 -3.000,
            2.170 1.955 -3.000,
            -1.087 -1.260 -3.000,
            -1.564 -1.729 -3.000,
            -1.546 -1.746 -3.000,
            -1.556 -1.737 -3.000,
            -1.573 -1.719 -3.000,
            -1.455 -1.797 -3.000,
            -1.101 -1.239 -3.000,
            -1.585 -1.704 -3.000,
            -1.418 -1.806 -3.000,
            -1.436 -1.802 -3.000,
            -1.117 -1.219 -3.000,
            -1.109 -1.229 -3.000,
            -1.597 -1.688 -3.000,
            -1.124 -1.212 -3.000,
            -1.133 -1.203 -3.000,
            -1.607 -1.673 -3.000,
            -1.399 -1.810 -3.000,
            -1.616 -1.656 -3.000,
            -1.624 -1.639 -3.000,
            -1.631 -1.621 -3.000,
            -1.074 -1.572 -3.000,
            -1.638 -1.603 -3.000,
            -1.643 -1.586 -3.000,
            -1.648 -1.567 -3.000,
            -1.241 -1.137 -3.000,
            -1.225 -1.143 -3.000,
            -1.211 -1.149 -3.000,
            -1.199 -1.155 -3.000,
            -1.652 -1.544 -3.000,
            -1.258 -1.132 -3.000,
            -1.187 -1.162 -3.000,
            -1.177 -1.168 -3.000,
            -1.655 -1.523 -3.000,
            -1.278 -1.128 -3.000,
            -1.162 -1.179 -3.000,
            -1.658 -1.502 -3.000,
            -1.658 -1.491 -3.000,
            -1.297 -1.125 -3.000,
            -1.147 -1.191 -3.000,
            -1.659 -1.478 -3.000,
            -1.316 -1.123 -3.000,
            -1.660 -1.454 -3.000,
            -1.350 -1.121 -3.000,
            -1.658 -1.415 -3.000,
            -1.375 -1.122 -3.000,
            -1.656 -1.394 -3.000,
            -1.653 -1.373 -3.000,
            -1.649 -1.352 -3.000,
            -1.400 -1.124 -3.000,
            -1.388 -1.123 -3.000,
            -1.644 -1.331 -3.000,
            -1.418 -1.126 -3.000,
            -1.639 -1.312 -3.000,
            -1.437 -1.130 -3.000,
            -1.632 -1.294 -3.000,
            -1.624 -1.276 -3.000,
            -1.456 -1.134 -3.000,
            -1.611 -1.252 -3.000,
            -1.618 -1.263 -3.000,
            -1.522 -1.161 -3.000,
            -1.509 -1.154 -3.000,
            -1.496 -1.148 -3.000,
            -1.485 -1.144 -3.000,
            -1.474 -1.140 -3.000,
            -2.243 -1.882 -3.000,
            -2.230 -1.870 -3.000,
            -1.686 -1.864 -3.000,
            -1.670 -1.878 -3.000,
            -2.219 -1.858 -3.000,
            -1.700 -1.849 -3.000,
            -2.204 -1.842 -3.000,
            -1.739 -1.803 -3.000,
            -1.715 -1.832 -3.000,
            -2.257 -1.895 -3.000,
            -1.654 -1.891 -3.000,
            -1.604 -1.241 -3.000,
            -2.274 -1.907 -3.000,
            -1.637 -1.904 -3.000,
            -1.593 -1.225 -3.000,
            -1.535 -1.170 -3.000,
            -1.586 -1.216 -3.000,
            -1.550 -1.180 -3.000,
            -2.291 -1.919 -3.000,
            -1.619 -1.916 -3.000,
            -1.579 -1.207 -3.000,
            -1.572 -1.200 -3.000,
            -1.564 -1.193 -3.000,
            -2.177 -1.801 -3.000,
            -1.759 -1.776 -3.000,
            -1.749 -1.790 -3.000,
            -2.308 -1.930 -3.000,
            -1.601 -1.927 -3.000,
            -2.166 -1.783 -3.000,
            -1.771 -1.759 -3.000,
            -2.324 -1.940 -3.000,
            -1.583 -1.937 -3.000,
            -2.156 -1.763 -3.000,
            -1.782 -1.741 -3.000,
            -2.342 -1.949 -3.000,
            -1.564 -1.946 -3.000,
            -1.545 -1.955 -3.000,
            -2.360 -1.956 -3.000,
            -1.527 -1.962 -3.000,
            -0.006 0.400 -3.000,
            0.067 -0.494 -3.000,
            0.050 -0.484 -3.000,
            0.031 -0.474 -3.000,
            0.015 -0.466 -3.000,
            -0.000 -0.460 -3.000,
            -0.017 -0.454 -3.000,
            -0.037 -0.448 -3.000,
            -0.061 -0.442 -3.000,
            -0.083 -0.437 -3.000,
            -0.106 -0.434 -3.000,
            -0.129 -0.432 -3.000,
            -0.153 -0.430 -3.000,
            -2.144 -1.738 -3.000,
            -1.793 -1.720 -3.000,
            -2.377 -1.963 -3.000,
            -1.509 -1.968 -3.000,
            -2.133 -1.712 -3.000,
            -1.803 -1.698 -3.000,
            -2.396 -1.969 -3.000,
            -1.490 -1.973 -3.000,
            -2.123 -1.687 -3.000,
            -1.813 -1.677 -3.000,
            -2.419 -1.975 -3.000,
            -1.463 -1.979 -3.000,
            -2.113 -1.660 -3.000,
            -1.822 -1.654 -3.000,
            -2.439 -1.980 -3.000,
            -1.440 -1.984 -3.000,
            -2.106 -1.637 -3.000,
            -1.829 -1.632 -3.000,
            0.617 1.091 -3.000,
            0.840 1.091 -3.000,
            -2.461 -1.984 -3.000,
            -2.099 -1.610 -3.000,
            -1.837 -1.606 -3.000,
            -2.484 -1.987 -3.000,
            -2.091 -1.579 -3.000,
            -1.849 -1.549 -3.000,
            -1.843 -1.578 -3.000,
            -2.506 -1.989 -3.000,
            -3.981 -11.849 -3.000,
            0.186 0.725 -3.000,
            -2.082 -1.538 -3.000,
            -1.853 -1.521 -3.000,
            -2.549 -1.991 -3.000,
            -4.567 -11.636 -3.000,
            -1.209 -0.647 -3.000,
            -1.130 -1.046 -3.000,
            -1.163 -1.022 -3.000,
            -1.180 -1.011 -3.000,
            -1.199 -1.000 -3.000,
            -1.219 -0.989 -3.000,
            -1.239 -0.979 -3.000,
            -1.258 -0.972 -3.000,
            -1.277 -0.965 -3.000,
            -1.295 -0.959 -3.000,
            -1.313 -0.954 -3.000,
            -1.333 -0.950 -3.000,
            -1.352 -0.947 -3.000,
            -1.365 -0.945 -3.000,
            -1.378 -0.944 -3.000,
            -1.405 -0.943 -3.000,
            -1.429 -0.944 -3.000,
            -1.447 -0.945 -3.000,
            -1.465 -0.947 -3.000,
            -2.074 -1.491 -3.000,
            -1.856 -1.472 -3.000,
            -1.855 -1.494 -3.000,
            -2.580 -1.990 -3.000,
            0.274 0.866 -3.000,
            0.483 1.075 -3.000,
            0.510 1.084 -3.000,
            0.529 1.087 -3.000,
            0.548 1.089 -3.000,
            -1.047 -0.450 -3.000,
            -0.438 -0.504 -3.000,
            -0.454 -0.515 -3.000,
            -0.469 -0.527 -3.000,
            -0.483 -0.540 -3.000,
            -0.497 -0.553 -3.000,
            -0.510 -0.567 -3.000,
            -0.522 -0.582 -3.000,
            -0.533 -0.597 -3.000,
            -0.544 -0.614 -3.000,
            -0.556 -0.636 -3.000,
            -0.570 -0.661 -3.000,
            -0.584 -0.692 -3.000,
            -0.600 -0.730 -3.000,
            -0.616 -0.775 -3.000,
            -0.630 -0.820 -3.000,
            -2.595 -1.989 -3.000,
            -5.141 -11.394 -3.000,
            0.446 1.059 -3.000,
            0.457 1.064 -3.000,
            0.469 1.070 -3.000,
            0.320 0.934 -3.000,
            0.435 1.052 -3.000,
            0.421 1.043 -3.000,
            0.347 0.970 -3.000,
            0.582 1.091 -3.000,
            -2.068 -1.444 -3.000,
            -1.857 -1.442 -3.000,
            -2.611 -1.987 -3.000,
            0.405 1.031 -3.000,
            0.362 0.988 -3.000,
            0.397 1.024 -3.000,
            0.376 1.003 -3.000,
            0.388 1.016 -3.000,
            -2.634 -1.984 -3.000,
            -5.703 -11.123 -3.000,
            -0.255 0.400 -3.000,
            -0.178 -0.430 -3.000,
            -0.221 -0.432 -3.000,
            -0.243 -0.433 -3.000,
            -0.264 -0.436 -3.000,
            -0.286 -0.440 -3.000,
            -2.063 -1.397 -3.000,
            -1.855 -1.389 -3.000,
            -1.856 -1.416 -3.000,
            -2.059 -1.350 -3.000,
            -1.849 -1.338 -3.000,
            -1.852 -1.361 -3.000,
            -2.056 -1.280 -3.000,
            -1.838 -1.285 -3.000,
            -1.844 -1.314 -3.000,
            -2.055 -1.211 -3.000,
            -1.805 -1.198 -3.000,
            -1.816 -1.221 -3.000,
            -1.824 -1.241 -3.000,
            -1.830 -1.260 -3.000,
            0.246 1.117 -3.000,
            0.280 1.111 -3.000,
            0.238 1.089 -3.000,
            1.057 1.941 -3.000,
            1.980 1.957 -3.000,
            1.946 1.953 -3.000,
            1.916 1.948 -3.000,
            1.886 1.941 -3.000,
            1.856 1.934 -3.000,
            1.827 1.925 -3.000,
            1.798 1.915 -3.000,
            1.769 1.904 -3.000,
            1.742 1.891 -3.000,
            1.714 1.877 -3.000,
            1.687 1.863 -3.000,
            1.661 1.847 -3.000,
            1.636 1.829 -3.000,
            1.611 1.811 -3.000,
            1.588 1.792 -3.000,
            1.565 1.771 -3.000,
            1.543 1.750 -3.000,
            1.526 1.732 -3.000,
            1.511 1.714 -3.000,
            1.497 1.696 -3.000,
            1.483 1.678 -3.000,
            1.470 1.659 -3.000,
            1.457 1.640 -3.000,
            1.445 1.620 -3.000,
            1.434 1.600 -3.000,
            1.424 1.579 -3.000,
            1.414 1.559 -3.000,
            1.404 1.538 -3.000,
            1.396 1.516 -3.000,
            1.388 1.495 -3.000,
            1.378 1.466 -3.000,
            1.368 1.433 -3.000,
            1.359 1.399 -3.000,
            -0.484 0.400 -3.000,
            -0.307 -0.445 -3.000,
            -0.327 -0.451 -3.000,
            -0.348 -0.458 -3.000,
            -0.369 -0.466 -3.000,
            -0.387 -0.475 -3.000,
            -0.405 -0.484 -3.000,
            -0.421 -0.493 -3.000,
            -0.002 0.825 -3.000,
            0.212 1.124 -3.000,
            0.218 1.077 -3.000,
            0.201 1.067 -3.000,
            0.187 1.130 -3.000,
            0.191 1.060 -3.000,
            -2.057 -1.094 -3.000,
            -1.775 -1.145 -3.000,
            -1.785 -1.160 -3.000,
            -1.795 -1.178 -3.000,
            0.159 1.138 -3.000,
            0.180 1.052 -3.000,
            0.161 1.035 -3.000,
            0.137 1.146 -3.000,
            0.115 1.155 -3.000,
            0.136 1.011 -3.000,
            -2.063 -1.018 -3.000,
            -1.733 -1.091 -3.000,
            -1.749 -1.110 -3.000,
            -1.762 -1.126 -3.000,
            0.087 1.167 -3.000,
            0.119 0.993 -3.000,
            0.105 0.978 -3.000,
            0.067 1.178 -3.000,
            -1.778 -0.647 -3.000,
            -1.483 -0.950 -3.000,
            -1.503 -0.954 -3.000,
            -1.523 -0.958 -3.000,
            -1.543 -0.964 -3.000,
            -1.563 -0.971 -3.000,
            -1.581 -0.978 -3.000,
            -1.598 -0.987 -3.000,
            -1.616 -0.996 -3.000,
            -1.634 -1.006 -3.000,
            -1.651 -1.018 -3.000,
            -1.668 -1.030 -3.000,
            -1.685 -1.044 -3.000,
            0.051 1.187 -3.000,
            0.082 0.950 -3.000,
            -2.073 -0.932 -3.000,
            -1.703 -1.060 -3.000,
            -1.718 -1.075 -3.000,
            0.035 1.198 -3.000,
            0.062 0.924 -3.000,
            0.019 1.209 -3.000,
            -2.080 -0.889 -3.000,
            0.005 1.220 -3.000,
            0.043 0.897 -3.000,
            -0.005 1.229 -3.000,
            0.020 0.861 -3.000,
            -0.018 1.242 -3.000,
            -2.093 -0.831 -3.000,
            -0.032 1.256 -3.000,
            -2.102 -0.794 -3.000,
            -0.044 1.271 -3.000,
            -0.058 1.289 -3.000,
            -2.114 -0.756 -3.000,
            -2.127 -0.722 -3.000,
            -2.138 -0.696 -3.000,
            -2.149 -0.672 -3.000,
            -2.162 -0.649 -3.000,
            -1.778 -0.450 -3.000,
            -2.175 -0.627 -3.000,
            -2.186 -0.609 -3.000,
            -2.202 -0.588 -3.000,
            -2.215 -0.571 -3.000,
            -2.228 -0.556 -3.000,
            -3.201 -1.516 -3.000,
            -2.987 -1.652 -3.000,
            -2.975 -1.687 -3.000,
            -2.961 -1.721 -3.000,
            -2.948 -1.748 -3.000,
            -2.938 -1.768 -3.000,
            -3.033 -1.421 -3.000,
            -3.027 -1.472 -3.000,
            -3.016 -1.536 -3.000,
            -3.007 -1.578 -3.000,
            -2.998 -1.617 -3.000,
            -2.242 -0.542 -3.000,
            -2.258 -0.528 -3.000,
            -2.272 -0.516 -3.000,
            -2.288 -0.504 -3.000,
            -2.304 -0.494 -3.000,
            -1.432 0.400 -3.000,
            -2.320 -0.484 -3.000,
            -1.459 0.400 -3.000,
            -3.201 -1.339 -3.000,
            -3.042 -1.211 -3.000,
            -3.040 -1.327 -3.000,
            -2.339 -0.474 -3.000,
            -3.042 -1.160 -3.000,
            -3.041 -1.109 -3.000,
            -3.037 -1.053 -3.000,
            -1.432 0.578 -3.000,
            -3.991 -1.971 -3.000,
            -2.928 -1.786 -3.000,
            -2.917 -1.803 -3.000,
            -2.905 -1.820 -3.000,
            -2.892 -1.837 -3.000,
            -2.879 -1.853 -3.000,
            -2.867 -1.866 -3.000,
            -2.853 -1.880 -3.000,
            -2.839 -1.893 -3.000,
            -2.823 -1.906 -3.000,
            -2.807 -1.918 -3.000,
            -2.792 -1.928 -3.000,
            -2.775 -1.938 -3.000,
            -2.758 -1.947 -3.000,
            -2.740 -1.955 -3.000,
            -2.719 -1.963 -3.000,
            -2.701 -1.969 -3.000,
            -2.683 -1.974 -3.000,
            -2.659 -1.980 -3.000,
            -6.250 -10.825 -3.000,
            -6.782 -10.500 -3.000,
            -3.033 -0.995 -3.000,
            -1.689 0.400 -3.000,
            -2.356 -0.466 -3.000,
            -2.371 -0.460 -3.000,
            -2.388 -0.454 -3.000,
            -4.208 -1.971 -3.000,
            -3.773 -1.516 -3.000,
            -0.484 1.941 -3.000,
            0.046 1.876 -3.000,
            0.032 1.867 -3.000,
            0.021 1.858 -3.000,
            0.010 1.850 -3.000,
            -0.004 1.837 -3.000,
            -0.018 1.823 -3.000,
            -0.030 1.810 -3.000,
            -0.041 1.795 -3.000,
            -0.053 1.779 -3.000,
            -0.064 1.761 -3.000,
            -0.076 1.741 -3.000,
            -0.085 1.723 -3.000,
            -0.093 1.706 -3.000,
            -0.100 1.688 -3.000,
            -0.107 1.669 -3.000,
            -0.113 1.647 -3.000,
            -0.118 1.624 -3.000,
            -0.122 1.606 -3.000,
            -0.125 1.588 -3.000,
            -0.126 1.573 -3.000,
            -0.127 1.557 -3.000,
            -0.128 1.525 -3.000,
            -0.127 1.490 -3.000,
            0.279 1.937 -3.000,
            0.232 1.933 -3.000,
            0.204 1.929 -3.000,
            0.169 1.922 -3.000,
            0.143 1.916 -3.000,
            0.123 1.910 -3.000,
            0.105 1.905 -3.000,
            0.089 1.898 -3.000,
            0.074 1.892 -3.000,
            0.062 1.885 -3.000,
            -3.773 -1.339 -3.000,
            -3.022 -0.915 -3.000,
            -3.028 -0.955 -3.000,
            -0.701 1.941 -3.000,
            -0.701 0.578 -3.000,
            -4.617 -1.971 -3.000,
            -7.297 -10.149 -3.000,
            -4.844 -1.971 -3.000,
            -7.794 -9.773 -3.000,
            -2.697 0.400 -3.000,
            -2.408 -0.448 -3.000,
            -2.432 -0.442 -3.000,
            -2.454 -0.437 -3.000,
            -2.476 -0.434 -3.000,
            -2.499 -0.432 -3.000,
            -2.524 -0.430 -3.000,
            -2.549 -0.430 -3.000,
            -2.592 -0.432 -3.000,
            -2.614 -0.433 -3.000,
            -2.635 -0.436 -3.000,
            -2.657 -0.440 -3.000,
            -2.678 -0.445 -3.000,
            -2.698 -0.451 -3.000,
            -1.865 0.874 -3.000,
            -5.255 -1.971 -3.000,
            -8.271 -9.372 -3.000,
            -4.807 -1.493 -3.000,
            -4.662 -1.511 -3.000,
            -4.732 -1.737 -3.000,
            -2.927 0.400 -3.000,
            -2.719 -0.458 -3.000,
            -2.739 -0.466 -3.000,
            -2.758 -0.475 -3.000,
            -2.776 -0.484 -3.000,
            -2.521 0.874 -3.000,
            -3.092 0.400 -3.000,
            -2.792 -0.493 -3.000,
            -2.809 -0.504 -3.000,
            -2.825 -0.515 -3.000,
            -2.840 -0.527 -3.000,
            -2.854 -0.540 -3.000,
            -2.868 -0.553 -3.000,
            -2.880 -0.567 -3.000,
            -5.472 -1.971 -3.000,
            -8.728 -8.948 -3.000,
            -3.991 -0.430 -3.000,
            -2.892 -0.582 -3.000,
            -2.903 -0.597 -3.000,
            -2.915 -0.614 -3.000,
            -2.927 -0.636 -3.000,
            -2.940 -0.661 -3.000,
            -2.955 -0.692 -3.000,
            -2.971 -0.730 -3.000,
            -2.987 -0.775 -3.000,
            -3.001 -0.820 -3.000,
            -3.014 -0.872 -3.000,
            -5.898 -1.882 -3.000,
            -5.885 -1.870 -3.000,
            -5.874 -1.858 -3.000,
            -5.859 -1.842 -3.000,
            -5.912 -1.895 -3.000,
            -5.929 -1.907 -3.000,
            -5.945 -1.919 -3.000,
            -5.832 -1.801 -3.000,
            -5.963 -1.930 -3.000,
            -5.821 -1.783 -3.000,
            -5.979 -1.940 -3.000,
            -5.811 -1.763 -3.000,
            -5.997 -1.949 -3.000,
            -6.015 -1.956 -3.000,
            -5.799 -1.738 -3.000,
            -6.032 -1.963 -3.000,
            -3.670 0.400 -3.000,
            -5.788 -1.712 -3.000,
            -6.051 -1.969 -3.000,
            -5.778 -1.687 -3.000,
            -6.073 -1.975 -3.000,
            -5.768 -1.660 -3.000,
            -3.709 0.401 -3.000,
            -6.094 -1.980 -3.000,
            -5.761 -1.637 -3.000,
            -6.116 -1.984 -3.000,
            -5.753 -1.610 -3.000,
            -3.748 0.402 -3.000,
            -6.139 -1.987 -3.000,
            -5.746 -1.579 -3.000,
            -6.160 -1.989 -3.000,
            -5.737 -1.538 -3.000,
            -3.797 0.406 -3.000,
            -6.203 -1.991 -3.000,
            -9.163 -8.502 -3.000,
            -6.235 -1.990 -3.000,
            -3.845 0.411 -3.000,
            -6.250 -1.989 -3.000,
            -9.576 -8.035 -3.000,
            -6.266 -1.987 -3.000,
            -3.877 0.417 -3.000,
            -6.289 -1.984 -3.000,
            -3.907 0.423 -3.000,
            -3.935 0.431 -3.000,
            -3.959 0.438 -3.000,
            -3.981 0.446 -3.000,
            -4.318 -0.430 -3.000,
            -4.003 0.456 -3.000,
            -4.024 0.465 -3.000,
            -4.041 0.474 -3.000,
            -4.057 0.484 -3.000,
            -4.073 0.495 -3.000,
            -5.782 -0.722 -3.000,
            -5.472 -0.430 -3.000,
            -5.769 -0.756 -3.000,
            -5.793 -0.696 -3.000,
            -5.804 -0.672 -3.000,
            -4.590 0.547 -3.000,
            -4.129 0.545 -3.000,
            -4.116 0.531 -3.000,
            -4.606 0.532 -3.000,
            -4.102 0.517 -3.000,
            -4.577 0.560 -3.000,
            -4.141 0.559 -3.000,
            -4.621 0.518 -3.000,
            -4.088 0.506 -3.000,
            -4.562 0.578 -3.000,
            -4.152 0.574 -3.000,
            -4.637 0.505 -3.000,
            -4.547 0.597 -3.000,
            -4.163 0.590 -3.000,
            -4.654 0.492 -3.000,
            -4.533 0.616 -3.000,
            -4.174 0.607 -3.000,
            -4.671 0.481 -3.000,
            -4.522 0.634 -3.000,
            -4.184 0.626 -3.000,
            -4.689 0.470 -3.000,
            -4.508 0.657 -3.000,
            -4.195 0.647 -3.000,
            -4.707 0.460 -3.000,
            -5.817 -0.649 -3.000,
            -4.497 0.678 -3.000,
            -4.205 0.669 -3.000,
            -4.726 0.450 -3.000,
            -4.745 0.441 -3.000,
            -4.485 0.702 -3.000,
            -4.219 0.709 -3.000,
            -4.212 0.689 -3.000,
            -3.973 1.223 -3.000,
            -3.947 1.210 -3.000,
            -3.983 1.198 -3.000,
            -4.766 0.432 -3.000,
            -4.476 0.725 -3.000,
            -4.224 0.729 -3.000,
            -5.830 -0.627 -3.000,
            -4.469 0.744 -3.000,
            -4.229 0.748 -3.000,
            -4.793 0.422 -3.000,
            -3.987 1.231 -3.000,
            -4.005 1.190 -3.000,
            -4.460 0.770 -3.000,
            -4.232 0.769 -3.000,
            -5.841 -0.609 -3.000,
            -4.823 0.413 -3.000,
            -3.999 1.238 -3.000,
            -4.454 0.794 -3.000,
            -4.235 0.787 -3.000,
            -4.854 0.404 -3.000,
            -5.148 -0.430 -3.000,
            -4.015 1.248 -3.000,
            -4.026 1.180 -3.000,
            -4.448 0.818 -3.000,
            -4.236 0.807 -3.000,
            -5.857 -0.588 -3.000,
            -4.885 0.398 -3.000,
            -4.444 0.842 -3.000,
            -4.238 0.841 -3.000,
            -4.031 1.259 -3.000,
            -4.045 1.171 -3.000,
            -5.870 -0.571 -3.000,
            -4.440 0.867 -3.000,
            -4.237 0.871 -3.000,
            -4.920 0.391 -3.000,
            -4.046 1.271 -3.000,
            -4.062 1.161 -3.000,
            -5.883 -0.556 -3.000,
            -4.438 0.892 -3.000,
            -4.236 0.886 -3.000,
            -4.060 1.283 -3.000,
            -4.078 1.151 -3.000,
            -4.958 0.387 -3.000,
            -4.436 0.913 -3.000,
            -4.234 0.901 -3.000,
            -5.897 -0.542 -3.000,
            -4.435 0.933 -3.000,
            -4.183 1.042 -3.000,
            -4.193 1.025 -3.000,
            -4.200 1.011 -3.000,
            -4.209 0.993 -3.000,
            -4.215 0.976 -3.000,
            -4.221 0.958 -3.000,
            -4.226 0.939 -3.000,
            -4.231 0.920 -3.000,
            -4.074 1.295 -3.000,
            -4.093 1.140 -3.000,
            -5.913 -0.528 -3.000,
            -4.087 1.309 -3.000,
            -4.108 1.128 -3.000,
            -5.016 0.382 -3.000,
            -5.927 -0.516 -3.000,
            -7.389 -1.971 -3.000,
            -6.688 -1.421 -3.000,
            -6.681 -1.472 -3.000,
            -6.671 -1.536 -3.000,
            -6.662 -1.578 -3.000,
            -6.652 -1.617 -3.000,
            -6.642 -1.652 -3.000,
            -6.630 -1.687 -3.000,
            -6.616 -1.721 -3.000,
            -6.603 -1.748 -3.000,
            -6.593 -1.768 -3.000,
            -6.583 -1.786 -3.000,
            -6.571 -1.803 -3.000,
            -6.560 -1.820 -3.000,
            -6.547 -1.837 -3.000,
            -6.534 -1.853 -3.000,
            -6.522 -1.866 -3.000,
            -6.508 -1.880 -3.000,
            -6.494 -1.893 -3.000,
            -6.478 -1.906 -3.000,
            -6.462 -1.918 -3.000,
            -6.447 -1.928 -3.000,
            -6.430 -1.938 -3.000,
            -9.964 -7.548 -3.000,
            -6.413 -1.947 -3.000,
            -10.328 -7.042 -3.000,
            -6.395 -1.955 -3.000,
            -6.374 -1.963 -3.000,
            -6.356 -1.969 -3.000,
            -6.338 -1.974 -3.000,
            -6.314 -1.980 -3.000,
            -4.100 1.324 -3.000,
            -4.122 1.116 -3.000,
            -5.044 0.381 -3.000,
            -5.943 -0.504 -3.000,
            -4.111 1.339 -3.000,
            -4.135 1.103 -3.000,
            -5.081 0.380 -3.000,
            -5.959 -0.494 -3.000,
            -4.122 1.355 -3.000,
            -4.148 1.089 -3.000,
            -5.975 -0.484 -3.000,
            -5.118 0.381 -3.000,
            -4.132 1.371 -3.000,
            -5.994 -0.474 -3.000,
            -5.155 0.383 -3.000,
            -6.011 -0.466 -3.000,
            -5.177 0.386 -3.000,
            -5.199 0.389 -3.000,
            -5.221 0.393 -3.000,
            -7.586 -1.971 -3.000,
            -10.666 -6.518 -3.000,
            -10.978 -5.978 -3.000,
            -5.243 0.397 -3.000,
            -5.265 0.402 -3.000,
            -5.287 0.408 -3.000,
            -5.310 0.415 -3.000,
            -5.336 0.425 -3.000,
            -5.362 0.435 -3.000,
            -5.388 0.447 -3.000,
            -11.262 -5.424 -3.000,
            -5.409 0.459 -3.000,
            -4.602 1.288 -3.000,
            -4.588 1.301 -3.000,
            -4.615 1.276 -3.000,
            -4.575 1.316 -3.000,
            -4.630 1.263 -3.000,
            -4.564 1.330 -3.000,
            -4.171 1.060 -3.000,
            -4.645 1.252 -3.000,
            -4.653 0.933 -3.000,
            -4.553 1.345 -3.000,
            -4.160 1.075 -3.000,
            -5.431 0.472 -3.000,
            -4.663 1.240 -3.000,
            -4.543 1.359 -3.000,
            -4.681 1.229 -3.000,
            -4.534 1.376 -3.000,
            -4.141 1.387 -3.000,
            -4.525 1.393 -3.000,
            -4.149 1.404 -3.000,
            -4.521 1.405 -3.000,
            -4.156 1.421 -3.000,
            -4.722 1.206 -3.000,
            -4.514 1.422 -3.000,
            -4.162 1.439 -3.000,
            -5.451 0.485 -3.000,
            -4.747 1.194 -3.000,
            -4.508 1.441 -3.000,
            -4.168 1.457 -3.000,
            -4.773 1.183 -3.000,
            -4.503 1.458 -3.000,
            -4.172 1.476 -3.000,
            -5.469 0.498 -3.000,
            -6.026 -0.460 -3.000,
            -4.500 1.476 -3.000,
            -4.175 1.494 -3.000,
            -4.497 1.491 -3.000,
            -4.176 1.506 -3.000,
            -4.826 1.163 -3.000,
            -5.486 0.511 -3.000,
            -6.043 -0.454 -3.000,
            -4.496 1.507 -3.000,
            -4.177 1.521 -3.000,
            -5.502 0.526 -3.000,
            -6.063 -0.448 -3.000,
            -4.495 1.539 -3.000,
            -4.178 1.542 -3.000,
            -7.033 -0.997 -3.000,
            -6.677 -0.915 -3.000,
            -6.683 -0.955 -3.000,
            -6.688 -0.995 -3.000,
            -6.692 -1.053 -3.000,
            -6.695 -1.109 -3.000,
            -6.697 -1.160 -3.000,
            -6.697 -1.211 -3.000,
            -6.695 -1.327 -3.000,
            -5.366 0.672 -3.000,
            -5.344 0.648 -3.000,
            -5.356 0.660 -3.000,
            -4.914 1.135 -3.000,
            -4.660 0.882 -3.000,
            -4.664 0.858 -3.000,
            -4.670 0.833 -3.000,
            -4.678 0.808 -3.000,
            -4.685 0.788 -3.000,
            -4.693 0.768 -3.000,
            -4.701 0.752 -3.000,
            -4.708 0.739 -3.000,
            -4.715 0.727 -3.000,
            -4.725 0.711 -3.000,
            -4.737 0.696 -3.000,
            -4.749 0.682 -3.000,
            -4.763 0.668 -3.000,
            -4.777 0.656 -3.000,
            -4.787 0.648 -3.000,
            -4.802 0.637 -3.000,
            -4.820 0.625 -3.000,
            -4.837 0.615 -3.000,
            -5.375 0.683 -3.000,
            -5.519 0.542 -3.000,
            -6.087 -0.442 -3.000,
            -4.496 1.571 -3.000,
            -4.177 1.576 -3.000,
            -7.056 -0.988 -3.000,
            -4.498 1.590 -3.000,
            -4.175 1.593 -3.000,
            -5.532 0.556 -3.000,
            -6.109 -0.437 -3.000,
            -7.078 -0.978 -3.000,
            -4.500 1.608 -3.000,
            -4.172 1.610 -3.000,
            -5.544 0.570 -3.000,
            -6.131 -0.434 -3.000,
            -4.504 1.626 -3.000,
            -4.168 1.629 -3.000,
            -5.556 0.586 -3.000,
            -6.154 -0.432 -3.000,
            -7.112 -0.961 -3.000,
            -4.509 1.644 -3.000,
            -4.163 1.648 -3.000,
            -5.569 0.604 -3.000,
            -6.179 -0.430 -3.000,
            -4.515 1.663 -3.000,
            -4.157 1.666 -3.000,
            -4.781 1.405 -3.000,
            -4.755 1.430 -3.000,
            -4.767 1.417 -3.000,
            -4.791 1.399 -3.000,
            -4.800 1.393 -3.000,
            -4.734 1.460 -3.000,
            -4.744 1.445 -3.000,
            -4.729 1.470 -3.000,
            -5.580 0.622 -3.000,
            -6.203 -0.430 -3.000,
            -4.522 1.682 -3.000,
            -4.150 1.685 -3.000,
            -4.724 1.482 -3.000,
            -7.033 -0.815 -3.000,
            -6.595 -0.661 -3.000,
            -6.610 -0.692 -3.000,
            -6.626 -0.730 -3.000,
            -6.642 -0.775 -3.000,
            -6.656 -0.820 -3.000,
            -6.669 -0.872 -3.000,
            -7.159 -0.936 -3.000,
            -5.422 0.808 -3.000,
            -5.413 0.759 -3.000,
            -5.416 0.770 -3.000,
            -5.420 0.789 -3.000,
            -5.590 0.640 -3.000,
            -6.247 -0.432 -3.000,
            -4.530 1.701 -3.000,
            -4.143 1.702 -3.000,
            -5.171 1.065 -3.000,
            -4.853 0.607 -3.000,
            -4.870 0.599 -3.000,
            -4.889 0.591 -3.000,
            -4.911 0.583 -3.000,
            -4.934 0.576 -3.000,
            -4.955 0.570 -3.000,
            -4.976 0.566 -3.000,
            -4.998 0.563 -3.000,
            -5.020 0.560 -3.000,
            -5.045 0.559 -3.000,
            -5.071 0.558 -3.000,
            -5.112 0.559 -3.000,
            -5.131 0.561 -3.000,
            -5.151 0.564 -3.000,
            -5.178 0.568 -3.000,
            -4.713 1.530 -3.000,
            -4.715 1.515 -3.000,
            -4.719 1.497 -3.000,
            -4.812 1.386 -3.000,
            -5.600 0.658 -3.000,
            -4.539 1.719 -3.000,
            -4.134 1.719 -3.000,
            -4.712 1.553 -3.000,
            -5.422 0.851 -3.000,
            -5.423 0.827 -3.000,
            -5.229 1.046 -3.000,
            -5.201 0.574 -3.000,
            -5.219 0.579 -3.000,
            -5.237 0.585 -3.000,
            -5.254 0.592 -3.000,
            -4.548 1.736 -3.000,
            -4.124 1.737 -3.000,
            -4.713 1.572 -3.000,
            -5.608 0.677 -3.000,
            -6.269 -0.433 -3.000,
            -5.246 1.040 -3.000,
            -7.078 -0.792 -3.000,
            -6.582 -0.636 -3.000,
            -5.259 1.035 -3.000,
            -5.271 0.599 -3.000,
            -5.289 0.608 -3.000,
            -7.205 -0.909 -3.000,
            -5.279 1.026 -3.000,
            -5.298 0.614 -3.000,
            -5.315 0.625 -3.000,
            -5.330 0.636 -3.000,
            -5.382 0.694 -3.000,
            -4.715 1.591 -3.000,
            -4.829 1.378 -3.000,
            -4.557 1.752 -3.000,
            -4.112 1.757 -3.000,
            -5.615 0.696 -3.000,
            -6.290 -0.436 -3.000,
            -5.299 1.017 -3.000,
            -5.388 0.704 -3.000,
            -5.393 0.713 -3.000,
            -5.402 0.731 -3.000,
            -5.406 0.912 -3.000,
            -5.420 0.866 -3.000,
            -5.418 0.876 -3.000,
            -5.413 0.895 -3.000,
            -5.315 1.008 -3.000,
            -5.408 0.746 -3.000,
            -5.399 0.926 -3.000,
            -5.331 0.998 -3.000,
            -5.344 0.988 -3.000,
            -5.375 0.960 -3.000,
            -5.391 0.939 -3.000,
            -5.383 0.950 -3.000,
            -5.359 0.976 -3.000,
            -5.367 0.969 -3.000,
            -4.568 1.768 -3.000,
            -4.100 1.774 -3.000,
            -5.622 0.715 -3.000,
            -6.312 -0.440 -3.000,
            -7.110 -0.774 -3.000,
            -6.570 -0.614 -3.000,
            -4.727 1.633 -3.000,
            -4.723 1.620 -3.000,
            -4.719 1.609 -3.000,
            -5.627 0.735 -3.000,
            -6.333 -0.445 -3.000,
            -4.581 1.785 -3.000,
            -4.089 1.789 -3.000,
            -4.734 1.648 -3.000,
            -5.632 0.753 -3.000,
            -6.353 -0.451 -3.000,
            -4.593 1.799 -3.000,
            -4.077 1.803 -3.000,
            -7.148 -0.751 -3.000,
            -5.635 0.771 -3.000,
            -6.374 -0.458 -3.000,
            -4.605 1.812 -3.000,
            -4.064 1.817 -3.000,
            -5.637 0.784 -3.000,
            -6.394 -0.466 -3.000,
            -4.751 1.673 -3.000,
            -4.744 1.665 -3.000,
            -4.758 1.682 -3.000,
            -5.639 0.804 -3.000,
            -4.619 1.826 -3.000,
            -4.051 1.830 -3.000,
            -4.766 1.692 -3.000,
            -4.632 1.838 -3.000,
            -4.036 1.842 -3.000,
            -7.192 -0.721 -3.000,
            -6.558 -0.597 -3.000,
            -4.776 1.702 -3.000,
            -4.648 1.850 -3.000,
            -4.021 1.853 -3.000,
            -4.787 1.713 -3.000,
            -4.851 1.369 -3.000,
            -4.800 1.723 -3.000,
            -4.666 1.863 -3.000,
            -4.005 1.864 -3.000,
            -7.232 -0.692 -3.000,
            -6.547 -0.582 -3.000,
            -4.814 1.733 -3.000,
            -4.683 1.875 -3.000,
            -3.989 1.874 -3.000,
            -4.831 1.743 -3.000,
            -4.699 1.884 -3.000,
            -3.971 1.884 -3.000,
            -4.841 1.748 -3.000,
            -4.850 1.752 -3.000,
            -7.270 -0.661 -3.000,
            -4.722 1.895 -3.000,
            -3.955 1.892 -3.000,
            -4.868 1.759 -3.000,
            -4.887 1.765 -3.000,
            -4.887 1.355 -3.000,
            -4.748 1.908 -3.000,
            -3.937 1.900 -3.000,
            -11.518 -4.855 -3.000,
            -4.905 1.770 -3.000,
            -7.306 -0.628 -3.000,
            -6.535 -0.567 -3.000,
            -4.770 1.917 -3.000,
            -3.918 1.907 -3.000,
            -4.923 1.773 -3.000,
            -4.792 1.924 -3.000,
            -3.894 1.914 -3.000,
            -4.948 1.777 -3.000,
            -4.944 1.336 -3.000,
            -7.338 -0.597 -3.000,
            -4.814 1.931 -3.000,
            -3.867 1.921 -3.000,
            -4.976 1.780 -3.000,
            -4.836 1.937 -3.000,
            -3.841 1.927 -3.000,
            -7.355 -0.579 -3.000,
            -5.001 1.782 -3.000,
            -4.858 1.943 -3.000,
            -7.375 -0.556 -3.000,
            -5.038 1.783 -3.000,
            -5.002 1.320 -3.000,
            -4.881 1.947 -3.000,
            -3.816 1.931 -3.000,
            -5.070 1.782 -3.000,
            -4.904 1.951 -3.000,
            -3.794 1.934 -3.000,
            -7.394 -0.533 -3.000,
            -6.523 -0.553 -3.000,
            -5.086 1.781 -3.000,
            -5.101 1.780 -3.000,
            -5.384 1.506 -3.000,
            -5.115 1.291 -3.000,
            -5.254 1.253 -3.000,
            -5.314 1.233 -3.000,
            -5.344 1.222 -3.000,
            -5.373 1.210 -3.000,
            -5.410 1.192 -3.000,
            -5.122 1.778 -3.000,
            -5.143 1.774 -3.000,
            -5.379 1.540 -3.000,
            -5.375 1.557 -3.000,
            -5.164 1.770 -3.000,
            -5.371 1.575 -3.000,
            -5.183 1.765 -3.000,
            -5.365 1.592 -3.000,
            -5.200 1.759 -3.000,
            -5.359 1.611 -3.000,
            -5.218 1.753 -3.000,
            -7.439 -0.468 -3.000,
            -7.407 -0.515 -3.000,
            -7.420 -0.497 -3.000,
            -7.432 -0.479 -3.000,
            -5.353 1.625 -3.000,
            -5.233 1.746 -3.000,
            -5.346 1.637 -3.000,
            -5.249 1.738 -3.000,
            -5.340 1.649 -3.000,
            -7.446 -0.455 -3.000,
            -5.333 1.661 -3.000,
            -5.317 1.681 -3.000,
            -5.325 1.671 -3.000,
            -5.292 1.708 -3.000,
            -5.283 1.715 -3.000,
            -5.274 1.721 -3.000,
            -5.266 1.727 -3.000,
            -5.309 1.691 -3.000,
            -5.300 1.700 -3.000,
            -7.459 -0.430 -3.000,
            -6.413 -0.475 -3.000,
            -6.431 -0.484 -3.000,
            -6.447 -0.493 -3.000,
            -6.464 -0.504 -3.000,
            -6.480 -0.515 -3.000,
            -6.495 -0.527 -3.000,
            -6.509 -0.540 -3.000,
            -5.640 0.837 -3.000,
            -5.630 0.932 -3.000,
            -5.634 0.911 -3.000,
            -5.637 0.892 -3.000,
            -5.639 0.878 -3.000,
            -5.640 0.865 -3.000,
            2.147 1.957 -3.000,
            -5.601 1.506 -3.000,
            -5.433 1.180 -3.000,
            -5.459 1.164 -3.000,
            -5.478 1.151 -3.000,
            -5.494 1.139 -3.000,
            -5.510 1.126 -3.000,
            -5.526 1.112 -3.000,
            -5.541 1.096 -3.000,
            -5.554 1.082 -3.000,
            -5.566 1.066 -3.000,
            -5.578 1.050 -3.000,
            -5.588 1.034 -3.000,
            -5.597 1.019 -3.000,
            -5.604 1.005 -3.000,
            -5.612 0.988 -3.000,
            -5.619 0.968 -3.000,
            -5.625 0.950 -3.000,
            -7.586 -0.430 -3.000,
            -5.597 1.554 -3.000,
            -5.599 1.537 -3.000,
            -5.595 1.568 -3.000,
            -5.591 1.588 -3.000,
            -5.587 1.608 -3.000,
            -5.581 1.629 -3.000,
            -5.574 1.649 -3.000,
            -11.746 -4.275 -3.000,
            2.105 1.960 -3.000,
            2.064 1.961 -3.000,
            -11.945 -3.684 -3.000,
            2.013 1.959 -3.000,
            -12.113 -3.084 -3.000,
            -12.252 -2.477 -3.000,
            -12.360 -1.863 -3.000,
            0.388 1.941 -3.000,
            -12.438 -1.245 -3.000,
            -12.484 -0.623 -3.000,
            0.325 1.940 -3.000,
            -2.070 1.941 -3.000,
            -5.567 1.668 -3.000,
            -2.315 1.941 -3.000,
            -5.541 1.722 -3.000,
            -5.551 1.704 -3.000,
            -5.559 1.687 -3.000,
            -3.092 1.941 -3.000,
            -5.518 1.759 -3.000,
            -5.530 1.740 -3.000,
            -5.480 1.803 -3.000,
            -5.494 1.788 -3.000,
            -5.506 1.774 -3.000,
            -3.669 1.941 -3.000,
            -5.453 1.830 -3.000,
            -5.467 1.817 -3.000,
            -3.718 1.940 -3.000,
            -5.417 1.857 -3.000,
            -5.435 1.844 -3.000,
            -3.767 1.937 -3.000,
            -4.930 1.955 -3.000,
            -5.384 1.878 -3.000,
            -5.401 1.868 -3.000,
            -4.954 1.957 -3.000,
            -4.992 1.960 -3.000,
            -5.321 1.909 -3.000,
            -5.343 1.899 -3.000,
            -5.364 1.889 -3.000,
            -5.030 1.961 -3.000,
            -5.098 1.958 -3.000,
            -5.277 1.925 -3.000,
            -5.299 1.917 -3.000,
            -5.125 1.956 -3.000,
            -5.158 1.952 -3.000,
            -5.209 1.943 -3.000,
            -5.232 1.938 -3.000,
            -5.255 1.932 -3.000,
            -5.184 1.948 -3.000,
            -0.657 -0.955 -3.000,
            -0.651 -0.915 -3.000,
            -0.643 -0.872 -3.000,
            3.638 -0.908 -3.000,
            3.636 -0.888 -3.000,
            3.635 -0.855 -3.000,
            3.636 -0.830 -3.000,
            3.637 -0.817 -3.000,
            3.638 -0.805 -3.000,
            3.640 -0.787 -3.000,
            6.588 -0.828 -3.000,
            6.598 -0.799 -3.000,
            4.563 -1.741 -3.000,
            4.550 -1.718 -3.000,
            4.536 -1.694 -3.000,
            4.522 -1.672 -3.000,
            4.599 -0.833 -3.000,
            4.596 -0.810 -3.000,
            4.591 -0.783 -3.000,
            4.586 -0.762 -3.000,
            5.038 -0.667 -3.000,
            6.085 -0.667 -3.000,
            1.334 1.168 -3.000,
            1.334 1.198 -3.000,
            1.335 1.229 -3.000,
            1.338 1.263 -3.000,
            1.341 1.298 -3.000,
            1.346 1.332 -3.000,
            1.352 1.366 -3.000,
            1.336 1.101 -3.000,
            1.339 1.057 -3.000,
            1.345 1.012 -3.000,
            1.352 0.972 -3.000,
            1.360 0.936 -3.000,
            1.368 0.904 -3.000,
            4.988 1.763 -3.000,
            2.796 1.150 -3.000,
            2.795 1.128 -3.000,
            2.795 1.106 -3.000,
            2.793 1.077 -3.000,
            2.789 1.040 -3.000,
            2.783 1.004 -3.000,
            2.777 0.968 -3.000,
            2.768 0.932 -3.000,
            2.794 1.203 -3.000,
            2.792 1.242 -3.000,
            2.790 1.273 -3.000,
            2.787 1.302 -3.000,
            2.779 1.354 -3.000,
            2.770 1.400 -3.000,
            2.763 1.427 -3.000,
            2.755 1.457 -3.000,
            -0.125 1.470 -3.000,
            -0.123 1.453 -3.000,
            -0.119 1.433 -3.000,
            -0.114 1.411 -3.000,
            -0.108 1.391 -3.000,
            -0.102 1.373 -3.000,
            -0.095 1.356 -3.000,
            -0.086 1.336 -3.000,
            -0.077 1.320 -3.000,
            -0.068 1.304 -3.000,
            4.369 -1.773 -3.000,
            4.351 -1.749 -3.000,
            4.333 -1.726 -3.000,
            4.318 -1.709 -3.000,
            4.302 -1.692 -3.000,
            4.277 -1.668 -3.000,
            -5.710 -1.211 -3.000,
            -5.711 -1.280 -3.000,
            -5.714 -1.350 -3.000,
            -5.717 -1.397 -3.000,
            -5.722 -1.444 -3.000,
            -5.729 -1.491 -3.000,
            -5.712 -1.094 -3.000,
            -5.718 -1.018 -3.000,
            -5.728 -0.932 -3.000,
            -5.735 -0.889 -3.000,
            -5.747 -0.831 -3.000,
            -5.757 -0.794 -3.000,
            -5.255 -0.667 -3.000,
            -4.208 -0.667 -3.000,
            -7.389 -0.770 -3.000,
            -7.354 -0.802 -3.000,
            -7.331 -0.822 -3.000,
            -7.303 -0.844 -3.000,
            -7.274 -0.865 -3.000,
            -7.245 -0.884 -3.000,
            12.684 -0.633 -2.800,
            12.684 -0.633 3.610,
            12.637 -1.265 -2.800,
            12.637 -1.265 3.610,
            12.558 -1.893 -2.800,
            12.558 -1.893 3.610,
            12.448 -2.516 -2.800,
            12.448 -2.516 3.610,
            12.307 -3.134 -2.800,
            12.307 -3.134 3.610,
            12.136 -3.743 -2.800,
            12.136 -3.743 3.610,
            11.934 -4.344 -2.800,
            11.934 -4.344 3.610,
            11.703 -4.933 -2.800,
            11.703 -4.933 3.610,
            11.442 -5.510 -2.800,
            11.442 -5.510 3.610,
            11.153 -6.074 -2.800,
            11.153 -6.074 3.610,
            10.837 -6.622 -2.800,
            10.837 -6.622 3.610,
            10.493 -7.154 -2.800,
            10.493 -7.154 3.610,
            10.124 -7.668 -2.800,
            10.124 -7.668 3.610,
            9.729 -8.163 -2.800,
            9.729 -8.163 3.610,
            9.310 -8.638 -2.800,
            9.310 -8.638 3.610,
            8.868 -9.092 -2.800,
            8.868 -9.092 3.610,
            8.403 -9.522 -2.800,
            8.403 -9.522 3.610,
            7.918 -9.929 -2.800,
            7.918 -9.929 3.610,
            7.414 -10.312 3.610,
            7.414 -10.312 -2.800,
            6.890 -10.668 -2.800,
            6.890 -10.668 3.610,
            6.350 -10.999 3.610,
            6.350 -10.999 -2.800,
            5.794 -11.301 -2.800,
            5.794 -11.301 3.610,
            5.223 -11.576 3.610,
            5.223 -11.576 -2.800,
            4.640 -11.822 3.610,
            4.640 -11.822 -2.800,
            4.045 -12.039 -2.800,
            4.045 -12.039 3.610,
            3.440 -12.225 3.610,
            3.440 -12.225 -2.800,
            2.826 -12.382 3.610,
            2.826 -12.382 -2.800,
            2.205 -12.507 -2.800,
            2.205 -12.507 3.610,
            1.579 -12.601 3.610,
            1.579 -12.601 -2.800,
            0.949 -12.664 -2.800,
            0.949 -12.664 3.610,
            0.317 -12.696 3.610,
            0.317 -12.696 -2.800,
            -0.317 -12.696 -2.800,
            -0.317 -12.696 3.610,
            -0.949 -12.664 -2.800,
            -0.949 -12.664 3.610,
            -1.579 -12.601 3.610,
            -1.579 -12.601 -2.800,
            -2.205 -12.507 3.610,
            -2.205 -12.507 -2.800,
            -2.826 -12.382 -2.800,
            -2.826 -12.382 3.610,
            -3.440 -12.225 3.610,
            -3.440 -12.225 -2.800,
            -4.045 -12.039 -2.800,
            -4.045 -12.039 3.610,
            -4.640 -11.822 -2.800,
            -4.640 -11.822 3.610,
            -5.223 -11.576 3.610,
            -5.223 -11.576 -2.800,
            -5.794 -11.301 -2.800,
            -5.794 -11.301 3.610,
            -6.350 -10.999 3.610,
            -6.350 -10.999 -2.800,
            -6.890 -10.668 -2.800,
            -6.890 -10.668 3.610,
            -7.414 -10.312 -2.800,
            -7.414 -10.312 3.610,
            -7.918 -9.929 3.610,
            -7.918 -9.929 -2.800,
            -8.403 -9.522 -2.800,
            -8.403 -9.522 3.610,
            -8.868 -9.092 -2.800,
            -8.868 -9.092 3.610,
            -9.310 -8.638 -2.800,
            -9.310 -8.638 3.610,
            -9.729 -8.163 -2.800,
            -9.729 -8.163 3.610,
            -10.124 -7.668 3.610,
            -10.124 -7.668 -2.800,
            -10.493 -7.154 -2.800,
            -10.493 -7.154 3.610,
            -10.837 -6.622 -2.800,
            -10.837 -6.622 3.610,
            -11.153 -6.074 -2.800,
            -11.153 -6.074 3.610,
            -11.442 -5.510 3.610,
            -11.442 -5.510 -2.800,
            -11.703 -4.933 -2.800,
            -11.703 -4.933 3.610,
            -11.934 -4.344 -2.800,
            -11.934 -4.344 3.610,
            -12.136 -3.743 -2.800,
            -12.136 -3.743 3.610,
            -12.307 -3.134 -2.800,
            -12.307 -3.134 3.610,
            -12.448 -2.516 -2.800,
            -12.448 -2.516 3.610,
            -12.558 -1.893 -2.800,
            -12.558 -1.893 3.610,
            -12.637 -1.265 -2.800,
            -12.637 -1.265 3.610,
            -12.684 -0.633 -2.800,
            -12.684 -0.633 3.610,
            0.613 -12.486 3.785,
            1.225 -12.441 3.785,
            1.834 -12.366 3.785,
            2.439 -12.261 3.785,
            3.038 -12.127 3.785,
            4.177 -10.002 3.589,
            3.629 -11.963 3.785,
            4.212 -11.771 3.785,
            4.784 -11.550 3.785,
            5.345 -11.301 3.785,
            5.893 -11.025 3.785,
            6.427 -10.723 3.785,
            6.945 -10.395 3.785,
            7.447 -10.041 3.785,
            4.177 -5.007 3.213,
            8.346 -7.487 3.631,
            7.931 -9.664 3.785,
            8.395 -9.263 3.785,
            8.840 -8.840 3.785,
            9.263 -8.395 3.785,
            9.664 -7.931 3.785,
            10.041 -7.447 3.785,
            10.395 -6.945 3.785,
            10.723 -6.427 3.785,
            4.177 -0.000 3.087,
            8.346 -2.498 3.380,
            11.025 -5.893 3.785,
            11.301 -5.345 3.785,
            11.550 -4.784 3.785,
            11.771 -4.212 3.785,
            11.963 -3.629 3.785,
            12.127 -3.038 3.785,
            12.261 -2.439 3.785,
            12.366 -1.834 3.785,
            12.441 -1.225 3.785,
            12.486 -0.613 3.785,
            4.177 5.007 3.213,
            8.346 2.498 3.380,
            4.177 10.002 3.589,
            8.346 7.487 3.631,
            5.206 0.400 -3.000,
            4.988 0.400 -3.000,
            5.206 1.763 -3.000,
            5.700 1.763 -3.000,
            5.700 1.941 -3.000,
            4.495 1.941 -3.000,
            4.495 1.763 -3.000,
            4.988 1.763 -3.000,
            4.257 0.400 -3.000,
            4.040 0.400 -3.000,
            4.257 1.941 -3.000,
            4.040 1.941 -3.000,
            4.040 1.309 -3.000,
            3.289 1.309 -3.000,
            3.289 1.941 -3.000,
            3.072 1.941 -3.000,
            3.072 0.400 -3.000,
            3.289 0.400 -3.000,
            3.289 1.131 -3.000,
            4.040 1.131 -3.000,
            2.065 0.380 -3.000,
            2.114 0.382 -3.000,
            2.146 0.384 -3.000,
            2.183 0.389 -3.000,
            2.220 0.395 -3.000,
            2.253 0.402 -3.000,
            2.282 0.410 -3.000,
            2.310 0.419 -3.000,
            2.339 0.429 -3.000,
            2.366 0.441 -3.000,
            2.394 0.453 -3.000,
            2.420 0.467 -3.000,
            2.447 0.482 -3.000,
            2.472 0.498 -3.000,
            2.497 0.515 -3.000,
            2.521 0.533 -3.000,
            2.544 0.553 -3.000,
            2.566 0.573 -3.000,
            2.587 0.594 -3.000,
            2.607 0.617 -3.000,
            2.627 0.640 -3.000,
            2.643 0.661 -3.000,
            2.657 0.681 -3.000,
            2.671 0.701 -3.000,
            2.683 0.722 -3.000,
            2.695 0.744 -3.000,
            2.706 0.765 -3.000,
            2.720 0.795 -3.000,
            2.734 0.828 -3.000,
            2.747 0.863 -3.000,
            2.758 0.897 -3.000,
            2.768 0.932 -3.000,
            2.777 0.968 -3.000,
            2.783 1.004 -3.000,
            2.789 1.040 -3.000,
            2.793 1.077 -3.000,
            2.795 1.106 -3.000,
            2.795 1.128 -3.000,
            2.796 1.150 -3.000,
            2.794 1.203 -3.000,
            2.792 1.242 -3.000,
            2.790 1.273 -3.000,
            2.787 1.302 -3.000,
            2.779 1.354 -3.000,
            2.770 1.400 -3.000,
            2.763 1.427 -3.000,
            2.755 1.457 -3.000,
            2.745 1.487 -3.000,
            2.736 1.512 -3.000,
            2.727 1.534 -3.000,
            2.718 1.556 -3.000,
            2.708 1.578 -3.000,
            2.697 1.599 -3.000,
            2.686 1.619 -3.000,
            2.673 1.640 -3.000,
            2.660 1.659 -3.000,
            2.647 1.679 -3.000,
            2.632 1.698 -3.000,
            2.617 1.716 -3.000,
            2.602 1.734 -3.000,
            2.586 1.751 -3.000,
            2.569 1.768 -3.000,
            2.552 1.784 -3.000,
            2.534 1.800 -3.000,
            2.515 1.815 -3.000,
            2.497 1.829 -3.000,
            2.477 1.843 -3.000,
            2.457 1.856 -3.000,
            2.437 1.868 -3.000,
            2.416 1.879 -3.000,
            2.395 1.890 -3.000,
            2.374 1.900 -3.000,
            2.352 1.909 -3.000,
            2.330 1.917 -3.000,
            2.308 1.925 -3.000,
            2.285 1.932 -3.000,
            2.263 1.938 -3.000,
            2.240 1.943 -3.000,
            2.217 1.947 -3.000,
            2.193 1.951 -3.000,
            2.170 1.955 -3.000,
            2.147 1.957 -3.000,
            2.105 1.960 -3.000,
            2.064 1.961 -3.000,
            2.013 1.959 -3.000,
            1.980 1.957 -3.000,
            1.946 1.953 -3.000,
            1.916 1.948 -3.000,
            1.886 1.941 -3.000,
            1.856 1.934 -3.000,
            1.827 1.925 -3.000,
            1.798 1.915 -3.000,
            1.769 1.904 -3.000,
            1.742 1.891 -3.000,
            1.714 1.877 -3.000,
            1.687 1.863 -3.000,
            1.661 1.847 -3.000,
            1.636 1.829 -3.000,
            1.611 1.811 -3.000,
            1.588 1.792 -3.000,
            1.565 1.771 -3.000,
            1.543 1.750 -3.000,
            1.526 1.732 -3.000,
            1.511 1.714 -3.000,
            1.497 1.696 -3.000,
            1.483 1.678 -3.000,
            1.470 1.659 -3.000,
            1.457 1.640 -3.000,
            1.445 1.620 -3.000,
            1.434 1.600 -3.000,
            1.424 1.579 -3.000,
            1.414 1.559 -3.000,
            1.404 1.538 -3.000,
            1.396 1.516 -3.000,
            1.388 1.495 -3.000,
            1.378 1.466 -3.000,
            1.368 1.433 -3.000,
            1.359 1.399 -3.000,
            1.352 1.366 -3.000,
            1.346 1.332 -3.000,
            1.341 1.298 -3.000,
            1.338 1.263 -3.000,
            1.335 1.229 -3.000,
            1.334 1.198 -3.000,
            1.334 1.168 -3.000,
            2.011 1.959 -3.000,
            1.336 1.101 -3.000,
            1.339 1.057 -3.000,
            1.345 1.012 -3.000,
            1.352 0.972 -3.000,
            1.360 0.936 -3.000,
            1.368 0.904 -3.000,
            1.378 0.873 -3.000,
            1.388 0.841 -3.000,
            1.400 0.811 -3.000,
            1.414 0.780 -3.000,
            1.428 0.751 -3.000,
            1.444 0.722 -3.000,
            1.461 0.693 -3.000,
            1.479 0.666 -3.000,
            1.499 0.639 -3.000,
            1.520 0.614 -3.000,
            1.540 0.592 -3.000,
            1.559 0.573 -3.000,
            1.578 0.555 -3.000,
            1.599 0.538 -3.000,
            1.620 0.521 -3.000,
            1.642 0.506 -3.000,
            1.664 0.491 -3.000,
            1.687 0.478 -3.000,
            1.711 0.465 -3.000,
            1.735 0.453 -3.000,
            1.759 0.442 -3.000,
            1.784 0.432 -3.000,
            1.809 0.423 -3.000,
            1.835 0.414 -3.000,
            1.860 0.407 -3.000,
            1.886 0.400 -3.000,
            1.912 0.395 -3.000,
            1.939 0.390 -3.000,
            1.965 0.386 -3.000,
            1.992 0.383 -3.000,
            2.018 0.382 -3.000,
            2.041 0.381 -3.000,
            1.707 0.705 -3.000,
            1.726 0.687 -3.000,
            1.693 0.721 -3.000,
            1.747 0.668 -3.000,
            1.677 0.739 -3.000,
            1.765 0.654 -3.000,
            1.663 0.758 -3.000,
            1.781 0.642 -3.000,
            1.649 0.778 -3.000,
            1.799 0.630 -3.000,
            1.637 0.797 -3.000,
            1.822 0.617 -3.000,
            1.627 0.815 -3.000,
            1.843 0.606 -3.000,
            1.616 0.837 -3.000,
            1.861 0.598 -3.000,
            1.606 0.858 -3.000,
            1.878 0.591 -3.000,
            1.598 0.880 -3.000,
            1.898 0.584 -3.000,
            1.590 0.901 -3.000,
            1.918 0.578 -3.000,
            1.583 0.924 -3.000,
            1.939 0.572 -3.000,
            1.577 0.946 -3.000,
            1.960 0.568 -3.000,
            1.571 0.968 -3.000,
            1.980 0.564 -3.000,
            1.567 0.991 -3.000,
            2.003 0.561 -3.000,
            1.563 1.014 -3.000,
            2.028 0.559 -3.000,
            1.558 1.044 -3.000,
            2.065 0.558 -3.000,
            1.554 1.079 -3.000,
            2.093 0.559 -3.000,
            1.553 1.101 -3.000,
            2.121 0.561 -3.000,
            1.552 1.135 -3.000,
            2.141 0.563 -3.000,
            1.551 1.170 -3.000,
            2.161 0.566 -3.000,
            2.181 0.570 -3.000,
            1.552 1.219 -3.000,
            2.201 0.575 -3.000,
            2.220 0.580 -3.000,
            1.556 1.269 -3.000,
            2.239 0.587 -3.000,
            2.258 0.594 -3.000,
            1.561 1.309 -3.000,
            2.277 0.602 -3.000,
            1.566 1.339 -3.000,
            2.295 0.611 -3.000,
            2.313 0.620 -3.000,
            1.571 1.367 -3.000,
            2.330 0.631 -3.000,
            1.581 1.403 -3.000,
            2.347 0.642 -3.000,
            2.364 0.654 -3.000,
            1.589 1.430 -3.000,
            2.380 0.666 -3.000,
            1.598 1.456 -3.000,
            2.395 0.679 -3.000,
            1.607 1.480 -3.000,
            2.410 0.693 -3.000,
            1.618 1.504 -3.000,
            2.424 0.707 -3.000,
            1.629 1.526 -3.000,
            2.438 0.722 -3.000,
            1.641 1.547 -3.000,
            2.451 0.738 -3.000,
            1.651 1.564 -3.000,
            2.464 0.754 -3.000,
            1.663 1.581 -3.000,
            2.476 0.770 -3.000,
            1.675 1.598 -3.000,
            1.687 1.613 -3.000,
            2.487 0.787 -3.000,
            1.700 1.627 -3.000,
            2.499 0.806 -3.000,
            1.717 1.645 -3.000,
            1.734 1.661 -3.000,
            2.510 0.828 -3.000,
            1.750 1.675 -3.000,
            2.521 0.851 -3.000,
            1.767 1.688 -3.000,
            2.531 0.874 -3.000,
            1.786 1.701 -3.000,
            2.540 0.897 -3.000,
            1.806 1.714 -3.000,
            2.548 0.921 -3.000,
            1.825 1.725 -3.000,
            2.554 0.945 -3.000,
            1.845 1.735 -3.000,
            2.559 0.965 -3.000,
            1.863 1.743 -3.000,
            2.566 0.997 -3.000,
            1.882 1.751 -3.000,
            2.571 1.030 -3.000,
            1.899 1.757 -3.000,
            2.575 1.066 -3.000,
            1.919 1.763 -3.000,
            1.946 1.770 -3.000,
            2.576 1.088 -3.000,
            1.969 1.775 -3.000,
            1.990 1.778 -3.000,
            2.578 1.148 -3.000,
            2.011 1.781 -3.000,
            2.577 1.189 -3.000,
            2.037 1.782 -3.000,
            2.576 1.231 -3.000,
            2.062 1.783 -3.000,
            2.573 1.264 -3.000,
            2.101 1.782 -3.000,
            2.122 1.780 -3.000,
            2.570 1.298 -3.000,
            2.143 1.777 -3.000,
            2.164 1.774 -3.000,
            2.565 1.331 -3.000,
            2.186 1.769 -3.000,
            2.560 1.360 -3.000,
            2.207 1.764 -3.000,
            2.556 1.382 -3.000,
            2.228 1.758 -3.000,
            2.551 1.404 -3.000,
            2.248 1.751 -3.000,
            2.544 1.429 -3.000,
            2.268 1.743 -3.000,
            2.538 1.449 -3.000,
            2.288 1.734 -3.000,
            2.531 1.468 -3.000,
            2.307 1.724 -3.000,
            2.523 1.488 -3.000,
            2.512 1.513 -3.000,
            2.326 1.713 -3.000,
            2.345 1.701 -3.000,
            2.501 1.535 -3.000,
            2.490 1.555 -3.000,
            2.363 1.689 -3.000,
            2.380 1.676 -3.000,
            2.480 1.572 -3.000,
            2.397 1.663 -3.000,
            2.469 1.588 -3.000,
            2.414 1.648 -3.000,
            2.457 1.603 -3.000,
            2.429 1.633 -3.000,
            2.444 1.618 -3.000,
            2.101 1.782 -3.000,
            2.062 1.783 -3.000,
            2.122 1.780 -3.000,
            2.143 1.777 -3.000,
            2.164 1.774 -3.000,
            2.186 1.769 -3.000,
            2.207 1.764 -3.000,
            2.228 1.758 -3.000,
            2.248 1.751 -3.000,
            2.268 1.743 -3.000,
            2.288 1.734 -3.000,
            2.307 1.724 -3.000,
            2.326 1.713 -3.000,
            2.345 1.701 -3.000,
            2.363 1.689 -3.000,
            2.380 1.676 -3.000,
            2.397 1.663 -3.000,
            2.414 1.648 -3.000,
            2.429 1.633 -3.000,
            2.444 1.618 -3.000,
            2.457 1.603 -3.000,
            2.469 1.588 -3.000,
            2.480 1.572 -3.000,
            2.490 1.555 -3.000,
            2.501 1.535 -3.000,
            2.512 1.513 -3.000,
            2.523 1.488 -3.000,
            2.531 1.468 -3.000,
            2.538 1.449 -3.000,
            2.544 1.429 -3.000,
            2.551 1.404 -3.000,
            2.556 1.382 -3.000,
            2.560 1.360 -3.000,
            2.565 1.331 -3.000,
            2.570 1.298 -3.000,
            2.573 1.264 -3.000,
            2.576 1.231 -3.000,
            2.577 1.189 -3.000,
            2.578 1.148 -3.000,
            1.552 1.219 -3.000,
            1.551 1.170 -3.000,
            1.556 1.269 -3.000,
            1.561 1.309 -3.000,
            1.566 1.339 -3.000,
            1.571 1.367 -3.000,
            1.581 1.403 -3.000,
            1.589 1.430 -3.000,
            1.598 1.456 -3.000,
            1.607 1.480 -3.000,
            1.618 1.504 -3.000,
            1.629 1.526 -3.000,
            1.641 1.547 -3.000,
            1.651 1.564 -3.000,
            1.663 1.581 -3.000,
            1.675 1.598 -3.000,
            1.687 1.613 -3.000,
            1.700 1.627 -3.000,
            1.717 1.645 -3.000,
            1.734 1.661 -3.000,
            1.750 1.675 -3.000,
            1.767 1.688 -3.000,
            1.786 1.701 -3.000,
            1.806 1.714 -3.000,
            1.825 1.725 -3.000,
            1.845 1.735 -3.000,
            1.863 1.743 -3.000,
            1.882 1.751 -3.000,
            1.899 1.757 -3.000,
            1.919 1.763 -3.000,
            1.946 1.770 -3.000,
            1.969 1.775 -3.000,
            1.990 1.778 -3.000,
            2.011 1.781 -3.000,
            2.037 1.782 -3.000,
            2.028 0.559 -3.000,
            2.065 0.558 -3.000,
            2.003 0.561 -3.000,
            1.980 0.564 -3.000,
            1.960 0.568 -3.000,
            1.939 0.572 -3.000,
            1.918 0.578 -3.000,
            1.898 0.584 -3.000,
            1.878 0.591 -3.000,
            1.861 0.598 -3.000,
            1.843 0.606 -3.000,
            1.822 0.617 -3.000,
            1.799 0.630 -3.000,
            1.781 0.642 -3.000,
            1.765 0.654 -3.000,
            1.747 0.668 -3.000,
            1.726 0.687 -3.000,
            1.707 0.705 -3.000,
            1.693 0.721 -3.000,
            1.677 0.739 -3.000,
            1.663 0.758 -3.000,
            1.649 0.778 -3.000,
            1.637 0.797 -3.000,
            1.627 0.815 -3.000,
            1.616 0.837 -3.000,
            1.606 0.858 -3.000,
            1.598 0.880 -3.000,
            1.590 0.901 -3.000,
            1.583 0.924 -3.000,
            1.577 0.946 -3.000,
            1.571 0.968 -3.000,
            1.567 0.991 -3.000,
            1.563 1.014 -3.000,
            1.558 1.044 -3.000,
            1.554 1.079 -3.000,
            1.553 1.101 -3.000,
            1.552 1.135 -3.000,
            2.576 1.088 -3.000,
            2.575 1.066 -3.000,
            2.571 1.030 -3.000,
            2.566 0.997 -3.000,
            2.559 0.965 -3.000,
            2.554 0.945 -3.000,
            2.548 0.921 -3.000,
            2.540 0.897 -3.000,
            2.531 0.874 -3.000,
            2.521 0.851 -3.000,
            2.510 0.828 -3.000,
            2.499 0.806 -3.000,
            2.487 0.787 -3.000,
            2.476 0.770 -3.000,
            2.464 0.754 -3.000,
            2.451 0.738 -3.000,
            2.438 0.722 -3.000,
            2.424 0.707 -3.000,
            2.410 0.693 -3.000,
            2.395 0.679 -3.000,
            2.380 0.666 -3.000,
            2.364 0.654 -3.000,
            2.347 0.642 -3.000,
            2.330 0.631 -3.000,
            2.313 0.620 -3.000,
            2.295 0.611 -3.000,
            2.277 0.602 -3.000,
            2.258 0.594 -3.000,
            2.239 0.587 -3.000,
            2.220 0.580 -3.000,
            2.201 0.575 -3.000,
            2.181 0.570 -3.000,
            2.161 0.566 -3.000,
            2.141 0.563 -3.000,
            2.121 0.561 -3.000,
            2.093 0.559 -3.000,
            1.057 0.400 -3.000,
            0.840 0.400 -3.000,
            1.057 1.941 -3.000,
            0.388 1.941 -3.000,
            0.325 1.940 -3.000,
            0.279 1.937 -3.000,
            0.232 1.933 -3.000,
            0.204 1.929 -3.000,
            0.169 1.922 -3.000,
            0.143 1.916 -3.000,
            0.123 1.910 -3.000,
            0.105 1.905 -3.000,
            0.089 1.898 -3.000,
            0.074 1.892 -3.000,
            0.062 1.885 -3.000,
            0.046 1.876 -3.000,
            0.032 1.867 -3.000,
            0.021 1.858 -3.000,
            0.010 1.850 -3.000,
            -0.004 1.837 -3.000,
            -0.018 1.823 -3.000,
            -0.030 1.810 -3.000,
            -0.041 1.795 -3.000,
            -0.053 1.779 -3.000,
            -0.064 1.761 -3.000,
            -0.076 1.741 -3.000,
            -0.085 1.723 -3.000,
            -0.093 1.706 -3.000,
            -0.100 1.688 -3.000,
            -0.107 1.669 -3.000,
            -0.113 1.647 -3.000,
            -0.118 1.624 -3.000,
            -0.122 1.606 -3.000,
            -0.125 1.588 -3.000,
            -0.126 1.573 -3.000,
            -0.127 1.557 -3.000,
            -0.128 1.525 -3.000,
            -0.127 1.490 -3.000,
            -0.125 1.470 -3.000,
            -0.123 1.453 -3.000,
            -0.119 1.433 -3.000,
            -0.114 1.411 -3.000,
            -0.108 1.391 -3.000,
            -0.102 1.373 -3.000,
            -0.095 1.356 -3.000,
            -0.086 1.336 -3.000,
            -0.077 1.320 -3.000,
            -0.068 1.304 -3.000,
            -0.058 1.289 -3.000,
            -0.044 1.271 -3.000,
            -0.032 1.256 -3.000,
            -0.018 1.242 -3.000,
            -0.005 1.229 -3.000,
            0.005 1.220 -3.000,
            0.019 1.209 -3.000,
            0.035 1.198 -3.000,
            0.051 1.187 -3.000,
            0.067 1.178 -3.000,
            0.087 1.167 -3.000,
            0.115 1.155 -3.000,
            0.137 1.146 -3.000,
            0.159 1.138 -3.000,
            0.187 1.130 -3.000,
            0.212 1.124 -3.000,
            0.246 1.117 -3.000,
            0.280 1.111 -3.000,
            0.238 1.089 -3.000,
            0.218 1.077 -3.000,
            0.201 1.067 -3.000,
            0.191 1.060 -3.000,
            0.180 1.052 -3.000,
            0.161 1.035 -3.000,
            0.136 1.011 -3.000,
            0.119 0.993 -3.000,
            0.105 0.978 -3.000,
            0.082 0.950 -3.000,
            0.062 0.924 -3.000,
            0.043 0.897 -3.000,
            0.020 0.861 -3.000,
            -0.002 0.825 -3.000,
            0.118 0.992 -3.000,
            -0.255 0.400 -3.000,
            -0.006 0.400 -3.000,
            0.186 0.725 -3.000,
            0.274 0.866 -3.000,
            0.320 0.934 -3.000,
            0.347 0.970 -3.000,
            0.362 0.988 -3.000,
            0.376 1.003 -3.000,
            0.388 1.016 -3.000,
            0.397 1.024 -3.000,
            0.405 1.031 -3.000,
            0.421 1.043 -3.000,
            0.435 1.052 -3.000,
            0.446 1.059 -3.000,
            0.457 1.064 -3.000,
            0.469 1.070 -3.000,
            0.483 1.075 -3.000,
            0.510 1.084 -3.000,
            0.207 0.760 -3.000,
            0.529 1.087 -3.000,
            0.548 1.089 -3.000,
            0.582 1.091 -3.000,
            0.617 1.091 -3.000,
            0.840 1.091 -3.000,
            0.158 1.342 -3.000,
            0.147 1.354 -3.000,
            0.172 1.330 -3.000,
            0.138 1.366 -3.000,
            0.187 1.318 -3.000,
            0.130 1.377 -3.000,
            0.196 1.313 -3.000,
            0.124 1.388 -3.000,
            0.205 1.308 -3.000,
            0.118 1.398 -3.000,
            0.215 1.303 -3.000,
            0.114 1.408 -3.000,
            0.226 1.298 -3.000,
            0.237 1.294 -3.000,
            0.106 1.426 -3.000,
            0.249 1.290 -3.000,
            0.101 1.441 -3.000,
            0.266 1.285 -3.000,
            0.096 1.459 -3.000,
            0.094 1.469 -3.000,
            0.284 1.281 -3.000,
            0.092 1.482 -3.000,
            0.305 1.277 -3.000,
            0.090 1.495 -3.000,
            0.089 1.506 -3.000,
            0.330 1.274 -3.000,
            0.089 1.521 -3.000,
            0.362 1.271 -3.000,
            0.090 1.545 -3.000,
            0.092 1.561 -3.000,
            0.094 1.573 -3.000,
            0.096 1.585 -3.000,
            0.427 1.269 -3.000,
            0.100 1.598 -3.000,
            0.104 1.610 -3.000,
            0.108 1.622 -3.000,
            0.113 1.633 -3.000,
            0.119 1.644 -3.000,
            0.126 1.655 -3.000,
            0.133 1.665 -3.000,
            0.140 1.674 -3.000,
            0.147 1.682 -3.000,
            0.154 1.690 -3.000,
            0.161 1.697 -3.000,
            0.176 1.710 -3.000,
            0.191 1.720 -3.000,
            0.205 1.728 -3.000,
            0.219 1.735 -3.000,
            0.231 1.740 -3.000,
            0.840 1.269 -3.000,
            0.243 1.744 -3.000,
            0.261 1.750 -3.000,
            0.279 1.754 -3.000,
            0.297 1.757 -3.000,
            0.318 1.760 -3.000,
            0.338 1.762 -3.000,
            0.359 1.763 -3.000,
            0.380 1.763 -3.000,
            0.840 1.763 -3.000,
            0.840 1.763 -3.000,
            0.840 1.269 -3.000,
            0.380 1.763 -3.000,
            0.090 1.545 -3.000,
            0.089 1.521 -3.000,
            0.092 1.561 -3.000,
            0.094 1.573 -3.000,
            0.096 1.585 -3.000,
            0.100 1.598 -3.000,
            0.104 1.610 -3.000,
            0.108 1.622 -3.000,
            0.113 1.633 -3.000,
            0.119 1.644 -3.000,
            0.126 1.655 -3.000,
            0.133 1.665 -3.000,
            0.140 1.674 -3.000,
            0.147 1.682 -3.000,
            0.154 1.690 -3.000,
            0.161 1.697 -3.000,
            0.176 1.710 -3.000,
            0.191 1.720 -3.000,
            0.205 1.728 -3.000,
            0.219 1.735 -3.000,
            0.231 1.740 -3.000,
            0.243 1.744 -3.000,
            0.261 1.750 -3.000,
            0.279 1.754 -3.000,
            0.297 1.757 -3.000,
            0.318 1.760 -3.000,
            0.338 1.762 -3.000,
            0.359 1.763 -3.000,
            0.362 1.271 -3.000,
            0.427 1.269 -3.000,
            0.330 1.274 -3.000,
            0.305 1.277 -3.000,
            0.284 1.281 -3.000,
            0.266 1.285 -3.000,
            0.249 1.290 -3.000,
            0.237 1.294 -3.000,
            0.226 1.298 -3.000,
            0.215 1.303 -3.000,
            0.205 1.308 -3.000,
            0.196 1.313 -3.000,
            0.187 1.318 -3.000,
            0.172 1.330 -3.000,
            0.158 1.342 -3.000,
            0.147 1.354 -3.000,
            0.138 1.366 -3.000,
            0.130 1.377 -3.000,
            0.124 1.388 -3.000,
            0.118 1.398 -3.000,
            0.114 1.408 -3.000,
            0.106 1.426 -3.000,
            0.101 1.441 -3.000,
            0.096 1.459 -3.000,
            0.094 1.469 -3.000,
            0.092 1.482 -3.000,
            0.090 1.495 -3.000,
            0.089 1.506 -3.000,
            -0.484 0.400 -3.000,
            -1.432 0.400 -3.000,
            -0.484 1.941 -3.000,
            -0.701 1.941 -3.000,
            -0.701 0.578 -3.000,
            -1.432 0.578 -3.000,
            -1.459 0.400 -3.000,
            -1.689 0.400 -3.000,
            -2.070 1.941 -3.000,
            -2.315 1.941 -3.000,
            -2.927 0.400 -3.000,
            -2.697 0.400 -3.000,
            -2.521 0.874 -3.000,
            -1.865 0.874 -3.000,
            -2.456 1.052 -3.000,
            -1.930 1.052 -3.000,
            -2.306 1.457 -3.000,
            -2.193 1.763 -3.000,
            -2.176 1.698 -3.000,
            -2.169 1.674 -3.000,
            -2.153 1.626 -3.000,
            -2.134 1.578 -3.000,
            -2.116 1.537 -3.000,
            -2.102 1.507 -3.000,
            -2.088 1.479 -3.000,
            -1.930 1.052 -3.000,
            -2.088 1.479 -3.000,
            -2.176 1.698 -3.000,
            -2.193 1.763 -3.000,
            -2.153 1.626 -3.000,
            -2.169 1.674 -3.000,
            -2.134 1.578 -3.000,
            -2.116 1.537 -3.000,
            -2.102 1.507 -3.000,
            -2.174 1.690 -3.000,
            -2.289 1.504 -3.000,
            -2.306 1.457 -3.000,
            -2.456 1.052 -3.000,
            -3.092 0.400 -3.000,
            -3.670 0.400 -3.000,
            -3.092 1.941 -3.000,
            -3.669 1.941 -3.000,
            -3.718 1.940 -3.000,
            -3.767 1.937 -3.000,
            -3.794 1.934 -3.000,
            -3.816 1.931 -3.000,
            -3.841 1.927 -3.000,
            -3.867 1.921 -3.000,
            -3.894 1.914 -3.000,
            -3.918 1.907 -3.000,
            -3.937 1.900 -3.000,
            -3.955 1.892 -3.000,
            -3.971 1.884 -3.000,
            -3.989 1.874 -3.000,
            -4.005 1.864 -3.000,
            -4.021 1.853 -3.000,
            -4.036 1.842 -3.000,
            -4.051 1.830 -3.000,
            -4.064 1.817 -3.000,
            -4.077 1.803 -3.000,
            -4.089 1.789 -3.000,
            -4.100 1.774 -3.000,
            -4.112 1.757 -3.000,
            -4.124 1.737 -3.000,
            -4.134 1.719 -3.000,
            -4.143 1.702 -3.000,
            -4.150 1.685 -3.000,
            -4.157 1.666 -3.000,
            -4.163 1.648 -3.000,
            -4.168 1.629 -3.000,
            -4.172 1.610 -3.000,
            -4.175 1.593 -3.000,
            -4.177 1.576 -3.000,
            -4.178 1.542 -3.000,
            -4.177 1.521 -3.000,
            -4.176 1.506 -3.000,
            -4.175 1.494 -3.000,
            -4.172 1.476 -3.000,
            -4.168 1.457 -3.000,
            -4.162 1.439 -3.000,
            -4.156 1.421 -3.000,
            -4.149 1.404 -3.000,
            -4.141 1.387 -3.000,
            -4.132 1.371 -3.000,
            -4.122 1.355 -3.000,
            -4.111 1.339 -3.000,
            -4.100 1.324 -3.000,
            -4.087 1.309 -3.000,
            -4.074 1.295 -3.000,
            -4.060 1.283 -3.000,
            -4.046 1.271 -3.000,
            -4.031 1.259 -3.000,
            -4.015 1.248 -3.000,
            -3.999 1.238 -3.000,
            -3.987 1.231 -3.000,
            -3.973 1.223 -3.000,
            -3.947 1.210 -3.000,
            -3.983 1.198 -3.000,
            -4.005 1.190 -3.000,
            -4.026 1.180 -3.000,
            -4.045 1.171 -3.000,
            -4.062 1.161 -3.000,
            -4.078 1.151 -3.000,
            -4.093 1.140 -3.000,
            -4.108 1.128 -3.000,
            -4.122 1.116 -3.000,
            -4.135 1.103 -3.000,
            -4.148 1.089 -3.000,
            -4.160 1.075 -3.000,
            -4.171 1.060 -3.000,
            -4.183 1.042 -3.000,
            -4.193 1.025 -3.000,
            -4.200 1.011 -3.000,
            -4.209 0.993 -3.000,
            -4.215 0.976 -3.000,
            -4.221 0.958 -3.000,
            -4.226 0.939 -3.000,
            -4.231 0.920 -3.000,
            -4.234 0.901 -3.000,
            -4.236 0.886 -3.000,
            -4.237 0.871 -3.000,
            -4.238 0.841 -3.000,
            -4.236 0.807 -3.000,
            -4.235 0.787 -3.000,
            -4.232 0.769 -3.000,
            -4.229 0.748 -3.000,
            -4.224 0.729 -3.000,
            -4.219 0.709 -3.000,
            -4.212 0.689 -3.000,
            -4.205 0.669 -3.000,
            -4.195 0.647 -3.000,
            -4.184 0.626 -3.000,
            -4.174 0.607 -3.000,
            -4.163 0.590 -3.000,
            -4.152 0.574 -3.000,
            -4.141 0.559 -3.000,
            -4.129 0.545 -3.000,
            -4.116 0.531 -3.000,
            -4.102 0.517 -3.000,
            -4.088 0.506 -3.000,
            -4.073 0.495 -3.000,
            -4.057 0.484 -3.000,
            -4.041 0.474 -3.000,
            -4.024 0.465 -3.000,
            -4.003 0.456 -3.000,
            -3.981 0.446 -3.000,
            -3.959 0.438 -3.000,
            -3.935 0.431 -3.000,
            -3.907 0.423 -3.000,
            -3.877 0.417 -3.000,
            -3.845 0.411 -3.000,
            -3.797 0.406 -3.000,
            -3.748 0.402 -3.000,
            -3.709 0.401 -3.000,
            -3.943 0.648 -3.000,
            -3.956 0.661 -3.000,
            -3.928 0.635 -3.000,
            -3.966 0.674 -3.000,
            -3.920 0.629 -3.000,
            -3.975 0.686 -3.000,
            -3.911 0.623 -3.000,
            -3.983 0.698 -3.000,
            -3.901 0.618 -3.000,
            -3.989 0.709 -3.000,
            -3.891 0.612 -3.000,
            -3.994 0.719 -3.000,
            -3.880 0.607 -3.000,
            -3.999 0.729 -3.000,
            -3.868 0.602 -3.000,
            -4.006 0.748 -3.000,
            -3.850 0.596 -3.000,
            -4.010 0.763 -3.000,
            -3.833 0.591 -3.000,
            -4.014 0.777 -3.000,
            -4.016 0.788 -3.000,
            -3.806 0.585 -3.000,
            -4.018 0.802 -3.000,
            -4.019 0.816 -3.000,
            -3.784 0.582 -3.000,
            -3.762 0.580 -3.000,
            -4.020 0.845 -3.000,
            -3.732 0.579 -3.000,
            -4.019 0.874 -3.000,
            -4.017 0.893 -3.000,
            -4.015 0.906 -3.000,
            -3.674 0.578 -3.000,
            -4.012 0.919 -3.000,
            -4.008 0.932 -3.000,
            -4.004 0.945 -3.000,
            -3.999 0.957 -3.000,
            -3.994 0.969 -3.000,
            -3.988 0.981 -3.000,
            -3.981 0.992 -3.000,
            -3.974 1.003 -3.000,
            -3.966 1.014 -3.000,
            -3.958 1.024 -3.000,
            -3.949 1.032 -3.000,
            -3.941 1.041 -3.000,
            -3.932 1.048 -3.000,
            -3.922 1.055 -3.000,
            -3.912 1.062 -3.000,
            -3.903 1.068 -3.000,
            -3.893 1.073 -3.000,
            -3.884 1.077 -3.000,
            -3.865 1.085 -3.000,
            -3.848 1.090 -3.000,
            -3.830 1.095 -3.000,
            -3.309 0.578 -3.000,
            -3.810 1.099 -3.000,
            -3.901 1.358 -3.000,
            -3.911 1.369 -3.000,
            -3.888 1.347 -3.000,
            -3.920 1.380 -3.000,
            -3.874 1.337 -3.000,
            -3.927 1.390 -3.000,
            -3.933 1.400 -3.000,
            -3.858 1.326 -3.000,
            -3.937 1.409 -3.000,
            -3.849 1.322 -3.000,
            -3.834 1.315 -3.000,
            -3.945 1.427 -3.000,
            -3.951 1.443 -3.000,
            -3.812 1.307 -3.000,
            -3.954 1.456 -3.000,
            -3.798 1.303 -3.000,
            -3.956 1.467 -3.000,
            -3.787 1.301 -3.000,
            -3.783 1.103 -3.000,
            -3.958 1.480 -3.000,
            -3.775 1.298 -3.000,
            -3.762 1.296 -3.000,
            -3.745 1.108 -3.000,
            -3.960 1.494 -3.000,
            -3.961 1.522 -3.000,
            -3.720 1.292 -3.000,
            -3.707 1.110 -3.000,
            -3.707 1.291 -3.000,
            -3.960 1.550 -3.000,
            -3.689 1.290 -3.000,
            -3.678 1.111 -3.000,
            -3.649 1.111 -3.000,
            -3.958 1.569 -3.000,
            -3.956 1.582 -3.000,
            -3.953 1.594 -3.000,
            -3.949 1.607 -3.000,
            -3.627 1.289 -3.000,
            -3.945 1.619 -3.000,
            -3.940 1.632 -3.000,
            -3.935 1.644 -3.000,
            -3.929 1.655 -3.000,
            -3.922 1.666 -3.000,
            -3.915 1.676 -3.000,
            -3.908 1.686 -3.000,
            -3.900 1.695 -3.000,
            -3.309 1.111 -3.000,
            -3.892 1.703 -3.000,
            -3.884 1.710 -3.000,
            -3.876 1.716 -3.000,
            -3.867 1.722 -3.000,
            -3.858 1.727 -3.000,
            -3.848 1.732 -3.000,
            -3.309 1.289 -3.000,
            -3.839 1.736 -3.000,
            -3.820 1.743 -3.000,
            -3.802 1.748 -3.000,
            -3.785 1.751 -3.000,
            -3.755 1.756 -3.000,
            -3.715 1.760 -3.000,
            -3.686 1.761 -3.000,
            -3.659 1.763 -3.000,
            -3.603 1.763 -3.000,
            -3.309 1.763 -3.000,
            -3.309 1.763 -3.000,
            -3.309 1.289 -3.000,
            -3.603 1.763 -3.000,
            -3.960 1.550 -3.000,
            -3.961 1.522 -3.000,
            -3.956 1.582 -3.000,
            -3.958 1.569 -3.000,
            -3.953 1.594 -3.000,
            -3.949 1.607 -3.000,
            -3.945 1.619 -3.000,
            -3.940 1.632 -3.000,
            -3.935 1.644 -3.000,
            -3.929 1.655 -3.000,
            -3.922 1.666 -3.000,
            -3.915 1.676 -3.000,
            -3.908 1.686 -3.000,
            -3.900 1.695 -3.000,
            -3.892 1.703 -3.000,
            -3.884 1.710 -3.000,
            -3.876 1.716 -3.000,
            -3.867 1.722 -3.000,
            -3.858 1.727 -3.000,
            -3.848 1.732 -3.000,
            -3.839 1.736 -3.000,
            -3.820 1.743 -3.000,
            -3.802 1.748 -3.000,
            -3.785 1.751 -3.000,
            -3.755 1.756 -3.000,
            -3.715 1.760 -3.000,
            -3.686 1.761 -3.000,
            -3.659 1.763 -3.000,
            -3.959 1.560 -3.000,
            -3.834 1.315 -3.000,
            -3.812 1.307 -3.000,
            -3.849 1.322 -3.000,
            -3.858 1.326 -3.000,
            -3.874 1.337 -3.000,
            -3.888 1.347 -3.000,
            -3.901 1.358 -3.000,
            -3.911 1.369 -3.000,
            -3.920 1.380 -3.000,
            -3.927 1.390 -3.000,
            -3.933 1.400 -3.000,
            -3.937 1.409 -3.000,
            -3.945 1.427 -3.000,
            -3.951 1.443 -3.000,
            -3.954 1.456 -3.000,
            -3.956 1.467 -3.000,
            -3.958 1.480 -3.000,
            -3.960 1.494 -3.000,
            -3.707 1.291 -3.000,
            -3.689 1.290 -3.000,
            -3.720 1.292 -3.000,
            -3.762 1.296 -3.000,
            -3.775 1.298 -3.000,
            -3.787 1.301 -3.000,
            -3.798 1.303 -3.000,
            -3.658 1.289 -3.000,
            -3.627 1.289 -3.000,
            -3.309 1.111 -3.000,
            -3.309 0.578 -3.000,
            -3.649 1.111 -3.000,
            -4.019 0.874 -3.000,
            -4.020 0.845 -3.000,
            -4.017 0.893 -3.000,
            -4.015 0.906 -3.000,
            -4.012 0.919 -3.000,
            -4.008 0.932 -3.000,
            -4.004 0.945 -3.000,
            -3.999 0.957 -3.000,
            -3.994 0.969 -3.000,
            -3.988 0.981 -3.000,
            -3.981 0.992 -3.000,
            -3.974 1.003 -3.000,
            -3.966 1.014 -3.000,
            -3.958 1.024 -3.000,
            -3.949 1.032 -3.000,
            -3.941 1.041 -3.000,
            -3.932 1.048 -3.000,
            -3.922 1.055 -3.000,
            -3.912 1.062 -3.000,
            -3.903 1.068 -3.000,
            -3.893 1.073 -3.000,
            -3.884 1.077 -3.000,
            -3.865 1.085 -3.000,
            -3.848 1.090 -3.000,
            -3.830 1.095 -3.000,
            -3.810 1.099 -3.000,
            -3.783 1.103 -3.000,
            -3.745 1.108 -3.000,
            -3.707 1.110 -3.000,
            -3.678 1.111 -3.000,
            -3.833 0.591 -3.000,
            -3.806 0.585 -3.000,
            -3.868 0.602 -3.000,
            -3.850 0.596 -3.000,
            -3.880 0.607 -3.000,
            -3.891 0.612 -3.000,
            -3.901 0.618 -3.000,
            -3.911 0.623 -3.000,
            -3.920 0.629 -3.000,
            -3.928 0.635 -3.000,
            -3.943 0.648 -3.000,
            -3.956 0.661 -3.000,
            -3.966 0.674 -3.000,
            -3.975 0.686 -3.000,
            -3.983 0.698 -3.000,
            -3.989 0.709 -3.000,
            -3.994 0.719 -3.000,
            -3.999 0.729 -3.000,
            -4.006 0.748 -3.000,
            -4.010 0.763 -3.000,
            -4.014 0.777 -3.000,
            -4.016 0.788 -3.000,
            -4.018 0.802 -3.000,
            -4.019 0.816 -3.000,
            -3.838 0.593 -3.000,
            -3.732 0.579 -3.000,
            -3.674 0.578 -3.000,
            -3.762 0.580 -3.000,
            -3.784 0.582 -3.000,
            -5.081 0.380 -3.000,
            -5.044 0.381 -3.000,
            -5.016 0.382 -3.000,
            -4.958 0.387 -3.000,
            -4.920 0.391 -3.000,
            -4.885 0.398 -3.000,
            -4.854 0.404 -3.000,
            -4.823 0.413 -3.000,
            -4.793 0.422 -3.000,
            -4.766 0.432 -3.000,
            -4.745 0.441 -3.000,
            -4.726 0.450 -3.000,
            -4.707 0.460 -3.000,
            -4.689 0.470 -3.000,
            -4.671 0.481 -3.000,
            -4.654 0.492 -3.000,
            -4.637 0.505 -3.000,
            -4.621 0.518 -3.000,
            -4.606 0.532 -3.000,
            -4.590 0.547 -3.000,
            -4.577 0.560 -3.000,
            -4.562 0.578 -3.000,
            -4.547 0.597 -3.000,
            -4.533 0.616 -3.000,
            -4.522 0.634 -3.000,
            -4.508 0.657 -3.000,
            -4.497 0.678 -3.000,
            -4.485 0.702 -3.000,
            -4.476 0.725 -3.000,
            -4.469 0.744 -3.000,
            -4.460 0.770 -3.000,
            -4.454 0.794 -3.000,
            -4.448 0.818 -3.000,
            -4.444 0.842 -3.000,
            -4.440 0.867 -3.000,
            -4.438 0.892 -3.000,
            -4.436 0.913 -3.000,
            -4.435 0.933 -3.000,
            -5.030 0.381 -3.000,
            -4.653 0.933 -3.000,
            -4.660 0.882 -3.000,
            -4.664 0.858 -3.000,
            -4.670 0.833 -3.000,
            -4.678 0.808 -3.000,
            -4.685 0.788 -3.000,
            -4.693 0.768 -3.000,
            -4.701 0.752 -3.000,
            -4.708 0.739 -3.000,
            -4.715 0.727 -3.000,
            -4.725 0.711 -3.000,
            -4.737 0.696 -3.000,
            -4.749 0.682 -3.000,
            -4.763 0.668 -3.000,
            -4.777 0.656 -3.000,
            -4.787 0.648 -3.000,
            -4.802 0.637 -3.000,
            -4.820 0.625 -3.000,
            -4.837 0.615 -3.000,
            -4.853 0.607 -3.000,
            -4.870 0.599 -3.000,
            -4.889 0.591 -3.000,
            -4.911 0.583 -3.000,
            -4.934 0.576 -3.000,
            -4.955 0.570 -3.000,
            -4.976 0.566 -3.000,
            -4.998 0.563 -3.000,
            -5.020 0.560 -3.000,
            -5.045 0.559 -3.000,
            -5.071 0.558 -3.000,
            -5.112 0.559 -3.000,
            -5.131 0.561 -3.000,
            -5.151 0.564 -3.000,
            -5.178 0.568 -3.000,
            -5.201 0.574 -3.000,
            -5.219 0.579 -3.000,
            -5.237 0.585 -3.000,
            -5.254 0.592 -3.000,
            -5.271 0.599 -3.000,
            -5.289 0.608 -3.000,
            -5.298 0.614 -3.000,
            -5.315 0.625 -3.000,
            -5.330 0.636 -3.000,
            -5.344 0.648 -3.000,
            -5.356 0.660 -3.000,
            -5.366 0.672 -3.000,
            -5.375 0.683 -3.000,
            -5.382 0.694 -3.000,
            -5.388 0.704 -3.000,
            -5.393 0.713 -3.000,
            -5.402 0.731 -3.000,
            -5.408 0.746 -3.000,
            -5.413 0.759 -3.000,
            -5.416 0.770 -3.000,
            -5.420 0.789 -3.000,
            -5.422 0.808 -3.000,
            -5.423 0.827 -3.000,
            -5.123 0.560 -3.000,
            -5.422 0.851 -3.000,
            -5.420 0.866 -3.000,
            -5.418 0.876 -3.000,
            -5.413 0.895 -3.000,
            -5.406 0.912 -3.000,
            -5.399 0.926 -3.000,
            -5.391 0.939 -3.000,
            -5.383 0.950 -3.000,
            -5.375 0.960 -3.000,
            -5.367 0.969 -3.000,
            -5.359 0.976 -3.000,
            -5.344 0.988 -3.000,
            -5.331 0.998 -3.000,
            -5.315 1.008 -3.000,
            -5.299 1.017 -3.000,
            -5.279 1.026 -3.000,
            -5.259 1.035 -3.000,
            -5.421 0.860 -3.000,
            -5.246 1.040 -3.000,
            -5.229 1.046 -3.000,
            -5.171 1.065 -3.000,
            -4.914 1.135 -3.000,
            -4.826 1.163 -3.000,
            -4.773 1.183 -3.000,
            -4.747 1.194 -3.000,
            -4.722 1.206 -3.000,
            -4.681 1.229 -3.000,
            -4.663 1.240 -3.000,
            -4.645 1.252 -3.000,
            -4.630 1.263 -3.000,
            -4.615 1.276 -3.000,
            -4.602 1.288 -3.000,
            -4.588 1.301 -3.000,
            -4.575 1.316 -3.000,
            -4.564 1.330 -3.000,
            -4.553 1.345 -3.000,
            -4.543 1.359 -3.000,
            -4.534 1.376 -3.000,
            -4.525 1.393 -3.000,
            -4.521 1.405 -3.000,
            -4.514 1.422 -3.000,
            -4.508 1.441 -3.000,
            -4.503 1.458 -3.000,
            -4.500 1.476 -3.000,
            -4.497 1.491 -3.000,
            -4.496 1.507 -3.000,
            -4.495 1.539 -3.000,
            -4.496 1.571 -3.000,
            -4.498 1.590 -3.000,
            -4.500 1.608 -3.000,
            -4.504 1.626 -3.000,
            -4.509 1.644 -3.000,
            -4.515 1.663 -3.000,
            -4.522 1.682 -3.000,
            -4.530 1.701 -3.000,
            -4.539 1.719 -3.000,
            -4.548 1.736 -3.000,
            -4.557 1.752 -3.000,
            -4.568 1.768 -3.000,
            -4.581 1.785 -3.000,
            -4.593 1.799 -3.000,
            -4.605 1.812 -3.000,
            -4.619 1.826 -3.000,
            -4.632 1.838 -3.000,
            -4.648 1.850 -3.000,
            -4.666 1.863 -3.000,
            -4.683 1.875 -3.000,
            -4.699 1.884 -3.000,
            -4.722 1.895 -3.000,
            -4.748 1.908 -3.000,
            -4.770 1.917 -3.000,
            -4.792 1.924 -3.000,
            -4.814 1.931 -3.000,
            -4.836 1.937 -3.000,
            -4.858 1.943 -3.000,
            -4.881 1.947 -3.000,
            -4.904 1.951 -3.000,
            -4.930 1.955 -3.000,
            -4.954 1.957 -3.000,
            -4.992 1.960 -3.000,
            -5.030 1.961 -3.000,
            -5.098 1.958 -3.000,
            -5.125 1.956 -3.000,
            -5.158 1.952 -3.000,
            -5.184 1.948 -3.000,
            -5.209 1.943 -3.000,
            -5.232 1.938 -3.000,
            -5.255 1.932 -3.000,
            -5.277 1.925 -3.000,
            -5.299 1.917 -3.000,
            -5.321 1.909 -3.000,
            -5.343 1.899 -3.000,
            -5.364 1.889 -3.000,
            -5.384 1.878 -3.000,
            -5.401 1.868 -3.000,
            -5.417 1.857 -3.000,
            -5.435 1.844 -3.000,
            -5.453 1.830 -3.000,
            -5.467 1.817 -3.000,
            -5.480 1.803 -3.000,
            -5.494 1.788 -3.000,
            -5.506 1.774 -3.000,
            -5.518 1.759 -3.000,
            -5.530 1.740 -3.000,
            -5.541 1.722 -3.000,
            -5.551 1.704 -3.000,
            -5.559 1.687 -3.000,
            -5.567 1.668 -3.000,
            -5.574 1.649 -3.000,
            -5.581 1.629 -3.000,
            -5.587 1.608 -3.000,
            -5.591 1.588 -3.000,
            -5.595 1.568 -3.000,
            -5.597 1.554 -3.000,
            -5.599 1.537 -3.000,
            -5.601 1.506 -3.000,
            -5.112 1.957 -3.000,
            -5.384 1.506 -3.000,
            -5.379 1.540 -3.000,
            -5.375 1.557 -3.000,
            -5.371 1.575 -3.000,
            -5.365 1.592 -3.000,
            -5.359 1.611 -3.000,
            -5.353 1.625 -3.000,
            -5.346 1.637 -3.000,
            -5.340 1.649 -3.000,
            -5.333 1.661 -3.000,
            -5.325 1.671 -3.000,
            -5.317 1.681 -3.000,
            -5.309 1.691 -3.000,
            -5.300 1.700 -3.000,
            -5.292 1.708 -3.000,
            -5.283 1.715 -3.000,
            -5.274 1.721 -3.000,
            -5.266 1.727 -3.000,
            -5.249 1.738 -3.000,
            -5.233 1.746 -3.000,
            -5.218 1.753 -3.000,
            -5.200 1.759 -3.000,
            -5.183 1.765 -3.000,
            -5.164 1.770 -3.000,
            -5.143 1.774 -3.000,
            -5.122 1.778 -3.000,
            -5.101 1.780 -3.000,
            -5.086 1.781 -3.000,
            -5.070 1.782 -3.000,
            -5.038 1.783 -3.000,
            -5.001 1.782 -3.000,
            -4.976 1.780 -3.000,
            -4.948 1.777 -3.000,
            -4.923 1.773 -3.000,
            -4.905 1.770 -3.000,
            -4.887 1.765 -3.000,
            -4.868 1.759 -3.000,
            -4.850 1.752 -3.000,
            -4.841 1.748 -3.000,
            -4.831 1.743 -3.000,
            -4.814 1.733 -3.000,
            -4.800 1.723 -3.000,
            -4.787 1.713 -3.000,
            -4.776 1.702 -3.000,
            -4.766 1.692 -3.000,
            -4.758 1.682 -3.000,
            -4.751 1.673 -3.000,
            -4.744 1.665 -3.000,
            -4.734 1.648 -3.000,
            -4.727 1.633 -3.000,
            -4.723 1.620 -3.000,
            -4.719 1.609 -3.000,
            -4.715 1.591 -3.000,
            -4.713 1.572 -3.000,
            -4.712 1.553 -3.000,
            -4.713 1.530 -3.000,
            -4.715 1.515 -3.000,
            -4.719 1.497 -3.000,
            -4.724 1.482 -3.000,
            -4.729 1.470 -3.000,
            -4.734 1.460 -3.000,
            -4.744 1.445 -3.000,
            -4.755 1.430 -3.000,
            -4.767 1.417 -3.000,
            -4.781 1.405 -3.000,
            -4.791 1.399 -3.000,
            -4.800 1.393 -3.000,
            -4.812 1.386 -3.000,
            -4.829 1.378 -3.000,
            -4.851 1.369 -3.000,
            -4.887 1.355 -3.000,
            -4.944 1.336 -3.000,
            -5.002 1.320 -3.000,
            -5.115 1.291 -3.000,
            -5.254 1.253 -3.000,
            -5.314 1.233 -3.000,
            -5.344 1.222 -3.000,
            -5.373 1.210 -3.000,
            -5.410 1.192 -3.000,
            -5.433 1.180 -3.000,
            -5.459 1.164 -3.000,
            -5.478 1.151 -3.000,
            -5.494 1.139 -3.000,
            -5.510 1.126 -3.000,
            -5.526 1.112 -3.000,
            -5.541 1.096 -3.000,
            -5.554 1.082 -3.000,
            -5.566 1.066 -3.000,
            -5.578 1.050 -3.000,
            -5.588 1.034 -3.000,
            -5.597 1.019 -3.000,
            -5.604 1.005 -3.000,
            -5.612 0.988 -3.000,
            -5.619 0.968 -3.000,
            -5.625 0.950 -3.000,
            -5.630 0.932 -3.000,
            -5.634 0.911 -3.000,
            -5.637 0.892 -3.000,
            -5.639 0.878 -3.000,
            -5.640 0.865 -3.000,
            -5.640 0.837 -3.000,
            -5.639 0.804 -3.000,
            -5.637 0.784 -3.000,
            -5.635 0.771 -3.000,
            -5.632 0.753 -3.000,
            -5.627 0.735 -3.000,
            -5.622 0.715 -3.000,
            -5.615 0.696 -3.000,
            -5.608 0.677 -3.000,
            -5.600 0.658 -3.000,
            -5.590 0.640 -3.000,
            -5.580 0.622 -3.000,
            -5.569 0.604 -3.000,
            -5.556 0.586 -3.000,
            -5.544 0.570 -3.000,
            -5.532 0.556 -3.000,
            -5.519 0.542 -3.000,
            -5.502 0.526 -3.000,
            -5.486 0.511 -3.000,
            -5.469 0.498 -3.000,
            -5.451 0.485 -3.000,
            -5.431 0.472 -3.000,
            -5.409 0.459 -3.000,
            -5.388 0.447 -3.000,
            -5.362 0.435 -3.000,
            -5.336 0.425 -3.000,
            -5.310 0.415 -3.000,
            -5.287 0.408 -3.000,
            -5.265 0.402 -3.000,
            -5.243 0.397 -3.000,
            -5.221 0.393 -3.000,
            -5.199 0.389 -3.000,
            -5.177 0.386 -3.000,
            -5.155 0.383 -3.000,
            -5.118 0.381 -3.000,
            7.189 -1.813 -3.000,
            7.154 -1.811 -3.000,
            7.135 -1.810 -3.000,
            7.111 -1.807 -3.000,
            7.088 -1.803 -3.000,
            7.069 -1.798 -3.000,
            7.051 -1.793 -3.000,
            7.029 -1.785 -3.000,
            7.010 -1.778 -3.000,
            6.993 -1.770 -3.000,
            6.976 -1.761 -3.000,
            6.959 -1.751 -3.000,
            6.943 -1.740 -3.000,
            6.926 -1.728 -3.000,
            6.911 -1.716 -3.000,
            6.897 -1.703 -3.000,
            6.884 -1.690 -3.000,
            6.870 -1.675 -3.000,
            6.858 -1.661 -3.000,
            6.847 -1.645 -3.000,
            6.833 -1.625 -3.000,
            6.822 -1.606 -3.000,
            6.813 -1.590 -3.000,
            6.804 -1.571 -3.000,
            6.791 -1.541 -3.000,
            6.782 -1.518 -3.000,
            6.773 -1.493 -3.000,
            6.769 -1.477 -3.000,
            6.764 -1.460 -3.000,
            6.757 -1.427 -3.000,
            6.539 -1.477 -3.000,
            6.556 -1.535 -3.000,
            6.562 -1.555 -3.000,
            6.576 -1.593 -3.000,
            6.590 -1.626 -3.000,
            6.606 -1.659 -3.000,
            6.622 -1.687 -3.000,
            6.637 -1.712 -3.000,
            6.653 -1.737 -3.000,
            6.670 -1.761 -3.000,
            6.687 -1.781 -3.000,
            6.702 -1.799 -3.000,
            6.719 -1.816 -3.000,
            6.736 -1.833 -3.000,
            6.754 -1.848 -3.000,
            6.772 -1.864 -3.000,
            6.791 -1.878 -3.000,
            6.811 -1.891 -3.000,
            6.831 -1.904 -3.000,
            6.852 -1.916 -3.000,
            6.873 -1.927 -3.000,
            6.894 -1.937 -3.000,
            6.916 -1.946 -3.000,
            6.938 -1.954 -3.000,
            6.961 -1.961 -3.000,
            6.984 -1.968 -3.000,
            7.007 -1.973 -3.000,
            7.030 -1.978 -3.000,
            7.054 -1.982 -3.000,
            7.077 -1.985 -3.000,
            7.101 -1.988 -3.000,
            7.135 -1.990 -3.000,
            7.168 -1.991 -3.000,
            6.557 -1.538 -3.000,
            7.236 -1.989 -3.000,
            7.270 -1.986 -3.000,
            7.311 -1.981 -3.000,
            7.348 -1.975 -3.000,
            7.385 -1.967 -3.000,
            7.418 -1.958 -3.000,
            7.445 -1.950 -3.000,
            7.468 -1.941 -3.000,
            7.491 -1.931 -3.000,
            7.514 -1.921 -3.000,
            7.536 -1.909 -3.000,
            7.558 -1.897 -3.000,
            7.579 -1.883 -3.000,
            7.599 -1.868 -3.000,
            7.619 -1.853 -3.000,
            7.638 -1.837 -3.000,
            7.656 -1.820 -3.000,
            7.673 -1.802 -3.000,
            7.690 -1.783 -3.000,
            7.706 -1.764 -3.000,
            7.721 -1.744 -3.000,
            7.735 -1.724 -3.000,
            7.749 -1.703 -3.000,
            7.762 -1.681 -3.000,
            7.774 -1.659 -3.000,
            7.785 -1.637 -3.000,
            7.795 -1.615 -3.000,
            7.805 -1.592 -3.000,
            7.818 -1.561 -3.000,
            7.830 -1.525 -3.000,
            7.841 -1.490 -3.000,
            7.851 -1.453 -3.000,
            7.859 -1.417 -3.000,
            7.866 -1.380 -3.000,
            7.872 -1.343 -3.000,
            7.877 -1.306 -3.000,
            7.880 -1.269 -3.000,
            7.882 -1.229 -3.000,
            7.883 -1.189 -3.000,
            7.880 -1.109 -3.000,
            7.877 -1.069 -3.000,
            7.871 -1.025 -3.000,
            7.863 -0.981 -3.000,
            7.854 -0.937 -3.000,
            7.843 -0.898 -3.000,
            7.831 -0.863 -3.000,
            7.819 -0.829 -3.000,
            7.804 -0.795 -3.000,
            7.790 -0.766 -3.000,
            7.775 -0.740 -3.000,
            7.760 -0.714 -3.000,
            7.744 -0.690 -3.000,
            7.726 -0.666 -3.000,
            7.708 -0.643 -3.000,
            7.688 -0.620 -3.000,
            7.670 -0.601 -3.000,
            7.653 -0.585 -3.000,
            7.635 -0.569 -3.000,
            7.616 -0.554 -3.000,
            7.597 -0.540 -3.000,
            7.577 -0.526 -3.000,
            7.557 -0.513 -3.000,
            7.536 -0.501 -3.000,
            7.515 -0.490 -3.000,
            7.493 -0.480 -3.000,
            7.471 -0.470 -3.000,
            7.449 -0.460 -3.000,
            7.427 -0.452 -3.000,
            7.404 -0.445 -3.000,
            7.381 -0.438 -3.000,
            7.358 -0.432 -3.000,
            7.334 -0.426 -3.000,
            7.311 -0.422 -3.000,
            7.287 -0.418 -3.000,
            7.263 -0.415 -3.000,
            7.240 -0.413 -3.000,
            7.206 -0.411 -3.000,
            7.173 -0.410 -3.000,
            7.118 -0.412 -3.000,
            7.091 -0.414 -3.000,
            7.059 -0.418 -3.000,
            7.028 -0.424 -3.000,
            6.999 -0.430 -3.000,
            6.972 -0.437 -3.000,
            6.948 -0.445 -3.000,
            6.925 -0.453 -3.000,
            6.902 -0.463 -3.000,
            6.880 -0.474 -3.000,
            6.858 -0.485 -3.000,
            6.837 -0.498 -3.000,
            6.816 -0.511 -3.000,
            6.796 -0.526 -3.000,
            6.776 -0.541 -3.000,
            6.758 -0.557 -3.000,
            6.740 -0.574 -3.000,
            6.722 -0.592 -3.000,
            6.707 -0.609 -3.000,
            6.695 -0.624 -3.000,
            6.683 -0.640 -3.000,
            6.671 -0.656 -3.000,
            6.660 -0.673 -3.000,
            6.649 -0.690 -3.000,
            6.640 -0.708 -3.000,
            6.630 -0.726 -3.000,
            6.621 -0.744 -3.000,
            6.613 -0.762 -3.000,
            6.605 -0.780 -3.000,
            6.598 -0.799 -3.000,
            6.588 -0.828 -3.000,
            6.579 -0.858 -3.000,
            6.796 -0.905 -3.000,
            6.811 -0.862 -3.000,
            6.821 -0.834 -3.000,
            6.834 -0.806 -3.000,
            6.845 -0.784 -3.000,
            6.856 -0.765 -3.000,
            6.867 -0.748 -3.000,
            6.879 -0.730 -3.000,
            6.891 -0.715 -3.000,
            6.903 -0.701 -3.000,
            6.916 -0.687 -3.000,
            6.930 -0.674 -3.000,
            6.939 -0.666 -3.000,
            6.948 -0.659 -3.000,
            6.963 -0.649 -3.000,
            6.979 -0.638 -3.000,
            6.995 -0.630 -3.000,
            7.013 -0.621 -3.000,
            7.031 -0.614 -3.000,
            7.049 -0.607 -3.000,
            7.066 -0.602 -3.000,
            7.085 -0.597 -3.000,
            7.105 -0.594 -3.000,
            7.126 -0.591 -3.000,
            7.140 -0.590 -3.000,
            7.155 -0.589 -3.000,
            7.183 -0.588 -3.000,
            7.220 -0.589 -3.000,
            7.241 -0.590 -3.000,
            7.268 -0.594 -3.000,
            7.292 -0.598 -3.000,
            7.312 -0.602 -3.000,
            7.332 -0.607 -3.000,
            7.354 -0.615 -3.000,
            7.372 -0.621 -3.000,
            7.391 -0.629 -3.000,
            7.409 -0.638 -3.000,
            7.425 -0.647 -3.000,
            7.440 -0.656 -3.000,
            7.457 -0.667 -3.000,
            7.472 -0.679 -3.000,
            7.492 -0.696 -3.000,
            7.508 -0.711 -3.000,
            7.522 -0.725 -3.000,
            7.534 -0.739 -3.000,
            7.548 -0.756 -3.000,
            7.559 -0.771 -3.000,
            7.570 -0.788 -3.000,
            7.582 -0.808 -3.000,
            7.593 -0.829 -3.000,
            7.602 -0.848 -3.000,
            7.609 -0.866 -3.000,
            7.618 -0.892 -3.000,
            7.630 -0.930 -3.000,
            7.641 -0.975 -3.000,
            7.651 -1.019 -3.000,
            7.658 -1.066 -3.000,
            7.661 -1.090 -3.000,
            7.663 -1.115 -3.000,
            7.665 -1.151 -3.000,
            7.665 -1.188 -3.000,
            7.663 -1.262 -3.000,
            7.661 -1.293 -3.000,
            7.656 -1.338 -3.000,
            7.652 -1.367 -3.000,
            7.647 -1.396 -3.000,
            7.641 -1.423 -3.000,
            7.635 -1.449 -3.000,
            7.627 -1.476 -3.000,
            7.619 -1.502 -3.000,
            7.610 -1.527 -3.000,
            7.600 -1.550 -3.000,
            7.590 -1.573 -3.000,
            7.579 -1.593 -3.000,
            7.569 -1.611 -3.000,
            7.558 -1.628 -3.000,
            7.546 -1.645 -3.000,
            7.534 -1.659 -3.000,
            7.521 -1.674 -3.000,
            7.508 -1.688 -3.000,
            7.494 -1.701 -3.000,
            7.480 -1.713 -3.000,
            7.470 -1.721 -3.000,
            7.455 -1.732 -3.000,
            7.437 -1.743 -3.000,
            7.414 -1.756 -3.000,
            7.391 -1.768 -3.000,
            7.371 -1.777 -3.000,
            7.352 -1.784 -3.000,
            7.333 -1.791 -3.000,
            7.305 -1.799 -3.000,
            7.285 -1.803 -3.000,
            7.267 -1.807 -3.000,
            7.246 -1.809 -3.000,
            7.232 -1.811 -3.000,
            7.217 -1.812 -3.000,
            6.302 -1.971 -3.000,
            6.085 -1.971 -3.000,
            6.302 -0.430 -3.000,
            5.975 -0.430 -3.000,
            5.631 -1.511 -3.000,
            5.561 -1.737 -3.000,
            5.486 -1.493 -3.000,
            5.145 -0.430 -3.000,
            4.821 -0.430 -3.000,
            4.821 -1.971 -3.000,
            5.038 -1.971 -3.000,
            5.038 -0.667 -3.000,
            5.449 -1.971 -3.000,
            5.676 -1.971 -3.000,
            6.085 -0.667 -3.000,
            4.369 -1.773 -3.000,
            3.615 -1.773 -3.000,
            3.615 -1.971 -3.000,
            4.623 -1.971 -3.000,
            4.623 -1.940 -3.000,
            4.621 -1.921 -3.000,
            4.619 -1.901 -3.000,
            4.615 -1.881 -3.000,
            4.613 -1.869 -3.000,
            4.610 -1.857 -3.000,
            4.602 -1.834 -3.000,
            4.585 -1.789 -3.000,
            4.576 -1.767 -3.000,
            4.563 -1.741 -3.000,
            4.550 -1.718 -3.000,
            4.536 -1.694 -3.000,
            4.522 -1.672 -3.000,
            4.507 -1.650 -3.000,
            4.491 -1.628 -3.000,
            4.477 -1.611 -3.000,
            4.460 -1.591 -3.000,
            4.440 -1.568 -3.000,
            4.419 -1.546 -3.000,
            4.390 -1.518 -3.000,
            4.346 -1.477 -3.000,
            4.297 -1.435 -3.000,
            4.247 -1.394 -3.000,
            4.582 -1.780 -3.000,
            4.089 -1.257 -3.000,
            4.014 -1.184 -3.000,
            3.960 -1.127 -3.000,
            3.941 -1.105 -3.000,
            3.920 -1.080 -3.000,
            3.903 -1.056 -3.000,
            3.889 -1.035 -3.000,
            3.879 -1.018 -3.000,
            3.870 -1.000 -3.000,
            3.861 -0.981 -3.000,
            3.853 -0.963 -3.000,
            3.847 -0.946 -3.000,
            3.843 -0.932 -3.000,
            3.839 -0.914 -3.000,
            3.835 -0.895 -3.000,
            3.833 -0.876 -3.000,
            3.833 -0.857 -3.000,
            3.834 -0.836 -3.000,
            3.835 -0.822 -3.000,
            3.837 -0.810 -3.000,
            3.840 -0.795 -3.000,
            3.843 -0.783 -3.000,
            3.847 -0.773 -3.000,
            3.851 -0.762 -3.000,
            3.857 -0.750 -3.000,
            3.863 -0.738 -3.000,
            3.869 -0.729 -3.000,
            3.876 -0.719 -3.000,
            3.883 -0.710 -3.000,
            3.890 -0.701 -3.000,
            3.897 -0.694 -3.000,
            3.909 -0.681 -3.000,
            3.923 -0.669 -3.000,
            3.937 -0.658 -3.000,
            3.950 -0.650 -3.000,
            3.967 -0.640 -3.000,
            3.978 -0.635 -3.000,
            3.989 -0.630 -3.000,
            3.998 -0.626 -3.000,
            4.017 -0.620 -3.000,
            4.036 -0.615 -3.000,
            4.055 -0.612 -3.000,
            4.074 -0.610 -3.000,
            4.094 -0.608 -3.000,
            4.114 -0.608 -3.000,
            4.144 -0.609 -3.000,
            4.163 -0.610 -3.000,
            4.183 -0.613 -3.000,
            4.195 -0.615 -3.000,
            4.209 -0.619 -3.000,
            4.227 -0.624 -3.000,
            4.245 -0.630 -3.000,
            4.257 -0.636 -3.000,
            4.269 -0.641 -3.000,
            4.279 -0.647 -3.000,
            4.289 -0.653 -3.000,
            4.299 -0.660 -3.000,
            4.308 -0.666 -3.000,
            4.316 -0.672 -3.000,
            4.330 -0.686 -3.000,
            4.343 -0.699 -3.000,
            4.353 -0.712 -3.000,
            4.362 -0.724 -3.000,
            4.370 -0.736 -3.000,
            4.376 -0.748 -3.000,
            4.381 -0.758 -3.000,
            4.385 -0.768 -3.000,
            4.392 -0.787 -3.000,
            4.396 -0.803 -3.000,
            4.399 -0.816 -3.000,
            4.401 -0.827 -3.000,
            4.403 -0.841 -3.000,
            4.404 -0.856 -3.000,
            4.406 -0.884 -3.000,
            4.146 -0.609 -3.000,
            4.603 -0.864 -3.000,
            4.599 -0.833 -3.000,
            4.596 -0.810 -3.000,
            4.591 -0.783 -3.000,
            4.586 -0.762 -3.000,
            4.579 -0.738 -3.000,
            4.572 -0.716 -3.000,
            4.564 -0.694 -3.000,
            4.556 -0.677 -3.000,
            4.547 -0.659 -3.000,
            4.536 -0.639 -3.000,
            4.525 -0.621 -3.000,
            4.514 -0.605 -3.000,
            4.503 -0.590 -3.000,
            4.490 -0.576 -3.000,
            4.476 -0.561 -3.000,
            4.462 -0.548 -3.000,
            4.448 -0.535 -3.000,
            4.433 -0.524 -3.000,
            4.418 -0.512 -3.000,
            4.401 -0.501 -3.000,
            4.385 -0.492 -3.000,
            4.368 -0.483 -3.000,
            4.348 -0.474 -3.000,
            4.327 -0.466 -3.000,
            4.306 -0.458 -3.000,
            4.284 -0.452 -3.000,
            4.264 -0.446 -3.000,
            4.236 -0.441 -3.000,
            4.205 -0.436 -3.000,
            4.173 -0.432 -3.000,
            4.141 -0.431 -3.000,
            4.109 -0.430 -3.000,
            4.061 -0.431 -3.000,
            4.037 -0.433 -3.000,
            4.008 -0.437 -3.000,
            3.981 -0.442 -3.000,
            3.955 -0.448 -3.000,
            3.931 -0.454 -3.000,
            3.910 -0.461 -3.000,
            3.892 -0.469 -3.000,
            3.873 -0.477 -3.000,
            3.854 -0.486 -3.000,
            3.835 -0.497 -3.000,
            3.818 -0.508 -3.000,
            3.803 -0.518 -3.000,
            3.788 -0.530 -3.000,
            3.773 -0.542 -3.000,
            3.757 -0.558 -3.000,
            3.742 -0.573 -3.000,
            3.729 -0.588 -3.000,
            3.716 -0.604 -3.000,
            3.706 -0.619 -3.000,
            3.695 -0.635 -3.000,
            3.685 -0.653 -3.000,
            3.676 -0.670 -3.000,
            3.667 -0.688 -3.000,
            3.660 -0.706 -3.000,
            3.654 -0.723 -3.000,
            3.649 -0.742 -3.000,
            3.644 -0.765 -3.000,
            3.640 -0.787 -3.000,
            3.638 -0.805 -3.000,
            3.637 -0.817 -3.000,
            3.636 -0.830 -3.000,
            3.635 -0.855 -3.000,
            4.056 -0.432 -3.000,
            3.636 -0.888 -3.000,
            3.638 -0.908 -3.000,
            3.641 -0.928 -3.000,
            3.644 -0.948 -3.000,
            3.649 -0.970 -3.000,
            3.657 -0.997 -3.000,
            3.664 -1.021 -3.000,
            3.673 -1.043 -3.000,
            3.682 -1.065 -3.000,
            3.694 -1.089 -3.000,
            3.708 -1.114 -3.000,
            3.724 -1.140 -3.000,
            3.741 -1.165 -3.000,
            3.759 -1.189 -3.000,
            3.777 -1.213 -3.000,
            3.796 -1.236 -3.000,
            3.816 -1.258 -3.000,
            3.837 -1.280 -3.000,
            3.893 -1.337 -3.000,
            3.947 -1.387 -3.000,
            4.063 -1.487 -3.000,
            3.637 -0.901 -3.000,
            4.206 -1.607 -3.000,
            4.277 -1.668 -3.000,
            4.302 -1.692 -3.000,
            4.318 -1.709 -3.000,
            4.333 -1.726 -3.000,
            4.351 -1.749 -3.000,
            2.919 -1.991 -3.000,
            2.947 -1.990 -3.000,
            2.968 -1.989 -3.000,
            2.992 -1.987 -3.000,
            3.018 -1.983 -3.000,
            3.042 -1.978 -3.000,
            3.064 -1.973 -3.000,
            3.085 -1.967 -3.000,
            3.106 -1.960 -3.000,
            3.126 -1.952 -3.000,
            3.145 -1.944 -3.000,
            3.162 -1.935 -3.000,
            3.182 -1.924 -3.000,
            3.201 -1.911 -3.000,
            3.219 -1.899 -3.000,
            3.234 -1.887 -3.000,
            3.248 -1.874 -3.000,
            3.263 -1.860 -3.000,
            3.278 -1.844 -3.000,
            3.292 -1.829 -3.000,
            3.305 -1.813 -3.000,
            3.317 -1.796 -3.000,
            3.328 -1.778 -3.000,
            3.339 -1.760 -3.000,
            3.349 -1.740 -3.000,
            3.358 -1.721 -3.000,
            3.366 -1.700 -3.000,
            3.373 -1.681 -3.000,
            3.379 -1.662 -3.000,
            3.384 -1.642 -3.000,
            3.388 -1.622 -3.000,
            3.392 -1.602 -3.000,
            3.395 -1.579 -3.000,
            3.398 -1.556 -3.000,
            2.969 -1.989 -3.000,
            3.201 -1.536 -3.000,
            3.194 -1.572 -3.000,
            3.189 -1.593 -3.000,
            3.183 -1.613 -3.000,
            3.176 -1.634 -3.000,
            3.169 -1.651 -3.000,
            3.164 -1.663 -3.000,
            3.156 -1.680 -3.000,
            3.150 -1.690 -3.000,
            3.144 -1.700 -3.000,
            3.137 -1.709 -3.000,
            3.126 -1.724 -3.000,
            3.113 -1.738 -3.000,
            3.100 -1.751 -3.000,
            3.087 -1.761 -3.000,
            3.075 -1.770 -3.000,
            3.063 -1.777 -3.000,
            3.052 -1.783 -3.000,
            3.042 -1.788 -3.000,
            3.032 -1.792 -3.000,
            3.014 -1.799 -3.000,
            2.995 -1.804 -3.000,
            2.982 -1.807 -3.000,
            2.972 -1.809 -3.000,
            2.959 -1.810 -3.000,
            2.945 -1.812 -3.000,
            2.918 -1.813 -3.000,
            2.888 -1.812 -3.000,
            2.869 -1.810 -3.000,
            2.849 -1.806 -3.000,
            2.831 -1.802 -3.000,
            2.812 -1.797 -3.000,
            2.794 -1.790 -3.000,
            2.781 -1.785 -3.000,
            2.769 -1.778 -3.000,
            2.758 -1.772 -3.000,
            2.748 -1.766 -3.000,
            2.733 -1.755 -3.000,
            2.722 -1.746 -3.000,
            2.712 -1.737 -3.000,
            2.703 -1.729 -3.000,
            2.695 -1.719 -3.000,
            2.682 -1.704 -3.000,
            2.671 -1.688 -3.000,
            2.661 -1.673 -3.000,
            2.652 -1.656 -3.000,
            2.643 -1.639 -3.000,
            2.636 -1.621 -3.000,
            2.629 -1.603 -3.000,
            2.624 -1.586 -3.000,
            2.620 -1.567 -3.000,
            2.615 -1.544 -3.000,
            2.612 -1.523 -3.000,
            2.610 -1.502 -3.000,
            2.609 -1.491 -3.000,
            2.608 -1.478 -3.000,
            2.608 -1.454 -3.000,
            2.609 -1.415 -3.000,
            2.611 -1.394 -3.000,
            2.614 -1.373 -3.000,
            2.618 -1.352 -3.000,
            2.623 -1.331 -3.000,
            2.629 -1.312 -3.000,
            2.635 -1.294 -3.000,
            2.643 -1.276 -3.000,
            2.650 -1.263 -3.000,
            2.656 -1.252 -3.000,
            2.663 -1.241 -3.000,
            2.674 -1.225 -3.000,
            2.682 -1.216 -3.000,
            2.689 -1.207 -3.000,
            2.696 -1.200 -3.000,
            2.703 -1.193 -3.000,
            2.718 -1.180 -3.000,
            2.732 -1.170 -3.000,
            2.746 -1.161 -3.000,
            2.759 -1.154 -3.000,
            2.771 -1.148 -3.000,
            2.783 -1.144 -3.000,
            2.793 -1.140 -3.000,
            2.811 -1.134 -3.000,
            2.830 -1.130 -3.000,
            2.850 -1.126 -3.000,
            2.868 -1.124 -3.000,
            2.880 -1.123 -3.000,
            2.892 -1.122 -3.000,
            2.917 -1.121 -3.000,
            2.952 -1.123 -3.000,
            2.970 -1.125 -3.000,
            2.989 -1.128 -3.000,
            3.009 -1.132 -3.000,
            3.026 -1.137 -3.000,
            3.042 -1.143 -3.000,
            3.056 -1.149 -3.000,
            3.069 -1.155 -3.000,
            3.080 -1.162 -3.000,
            3.090 -1.168 -3.000,
            3.106 -1.179 -3.000,
            3.120 -1.191 -3.000,
            3.134 -1.203 -3.000,
            3.143 -1.212 -3.000,
            3.150 -1.219 -3.000,
            3.158 -1.229 -3.000,
            3.166 -1.239 -3.000,
            3.181 -1.260 -3.000,
            2.963 -1.124 -3.000,
            3.378 -1.240 -3.000,
            3.220 -0.450 -3.000,
            2.489 -0.450 -3.000,
            2.489 -0.647 -3.000,
            3.059 -0.647 -3.000,
            3.137 -1.046 -3.000,
            3.105 -1.022 -3.000,
            3.088 -1.011 -3.000,
            3.069 -1.000 -3.000,
            3.049 -0.989 -3.000,
            3.028 -0.979 -3.000,
            3.010 -0.972 -3.000,
            2.991 -0.965 -3.000,
            2.972 -0.959 -3.000,
            2.955 -0.954 -3.000,
            2.934 -0.950 -3.000,
            2.916 -0.947 -3.000,
            2.902 -0.945 -3.000,
            2.889 -0.944 -3.000,
            2.863 -0.943 -3.000,
            2.838 -0.944 -3.000,
            2.821 -0.945 -3.000,
            2.802 -0.947 -3.000,
            2.784 -0.950 -3.000,
            2.764 -0.954 -3.000,
            2.744 -0.958 -3.000,
            2.724 -0.964 -3.000,
            2.704 -0.971 -3.000,
            2.687 -0.978 -3.000,
            2.669 -0.987 -3.000,
            2.652 -0.996 -3.000,
            2.634 -1.006 -3.000,
            2.616 -1.018 -3.000,
            2.599 -1.030 -3.000,
            2.582 -1.044 -3.000,
            2.565 -1.060 -3.000,
            2.549 -1.075 -3.000,
            2.534 -1.091 -3.000,
            2.518 -1.110 -3.000,
            2.505 -1.126 -3.000,
            2.492 -1.145 -3.000,
            2.482 -1.160 -3.000,
            2.472 -1.178 -3.000,
            2.462 -1.198 -3.000,
            2.452 -1.221 -3.000,
            2.444 -1.241 -3.000,
            2.437 -1.260 -3.000,
            2.430 -1.285 -3.000,
            2.423 -1.314 -3.000,
            2.418 -1.338 -3.000,
            2.415 -1.361 -3.000,
            2.412 -1.389 -3.000,
            2.411 -1.416 -3.000,
            2.410 -1.442 -3.000,
            2.411 -1.472 -3.000,
            2.412 -1.494 -3.000,
            2.415 -1.521 -3.000,
            2.419 -1.549 -3.000,
            2.424 -1.578 -3.000,
            2.431 -1.606 -3.000,
            2.438 -1.632 -3.000,
            2.446 -1.654 -3.000,
            2.454 -1.677 -3.000,
            2.464 -1.698 -3.000,
            2.474 -1.720 -3.000,
            2.486 -1.741 -3.000,
            2.497 -1.759 -3.000,
            2.508 -1.776 -3.000,
            2.518 -1.790 -3.000,
            2.528 -1.803 -3.000,
            2.552 -1.832 -3.000,
            2.567 -1.849 -3.000,
            2.582 -1.864 -3.000,
            2.597 -1.878 -3.000,
            2.614 -1.891 -3.000,
            2.631 -1.904 -3.000,
            2.648 -1.916 -3.000,
            2.666 -1.927 -3.000,
            2.685 -1.937 -3.000,
            2.703 -1.946 -3.000,
            2.723 -1.955 -3.000,
            2.741 -1.962 -3.000,
            2.758 -1.968 -3.000,
            2.778 -1.973 -3.000,
            2.805 -1.979 -3.000,
            2.827 -1.984 -3.000,
            2.850 -1.987 -3.000,
            2.871 -1.989 -3.000,
            2.895 -1.990 -3.000,
            1.620 -1.971 -3.000,
            1.422 -1.971 -3.000,
            1.620 -1.595 -3.000,
            2.292 -1.595 -3.000,
            2.292 -1.398 -3.000,
            1.561 -0.450 -3.000,
            1.422 -0.450 -3.000,
            1.422 -1.398 -3.000,
            1.225 -1.398 -3.000,
            1.225 -1.595 -3.000,
            1.422 -1.595 -3.000,
            1.620 -1.398 -3.000,
            2.048 -1.398 -3.000,
            1.620 -0.843 -3.000,
            2.048 -1.398 -3.000,
            1.620 -1.398 -3.000,
            1.620 -0.843 -3.000,
            1.067 -1.516 -3.000,
            0.494 -1.516 -3.000,
            1.067 -1.339 -3.000,
            0.494 -1.339 -3.000,
            0.166 -1.842 -3.000,
            0.194 -1.801 -3.000,
            0.205 -1.783 -3.000,
            0.215 -1.763 -3.000,
            0.227 -1.738 -3.000,
            0.238 -1.712 -3.000,
            0.248 -1.687 -3.000,
            0.257 -1.660 -3.000,
            0.265 -1.637 -3.000,
            0.272 -1.610 -3.000,
            0.280 -1.579 -3.000,
            0.289 -1.538 -3.000,
            0.297 -1.491 -3.000,
            0.303 -1.444 -3.000,
            0.308 -1.397 -3.000,
            0.312 -1.350 -3.000,
            0.315 -1.280 -3.000,
            0.316 -1.211 -3.000,
            0.313 -1.094 -3.000,
            0.308 -1.018 -3.000,
            0.298 -0.932 -3.000,
            0.290 -0.889 -3.000,
            0.278 -0.831 -3.000,
            0.268 -0.794 -3.000,
            0.256 -0.756 -3.000,
            0.244 -0.722 -3.000,
            0.233 -0.696 -3.000,
            0.221 -0.672 -3.000,
            0.209 -0.649 -3.000,
            0.196 -0.627 -3.000,
            0.184 -0.609 -3.000,
            0.169 -0.588 -3.000,
            0.156 -0.571 -3.000,
            0.143 -0.556 -3.000,
            0.128 -0.542 -3.000,
            0.113 -0.528 -3.000,
            0.098 -0.516 -3.000,
            0.082 -0.504 -3.000,
            0.067 -0.494 -3.000,
            0.050 -0.484 -3.000,
            0.031 -0.474 -3.000,
            0.015 -0.466 -3.000,
            -0.000 -0.460 -3.000,
            -0.017 -0.454 -3.000,
            -0.037 -0.448 -3.000,
            -0.061 -0.442 -3.000,
            -0.083 -0.437 -3.000,
            -0.106 -0.434 -3.000,
            -0.129 -0.432 -3.000,
            -0.153 -0.430 -3.000,
            -0.178 -0.430 -3.000,
            0.315 -1.145 -3.000,
            -0.221 -0.432 -3.000,
            -0.243 -0.433 -3.000,
            -0.264 -0.436 -3.000,
            -0.286 -0.440 -3.000,
            -0.307 -0.445 -3.000,
            -0.327 -0.451 -3.000,
            -0.348 -0.458 -3.000,
            -0.369 -0.466 -3.000,
            -0.387 -0.475 -3.000,
            -0.405 -0.484 -3.000,
            -0.421 -0.493 -3.000,
            -0.438 -0.504 -3.000,
            -0.454 -0.515 -3.000,
            -0.469 -0.527 -3.000,
            -0.483 -0.540 -3.000,
            -0.497 -0.553 -3.000,
            -0.510 -0.567 -3.000,
            -0.522 -0.582 -3.000,
            -0.533 -0.597 -3.000,
            -0.544 -0.614 -3.000,
            -0.556 -0.636 -3.000,
            -0.570 -0.661 -3.000,
            -0.584 -0.692 -3.000,
            -0.600 -0.730 -3.000,
            -0.616 -0.775 -3.000,
            -0.630 -0.820 -3.000,
            -0.643 -0.872 -3.000,
            -0.651 -0.915 -3.000,
            -0.657 -0.955 -3.000,
            -0.662 -0.995 -3.000,
            -0.667 -1.053 -3.000,
            -0.670 -1.109 -3.000,
            -0.671 -1.160 -3.000,
            -0.672 -1.211 -3.000,
            -0.669 -1.327 -3.000,
            -0.662 -1.421 -3.000,
            -0.656 -1.472 -3.000,
            -0.645 -1.536 -3.000,
            -0.637 -1.578 -3.000,
            -0.627 -1.617 -3.000,
            -0.616 -1.652 -3.000,
            -0.604 -1.687 -3.000,
            -0.590 -1.721 -3.000,
            -0.578 -1.748 -3.000,
            -0.567 -1.768 -3.000,
            -0.557 -1.786 -3.000,
            -0.546 -1.803 -3.000,
            -0.534 -1.820 -3.000,
            -0.522 -1.837 -3.000,
            -0.509 -1.853 -3.000,
            -0.496 -1.866 -3.000,
            -0.482 -1.880 -3.000,
            -0.468 -1.893 -3.000,
            -0.452 -1.906 -3.000,
            -0.436 -1.918 -3.000,
            -0.421 -1.928 -3.000,
            -0.405 -1.938 -3.000,
            -0.387 -1.947 -3.000,
            -0.369 -1.955 -3.000,
            -0.349 -1.963 -3.000,
            -0.330 -1.969 -3.000,
            -0.312 -1.974 -3.000,
            -0.288 -1.980 -3.000,
            -0.263 -1.984 -3.000,
            -0.240 -1.987 -3.000,
            -0.225 -1.989 -3.000,
            -0.209 -1.990 -3.000,
            -0.178 -1.991 -3.000,
            -0.671 -1.277 -3.000,
            -0.135 -1.989 -3.000,
            -0.113 -1.987 -3.000,
            -0.090 -1.984 -3.000,
            -0.068 -1.980 -3.000,
            -0.048 -1.975 -3.000,
            -0.026 -1.969 -3.000,
            -0.006 -1.963 -3.000,
            0.011 -1.956 -3.000,
            0.029 -1.949 -3.000,
            0.046 -1.940 -3.000,
            0.063 -1.930 -3.000,
            0.080 -1.919 -3.000,
            0.097 -1.907 -3.000,
            0.114 -1.895 -3.000,
            0.128 -1.882 -3.000,
            0.141 -1.870 -3.000,
            0.152 -1.858 -3.000,
            -0.124 -1.988 -3.000,
            -0.006 -1.742 -3.000,
            0.006 -1.730 -3.000,
            -0.018 -1.753 -3.000,
            0.018 -1.716 -3.000,
            -0.034 -1.765 -3.000,
            0.030 -1.702 -3.000,
            0.036 -1.693 -3.000,
            -0.044 -1.773 -3.000,
            0.042 -1.684 -3.000,
            -0.054 -1.779 -3.000,
            0.048 -1.674 -3.000,
            -0.063 -1.785 -3.000,
            0.054 -1.663 -3.000,
            -0.081 -1.793 -3.000,
            0.059 -1.652 -3.000,
            -0.097 -1.799 -3.000,
            0.067 -1.634 -3.000,
            -0.110 -1.803 -3.000,
            0.075 -1.611 -3.000,
            -0.121 -1.806 -3.000,
            -0.135 -1.809 -3.000,
            0.082 -1.586 -3.000,
            -0.149 -1.811 -3.000,
            -0.161 -1.812 -3.000,
            0.089 -1.558 -3.000,
            -0.178 -1.813 -3.000,
            0.097 -1.520 -3.000,
            -0.203 -1.811 -3.000,
            -0.220 -1.809 -3.000,
            0.102 -1.485 -3.000,
            -0.232 -1.807 -3.000,
            -0.243 -1.804 -3.000,
            -0.255 -1.801 -3.000,
            -0.267 -1.796 -3.000,
            0.110 -1.417 -3.000,
            -0.279 -1.791 -3.000,
            -0.291 -1.785 -3.000,
            -0.303 -1.778 -3.000,
            -0.313 -1.771 -3.000,
            0.116 -1.335 -3.000,
            -0.324 -1.764 -3.000,
            -0.338 -1.753 -3.000,
            -0.352 -1.739 -3.000,
            -0.365 -1.726 -3.000,
            0.119 -1.210 -3.000,
            -0.377 -1.712 -3.000,
            -0.386 -1.701 -3.000,
            0.118 -1.145 -3.000,
            -0.394 -1.689 -3.000,
            -0.401 -1.678 -3.000,
            -0.408 -1.666 -3.000,
            0.115 -1.079 -3.000,
            -0.416 -1.649 -3.000,
            -0.423 -1.631 -3.000,
            0.110 -1.011 -3.000,
            -0.431 -1.609 -3.000,
            0.102 -0.937 -3.000,
            -0.439 -1.583 -3.000,
            -0.445 -1.555 -3.000,
            0.094 -0.893 -3.000,
            0.086 -0.857 -3.000,
            -0.453 -1.517 -3.000,
            0.077 -0.823 -3.000,
            -0.461 -1.465 -3.000,
            0.067 -0.792 -3.000,
            0.060 -0.772 -3.000,
            -0.468 -1.387 -3.000,
            0.052 -0.754 -3.000,
            0.044 -0.738 -3.000,
            0.029 -0.713 -3.000,
            0.017 -0.698 -3.000,
            0.005 -0.684 -3.000,
            -0.009 -0.671 -3.000,
            -0.472 -1.315 -3.000,
            -0.474 -1.262 -3.000,
            -0.018 -0.663 -3.000,
            -0.028 -0.655 -3.000,
            -0.042 -0.645 -3.000,
            -0.474 -1.210 -3.000,
            -0.059 -0.635 -3.000,
            -0.471 -1.085 -3.000,
            -0.069 -0.630 -3.000,
            -0.079 -0.626 -3.000,
            -0.091 -0.621 -3.000,
            -0.105 -0.617 -3.000,
            -0.119 -0.613 -3.000,
            -0.465 -0.993 -3.000,
            -0.136 -0.610 -3.000,
            -0.152 -0.609 -3.000,
            -0.459 -0.947 -3.000,
            -0.176 -0.608 -3.000,
            -0.191 -0.608 -3.000,
            -0.452 -0.901 -3.000,
            -0.203 -0.609 -3.000,
            -0.217 -0.611 -3.000,
            -0.445 -0.863 -3.000,
            -0.231 -0.613 -3.000,
            -0.241 -0.616 -3.000,
            -0.437 -0.832 -3.000,
            -0.430 -0.809 -3.000,
            -0.254 -0.619 -3.000,
            -0.423 -0.790 -3.000,
            -0.269 -0.625 -3.000,
            -0.287 -0.633 -3.000,
            -0.416 -0.772 -3.000,
            -0.410 -0.760 -3.000,
            -0.296 -0.638 -3.000,
            -0.405 -0.749 -3.000,
            -0.399 -0.739 -3.000,
            -0.306 -0.643 -3.000,
            -0.393 -0.729 -3.000,
            -0.316 -0.650 -3.000,
            -0.327 -0.658 -3.000,
            -0.387 -0.720 -3.000,
            -0.375 -0.706 -3.000,
            -0.339 -0.667 -3.000,
            -0.363 -0.691 -3.000,
            -0.350 -0.678 -3.000,
            0.044 -0.738 -3.000,
            0.029 -0.713 -3.000,
            0.052 -0.754 -3.000,
            0.060 -0.772 -3.000,
            0.067 -0.792 -3.000,
            0.077 -0.823 -3.000,
            0.086 -0.857 -3.000,
            0.094 -0.893 -3.000,
            0.102 -0.937 -3.000,
            0.110 -1.011 -3.000,
            0.115 -1.079 -3.000,
            0.118 -1.145 -3.000,
            0.119 -1.210 -3.000,
            -0.152 -0.609 -3.000,
            -0.176 -0.608 -3.000,
            -0.119 -0.613 -3.000,
            -0.136 -0.610 -3.000,
            -0.105 -0.617 -3.000,
            -0.091 -0.621 -3.000,
            -0.079 -0.626 -3.000,
            -0.069 -0.630 -3.000,
            -0.059 -0.635 -3.000,
            -0.042 -0.645 -3.000,
            -0.028 -0.655 -3.000,
            -0.018 -0.663 -3.000,
            -0.009 -0.671 -3.000,
            0.005 -0.684 -3.000,
            0.017 -0.698 -3.000,
            -0.145 -0.609 -3.000,
            -0.471 -1.085 -3.000,
            -0.474 -1.210 -3.000,
            -0.465 -0.993 -3.000,
            -0.459 -0.947 -3.000,
            -0.452 -0.901 -3.000,
            -0.445 -0.863 -3.000,
            -0.437 -0.832 -3.000,
            -0.430 -0.809 -3.000,
            -0.423 -0.790 -3.000,
            -0.416 -0.772 -3.000,
            -0.410 -0.760 -3.000,
            -0.405 -0.749 -3.000,
            -0.399 -0.739 -3.000,
            -0.393 -0.729 -3.000,
            -0.387 -0.720 -3.000,
            -0.375 -0.706 -3.000,
            -0.363 -0.691 -3.000,
            -0.350 -0.678 -3.000,
            -0.339 -0.667 -3.000,
            -0.327 -0.658 -3.000,
            -0.316 -0.650 -3.000,
            -0.306 -0.643 -3.000,
            -0.296 -0.638 -3.000,
            -0.287 -0.633 -3.000,
            -0.269 -0.625 -3.000,
            -0.254 -0.619 -3.000,
            -0.241 -0.616 -3.000,
            -0.231 -0.613 -3.000,
            -0.217 -0.611 -3.000,
            -0.203 -0.609 -3.000,
            -0.191 -0.608 -3.000,
            -0.203 -1.811 -3.000,
            -0.178 -1.813 -3.000,
            -0.232 -1.807 -3.000,
            -0.220 -1.809 -3.000,
            -0.243 -1.804 -3.000,
            -0.255 -1.801 -3.000,
            -0.267 -1.796 -3.000,
            -0.279 -1.791 -3.000,
            -0.291 -1.785 -3.000,
            -0.303 -1.778 -3.000,
            -0.313 -1.771 -3.000,
            -0.324 -1.764 -3.000,
            -0.338 -1.753 -3.000,
            -0.352 -1.739 -3.000,
            -0.365 -1.726 -3.000,
            -0.377 -1.712 -3.000,
            -0.386 -1.701 -3.000,
            -0.394 -1.689 -3.000,
            -0.401 -1.678 -3.000,
            -0.408 -1.666 -3.000,
            -0.416 -1.649 -3.000,
            -0.423 -1.631 -3.000,
            -0.431 -1.609 -3.000,
            -0.439 -1.583 -3.000,
            -0.445 -1.555 -3.000,
            -0.453 -1.517 -3.000,
            -0.461 -1.465 -3.000,
            -0.468 -1.387 -3.000,
            -0.472 -1.315 -3.000,
            -0.474 -1.262 -3.000,
            -0.208 -1.811 -3.000,
            0.116 -1.335 -3.000,
            0.110 -1.417 -3.000,
            0.102 -1.485 -3.000,
            0.097 -1.520 -3.000,
            0.089 -1.558 -3.000,
            0.082 -1.586 -3.000,
            0.075 -1.611 -3.000,
            0.067 -1.634 -3.000,
            0.059 -1.652 -3.000,
            0.054 -1.663 -3.000,
            0.048 -1.674 -3.000,
            0.042 -1.684 -3.000,
            0.036 -1.693 -3.000,
            0.030 -1.702 -3.000,
            0.018 -1.716 -3.000,
            0.006 -1.730 -3.000,
            -0.006 -1.742 -3.000,
            -0.018 -1.753 -3.000,
            -0.034 -1.765 -3.000,
            -0.044 -1.773 -3.000,
            -0.054 -1.779 -3.000,
            -0.063 -1.785 -3.000,
            -0.081 -1.793 -3.000,
            -0.097 -1.799 -3.000,
            -0.110 -1.803 -3.000,
            -0.121 -1.806 -3.000,
            -0.135 -1.809 -3.000,
            -0.149 -1.811 -3.000,
            -0.161 -1.812 -3.000,
            -1.348 -1.991 -3.000,
            -1.320 -1.990 -3.000,
            -1.300 -1.989 -3.000,
            -1.276 -1.987 -3.000,
            -1.249 -1.983 -3.000,
            -1.225 -1.978 -3.000,
            -1.204 -1.973 -3.000,
            -1.182 -1.967 -3.000,
            -1.162 -1.960 -3.000,
            -1.141 -1.952 -3.000,
            -1.123 -1.944 -3.000,
            -1.106 -1.935 -3.000,
            -1.085 -1.924 -3.000,
            -1.066 -1.911 -3.000,
            -1.049 -1.899 -3.000,
            -1.033 -1.887 -3.000,
            -1.019 -1.874 -3.000,
            -1.004 -1.860 -3.000,
            -0.989 -1.844 -3.000,
            -0.975 -1.829 -3.000,
            -0.963 -1.813 -3.000,
            -0.951 -1.796 -3.000,
            -0.939 -1.778 -3.000,
            -0.928 -1.760 -3.000,
            -0.918 -1.740 -3.000,
            -0.909 -1.721 -3.000,
            -0.901 -1.700 -3.000,
            -0.895 -1.681 -3.000,
            -0.889 -1.662 -3.000,
            -0.884 -1.642 -3.000,
            -0.879 -1.622 -3.000,
            -0.875 -1.602 -3.000,
            -0.872 -1.579 -3.000,
            -0.869 -1.556 -3.000,
            -1.067 -1.536 -3.000,
            -1.074 -1.572 -3.000,
            -1.078 -1.593 -3.000,
            -1.084 -1.613 -3.000,
            -1.091 -1.634 -3.000,
            -1.098 -1.651 -3.000,
            -1.103 -1.663 -3.000,
            -1.112 -1.680 -3.000,
            -1.118 -1.690 -3.000,
            -1.124 -1.700 -3.000,
            -1.130 -1.709 -3.000,
            -1.142 -1.724 -3.000,
            -1.155 -1.738 -3.000,
            -1.167 -1.751 -3.000,
            -1.180 -1.761 -3.000,
            -1.192 -1.770 -3.000,
            -1.204 -1.777 -3.000,
            -1.215 -1.783 -3.000,
            -1.225 -1.788 -3.000,
            -1.235 -1.792 -3.000,
            -1.253 -1.799 -3.000,
            -1.272 -1.804 -3.000,
            -1.285 -1.807 -3.000,
            -1.296 -1.809 -3.000,
            -1.309 -1.810 -3.000,
            -1.322 -1.812 -3.000,
            -1.349 -1.813 -3.000,
            -1.379 -1.812 -3.000,
            -1.399 -1.810 -3.000,
            -1.418 -1.806 -3.000,
            -1.436 -1.802 -3.000,
            -1.455 -1.797 -3.000,
            -1.473 -1.790 -3.000,
            -1.486 -1.785 -3.000,
            -1.499 -1.778 -3.000,
            -1.510 -1.772 -3.000,
            -1.520 -1.766 -3.000,
            -1.535 -1.755 -3.000,
            -1.546 -1.746 -3.000,
            -1.556 -1.737 -3.000,
            -1.564 -1.729 -3.000,
            -1.573 -1.719 -3.000,
            -1.585 -1.704 -3.000,
            -1.597 -1.688 -3.000,
            -1.607 -1.673 -3.000,
            -1.616 -1.656 -3.000,
            -1.624 -1.639 -3.000,
            -1.631 -1.621 -3.000,
            -1.638 -1.603 -3.000,
            -1.643 -1.586 -3.000,
            -1.648 -1.567 -3.000,
            -1.652 -1.544 -3.000,
            -1.655 -1.523 -3.000,
            -1.658 -1.502 -3.000,
            -1.658 -1.491 -3.000,
            -1.659 -1.478 -3.000,
            -1.660 -1.454 -3.000,
            -1.384 -1.811 -3.000,
            -1.658 -1.415 -3.000,
            -1.656 -1.394 -3.000,
            -1.653 -1.373 -3.000,
            -1.649 -1.352 -3.000,
            -1.644 -1.331 -3.000,
            -1.639 -1.312 -3.000,
            -1.632 -1.294 -3.000,
            -1.624 -1.276 -3.000,
            -1.618 -1.263 -3.000,
            -1.611 -1.252 -3.000,
            -1.604 -1.241 -3.000,
            -1.593 -1.225 -3.000,
            -1.586 -1.216 -3.000,
            -1.579 -1.207 -3.000,
            -1.572 -1.200 -3.000,
            -1.564 -1.193 -3.000,
            -1.550 -1.180 -3.000,
            -1.535 -1.170 -3.000,
            -1.522 -1.161 -3.000,
            -1.509 -1.154 -3.000,
            -1.496 -1.148 -3.000,
            -1.485 -1.144 -3.000,
            -1.474 -1.140 -3.000,
            -1.456 -1.134 -3.000,
            -1.437 -1.130 -3.000,
            -1.418 -1.126 -3.000,
            -1.400 -1.124 -3.000,
            -1.388 -1.123 -3.000,
            -1.375 -1.122 -3.000,
            -1.350 -1.121 -3.000,
            -1.316 -1.123 -3.000,
            -1.297 -1.125 -3.000,
            -1.278 -1.128 -3.000,
            -1.258 -1.132 -3.000,
            -1.241 -1.137 -3.000,
            -1.225 -1.143 -3.000,
            -1.211 -1.149 -3.000,
            -1.199 -1.155 -3.000,
            -1.187 -1.162 -3.000,
            -1.177 -1.168 -3.000,
            -1.162 -1.179 -3.000,
            -1.147 -1.191 -3.000,
            -1.133 -1.203 -3.000,
            -1.124 -1.212 -3.000,
            -1.117 -1.219 -3.000,
            -1.109 -1.229 -3.000,
            -1.101 -1.239 -3.000,
            -1.087 -1.260 -3.000,
            -0.889 -1.240 -3.000,
            -1.047 -0.450 -3.000,
            -1.778 -0.450 -3.000,
            -1.778 -0.647 -3.000,
            -1.209 -0.647 -3.000,
            -1.130 -1.046 -3.000,
            -1.163 -1.022 -3.000,
            -1.180 -1.011 -3.000,
            -1.199 -1.000 -3.000,
            -1.219 -0.989 -3.000,
            -1.239 -0.979 -3.000,
            -1.258 -0.972 -3.000,
            -1.277 -0.965 -3.000,
            -1.295 -0.959 -3.000,
            -1.313 -0.954 -3.000,
            -1.333 -0.950 -3.000,
            -1.352 -0.947 -3.000,
            -1.365 -0.945 -3.000,
            -1.378 -0.944 -3.000,
            -1.405 -0.943 -3.000,
            -1.163 -1.022 -3.000,
            -1.429 -0.944 -3.000,
            -1.447 -0.945 -3.000,
            -1.465 -0.947 -3.000,
            -1.483 -0.950 -3.000,
            -1.503 -0.954 -3.000,
            -1.523 -0.958 -3.000,
            -1.543 -0.964 -3.000,
            -1.563 -0.971 -3.000,
            -1.581 -0.978 -3.000,
            -1.598 -0.987 -3.000,
            -1.616 -0.996 -3.000,
            -1.634 -1.006 -3.000,
            -1.651 -1.018 -3.000,
            -1.668 -1.030 -3.000,
            -1.685 -1.044 -3.000,
            -1.703 -1.060 -3.000,
            -1.718 -1.075 -3.000,
            -1.733 -1.091 -3.000,
            -1.749 -1.110 -3.000,
            -1.762 -1.126 -3.000,
            -1.775 -1.145 -3.000,
            -1.785 -1.160 -3.000,
            -1.795 -1.178 -3.000,
            -1.805 -1.198 -3.000,
            -1.816 -1.221 -3.000,
            -1.824 -1.241 -3.000,
            -1.830 -1.260 -3.000,
            -1.838 -1.285 -3.000,
            -1.844 -1.314 -3.000,
            -1.849 -1.338 -3.000,
            -1.852 -1.361 -3.000,
            -1.855 -1.389 -3.000,
            -1.856 -1.416 -3.000,
            -1.857 -1.442 -3.000,
            -1.856 -1.472 -3.000,
            -1.855 -1.494 -3.000,
            -1.853 -1.521 -3.000,
            -1.849 -1.549 -3.000,
            -1.843 -1.578 -3.000,
            -1.837 -1.606 -3.000,
            -1.829 -1.632 -3.000,
            -1.822 -1.654 -3.000,
            -1.813 -1.677 -3.000,
            -1.803 -1.698 -3.000,
            -1.793 -1.720 -3.000,
            -1.782 -1.741 -3.000,
            -1.771 -1.759 -3.000,
            -1.759 -1.776 -3.000,
            -1.749 -1.790 -3.000,
            -1.739 -1.803 -3.000,
            -1.715 -1.832 -3.000,
            -1.700 -1.849 -3.000,
            -1.686 -1.864 -3.000,
            -1.670 -1.878 -3.000,
            -1.654 -1.891 -3.000,
            -1.637 -1.904 -3.000,
            -1.619 -1.916 -3.000,
            -1.601 -1.927 -3.000,
            -1.583 -1.937 -3.000,
            -1.564 -1.946 -3.000,
            -1.545 -1.955 -3.000,
            -1.527 -1.962 -3.000,
            -1.509 -1.968 -3.000,
            -1.490 -1.973 -3.000,
            -1.463 -1.979 -3.000,
            -1.440 -1.984 -3.000,
            -1.417 -1.987 -3.000,
            -1.397 -1.989 -3.000,
            -1.372 -1.990 -3.000,
            -2.204 -1.842 -3.000,
            -2.177 -1.801 -3.000,
            -2.166 -1.783 -3.000,
            -2.156 -1.763 -3.000,
            -2.144 -1.738 -3.000,
            -2.133 -1.712 -3.000,
            -2.123 -1.687 -3.000,
            -2.113 -1.660 -3.000,
            -2.106 -1.637 -3.000,
            -2.099 -1.610 -3.000,
            -2.091 -1.579 -3.000,
            -2.082 -1.538 -3.000,
            -2.074 -1.491 -3.000,
            -2.068 -1.444 -3.000,
            -2.063 -1.397 -3.000,
            -2.059 -1.350 -3.000,
            -2.056 -1.280 -3.000,
            -2.055 -1.211 -3.000,
            -2.057 -1.094 -3.000,
            -2.063 -1.018 -3.000,
            -2.073 -0.932 -3.000,
            -2.080 -0.889 -3.000,
            -2.093 -0.831 -3.000,
            -2.102 -0.794 -3.000,
            -2.114 -0.756 -3.000,
            -2.127 -0.722 -3.000,
            -2.138 -0.696 -3.000,
            -2.149 -0.672 -3.000,
            -2.162 -0.649 -3.000,
            -2.175 -0.627 -3.000,
            -2.186 -0.609 -3.000,
            -2.202 -0.588 -3.000,
            -2.215 -0.571 -3.000,
            -2.228 -0.556 -3.000,
            -2.242 -0.542 -3.000,
            -2.258 -0.528 -3.000,
            -2.272 -0.516 -3.000,
            -2.288 -0.504 -3.000,
            -2.304 -0.494 -3.000,
            -2.320 -0.484 -3.000,
            -2.339 -0.474 -3.000,
            -2.356 -0.466 -3.000,
            -2.371 -0.460 -3.000,
            -2.388 -0.454 -3.000,
            -2.408 -0.448 -3.000,
            -2.432 -0.442 -3.000,
            -2.454 -0.437 -3.000,
            -2.476 -0.434 -3.000,
            -2.499 -0.432 -3.000,
            -2.524 -0.430 -3.000,
            -2.549 -0.430 -3.000,
            -2.056 -1.145 -3.000,
            -2.592 -0.432 -3.000,
            -2.614 -0.433 -3.000,
            -2.635 -0.436 -3.000,
            -2.657 -0.440 -3.000,
            -2.678 -0.445 -3.000,
            -2.698 -0.451 -3.000,
            -2.719 -0.458 -3.000,
            -2.739 -0.466 -3.000,
            -2.758 -0.475 -3.000,
            -2.776 -0.484 -3.000,
            -2.792 -0.493 -3.000,
            -2.809 -0.504 -3.000,
            -2.825 -0.515 -3.000,
            -2.840 -0.527 -3.000,
            -2.854 -0.540 -3.000,
            -2.868 -0.553 -3.000,
            -2.880 -0.567 -3.000,
            -2.892 -0.582 -3.000,
            -2.903 -0.597 -3.000,
            -2.915 -0.614 -3.000,
            -2.927 -0.636 -3.000,
            -2.940 -0.661 -3.000,
            -2.955 -0.692 -3.000,
            -2.971 -0.730 -3.000,
            -2.987 -0.775 -3.000,
            -3.001 -0.820 -3.000,
            -3.014 -0.872 -3.000,
            -3.022 -0.915 -3.000,
            -3.028 -0.955 -3.000,
            -3.033 -0.995 -3.000,
            -3.037 -1.053 -3.000,
            -3.041 -1.109 -3.000,
            -3.042 -1.160 -3.000,
            -3.042 -1.211 -3.000,
            -3.040 -1.327 -3.000,
            -3.033 -1.421 -3.000,
            -3.027 -1.472 -3.000,
            -3.016 -1.536 -3.000,
            -3.007 -1.578 -3.000,
            -2.998 -1.617 -3.000,
            -2.987 -1.652 -3.000,
            -2.975 -1.687 -3.000,
            -2.961 -1.721 -3.000,
            -2.948 -1.748 -3.000,
            -2.938 -1.768 -3.000,
            -2.928 -1.786 -3.000,
            -2.917 -1.803 -3.000,
            -2.905 -1.820 -3.000,
            -2.892 -1.837 -3.000,
            -2.879 -1.853 -3.000,
            -2.867 -1.866 -3.000,
            -2.853 -1.880 -3.000,
            -2.839 -1.893 -3.000,
            -2.823 -1.906 -3.000,
            -2.807 -1.918 -3.000,
            -2.792 -1.928 -3.000,
            -2.775 -1.938 -3.000,
            -2.758 -1.947 -3.000,
            -2.740 -1.955 -3.000,
            -2.719 -1.963 -3.000,
            -2.701 -1.969 -3.000,
            -2.683 -1.974 -3.000,
            -2.659 -1.980 -3.000,
            -2.634 -1.984 -3.000,
            -2.611 -1.987 -3.000,
            -2.595 -1.989 -3.000,
            -2.580 -1.990 -3.000,
            -2.549 -1.991 -3.000,
            -2.506 -1.989 -3.000,
            -2.484 -1.987 -3.000,
            -2.461 -1.984 -3.000,
            -2.439 -1.980 -3.000,
            -2.419 -1.975 -3.000,
            -2.396 -1.969 -3.000,
            -2.377 -1.963 -3.000,
            -2.360 -1.956 -3.000,
            -2.342 -1.949 -3.000,
            -2.324 -1.940 -3.000,
            -2.308 -1.930 -3.000,
            -2.291 -1.919 -3.000,
            -2.274 -1.907 -3.000,
            -2.257 -1.895 -3.000,
            -2.243 -1.882 -3.000,
            -2.230 -1.870 -3.000,
            -2.219 -1.858 -3.000,
            -2.377 -1.742 -3.000,
            -2.365 -1.730 -3.000,
            -2.389 -1.753 -3.000,
            -2.352 -1.716 -3.000,
            -2.404 -1.765 -3.000,
            -2.341 -1.702 -3.000,
            -2.335 -1.693 -3.000,
            -2.415 -1.773 -3.000,
            -2.329 -1.684 -3.000,
            -2.425 -1.779 -3.000,
            -2.323 -1.674 -3.000,
            -2.434 -1.785 -3.000,
            -2.317 -1.663 -3.000,
            -2.452 -1.793 -3.000,
            -2.312 -1.652 -3.000,
            -2.467 -1.799 -3.000,
            -2.304 -1.634 -3.000,
            -2.480 -1.803 -3.000,
            -2.296 -1.611 -3.000,
            -2.492 -1.806 -3.000,
            -2.506 -1.809 -3.000,
            -2.288 -1.586 -3.000,
            -2.520 -1.811 -3.000,
            -2.532 -1.812 -3.000,
            -2.281 -1.558 -3.000,
            -2.549 -1.813 -3.000,
            -2.274 -1.520 -3.000,
            -2.574 -1.811 -3.000,
            -2.591 -1.809 -3.000,
            -2.268 -1.485 -3.000,
            -2.603 -1.807 -3.000,
            -2.614 -1.804 -3.000,
            -2.625 -1.801 -3.000,
            -2.637 -1.796 -3.000,
            -2.261 -1.417 -3.000,
            -2.650 -1.791 -3.000,
            -2.662 -1.785 -3.000,
            -2.673 -1.778 -3.000,
            -2.684 -1.771 -3.000,
            -2.255 -1.335 -3.000,
            -2.695 -1.764 -3.000,
            -2.709 -1.753 -3.000,
            -2.723 -1.739 -3.000,
            -2.736 -1.726 -3.000,
            -2.252 -1.210 -3.000,
            -2.748 -1.712 -3.000,
            -2.757 -1.701 -3.000,
            -2.253 -1.145 -3.000,
            -2.765 -1.689 -3.000,
            -2.772 -1.678 -3.000,
            -2.779 -1.666 -3.000,
            -2.256 -1.079 -3.000,
            -2.786 -1.649 -3.000,
            -2.794 -1.631 -3.000,
            -2.261 -1.011 -3.000,
            -2.802 -1.609 -3.000,
            -2.269 -0.937 -3.000,
            -2.809 -1.583 -3.000,
            -2.816 -1.555 -3.000,
            -2.277 -0.893 -3.000,
            -2.284 -0.857 -3.000,
            -2.824 -1.517 -3.000,
            -2.293 -0.823 -3.000,
            -2.831 -1.465 -3.000,
            -2.303 -0.792 -3.000,
            -2.311 -0.772 -3.000,
            -2.839 -1.387 -3.000,
            -2.319 -0.754 -3.000,
            -2.327 -0.738 -3.000,
            -2.341 -0.713 -3.000,
            -2.353 -0.698 -3.000,
            -2.366 -0.684 -3.000,
            -2.380 -0.671 -3.000,
            -2.843 -1.315 -3.000,
            -2.844 -1.262 -3.000,
            -2.388 -0.663 -3.000,
            -2.399 -0.655 -3.000,
            -2.413 -0.645 -3.000,
            -2.845 -1.210 -3.000,
            -2.430 -0.635 -3.000,
            -2.842 -1.085 -3.000,
            -2.439 -0.630 -3.000,
            -2.450 -0.626 -3.000,
            -2.462 -0.621 -3.000,
            -2.475 -0.617 -3.000,
            -2.490 -0.613 -3.000,
            -2.835 -0.993 -3.000,
            -2.507 -0.610 -3.000,
            -2.522 -0.609 -3.000,
            -2.830 -0.947 -3.000,
            -2.546 -0.608 -3.000,
            -2.562 -0.608 -3.000,
            -2.823 -0.901 -3.000,
            -2.574 -0.609 -3.000,
            -2.588 -0.611 -3.000,
            -2.815 -0.863 -3.000,
            -2.601 -0.613 -3.000,
            -2.612 -0.616 -3.000,
            -2.808 -0.832 -3.000,
            -2.801 -0.809 -3.000,
            -2.625 -0.619 -3.000,
            -2.794 -0.790 -3.000,
            -2.640 -0.625 -3.000,
            -2.657 -0.633 -3.000,
            -2.786 -0.772 -3.000,
            -2.781 -0.760 -3.000,
            -2.667 -0.638 -3.000,
            -2.775 -0.749 -3.000,
            -2.769 -0.739 -3.000,
            -2.676 -0.643 -3.000,
            -2.763 -0.729 -3.000,
            -2.687 -0.650 -3.000,
            -2.698 -0.658 -3.000,
            -2.757 -0.720 -3.000,
            -2.746 -0.706 -3.000,
            -2.709 -0.667 -3.000,
            -2.733 -0.691 -3.000,
            -2.721 -0.678 -3.000,
            -2.327 -0.738 -3.000,
            -2.341 -0.713 -3.000,
            -2.319 -0.754 -3.000,
            -2.311 -0.772 -3.000,
            -2.303 -0.792 -3.000,
            -2.293 -0.823 -3.000,
            -2.284 -0.857 -3.000,
            -2.277 -0.893 -3.000,
            -2.269 -0.937 -3.000,
            -2.261 -1.011 -3.000,
            -2.256 -1.079 -3.000,
            -2.253 -1.145 -3.000,
            -2.252 -1.210 -3.000,
            -2.522 -0.609 -3.000,
            -2.546 -0.608 -3.000,
            -2.507 -0.610 -3.000,
            -2.490 -0.613 -3.000,
            -2.475 -0.617 -3.000,
            -2.462 -0.621 -3.000,
            -2.450 -0.626 -3.000,
            -2.439 -0.630 -3.000,
            -2.430 -0.635 -3.000,
            -2.413 -0.645 -3.000,
            -2.399 -0.655 -3.000,
            -2.388 -0.663 -3.000,
            -2.380 -0.671 -3.000,
            -2.366 -0.684 -3.000,
            -2.353 -0.698 -3.000,
            -2.842 -1.085 -3.000,
            -2.845 -1.210 -3.000,
            -2.835 -0.993 -3.000,
            -2.830 -0.947 -3.000,
            -2.823 -0.901 -3.000,
            -2.815 -0.863 -3.000,
            -2.808 -0.832 -3.000,
            -2.801 -0.809 -3.000,
            -2.794 -0.790 -3.000,
            -2.786 -0.772 -3.000,
            -2.781 -0.760 -3.000,
            -2.775 -0.749 -3.000,
            -2.769 -0.739 -3.000,
            -2.763 -0.729 -3.000,
            -2.757 -0.720 -3.000,
            -2.746 -0.706 -3.000,
            -2.733 -0.691 -3.000,
            -2.721 -0.678 -3.000,
            -2.709 -0.667 -3.000,
            -2.698 -0.658 -3.000,
            -2.687 -0.650 -3.000,
            -2.676 -0.643 -3.000,
            -2.667 -0.638 -3.000,
            -2.657 -0.633 -3.000,
            -2.640 -0.625 -3.000,
            -2.625 -0.619 -3.000,
            -2.612 -0.616 -3.000,
            -2.601 -0.613 -3.000,
            -2.588 -0.611 -3.000,
            -2.574 -0.609 -3.000,
            -2.562 -0.608 -3.000,
            -2.574 -1.811 -3.000,
            -2.549 -1.813 -3.000,
            -2.591 -1.809 -3.000,
            -2.603 -1.807 -3.000,
            -2.614 -1.804 -3.000,
            -2.625 -1.801 -3.000,
            -2.637 -1.796 -3.000,
            -2.650 -1.791 -3.000,
            -2.662 -1.785 -3.000,
            -2.673 -1.778 -3.000,
            -2.684 -1.771 -3.000,
            -2.695 -1.764 -3.000,
            -2.709 -1.753 -3.000,
            -2.723 -1.739 -3.000,
            -2.736 -1.726 -3.000,
            -2.748 -1.712 -3.000,
            -2.757 -1.701 -3.000,
            -2.765 -1.689 -3.000,
            -2.772 -1.678 -3.000,
            -2.779 -1.666 -3.000,
            -2.786 -1.649 -3.000,
            -2.794 -1.631 -3.000,
            -2.802 -1.609 -3.000,
            -2.809 -1.583 -3.000,
            -2.816 -1.555 -3.000,
            -2.824 -1.517 -3.000,
            -2.831 -1.465 -3.000,
            -2.839 -1.387 -3.000,
            -2.843 -1.315 -3.000,
            -2.844 -1.262 -3.000,
            -2.255 -1.335 -3.000,
            -2.261 -1.417 -3.000,
            -2.268 -1.485 -3.000,
            -2.274 -1.520 -3.000,
            -2.281 -1.558 -3.000,
            -2.288 -1.586 -3.000,
            -2.296 -1.611 -3.000,
            -2.304 -1.634 -3.000,
            -2.312 -1.652 -3.000,
            -2.317 -1.663 -3.000,
            -2.323 -1.674 -3.000,
            -2.329 -1.684 -3.000,
            -2.335 -1.693 -3.000,
            -2.341 -1.702 -3.000,
            -2.352 -1.716 -3.000,
            -2.365 -1.730 -3.000,
            -2.377 -1.742 -3.000,
            -2.389 -1.753 -3.000,
            -2.404 -1.765 -3.000,
            -2.415 -1.773 -3.000,
            -2.425 -1.779 -3.000,
            -2.434 -1.785 -3.000,
            -2.452 -1.793 -3.000,
            -2.467 -1.799 -3.000,
            -2.480 -1.803 -3.000,
            -2.492 -1.806 -3.000,
            -2.506 -1.809 -3.000,
            -2.520 -1.811 -3.000,
            -2.532 -1.812 -3.000,
            -3.201 -1.516 -3.000,
            -3.773 -1.516 -3.000,
            -3.201 -1.339 -3.000,
            -3.773 -1.339 -3.000,
            -3.991 -1.971 -3.000,
            -4.208 -1.971 -3.000,
            -3.991 -0.430 -3.000,
            -4.318 -0.430 -3.000,
            -4.662 -1.511 -3.000,
            -4.732 -1.737 -3.000,
            -4.738 -1.715 -3.000,
            -4.807 -1.493 -3.000,
            -5.148 -0.430 -3.000,
            -5.472 -0.430 -3.000,
            -5.472 -1.971 -3.000,
            -5.255 -1.971 -3.000,
            -5.255 -0.667 -3.000,
            -4.844 -1.971 -3.000,
            -4.617 -1.971 -3.000,
            -4.208 -0.667 -3.000,
            -5.859 -1.842 -3.000,
            -5.832 -1.801 -3.000,
            -5.821 -1.783 -3.000,
            -5.811 -1.763 -3.000,
            -5.799 -1.738 -3.000,
            -5.788 -1.712 -3.000,
            -5.778 -1.687 -3.000,
            -5.768 -1.660 -3.000,
            -5.761 -1.637 -3.000,
            -5.753 -1.610 -3.000,
            -5.746 -1.579 -3.000,
            -5.737 -1.538 -3.000,
            -5.729 -1.491 -3.000,
            -5.722 -1.444 -3.000,
            -5.717 -1.397 -3.000,
            -5.714 -1.350 -3.000,
            -5.711 -1.280 -3.000,
            -5.710 -1.211 -3.000,
            -5.712 -1.094 -3.000,
            -5.718 -1.018 -3.000,
            -5.728 -0.932 -3.000,
            -5.735 -0.889 -3.000,
            -5.747 -0.831 -3.000,
            -5.757 -0.794 -3.000,
            -5.769 -0.756 -3.000,
            -5.782 -0.722 -3.000,
            -5.793 -0.696 -3.000,
            -5.804 -0.672 -3.000,
            -5.817 -0.649 -3.000,
            -5.830 -0.627 -3.000,
            -5.841 -0.609 -3.000,
            -5.857 -0.588 -3.000,
            -5.870 -0.571 -3.000,
            -5.883 -0.556 -3.000,
            -5.897 -0.542 -3.000,
            -5.913 -0.528 -3.000,
            -5.927 -0.516 -3.000,
            -5.943 -0.504 -3.000,
            -5.959 -0.494 -3.000,
            -5.975 -0.484 -3.000,
            -5.994 -0.474 -3.000,
            -6.011 -0.466 -3.000,
            -6.026 -0.460 -3.000,
            -6.043 -0.454 -3.000,
            -6.063 -0.448 -3.000,
            -6.087 -0.442 -3.000,
            -6.109 -0.437 -3.000,
            -6.131 -0.434 -3.000,
            -6.154 -0.432 -3.000,
            -6.179 -0.430 -3.000,
            -6.203 -0.430 -3.000,
            -5.710 -1.145 -3.000,
            -6.247 -0.432 -3.000,
            -6.269 -0.433 -3.000,
            -6.290 -0.436 -3.000,
            -6.312 -0.440 -3.000,
            -6.333 -0.445 -3.000,
            -6.353 -0.451 -3.000,
            -6.374 -0.458 -3.000,
            -6.394 -0.466 -3.000,
            -6.413 -0.475 -3.000,
            -6.431 -0.484 -3.000,
            -6.447 -0.493 -3.000,
            -6.464 -0.504 -3.000,
            -6.480 -0.515 -3.000,
            -6.495 -0.527 -3.000,
            -6.509 -0.540 -3.000,
            -6.523 -0.553 -3.000,
            -6.535 -0.567 -3.000,
            -6.547 -0.582 -3.000,
            -6.558 -0.597 -3.000,
            -6.570 -0.614 -3.000,
            -6.582 -0.636 -3.000,
            -6.595 -0.661 -3.000,
            -6.610 -0.692 -3.000,
            -6.626 -0.730 -3.000,
            -6.642 -0.775 -3.000,
            -6.656 -0.820 -3.000,
            -6.669 -0.872 -3.000,
            -6.677 -0.915 -3.000,
            -6.683 -0.955 -3.000,
            -6.688 -0.995 -3.000,
            -6.692 -1.053 -3.000,
            -6.695 -1.109 -3.000,
            -6.697 -1.160 -3.000,
            -6.697 -1.211 -3.000,
            -6.695 -1.327 -3.000,
            -6.688 -1.421 -3.000,
            -6.681 -1.472 -3.000,
            -6.671 -1.536 -3.000,
            -6.662 -1.578 -3.000,
            -6.652 -1.617 -3.000,
            -6.642 -1.652 -3.000,
            -6.630 -1.687 -3.000,
            -6.616 -1.721 -3.000,
            -6.603 -1.748 -3.000,
            -6.593 -1.768 -3.000,
            -6.583 -1.786 -3.000,
            -6.571 -1.803 -3.000,
            -6.560 -1.820 -3.000,
            -6.547 -1.837 -3.000,
            -6.534 -1.853 -3.000,
            -6.522 -1.866 -3.000,
            -6.508 -1.880 -3.000,
            -6.494 -1.893 -3.000,
            -6.478 -1.906 -3.000,
            -6.462 -1.918 -3.000,
            -6.447 -1.928 -3.000,
            -6.430 -1.938 -3.000,
            -6.413 -1.947 -3.000,
            -6.395 -1.955 -3.000,
            -6.374 -1.963 -3.000,
            -6.356 -1.969 -3.000,
            -6.338 -1.974 -3.000,
            -6.314 -1.980 -3.000,
            -6.289 -1.984 -3.000,
            -6.266 -1.987 -3.000,
            -6.250 -1.989 -3.000,
            -6.235 -1.990 -3.000,
            -6.203 -1.991 -3.000,
            -6.160 -1.989 -3.000,
            -6.139 -1.987 -3.000,
            -6.116 -1.984 -3.000,
            -6.094 -1.980 -3.000,
            -6.073 -1.975 -3.000,
            -6.051 -1.969 -3.000,
            -6.032 -1.963 -3.000,
            -6.015 -1.956 -3.000,
            -5.997 -1.949 -3.000,
            -5.979 -1.940 -3.000,
            -5.963 -1.930 -3.000,
            -5.945 -1.919 -3.000,
            -5.929 -1.907 -3.000,
            -5.912 -1.895 -3.000,
            -5.898 -1.882 -3.000,
            -5.885 -1.870 -3.000,
            -5.874 -1.858 -3.000,
            -6.032 -1.742 -3.000,
            -6.020 -1.730 -3.000,
            -6.044 -1.753 -3.000,
            -6.007 -1.716 -3.000,
            -6.059 -1.765 -3.000,
            -5.996 -1.702 -3.000,
            -5.990 -1.693 -3.000,
            -6.070 -1.773 -3.000,
            -5.983 -1.684 -3.000,
            -6.080 -1.779 -3.000,
            -5.978 -1.674 -3.000,
            -6.089 -1.785 -3.000,
            -5.972 -1.663 -3.000,
            -6.107 -1.793 -3.000,
            -5.966 -1.652 -3.000,
            -6.122 -1.799 -3.000,
            -5.959 -1.634 -3.000,
            -6.135 -1.803 -3.000,
            -5.951 -1.611 -3.000,
            -6.146 -1.806 -3.000,
            -6.161 -1.809 -3.000,
            -5.943 -1.586 -3.000,
            -6.175 -1.811 -3.000,
            -6.187 -1.812 -3.000,
            -5.936 -1.558 -3.000,
            -6.203 -1.813 -3.000,
            -5.929 -1.520 -3.000,
            -6.229 -1.811 -3.000,
            -6.246 -1.809 -3.000,
            -5.923 -1.485 -3.000,
            -6.258 -1.807 -3.000,
            -6.269 -1.804 -3.000,
            -6.280 -1.801 -3.000,
            -6.292 -1.796 -3.000,
            -5.915 -1.417 -3.000,
            -6.305 -1.791 -3.000,
            -6.317 -1.785 -3.000,
            -6.328 -1.778 -3.000,
            -6.339 -1.771 -3.000,
            -5.910 -1.335 -3.000,
            -6.350 -1.764 -3.000,
            -6.364 -1.753 -3.000,
            -6.378 -1.739 -3.000,
            -6.391 -1.726 -3.000,
            -5.907 -1.210 -3.000,
            -6.403 -1.712 -3.000,
            -6.412 -1.701 -3.000,
            -5.908 -1.145 -3.000,
            -6.420 -1.689 -3.000,
            -6.427 -1.678 -3.000,
            -6.434 -1.666 -3.000,
            -5.910 -1.079 -3.000,
            -6.441 -1.649 -3.000,
            -6.449 -1.631 -3.000,
            -5.915 -1.011 -3.000,
            -6.456 -1.609 -3.000,
            -5.924 -0.937 -3.000,
            -6.464 -1.583 -3.000,
            -6.471 -1.555 -3.000,
            -5.931 -0.893 -3.000,
            -5.939 -0.857 -3.000,
            -6.479 -1.517 -3.000,
            -5.948 -0.823 -3.000,
            -6.486 -1.465 -3.000,
            -5.958 -0.792 -3.000,
            -5.966 -0.772 -3.000,
            -6.494 -1.387 -3.000,
            -5.973 -0.754 -3.000,
            -5.982 -0.738 -3.000,
            -5.996 -0.713 -3.000,
            -6.008 -0.698 -3.000,
            -6.021 -0.684 -3.000,
            -6.035 -0.671 -3.000,
            -6.498 -1.315 -3.000,
            -6.499 -1.262 -3.000,
            -6.043 -0.663 -3.000,
            -6.054 -0.655 -3.000,
            -6.068 -0.645 -3.000,
            -6.500 -1.210 -3.000,
            -6.085 -0.635 -3.000,
            -6.497 -1.085 -3.000,
            -6.094 -0.630 -3.000,
            -6.105 -0.626 -3.000,
            -6.117 -0.621 -3.000,
            -6.130 -0.617 -3.000,
            -6.145 -0.613 -3.000,
            -6.490 -0.993 -3.000,
            -6.161 -0.610 -3.000,
            -6.177 -0.609 -3.000,
            -6.485 -0.947 -3.000,
            -6.201 -0.608 -3.000,
            -6.217 -0.608 -3.000,
            -6.478 -0.901 -3.000,
            -6.229 -0.609 -3.000,
            -6.243 -0.611 -3.000,
            -6.470 -0.863 -3.000,
            -6.256 -0.613 -3.000,
            -6.267 -0.616 -3.000,
            -6.462 -0.832 -3.000,
            -6.455 -0.809 -3.000,
            -6.280 -0.619 -3.000,
            -6.449 -0.790 -3.000,
            -6.295 -0.625 -3.000,
            -6.312 -0.633 -3.000,
            -6.441 -0.772 -3.000,
            -6.436 -0.760 -3.000,
            -6.322 -0.638 -3.000,
            -6.430 -0.749 -3.000,
            -6.424 -0.739 -3.000,
            -6.331 -0.643 -3.000,
            -6.418 -0.729 -3.000,
            -6.342 -0.650 -3.000,
            -6.353 -0.658 -3.000,
            -6.412 -0.720 -3.000,
            -6.401 -0.706 -3.000,
            -6.364 -0.667 -3.000,
            -6.388 -0.691 -3.000,
            -6.376 -0.678 -3.000,
            -5.982 -0.738 -3.000,
            -5.996 -0.713 -3.000,
            -5.973 -0.754 -3.000,
            -5.966 -0.772 -3.000,
            -5.958 -0.792 -3.000,
            -5.948 -0.823 -3.000,
            -5.939 -0.857 -3.000,
            -5.931 -0.893 -3.000,
            -5.924 -0.937 -3.000,
            -5.915 -1.011 -3.000,
            -5.910 -1.079 -3.000,
            -5.908 -1.145 -3.000,
            -5.907 -1.210 -3.000,
            -6.177 -0.609 -3.000,
            -6.201 -0.608 -3.000,
            -6.161 -0.610 -3.000,
            -6.145 -0.613 -3.000,
            -6.130 -0.617 -3.000,
            -6.117 -0.621 -3.000,
            -6.105 -0.626 -3.000,
            -6.094 -0.630 -3.000,
            -6.085 -0.635 -3.000,
            -6.068 -0.645 -3.000,
            -6.054 -0.655 -3.000,
            -6.043 -0.663 -3.000,
            -6.035 -0.671 -3.000,
            -6.021 -0.684 -3.000,
            -6.008 -0.698 -3.000,
            -6.497 -1.085 -3.000,
            -6.500 -1.210 -3.000,
            -6.490 -0.993 -3.000,
            -6.485 -0.947 -3.000,
            -6.478 -0.901 -3.000,
            -6.470 -0.863 -3.000,
            -6.462 -0.832 -3.000,
            -6.455 -0.809 -3.000,
            -6.449 -0.790 -3.000,
            -6.441 -0.772 -3.000,
            -6.436 -0.760 -3.000,
            -6.430 -0.749 -3.000,
            -6.424 -0.739 -3.000,
            -6.418 -0.729 -3.000,
            -6.412 -0.720 -3.000,
            -6.401 -0.706 -3.000,
            -6.388 -0.691 -3.000,
            -6.376 -0.678 -3.000,
            -6.364 -0.667 -3.000,
            -6.353 -0.658 -3.000,
            -6.342 -0.650 -3.000,
            -6.331 -0.643 -3.000,
            -6.322 -0.638 -3.000,
            -6.312 -0.633 -3.000,
            -6.295 -0.625 -3.000,
            -6.280 -0.619 -3.000,
            -6.267 -0.616 -3.000,
            -6.256 -0.613 -3.000,
            -6.243 -0.611 -3.000,
            -6.229 -0.609 -3.000,
            -6.217 -0.608 -3.000,
            -6.229 -1.811 -3.000,
            -6.203 -1.813 -3.000,
            -6.258 -1.807 -3.000,
            -6.246 -1.809 -3.000,
            -6.269 -1.804 -3.000,
            -6.280 -1.801 -3.000,
            -6.292 -1.796 -3.000,
            -6.305 -1.791 -3.000,
            -6.317 -1.785 -3.000,
            -6.328 -1.778 -3.000,
            -6.339 -1.771 -3.000,
            -6.350 -1.764 -3.000,
            -6.364 -1.753 -3.000,
            -6.378 -1.739 -3.000,
            -6.391 -1.726 -3.000,
            -6.403 -1.712 -3.000,
            -6.412 -1.701 -3.000,
            -6.420 -1.689 -3.000,
            -6.427 -1.678 -3.000,
            -6.434 -1.666 -3.000,
            -6.441 -1.649 -3.000,
            -6.449 -1.631 -3.000,
            -6.456 -1.609 -3.000,
            -6.464 -1.583 -3.000,
            -6.471 -1.555 -3.000,
            -6.479 -1.517 -3.000,
            -6.486 -1.465 -3.000,
            -6.494 -1.387 -3.000,
            -6.498 -1.315 -3.000,
            -6.499 -1.262 -3.000,
            -6.234 -1.811 -3.000,
            -5.910 -1.335 -3.000,
            -5.915 -1.417 -3.000,
            -5.923 -1.485 -3.000,
            -5.929 -1.520 -3.000,
            -5.936 -1.558 -3.000,
            -5.943 -1.586 -3.000,
            -5.951 -1.611 -3.000,
            -5.959 -1.634 -3.000,
            -5.966 -1.652 -3.000,
            -5.972 -1.663 -3.000,
            -5.978 -1.674 -3.000,
            -5.983 -1.684 -3.000,
            -5.990 -1.693 -3.000,
            -5.996 -1.702 -3.000,
            -6.007 -1.716 -3.000,
            -6.020 -1.730 -3.000,
            -6.032 -1.742 -3.000,
            -6.044 -1.753 -3.000,
            -6.059 -1.765 -3.000,
            -6.070 -1.773 -3.000,
            -6.080 -1.779 -3.000,
            -6.089 -1.785 -3.000,
            -6.107 -1.793 -3.000,
            -6.122 -1.799 -3.000,
            -6.135 -1.803 -3.000,
            -6.146 -1.806 -3.000,
            -6.161 -1.809 -3.000,
            -6.175 -1.811 -3.000,
            -6.187 -1.812 -3.000,
            -7.586 -0.430 -3.000,
            -7.586 -1.971 -3.000,
            -7.389 -1.971 -3.000,
            -7.389 -0.770 -3.000,
            -7.354 -0.802 -3.000,
            -7.331 -0.822 -3.000,
            -7.303 -0.844 -3.000,
            -7.274 -0.865 -3.000,
            -7.245 -0.884 -3.000,
            -7.205 -0.909 -3.000,
            -7.159 -0.936 -3.000,
            -7.112 -0.961 -3.000,
            -7.078 -0.978 -3.000,
            -7.056 -0.988 -3.000,
            -7.033 -0.997 -3.000,
            -7.033 -0.815 -3.000,
            -7.078 -0.792 -3.000,
            -7.110 -0.774 -3.000,
            -7.148 -0.751 -3.000,
            -7.192 -0.721 -3.000,
            -7.232 -0.692 -3.000,
            -7.270 -0.661 -3.000,
            -7.306 -0.628 -3.000,
            -7.338 -0.597 -3.000,
            -7.355 -0.579 -3.000,
            -7.375 -0.556 -3.000,
            -7.394 -0.533 -3.000,
            -7.407 -0.515 -3.000,
            -7.420 -0.497 -3.000,
            -7.432 -0.479 -3.000,
            -7.439 -0.468 -3.000,
            -7.446 -0.455 -3.000,
            -7.459 -0.430 -3.000
          ]
        }
        coordIndex [
          0, 1, 2, -1,
          3, 1, 0, -1,
          4, 3, 0, -1,
          5, 3, 4, -1,
          6, 5, 4, -1,
          7, 5, 6, -1,
          8, 7, 6, -1,
          9, 7, 8, -1,
          10, 9, 8, -1,
          11, 9, 10, -1,
          12, 11, 10, -1,
          13, 11, 12, -1,
          14, 13, 12, -1,
          15, 13, 14, -1,
          16, 15, 14, -1,
          17, 15, 16, -1,
          18, 17, 16, -1,
          19, 17, 18, -1,
          20, 19, 18, -1,
          21, 19, 20, -1,
          22, 21, 20, -1,
          23, 21, 22, -1,
          24, 23, 22, -1,
          25, 23, 24, -1,
          26, 25, 24, -1,
          27, 25, 26, -1,
          28, 27, 26, -1,
          29, 27, 28, -1,
          30, 29, 28, -1,
          31, 29, 30, -1,
          32, 31, 30, -1,
          33, 31, 32, -1,
          34, 33, 32, -1,
          35, 33, 34, -1,
          36, 35, 34, -1,
          37, 35, 36, -1,
          38, 37, 36, -1,
          39, 37, 38, -1,
          40, 39, 38, -1,
          41, 39, 40, -1,
          42, 41, 40, -1,
          43, 41, 42, -1,
          44, 43, 42, -1,
          45, 43, 44, -1,
          46, 45, 44, -1,
          47, 45, 46, -1,
          48, 47, 46, -1,
          49, 47, 48, -1,
          50, 49, 48, -1,
          51, 49, 50, -1,
          52, 51, 50, -1,
          53, 51, 52, -1,
          54, 53, 52, -1,
          55, 53, 54, -1,
          56, 55, 54, -1,
          57, 55, 56, -1,
          58, 57, 56, -1,
          59, 57, 58, -1,
          60, 59, 58, -1,
          61, 59, 60, -1,
          62, 61, 60, -1,
          63, 61, 62, -1,
          64, 63, 62, -1,
          65, 63, 64, -1,
          66, 65, 64, -1,
          67, 65, 66, -1,
          68, 67, 66, -1,
          69, 67, 68, -1,
          70, 69, 68, -1,
          71, 69, 70, -1,
          72, 71, 70, -1,
          73, 71, 72, -1,
          74, 73, 72, -1,
          75, 74, 76, -1,
          75, 73, 74, -1,
          77, 76, 78, -1,
          77, 75, 76, -1,
          79, 78, 80, -1,
          79, 77, 78, -1,
          81, 80, 82, -1,
          81, 79, 80, -1,
          83, 82, 84, -1,
          83, 81, 82, -1,
          85, 84, 86, -1,
          85, 83, 84, -1,
          87, 86, 88, -1,
          87, 85, 86, -1,
          89, 87, 88, -1,
          89, 88, 90, -1,
          91, 89, 90, -1,
          91, 90, 92, -1,
          93, 91, 92, -1,
          93, 92, 94, -1,
          95, 94, 96, -1,
          95, 93, 94, -1,
          97, 96, 98, -1,
          97, 95, 96, -1,
          99, 98, 100, -1,
          99, 97, 98, -1,
          101, 100, 102, -1,
          101, 99, 100, -1,
          103, 102, 104, -1,
          103, 101, 102, -1,
          105, 104, 106, -1,
          105, 103, 104, -1,
          107, 106, 108, -1,
          107, 105, 106, -1,
          109, 108, 110, -1,
          109, 107, 108, -1,
          111, 110, 112, -1,
          111, 109, 110, -1,
          113, 112, 114, -1,
          113, 111, 112, -1,
          115, 114, 116, -1,
          115, 113, 114, -1,
          117, 116, 118, -1,
          117, 115, 116, -1,
          119, 118, 120, -1,
          119, 117, 118, -1,
          121, 120, 122, -1,
          121, 119, 120, -1,
          123, 122, 124, -1,
          123, 121, 122, -1,
          125, 124, 126, -1,
          125, 123, 124, -1,
          127, 126, 128, -1,
          127, 125, 126, -1,
          129, 130, 131, -1,
          132, 130, 129, -1,
          133, 132, 129, -1,
          134, 132, 133, -1,
          135, 134, 133, -1,
          136, 134, 135, -1,
          137, 136, 135, -1,
          138, 136, 137, -1,
          139, 138, 137, -1,
          140, 138, 139, -1,
          141, 140, 139, -1,
          142, 140, 141, -1,
          143, 142, 141, -1,
          144, 142, 143, -1,
          145, 144, 143, -1,
          146, 144, 145, -1,
          147, 146, 145, -1,
          148, 146, 147, -1,
          149, 148, 147, -1,
          150, 148, 149, -1,
          151, 150, 149, -1,
          152, 150, 151, -1,
          153, 152, 151, -1,
          154, 152, 153, -1,
          155, 154, 153, -1,
          156, 154, 155, -1,
          157, 156, 155, -1,
          158, 156, 157, -1,
          159, 158, 157, -1,
          160, 158, 159, -1,
          161, 160, 159, -1,
          162, 160, 161, -1,
          163, 162, 161, -1,
          164, 162, 163, -1,
          165, 164, 163, -1,
          166, 164, 165, -1,
          167, 166, 165, -1,
          168, 166, 167, -1,
          169, 168, 167, -1,
          170, 168, 169, -1,
          171, 170, 169, -1,
          172, 170, 171, -1,
          173, 172, 171, -1,
          174, 172, 173, -1,
          175, 174, 173, -1,
          176, 174, 175, -1,
          177, 176, 175, -1,
          177, 175, 178, -1,
          179, 177, 178, -1,
          180, 177, 179, -1,
          181, 180, 179, -1,
          182, 180, 181, -1,
          183, 182, 181, -1,
          184, 182, 183, -1,
          185, 183, 186, -1,
          185, 184, 183, -1,
          187, 185, 186, -1,
          188, 185, 187, -1,
          189, 188, 187, -1,
          190, 188, 189, -1,
          191, 190, 189, -1,
          192, 190, 191, -1,
          193, 192, 191, -1,
          194, 192, 193, -1,
          195, 194, 193, -1,
          196, 194, 195, -1,
          197, 196, 195, -1,
          198, 196, 197, -1,
          199, 198, 197, -1,
          200, 198, 199, -1,
          201, 200, 199, -1,
          202, 200, 201, -1,
          203, 202, 201, -1,
          204, 202, 203, -1,
          205, 203, 206, -1,
          205, 204, 203, -1,
          207, 206, 208, -1,
          207, 205, 206, -1,
          209, 207, 208, -1,
          210, 207, 209, -1,
          211, 210, 209, -1,
          212, 210, 211, -1,
          213, 212, 211, -1,
          214, 212, 213, -1,
          215, 214, 213, -1,
          216, 214, 215, -1,
          217, 216, 215, -1,
          218, 216, 217, -1,
          219, 218, 217, -1,
          220, 218, 219, -1,
          221, 220, 219, -1,
          222, 220, 221, -1,
          223, 222, 221, -1,
          223, 221, 224, -1,
          225, 223, 224, -1,
          226, 223, 225, -1,
          227, 225, 228, -1,
          227, 226, 225, -1,
          229, 228, 230, -1,
          229, 227, 228, -1,
          231, 230, 232, -1,
          231, 229, 230, -1,
          233, 231, 232, -1,
          234, 231, 233, -1,
          235, 234, 233, -1,
          236, 234, 235, -1,
          237, 235, 238, -1,
          237, 236, 235, -1,
          239, 237, 238, -1,
          240, 237, 239, -1,
          241, 240, 239, -1,
          242, 240, 241, -1,
          243, 241, 244, -1,
          243, 242, 241, -1,
          245, 243, 244, -1,
          246, 243, 245, -1,
          247, 246, 245, -1,
          248, 246, 247, -1,
          249, 248, 247, -1,
          250, 248, 249, -1,
          251, 250, 249, -1,
          252, 250, 251, -1,
          253, 252, 251, -1,
          254, 252, 253, -1,
          255, 253, 256, -1,
          255, 254, 253, -1,
          257, 258, 259, -1,
          260, 258, 257, -1,
          261, 258, 260, -1,
          262, 258, 261, -1,
          263, 258, 262, -1,
          264, 56, 54, -1,
          264, 58, 56, -1,
          264, 60, 58, -1,
          264, 62, 60, -1,
          264, 64, 62, -1,
          265, 266, 267, -1,
          268, 266, 265, -1,
          269, 266, 268, -1,
          270, 266, 269, -1,
          271, 266, 270, -1,
          272, 266, 271, -1,
          273, 266, 272, -1,
          274, 266, 273, -1,
          275, 266, 274, -1,
          276, 266, 275, -1,
          277, 266, 276, -1,
          278, 266, 277, -1,
          279, 280, 258, -1,
          281, 280, 278, -1,
          282, 280, 281, -1,
          283, 280, 282, -1,
          284, 280, 283, -1,
          285, 280, 284, -1,
          286, 280, 285, -1,
          287, 280, 286, -1,
          288, 280, 287, -1,
          289, 280, 288, -1,
          259, 280, 289, -1,
          258, 280, 259, -1,
          278, 280, 266, -1,
          290, 291, 2, -1,
          292, 291, 290, -1,
          293, 291, 292, -1,
          294, 291, 293, -1,
          267, 291, 294, -1,
          266, 291, 267, -1,
          8, 291, 10, -1,
          6, 291, 8, -1,
          4, 291, 6, -1,
          0, 291, 4, -1,
          2, 291, 0, -1,
          295, 296, 279, -1,
          279, 296, 280, -1,
          266, 296, 291, -1,
          280, 296, 266, -1,
          291, 297, 10, -1,
          32, 297, 34, -1,
          30, 297, 32, -1,
          28, 297, 30, -1,
          26, 297, 28, -1,
          24, 297, 26, -1,
          22, 297, 24, -1,
          20, 297, 22, -1,
          18, 297, 20, -1,
          16, 297, 18, -1,
          14, 297, 16, -1,
          12, 297, 14, -1,
          10, 297, 12, -1,
          295, 298, 296, -1,
          299, 298, 295, -1,
          296, 298, 291, -1,
          291, 298, 297, -1,
          264, 300, 299, -1,
          297, 300, 34, -1,
          52, 300, 54, -1,
          50, 300, 52, -1,
          48, 300, 50, -1,
          46, 300, 48, -1,
          44, 300, 46, -1,
          42, 300, 44, -1,
          40, 300, 42, -1,
          38, 300, 40, -1,
          36, 300, 38, -1,
          34, 300, 36, -1,
          299, 300, 298, -1,
          298, 300, 297, -1,
          54, 300, 264, -1,
          254, 1, 3, -1,
          254, 255, 1, -1,
          252, 3, 5, -1,
          252, 254, 3, -1,
          250, 5, 7, -1,
          250, 252, 5, -1,
          248, 7, 9, -1,
          248, 250, 7, -1,
          246, 9, 11, -1,
          246, 248, 9, -1,
          243, 11, 13, -1,
          243, 246, 11, -1,
          242, 13, 15, -1,
          242, 243, 13, -1,
          240, 15, 17, -1,
          240, 242, 15, -1,
          237, 17, 19, -1,
          237, 240, 17, -1,
          236, 19, 21, -1,
          236, 237, 19, -1,
          234, 21, 23, -1,
          234, 236, 21, -1,
          231, 23, 25, -1,
          231, 234, 23, -1,
          229, 25, 27, -1,
          229, 231, 25, -1,
          227, 27, 29, -1,
          227, 229, 27, -1,
          226, 29, 31, -1,
          226, 227, 29, -1,
          223, 31, 33, -1,
          223, 226, 31, -1,
          222, 33, 35, -1,
          222, 223, 33, -1,
          220, 35, 37, -1,
          220, 222, 35, -1,
          218, 220, 37, -1,
          218, 37, 39, -1,
          216, 218, 39, -1,
          216, 39, 41, -1,
          214, 216, 41, -1,
          214, 41, 43, -1,
          212, 214, 43, -1,
          212, 43, 45, -1,
          210, 45, 47, -1,
          210, 212, 45, -1,
          207, 47, 49, -1,
          207, 210, 47, -1,
          205, 49, 51, -1,
          205, 207, 49, -1,
          204, 51, 53, -1,
          204, 205, 51, -1,
          202, 53, 55, -1,
          202, 204, 53, -1,
          200, 55, 57, -1,
          200, 202, 55, -1,
          198, 57, 59, -1,
          198, 200, 57, -1,
          196, 59, 61, -1,
          196, 198, 59, -1,
          194, 61, 63, -1,
          194, 196, 61, -1,
          192, 63, 65, -1,
          192, 194, 63, -1,
          190, 65, 67, -1,
          190, 192, 65, -1,
          188, 67, 69, -1,
          188, 190, 67, -1,
          185, 69, 71, -1,
          185, 188, 69, -1,
          184, 71, 73, -1,
          184, 185, 71, -1,
          182, 73, 75, -1,
          182, 184, 73, -1,
          180, 75, 77, -1,
          180, 182, 75, -1,
          177, 77, 79, -1,
          177, 180, 77, -1,
          176, 79, 81, -1,
          176, 177, 79, -1,
          174, 81, 83, -1,
          174, 176, 81, -1,
          172, 83, 85, -1,
          172, 174, 83, -1,
          170, 172, 85, -1,
          170, 85, 87, -1,
          168, 170, 87, -1,
          168, 87, 89, -1,
          166, 168, 89, -1,
          166, 89, 91, -1,
          164, 166, 91, -1,
          164, 91, 93, -1,
          162, 164, 93, -1,
          162, 93, 95, -1,
          160, 162, 95, -1,
          160, 95, 97, -1,
          158, 160, 97, -1,
          158, 97, 99, -1,
          156, 158, 99, -1,
          156, 99, 101, -1,
          154, 156, 101, -1,
          154, 101, 103, -1,
          152, 154, 103, -1,
          152, 103, 105, -1,
          150, 152, 105, -1,
          150, 105, 107, -1,
          148, 150, 107, -1,
          148, 107, 109, -1,
          146, 148, 109, -1,
          146, 109, 111, -1,
          144, 111, 113, -1,
          144, 146, 111, -1,
          142, 113, 115, -1,
          142, 144, 113, -1,
          140, 115, 117, -1,
          140, 142, 115, -1,
          138, 117, 119, -1,
          138, 140, 117, -1,
          136, 119, 121, -1,
          136, 138, 119, -1,
          134, 121, 123, -1,
          134, 136, 121, -1,
          132, 123, 125, -1,
          132, 134, 123, -1,
          130, 125, 127, -1,
          130, 132, 125, -1,
          301, 302, 303, -1,
          304, 302, 305, -1,
          304, 303, 302, -1,
          306, 302, 301, -1,
          307, 304, 305, -1,
          308, 309, 302, -1,
          308, 302, 306, -1,
          310, 307, 305, -1,
          311, 309, 308, -1,
          312, 305, 313, -1,
          312, 310, 305, -1,
          314, 309, 311, -1,
          315, 312, 313, -1,
          316, 309, 314, -1,
          317, 315, 313, -1,
          318, 309, 316, -1,
          319, 317, 313, -1,
          320, 321, 309, -1,
          320, 309, 318, -1,
          322, 313, 323, -1,
          322, 319, 313, -1,
          324, 321, 320, -1,
          325, 321, 324, -1,
          326, 322, 323, -1,
          327, 321, 325, -1,
          328, 326, 323, -1,
          329, 321, 327, -1,
          330, 323, 331, -1,
          330, 328, 323, -1,
          332, 333, 321, -1,
          332, 321, 329, -1,
          334, 330, 331, -1,
          335, 333, 332, -1,
          336, 331, 337, -1,
          336, 334, 331, -1,
          338, 333, 335, -1,
          339, 336, 337, -1,
          340, 333, 338, -1,
          341, 339, 337, -1,
          342, 343, 333, -1,
          342, 333, 340, -1,
          344, 337, 345, -1,
          344, 341, 337, -1,
          346, 343, 342, -1,
          347, 348, 349, -1,
          350, 351, 352, -1,
          350, 352, 353, -1,
          354, 343, 346, -1,
          355, 356, 347, -1,
          355, 349, 357, -1,
          355, 357, 351, -1,
          355, 347, 349, -1,
          355, 351, 350, -1,
          358, 356, 355, -1,
          359, 360, 358, -1,
          359, 358, 355, -1,
          361, 360, 359, -1,
          362, 344, 345, -1,
          363, 361, 359, -1,
          364, 361, 363, -1,
          365, 343, 354, -1,
          366, 345, 367, -1,
          366, 362, 345, -1,
          368, 364, 363, -1,
          368, 363, 369, -1,
          368, 369, 370, -1,
          371, 372, 343, -1,
          371, 343, 365, -1,
          373, 364, 368, -1,
          374, 366, 367, -1,
          375, 373, 376, -1,
          377, 372, 371, -1,
          378, 374, 367, -1,
          379, 373, 375, -1,
          380, 373, 379, -1,
          381, 372, 377, -1,
          382, 383, 372, -1,
          382, 372, 381, -1,
          384, 383, 382, -1,
          385, 383, 384, -1,
          386, 387, 388, -1,
          386, 388, 389, -1,
          390, 387, 386, -1,
          391, 383, 385, -1,
          392, 131, 383, -1,
          392, 383, 391, -1,
          393, 394, 395, -1,
          393, 395, 396, -1,
          397, 131, 392, -1,
          398, 390, 394, -1,
          398, 394, 393, -1,
          399, 390, 398, -1,
          400, 131, 397, -1,
          401, 129, 131, -1,
          401, 131, 400, -1,
          402, 129, 401, -1,
          403, 404, 405, -1,
          403, 405, 406, -1,
          403, 406, 407, -1,
          408, 129, 402, -1,
          409, 399, 404, -1,
          409, 387, 390, -1,
          409, 390, 399, -1,
          409, 404, 403, -1,
          410, 129, 408, -1,
          411, 412, 387, -1,
          411, 387, 409, -1,
          413, 133, 129, -1,
          413, 129, 410, -1,
          414, 412, 411, -1,
          415, 133, 413, -1,
          416, 417, 418, -1,
          416, 418, 412, -1,
          416, 414, 419, -1,
          416, 412, 414, -1,
          420, 133, 415, -1,
          421, 373, 380, -1,
          421, 417, 416, -1,
          421, 380, 422, -1,
          421, 422, 417, -1,
          423, 135, 133, -1,
          423, 133, 420, -1,
          424, 425, 426, -1,
          427, 364, 373, -1,
          427, 373, 421, -1,
          427, 428, 364, -1,
          429, 367, 430, -1,
          429, 431, 432, -1,
          429, 432, 433, -1,
          429, 433, 434, -1,
          429, 434, 435, -1,
          429, 435, 436, -1,
          429, 436, 437, -1,
          429, 437, 438, -1,
          429, 438, 439, -1,
          429, 439, 440, -1,
          429, 440, 441, -1,
          429, 441, 442, -1,
          429, 442, 443, -1,
          429, 443, 444, -1,
          429, 444, 445, -1,
          429, 445, 446, -1,
          429, 446, 447, -1,
          429, 447, 448, -1,
          429, 448, 449, -1,
          429, 449, 450, -1,
          429, 450, 451, -1,
          429, 451, 452, -1,
          429, 452, 453, -1,
          429, 453, 378, -1,
          429, 378, 367, -1,
          454, 135, 423, -1,
          455, 428, 427, -1,
          455, 456, 428, -1,
          457, 431, 429, -1,
          458, 456, 455, -1,
          459, 135, 454, -1,
          460, 456, 458, -1,
          460, 461, 462, -1,
          460, 462, 456, -1,
          463, 464, 465, -1,
          466, 457, 429, -1,
          467, 137, 135, -1,
          467, 135, 459, -1,
          468, 465, 424, -1,
          468, 463, 465, -1,
          468, 424, 426, -1,
          469, 470, 471, -1,
          469, 471, 472, -1,
          469, 472, 473, -1,
          469, 473, 474, -1,
          469, 474, 475, -1,
          469, 475, 476, -1,
          469, 476, 461, -1,
          469, 461, 460, -1,
          477, 137, 467, -1,
          478, 466, 429, -1,
          479, 137, 477, -1,
          480, 478, 429, -1,
          481, 137, 479, -1,
          482, 483, 484, -1,
          485, 480, 429, -1,
          486, 482, 484, -1,
          487, 137, 481, -1,
          487, 139, 137, -1,
          488, 429, 430, -1,
          488, 430, 489, -1,
          490, 486, 484, -1,
          491, 139, 487, -1,
          492, 490, 484, -1,
          493, 139, 491, -1,
          494, 139, 493, -1,
          495, 492, 484, -1,
          495, 496, 492, -1,
          495, 484, 468, -1,
          497, 495, 468, -1,
          498, 497, 468, -1,
          498, 468, 426, -1,
          499, 426, 500, -1,
          499, 498, 426, -1,
          501, 499, 500, -1,
          502, 503, 504, -1,
          502, 504, 505, -1,
          502, 505, 506, -1,
          502, 506, 507, -1,
          502, 507, 508, -1,
          502, 508, 509, -1,
          502, 509, 510, -1,
          502, 510, 511, -1,
          502, 511, 512, -1,
          502, 512, 513, -1,
          502, 513, 470, -1,
          502, 470, 469, -1,
          514, 515, 516, -1,
          514, 516, 501, -1,
          514, 500, 503, -1,
          514, 501, 500, -1,
          514, 503, 502, -1,
          517, 518, 515, -1,
          517, 515, 514, -1,
          519, 488, 489, -1,
          519, 489, 520, -1,
          521, 522, 518, -1,
          521, 518, 517, -1,
          523, 522, 521, -1,
          523, 524, 522, -1,
          525, 524, 523, -1,
          525, 526, 524, -1,
          527, 528, 529, -1,
          530, 526, 525, -1,
          530, 531, 532, -1,
          530, 532, 526, -1,
          533, 531, 530, -1,
          533, 534, 535, -1,
          533, 535, 536, -1,
          533, 536, 531, -1,
          537, 529, 534, -1,
          537, 534, 533, -1,
          538, 539, 540, -1,
          538, 540, 541, -1,
          542, 529, 537, -1,
          543, 541, 527, -1,
          543, 527, 529, -1,
          543, 529, 542, -1,
          543, 538, 541, -1,
          544, 502, 469, -1,
          544, 469, 545, -1,
          546, 519, 520, -1,
          546, 520, 547, -1,
          548, 546, 547, -1,
          549, 550, 551, -1,
          552, 547, 553, -1,
          552, 548, 547, -1,
          554, 555, 556, -1,
          554, 556, 557, -1,
          554, 557, 558, -1,
          554, 558, 559, -1,
          554, 559, 560, -1,
          554, 560, 561, -1,
          554, 561, 562, -1,
          554, 562, 563, -1,
          554, 563, 564, -1,
          554, 564, 565, -1,
          554, 565, 566, -1,
          554, 566, 567, -1,
          554, 567, 568, -1,
          554, 568, 569, -1,
          554, 569, 570, -1,
          554, 570, 571, -1,
          554, 571, 572, -1,
          554, 572, 573, -1,
          554, 573, 574, -1,
          554, 574, 575, -1,
          554, 575, 576, -1,
          554, 576, 577, -1,
          554, 577, 578, -1,
          554, 578, 579, -1,
          580, 553, 581, -1,
          580, 552, 553, -1,
          582, 552, 580, -1,
          583, 552, 582, -1,
          584, 552, 583, -1,
          585, 552, 584, -1,
          586, 552, 585, -1,
          587, 552, 586, -1,
          588, 552, 587, -1,
          589, 552, 588, -1,
          590, 552, 589, -1,
          591, 581, 592, -1,
          591, 592, 593, -1,
          591, 580, 581, -1,
          594, 595, 596, -1,
          594, 596, 597, -1,
          594, 597, 598, -1,
          594, 598, 599, -1,
          594, 599, 600, -1,
          594, 600, 601, -1,
          594, 601, 602, -1,
          594, 602, 603, -1,
          604, 605, 606, -1,
          607, 605, 604, -1,
          608, 594, 603, -1,
          608, 603, 609, -1,
          608, 609, 610, -1,
          611, 612, 613, -1,
          611, 613, 614, -1,
          615, 611, 614, -1,
          616, 607, 604, -1,
          617, 611, 615, -1,
          618, 608, 610, -1,
          619, 611, 617, -1,
          620, 611, 619, -1,
          621, 622, 591, -1,
          623, 591, 622, -1,
          624, 621, 591, -1,
          625, 591, 623, -1,
          626, 611, 620, -1,
          627, 624, 591, -1,
          628, 591, 625, -1,
          629, 616, 604, -1,
          630, 627, 591, -1,
          631, 591, 628, -1,
          632, 604, 591, -1,
          632, 591, 631, -1,
          633, 630, 591, -1,
          634, 604, 632, -1,
          635, 633, 591, -1,
          636, 611, 626, -1,
          637, 604, 634, -1,
          638, 635, 591, -1,
          639, 608, 618, -1,
          640, 604, 637, -1,
          641, 638, 591, -1,
          642, 604, 640, -1,
          643, 641, 591, -1,
          644, 611, 636, -1,
          645, 646, 647, -1,
          648, 604, 642, -1,
          649, 643, 591, -1,
          650, 608, 639, -1,
          651, 647, 652, -1,
          651, 652, 653, -1,
          651, 645, 647, -1,
          654, 604, 648, -1,
          655, 649, 591, -1,
          656, 611, 644, -1,
          657, 604, 654, -1,
          658, 655, 591, -1,
          659, 653, 660, -1,
          659, 651, 653, -1,
          661, 604, 657, -1,
          662, 611, 656, -1,
          663, 658, 591, -1,
          664, 608, 650, -1,
          665, 604, 661, -1,
          666, 611, 662, -1,
          667, 663, 591, -1,
          668, 604, 665, -1,
          669, 608, 664, -1,
          670, 671, 672, -1,
          673, 611, 666, -1,
          674, 593, 675, -1,
          674, 591, 593, -1,
          674, 667, 591, -1,
          676, 677, 678, -1,
          676, 678, 679, -1,
          676, 679, 629, -1,
          676, 629, 604, -1,
          676, 604, 668, -1,
          680, 659, 660, -1,
          680, 672, 659, -1,
          680, 670, 672, -1,
          681, 674, 675, -1,
          682, 611, 673, -1,
          683, 660, 684, -1,
          683, 684, 685, -1,
          683, 680, 660, -1,
          686, 608, 669, -1,
          687, 683, 685, -1,
          688, 675, 689, -1,
          688, 681, 675, -1,
          690, 611, 682, -1,
          691, 688, 689, -1,
          692, 611, 690, -1,
          693, 694, 687, -1,
          693, 685, 695, -1,
          693, 695, 696, -1,
          693, 687, 685, -1,
          697, 691, 689, -1,
          697, 689, 698, -1,
          699, 611, 692, -1,
          700, 696, 701, -1,
          700, 693, 696, -1,
          702, 703, 704, -1,
          702, 704, 705, -1,
          706, 703, 702, -1,
          706, 707, 703, -1,
          708, 709, 710, -1,
          708, 710, 707, -1,
          711, 698, 712, -1,
          711, 697, 698, -1,
          713, 700, 701, -1,
          714, 611, 699, -1,
          715, 707, 706, -1,
          715, 706, 716, -1,
          715, 716, 717, -1,
          715, 717, 718, -1,
          719, 713, 701, -1,
          719, 701, 720, -1,
          721, 722, 723, -1,
          721, 554, 722, -1,
          724, 707, 715, -1,
          724, 725, 708, -1,
          724, 708, 707, -1,
          726, 719, 720, -1,
          727, 725, 724, -1,
          728, 725, 727, -1,
          729, 720, 608, -1,
          729, 726, 720, -1,
          730, 731, 725, -1,
          730, 725, 728, -1,
          732, 731, 730, -1,
          732, 733, 734, -1,
          732, 734, 731, -1,
          735, 729, 608, -1,
          735, 608, 686, -1,
          735, 686, 736, -1,
          737, 738, 733, -1,
          737, 733, 732, -1,
          739, 735, 736, -1,
          739, 736, 740, -1,
          741, 739, 740, -1,
          741, 740, 742, -1,
          743, 738, 737, -1,
          743, 744, 738, -1,
          745, 741, 742, -1,
          745, 742, 746, -1,
          747, 745, 746, -1,
          747, 746, 748, -1,
          749, 750, 751, -1,
          749, 747, 748, -1,
          749, 748, 750, -1,
          752, 753, 754, -1,
          755, 749, 751, -1,
          756, 757, 758, -1,
          759, 760, 761, -1,
          759, 761, 762, -1,
          759, 762, 763, -1,
          759, 763, 764, -1,
          759, 764, 765, -1,
          759, 765, 766, -1,
          759, 766, 767, -1,
          759, 767, 768, -1,
          759, 768, 769, -1,
          759, 769, 677, -1,
          759, 676, 770, -1,
          759, 677, 676, -1,
          771, 752, 757, -1,
          771, 757, 756, -1,
          772, 773, 774, -1,
          775, 772, 774, -1,
          775, 774, 755, -1,
          775, 755, 751, -1,
          776, 751, 777, -1,
          776, 777, 778, -1,
          776, 775, 751, -1,
          779, 780, 781, -1,
          782, 771, 780, -1,
          782, 780, 779, -1,
          782, 752, 771, -1,
          783, 752, 782, -1,
          783, 753, 752, -1,
          784, 760, 759, -1,
          785, 786, 776, -1,
          787, 753, 783, -1,
          788, 778, 789, -1,
          788, 785, 776, -1,
          788, 776, 778, -1,
          790, 789, 753, -1,
          790, 788, 789, -1,
          790, 753, 787, -1,
          791, 723, 611, -1,
          791, 721, 723, -1,
          792, 784, 759, -1,
          793, 794, 795, -1,
          793, 795, 796, -1,
          793, 796, 797, -1,
          798, 794, 793, -1,
          799, 759, 770, -1,
          800, 801, 802, -1,
          803, 794, 798, -1,
          803, 804, 794, -1,
          803, 801, 800, -1,
          803, 798, 801, -1,
          805, 799, 770, -1,
          806, 804, 803, -1,
          806, 807, 808, -1,
          806, 808, 804, -1,
          809, 810, 805, -1,
          811, 807, 806, -1,
          812, 809, 805, -1,
          813, 812, 805, -1,
          813, 805, 770, -1,
          814, 743, 815, -1,
          814, 815, 807, -1,
          814, 807, 811, -1,
          816, 744, 743, -1,
          816, 743, 814, -1,
          817, 744, 816, -1,
          818, 819, 744, -1,
          818, 744, 817, -1,
          820, 819, 818, -1,
          821, 819, 820, -1,
          822, 770, 819, -1,
          822, 819, 821, -1,
          823, 824, 825, -1,
          823, 825, 826, -1,
          827, 770, 822, -1,
          828, 826, 829, -1,
          828, 829, 830, -1,
          828, 823, 826, -1,
          831, 770, 827, -1,
          832, 828, 830, -1,
          832, 830, 833, -1,
          834, 770, 831, -1,
          835, 770, 834, -1,
          836, 832, 833, -1,
          836, 833, 837, -1,
          838, 770, 835, -1,
          839, 836, 837, -1,
          839, 813, 770, -1,
          839, 837, 813, -1,
          840, 770, 838, -1,
          841, 839, 770, -1,
          842, 770, 840, -1,
          843, 841, 770, -1,
          844, 770, 842, -1,
          844, 843, 770, -1,
          845, 843, 844, -1,
          846, 847, 848, -1,
          846, 848, 843, -1,
          846, 843, 845, -1,
          849, 850, 847, -1,
          849, 847, 846, -1,
          851, 852, 850, -1,
          851, 850, 849, -1,
          853, 854, 855, -1,
          853, 855, 856, -1,
          853, 856, 857, -1,
          853, 857, 858, -1,
          853, 858, 859, -1,
          853, 554, 721, -1,
          853, 859, 860, -1,
          853, 860, 861, -1,
          853, 861, 862, -1,
          853, 862, 863, -1,
          853, 863, 864, -1,
          853, 555, 554, -1,
          853, 864, 865, -1,
          853, 865, 866, -1,
          853, 866, 867, -1,
          853, 867, 555, -1,
          868, 852, 851, -1,
          869, 870, 852, -1,
          869, 852, 868, -1,
          871, 869, 872, -1,
          871, 870, 869, -1,
          873, 874, 875, -1,
          873, 875, 876, -1,
          873, 876, 877, -1,
          878, 877, 870, -1,
          878, 870, 871, -1,
          879, 880, 873, -1,
          879, 873, 877, -1,
          879, 877, 878, -1,
          881, 880, 879, -1,
          881, 882, 880, -1,
          883, 882, 881, -1,
          884, 882, 883, -1,
          884, 885, 882, -1,
          886, 887, 888, -1,
          886, 888, 889, -1,
          886, 889, 890, -1,
          886, 890, 891, -1,
          886, 891, 892, -1,
          886, 892, 893, -1,
          886, 893, 894, -1,
          886, 894, 895, -1,
          886, 895, 896, -1,
          886, 896, 897, -1,
          886, 897, 898, -1,
          886, 898, 899, -1,
          900, 611, 714, -1,
          900, 791, 611, -1,
          900, 714, 901, -1,
          900, 901, 902, -1,
          900, 902, 903, -1,
          900, 903, 904, -1,
          900, 904, 905, -1,
          900, 905, 906, -1,
          900, 906, 907, -1,
          900, 907, 908, -1,
          909, 151, 149, -1,
          909, 149, 147, -1,
          909, 147, 145, -1,
          909, 145, 143, -1,
          909, 143, 141, -1,
          909, 141, 139, -1,
          909, 139, 494, -1,
          909, 494, 910, -1,
          909, 910, 911, -1,
          909, 911, 912, -1,
          909, 912, 854, -1,
          909, 854, 853, -1,
          913, 914, 915, -1,
          913, 915, 916, -1,
          913, 916, 917, -1,
          913, 917, 918, -1,
          913, 918, 919, -1,
          913, 919, 920, -1,
          913, 920, 921, -1,
          913, 921, 922, -1,
          913, 922, 923, -1,
          913, 923, 924, -1,
          913, 924, 925, -1,
          913, 925, 926, -1,
          913, 926, 927, -1,
          913, 927, 928, -1,
          913, 928, 929, -1,
          913, 929, 930, -1,
          913, 930, 931, -1,
          932, 933, 934, -1,
          932, 934, 935, -1,
          932, 935, 936, -1,
          932, 936, 937, -1,
          932, 937, 938, -1,
          932, 938, 887, -1,
          932, 887, 886, -1,
          932, 939, 940, -1,
          932, 940, 941, -1,
          932, 941, 933, -1,
          942, 939, 932, -1,
          943, 942, 932, -1,
          944, 945, 946, -1,
          944, 946, 947, -1,
          944, 947, 948, -1,
          944, 948, 949, -1,
          944, 949, 950, -1,
          944, 950, 951, -1,
          944, 951, 952, -1,
          944, 952, 953, -1,
          944, 953, 954, -1,
          944, 954, 955, -1,
          944, 955, 956, -1,
          944, 956, 957, -1,
          944, 957, 958, -1,
          944, 958, 959, -1,
          944, 959, 960, -1,
          944, 960, 961, -1,
          944, 961, 962, -1,
          963, 943, 932, -1,
          964, 965, 966, -1,
          964, 966, 967, -1,
          964, 900, 908, -1,
          964, 908, 968, -1,
          964, 968, 969, -1,
          964, 969, 970, -1,
          964, 970, 971, -1,
          964, 971, 972, -1,
          964, 972, 973, -1,
          964, 973, 974, -1,
          964, 974, 965, -1,
          975, 976, 977, -1,
          975, 977, 978, -1,
          975, 978, 979, -1,
          975, 979, 980, -1,
          975, 980, 981, -1,
          975, 981, 982, -1,
          975, 982, 983, -1,
          975, 983, 984, -1,
          975, 984, 985, -1,
          975, 985, 986, -1,
          975, 986, 711, -1,
          975, 899, 987, -1,
          975, 987, 988, -1,
          975, 712, 989, -1,
          975, 711, 712, -1,
          975, 886, 899, -1,
          975, 988, 990, -1,
          975, 990, 991, -1,
          975, 991, 992, -1,
          975, 992, 993, -1,
          975, 993, 994, -1,
          975, 994, 976, -1,
          995, 853, 721, -1,
          996, 975, 989, -1,
          996, 989, 997, -1,
          996, 997, 998, -1,
          996, 998, 999, -1,
          153, 151, 909, -1,
          1000, 886, 975, -1,
          1001, 913, 931, -1,
          1001, 931, 1002, -1,
          1001, 1002, 1003, -1,
          1001, 1003, 1004, -1,
          1001, 1004, 1005, -1,
          1001, 1005, 1006, -1,
          1001, 1006, 1007, -1,
          1001, 1007, 1008, -1,
          1001, 1008, 1009, -1,
          1001, 1009, 1010, -1,
          1001, 1010, 1011, -1,
          1001, 1011, 1012, -1,
          1001, 1012, 1013, -1,
          1001, 1013, 1014, -1,
          1001, 1014, 1015, -1,
          1001, 1015, 1016, -1,
          1001, 1016, 1017, -1,
          1001, 1017, 1018, -1,
          1001, 1018, 1019, -1,
          1001, 1019, 1020, -1,
          1001, 1020, 1021, -1,
          1022, 964, 967, -1,
          1022, 967, 1023, -1,
          1022, 1023, 945, -1,
          1022, 945, 944, -1,
          1024, 1025, 996, -1,
          1026, 944, 1027, -1,
          1026, 1022, 944, -1,
          1028, 1024, 996, -1,
          1028, 1029, 1024, -1,
          155, 153, 909, -1,
          1030, 1029, 1028, -1,
          1031, 1032, 1033, -1,
          1034, 964, 1022, -1,
          1034, 1035, 964, -1,
          1036, 1027, 1001, -1,
          1036, 963, 932, -1,
          1036, 1001, 1021, -1,
          1036, 1021, 963, -1,
          1037, 1028, 996, -1,
          1038, 1039, 996, -1,
          1040, 996, 1039, -1,
          1041, 996, 1040, -1,
          1042, 1038, 996, -1,
          1043, 1042, 996, -1,
          1044, 1043, 996, -1,
          1045, 996, 1041, -1,
          1046, 1044, 996, -1,
          1047, 1026, 1048, -1,
          1049, 1048, 1026, -1,
          1050, 1026, 1047, -1,
          1051, 1037, 996, -1,
          1051, 996, 1045, -1,
          1052, 1026, 1050, -1,
          1053, 1049, 1026, -1,
          1054, 1046, 996, -1,
          1055, 1026, 1052, -1,
          1056, 1053, 1026, -1,
          1057, 1058, 1059, -1,
          1060, 1037, 1051, -1,
          1061, 1054, 996, -1,
          1062, 1026, 1055, -1,
          1063, 1056, 1026, -1,
          1064, 1026, 1062, -1,
          1065, 1061, 996, -1,
          1066, 1037, 1060, -1,
          1067, 1026, 1027, -1,
          1067, 1063, 1026, -1,
          1068, 1026, 1064, -1,
          1069, 1065, 996, -1,
          1070, 1067, 1027, -1,
          1071, 1026, 1068, -1,
          1072, 1037, 1066, -1,
          1073, 1069, 996, -1,
          1074, 1026, 1071, -1,
          1075, 1070, 1027, -1,
          1076, 1037, 1072, -1,
          1077, 1073, 996, -1,
          1078, 1075, 1027, -1,
          1079, 1026, 1074, -1,
          1080, 1037, 1076, -1,
          1081, 1077, 996, -1,
          1082, 1078, 1027, -1,
          1083, 1026, 1079, -1,
          1084, 1037, 1080, -1,
          1085, 996, 999, -1,
          1085, 1081, 996, -1,
          1086, 1082, 1027, -1,
          1087, 1026, 1083, -1,
          1088, 1037, 1084, -1,
          1089, 999, 1090, -1,
          1089, 1085, 999, -1,
          1091, 1092, 1029, -1,
          1091, 1029, 1030, -1,
          1093, 1086, 1027, -1,
          1094, 1026, 1087, -1,
          1095, 1037, 1088, -1,
          1096, 1089, 1090, -1,
          1097, 1093, 1027, -1,
          1098, 1037, 1095, -1,
          1099, 1097, 1027, -1,
          1100, 1090, 1101, -1,
          1100, 1096, 1090, -1,
          1102, 1099, 1027, -1,
          1103, 1037, 1098, -1,
          1104, 1101, 1105, -1,
          1104, 1100, 1101, -1,
          1106, 1104, 1105, -1,
          1107, 1102, 1027, -1,
          1108, 1037, 1103, -1,
          1109, 1105, 1110, -1,
          1109, 1106, 1105, -1,
          1111, 1107, 1027, -1,
          1112, 1037, 1108, -1,
          1112, 1113, 1037, -1,
          1114, 1111, 1027, -1,
          1115, 1113, 1112, -1,
          1116, 1114, 1027, -1,
          1116, 1027, 1036, -1,
          1117, 1116, 1036, -1,
          1118, 1117, 1036, -1,
          1119, 1113, 1115, -1,
          1120, 1118, 1036, -1,
          1121, 1120, 1036, -1,
          157, 155, 909, -1,
          1122, 1113, 1119, -1,
          1123, 1121, 1036, -1,
          1124, 1123, 1036, -1,
          1125, 1124, 1036, -1,
          1126, 1125, 1036, -1,
          1127, 1113, 1122, -1,
          1128, 1126, 1036, -1,
          1129, 1128, 1036, -1,
          1130, 1058, 1057, -1,
          1131, 1113, 1127, -1,
          1131, 1030, 1113, -1,
          1132, 1129, 1036, -1,
          1133, 1132, 1036, -1,
          1134, 1036, 1091, -1,
          1134, 1133, 1036, -1,
          1135, 1030, 1131, -1,
          1136, 1134, 1091, -1,
          1137, 1091, 1030, -1,
          1137, 1030, 1135, -1,
          1138, 1136, 1091, -1,
          1139, 1140, 1141, -1,
          1139, 1141, 1142, -1,
          1139, 1142, 1143, -1,
          1144, 1139, 1143, -1,
          1145, 1091, 1137, -1,
          1146, 1139, 1144, -1,
          1147, 1139, 1146, -1,
          1148, 1091, 1145, -1,
          1149, 1139, 1147, -1,
          1150, 1091, 1148, -1,
          1151, 1139, 1149, -1,
          1152, 1139, 1151, -1,
          1153, 1091, 1150, -1,
          1154, 1139, 1152, -1,
          1155, 1091, 1153, -1,
          1156, 1139, 1154, -1,
          1157, 1091, 1155, -1,
          1158, 1139, 1156, -1,
          1159, 1091, 1157, -1,
          1160, 1161, 1162, -1,
          1160, 1162, 1163, -1,
          1164, 1160, 1163, -1,
          1165, 1161, 1160, -1,
          1165, 1166, 1161, -1,
          1167, 1163, 1168, -1,
          1167, 1164, 1163, -1,
          1169, 1166, 1165, -1,
          1169, 1170, 1166, -1,
          1171, 1167, 1168, -1,
          1171, 1168, 1172, -1,
          1173, 1170, 1169, -1,
          1173, 1174, 1170, -1,
          1175, 1171, 1172, -1,
          1175, 1172, 1176, -1,
          1175, 1176, 1177, -1,
          1178, 1174, 1173, -1,
          1178, 1179, 1174, -1,
          1180, 1179, 1178, -1,
          1180, 1181, 1179, -1,
          1182, 1175, 1177, -1,
          1182, 1177, 1183, -1,
          1184, 1139, 1158, -1,
          1185, 1181, 1180, -1,
          1185, 1186, 1181, -1,
          1187, 1182, 1183, -1,
          1188, 1091, 1159, -1,
          1189, 1186, 1185, -1,
          1189, 1190, 1186, -1,
          1191, 1183, 1192, -1,
          1191, 1187, 1183, -1,
          1193, 1190, 1189, -1,
          1194, 1191, 1192, -1,
          1194, 1192, 1195, -1,
          1194, 1195, 1196, -1,
          1197, 1139, 1184, -1,
          1198, 1190, 1193, -1,
          1198, 1199, 1190, -1,
          1200, 1194, 1196, -1,
          1201, 1199, 1198, -1,
          1201, 1202, 1199, -1,
          1203, 1200, 1196, -1,
          1203, 1196, 1204, -1,
          1205, 1202, 1201, -1,
          1206, 1203, 1204, -1,
          1206, 1204, 1207, -1,
          1208, 1139, 1197, -1,
          1209, 1202, 1205, -1,
          1209, 1210, 1202, -1,
          1211, 1206, 1207, -1,
          1211, 1207, 1212, -1,
          1213, 1210, 1209, -1,
          1214, 1139, 1208, -1,
          1215, 1212, 1216, -1,
          1215, 1211, 1212, -1,
          1217, 1218, 1210, -1,
          1217, 1210, 1213, -1,
          1219, 1215, 1216, -1,
          1219, 1216, 1109, -1,
          1219, 1109, 1110, -1,
          1220, 1218, 1217, -1,
          1221, 1139, 1214, -1,
          1222, 1219, 1110, -1,
          1223, 1224, 1225, -1,
          1223, 1225, 1226, -1,
          1223, 1226, 1218, -1,
          1223, 1218, 1220, -1,
          1227, 1110, 1228, -1,
          1227, 1222, 1110, -1,
          1229, 1139, 1221, -1,
          159, 157, 909, -1,
          1230, 1231, 1232, -1,
          1230, 1232, 1233, -1,
          1230, 1233, 1234, -1,
          1230, 1234, 1235, -1,
          1230, 1235, 1236, -1,
          1230, 1236, 1237, -1,
          1230, 1237, 1238, -1,
          1230, 1238, 1239, -1,
          1230, 1239, 1240, -1,
          1230, 1240, 1241, -1,
          1230, 1241, 1242, -1,
          1230, 1138, 1091, -1,
          1230, 1242, 1138, -1,
          1243, 1228, 1244, -1,
          1243, 1227, 1228, -1,
          1245, 1139, 1229, -1,
          1246, 1231, 1230, -1,
          1247, 1243, 1244, -1,
          1248, 1139, 1245, -1,
          1249, 1247, 1244, -1,
          1249, 1244, 1250, -1,
          1251, 1246, 1230, -1,
          1252, 1253, 1254, -1,
          1252, 1254, 1255, -1,
          1256, 1257, 1253, -1,
          1256, 1253, 1252, -1,
          1258, 1259, 1260, -1,
          1258, 1260, 1257, -1,
          1261, 1249, 1250, -1,
          1262, 1139, 1248, -1,
          1263, 1251, 1230, -1,
          1264, 1257, 1256, -1,
          1264, 1256, 1265, -1,
          1264, 1265, 1266, -1,
          1264, 1266, 1267, -1,
          1268, 1139, 1262, -1,
          1269, 1270, 1258, -1,
          1269, 1257, 1264, -1,
          1269, 1258, 1257, -1,
          1271, 1270, 1269, -1,
          1272, 1270, 1271, -1,
          1273, 1139, 1268, -1,
          1274, 1263, 1230, -1,
          1275, 1276, 1270, -1,
          1275, 1270, 1272, -1,
          1277, 1278, 1279, -1,
          1277, 1279, 1276, -1,
          1277, 1276, 1275, -1,
          1280, 1139, 1273, -1,
          1281, 1282, 1278, -1,
          1281, 1278, 1277, -1,
          1283, 1139, 1280, -1,
          1284, 1188, 1285, -1,
          1284, 1285, 1286, -1,
          1284, 1230, 1091, -1,
          1284, 1286, 1287, -1,
          1284, 1287, 1288, -1,
          1284, 1288, 1289, -1,
          1284, 1289, 1290, -1,
          1284, 1290, 1291, -1,
          1284, 1291, 1292, -1,
          1284, 1091, 1188, -1,
          1293, 1294, 1282, -1,
          1293, 1282, 1281, -1,
          1295, 1139, 1283, -1,
          1296, 1139, 1295, -1,
          1297, 1139, 1296, -1,
          1298, 1223, 1299, -1,
          1298, 1300, 1301, -1,
          1298, 1301, 1302, -1,
          1298, 1302, 1303, -1,
          1298, 1303, 1304, -1,
          1298, 1304, 1224, -1,
          1298, 1224, 1223, -1,
          1305, 1300, 1298, -1,
          1306, 1139, 1297, -1,
          1307, 1139, 1306, -1,
          1308, 1139, 1307, -1,
          1309, 1310, 1311, -1,
          1309, 1311, 1312, -1,
          1309, 1312, 1313, -1,
          1314, 1139, 1308, -1,
          1315, 1310, 1309, -1,
          1316, 1139, 1314, -1,
          1317, 1298, 1299, -1,
          1318, 1319, 1320, -1,
          1321, 1319, 1318, -1,
          1321, 1322, 1310, -1,
          1321, 1315, 1319, -1,
          1321, 1310, 1315, -1,
          1323, 1317, 1299, -1,
          1324, 1325, 1326, -1,
          1324, 1326, 1322, -1,
          1324, 1322, 1321, -1,
          1327, 1328, 1323, -1,
          1329, 1325, 1324, -1,
          1330, 1327, 1323, -1,
          1331, 1330, 1323, -1,
          1331, 1323, 1299, -1,
          1332, 1293, 1333, -1,
          1332, 1333, 1325, -1,
          1332, 1325, 1329, -1,
          1334, 1294, 1293, -1,
          1334, 1293, 1332, -1,
          1335, 1294, 1334, -1,
          1336, 1294, 1335, -1,
          1336, 1337, 1294, -1,
          1338, 1337, 1336, -1,
          1339, 1337, 1338, -1,
          1340, 1299, 1337, -1,
          1340, 1337, 1339, -1,
          1341, 1342, 1343, -1,
          1341, 1343, 1344, -1,
          1345, 1299, 1340, -1,
          1346, 1344, 1347, -1,
          1346, 1347, 1348, -1,
          1346, 1341, 1344, -1,
          1349, 1299, 1345, -1,
          1350, 1348, 1351, -1,
          1350, 1346, 1348, -1,
          1352, 1299, 1349, -1,
          1353, 1299, 1352, -1,
          1354, 1351, 1355, -1,
          1354, 1350, 1351, -1,
          1356, 1299, 1353, -1,
          1357, 1354, 1355, -1,
          1357, 1355, 1331, -1,
          1357, 1331, 1299, -1,
          1358, 1299, 1356, -1,
          161, 159, 909, -1,
          1359, 1357, 1299, -1,
          1360, 1299, 1358, -1,
          1361, 1359, 1299, -1,
          1362, 1361, 1299, -1,
          1362, 1299, 1360, -1,
          1363, 1361, 1362, -1,
          1364, 1365, 1366, -1,
          1364, 1366, 1361, -1,
          1364, 1361, 1363, -1,
          1367, 1365, 1364, -1,
          1367, 1368, 1365, -1,
          1369, 1368, 1367, -1,
          1369, 1370, 1368, -1,
          1371, 1370, 1369, -1,
          1372, 1373, 1370, -1,
          1372, 1370, 1371, -1,
          1374, 1373, 1372, -1,
          1374, 1372, 1375, -1,
          1376, 1377, 1378, -1,
          1376, 1378, 1379, -1,
          1376, 1379, 1380, -1,
          1381, 1382, 1383, -1,
          1381, 1383, 1384, -1,
          1385, 1383, 1382, -1,
          1385, 1386, 1383, -1,
          1387, 1388, 1389, -1,
          1387, 1389, 1386, -1,
          1387, 1386, 1385, -1,
          1390, 1384, 1391, -1,
          1390, 1381, 1384, -1,
          1392, 1373, 1374, -1,
          1392, 1380, 1373, -1,
          1393, 1390, 1391, -1,
          1393, 1391, 1394, -1,
          1395, 1376, 1380, -1,
          1395, 1380, 1392, -1,
          1395, 1396, 1376, -1,
          1397, 1396, 1395, -1,
          1397, 1398, 1396, -1,
          1399, 1393, 1394, -1,
          1399, 1394, 1400, -1,
          1401, 1398, 1397, -1,
          1402, 1398, 1401, -1,
          1402, 1403, 1398, -1,
          1404, 1388, 1387, -1,
          1404, 1405, 1406, -1,
          1404, 1406, 1388, -1,
          1407, 1399, 1400, -1,
          1407, 1400, 1408, -1,
          1409, 1405, 1404, -1,
          1409, 1410, 1405, -1,
          1411, 1407, 1408, -1,
          1411, 1408, 1412, -1,
          1413, 1410, 1409, -1,
          1413, 1414, 1410, -1,
          1415, 1411, 1412, -1,
          1415, 1412, 1416, -1,
          1415, 1416, 1417, -1,
          1418, 1415, 1417, -1,
          1418, 1417, 1419, -1,
          1420, 1292, 1421, -1,
          1420, 1421, 1422, -1,
          1420, 1422, 1423, -1,
          1420, 1423, 1424, -1,
          1420, 1424, 1425, -1,
          1420, 1425, 1426, -1,
          1420, 1426, 1427, -1,
          1420, 1427, 1428, -1,
          1420, 1428, 1429, -1,
          1420, 1429, 1430, -1,
          1420, 1430, 1431, -1,
          1420, 1431, 1432, -1,
          1420, 1284, 1292, -1,
          1433, 1414, 1413, -1,
          1433, 1434, 1414, -1,
          1435, 1418, 1419, -1,
          1435, 1419, 1436, -1,
          1437, 1438, 1434, -1,
          1437, 1434, 1433, -1,
          1439, 1435, 1436, -1,
          1439, 1436, 1440, -1,
          1441, 1442, 1438, -1,
          1441, 1438, 1437, -1,
          1443, 1440, 1444, -1,
          1443, 1439, 1440, -1,
          1445, 1442, 1441, -1,
          1445, 1446, 1442, -1,
          1447, 1443, 1444, -1,
          1447, 1444, 1448, -1,
          1449, 1446, 1445, -1,
          1449, 1450, 1446, -1,
          1451, 1452, 1284, -1,
          1453, 1447, 1448, -1,
          1453, 1448, 1261, -1,
          1454, 1450, 1449, -1,
          1454, 1455, 1450, -1,
          1456, 1453, 1261, -1,
          1456, 1261, 1250, -1,
          1457, 1455, 1454, -1,
          1457, 1458, 1459, -1,
          1457, 1459, 1455, -1,
          1460, 1250, 1461, -1,
          1460, 1456, 1250, -1,
          1462, 1284, 1420, -1,
          1463, 1458, 1457, -1,
          1463, 1464, 1458, -1,
          1465, 1461, 1466, -1,
          1465, 1460, 1461, -1,
          1467, 1468, 1469, -1,
          1467, 1469, 1470, -1,
          1467, 1470, 1471, -1,
          1467, 1471, 1472, -1,
          1467, 1472, 1473, -1,
          1467, 1473, 1474, -1,
          1467, 1474, 1475, -1,
          1467, 1475, 1476, -1,
          1467, 1476, 1477, -1,
          1467, 1477, 1478, -1,
          1467, 1478, 1479, -1,
          1467, 1479, 1480, -1,
          1467, 1480, 1481, -1,
          1467, 1481, 1482, -1,
          1467, 1482, 1483, -1,
          1467, 1483, 1484, -1,
          1467, 1484, 1485, -1,
          1486, 1464, 1463, -1,
          1486, 1487, 1488, -1,
          1486, 1488, 1464, -1,
          1489, 1465, 1466, -1,
          1490, 1284, 1462, -1,
          1491, 1492, 1493, -1,
          1491, 1493, 1494, -1,
          1495, 1496, 1497, -1,
          1495, 1497, 1498, -1,
          1495, 1498, 1499, -1,
          1495, 1499, 1500, -1,
          1495, 1500, 1501, -1,
          1495, 1501, 1502, -1,
          1495, 1502, 1503, -1,
          1495, 1503, 1504, -1,
          1495, 1504, 1505, -1,
          1495, 1505, 1506, -1,
          1495, 1506, 1507, -1,
          1495, 1507, 1508, -1,
          1495, 1508, 1509, -1,
          1495, 1509, 1510, -1,
          1511, 1466, 1512, -1,
          1511, 1489, 1466, -1,
          1513, 1514, 1515, -1,
          1513, 1515, 1491, -1,
          1516, 1451, 1284, -1,
          1516, 1284, 1490, -1,
          1517, 1491, 1494, -1,
          1517, 1513, 1491, -1,
          1518, 1517, 1494, -1,
          1519, 1520, 1451, -1,
          1519, 1451, 1516, -1,
          1521, 1487, 1486, -1,
          1521, 1522, 1487, -1,
          1523, 1511, 1512, -1,
          1524, 1518, 1494, -1,
          1525, 1520, 1519, -1,
          1526, 1524, 1494, -1,
          1527, 1520, 1525, -1,
          1527, 1494, 1520, -1,
          1528, 1494, 1527, -1,
          1528, 1526, 1494, -1,
          1529, 1512, 1530, -1,
          1529, 1523, 1512, -1,
          1531, 1420, 1432, -1,
          1531, 1432, 1532, -1,
          1531, 1532, 1533, -1,
          1531, 1533, 1534, -1,
          1531, 1534, 1535, -1,
          1531, 1535, 1536, -1,
          1537, 1522, 1521, -1,
          1537, 1538, 1539, -1,
          1537, 1539, 1522, -1,
          1540, 1538, 1537, -1,
          1540, 1541, 1542, -1,
          1540, 1542, 1538, -1,
          1543, 1541, 1540, -1,
          1543, 1544, 1545, -1,
          1543, 1545, 1541, -1,
          1546, 1544, 1543, -1,
          1546, 1547, 1548, -1,
          1546, 1548, 1549, -1,
          1546, 1549, 1550, -1,
          1546, 1550, 1544, -1,
          1551, 1552, 1553, -1,
          1554, 1555, 1556, -1,
          1554, 1556, 1557, -1,
          1554, 1557, 1558, -1,
          1554, 1558, 1559, -1,
          1554, 1559, 1560, -1,
          1554, 1560, 1561, -1,
          1554, 1561, 1562, -1,
          1554, 1562, 1563, -1,
          1554, 1563, 1564, -1,
          1554, 1564, 1565, -1,
          1554, 1565, 1566, -1,
          1554, 1566, 1567, -1,
          1554, 1567, 1568, -1,
          1554, 1568, 1569, -1,
          1554, 1569, 1570, -1,
          1554, 1570, 1571, -1,
          1554, 1571, 1572, -1,
          1554, 1572, 1573, -1,
          1554, 1573, 1574, -1,
          1554, 1574, 1575, -1,
          1554, 1575, 1576, -1,
          1554, 1576, 1577, -1,
          1554, 1577, 1578, -1,
          1554, 1578, 1579, -1,
          1554, 1579, 1580, -1,
          1554, 1580, 1581, -1,
          1554, 1581, 1582, -1,
          1554, 1582, 1583, -1,
          1554, 1583, 1584, -1,
          1554, 1584, 1585, -1,
          1554, 1585, 1586, -1,
          1554, 1586, 1587, -1,
          1588, 1496, 1495, -1,
          1588, 1536, 1589, -1,
          1588, 1589, 1590, -1,
          1588, 1590, 1591, -1,
          1588, 1591, 1592, -1,
          1588, 1592, 1593, -1,
          1588, 1593, 1594, -1,
          1588, 1594, 1595, -1,
          1588, 1595, 1496, -1,
          1588, 1596, 1531, -1,
          1588, 1531, 1536, -1,
          1597, 1551, 1553, -1,
          1597, 1553, 1598, -1,
          1597, 1598, 1599, -1,
          1600, 1597, 1599, -1,
          1600, 1599, 1601, -1,
          1602, 1547, 1546, -1,
          1602, 1603, 1604, -1,
          1602, 1604, 1605, -1,
          1602, 1605, 1547, -1,
          1606, 1601, 1607, -1,
          1606, 1607, 1608, -1,
          1606, 1600, 1601, -1,
          1609, 1606, 1608, -1,
          1610, 1609, 1608, -1,
          1610, 1608, 1611, -1,
          1612, 1603, 1602, -1,
          1612, 1613, 1614, -1,
          1612, 1614, 1615, -1,
          1612, 1615, 1603, -1,
          1616, 1610, 1611, -1,
          1616, 1611, 1617, -1,
          1616, 1617, 1618, -1,
          163, 161, 909, -1,
          1619, 1616, 1618, -1,
          1620, 1485, 1621, -1,
          1620, 1621, 1622, -1,
          1620, 1622, 1623, -1,
          1620, 1623, 1624, -1,
          1620, 1624, 1625, -1,
          1620, 1625, 1626, -1,
          1620, 1626, 1627, -1,
          1620, 1627, 1628, -1,
          1620, 1628, 1629, -1,
          1620, 1629, 1630, -1,
          1620, 1630, 1631, -1,
          1620, 1631, 1632, -1,
          1620, 1467, 1485, -1,
          1633, 1619, 1618, -1,
          1633, 1618, 1634, -1,
          1635, 1613, 1612, -1,
          1635, 1620, 1632, -1,
          1635, 1632, 1636, -1,
          1635, 1636, 1637, -1,
          1635, 1637, 1613, -1,
          1638, 1633, 1634, -1,
          1638, 1634, 1639, -1,
          1640, 1638, 1639, -1,
          1641, 1620, 1635, -1,
          1642, 1639, 1643, -1,
          1642, 1640, 1639, -1,
          1644, 1643, 1645, -1,
          1644, 1642, 1643, -1,
          1646, 1644, 1645, -1,
          1647, 1620, 1641, -1,
          1648, 1645, 1596, -1,
          1648, 1646, 1645, -1,
          1649, 1620, 1647, -1,
          1650, 1648, 1596, -1,
          1651, 1650, 1596, -1,
          1652, 1620, 1649, -1,
          1653, 1620, 1652, -1,
          1654, 1620, 1653, -1,
          1655, 1620, 1654, -1,
          1656, 1657, 1620, -1,
          1656, 1620, 1655, -1,
          1658, 1657, 1656, -1,
          1659, 1657, 1658, -1,
          1660, 1657, 1659, -1,
          1661, 1657, 1660, -1,
          1662, 1657, 1661, -1,
          1663, 1664, 1665, -1,
          1663, 1665, 1666, -1,
          1663, 1666, 1667, -1,
          1663, 1667, 1668, -1,
          1663, 1669, 1670, -1,
          1663, 1670, 1671, -1,
          1663, 1671, 1672, -1,
          1663, 1672, 1673, -1,
          1663, 1673, 1664, -1,
          1674, 1657, 1662, -1,
          1675, 1657, 1674, -1,
          1676, 1657, 1675, -1,
          1677, 1657, 1676, -1,
          1678, 1657, 1677, -1,
          1679, 1495, 1657, -1,
          1680, 1657, 1678, -1,
          1681, 1679, 1657, -1,
          1682, 1669, 1663, -1,
          1682, 1683, 1684, -1,
          1682, 1684, 1669, -1,
          1685, 1657, 1680, -1,
          1686, 1683, 1682, -1,
          1687, 1686, 1682, -1,
          165, 909, 1032, -1,
          165, 163, 909, -1,
          1688, 1687, 1682, -1,
          1689, 1679, 1681, -1,
          1690, 1668, 1691, -1,
          1690, 1691, 1692, -1,
          1690, 1692, 1693, -1,
          1690, 1693, 1694, -1,
          1690, 1694, 1695, -1,
          1690, 1695, 1696, -1,
          1690, 1696, 1697, -1,
          1690, 1697, 1698, -1,
          1690, 1698, 1699, -1,
          1690, 1699, 1700, -1,
          1690, 1700, 1701, -1,
          1690, 1701, 1702, -1,
          1690, 1702, 1703, -1,
          1690, 1703, 1704, -1,
          1690, 1704, 1705, -1,
          1690, 1705, 1706, -1,
          1690, 1706, 1707, -1,
          1690, 1707, 1708, -1,
          1690, 1708, 1529, -1,
          1690, 1663, 1668, -1,
          1690, 1530, 1709, -1,
          1690, 1709, 1710, -1,
          1690, 1529, 1530, -1,
          1711, 1688, 1682, -1,
          1712, 1681, 1657, -1,
          1712, 1685, 1713, -1,
          1712, 1713, 1714, -1,
          1712, 1714, 1715, -1,
          1712, 1657, 1685, -1,
          1716, 1690, 1710, -1,
          1717, 1663, 1690, -1,
          1718, 1719, 1720, -1,
          1718, 1720, 1721, -1,
          1718, 1721, 1722, -1,
          1718, 1722, 1723, -1,
          1718, 1723, 1724, -1,
          1718, 1724, 1725, -1,
          1718, 1725, 1726, -1,
          1718, 1726, 1727, -1,
          1718, 1727, 1728, -1,
          1718, 1728, 1729, -1,
          1718, 1729, 1730, -1,
          1718, 1730, 1731, -1,
          1718, 1731, 1732, -1,
          1718, 1732, 1733, -1,
          1718, 1733, 1734, -1,
          1718, 1734, 1735, -1,
          1718, 1735, 1736, -1,
          1718, 1736, 1737, -1,
          1718, 1737, 1738, -1,
          1718, 1738, 1739, -1,
          1718, 1739, 1740, -1,
          1718, 1740, 1741, -1,
          1718, 1742, 1743, -1,
          1718, 1743, 1744, -1,
          1718, 1744, 1745, -1,
          1718, 1745, 1746, -1,
          1718, 1746, 1747, -1,
          1718, 1747, 1748, -1,
          1718, 1748, 1749, -1,
          1718, 1749, 1750, -1,
          1718, 1750, 1751, -1,
          1718, 1751, 1719, -1,
          1752, 1711, 1682, -1,
          1752, 1753, 1754, -1,
          1752, 1754, 1711, -1,
          1755, 1756, 1689, -1,
          1757, 1716, 1710, -1,
          1757, 1710, 1758, -1,
          167, 165, 1032, -1,
          1759, 1757, 1758, -1,
          1759, 1758, 1760, -1,
          1761, 1712, 1715, -1,
          1761, 1715, 1762, -1,
          1761, 1762, 1763, -1,
          1761, 1763, 1764, -1,
          1761, 1764, 1765, -1,
          1761, 1765, 1766, -1,
          1761, 1766, 1767, -1,
          1761, 1767, 1768, -1,
          1761, 1768, 1769, -1,
          1761, 1769, 1770, -1,
          1761, 1770, 1771, -1,
          1761, 1771, 1772, -1,
          1761, 1772, 1773, -1,
          1761, 1773, 1774, -1,
          1761, 1775, 1712, -1,
          1776, 1760, 1777, -1,
          1776, 1759, 1760, -1,
          1778, 1779, 1780, -1,
          1781, 1761, 1774, -1,
          1781, 1774, 1782, -1,
          1781, 1782, 1783, -1,
          1781, 1783, 1784, -1,
          1781, 1784, 1785, -1,
          1786, 1775, 1761, -1,
          1787, 1781, 1785, -1,
          1787, 1785, 1788, -1,
          1787, 1788, 1789, -1,
          1787, 1789, 1790, -1,
          1787, 1790, 1791, -1,
          1787, 1791, 1792, -1,
          1787, 1792, 1793, -1,
          1787, 1793, 1794, -1,
          1795, 1776, 1777, -1,
          1795, 1777, 1796, -1,
          1797, 1753, 1752, -1,
          1797, 1798, 1799, -1,
          1797, 1799, 1800, -1,
          1797, 1800, 1801, -1,
          1797, 1801, 1802, -1,
          1797, 1802, 1803, -1,
          1797, 1803, 1804, -1,
          1797, 1804, 1805, -1,
          1797, 1805, 1806, -1,
          1797, 1806, 1807, -1,
          1797, 1807, 1753, -1,
          169, 1032, 1031, -1,
          169, 167, 1032, -1,
          169, 1031, 1058, -1,
          1808, 1809, 1795, -1,
          1810, 1795, 1809, -1,
          1811, 1795, 1810, -1,
          1812, 1808, 1795, -1,
          1813, 1812, 1795, -1,
          1814, 1813, 1795, -1,
          1815, 1795, 1811, -1,
          1816, 1814, 1795, -1,
          1817, 1795, 1815, -1,
          1818, 1816, 1795, -1,
          1819, 1795, 1817, -1,
          1820, 1818, 1795, -1,
          1821, 1820, 1795, -1,
          1822, 1795, 1819, -1,
          1823, 1821, 1795, -1,
          1824, 1794, 1798, -1,
          1824, 1787, 1794, -1,
          1824, 1798, 1797, -1,
          1825, 1795, 1822, -1,
          1826, 1823, 1795, -1,
          1827, 1795, 1825, -1,
          1828, 1826, 1795, -1,
          1829, 1795, 1827, -1,
          1830, 1824, 1797, -1,
          1831, 1828, 1795, -1,
          1832, 1795, 1829, -1,
          1833, 1831, 1795, -1,
          1834, 1795, 1832, -1,
          1835, 1830, 1797, -1,
          1836, 1833, 1795, -1,
          1836, 1795, 1796, -1,
          1837, 1795, 1834, -1,
          1838, 1836, 1796, -1,
          1839, 1795, 1837, -1,
          1840, 1835, 1797, -1,
          1841, 1796, 1842, -1,
          1841, 1838, 1796, -1,
          1843, 1841, 1842, -1,
          1844, 1840, 1797, -1,
          1845, 1842, 1846, -1,
          1845, 1843, 1842, -1,
          1847, 1845, 1846, -1,
          1848, 1844, 1797, -1,
          1849, 1847, 1846, -1,
          1850, 1848, 1797, -1,
          1851, 1850, 1797, -1,
          1852, 1851, 1797, -1,
          1853, 1797, 1854, -1,
          1853, 1852, 1797, -1,
          1855, 1853, 1854, -1,
          1856, 1855, 1854, -1,
          1857, 1856, 1854, -1,
          1858, 1857, 1854, -1,
          1859, 1858, 1854, -1,
          171, 169, 1058, -1,
          1860, 1861, 1862, -1,
          1863, 1861, 1860, -1,
          1864, 1861, 1863, -1,
          1865, 1866, 1867, -1,
          1868, 1865, 1867, -1,
          1868, 1867, 1869, -1,
          1870, 1866, 1865, -1,
          1870, 1871, 1866, -1,
          1872, 1868, 1869, -1,
          1872, 1869, 1873, -1,
          1874, 1871, 1870, -1,
          1874, 1875, 1871, -1,
          1876, 1872, 1873, -1,
          1876, 1873, 1859, -1,
          1877, 1875, 1874, -1,
          1877, 1878, 1875, -1,
          1879, 1859, 1854, -1,
          1879, 1876, 1859, -1,
          1880, 1878, 1877, -1,
          1880, 1881, 1878, -1,
          1882, 1879, 1854, -1,
          1883, 1881, 1880, -1,
          1883, 1884, 1881, -1,
          1885, 1882, 1854, -1,
          1886, 1884, 1883, -1,
          1886, 1887, 1884, -1,
          1888, 1885, 1854, -1,
          1889, 1861, 1864, -1,
          1890, 1887, 1886, -1,
          1890, 1891, 1887, -1,
          1892, 1888, 1854, -1,
          1893, 1892, 1854, -1,
          1894, 1891, 1890, -1,
          1894, 1895, 1896, -1,
          1894, 1896, 1891, -1,
          1897, 1898, 1899, -1,
          1900, 1893, 1854, -1,
          1901, 1895, 1894, -1,
          1901, 1902, 1895, -1,
          1903, 1861, 1889, -1,
          1904, 1905, 1902, -1,
          1904, 1902, 1901, -1,
          1906, 1900, 1854, -1,
          1907, 1899, 1908, -1,
          1907, 1897, 1899, -1,
          1909, 1905, 1904, -1,
          1909, 1910, 1905, -1,
          1911, 1861, 1903, -1,
          1912, 1906, 1854, -1,
          1913, 1907, 1908, -1,
          1914, 1910, 1909, -1,
          1914, 1915, 1910, -1,
          1916, 1912, 1854, -1,
          1916, 1854, 1917, -1,
          1918, 1913, 1908, -1,
          1918, 1908, 1919, -1,
          1920, 1921, 1915, -1,
          1920, 1915, 1914, -1,
          1922, 1861, 1911, -1,
          1923, 1916, 1917, -1,
          1924, 1921, 1920, -1,
          1924, 1925, 1921, -1,
          1926, 1918, 1919, -1,
          1926, 1919, 1927, -1,
          1928, 1861, 1922, -1,
          1929, 1925, 1924, -1,
          1929, 1930, 1925, -1,
          1931, 1923, 1917, -1,
          1932, 1927, 1933, -1,
          1932, 1926, 1927, -1,
          1934, 1861, 1928, -1,
          1935, 1930, 1929, -1,
          1935, 1936, 1930, -1,
          1937, 1932, 1933, -1,
          1937, 1933, 1938, -1,
          1939, 1931, 1917, -1,
          1940, 1936, 1935, -1,
          1940, 1941, 1936, -1,
          1942, 1861, 1934, -1,
          1943, 1941, 1940, -1,
          1943, 1944, 1945, -1,
          1943, 1945, 1946, -1,
          1943, 1946, 1947, -1,
          1943, 1947, 1948, -1,
          1943, 1948, 1949, -1,
          1943, 1949, 1950, -1,
          1943, 1950, 1951, -1,
          1943, 1951, 1941, -1,
          1952, 1937, 1938, -1,
          1952, 1938, 1953, -1,
          1954, 1861, 1942, -1,
          1955, 1952, 1953, -1,
          1955, 1953, 1956, -1,
          1957, 1939, 1917, -1,
          1958, 1861, 1954, -1,
          1959, 1960, 1961, -1,
          1959, 1961, 1962, -1,
          1959, 1962, 1963, -1,
          1959, 1963, 1964, -1,
          1959, 1964, 1965, -1,
          1959, 1965, 1966, -1,
          1959, 1966, 1967, -1,
          1959, 1967, 1968, -1,
          1959, 1968, 1969, -1,
          1959, 1969, 1970, -1,
          1959, 1970, 1971, -1,
          1959, 1971, 1972, -1,
          1959, 1972, 1973, -1,
          1959, 1973, 1974, -1,
          1959, 1974, 1975, -1,
          1959, 1975, 1976, -1,
          1959, 1976, 1977, -1,
          1959, 1977, 1978, -1,
          1959, 1978, 1979, -1,
          1959, 1979, 1980, -1,
          1959, 1980, 1981, -1,
          1959, 1846, 1982, -1,
          1959, 1981, 1983, -1,
          1959, 1982, 1984, -1,
          1959, 1983, 1985, -1,
          1959, 1985, 1986, -1,
          1959, 1986, 1987, -1,
          1959, 1987, 1988, -1,
          1959, 1988, 1989, -1,
          1959, 1989, 1849, -1,
          1959, 1849, 1846, -1,
          173, 1058, 1130, -1,
          173, 171, 1058, -1,
          1990, 1955, 1956, -1,
          1990, 1956, 1991, -1,
          1992, 1957, 1917, -1,
          1993, 1861, 1958, -1,
          1994, 1990, 1991, -1,
          1994, 1991, 1995, -1,
          1996, 1992, 1917, -1,
          1997, 1861, 1993, -1,
          1998, 1995, 1999, -1,
          1998, 1994, 1995, -1,
          2000, 1861, 1997, -1,
          2001, 1996, 1917, -1,
          2002, 1998, 1999, -1,
          2003, 1861, 2000, -1,
          2004, 2001, 1917, -1,
          2005, 1861, 2003, -1,
          2006, 2004, 1917, -1,
          2007, 2006, 1917, -1,
          2008, 1917, 1861, -1,
          2008, 2007, 1917, -1,
          2009, 1984, 2010, -1,
          2009, 2010, 2011, -1,
          2009, 1959, 1984, -1,
          2012, 2008, 1861, -1,
          2013, 2012, 1861, -1,
          2014, 2013, 1861, -1,
          2015, 2014, 1861, -1,
          2016, 2015, 1861, -1,
          2017, 2016, 1861, -1,
          2018, 2017, 1861, -1,
          2019, 2009, 2011, -1,
          2020, 2018, 1861, -1,
          2021, 2022, 1943, -1,
          2023, 2021, 1943, -1,
          2024, 1944, 1943, -1,
          2024, 1943, 2022, -1,
          2025, 2023, 1943, -1,
          2026, 1944, 2024, -1,
          2026, 2027, 1944, -1,
          2028, 1943, 2029, -1,
          2028, 2025, 1943, -1,
          2030, 2027, 2026, -1,
          2030, 2031, 2027, -1,
          2032, 2020, 1861, -1,
          2033, 2028, 2029, -1,
          2034, 2031, 2030, -1,
          2034, 2002, 1999, -1,
          2034, 1999, 2031, -1,
          2035, 2033, 2029, -1,
          2036, 2037, 2002, -1,
          2036, 2002, 2034, -1,
          2038, 2039, 2037, -1,
          2038, 2037, 2036, -1,
          2040, 2039, 2038, -1,
          2040, 2041, 2039, -1,
          2042, 2035, 2029, -1,
          2043, 2044, 2041, -1,
          2043, 2041, 2040, -1,
          2045, 2032, 1861, -1,
          2045, 1861, 2005, -1,
          2046, 2042, 2029, -1,
          2047, 2044, 2043, -1,
          2047, 2048, 2044, -1,
          2049, 2046, 2029, -1,
          2050, 2051, 2048, -1,
          2050, 2048, 2047, -1,
          2052, 2045, 2005, -1,
          2052, 2005, 2053, -1,
          2054, 2055, 2051, -1,
          2054, 2051, 2050, -1,
          2056, 2057, 2055, -1,
          2056, 2055, 2054, -1,
          2058, 2049, 2029, -1,
          2059, 2052, 2053, -1,
          2059, 2053, 2060, -1,
          2061, 2062, 2057, -1,
          2061, 2057, 2056, -1,
          2063, 2059, 2060, -1,
          2063, 2060, 2064, -1,
          2065, 2066, 2062, -1,
          2065, 2062, 2061, -1,
          2067, 2068, 2069, -1,
          2067, 2069, 2070, -1,
          2067, 2070, 2071, -1,
          2067, 2071, 2072, -1,
          2067, 2072, 2073, -1,
          2067, 2073, 2074, -1,
          2067, 2074, 2075, -1,
          2067, 2075, 1960, -1,
          2067, 1960, 1959, -1,
          2076, 2077, 2078, -1,
          2079, 2029, 2080, -1,
          2079, 2080, 2081, -1,
          2079, 2081, 2082, -1,
          2079, 2082, 2083, -1,
          2079, 2083, 2084, -1,
          2079, 2084, 2085, -1,
          2079, 2085, 2086, -1,
          2079, 2086, 2087, -1,
          2079, 2087, 2088, -1,
          2079, 2088, 2089, -1,
          2079, 2089, 2090, -1,
          2079, 2090, 2091, -1,
          2079, 2091, 2092, -1,
          2079, 2092, 2093, -1,
          2079, 2093, 2094, -1,
          2079, 2094, 2095, -1,
          2079, 2058, 2029, -1,
          2079, 2095, 2096, -1,
          2079, 2096, 2097, -1,
          2098, 2077, 2076, -1,
          2099, 2063, 2064, -1,
          2099, 2064, 2100, -1,
          2101, 2102, 2066, -1,
          2101, 2066, 2065, -1,
          2103, 2067, 1959, -1,
          2104, 2105, 2102, -1,
          2104, 2102, 2101, -1,
          2106, 2099, 2100, -1,
          2106, 2100, 2107, -1,
          2108, 2103, 1959, -1,
          2109, 2110, 2105, -1,
          2109, 2105, 2104, -1,
          2111, 2106, 2107, -1,
          2111, 2107, 2112, -1,
          2113, 2114, 2110, -1,
          2113, 2110, 2109, -1,
          2115, 2111, 2112, -1,
          2115, 2112, 2116, -1,
          2117, 2108, 1959, -1,
          2118, 2114, 2113, -1,
          2118, 2119, 2114, -1,
          2120, 2115, 2116, -1,
          2120, 2116, 2121, -1,
          2122, 2123, 2119, -1,
          2122, 2119, 2118, -1,
          2124, 2125, 2126, -1,
          2127, 2125, 2124, -1,
          2128, 2125, 2127, -1,
          2129, 2130, 2125, -1,
          2131, 2129, 2125, -1,
          2132, 2120, 2121, -1,
          2132, 2121, 2133, -1,
          2134, 2135, 2123, -1,
          2134, 2123, 2122, -1,
          2136, 2131, 2125, -1,
          2137, 2138, 2139, -1,
          2137, 2139, 2140, -1,
          2137, 2140, 2141, -1,
          2137, 2141, 2142, -1,
          2137, 2142, 2143, -1,
          2137, 2143, 2068, -1,
          2137, 2068, 2067, -1,
          2144, 2117, 1959, -1,
          2145, 2146, 2147, -1,
          2145, 2147, 2148, -1,
          2149, 2132, 2133, -1,
          2149, 2133, 2150, -1,
          2151, 2135, 2134, -1,
          2151, 2152, 2135, -1,
          2153, 2097, 2154, -1,
          2153, 2154, 2155, -1,
          2153, 2155, 2156, -1,
          2153, 2156, 2157, -1,
          2153, 2157, 2158, -1,
          2153, 2158, 2159, -1,
          2153, 2159, 2160, -1,
          2153, 2160, 2161, -1,
          2153, 2079, 2097, -1,
          2153, 2161, 2162, -1,
          2153, 2162, 2163, -1,
          2153, 2163, 2164, -1,
          2153, 2164, 2165, -1,
          2153, 2165, 2166, -1,
          2153, 2166, 2167, -1,
          2153, 2167, 2168, -1,
          2169, 2170, 2171, -1,
          2169, 2171, 2136, -1,
          2169, 2136, 2125, -1,
          2169, 2128, 2172, -1,
          2169, 2125, 2128, -1,
          175, 1130, 1139, -1,
          175, 173, 1130, -1,
          2173, 2149, 2150, -1,
          2174, 2175, 2152, -1,
          2174, 2152, 2151, -1,
          2176, 2169, 2172, -1,
          2177, 2145, 2178, -1,
          2179, 2153, 2168, -1,
          2179, 2168, 2180, -1,
          2179, 2180, 2181, -1,
          2179, 2181, 2182, -1,
          2179, 2182, 2183, -1,
          2184, 2185, 2175, -1,
          2184, 2175, 2174, -1,
          2186, 2176, 2172, -1,
          2187, 2150, 2188, -1,
          2187, 2173, 2150, -1,
          2189, 2179, 2183, -1,
          2190, 2191, 2138, -1,
          2190, 2138, 2137, -1,
          2192, 2183, 2193, -1,
          2192, 2193, 2194, -1,
          2192, 2189, 2183, -1,
          2195, 2144, 1959, -1,
          2196, 2194, 2197, -1,
          2196, 2197, 2198, -1,
          2196, 2198, 2199, -1,
          2196, 2199, 2077, -1,
          2196, 2098, 2200, -1,
          2196, 2077, 2098, -1,
          2196, 2192, 2194, -1,
          2201, 2172, 2202, -1,
          2201, 2186, 2172, -1,
          2203, 2185, 2184, -1,
          2203, 2204, 2185, -1,
          2205, 2187, 2188, -1,
          2205, 2188, 2206, -1,
          2207, 2200, 2208, -1,
          2207, 2208, 2209, -1,
          2207, 2209, 2210, -1,
          2207, 2196, 2200, -1,
          2211, 2177, 2212, -1,
          2211, 2212, 2213, -1,
          2211, 2213, 2214, -1,
          2215, 2207, 2210, -1,
          2215, 2146, 2145, -1,
          2215, 2210, 2216, -1,
          2215, 2216, 2146, -1,
          2217, 2177, 2211, -1,
          2218, 2215, 2145, -1,
          2219, 2218, 2145, -1,
          2219, 2145, 2177, -1,
          2220, 2217, 2221, -1,
          2220, 2221, 2222, -1,
          2223, 2177, 2217, -1,
          2223, 2219, 2177, -1,
          2224, 2223, 2217, -1,
          2224, 2217, 2220, -1,
          2225, 2204, 2203, -1,
          2225, 2226, 2204, -1,
          2227, 2205, 2206, -1,
          2227, 2206, 2228, -1,
          2229, 2230, 2191, -1,
          2229, 2191, 2190, -1,
          2231, 2232, 2233, -1,
          2234, 2227, 2228, -1,
          2234, 2228, 2235, -1,
          2236, 2226, 2225, -1,
          2236, 2237, 2226, -1,
          2238, 2231, 2233, -1,
          2239, 2234, 2235, -1,
          2239, 2235, 2240, -1,
          2241, 2242, 2237, -1,
          2241, 2237, 2236, -1,
          2243, 2230, 2229, -1,
          2244, 2239, 2240, -1,
          2244, 2240, 2245, -1,
          2246, 2242, 2241, -1,
          2246, 2247, 2242, -1,
          2248, 2245, 2249, -1,
          2248, 2244, 2245, -1,
          2250, 2201, 2202, -1,
          2250, 2251, 2238, -1,
          2250, 2233, 2201, -1,
          2250, 2238, 2233, -1,
          2252, 2250, 2202, -1,
          2253, 2248, 2249, -1,
          2254, 2255, 2247, -1,
          2254, 2247, 2246, -1,
          2256, 2252, 2202, -1,
          2257, 2258, 2255, -1,
          2257, 2255, 2254, -1,
          2259, 2260, 2230, -1,
          2259, 2230, 2243, -1,
          2261, 2256, 2202, -1,
          2262, 2263, 2258, -1,
          2262, 2258, 2257, -1,
          2264, 2202, 2265, -1,
          2264, 2261, 2202, -1,
          2266, 2264, 2265, -1,
          2267, 2263, 2262, -1,
          2267, 2268, 2263, -1,
          2269, 2260, 2259, -1,
          2269, 2270, 2260, -1,
          2271, 2266, 2265, -1,
          2272, 2268, 2267, -1,
          2272, 2273, 2268, -1,
          2274, 2271, 2265, -1,
          2275, 2273, 2272, -1,
          2275, 2276, 2273, -1,
          2277, 2274, 2265, -1,
          2278, 2277, 2265, -1,
          2279, 2270, 2269, -1,
          2280, 2276, 2275, -1,
          2280, 2281, 2276, -1,
          2282, 2278, 2265, -1,
          2283, 2282, 2265, -1,
          2283, 2265, 2284, -1,
          2285, 2286, 2281, -1,
          2285, 2281, 2280, -1,
          2287, 2009, 2019, -1,
          2288, 2283, 2284, -1,
          2289, 2270, 2279, -1,
          2289, 2290, 2270, -1,
          2291, 2292, 2286, -1,
          2291, 2286, 2285, -1,
          2293, 2288, 2284, -1,
          2294, 2295, 2292, -1,
          2294, 2292, 2291, -1,
          2296, 2284, 2297, -1,
          2296, 2293, 2284, -1,
          2298, 2290, 2289, -1,
          2299, 2300, 2295, -1,
          2299, 2295, 2294, -1,
          2301, 2296, 2297, -1,
          2302, 2303, 2300, -1,
          2302, 2300, 2299, -1,
          2304, 2290, 2298, -1,
          2305, 2301, 2297, -1,
          2306, 2303, 2302, -1,
          2307, 2290, 2304, -1,
          2308, 2297, 2309, -1,
          2308, 2305, 2297, -1,
          2310, 2311, 2303, -1,
          2310, 2303, 2306, -1,
          2312, 2308, 2309, -1,
          2313, 2314, 2311, -1,
          2313, 2311, 2310, -1,
          2315, 2316, 2290, -1,
          2315, 2290, 2307, -1,
          2317, 2312, 2309, -1,
          2318, 2317, 2309, -1,
          2319, 2320, 2321, -1,
          2319, 2321, 2322, -1,
          2319, 2322, 2323, -1,
          2319, 2323, 2324, -1,
          2319, 2324, 2325, -1,
          2326, 2318, 2309, -1,
          2327, 2326, 2309, -1,
          2328, 2320, 2319, -1,
          2329, 2320, 2328, -1,
          2330, 2327, 2309, -1,
          2331, 2320, 2329, -1,
          2332, 2330, 2309, -1,
          2332, 2309, 2320, -1,
          2333, 2320, 2331, -1,
          2334, 2332, 2320, -1,
          2335, 2320, 2333, -1,
          2336, 2334, 2320, -1,
          2337, 2338, 2339, -1,
          2337, 2339, 2340, -1,
          2341, 2320, 2335, -1,
          2342, 2336, 2320, -1,
          2343, 2320, 2341, -1,
          2344, 2342, 2320, -1,
          2345, 2320, 2343, -1,
          2346, 2315, 2338, -1,
          2346, 2316, 2315, -1,
          2346, 2338, 2337, -1,
          2347, 2320, 2345, -1,
          2348, 2320, 2347, -1,
          2348, 2347, 2349, -1,
          2350, 2351, 2352, -1,
          2350, 2352, 2353, -1,
          2354, 2320, 2348, -1,
          2355, 2344, 2320, -1,
          2355, 2350, 2353, -1,
          2355, 2320, 2354, -1,
          2355, 2353, 2344, -1,
          2356, 2249, 2357, -1,
          2356, 2357, 2358, -1,
          2356, 2358, 2359, -1,
          2356, 2359, 2360, -1,
          2356, 2360, 2361, -1,
          2356, 2361, 2362, -1,
          2356, 2362, 2363, -1,
          2356, 2363, 2316, -1,
          2356, 2364, 2253, -1,
          2356, 2365, 2366, -1,
          2356, 2366, 2367, -1,
          2356, 2367, 2368, -1,
          2356, 2368, 2369, -1,
          2356, 2369, 2364, -1,
          2356, 2253, 2249, -1,
          2356, 2316, 2346, -1,
          178, 1139, 1316, -1,
          178, 1316, 2370, -1,
          178, 175, 1139, -1,
          2371, 2319, 2325, -1,
          2371, 2325, 2372, -1,
          2371, 2372, 2373, -1,
          2371, 2373, 2374, -1,
          2371, 2374, 2375, -1,
          2371, 2375, 2376, -1,
          2371, 2376, 2377, -1,
          2371, 2377, 2378, -1,
          2371, 2378, 2379, -1,
          2371, 2379, 2380, -1,
          2371, 2380, 2381, -1,
          2371, 2381, 2382, -1,
          2371, 2382, 2383, -1,
          2371, 2383, 2384, -1,
          2371, 2384, 2385, -1,
          2371, 2365, 2356, -1,
          2371, 2385, 2386, -1,
          2371, 2386, 2387, -1,
          2371, 2387, 2365, -1,
          2388, 2371, 2356, -1,
          2388, 2389, 2390, -1,
          2388, 2390, 2371, -1,
          2391, 2389, 2388, -1,
          2392, 2391, 2388, -1,
          2393, 2392, 2388, -1,
          2394, 2393, 2388, -1,
          2395, 2394, 2388, -1,
          2396, 2009, 2287, -1,
          179, 178, 2370, -1,
          179, 2370, 2397, -1,
          179, 2397, 2398, -1,
          2399, 2009, 2396, -1,
          181, 2398, 2400, -1,
          181, 179, 2398, -1,
          2401, 2009, 2399, -1,
          183, 2400, 1555, -1,
          183, 181, 2400, -1,
          2402, 2009, 2401, -1,
          186, 183, 1555, -1,
          186, 1555, 1554, -1,
          2403, 2009, 2402, -1,
          187, 186, 1554, -1,
          187, 1554, 2404, -1,
          2405, 2009, 2403, -1,
          2405, 2388, 2009, -1,
          189, 187, 2404, -1,
          2406, 2388, 2405, -1,
          191, 189, 2404, -1,
          191, 2404, 2407, -1,
          256, 2388, 2406, -1,
          193, 1742, 1718, -1,
          193, 191, 2407, -1,
          193, 2407, 1742, -1,
          253, 2388, 256, -1,
          195, 193, 1718, -1,
          195, 1718, 1755, -1,
          251, 2388, 253, -1,
          197, 195, 1755, -1,
          249, 2388, 251, -1,
          199, 197, 1755, -1,
          199, 1755, 2408, -1,
          247, 2388, 249, -1,
          201, 199, 2408, -1,
          245, 2388, 247, -1,
          203, 201, 2408, -1,
          244, 2395, 2388, -1,
          244, 2388, 245, -1,
          244, 2409, 2395, -1,
          206, 203, 2408, -1,
          206, 2408, 2410, -1,
          241, 2409, 244, -1,
          241, 2411, 2412, -1,
          241, 2412, 2413, -1,
          241, 2413, 2409, -1,
          208, 2410, 2414, -1,
          208, 206, 2410, -1,
          239, 2415, 2416, -1,
          239, 2416, 2411, -1,
          239, 2411, 241, -1,
          209, 208, 2414, -1,
          238, 2415, 239, -1,
          238, 2417, 2418, -1,
          238, 2418, 2419, -1,
          238, 2419, 2415, -1,
          211, 2414, 2420, -1,
          211, 209, 2414, -1,
          235, 2417, 238, -1,
          235, 2421, 2422, -1,
          235, 2422, 2417, -1,
          213, 2420, 2423, -1,
          213, 211, 2420, -1,
          233, 2421, 235, -1,
          233, 2424, 2425, -1,
          233, 2425, 2421, -1,
          215, 2314, 2313, -1,
          215, 2423, 2426, -1,
          215, 2426, 2314, -1,
          215, 213, 2423, -1,
          215, 2313, 2427, -1,
          232, 2424, 233, -1,
          232, 2428, 2429, -1,
          232, 2429, 2424, -1,
          217, 2427, 2430, -1,
          217, 2430, 2431, -1,
          217, 215, 2427, -1,
          230, 2432, 2433, -1,
          230, 2433, 2434, -1,
          230, 2434, 2428, -1,
          230, 2428, 232, -1,
          219, 217, 2431, -1,
          219, 2431, 2435, -1,
          219, 2435, 2436, -1,
          228, 2437, 2438, -1,
          228, 2438, 2432, -1,
          228, 2432, 230, -1,
          221, 2436, 2439, -1,
          221, 2439, 2440, -1,
          221, 219, 2436, -1,
          225, 2441, 2442, -1,
          225, 2442, 2443, -1,
          225, 2443, 2437, -1,
          225, 2437, 228, -1,
          224, 2441, 225, -1,
          224, 2440, 2444, -1,
          224, 2444, 2441, -1,
          224, 221, 2440, -1,
          1298, 1495, 1305, -1,
          1305, 1495, 2445, -1,
          2445, 1495, 2446, -1,
          2446, 1495, 2447, -1,
          2447, 1495, 1510, -1,
          759, 944, 792, -1,
          792, 944, 2448, -1,
          2448, 944, 2449, -1,
          2449, 944, 2450, -1,
          2450, 944, 2451, -1,
          2451, 944, 2452, -1,
          2452, 944, 2453, -1,
          2453, 944, 2454, -1,
          2454, 944, 962, -1,
          429, 554, 545, -1,
          545, 554, 544, -1,
          544, 554, 2455, -1,
          2455, 554, 2456, -1,
          2456, 554, 579, -1,
          429, 545, 485, -1,
          722, 550, 549, -1,
          722, 549, 723, -1,
          611, 552, 594, -1,
          594, 552, 590, -1,
          594, 590, 2457, -1,
          594, 2457, 2458, -1,
          594, 2458, 2459, -1,
          594, 2459, 2460, -1,
          594, 2460, 595, -1,
          611, 594, 2461, -1,
          611, 2461, 2462, -1,
          611, 2462, 2463, -1,
          611, 2463, 2464, -1,
          611, 2464, 612, -1,
          548, 2465, 546, -1,
          519, 2466, 488, -1,
          1681, 2408, 1689, -1,
          1689, 2408, 1755, -1,
          2410, 1781, 1787, -1,
          2410, 1787, 2414, -1,
          1230, 1554, 2467, -1,
          2467, 1554, 2468, -1,
          2468, 1554, 2469, -1,
          2469, 1554, 2470, -1,
          2470, 1554, 2471, -1,
          2471, 1554, 2472, -1,
          2472, 1554, 2473, -1,
          2473, 1554, 1587, -1,
          1230, 2467, 2474, -1,
          1230, 2474, 2475, -1,
          1230, 2475, 2476, -1,
          1230, 2476, 2477, -1,
          1230, 2477, 2478, -1,
          1230, 2478, 2479, -1,
          1230, 2479, 1274, -1,
          900, 1031, 1033, -1,
          900, 1033, 2480, -1,
          900, 2480, 791, -1,
          1139, 1026, 2481, -1,
          2481, 1026, 2482, -1,
          2482, 1026, 2483, -1,
          2483, 1026, 2484, -1,
          2484, 1026, 2485, -1,
          2485, 1026, 2486, -1,
          2486, 1026, 2487, -1,
          2487, 1026, 2488, -1,
          2488, 1026, 1094, -1,
          1139, 2481, 2489, -1,
          1139, 2489, 2490, -1,
          1139, 2490, 2491, -1,
          1139, 2491, 2492, -1,
          1139, 2492, 2493, -1,
          1139, 2493, 2494, -1,
          1139, 2494, 2495, -1,
          1139, 2495, 2496, -1,
          1139, 2496, 1140, -1,
          1679, 1588, 1495, -1,
          1588, 1718, 1741, -1,
          1588, 1741, 2497, -1,
          1588, 2497, 2498, -1,
          1588, 2498, 2499, -1,
          1588, 2499, 2500, -1,
          1588, 2500, 2501, -1,
          1588, 2501, 2502, -1,
          1588, 2502, 2503, -1,
          1588, 2503, 2504, -1,
          1588, 2504, 2505, -1,
          1588, 2505, 2506, -1,
          1588, 2506, 1651, -1,
          1588, 1651, 1596, -1,
          2507, 604, 2508, -1,
          2508, 604, 2509, -1,
          2509, 604, 2510, -1,
          2510, 604, 2511, -1,
          2511, 604, 2512, -1,
          2512, 604, 606, -1,
          1690, 1797, 1752, -1,
          1690, 1752, 1717, -1,
          1854, 1779, 1778, -1,
          1854, 1778, 1917, -1,
          1861, 1795, 2513, -1,
          2513, 1795, 2514, -1,
          2514, 1795, 2515, -1,
          2515, 1795, 2516, -1,
          2516, 1795, 2517, -1,
          2517, 1795, 2518, -1,
          2518, 1795, 1839, -1,
          1861, 2513, 2519, -1,
          1861, 2519, 2520, -1,
          1861, 2520, 2521, -1,
          1861, 2521, 2522, -1,
          1861, 2522, 2523, -1,
          1861, 2523, 2524, -1,
          1861, 2524, 1862, -1,
          1776, 2525, 1759, -1,
          1757, 2526, 1716, -1,
          1959, 2527, 2528, -1,
          1959, 2528, 2529, -1,
          1959, 2529, 2530, -1,
          1959, 2530, 2531, -1,
          1959, 2531, 2532, -1,
          1959, 2532, 2195, -1,
          2533, 130, 127, -1,
          2533, 127, 2534, -1,
          2535, 2534, 2536, -1,
          2535, 2533, 2534, -1,
          2537, 2536, 2538, -1,
          2537, 2535, 2536, -1,
          2539, 2538, 2540, -1,
          2539, 2537, 2538, -1,
          2541, 2540, 2542, -1,
          2541, 2539, 2540, -1,
          2543, 2542, 2544, -1,
          2543, 2541, 2542, -1,
          2545, 2544, 2546, -1,
          2545, 2543, 2544, -1,
          2547, 2546, 2548, -1,
          2547, 2545, 2546, -1,
          2549, 2548, 2550, -1,
          2549, 2547, 2548, -1,
          2551, 2550, 2552, -1,
          2551, 2549, 2550, -1,
          2553, 2552, 2554, -1,
          2553, 2551, 2552, -1,
          2555, 2554, 2556, -1,
          2555, 2553, 2554, -1,
          2557, 2556, 2558, -1,
          2557, 2555, 2556, -1,
          2559, 2558, 2560, -1,
          2559, 2557, 2558, -1,
          2561, 2560, 2562, -1,
          2561, 2559, 2560, -1,
          2563, 2562, 2564, -1,
          2563, 2561, 2562, -1,
          2565, 2564, 2566, -1,
          2565, 2563, 2564, -1,
          2567, 2566, 2568, -1,
          2567, 2568, 2569, -1,
          2567, 2565, 2566, -1,
          2570, 2567, 2569, -1,
          2571, 2570, 2569, -1,
          2571, 2569, 2572, -1,
          2571, 2572, 2573, -1,
          2574, 2571, 2573, -1,
          2575, 2574, 2573, -1,
          2575, 2573, 2576, -1,
          2575, 2576, 2577, -1,
          2578, 2577, 2579, -1,
          2578, 2575, 2577, -1,
          2580, 2578, 2579, -1,
          2581, 2580, 2579, -1,
          2581, 2579, 2582, -1,
          2581, 2582, 2583, -1,
          2584, 2583, 2585, -1,
          2584, 2581, 2583, -1,
          2586, 2584, 2585, -1,
          2587, 2585, 2588, -1,
          2587, 2588, 2589, -1,
          2587, 2586, 2585, -1,
          2590, 2587, 2589, -1,
          2591, 2589, 2592, -1,
          2591, 2592, 2593, -1,
          2591, 2590, 2589, -1,
          2594, 2591, 2593, -1,
          2595, 2593, 2596, -1,
          2595, 2594, 2593, -1,
          2597, 2596, 2598, -1,
          2597, 2598, 2599, -1,
          2597, 2595, 2596, -1,
          2600, 2599, 2601, -1,
          2600, 2597, 2599, -1,
          2602, 2600, 2601, -1,
          2603, 2601, 2604, -1,
          2603, 2604, 2605, -1,
          2603, 2602, 2601, -1,
          2606, 2603, 2605, -1,
          2607, 2605, 2608, -1,
          2607, 2606, 2605, -1,
          2609, 2608, 2610, -1,
          2609, 2610, 2611, -1,
          2609, 2607, 2608, -1,
          2612, 2609, 2611, -1,
          2613, 2611, 2614, -1,
          2613, 2614, 2615, -1,
          2613, 2612, 2611, -1,
          2616, 2613, 2615, -1,
          2617, 2616, 2615, -1,
          2617, 2615, 2618, -1,
          2619, 2617, 2618, -1,
          2619, 2618, 2620, -1,
          2619, 2620, 2621, -1,
          2622, 2619, 2621, -1,
          2623, 2622, 2621, -1,
          2623, 2621, 2624, -1,
          2625, 2623, 2624, -1,
          2625, 2624, 2626, -1,
          2627, 2625, 2626, -1,
          2627, 2626, 2628, -1,
          2629, 2627, 2628, -1,
          2629, 2628, 2630, -1,
          2629, 2630, 2631, -1,
          2632, 2629, 2631, -1,
          2633, 2632, 2631, -1,
          2633, 2631, 2634, -1,
          2635, 2633, 2634, -1,
          2635, 2634, 2636, -1,
          2637, 2635, 2636, -1,
          2637, 2636, 2638, -1,
          2637, 2638, 2639, -1,
          2640, 2637, 2639, -1,
          2641, 2640, 2639, -1,
          2641, 2639, 2642, -1,
          2643, 2641, 2642, -1,
          2643, 2642, 2644, -1,
          2645, 2644, 2646, -1,
          2645, 2643, 2644, -1,
          2647, 2646, 2648, -1,
          2647, 2645, 2646, -1,
          2649, 2648, 2650, -1,
          2649, 2647, 2648, -1,
          2651, 2650, 2652, -1,
          2651, 2649, 2650, -1,
          2653, 2652, 2654, -1,
          2653, 2651, 2652, -1,
          2655, 2654, 2656, -1,
          2655, 2653, 2654, -1,
          255, 2656, 1, -1,
          255, 2655, 2656, -1,
          2657, 258, 263, -1,
          2658, 258, 2657, -1,
          2659, 258, 2658, -1,
          2660, 258, 2659, -1,
          264, 66, 64, -1,
          264, 68, 66, -1,
          264, 70, 68, -1,
          264, 72, 70, -1,
          2661, 2662, 2660, -1,
          2663, 2662, 2661, -1,
          2664, 2662, 2663, -1,
          2665, 2662, 2664, -1,
          2666, 2662, 2665, -1,
          2667, 2662, 2666, -1,
          2668, 2662, 2667, -1,
          2669, 2662, 2668, -1,
          2670, 2662, 2669, -1,
          2660, 2662, 258, -1,
          2662, 2671, 258, -1,
          258, 2671, 279, -1,
          2662, 2672, 2671, -1,
          2673, 2672, 2670, -1,
          2674, 2672, 2673, -1,
          2675, 2672, 2674, -1,
          2676, 2672, 2675, -1,
          2677, 2672, 2676, -1,
          2678, 2672, 2677, -1,
          2679, 2672, 2678, -1,
          2680, 2672, 2679, -1,
          2670, 2672, 2662, -1,
          295, 2681, 299, -1,
          279, 2681, 295, -1,
          2671, 2681, 279, -1,
          2672, 2682, 2671, -1,
          2671, 2682, 2681, -1,
          2680, 2682, 2672, -1,
          2683, 2682, 2680, -1,
          2684, 2682, 2683, -1,
          2685, 2682, 2684, -1,
          2686, 2682, 2685, -1,
          2687, 2682, 2686, -1,
          2688, 2682, 2687, -1,
          2689, 2682, 2688, -1,
          2690, 2682, 2689, -1,
          2691, 2682, 2690, -1,
          2692, 2682, 2691, -1,
          128, 2682, 2692, -1,
          299, 2693, 264, -1,
          2681, 2693, 299, -1,
          126, 2694, 128, -1,
          124, 2694, 126, -1,
          122, 2694, 124, -1,
          120, 2694, 122, -1,
          118, 2694, 120, -1,
          116, 2694, 118, -1,
          114, 2694, 116, -1,
          112, 2694, 114, -1,
          110, 2694, 112, -1,
          108, 2694, 110, -1,
          106, 2694, 108, -1,
          2682, 2694, 2681, -1,
          2681, 2694, 2693, -1,
          128, 2694, 2682, -1,
          88, 2695, 90, -1,
          86, 2695, 88, -1,
          2693, 2695, 264, -1,
          84, 2695, 86, -1,
          82, 2695, 84, -1,
          80, 2695, 82, -1,
          78, 2695, 80, -1,
          76, 2695, 78, -1,
          74, 2695, 76, -1,
          72, 2695, 74, -1,
          264, 2695, 72, -1,
          2693, 2696, 2695, -1,
          104, 2696, 106, -1,
          102, 2696, 104, -1,
          100, 2696, 102, -1,
          98, 2696, 100, -1,
          96, 2696, 98, -1,
          94, 2696, 96, -1,
          92, 2696, 94, -1,
          90, 2696, 92, -1,
          106, 2696, 2694, -1,
          2694, 2696, 2693, -1,
          2695, 2696, 90, -1,
          2406, 255, 256, -1,
          2655, 255, 2406, -1,
          2405, 2655, 2406, -1,
          2653, 2655, 2405, -1,
          2403, 2653, 2405, -1,
          2651, 2653, 2403, -1,
          2402, 2651, 2403, -1,
          2649, 2651, 2402, -1,
          2401, 2649, 2402, -1,
          2647, 2649, 2401, -1,
          2399, 2647, 2401, -1,
          2645, 2647, 2399, -1,
          2396, 2645, 2399, -1,
          2643, 2645, 2396, -1,
          2287, 2643, 2396, -1,
          2641, 2643, 2287, -1,
          2019, 2641, 2287, -1,
          2640, 2641, 2019, -1,
          2011, 2640, 2019, -1,
          2637, 2640, 2011, -1,
          2010, 2637, 2011, -1,
          2635, 2637, 2010, -1,
          1984, 2635, 2010, -1,
          2633, 2635, 1984, -1,
          1982, 2633, 1984, -1,
          2632, 2633, 1982, -1,
          1846, 2632, 1982, -1,
          2629, 2632, 1846, -1,
          1842, 2629, 1846, -1,
          2627, 2629, 1842, -1,
          1796, 2627, 1842, -1,
          2625, 2627, 1796, -1,
          1777, 2625, 1796, -1,
          2623, 2625, 1777, -1,
          1760, 2623, 1777, -1,
          2622, 2623, 1760, -1,
          1758, 2622, 1760, -1,
          2619, 2622, 1758, -1,
          1710, 2619, 1758, -1,
          2617, 2619, 1710, -1,
          1709, 2617, 1710, -1,
          2616, 2617, 1709, -1,
          1530, 2616, 1709, -1,
          2613, 2616, 1530, -1,
          1512, 2613, 1530, -1,
          2612, 2613, 1512, -1,
          1466, 2612, 1512, -1,
          2609, 2612, 1466, -1,
          1461, 2609, 1466, -1,
          2607, 2609, 1461, -1,
          1250, 2607, 1461, -1,
          2606, 2607, 1250, -1,
          1244, 2606, 1250, -1,
          2603, 2606, 1244, -1,
          1228, 2603, 1244, -1,
          2602, 2603, 1228, -1,
          1110, 2602, 1228, -1,
          2600, 2602, 1110, -1,
          1105, 2600, 1110, -1,
          2597, 2600, 1105, -1,
          1101, 2597, 1105, -1,
          2595, 2597, 1101, -1,
          1090, 2595, 1101, -1,
          2594, 2595, 1090, -1,
          999, 2594, 1090, -1,
          2591, 2594, 999, -1,
          998, 2591, 999, -1,
          2590, 2591, 998, -1,
          997, 2590, 998, -1,
          2587, 2590, 997, -1,
          989, 2587, 997, -1,
          2586, 2587, 989, -1,
          712, 2586, 989, -1,
          2584, 2586, 712, -1,
          698, 2584, 712, -1,
          2581, 2584, 698, -1,
          2580, 698, 689, -1,
          2580, 2581, 698, -1,
          2578, 689, 675, -1,
          2578, 2580, 689, -1,
          2575, 675, 593, -1,
          2575, 2578, 675, -1,
          2574, 593, 592, -1,
          2574, 2575, 593, -1,
          2571, 592, 581, -1,
          2571, 2574, 592, -1,
          553, 2571, 581, -1,
          2570, 2571, 553, -1,
          2567, 2570, 553, -1,
          2567, 553, 547, -1,
          2565, 2567, 547, -1,
          2565, 547, 520, -1,
          2563, 2565, 520, -1,
          2563, 520, 489, -1,
          2561, 489, 430, -1,
          2561, 2563, 489, -1,
          2559, 430, 367, -1,
          2559, 2561, 430, -1,
          2557, 367, 345, -1,
          2557, 2559, 367, -1,
          2555, 345, 337, -1,
          2555, 2557, 345, -1,
          2553, 337, 331, -1,
          2553, 2555, 337, -1,
          323, 2553, 331, -1,
          2551, 2553, 323, -1,
          2549, 323, 313, -1,
          2549, 2551, 323, -1,
          305, 2549, 313, -1,
          2547, 2549, 305, -1,
          2545, 305, 302, -1,
          2545, 2547, 305, -1,
          309, 2545, 302, -1,
          2543, 2545, 309, -1,
          2541, 309, 321, -1,
          2541, 2543, 309, -1,
          2539, 321, 333, -1,
          2539, 2541, 321, -1,
          2537, 333, 343, -1,
          2537, 2539, 333, -1,
          372, 2537, 343, -1,
          2535, 2537, 372, -1,
          383, 2535, 372, -1,
          2533, 2535, 383, -1,
          130, 383, 131, -1,
          130, 2533, 383, -1,
          2692, 127, 128, -1,
          2534, 127, 2692, -1,
          2691, 2534, 2692, -1,
          2536, 2534, 2691, -1,
          2690, 2536, 2691, -1,
          2538, 2536, 2690, -1,
          2689, 2538, 2690, -1,
          2540, 2538, 2689, -1,
          2688, 2540, 2689, -1,
          2542, 2540, 2688, -1,
          2687, 2542, 2688, -1,
          2544, 2542, 2687, -1,
          2686, 2544, 2687, -1,
          2546, 2544, 2686, -1,
          2685, 2546, 2686, -1,
          2548, 2546, 2685, -1,
          2684, 2548, 2685, -1,
          2550, 2548, 2684, -1,
          2683, 2550, 2684, -1,
          2552, 2550, 2683, -1,
          2680, 2552, 2683, -1,
          2554, 2552, 2680, -1,
          2679, 2554, 2680, -1,
          2556, 2554, 2679, -1,
          2678, 2556, 2679, -1,
          2558, 2556, 2678, -1,
          2677, 2558, 2678, -1,
          2560, 2558, 2677, -1,
          2676, 2560, 2677, -1,
          2562, 2560, 2676, -1,
          2675, 2562, 2676, -1,
          2564, 2562, 2675, -1,
          2674, 2564, 2675, -1,
          2566, 2564, 2674, -1,
          2673, 2566, 2674, -1,
          2568, 2566, 2673, -1,
          2670, 2568, 2673, -1,
          2569, 2568, 2670, -1,
          2669, 2569, 2670, -1,
          2572, 2569, 2669, -1,
          2668, 2572, 2669, -1,
          2573, 2572, 2668, -1,
          2667, 2573, 2668, -1,
          2576, 2573, 2667, -1,
          2666, 2576, 2667, -1,
          2577, 2576, 2666, -1,
          2665, 2577, 2666, -1,
          2579, 2577, 2665, -1,
          2664, 2579, 2665, -1,
          2582, 2579, 2664, -1,
          2663, 2582, 2664, -1,
          2583, 2582, 2663, -1,
          2661, 2583, 2663, -1,
          2585, 2583, 2661, -1,
          2660, 2585, 2661, -1,
          2588, 2585, 2660, -1,
          2659, 2588, 2660, -1,
          2589, 2588, 2659, -1,
          2658, 2589, 2659, -1,
          2592, 2589, 2658, -1,
          2657, 2592, 2658, -1,
          2593, 2592, 2657, -1,
          263, 2593, 2657, -1,
          2596, 2593, 263, -1,
          262, 2596, 263, -1,
          2598, 2596, 262, -1,
          261, 2598, 262, -1,
          2599, 2598, 261, -1,
          260, 2599, 261, -1,
          2601, 2599, 260, -1,
          257, 2601, 260, -1,
          2604, 2601, 257, -1,
          259, 2604, 257, -1,
          2605, 259, 289, -1,
          2605, 2604, 259, -1,
          2608, 289, 288, -1,
          2608, 2605, 289, -1,
          2610, 288, 287, -1,
          2610, 2608, 288, -1,
          2611, 287, 286, -1,
          2611, 2610, 287, -1,
          2614, 286, 285, -1,
          2614, 2611, 286, -1,
          2615, 2614, 285, -1,
          2615, 285, 284, -1,
          2618, 284, 283, -1,
          2618, 2615, 284, -1,
          2620, 2618, 283, -1,
          2620, 283, 282, -1,
          2621, 2620, 282, -1,
          2621, 282, 281, -1,
          2624, 2621, 281, -1,
          2624, 281, 278, -1,
          2626, 2624, 278, -1,
          2626, 278, 277, -1,
          2628, 2626, 277, -1,
          2628, 277, 276, -1,
          2630, 2628, 276, -1,
          2630, 276, 275, -1,
          2631, 2630, 275, -1,
          2631, 275, 274, -1,
          2634, 2631, 274, -1,
          2634, 274, 273, -1,
          2636, 2634, 273, -1,
          2636, 273, 272, -1,
          2638, 2636, 272, -1,
          2638, 272, 271, -1,
          2639, 271, 270, -1,
          2639, 2638, 271, -1,
          2642, 270, 269, -1,
          2642, 2639, 270, -1,
          2644, 269, 268, -1,
          2644, 2642, 269, -1,
          2646, 268, 265, -1,
          2646, 2644, 268, -1,
          2648, 265, 267, -1,
          2648, 2646, 265, -1,
          2650, 267, 294, -1,
          2650, 2648, 267, -1,
          2652, 294, 293, -1,
          2652, 2650, 294, -1,
          2654, 293, 292, -1,
          2654, 2652, 293, -1,
          2656, 292, 290, -1,
          2656, 2654, 292, -1,
          1, 290, 2, -1,
          1, 2656, 290, -1,
          2697, 721, 791, -1,
          2697, 791, 2698, -1,
          2699, 995, 721, -1,
          2699, 721, 2697, -1,
          2700, 853, 995, -1,
          2700, 995, 2699, -1,
          2701, 909, 853, -1,
          2701, 853, 2700, -1,
          909, 2701, 2702, -1,
          909, 2702, 1032, -1,
          1032, 2702, 2703, -1,
          1032, 2703, 1033, -1,
          2704, 2480, 1033, -1,
          2704, 1033, 2703, -1,
          2480, 2704, 2698, -1,
          2480, 2698, 791, -1,
          2702, 2704, 2703, -1,
          2704, 2699, 2698, -1,
          2698, 2699, 2697, -1,
          2699, 2701, 2700, -1,
          2702, 2701, 2704, -1,
          2704, 2701, 2699, -1,
          2705, 900, 964, -1,
          2705, 964, 2706, -1,
          2707, 1031, 900, -1,
          2707, 900, 2705, -1,
          1031, 2707, 2708, -1,
          1031, 2708, 1058, -1,
          1058, 2708, 2709, -1,
          1058, 2709, 1059, -1,
          1059, 2709, 2710, -1,
          1059, 2710, 1057, -1,
          2711, 1130, 1057, -1,
          2711, 1057, 2710, -1,
          1130, 2711, 2712, -1,
          1130, 2712, 1139, -1,
          1139, 2712, 2713, -1,
          1139, 2713, 1026, -1,
          2714, 1022, 1026, -1,
          2714, 1026, 2713, -1,
          2715, 1034, 1022, -1,
          2715, 1022, 2714, -1,
          2716, 1035, 1034, -1,
          2716, 1034, 2715, -1,
          1035, 2716, 2706, -1,
          1035, 2706, 964, -1,
          2713, 2715, 2714, -1,
          2713, 2712, 2715, -1,
          2715, 2712, 2710, -1,
          2706, 2716, 2705, -1,
          2712, 2711, 2710, -1,
          2715, 2709, 2716, -1,
          2710, 2709, 2715, -1,
          2708, 2707, 2709, -1,
          2716, 2707, 2705, -1,
          2709, 2707, 2716, -1,
          1111, 1114, 2717, -1,
          1111, 2717, 2718, -1,
          1107, 2718, 2719, -1,
          1107, 1111, 2718, -1,
          1102, 2719, 2720, -1,
          1102, 1107, 2719, -1,
          1099, 2720, 2721, -1,
          1099, 1102, 2720, -1,
          1097, 2721, 2722, -1,
          1097, 1099, 2721, -1,
          1093, 1097, 2722, -1,
          1093, 2722, 2723, -1,
          1086, 1093, 2723, -1,
          1086, 2723, 2724, -1,
          1082, 1086, 2724, -1,
          1082, 2724, 2725, -1,
          1078, 1082, 2725, -1,
          1078, 2725, 2726, -1,
          1075, 1078, 2726, -1,
          1075, 2726, 2727, -1,
          1070, 1075, 2727, -1,
          1070, 2727, 2728, -1,
          1067, 1070, 2728, -1,
          1067, 2728, 2729, -1,
          1063, 1067, 2729, -1,
          1063, 2729, 2730, -1,
          1056, 1063, 2730, -1,
          1056, 2730, 2731, -1,
          1053, 1056, 2731, -1,
          1053, 2731, 2732, -1,
          1049, 1053, 2732, -1,
          1049, 2732, 2733, -1,
          1048, 1049, 2733, -1,
          1048, 2733, 2734, -1,
          2735, 1048, 2734, -1,
          1047, 1048, 2735, -1,
          2736, 1047, 2735, -1,
          1050, 1047, 2736, -1,
          1052, 2736, 2737, -1,
          1052, 1050, 2736, -1,
          1055, 2737, 2738, -1,
          1055, 1052, 2737, -1,
          1062, 2738, 2739, -1,
          1062, 1055, 2738, -1,
          1064, 2739, 2740, -1,
          1064, 1062, 2739, -1,
          1068, 2740, 2741, -1,
          1068, 1064, 2740, -1,
          1071, 2741, 2742, -1,
          1071, 1068, 2741, -1,
          2743, 1071, 2742, -1,
          1074, 1071, 2743, -1,
          1079, 2743, 2744, -1,
          1079, 1074, 2743, -1,
          1083, 2744, 2745, -1,
          1083, 1079, 2744, -1,
          1087, 2745, 2746, -1,
          1087, 1083, 2745, -1,
          1094, 2746, 2747, -1,
          1094, 1087, 2746, -1,
          2748, 1094, 2747, -1,
          2488, 1094, 2748, -1,
          2749, 2488, 2748, -1,
          2487, 2488, 2749, -1,
          2486, 2487, 2749, -1,
          2486, 2749, 2750, -1,
          2485, 2486, 2750, -1,
          2485, 2750, 2751, -1,
          2484, 2485, 2751, -1,
          2484, 2751, 2752, -1,
          2483, 2484, 2752, -1,
          2483, 2752, 2753, -1,
          2482, 2483, 2753, -1,
          2482, 2753, 2754, -1,
          2755, 2482, 2754, -1,
          2481, 2482, 2755, -1,
          2489, 2481, 2755, -1,
          2489, 2755, 2756, -1,
          2490, 2489, 2756, -1,
          2490, 2756, 2757, -1,
          2491, 2490, 2757, -1,
          2491, 2757, 2758, -1,
          2492, 2491, 2758, -1,
          2492, 2758, 2759, -1,
          2493, 2492, 2759, -1,
          2493, 2759, 2760, -1,
          2494, 2493, 2760, -1,
          2494, 2760, 2761, -1,
          2495, 2494, 2761, -1,
          2495, 2761, 2762, -1,
          2496, 2495, 2762, -1,
          2496, 2762, 2763, -1,
          1140, 2496, 2763, -1,
          1140, 2763, 2764, -1,
          1141, 1140, 2764, -1,
          1141, 2764, 2765, -1,
          1142, 1141, 2765, -1,
          1142, 2765, 2766, -1,
          1143, 1142, 2766, -1,
          1143, 2766, 2767, -1,
          1144, 1143, 2767, -1,
          1144, 2767, 2768, -1,
          1146, 1144, 2768, -1,
          1146, 2768, 2769, -1,
          1147, 1146, 2769, -1,
          1147, 2769, 2770, -1,
          1149, 1147, 2770, -1,
          1149, 2770, 2771, -1,
          1151, 1149, 2771, -1,
          1151, 2771, 2772, -1,
          1152, 2772, 2773, -1,
          1152, 1151, 2772, -1,
          1154, 2773, 2774, -1,
          1154, 1152, 2773, -1,
          1156, 2774, 2775, -1,
          1156, 1154, 2774, -1,
          1158, 2775, 2776, -1,
          1158, 1156, 2775, -1,
          1184, 2776, 2777, -1,
          1184, 1158, 2776, -1,
          1197, 2777, 2778, -1,
          1197, 1184, 2777, -1,
          2779, 1197, 2778, -1,
          1208, 1197, 2779, -1,
          2780, 1208, 2779, -1,
          1214, 1208, 2780, -1,
          2781, 1214, 2780, -1,
          1221, 1214, 2781, -1,
          2782, 1221, 2781, -1,
          1229, 1221, 2782, -1,
          1245, 1229, 2782, -1,
          1245, 2782, 2783, -1,
          1248, 1245, 2783, -1,
          1248, 2783, 2784, -1,
          2785, 1248, 2784, -1,
          1262, 1248, 2785, -1,
          1268, 1262, 2785, -1,
          1268, 2785, 2786, -1,
          1273, 1268, 2786, -1,
          1273, 2786, 2787, -1,
          1280, 1273, 2787, -1,
          1280, 2787, 2788, -1,
          1283, 1280, 2788, -1,
          1283, 2788, 2789, -1,
          1295, 1283, 2789, -1,
          1295, 2789, 2790, -1,
          1296, 1295, 2790, -1,
          1296, 2790, 2791, -1,
          1297, 1296, 2791, -1,
          1297, 2791, 2792, -1,
          2793, 1297, 2792, -1,
          1306, 1297, 2793, -1,
          2794, 1306, 2793, -1,
          1307, 1306, 2794, -1,
          2795, 1307, 2794, -1,
          1308, 1307, 2795, -1,
          1314, 1308, 2795, -1,
          1314, 2795, 2796, -1,
          2797, 1314, 2796, -1,
          1316, 1314, 2797, -1,
          2370, 1316, 2797, -1,
          2370, 2797, 2798, -1,
          2397, 2370, 2798, -1,
          2397, 2798, 2799, -1,
          2398, 2397, 2799, -1,
          2398, 2799, 2800, -1,
          2400, 2398, 2800, -1,
          2400, 2800, 2801, -1,
          1556, 2802, 2803, -1,
          1556, 1555, 2802, -1,
          1557, 1556, 2803, -1,
          1557, 2803, 2804, -1,
          1558, 1557, 2804, -1,
          1558, 2804, 2805, -1,
          1559, 1558, 2805, -1,
          1559, 2805, 2806, -1,
          1560, 1559, 2806, -1,
          1560, 2806, 2807, -1,
          1561, 1560, 2807, -1,
          1561, 2807, 2808, -1,
          1562, 1561, 2808, -1,
          1562, 2808, 2809, -1,
          1563, 1562, 2809, -1,
          1563, 2809, 2810, -1,
          1564, 1563, 2810, -1,
          1564, 2810, 2811, -1,
          1565, 1564, 2811, -1,
          1565, 2811, 2812, -1,
          1566, 1565, 2812, -1,
          1566, 2812, 2813, -1,
          1567, 1566, 2813, -1,
          1567, 2813, 2814, -1,
          1568, 1567, 2814, -1,
          1568, 2814, 2815, -1,
          1569, 1568, 2815, -1,
          1569, 2815, 2816, -1,
          1570, 1569, 2816, -1,
          1570, 2816, 2817, -1,
          1571, 1570, 2817, -1,
          1571, 2817, 2818, -1,
          2819, 1571, 2818, -1,
          1572, 1571, 2819, -1,
          1573, 2819, 2820, -1,
          1573, 1572, 2819, -1,
          1574, 2820, 2821, -1,
          1574, 1573, 2820, -1,
          2822, 1574, 2821, -1,
          1575, 1574, 2822, -1,
          2823, 1575, 2822, -1,
          1576, 1575, 2823, -1,
          2824, 1576, 2823, -1,
          1577, 1576, 2824, -1,
          2825, 1577, 2824, -1,
          1578, 1577, 2825, -1,
          1579, 2825, 2826, -1,
          1579, 1578, 2825, -1,
          1580, 2826, 2827, -1,
          1580, 1579, 2826, -1,
          1581, 2827, 2828, -1,
          1581, 1580, 2827, -1,
          1582, 1581, 2828, -1,
          1582, 2828, 2829, -1,
          1583, 1582, 2829, -1,
          1583, 2829, 2830, -1,
          2831, 1583, 2830, -1,
          1584, 1583, 2831, -1,
          1585, 1584, 2831, -1,
          1585, 2831, 2832, -1,
          1586, 1585, 2832, -1,
          1586, 2832, 2833, -1,
          1587, 1586, 2833, -1,
          1587, 2833, 2834, -1,
          2473, 1587, 2834, -1,
          2473, 2834, 2835, -1,
          2472, 2473, 2835, -1,
          2472, 2835, 2836, -1,
          2471, 2472, 2836, -1,
          2471, 2836, 2837, -1,
          2470, 2471, 2837, -1,
          2470, 2837, 2838, -1,
          2469, 2470, 2838, -1,
          2469, 2838, 2839, -1,
          2840, 2469, 2839, -1,
          2468, 2469, 2840, -1,
          2467, 2468, 2840, -1,
          2467, 2840, 2841, -1,
          2842, 1555, 2400, -1,
          2842, 2801, 2802, -1,
          2842, 2400, 2801, -1,
          2842, 2802, 1555, -1,
          2474, 2467, 2841, -1,
          2474, 2841, 2843, -1,
          2475, 2843, 2844, -1,
          2475, 2474, 2843, -1,
          2476, 2844, 2845, -1,
          2476, 2475, 2844, -1,
          2477, 2845, 2846, -1,
          2477, 2476, 2845, -1,
          2478, 2477, 2846, -1,
          2478, 2846, 2847, -1,
          2479, 2478, 2847, -1,
          2479, 2847, 2848, -1,
          1274, 2479, 2848, -1,
          1274, 2848, 2849, -1,
          1263, 1274, 2849, -1,
          1263, 2849, 2850, -1,
          1251, 1263, 2850, -1,
          1251, 2850, 2851, -1,
          1246, 1251, 2851, -1,
          1246, 2851, 2852, -1,
          1231, 1246, 2852, -1,
          1231, 2852, 2853, -1,
          1232, 1231, 2853, -1,
          1232, 2853, 2854, -1,
          1233, 1232, 2854, -1,
          1233, 2854, 2855, -1,
          1234, 1233, 2855, -1,
          1234, 2855, 2856, -1,
          1235, 1234, 2856, -1,
          1235, 2856, 2857, -1,
          1236, 1235, 2857, -1,
          1236, 2857, 2858, -1,
          1237, 1236, 2858, -1,
          1237, 2858, 2859, -1,
          1238, 1237, 2859, -1,
          1238, 2859, 2860, -1,
          1239, 1238, 2860, -1,
          1239, 2860, 2861, -1,
          1240, 2861, 2862, -1,
          1240, 1239, 2861, -1,
          1241, 2862, 2863, -1,
          1241, 1240, 2862, -1,
          1242, 2863, 2864, -1,
          1242, 1241, 2863, -1,
          1138, 2864, 2865, -1,
          1138, 1242, 2864, -1,
          1136, 2865, 2866, -1,
          1136, 1138, 2865, -1,
          1134, 2866, 2867, -1,
          1134, 1136, 2866, -1,
          1133, 2867, 2868, -1,
          1133, 1134, 2867, -1,
          1132, 2868, 2869, -1,
          1132, 1133, 2868, -1,
          1129, 2869, 2870, -1,
          1129, 1132, 2869, -1,
          1128, 2870, 2871, -1,
          1128, 1129, 2870, -1,
          1126, 1128, 2871, -1,
          1126, 2871, 2872, -1,
          1125, 1126, 2872, -1,
          1125, 2872, 2873, -1,
          2874, 1125, 2873, -1,
          1124, 1125, 2874, -1,
          2875, 1124, 2874, -1,
          1123, 1124, 2875, -1,
          2876, 1123, 2875, -1,
          1121, 1123, 2876, -1,
          1120, 1121, 2876, -1,
          1120, 2876, 2877, -1,
          1118, 1120, 2877, -1,
          1118, 2877, 2878, -1,
          1117, 1118, 2878, -1,
          1117, 2878, 2879, -1,
          2880, 1117, 2879, -1,
          1116, 1117, 2880, -1,
          1114, 1116, 2880, -1,
          1114, 2880, 2717, -1,
          2881, 2861, 2860, -1,
          2882, 2861, 2881, -1,
          2882, 2862, 2861, -1,
          2882, 2863, 2862, -1,
          2883, 2881, 2860, -1,
          2883, 2860, 2859, -1,
          2884, 2863, 2882, -1,
          2884, 2864, 2863, -1,
          2885, 2859, 2858, -1,
          2885, 2883, 2859, -1,
          2886, 2865, 2864, -1,
          2886, 2864, 2884, -1,
          2887, 2858, 2857, -1,
          2887, 2885, 2858, -1,
          2888, 2866, 2865, -1,
          2888, 2865, 2886, -1,
          2889, 2887, 2857, -1,
          2889, 2857, 2856, -1,
          2890, 2867, 2866, -1,
          2890, 2866, 2888, -1,
          2891, 2856, 2855, -1,
          2891, 2889, 2856, -1,
          2892, 2867, 2890, -1,
          2892, 2868, 2867, -1,
          2892, 2869, 2868, -1,
          2893, 2855, 2854, -1,
          2893, 2891, 2855, -1,
          2894, 2869, 2892, -1,
          2894, 2870, 2869, -1,
          2895, 2893, 2854, -1,
          2895, 2854, 2853, -1,
          2896, 2870, 2894, -1,
          2896, 2871, 2870, -1,
          2897, 2895, 2853, -1,
          2897, 2853, 2852, -1,
          2898, 2871, 2896, -1,
          2898, 2872, 2871, -1,
          2899, 2897, 2852, -1,
          2899, 2852, 2851, -1,
          2900, 2872, 2898, -1,
          2900, 2873, 2872, -1,
          2901, 2899, 2851, -1,
          2901, 2851, 2850, -1,
          2902, 2873, 2900, -1,
          2902, 2874, 2873, -1,
          2903, 2901, 2850, -1,
          2903, 2850, 2849, -1,
          2904, 2874, 2902, -1,
          2904, 2875, 2874, -1,
          2905, 2903, 2849, -1,
          2905, 2849, 2848, -1,
          2906, 2875, 2904, -1,
          2906, 2876, 2875, -1,
          2907, 2905, 2848, -1,
          2907, 2848, 2847, -1,
          2908, 2876, 2906, -1,
          2908, 2877, 2876, -1,
          2909, 2847, 2846, -1,
          2909, 2907, 2847, -1,
          2910, 2877, 2908, -1,
          2910, 2878, 2877, -1,
          2911, 2846, 2845, -1,
          2911, 2909, 2846, -1,
          2912, 2878, 2910, -1,
          2912, 2879, 2878, -1,
          2912, 2880, 2879, -1,
          2913, 2845, 2844, -1,
          2913, 2911, 2845, -1,
          2914, 2880, 2912, -1,
          2914, 2717, 2880, -1,
          2915, 2913, 2844, -1,
          2916, 2718, 2717, -1,
          2916, 2717, 2914, -1,
          2917, 2844, 2843, -1,
          2917, 2915, 2844, -1,
          2918, 2719, 2718, -1,
          2918, 2718, 2916, -1,
          2919, 2843, 2841, -1,
          2919, 2917, 2843, -1,
          2920, 2720, 2719, -1,
          2920, 2719, 2918, -1,
          2921, 2841, 2840, -1,
          2921, 2919, 2841, -1,
          2922, 2721, 2720, -1,
          2922, 2720, 2920, -1,
          2923, 2721, 2922, -1,
          2924, 2839, 2838, -1,
          2924, 2840, 2839, -1,
          2924, 2921, 2840, -1,
          2925, 2722, 2721, -1,
          2925, 2721, 2923, -1,
          2926, 2722, 2925, -1,
          2926, 2723, 2722, -1,
          2927, 2837, 2836, -1,
          2927, 2838, 2837, -1,
          2927, 2924, 2838, -1,
          2928, 2723, 2926, -1,
          2928, 2724, 2723, -1,
          2929, 2725, 2724, -1,
          2929, 2724, 2928, -1,
          2930, 2836, 2835, -1,
          2930, 2927, 2836, -1,
          2931, 2725, 2929, -1,
          2931, 2726, 2725, -1,
          2932, 2835, 2834, -1,
          2932, 2930, 2835, -1,
          2933, 2726, 2931, -1,
          2933, 2727, 2726, -1,
          2934, 2728, 2727, -1,
          2934, 2727, 2933, -1,
          2935, 2834, 2833, -1,
          2935, 2932, 2834, -1,
          2936, 2729, 2728, -1,
          2936, 2728, 2934, -1,
          2937, 2832, 2831, -1,
          2937, 2833, 2832, -1,
          2937, 2935, 2833, -1,
          2938, 2730, 2729, -1,
          2938, 2729, 2936, -1,
          2939, 2731, 2730, -1,
          2939, 2730, 2938, -1,
          2940, 2831, 2830, -1,
          2940, 2937, 2831, -1,
          2941, 2731, 2939, -1,
          2942, 2829, 2828, -1,
          2942, 2830, 2829, -1,
          2942, 2940, 2830, -1,
          2943, 2732, 2731, -1,
          2943, 2731, 2941, -1,
          2944, 2828, 2827, -1,
          2944, 2942, 2828, -1,
          2945, 2733, 2732, -1,
          2945, 2732, 2943, -1,
          2946, 2826, 2825, -1,
          2946, 2827, 2826, -1,
          2946, 2944, 2827, -1,
          2947, 2733, 2945, -1,
          2734, 2733, 2947, -1,
          2948, 2825, 2824, -1,
          2948, 2946, 2825, -1,
          2949, 2734, 2947, -1,
          2735, 2734, 2949, -1,
          2950, 2824, 2823, -1,
          2950, 2948, 2824, -1,
          2951, 2735, 2949, -1,
          2952, 2950, 2823, -1,
          2952, 2822, 2821, -1,
          2952, 2823, 2822, -1,
          2736, 2951, 2953, -1,
          2736, 2735, 2951, -1,
          2954, 2952, 2821, -1,
          2954, 2821, 2820, -1,
          2737, 2736, 2953, -1,
          2737, 2953, 2955, -1,
          2956, 2954, 2820, -1,
          2956, 2820, 2819, -1,
          2957, 2956, 2819, -1,
          2957, 2819, 2818, -1,
          2738, 2955, 2958, -1,
          2738, 2737, 2955, -1,
          2959, 2957, 2818, -1,
          2817, 2959, 2818, -1,
          2739, 2738, 2958, -1,
          2739, 2958, 2960, -1,
          2961, 2959, 2817, -1,
          2740, 2739, 2960, -1,
          2816, 2961, 2817, -1,
          2962, 2961, 2816, -1,
          2741, 2960, 2963, -1,
          2741, 2740, 2960, -1,
          2815, 2962, 2816, -1,
          2964, 2962, 2815, -1,
          2742, 2963, 2965, -1,
          2742, 2741, 2963, -1,
          2814, 2964, 2815, -1,
          2814, 2966, 2964, -1,
          2743, 2965, 2967, -1,
          2743, 2742, 2965, -1,
          2813, 2966, 2814, -1,
          2813, 2968, 2966, -1,
          2744, 2967, 2969, -1,
          2744, 2743, 2967, -1,
          2812, 2968, 2813, -1,
          2812, 2970, 2968, -1,
          2745, 2969, 2971, -1,
          2745, 2744, 2969, -1,
          2811, 2970, 2812, -1,
          2811, 2972, 2970, -1,
          2746, 2971, 2973, -1,
          2746, 2745, 2971, -1,
          2810, 2974, 2972, -1,
          2810, 2972, 2811, -1,
          2747, 2973, 2975, -1,
          2747, 2746, 2973, -1,
          2809, 2974, 2810, -1,
          2809, 2976, 2974, -1,
          2748, 2747, 2975, -1,
          2748, 2975, 2977, -1,
          2808, 2976, 2809, -1,
          2808, 2978, 2976, -1,
          2749, 2748, 2977, -1,
          2749, 2977, 2979, -1,
          2807, 2978, 2808, -1,
          2807, 2980, 2978, -1,
          2750, 2749, 2979, -1,
          2750, 2979, 2981, -1,
          2806, 2980, 2807, -1,
          2806, 2982, 2980, -1,
          2805, 2982, 2806, -1,
          2805, 2983, 2982, -1,
          2751, 2981, 2984, -1,
          2751, 2750, 2981, -1,
          2804, 2983, 2805, -1,
          2804, 2985, 2983, -1,
          2752, 2751, 2984, -1,
          2803, 2985, 2804, -1,
          2803, 2986, 2985, -1,
          2753, 2984, 2987, -1,
          2753, 2752, 2984, -1,
          2754, 2753, 2987, -1,
          2802, 2986, 2803, -1,
          2802, 2988, 2986, -1,
          2755, 2987, 2989, -1,
          2755, 2754, 2987, -1,
          2801, 2988, 2802, -1,
          2801, 2990, 2988, -1,
          2756, 2989, 2991, -1,
          2756, 2755, 2989, -1,
          2800, 2990, 2801, -1,
          2800, 2992, 2990, -1,
          2757, 2756, 2991, -1,
          2758, 2991, 2993, -1,
          2758, 2757, 2991, -1,
          2799, 2992, 2800, -1,
          2799, 2994, 2992, -1,
          2799, 2995, 2994, -1,
          2759, 2993, 2996, -1,
          2759, 2758, 2993, -1,
          2798, 2995, 2799, -1,
          2798, 2997, 2995, -1,
          2797, 2998, 2997, -1,
          2797, 2997, 2798, -1,
          2760, 2996, 2999, -1,
          2760, 2759, 2996, -1,
          2796, 2998, 2797, -1,
          2795, 2998, 2796, -1,
          2795, 3000, 2998, -1,
          2761, 2999, 3001, -1,
          2761, 2760, 2999, -1,
          2794, 3002, 3000, -1,
          2794, 3000, 2795, -1,
          2762, 3001, 3003, -1,
          2762, 2761, 3001, -1,
          2793, 3002, 2794, -1,
          2793, 3004, 3002, -1,
          2763, 3003, 3005, -1,
          2763, 2762, 3003, -1,
          2792, 3004, 2793, -1,
          2792, 3006, 3004, -1,
          2764, 2763, 3005, -1,
          2764, 3005, 3007, -1,
          2791, 3006, 2792, -1,
          2790, 3006, 2791, -1,
          2790, 3008, 3006, -1,
          2765, 2764, 3007, -1,
          2765, 3007, 3009, -1,
          2789, 3010, 3008, -1,
          2789, 3008, 2790, -1,
          2766, 2765, 3009, -1,
          2766, 3009, 3011, -1,
          2788, 3010, 2789, -1,
          2788, 3012, 3010, -1,
          2767, 2766, 3011, -1,
          2767, 3011, 3013, -1,
          2768, 2767, 3013, -1,
          2768, 3013, 3014, -1,
          2787, 3012, 2788, -1,
          2786, 3012, 2787, -1,
          2786, 3015, 3012, -1,
          2769, 2768, 3014, -1,
          2785, 3015, 2786, -1,
          2785, 3016, 3015, -1,
          2770, 2769, 3014, -1,
          2770, 3014, 3017, -1,
          2771, 3017, 3018, -1,
          2771, 2770, 3017, -1,
          2784, 3016, 2785, -1,
          2784, 3019, 3016, -1,
          2772, 2771, 3018, -1,
          2783, 3020, 3019, -1,
          2783, 3019, 2784, -1,
          2773, 2772, 3018, -1,
          2773, 3018, 3021, -1,
          2782, 3020, 2783, -1,
          2781, 3020, 2782, -1,
          2781, 3022, 3020, -1,
          2774, 2773, 3021, -1,
          2774, 3021, 3023, -1,
          2780, 3022, 2781, -1,
          2780, 3024, 3022, -1,
          2775, 2774, 3023, -1,
          2775, 3023, 3025, -1,
          2779, 3024, 2780, -1,
          2779, 3026, 3024, -1,
          2776, 2775, 3025, -1,
          2776, 3025, 3027, -1,
          2778, 3026, 2779, -1,
          2778, 3027, 3026, -1,
          2777, 2776, 3027, -1,
          2777, 3027, 2778, -1,
          3028, 3029, 2992, -1,
          3028, 2992, 2994, -1,
          3030, 2994, 2995, -1,
          3030, 3028, 2994, -1,
          3031, 2995, 2997, -1,
          3031, 3030, 2995, -1,
          3032, 2997, 2998, -1,
          3032, 3031, 2997, -1,
          3033, 2998, 3000, -1,
          3033, 3032, 2998, -1,
          3034, 3033, 3000, -1,
          3034, 3000, 3002, -1,
          3035, 3034, 3002, -1,
          3035, 3002, 3004, -1,
          3036, 3035, 3004, -1,
          3036, 3004, 3006, -1,
          3037, 3036, 3006, -1,
          3037, 3006, 3008, -1,
          3038, 3037, 3008, -1,
          3038, 3008, 3010, -1,
          3039, 3038, 3010, -1,
          3039, 3010, 3012, -1,
          3040, 3039, 3012, -1,
          3040, 3012, 3015, -1,
          3041, 3040, 3015, -1,
          3041, 3015, 3016, -1,
          3042, 3041, 3016, -1,
          3042, 3016, 3019, -1,
          3043, 3042, 3019, -1,
          3043, 3019, 3020, -1,
          3044, 3043, 3020, -1,
          3044, 3020, 3022, -1,
          3045, 3044, 3022, -1,
          3045, 3022, 3024, -1,
          3046, 3045, 3024, -1,
          3046, 3024, 3026, -1,
          3047, 3046, 3026, -1,
          3047, 3026, 3027, -1,
          3048, 3027, 3025, -1,
          3048, 3047, 3027, -1,
          3049, 3025, 3023, -1,
          3049, 3048, 3025, -1,
          3050, 3023, 3021, -1,
          3050, 3049, 3023, -1,
          3051, 3021, 3018, -1,
          3051, 3050, 3021, -1,
          3052, 3018, 3017, -1,
          3052, 3051, 3018, -1,
          3053, 3017, 3014, -1,
          3053, 3052, 3017, -1,
          3054, 3014, 3013, -1,
          3054, 3053, 3014, -1,
          3055, 3013, 3011, -1,
          3055, 3054, 3013, -1,
          3056, 3011, 3009, -1,
          3056, 3055, 3011, -1,
          3057, 3009, 3007, -1,
          3057, 3056, 3009, -1,
          3058, 3007, 3005, -1,
          3058, 3057, 3007, -1,
          3059, 3058, 3005, -1,
          3059, 3005, 3003, -1,
          3060, 3059, 3003, -1,
          3060, 3003, 3001, -1,
          3061, 3060, 3001, -1,
          3061, 3001, 2999, -1,
          3062, 3061, 2999, -1,
          3062, 2999, 2996, -1,
          3063, 3062, 2996, -1,
          3063, 2996, 2993, -1,
          3064, 3063, 2993, -1,
          3064, 2993, 2991, -1,
          3065, 3064, 2991, -1,
          3065, 2991, 2989, -1,
          3066, 3065, 2989, -1,
          3066, 2989, 2987, -1,
          3067, 3068, 2921, -1,
          3067, 2921, 2924, -1,
          3069, 2924, 2927, -1,
          3069, 3067, 2924, -1,
          3070, 2927, 2930, -1,
          3070, 3069, 2927, -1,
          3071, 2930, 2932, -1,
          3071, 3070, 2930, -1,
          3072, 2932, 2935, -1,
          3072, 3071, 2932, -1,
          3073, 2935, 2937, -1,
          3073, 3072, 2935, -1,
          3074, 3073, 2937, -1,
          3074, 2937, 2940, -1,
          3075, 3074, 2940, -1,
          3075, 2940, 2942, -1,
          3076, 3075, 2942, -1,
          3076, 2942, 2944, -1,
          3077, 3076, 2944, -1,
          3077, 2944, 2946, -1,
          3078, 3077, 2946, -1,
          3078, 2946, 2948, -1,
          3079, 3078, 2948, -1,
          3079, 2948, 2950, -1,
          3080, 3079, 2950, -1,
          3080, 2950, 2952, -1,
          3081, 3080, 2952, -1,
          3081, 2952, 2954, -1,
          3082, 3081, 2954, -1,
          3082, 2954, 2956, -1,
          3083, 3082, 2956, -1,
          3083, 2956, 2957, -1,
          3084, 3083, 2957, -1,
          3084, 2957, 2959, -1,
          3085, 3084, 2959, -1,
          3085, 2959, 2961, -1,
          3086, 3085, 2961, -1,
          3086, 2961, 2962, -1,
          3087, 3086, 2962, -1,
          3087, 2962, 2964, -1,
          3088, 2964, 2966, -1,
          3088, 3087, 2964, -1,
          3089, 2966, 2968, -1,
          3089, 3088, 2966, -1,
          3090, 2968, 2970, -1,
          3090, 3089, 2968, -1,
          3091, 2970, 2972, -1,
          3091, 3090, 2970, -1,
          3092, 2972, 2974, -1,
          3092, 3091, 2972, -1,
          3093, 2974, 2976, -1,
          3093, 3092, 2974, -1,
          2978, 3093, 2976, -1,
          3094, 3093, 2978, -1,
          3095, 2978, 2980, -1,
          3095, 3094, 2978, -1,
          3096, 2980, 2982, -1,
          3096, 3095, 2980, -1,
          3097, 2982, 2983, -1,
          3097, 3096, 2982, -1,
          3098, 2983, 2985, -1,
          3098, 3097, 2983, -1,
          3099, 3098, 2985, -1,
          3099, 2985, 2986, -1,
          3100, 3099, 2986, -1,
          3100, 2986, 2988, -1,
          2990, 3100, 2988, -1,
          3101, 3100, 2990, -1,
          3029, 3101, 2990, -1,
          3029, 2990, 2992, -1,
          3102, 3103, 2914, -1,
          3102, 2914, 2912, -1,
          3104, 2912, 2910, -1,
          3104, 3102, 2912, -1,
          3105, 2910, 2908, -1,
          3105, 3104, 2910, -1,
          3106, 2908, 2906, -1,
          3106, 3105, 2908, -1,
          3107, 2906, 2904, -1,
          3107, 3106, 2906, -1,
          3108, 3107, 2904, -1,
          3108, 2904, 2902, -1,
          3109, 3108, 2902, -1,
          3109, 2902, 2900, -1,
          3110, 3109, 2900, -1,
          3110, 2900, 2898, -1,
          3111, 3110, 2898, -1,
          3111, 2898, 2896, -1,
          3112, 3111, 2896, -1,
          3112, 2896, 2894, -1,
          3113, 3112, 2894, -1,
          3113, 2894, 2892, -1,
          3114, 3113, 2892, -1,
          3114, 2892, 2890, -1,
          3115, 3114, 2890, -1,
          3115, 2890, 2888, -1,
          3116, 3115, 2888, -1,
          3116, 2888, 2886, -1,
          3117, 3116, 2886, -1,
          3117, 2886, 2884, -1,
          3118, 3117, 2884, -1,
          3118, 2884, 2882, -1,
          3119, 3118, 2882, -1,
          3119, 2882, 2881, -1,
          3120, 3119, 2881, -1,
          3120, 2881, 2883, -1,
          3121, 3120, 2883, -1,
          3121, 2883, 2885, -1,
          3122, 2885, 2887, -1,
          3122, 3121, 2885, -1,
          3123, 2887, 2889, -1,
          3123, 3122, 2887, -1,
          3124, 2889, 2891, -1,
          3124, 3123, 2889, -1,
          3125, 2891, 2893, -1,
          3125, 3124, 2891, -1,
          3126, 2893, 2895, -1,
          3126, 3125, 2893, -1,
          3127, 2895, 2897, -1,
          3127, 3126, 2895, -1,
          3128, 2897, 2899, -1,
          3128, 3127, 2897, -1,
          3129, 2899, 2901, -1,
          3129, 3128, 2899, -1,
          3130, 2901, 2903, -1,
          3130, 3129, 2901, -1,
          3131, 2903, 2905, -1,
          3131, 3130, 2903, -1,
          3132, 2905, 2907, -1,
          3132, 3131, 2905, -1,
          3133, 3132, 2907, -1,
          3133, 2907, 2909, -1,
          3134, 3133, 2909, -1,
          3134, 2909, 2911, -1,
          3135, 3134, 2911, -1,
          3135, 2911, 2913, -1,
          3136, 3135, 2913, -1,
          3136, 2913, 2915, -1,
          3137, 3136, 2915, -1,
          3137, 2915, 2917, -1,
          3138, 3137, 2917, -1,
          3138, 2917, 2919, -1,
          3068, 3138, 2919, -1,
          3068, 2919, 2921, -1,
          3139, 3066, 2987, -1,
          3139, 2987, 2984, -1,
          3140, 2984, 2981, -1,
          3140, 3139, 2984, -1,
          3141, 2981, 2979, -1,
          3141, 3140, 2981, -1,
          3142, 2979, 2977, -1,
          3142, 3141, 2979, -1,
          3143, 2977, 2975, -1,
          3143, 3142, 2977, -1,
          3144, 3143, 2975, -1,
          3144, 2975, 2973, -1,
          3145, 3144, 2973, -1,
          3145, 2973, 2971, -1,
          3146, 3145, 2971, -1,
          3146, 2971, 2969, -1,
          3147, 3146, 2969, -1,
          3147, 2969, 2967, -1,
          3148, 3147, 2967, -1,
          3148, 2967, 2965, -1,
          3149, 3148, 2965, -1,
          3149, 2965, 2963, -1,
          3150, 3149, 2963, -1,
          3150, 2963, 2960, -1,
          3151, 3150, 2960, -1,
          3151, 2960, 2958, -1,
          3152, 3151, 2958, -1,
          3152, 2958, 2955, -1,
          3153, 3152, 2955, -1,
          3153, 2955, 2953, -1,
          3154, 3153, 2953, -1,
          3154, 2953, 2951, -1,
          3155, 3154, 2951, -1,
          3155, 2951, 2949, -1,
          3156, 3155, 2949, -1,
          3156, 2949, 2947, -1,
          3157, 3156, 2947, -1,
          3157, 2947, 2945, -1,
          3158, 2945, 2943, -1,
          3158, 3157, 2945, -1,
          3159, 2943, 2941, -1,
          3159, 3158, 2943, -1,
          3160, 2941, 2939, -1,
          3160, 3159, 2941, -1,
          3161, 2939, 2938, -1,
          3161, 3160, 2939, -1,
          3162, 2938, 2936, -1,
          3162, 3161, 2938, -1,
          3163, 2936, 2934, -1,
          3163, 3162, 2936, -1,
          3164, 2934, 2933, -1,
          3164, 3163, 2934, -1,
          3165, 2933, 2931, -1,
          3165, 3164, 2933, -1,
          3166, 2931, 2929, -1,
          3166, 3165, 2931, -1,
          3167, 2929, 2928, -1,
          3167, 3166, 2929, -1,
          2926, 3167, 2928, -1,
          3168, 3167, 2926, -1,
          3169, 2926, 2925, -1,
          3169, 3168, 2926, -1,
          3170, 3169, 2925, -1,
          3170, 2925, 2923, -1,
          3171, 3170, 2923, -1,
          3171, 2923, 2922, -1,
          2920, 3171, 2922, -1,
          3172, 3171, 2920, -1,
          3173, 3172, 2920, -1,
          3173, 2920, 2918, -1,
          3174, 3173, 2918, -1,
          3174, 2918, 2916, -1,
          3103, 3174, 2916, -1,
          3103, 2916, 2914, -1,
          3162, 3159, 3160, -1,
          3162, 3160, 3161, -1,
          3163, 3159, 3162, -1,
          3150, 3151, 3152, -1,
          3149, 3150, 3152, -1,
          3149, 3152, 3153, -1,
          3168, 3165, 3166, -1,
          3168, 3166, 3167, -1,
          3169, 3165, 3168, -1,
          3169, 3163, 3164, -1,
          3169, 3164, 3165, -1,
          3170, 3159, 3163, -1,
          3170, 3163, 3169, -1,
          3170, 3158, 3159, -1,
          3171, 3158, 3170, -1,
          3171, 3157, 3158, -1,
          3173, 3157, 3171, -1,
          3173, 3171, 3172, -1,
          3174, 3149, 3153, -1,
          3174, 3148, 3149, -1,
          3174, 3157, 3173, -1,
          3174, 3153, 3154, -1,
          3174, 3154, 3155, -1,
          3174, 3155, 3156, -1,
          3174, 3156, 3157, -1,
          3106, 3102, 3104, -1,
          3106, 3104, 3105, -1,
          3112, 3109, 3110, -1,
          3112, 3110, 3111, -1,
          3113, 3108, 3109, -1,
          3113, 3109, 3112, -1,
          3116, 3114, 3115, -1,
          3117, 3114, 3116, -1,
          3117, 3113, 3114, -1,
          3117, 3108, 3113, -1,
          3118, 3102, 3106, -1,
          3118, 3106, 3107, -1,
          3118, 3107, 3108, -1,
          3118, 3108, 3117, -1,
          3119, 3102, 3118, -1,
          3121, 3119, 3120, -1,
          3121, 3102, 3119, -1,
          3122, 3102, 3121, -1,
          3047, 3048, 3049, -1,
          3047, 3049, 3050, -1,
          3047, 3050, 3051, -1,
          3125, 3123, 3124, -1,
          3046, 3051, 3052, -1,
          3046, 3047, 3051, -1,
          3126, 3122, 3123, -1,
          3126, 3102, 3122, -1,
          3126, 3123, 3125, -1,
          3045, 3052, 3053, -1,
          3045, 3046, 3052, -1,
          3127, 3174, 3103, -1,
          3127, 3103, 3102, -1,
          3127, 3102, 3126, -1,
          3044, 3045, 3053, -1,
          3128, 3148, 3174, -1,
          3128, 3146, 3147, -1,
          3128, 3147, 3148, -1,
          3128, 3174, 3127, -1,
          3043, 3044, 3053, -1,
          3043, 3053, 3054, -1,
          3129, 3146, 3128, -1,
          3129, 3145, 3146, -1,
          3042, 3043, 3054, -1,
          3042, 3054, 3055, -1,
          3130, 3145, 3129, -1,
          3130, 3144, 3145, -1,
          3041, 3055, 3056, -1,
          3041, 3042, 3055, -1,
          3131, 3144, 3130, -1,
          3131, 3143, 3144, -1,
          3040, 3041, 3056, -1,
          3132, 3143, 3131, -1,
          3132, 3142, 3143, -1,
          3133, 3142, 3132, -1,
          3134, 3141, 3142, -1,
          3134, 3142, 3133, -1,
          3135, 3141, 3134, -1,
          3135, 3139, 3140, -1,
          3135, 3140, 3141, -1,
          3036, 3037, 3038, -1,
          3136, 3139, 3135, -1,
          3035, 3036, 3038, -1,
          3035, 3038, 3039, -1,
          3137, 3139, 3136, -1,
          3137, 3066, 3139, -1,
          3034, 3035, 3039, -1,
          3034, 3039, 3040, -1,
          3033, 3034, 3040, -1,
          3033, 3040, 3056, -1,
          3033, 3056, 3057, -1,
          3138, 3066, 3137, -1,
          3138, 3065, 3066, -1,
          3032, 3033, 3057, -1,
          3068, 3065, 3138, -1,
          3067, 3065, 3068, -1,
          3067, 3064, 3065, -1,
          3028, 3032, 3057, -1,
          3028, 3030, 3031, -1,
          3028, 3031, 3032, -1,
          3028, 3057, 3058, -1,
          3069, 3062, 3063, -1,
          3069, 3063, 3064, -1,
          3069, 3064, 3067, -1,
          3070, 3062, 3069, -1,
          3071, 3061, 3062, -1,
          3071, 3062, 3070, -1,
          3072, 3060, 3061, -1,
          3072, 3061, 3071, -1,
          3098, 3099, 3100, -1,
          3098, 3100, 3101, -1,
          3073, 3059, 3060, -1,
          3073, 3060, 3072, -1,
          3097, 3098, 3101, -1,
          3074, 3059, 3073, -1,
          3075, 3058, 3059, -1,
          3075, 3059, 3074, -1,
          3076, 3058, 3075, -1,
          3076, 3101, 3029, -1,
          3076, 3029, 3028, -1,
          3076, 3028, 3058, -1,
          3093, 3094, 3095, -1,
          3093, 3095, 3096, -1,
          3077, 3101, 3076, -1,
          3092, 3093, 3096, -1,
          3092, 3096, 3097, -1,
          3078, 3101, 3077, -1,
          3079, 3101, 3078, -1,
          3079, 3097, 3101, -1,
          3090, 3091, 3092, -1,
          3090, 3092, 3097, -1,
          3080, 3097, 3079, -1,
          3089, 3090, 3097, -1,
          3081, 3097, 3080, -1,
          3081, 3089, 3097, -1,
          3088, 3089, 3081, -1,
          3086, 3087, 3088, -1,
          3084, 3082, 3083, -1,
          3085, 3081, 3082, -1,
          3085, 3088, 3081, -1,
          3085, 3082, 3084, -1,
          3085, 3086, 3088, -1,
          3175, 1230, 1284, -1,
          3175, 1284, 3176, -1,
          3177, 1554, 1230, -1,
          3177, 1230, 3175, -1,
          1554, 3177, 3178, -1,
          1554, 3178, 2404, -1,
          2407, 2404, 3178, -1,
          2407, 3178, 3179, -1,
          1742, 3179, 3180, -1,
          1742, 2407, 3179, -1,
          1743, 3180, 3181, -1,
          1743, 1742, 3180, -1,
          1744, 3181, 3182, -1,
          1744, 1743, 3181, -1,
          1745, 3182, 3183, -1,
          1745, 1744, 3182, -1,
          1746, 3183, 3184, -1,
          1746, 1745, 3183, -1,
          1747, 3184, 3185, -1,
          1747, 1746, 3184, -1,
          1748, 1747, 3185, -1,
          1748, 3185, 3186, -1,
          1749, 1748, 3186, -1,
          1749, 3186, 3187, -1,
          1750, 1749, 3187, -1,
          1750, 3187, 3188, -1,
          1751, 1750, 3188, -1,
          1751, 3188, 3189, -1,
          1719, 1751, 3189, -1,
          1719, 3189, 3190, -1,
          1720, 1719, 3190, -1,
          1720, 3190, 3191, -1,
          1721, 1720, 3191, -1,
          1721, 3191, 3192, -1,
          1722, 1721, 3192, -1,
          1722, 3192, 3193, -1,
          1723, 1722, 3193, -1,
          1723, 3193, 3194, -1,
          1724, 1723, 3194, -1,
          1724, 3194, 3195, -1,
          1725, 1724, 3195, -1,
          1725, 3195, 3196, -1,
          1726, 1725, 3196, -1,
          1726, 3196, 3197, -1,
          1727, 1726, 3197, -1,
          1727, 3197, 3198, -1,
          1728, 1727, 3198, -1,
          1728, 3198, 3199, -1,
          1729, 3199, 3200, -1,
          1729, 1728, 3199, -1,
          1730, 3200, 3201, -1,
          1730, 1729, 3200, -1,
          1731, 3201, 3202, -1,
          1731, 1730, 3201, -1,
          1732, 3202, 3203, -1,
          1732, 1731, 3202, -1,
          1733, 3203, 3204, -1,
          1733, 1732, 3203, -1,
          1734, 3204, 3205, -1,
          1734, 1733, 3204, -1,
          1735, 3205, 3206, -1,
          1735, 1734, 3205, -1,
          1736, 3206, 3207, -1,
          1736, 1735, 3206, -1,
          1737, 3207, 3208, -1,
          1737, 1736, 3207, -1,
          1738, 3208, 3209, -1,
          1738, 1737, 3208, -1,
          1739, 3209, 3210, -1,
          1739, 1738, 3209, -1,
          1740, 1739, 3210, -1,
          1740, 3210, 3211, -1,
          1741, 1740, 3211, -1,
          1741, 3211, 3212, -1,
          2497, 3212, 3213, -1,
          2497, 1741, 3212, -1,
          2498, 3213, 3214, -1,
          2498, 2497, 3213, -1,
          2499, 3214, 3215, -1,
          2499, 2498, 3214, -1,
          2500, 3215, 3216, -1,
          2500, 2499, 3215, -1,
          2501, 3216, 3217, -1,
          2501, 2500, 3216, -1,
          2502, 3217, 3218, -1,
          2502, 2501, 3217, -1,
          2503, 3218, 3219, -1,
          2503, 2502, 3218, -1,
          2504, 3219, 3220, -1,
          2504, 2503, 3219, -1,
          2505, 2504, 3220, -1,
          2505, 3220, 3221, -1,
          2506, 2505, 3221, -1,
          2506, 3221, 3222, -1,
          1651, 2506, 3222, -1,
          1651, 3222, 3223, -1,
          1650, 1651, 3223, -1,
          1650, 3223, 3224, -1,
          1648, 1650, 3224, -1,
          1648, 3224, 3225, -1,
          1646, 1648, 3225, -1,
          1646, 3225, 3226, -1,
          3227, 1646, 3226, -1,
          1644, 1646, 3227, -1,
          1642, 1644, 3227, -1,
          1642, 3227, 3228, -1,
          1640, 1642, 3228, -1,
          1640, 3228, 3229, -1,
          1638, 1640, 3229, -1,
          1638, 3229, 3230, -1,
          1633, 1638, 3230, -1,
          1633, 3230, 3231, -1,
          1619, 1633, 3231, -1,
          1619, 3231, 3232, -1,
          1616, 1619, 3232, -1,
          1616, 3232, 3233, -1,
          1610, 3233, 3234, -1,
          1610, 1616, 3233, -1,
          1609, 3234, 3235, -1,
          1609, 1610, 3234, -1,
          1606, 3235, 3236, -1,
          1606, 1609, 3235, -1,
          1600, 3236, 3237, -1,
          1600, 1606, 3236, -1,
          1597, 3237, 3238, -1,
          1597, 1600, 3237, -1,
          3239, 1597, 3238, -1,
          1551, 1597, 3239, -1,
          1552, 3239, 3240, -1,
          1552, 1551, 3239, -1,
          1553, 1552, 3240, -1,
          1553, 3240, 3241, -1,
          1598, 3241, 3242, -1,
          1598, 1553, 3241, -1,
          1599, 3242, 3243, -1,
          1599, 1598, 3242, -1,
          1601, 3243, 3244, -1,
          1601, 1599, 3243, -1,
          1607, 3244, 3245, -1,
          1607, 1601, 3244, -1,
          1608, 3245, 3246, -1,
          1608, 1607, 3245, -1,
          1611, 1608, 3246, -1,
          1611, 3246, 3247, -1,
          1617, 3247, 3248, -1,
          1617, 1611, 3247, -1,
          1634, 3249, 3250, -1,
          1634, 1618, 3249, -1,
          1639, 3250, 3251, -1,
          1639, 1634, 3250, -1,
          1643, 3251, 3252, -1,
          1643, 1639, 3251, -1,
          1645, 3252, 3253, -1,
          1645, 1643, 3252, -1,
          1596, 3253, 3254, -1,
          1596, 1645, 3253, -1,
          3255, 1618, 1617, -1,
          3255, 3248, 3249, -1,
          3255, 1617, 3248, -1,
          3255, 3249, 1618, -1,
          3254, 1531, 1596, -1,
          3254, 3256, 1531, -1,
          3257, 1420, 1531, -1,
          3257, 1531, 3256, -1,
          3257, 1462, 1420, -1,
          3257, 3258, 1462, -1,
          1516, 3259, 3260, -1,
          1516, 1490, 3259, -1,
          1519, 3260, 3261, -1,
          1519, 1516, 3260, -1,
          1525, 3261, 3262, -1,
          1525, 1519, 3261, -1,
          1527, 3262, 3263, -1,
          1527, 1525, 3262, -1,
          1528, 3263, 3264, -1,
          1528, 1527, 3263, -1,
          1526, 3264, 3265, -1,
          1526, 1528, 3264, -1,
          1524, 3265, 3266, -1,
          1524, 1526, 3265, -1,
          1518, 3266, 3267, -1,
          1518, 1524, 3266, -1,
          1517, 3267, 3268, -1,
          1517, 1518, 3267, -1,
          3269, 1517, 3268, -1,
          1513, 1517, 3269, -1,
          1514, 3269, 3270, -1,
          1514, 1513, 3269, -1,
          1515, 3270, 3271, -1,
          1515, 1514, 3270, -1,
          1491, 3271, 3272, -1,
          1491, 1515, 3271, -1,
          1492, 3272, 3273, -1,
          1492, 1491, 3272, -1,
          3274, 3258, 3259, -1,
          3274, 1490, 1462, -1,
          3274, 1462, 3258, -1,
          3274, 3259, 1490, -1,
          1493, 1492, 3273, -1,
          1493, 3273, 3275, -1,
          1494, 3275, 3276, -1,
          1494, 1493, 3275, -1,
          1520, 3276, 3277, -1,
          1520, 1494, 3276, -1,
          1451, 3277, 3278, -1,
          1451, 1520, 3277, -1,
          3279, 1452, 1451, -1,
          3279, 1451, 3278, -1,
          1452, 3279, 3176, -1,
          1452, 3176, 1284, -1,
          3254, 3257, 3256, -1,
          3258, 3254, 3253, -1,
          3258, 3257, 3254, -1,
          3252, 3258, 3253, -1,
          3251, 3258, 3252, -1,
          3259, 3249, 3248, -1,
          3259, 3250, 3249, -1,
          3259, 3251, 3250, -1,
          3259, 3258, 3251, -1,
          3247, 3259, 3248, -1,
          3246, 3259, 3247, -1,
          3260, 3245, 3244, -1,
          3260, 3246, 3245, -1,
          3260, 3259, 3246, -1,
          3243, 3260, 3244, -1,
          3242, 3260, 3243, -1,
          3261, 3260, 3242, -1,
          3241, 3261, 3242, -1,
          3262, 3261, 3241, -1,
          3240, 3263, 3262, -1,
          3240, 3262, 3241, -1,
          3264, 3263, 3240, -1,
          3265, 3264, 3240, -1,
          3266, 3265, 3240, -1,
          3267, 3266, 3240, -1,
          3268, 3267, 3240, -1,
          3280, 3230, 3229, -1,
          3280, 3231, 3230, -1,
          3281, 3280, 3229, -1,
          3281, 3228, 3227, -1,
          3281, 3229, 3228, -1,
          3282, 3231, 3280, -1,
          3282, 3232, 3231, -1,
          3282, 3233, 3232, -1,
          3283, 3281, 3227, -1,
          3283, 3227, 3226, -1,
          3269, 3268, 3240, -1,
          3284, 3234, 3233, -1,
          3284, 3233, 3282, -1,
          3285, 3225, 3224, -1,
          3285, 3226, 3225, -1,
          3285, 3283, 3226, -1,
          3286, 3234, 3284, -1,
          3287, 3224, 3223, -1,
          3287, 3285, 3224, -1,
          3288, 3235, 3234, -1,
          3288, 3234, 3286, -1,
          3289, 3223, 3222, -1,
          3289, 3287, 3223, -1,
          3290, 3235, 3288, -1,
          3290, 3236, 3235, -1,
          3291, 3222, 3221, -1,
          3291, 3289, 3222, -1,
          3292, 3236, 3290, -1,
          3292, 3237, 3236, -1,
          3293, 3237, 3292, -1,
          3294, 3291, 3221, -1,
          3294, 3220, 3219, -1,
          3294, 3221, 3220, -1,
          3295, 3237, 3293, -1,
          3295, 3238, 3237, -1,
          3296, 3294, 3219, -1,
          3296, 3218, 3217, -1,
          3296, 3219, 3218, -1,
          3297, 3238, 3295, -1,
          3297, 3239, 3238, -1,
          3298, 3217, 3216, -1,
          3298, 3296, 3217, -1,
          3299, 3298, 3216, -1,
          3299, 3216, 3215, -1,
          3300, 3239, 3297, -1,
          3300, 3240, 3239, -1,
          3301, 3299, 3215, -1,
          3301, 3214, 3213, -1,
          3301, 3215, 3214, -1,
          3302, 3240, 3300, -1,
          3303, 3213, 3212, -1,
          3303, 3301, 3213, -1,
          3304, 3303, 3212, -1,
          3305, 3240, 3302, -1,
          3306, 3211, 3210, -1,
          3306, 3304, 3212, -1,
          3306, 3212, 3211, -1,
          3307, 3269, 3240, -1,
          3307, 3240, 3305, -1,
          3308, 3306, 3210, -1,
          3308, 3210, 3209, -1,
          3309, 3308, 3209, -1,
          3309, 3208, 3207, -1,
          3309, 3209, 3208, -1,
          3310, 3309, 3207, -1,
          3310, 3207, 3206, -1,
          3311, 3310, 3206, -1,
          3311, 3206, 3205, -1,
          3312, 3275, 3273, -1,
          3312, 3276, 3275, -1,
          3312, 3277, 3276, -1,
          3312, 3270, 3269, -1,
          3312, 3271, 3270, -1,
          3312, 3272, 3271, -1,
          3312, 3273, 3272, -1,
          3312, 3269, 3307, -1,
          3313, 3311, 3205, -1,
          3313, 3205, 3204, -1,
          3278, 3277, 3312, -1,
          3314, 3313, 3204, -1,
          3314, 3204, 3203, -1,
          3315, 3202, 3201, -1,
          3315, 3203, 3202, -1,
          3315, 3314, 3203, -1,
          3316, 3315, 3201, -1,
          3316, 3201, 3200, -1,
          3317, 3316, 3200, -1,
          3317, 3200, 3199, -1,
          3318, 3317, 3199, -1,
          3318, 3199, 3198, -1,
          3319, 3318, 3198, -1,
          3319, 3197, 3196, -1,
          3319, 3198, 3197, -1,
          3320, 3319, 3196, -1,
          3320, 3196, 3195, -1,
          3321, 3320, 3195, -1,
          3194, 3321, 3195, -1,
          3322, 3321, 3194, -1,
          3193, 3322, 3194, -1,
          3193, 3323, 3322, -1,
          3192, 3323, 3193, -1,
          3191, 3323, 3192, -1,
          3190, 3323, 3191, -1,
          3190, 3324, 3323, -1,
          3279, 3175, 3176, -1,
          3189, 3324, 3190, -1,
          3188, 3324, 3189, -1,
          3187, 3325, 3324, -1,
          3187, 3324, 3188, -1,
          3186, 3325, 3187, -1,
          3185, 3326, 3325, -1,
          3185, 3325, 3186, -1,
          3184, 3327, 3326, -1,
          3184, 3326, 3185, -1,
          3183, 3328, 3327, -1,
          3183, 3327, 3184, -1,
          3329, 3279, 3278, -1,
          3329, 3278, 3312, -1,
          3182, 3330, 3328, -1,
          3182, 3331, 3330, -1,
          3182, 3328, 3183, -1,
          3181, 3332, 3331, -1,
          3181, 3331, 3182, -1,
          3180, 3333, 3332, -1,
          3180, 3334, 3333, -1,
          3180, 3332, 3181, -1,
          3179, 3335, 3334, -1,
          3179, 3336, 3335, -1,
          3179, 3334, 3180, -1,
          3178, 3337, 3336, -1,
          3178, 3336, 3179, -1,
          3338, 3337, 3178, -1,
          3177, 3329, 3338, -1,
          3177, 3338, 3178, -1,
          3177, 3175, 3279, -1,
          3177, 3279, 3329, -1,
          3339, 3338, 3329, -1,
          3339, 3329, 3340, -1,
          3338, 3339, 3341, -1,
          3338, 3341, 3337, -1,
          3342, 3343, 3306, -1,
          3342, 3306, 3308, -1,
          3344, 3308, 3309, -1,
          3344, 3342, 3308, -1,
          3345, 3309, 3310, -1,
          3345, 3344, 3309, -1,
          3346, 3310, 3311, -1,
          3346, 3345, 3310, -1,
          3347, 3311, 3313, -1,
          3347, 3346, 3311, -1,
          3348, 3313, 3314, -1,
          3348, 3347, 3313, -1,
          3349, 3314, 3315, -1,
          3349, 3348, 3314, -1,
          3350, 3315, 3316, -1,
          3350, 3349, 3315, -1,
          3351, 3316, 3317, -1,
          3351, 3350, 3316, -1,
          3352, 3317, 3318, -1,
          3352, 3351, 3317, -1,
          3353, 3352, 3318, -1,
          3353, 3318, 3319, -1,
          3354, 3353, 3319, -1,
          3354, 3319, 3320, -1,
          3355, 3354, 3320, -1,
          3355, 3320, 3321, -1,
          3356, 3355, 3321, -1,
          3356, 3321, 3322, -1,
          3357, 3356, 3322, -1,
          3357, 3322, 3323, -1,
          3358, 3357, 3323, -1,
          3358, 3323, 3324, -1,
          3359, 3358, 3324, -1,
          3359, 3324, 3325, -1,
          3360, 3359, 3325, -1,
          3360, 3325, 3326, -1,
          3361, 3360, 3326, -1,
          3361, 3326, 3327, -1,
          3328, 3361, 3327, -1,
          3362, 3361, 3328, -1,
          3363, 3362, 3328, -1,
          3363, 3328, 3330, -1,
          3364, 3363, 3330, -1,
          3364, 3330, 3331, -1,
          3332, 3364, 3331, -1,
          3365, 3364, 3332, -1,
          3366, 3332, 3333, -1,
          3366, 3365, 3332, -1,
          3367, 3333, 3334, -1,
          3367, 3366, 3333, -1,
          3368, 3334, 3335, -1,
          3368, 3367, 3334, -1,
          3369, 3335, 3336, -1,
          3369, 3368, 3335, -1,
          3341, 3336, 3337, -1,
          3341, 3369, 3336, -1,
          3370, 3371, 3312, -1,
          3370, 3312, 3307, -1,
          3372, 3307, 3305, -1,
          3372, 3370, 3307, -1,
          3373, 3305, 3302, -1,
          3373, 3372, 3305, -1,
          3374, 3302, 3300, -1,
          3374, 3373, 3302, -1,
          3375, 3300, 3297, -1,
          3375, 3374, 3300, -1,
          3376, 3297, 3295, -1,
          3376, 3375, 3297, -1,
          3377, 3295, 3293, -1,
          3377, 3376, 3295, -1,
          3378, 3293, 3292, -1,
          3378, 3377, 3293, -1,
          3379, 3292, 3290, -1,
          3379, 3378, 3292, -1,
          3380, 3290, 3288, -1,
          3380, 3379, 3290, -1,
          3381, 3380, 3288, -1,
          3381, 3288, 3286, -1,
          3382, 3381, 3286, -1,
          3382, 3286, 3284, -1,
          3383, 3382, 3284, -1,
          3383, 3284, 3282, -1,
          3384, 3383, 3282, -1,
          3384, 3282, 3280, -1,
          3385, 3384, 3280, -1,
          3385, 3280, 3281, -1,
          3386, 3385, 3281, -1,
          3386, 3281, 3283, -1,
          3387, 3386, 3283, -1,
          3387, 3283, 3285, -1,
          3388, 3387, 3285, -1,
          3388, 3285, 3287, -1,
          3389, 3388, 3287, -1,
          3389, 3287, 3289, -1,
          3390, 3389, 3289, -1,
          3390, 3289, 3291, -1,
          3391, 3390, 3291, -1,
          3391, 3291, 3294, -1,
          3296, 3391, 3294, -1,
          3392, 3391, 3296, -1,
          3393, 3296, 3298, -1,
          3393, 3392, 3296, -1,
          3394, 3298, 3299, -1,
          3394, 3393, 3298, -1,
          3395, 3299, 3301, -1,
          3395, 3394, 3299, -1,
          3396, 3301, 3303, -1,
          3396, 3395, 3301, -1,
          3397, 3303, 3304, -1,
          3397, 3396, 3303, -1,
          3343, 3304, 3306, -1,
          3343, 3397, 3304, -1,
          3340, 3329, 3312, -1,
          3340, 3312, 3371, -1,
          3339, 3340, 3371, -1,
          3384, 3382, 3383, -1,
          3385, 3381, 3382, -1,
          3385, 3382, 3384, -1,
          3386, 3380, 3381, -1,
          3386, 3381, 3385, -1,
          3387, 3378, 3379, -1,
          3387, 3379, 3380, -1,
          3387, 3380, 3386, -1,
          3388, 3377, 3378, -1,
          3388, 3378, 3387, -1,
          3389, 3376, 3377, -1,
          3389, 3377, 3388, -1,
          3390, 3376, 3389, -1,
          3391, 3375, 3376, -1,
          3391, 3376, 3390, -1,
          3392, 3375, 3391, -1,
          3393, 3374, 3375, -1,
          3393, 3375, 3392, -1,
          3341, 3371, 3370, -1,
          3341, 3339, 3371, -1,
          3369, 3370, 3372, -1,
          3369, 3341, 3370, -1,
          3396, 3374, 3393, -1,
          3396, 3393, 3394, -1,
          3396, 3394, 3395, -1,
          3397, 3374, 3396, -1,
          3368, 3369, 3372, -1,
          3367, 3372, 3373, -1,
          3367, 3368, 3372, -1,
          3366, 3373, 3374, -1,
          3366, 3367, 3373, -1,
          3365, 3374, 3397, -1,
          3365, 3397, 3343, -1,
          3365, 3366, 3374, -1,
          3365, 3343, 3342, -1,
          3364, 3365, 3342, -1,
          3346, 3344, 3345, -1,
          3363, 3342, 3344, -1,
          3363, 3346, 3347, -1,
          3363, 3364, 3342, -1,
          3363, 3344, 3346, -1,
          3362, 3363, 3347, -1,
          3350, 3347, 3348, -1,
          3350, 3348, 3349, -1,
          3350, 3362, 3347, -1,
          3351, 3362, 3350, -1,
          3352, 3362, 3351, -1,
          3353, 3362, 3352, -1,
          3354, 3361, 3362, -1,
          3354, 3362, 3353, -1,
          3355, 3360, 3361, -1,
          3355, 3361, 3354, -1,
          3357, 3358, 3359, -1,
          3356, 3359, 3360, -1,
          3356, 3360, 3355, -1,
          3356, 3357, 3359, -1,
          3398, 1588, 1679, -1,
          3398, 1679, 3399, -1,
          3400, 1718, 1588, -1,
          3400, 1588, 3398, -1,
          1718, 3400, 3401, -1,
          1718, 3401, 1755, -1,
          1755, 3401, 3402, -1,
          1755, 3402, 1756, -1,
          1756, 3402, 3403, -1,
          1756, 3403, 1689, -1,
          1689, 3403, 3399, -1,
          1689, 3399, 1679, -1,
          3403, 3402, 3399, -1,
          3402, 3398, 3399, -1,
          3401, 3400, 3402, -1,
          3402, 3400, 3398, -1,
          3404, 1681, 1712, -1,
          3404, 1712, 3405, -1,
          3404, 2408, 1681, -1,
          3404, 3406, 2408, -1,
          2408, 3406, 3407, -1,
          2408, 3407, 2410, -1,
          3407, 1781, 2410, -1,
          3407, 3408, 1781, -1,
          3409, 1761, 1781, -1,
          3409, 1781, 3408, -1,
          3409, 1786, 1761, -1,
          3409, 3410, 1786, -1,
          3411, 1775, 1786, -1,
          3411, 1786, 3410, -1,
          3411, 1712, 1775, -1,
          3411, 3405, 1712, -1,
          3408, 3410, 3409, -1,
          3408, 3412, 3410, -1,
          3405, 3411, 3404, -1,
          3410, 3413, 3411, -1,
          3412, 3413, 3410, -1,
          3411, 3413, 3404, -1,
          3412, 3407, 3414, -1,
          3414, 3407, 3415, -1,
          3408, 3407, 3412, -1,
          3415, 3406, 3416, -1,
          3416, 3406, 3417, -1,
          3417, 3406, 3418, -1,
          3418, 3406, 3419, -1,
          3419, 3406, 3420, -1,
          3420, 3406, 3421, -1,
          3421, 3406, 3422, -1,
          3422, 3406, 3413, -1,
          3407, 3406, 3415, -1,
          3413, 3406, 3404, -1,
          3422, 3423, 3424, -1,
          3422, 3413, 3423, -1,
          3425, 3426, 3415, -1,
          3425, 3415, 3416, -1,
          3427, 3417, 3418, -1,
          3427, 3428, 3417, -1,
          3429, 3418, 3419, -1,
          3429, 3427, 3418, -1,
          3430, 3419, 3420, -1,
          3430, 3429, 3419, -1,
          3431, 3420, 3421, -1,
          3431, 3430, 3420, -1,
          3424, 3421, 3422, -1,
          3424, 3431, 3421, -1,
          3432, 3428, 3425, -1,
          3432, 3416, 3417, -1,
          3432, 3425, 3416, -1,
          3432, 3417, 3428, -1,
          3433, 3426, 3434, -1,
          3433, 3434, 3414, -1,
          3433, 3414, 3415, -1,
          3433, 3415, 3426, -1,
          3412, 3434, 3435, -1,
          3412, 3414, 3434, -1,
          3423, 3413, 3412, -1,
          3423, 3412, 3435, -1,
          3434, 3429, 3430, -1,
          3434, 3430, 3431, -1,
          3434, 3431, 3424, -1,
          3434, 3424, 3423, -1,
          3434, 3423, 3435, -1,
          3427, 3429, 3434, -1,
          3428, 3427, 3434, -1,
          3425, 3428, 3434, -1,
          3426, 3425, 3434, -1,
          3436, 1787, 1824, -1,
          3436, 1824, 3437, -1,
          3438, 2414, 1787, -1,
          3438, 1787, 3436, -1,
          2414, 3438, 3439, -1,
          2414, 3439, 2420, -1,
          2423, 2420, 3439, -1,
          2423, 3439, 3440, -1,
          2426, 3440, 3441, -1,
          2426, 2423, 3440, -1,
          2314, 3441, 3442, -1,
          2314, 2426, 3441, -1,
          2311, 3442, 3443, -1,
          2311, 2314, 3442, -1,
          2303, 3443, 3444, -1,
          2303, 2311, 3443, -1,
          2300, 3444, 3445, -1,
          2300, 2303, 3444, -1,
          2295, 3445, 3446, -1,
          2295, 2300, 3445, -1,
          2292, 3446, 3447, -1,
          2292, 2295, 3446, -1,
          2286, 2292, 3447, -1,
          2286, 3447, 3448, -1,
          2281, 2286, 3448, -1,
          2281, 3448, 3449, -1,
          2276, 2281, 3449, -1,
          2276, 3449, 3450, -1,
          2273, 2276, 3450, -1,
          2273, 3450, 3451, -1,
          2268, 2273, 3451, -1,
          2268, 3451, 3452, -1,
          2263, 2268, 3452, -1,
          2263, 3452, 3453, -1,
          2258, 2263, 3453, -1,
          2258, 3453, 3454, -1,
          2255, 2258, 3454, -1,
          2255, 3454, 3455, -1,
          2247, 2255, 3455, -1,
          2247, 3455, 3456, -1,
          2242, 2247, 3456, -1,
          2242, 3456, 3457, -1,
          2237, 2242, 3457, -1,
          2237, 3457, 3458, -1,
          2226, 2237, 3458, -1,
          2226, 3458, 3459, -1,
          2204, 2226, 3459, -1,
          2204, 3459, 3460, -1,
          2185, 3460, 3461, -1,
          2185, 2204, 3460, -1,
          2175, 3461, 3462, -1,
          2175, 2185, 3461, -1,
          2152, 3462, 3463, -1,
          2152, 2175, 3462, -1,
          2135, 3463, 3464, -1,
          2135, 2152, 3463, -1,
          2123, 3464, 3465, -1,
          2123, 2135, 3464, -1,
          2119, 3465, 3466, -1,
          2119, 2123, 3465, -1,
          2114, 3466, 3467, -1,
          2114, 2119, 3466, -1,
          2110, 3467, 3468, -1,
          2110, 2114, 3467, -1,
          2105, 3468, 3469, -1,
          2105, 2110, 3468, -1,
          2102, 3469, 3470, -1,
          2102, 2105, 3469, -1,
          2066, 3470, 3471, -1,
          2066, 2102, 3470, -1,
          2062, 2066, 3471, -1,
          2062, 3471, 3472, -1,
          2057, 3472, 3473, -1,
          2057, 2062, 3472, -1,
          2055, 3473, 3474, -1,
          2055, 2057, 3473, -1,
          2051, 3474, 3475, -1,
          2051, 2055, 3474, -1,
          2048, 3475, 3476, -1,
          2048, 2051, 3475, -1,
          2044, 3476, 3477, -1,
          2044, 2048, 3476, -1,
          2041, 3477, 3478, -1,
          2041, 2044, 3477, -1,
          2039, 3478, 3479, -1,
          2039, 2041, 3478, -1,
          2037, 3479, 3480, -1,
          2037, 2039, 3479, -1,
          2002, 3480, 3481, -1,
          2002, 2037, 3480, -1,
          1998, 3481, 3482, -1,
          1998, 2002, 3481, -1,
          1994, 3482, 3483, -1,
          1994, 1998, 3482, -1,
          1990, 1994, 3483, -1,
          1990, 3483, 3484, -1,
          1955, 1990, 3484, -1,
          1955, 3484, 3485, -1,
          1952, 1955, 3485, -1,
          1952, 3485, 3486, -1,
          3487, 1952, 3486, -1,
          1937, 1952, 3487, -1,
          1932, 1937, 3487, -1,
          1932, 3487, 3488, -1,
          1926, 1932, 3488, -1,
          1926, 3488, 3489, -1,
          1918, 1926, 3489, -1,
          1918, 3489, 3490, -1,
          1913, 1918, 3490, -1,
          1913, 3490, 3491, -1,
          1907, 1913, 3491, -1,
          1907, 3491, 3492, -1,
          1897, 1907, 3492, -1,
          1897, 3492, 3493, -1,
          1898, 1897, 3493, -1,
          1898, 3493, 3494, -1,
          1899, 1898, 3494, -1,
          1899, 3494, 3495, -1,
          1908, 3495, 3496, -1,
          1908, 1899, 3495, -1,
          1919, 3496, 3497, -1,
          1919, 1908, 3496, -1,
          1927, 3497, 3498, -1,
          1927, 1919, 3497, -1,
          1933, 3498, 3499, -1,
          1933, 1927, 3498, -1,
          1938, 3499, 3500, -1,
          1938, 1933, 3499, -1,
          1953, 3500, 3501, -1,
          1953, 1938, 3500, -1,
          1956, 3501, 3502, -1,
          1956, 1953, 3501, -1,
          1991, 3502, 3503, -1,
          1991, 1956, 3502, -1,
          1995, 3503, 3504, -1,
          1995, 1991, 3503, -1,
          1999, 3504, 3505, -1,
          1999, 1995, 3504, -1,
          2031, 1999, 3505, -1,
          2031, 3505, 3506, -1,
          2027, 2031, 3506, -1,
          2027, 3506, 3507, -1,
          1944, 2027, 3507, -1,
          1944, 3507, 3508, -1,
          3509, 1944, 3508, -1,
          1945, 1944, 3509, -1,
          1946, 1945, 3509, -1,
          1946, 3509, 3510, -1,
          1947, 1946, 3510, -1,
          1947, 3510, 3511, -1,
          1948, 1947, 3511, -1,
          1948, 3511, 3512, -1,
          1949, 1948, 3512, -1,
          1949, 3512, 3513, -1,
          1950, 1949, 3513, -1,
          1950, 3513, 3514, -1,
          1951, 1950, 3514, -1,
          1951, 3514, 3515, -1,
          1941, 1951, 3515, -1,
          1941, 3515, 3516, -1,
          1936, 1941, 3516, -1,
          1936, 3516, 3517, -1,
          1930, 3517, 3518, -1,
          1930, 1936, 3517, -1,
          1925, 3518, 3519, -1,
          1925, 1930, 3518, -1,
          1921, 1925, 3519, -1,
          1921, 3519, 3520, -1,
          1915, 3520, 3521, -1,
          1915, 1921, 3520, -1,
          1910, 3521, 3522, -1,
          1910, 1915, 3521, -1,
          1905, 3522, 3523, -1,
          1905, 1910, 3522, -1,
          1902, 3523, 3524, -1,
          1902, 1905, 3523, -1,
          1895, 3524, 3525, -1,
          1895, 1902, 3524, -1,
          1896, 3525, 3526, -1,
          1896, 1895, 3525, -1,
          1891, 1896, 3526, -1,
          1891, 3526, 3527, -1,
          1887, 1891, 3527, -1,
          1887, 3527, 3528, -1,
          1884, 1887, 3528, -1,
          1884, 3528, 3529, -1,
          1881, 1884, 3529, -1,
          1881, 3529, 3530, -1,
          1878, 1881, 3530, -1,
          1878, 3530, 3531, -1,
          1875, 1878, 3531, -1,
          1875, 3531, 3532, -1,
          1871, 1875, 3532, -1,
          1871, 3532, 3533, -1,
          1866, 1871, 3533, -1,
          1866, 3533, 3534, -1,
          1867, 1866, 3534, -1,
          1867, 3534, 3535, -1,
          1869, 1867, 3535, -1,
          1869, 3535, 3536, -1,
          1873, 1869, 3536, -1,
          1873, 3536, 3537, -1,
          1859, 1873, 3537, -1,
          1859, 3537, 3538, -1,
          1858, 1859, 3538, -1,
          1858, 3538, 3539, -1,
          1857, 1858, 3539, -1,
          1857, 3539, 3540, -1,
          1856, 3540, 3541, -1,
          1856, 1857, 3540, -1,
          3542, 1856, 3541, -1,
          1855, 1856, 3542, -1,
          1853, 3542, 3543, -1,
          1853, 1855, 3542, -1,
          1852, 3543, 3544, -1,
          1852, 1853, 3543, -1,
          1851, 3544, 3545, -1,
          1851, 1852, 3544, -1,
          1850, 3545, 3546, -1,
          1850, 1851, 3545, -1,
          1848, 3546, 3547, -1,
          1848, 1850, 3546, -1,
          1844, 3547, 3548, -1,
          1844, 1848, 3547, -1,
          1840, 3548, 3549, -1,
          1840, 1844, 3548, -1,
          1835, 3549, 3550, -1,
          1835, 1840, 3549, -1,
          1830, 3550, 3551, -1,
          1830, 1835, 3550, -1,
          3437, 1830, 3551, -1,
          1824, 1830, 3437, -1,
          3552, 3538, 3537, -1,
          3552, 3539, 3538, -1,
          3553, 3536, 3535, -1,
          3553, 3537, 3536, -1,
          3553, 3552, 3537, -1,
          3554, 3540, 3539, -1,
          3554, 3541, 3540, -1,
          3554, 3539, 3552, -1,
          3555, 3534, 3533, -1,
          3555, 3535, 3534, -1,
          3555, 3553, 3535, -1,
          3556, 3542, 3541, -1,
          3556, 3541, 3554, -1,
          3557, 3533, 3532, -1,
          3557, 3555, 3533, -1,
          3558, 3542, 3556, -1,
          3558, 3543, 3542, -1,
          3559, 3557, 3532, -1,
          3559, 3532, 3531, -1,
          3560, 3543, 3558, -1,
          3561, 3531, 3530, -1,
          3561, 3559, 3531, -1,
          3562, 3543, 3560, -1,
          3562, 3544, 3543, -1,
          3563, 3530, 3529, -1,
          3563, 3561, 3530, -1,
          3564, 3545, 3544, -1,
          3564, 3544, 3562, -1,
          3565, 3529, 3528, -1,
          3565, 3563, 3529, -1,
          3566, 3546, 3545, -1,
          3566, 3545, 3564, -1,
          3567, 3527, 3526, -1,
          3567, 3528, 3527, -1,
          3567, 3565, 3528, -1,
          3568, 3547, 3546, -1,
          3568, 3546, 3566, -1,
          3569, 3526, 3525, -1,
          3569, 3567, 3526, -1,
          3570, 3548, 3547, -1,
          3570, 3547, 3568, -1,
          3571, 3525, 3524, -1,
          3571, 3569, 3525, -1,
          3572, 3523, 3522, -1,
          3572, 3524, 3523, -1,
          3572, 3571, 3524, -1,
          3573, 3549, 3548, -1,
          3573, 3548, 3570, -1,
          3574, 3522, 3521, -1,
          3574, 3572, 3522, -1,
          3575, 3521, 3520, -1,
          3575, 3574, 3521, -1,
          3576, 3549, 3573, -1,
          3577, 3550, 3549, -1,
          3577, 3549, 3576, -1,
          3578, 3520, 3519, -1,
          3578, 3519, 3518, -1,
          3578, 3575, 3520, -1,
          3579, 3551, 3550, -1,
          3579, 3550, 3577, -1,
          3580, 3516, 3515, -1,
          3580, 3517, 3516, -1,
          3580, 3518, 3517, -1,
          3580, 3578, 3518, -1,
          3581, 3515, 3514, -1,
          3581, 3580, 3515, -1,
          3582, 3581, 3514, -1,
          3582, 3513, 3512, -1,
          3582, 3514, 3513, -1,
          3583, 3437, 3551, -1,
          3583, 3551, 3579, -1,
          3584, 3512, 3511, -1,
          3584, 3582, 3512, -1,
          3585, 3584, 3511, -1,
          3585, 3510, 3509, -1,
          3585, 3511, 3510, -1,
          3586, 3509, 3508, -1,
          3586, 3585, 3509, -1,
          3587, 3508, 3507, -1,
          3587, 3586, 3508, -1,
          3588, 3506, 3505, -1,
          3588, 3507, 3506, -1,
          3588, 3587, 3507, -1,
          3589, 3588, 3505, -1,
          3589, 3505, 3504, -1,
          3590, 3504, 3503, -1,
          3590, 3589, 3504, -1,
          3591, 3590, 3503, -1,
          3591, 3503, 3502, -1,
          3501, 3591, 3502, -1,
          3592, 3591, 3501, -1,
          3500, 3592, 3501, -1,
          3500, 3593, 3592, -1,
          3499, 3593, 3500, -1,
          3499, 3594, 3593, -1,
          3498, 3595, 3594, -1,
          3498, 3594, 3499, -1,
          3497, 3595, 3498, -1,
          3497, 3596, 3595, -1,
          3496, 3597, 3596, -1,
          3496, 3596, 3497, -1,
          3495, 3598, 3597, -1,
          3495, 3599, 3598, -1,
          3495, 3597, 3496, -1,
          3494, 3600, 3599, -1,
          3494, 3601, 3600, -1,
          3494, 3602, 3601, -1,
          3494, 3603, 3602, -1,
          3494, 3599, 3495, -1,
          3604, 3603, 3494, -1,
          3605, 3437, 3583, -1,
          3606, 3604, 3494, -1,
          3436, 3437, 3605, -1,
          3607, 3492, 3491, -1,
          3608, 3607, 3491, -1,
          3608, 3490, 3489, -1,
          3608, 3491, 3490, -1,
          3609, 3492, 3607, -1,
          3609, 3493, 3492, -1,
          3609, 3494, 3493, -1,
          3610, 3608, 3489, -1,
          3610, 3489, 3488, -1,
          3611, 3494, 3609, -1,
          3612, 3610, 3488, -1,
          3612, 3488, 3487, -1,
          3613, 3612, 3487, -1,
          3613, 3487, 3486, -1,
          3614, 3494, 3611, -1,
          3615, 3613, 3486, -1,
          3615, 3485, 3484, -1,
          3615, 3486, 3485, -1,
          3616, 3494, 3614, -1,
          3617, 3494, 3616, -1,
          3618, 3615, 3484, -1,
          3618, 3483, 3482, -1,
          3618, 3484, 3483, -1,
          3619, 3618, 3482, -1,
          3619, 3482, 3481, -1,
          3620, 3606, 3494, -1,
          3620, 3494, 3617, -1,
          3621, 3619, 3481, -1,
          3621, 3480, 3479, -1,
          3621, 3481, 3480, -1,
          3622, 3606, 3620, -1,
          3623, 3621, 3479, -1,
          3623, 3479, 3478, -1,
          3624, 3625, 3606, -1,
          3624, 3606, 3622, -1,
          3626, 3478, 3477, -1,
          3626, 3623, 3478, -1,
          3627, 3625, 3624, -1,
          3628, 3629, 3625, -1,
          3628, 3625, 3627, -1,
          3630, 3475, 3474, -1,
          3630, 3476, 3475, -1,
          3630, 3477, 3476, -1,
          3630, 3626, 3477, -1,
          3631, 3472, 3471, -1,
          3631, 3473, 3472, -1,
          3631, 3474, 3473, -1,
          3631, 3630, 3474, -1,
          3632, 3633, 3629, -1,
          3632, 3629, 3628, -1,
          3634, 3633, 3632, -1,
          3635, 3471, 3470, -1,
          3635, 3631, 3471, -1,
          3636, 3637, 3633, -1,
          3636, 3638, 3637, -1,
          3636, 3633, 3634, -1,
          3639, 3469, 3468, -1,
          3639, 3470, 3469, -1,
          3639, 3635, 3470, -1,
          3640, 3467, 3466, -1,
          3640, 3468, 3467, -1,
          3640, 3639, 3468, -1,
          3641, 3466, 3465, -1,
          3641, 3640, 3466, -1,
          3642, 3465, 3464, -1,
          3642, 3641, 3465, -1,
          3643, 3638, 3636, -1,
          3644, 3463, 3462, -1,
          3644, 3464, 3463, -1,
          3644, 3642, 3464, -1,
          3645, 3462, 3461, -1,
          3645, 3644, 3462, -1,
          3646, 3645, 3461, -1,
          3646, 3461, 3460, -1,
          3647, 3460, 3459, -1,
          3647, 3646, 3460, -1,
          3648, 3459, 3458, -1,
          3648, 3647, 3459, -1,
          3649, 3458, 3457, -1,
          3649, 3648, 3458, -1,
          3649, 3457, 3456, -1,
          3650, 3649, 3456, -1,
          3455, 3650, 3456, -1,
          3651, 3650, 3455, -1,
          3652, 3436, 3605, -1,
          3652, 3638, 3643, -1,
          3454, 3651, 3455, -1,
          3453, 3651, 3454, -1,
          3453, 3653, 3651, -1,
          3452, 3653, 3453, -1,
          3452, 3654, 3653, -1,
          3451, 3654, 3452, -1,
          3451, 3655, 3654, -1,
          3450, 3655, 3451, -1,
          3450, 3656, 3655, -1,
          3449, 3656, 3450, -1,
          3449, 3657, 3656, -1,
          3448, 3657, 3449, -1,
          3448, 3658, 3657, -1,
          3659, 3652, 3643, -1,
          3447, 3658, 3448, -1,
          3447, 3660, 3658, -1,
          3446, 3660, 3447, -1,
          3446, 3661, 3660, -1,
          3445, 3661, 3446, -1,
          3445, 3662, 3661, -1,
          3444, 3662, 3445, -1,
          3443, 3662, 3444, -1,
          3443, 3663, 3662, -1,
          3442, 3664, 3663, -1,
          3442, 3663, 3443, -1,
          3441, 3665, 3664, -1,
          3441, 3664, 3442, -1,
          3440, 3666, 3665, -1,
          3440, 3665, 3441, -1,
          3439, 3667, 3666, -1,
          3439, 3668, 3667, -1,
          3439, 3666, 3440, -1,
          3669, 3668, 3439, -1,
          3438, 3659, 3669, -1,
          3438, 3669, 3439, -1,
          3438, 3436, 3652, -1,
          3438, 3652, 3659, -1,
          3670, 3669, 3659, -1,
          3670, 3659, 3671, -1,
          3669, 3670, 3672, -1,
          3669, 3672, 3668, -1,
          3673, 3674, 3631, -1,
          3673, 3631, 3635, -1,
          3675, 3639, 3640, -1,
          3675, 3676, 3639, -1,
          3677, 3640, 3641, -1,
          3677, 3675, 3640, -1,
          3678, 3641, 3642, -1,
          3678, 3677, 3641, -1,
          3679, 3642, 3644, -1,
          3679, 3678, 3642, -1,
          3680, 3644, 3645, -1,
          3680, 3679, 3644, -1,
          3681, 3645, 3646, -1,
          3681, 3680, 3645, -1,
          3682, 3646, 3647, -1,
          3682, 3681, 3646, -1,
          3683, 3647, 3648, -1,
          3683, 3682, 3647, -1,
          3684, 3683, 3648, -1,
          3684, 3648, 3649, -1,
          3685, 3684, 3649, -1,
          3685, 3649, 3650, -1,
          3686, 3685, 3650, -1,
          3686, 3650, 3651, -1,
          3687, 3686, 3651, -1,
          3687, 3651, 3653, -1,
          3688, 3687, 3653, -1,
          3688, 3653, 3654, -1,
          3689, 3688, 3654, -1,
          3689, 3654, 3655, -1,
          3690, 3689, 3655, -1,
          3690, 3655, 3656, -1,
          3691, 3690, 3656, -1,
          3691, 3656, 3657, -1,
          3692, 3691, 3657, -1,
          3692, 3657, 3658, -1,
          3693, 3692, 3658, -1,
          3693, 3658, 3660, -1,
          3694, 3693, 3660, -1,
          3694, 3660, 3661, -1,
          3695, 3694, 3661, -1,
          3695, 3661, 3662, -1,
          3696, 3662, 3663, -1,
          3696, 3695, 3662, -1,
          3697, 3663, 3664, -1,
          3697, 3696, 3663, -1,
          3698, 3664, 3665, -1,
          3698, 3697, 3664, -1,
          3699, 3665, 3666, -1,
          3699, 3698, 3665, -1,
          3700, 3666, 3667, -1,
          3700, 3699, 3666, -1,
          3672, 3667, 3668, -1,
          3672, 3700, 3667, -1,
          3701, 3676, 3673, -1,
          3701, 3635, 3639, -1,
          3701, 3673, 3635, -1,
          3701, 3639, 3676, -1,
          3702, 3703, 3620, -1,
          3702, 3620, 3617, -1,
          3704, 3617, 3616, -1,
          3704, 3702, 3617, -1,
          3705, 3616, 3614, -1,
          3705, 3704, 3616, -1,
          3706, 3614, 3611, -1,
          3706, 3705, 3614, -1,
          3707, 3611, 3609, -1,
          3707, 3706, 3611, -1,
          3708, 3609, 3607, -1,
          3708, 3707, 3609, -1,
          3709, 3607, 3608, -1,
          3709, 3708, 3607, -1,
          3710, 3608, 3610, -1,
          3710, 3709, 3608, -1,
          3711, 3610, 3612, -1,
          3711, 3710, 3610, -1,
          3712, 3612, 3613, -1,
          3712, 3711, 3612, -1,
          3713, 3613, 3615, -1,
          3713, 3712, 3613, -1,
          3714, 3615, 3618, -1,
          3714, 3713, 3615, -1,
          3715, 3618, 3619, -1,
          3715, 3714, 3618, -1,
          3716, 3619, 3621, -1,
          3716, 3715, 3619, -1,
          3717, 3621, 3623, -1,
          3717, 3716, 3621, -1,
          3718, 3717, 3623, -1,
          3718, 3623, 3626, -1,
          3719, 3718, 3626, -1,
          3719, 3626, 3630, -1,
          3674, 3719, 3630, -1,
          3674, 3630, 3631, -1,
          3720, 3636, 3634, -1,
          3720, 3721, 3636, -1,
          3722, 3634, 3632, -1,
          3722, 3720, 3634, -1,
          3723, 3632, 3628, -1,
          3723, 3722, 3632, -1,
          3724, 3628, 3627, -1,
          3724, 3723, 3628, -1,
          3725, 3627, 3624, -1,
          3725, 3724, 3627, -1,
          3726, 3624, 3622, -1,
          3726, 3725, 3624, -1,
          3703, 3622, 3620, -1,
          3703, 3726, 3622, -1,
          3727, 3721, 3728, -1,
          3727, 3728, 3643, -1,
          3727, 3643, 3636, -1,
          3727, 3636, 3721, -1,
          3671, 3659, 3643, -1,
          3671, 3643, 3728, -1,
          3729, 3652, 3605, -1,
          3729, 3605, 3730, -1,
          3652, 3729, 3731, -1,
          3652, 3731, 3638, -1,
          3732, 3733, 3578, -1,
          3732, 3578, 3580, -1,
          3734, 3580, 3581, -1,
          3734, 3732, 3580, -1,
          3735, 3581, 3582, -1,
          3735, 3734, 3581, -1,
          3736, 3582, 3584, -1,
          3736, 3735, 3582, -1,
          3737, 3584, 3585, -1,
          3737, 3736, 3584, -1,
          3738, 3585, 3586, -1,
          3738, 3737, 3585, -1,
          3739, 3586, 3587, -1,
          3739, 3738, 3586, -1,
          3740, 3587, 3588, -1,
          3740, 3739, 3587, -1,
          3741, 3588, 3589, -1,
          3741, 3740, 3588, -1,
          3742, 3741, 3589, -1,
          3742, 3589, 3590, -1,
          3743, 3742, 3590, -1,
          3743, 3590, 3591, -1,
          3744, 3743, 3591, -1,
          3744, 3591, 3592, -1,
          3745, 3744, 3592, -1,
          3745, 3592, 3593, -1,
          3746, 3745, 3593, -1,
          3746, 3593, 3594, -1,
          3747, 3746, 3594, -1,
          3747, 3594, 3595, -1,
          3748, 3747, 3595, -1,
          3748, 3595, 3596, -1,
          3749, 3748, 3596, -1,
          3749, 3596, 3597, -1,
          3750, 3749, 3597, -1,
          3750, 3597, 3598, -1,
          3751, 3750, 3598, -1,
          3751, 3598, 3599, -1,
          3752, 3751, 3599, -1,
          3752, 3599, 3600, -1,
          3753, 3752, 3600, -1,
          3753, 3600, 3601, -1,
          3754, 3753, 3601, -1,
          3754, 3601, 3602, -1,
          3755, 3602, 3603, -1,
          3755, 3754, 3602, -1,
          3756, 3603, 3604, -1,
          3756, 3755, 3603, -1,
          3757, 3604, 3606, -1,
          3757, 3756, 3604, -1,
          3758, 3606, 3625, -1,
          3758, 3757, 3606, -1,
          3759, 3625, 3629, -1,
          3759, 3758, 3625, -1,
          3760, 3629, 3633, -1,
          3760, 3759, 3629, -1,
          3761, 3633, 3637, -1,
          3761, 3760, 3633, -1,
          3731, 3637, 3638, -1,
          3731, 3761, 3637, -1,
          3762, 3763, 3573, -1,
          3762, 3573, 3570, -1,
          3764, 3568, 3566, -1,
          3764, 3765, 3568, -1,
          3766, 3566, 3564, -1,
          3766, 3764, 3566, -1,
          3767, 3564, 3562, -1,
          3767, 3766, 3564, -1,
          3768, 3562, 3560, -1,
          3768, 3767, 3562, -1,
          3769, 3560, 3558, -1,
          3769, 3768, 3560, -1,
          3770, 3558, 3556, -1,
          3770, 3769, 3558, -1,
          3771, 3556, 3554, -1,
          3771, 3770, 3556, -1,
          3772, 3554, 3552, -1,
          3772, 3771, 3554, -1,
          3773, 3552, 3553, -1,
          3773, 3772, 3552, -1,
          3774, 3553, 3555, -1,
          3774, 3773, 3553, -1,
          3775, 3555, 3557, -1,
          3775, 3774, 3555, -1,
          3776, 3775, 3557, -1,
          3776, 3557, 3559, -1,
          3777, 3776, 3559, -1,
          3777, 3559, 3561, -1,
          3778, 3777, 3561, -1,
          3778, 3561, 3563, -1,
          3779, 3778, 3563, -1,
          3779, 3563, 3565, -1,
          3780, 3779, 3565, -1,
          3780, 3565, 3567, -1,
          3781, 3780, 3567, -1,
          3781, 3567, 3569, -1,
          3782, 3781, 3569, -1,
          3782, 3569, 3571, -1,
          3783, 3782, 3571, -1,
          3783, 3571, 3572, -1,
          3574, 3783, 3572, -1,
          3784, 3783, 3574, -1,
          3785, 3784, 3574, -1,
          3785, 3574, 3575, -1,
          3733, 3785, 3575, -1,
          3733, 3575, 3578, -1,
          3786, 3765, 3762, -1,
          3786, 3570, 3568, -1,
          3786, 3762, 3570, -1,
          3786, 3568, 3765, -1,
          3787, 3788, 3583, -1,
          3787, 3583, 3579, -1,
          3789, 3579, 3577, -1,
          3789, 3787, 3579, -1,
          3790, 3577, 3576, -1,
          3790, 3789, 3577, -1,
          3763, 3576, 3573, -1,
          3763, 3790, 3576, -1,
          3730, 3605, 3583, -1,
          3730, 3583, 3788, -1,
          3711, 3708, 3709, -1,
          3711, 3709, 3710, -1,
          3712, 3707, 3708, -1,
          3712, 3708, 3711, -1,
          3713, 3706, 3707, -1,
          3713, 3707, 3712, -1,
          3672, 3670, 3671, -1,
          3672, 3671, 3728, -1,
          3714, 3702, 3704, -1,
          3714, 3704, 3705, -1,
          3714, 3705, 3706, -1,
          3714, 3706, 3713, -1,
          3715, 3702, 3714, -1,
          3716, 3702, 3715, -1,
          3700, 3728, 3721, -1,
          3700, 3672, 3728, -1,
          3717, 3702, 3716, -1,
          3718, 3703, 3702, -1,
          3718, 3702, 3717, -1,
          3699, 3700, 3721, -1,
          3719, 3724, 3725, -1,
          3719, 3725, 3726, -1,
          3719, 3726, 3703, -1,
          3719, 3703, 3718, -1,
          3698, 3721, 3720, -1,
          3698, 3720, 3722, -1,
          3698, 3699, 3721, -1,
          3674, 3723, 3724, -1,
          3674, 3724, 3719, -1,
          3697, 3722, 3723, -1,
          3697, 3698, 3722, -1,
          3697, 3723, 3674, -1,
          3697, 3674, 3673, -1,
          3696, 3697, 3673, -1,
          3696, 3673, 3676, -1,
          3675, 3696, 3676, -1,
          3677, 3696, 3675, -1,
          3678, 3696, 3677, -1,
          3679, 3696, 3678, -1,
          3680, 3696, 3679, -1,
          3680, 3695, 3696, -1,
          3681, 3695, 3680, -1,
          3682, 3695, 3681, -1,
          3682, 3694, 3695, -1,
          3683, 3693, 3694, -1,
          3683, 3694, 3682, -1,
          3684, 3693, 3683, -1,
          3684, 3692, 3693, -1,
          3685, 3691, 3692, -1,
          3685, 3692, 3684, -1,
          3686, 3690, 3691, -1,
          3686, 3691, 3685, -1,
          3687, 3688, 3689, -1,
          3687, 3689, 3690, -1,
          3687, 3690, 3686, -1,
          3773, 3769, 3770, -1,
          3773, 3770, 3771, -1,
          3773, 3771, 3772, -1,
          3774, 3766, 3767, -1,
          3774, 3767, 3768, -1,
          3774, 3768, 3769, -1,
          3774, 3769, 3773, -1,
          3775, 3766, 3774, -1,
          3776, 3764, 3766, -1,
          3776, 3766, 3775, -1,
          3777, 3764, 3776, -1,
          3778, 3764, 3777, -1,
          3779, 3764, 3778, -1,
          3780, 3764, 3779, -1,
          3780, 3765, 3764, -1,
          3731, 3729, 3730, -1,
          3731, 3730, 3788, -1,
          3781, 3765, 3780, -1,
          3761, 3731, 3788, -1,
          3783, 3765, 3781, -1,
          3783, 3781, 3782, -1,
          3760, 3788, 3787, -1,
          3760, 3761, 3788, -1,
          3784, 3762, 3765, -1,
          3784, 3765, 3783, -1,
          3785, 3763, 3762, -1,
          3785, 3762, 3784, -1,
          3759, 3787, 3789, -1,
          3759, 3760, 3787, -1,
          3733, 3790, 3763, -1,
          3733, 3763, 3785, -1,
          3758, 3789, 3790, -1,
          3758, 3759, 3789, -1,
          3757, 3758, 3790, -1,
          3757, 3790, 3733, -1,
          3757, 3733, 3732, -1,
          3756, 3732, 3734, -1,
          3756, 3757, 3732, -1,
          3755, 3734, 3735, -1,
          3755, 3735, 3736, -1,
          3755, 3756, 3734, -1,
          3737, 3755, 3736, -1,
          3738, 3755, 3737, -1,
          3754, 3755, 3738, -1,
          3739, 3754, 3738, -1,
          3740, 3754, 3739, -1,
          3741, 3754, 3740, -1,
          3742, 3753, 3754, -1,
          3742, 3754, 3741, -1,
          3743, 3751, 3752, -1,
          3743, 3752, 3753, -1,
          3743, 3753, 3742, -1,
          3744, 3750, 3751, -1,
          3744, 3751, 3743, -1,
          3745, 3749, 3750, -1,
          3745, 3750, 3744, -1,
          3747, 3748, 3749, -1,
          3746, 3749, 3745, -1,
          3746, 3747, 3749, -1,
          1992, 1996, 3791, -1,
          1992, 3791, 3792, -1,
          1939, 3793, 3794, -1,
          1939, 1957, 3793, -1,
          1931, 3794, 3795, -1,
          1931, 1939, 3794, -1,
          1923, 3795, 3796, -1,
          1923, 1931, 3795, -1,
          1916, 1923, 3796, -1,
          1916, 3796, 3797, -1,
          1912, 1916, 3797, -1,
          1912, 3797, 3798, -1,
          1906, 1912, 3798, -1,
          1906, 3798, 3799, -1,
          1900, 1906, 3799, -1,
          1900, 3799, 3800, -1,
          1893, 1900, 3800, -1,
          1893, 3800, 3801, -1,
          1892, 1893, 3801, -1,
          1892, 3801, 3802, -1,
          1888, 1892, 3802, -1,
          1888, 3802, 3803, -1,
          1885, 1888, 3803, -1,
          1885, 3803, 3804, -1,
          1882, 1885, 3804, -1,
          1882, 3804, 3805, -1,
          1879, 1882, 3805, -1,
          1879, 3805, 3806, -1,
          1876, 1879, 3806, -1,
          1876, 3806, 3807, -1,
          1872, 1876, 3807, -1,
          1872, 3807, 3808, -1,
          1868, 1872, 3808, -1,
          1868, 3808, 3809, -1,
          1865, 1868, 3809, -1,
          1865, 3809, 3810, -1,
          1870, 3810, 3811, -1,
          1870, 1865, 3810, -1,
          1874, 3811, 3812, -1,
          1874, 1870, 3811, -1,
          1877, 3812, 3813, -1,
          1877, 1874, 3812, -1,
          1880, 3813, 3814, -1,
          1880, 1877, 3813, -1,
          1883, 3814, 3815, -1,
          1883, 1880, 3814, -1,
          1886, 3815, 3816, -1,
          1886, 1883, 3815, -1,
          1890, 3816, 3817, -1,
          1890, 1886, 3816, -1,
          1894, 3817, 3818, -1,
          1894, 1890, 3817, -1,
          1901, 3818, 3819, -1,
          1901, 1894, 3818, -1,
          1904, 3819, 3820, -1,
          1904, 1901, 3819, -1,
          1909, 3820, 3821, -1,
          1909, 1904, 3820, -1,
          1914, 1909, 3821, -1,
          1914, 3821, 3822, -1,
          1920, 1914, 3822, -1,
          1920, 3822, 3823, -1,
          1924, 1920, 3823, -1,
          1924, 3823, 3824, -1,
          1929, 1924, 3824, -1,
          1929, 3824, 3825, -1,
          1935, 1929, 3825, -1,
          1935, 3825, 3826, -1,
          1940, 1935, 3826, -1,
          1940, 3826, 3827, -1,
          1943, 1940, 3827, -1,
          1943, 3827, 3828, -1,
          3829, 1957, 1992, -1,
          3829, 3792, 3793, -1,
          3829, 1992, 3792, -1,
          3829, 3793, 1957, -1,
          1943, 3828, 3830, -1,
          1943, 3830, 2029, -1,
          2080, 2029, 3830, -1,
          2080, 3830, 3831, -1,
          2081, 3831, 3832, -1,
          2081, 2080, 3831, -1,
          2082, 3832, 3833, -1,
          2082, 2081, 3832, -1,
          2083, 3833, 3834, -1,
          2083, 2082, 3833, -1,
          2084, 3834, 3835, -1,
          2084, 2083, 3834, -1,
          2085, 3835, 3836, -1,
          2085, 2084, 3835, -1,
          2086, 3836, 3837, -1,
          2086, 2085, 3836, -1,
          2087, 3837, 3838, -1,
          2087, 2086, 3837, -1,
          2088, 3838, 3839, -1,
          2088, 2087, 3838, -1,
          2089, 2088, 3839, -1,
          2089, 3839, 3840, -1,
          2090, 2089, 3840, -1,
          2090, 3840, 3841, -1,
          2091, 2090, 3841, -1,
          2091, 3841, 3842, -1,
          2092, 2091, 3842, -1,
          2092, 3842, 3843, -1,
          2093, 2092, 3843, -1,
          2093, 3843, 3844, -1,
          2094, 2093, 3844, -1,
          2094, 3844, 3845, -1,
          2095, 2094, 3845, -1,
          2095, 3845, 3846, -1,
          2096, 2095, 3846, -1,
          2096, 3846, 3847, -1,
          2097, 2096, 3847, -1,
          2097, 3847, 3848, -1,
          2154, 2097, 3848, -1,
          2154, 3848, 3849, -1,
          2155, 2154, 3849, -1,
          2155, 3849, 3850, -1,
          2156, 2155, 3850, -1,
          2156, 3850, 3851, -1,
          2157, 2156, 3851, -1,
          2157, 3851, 3852, -1,
          2158, 3852, 3853, -1,
          2158, 2157, 3852, -1,
          2159, 3853, 3854, -1,
          2159, 2158, 3853, -1,
          2160, 3854, 3855, -1,
          2160, 2159, 3854, -1,
          3856, 2160, 3855, -1,
          2161, 2160, 3856, -1,
          2162, 3856, 3857, -1,
          2162, 2161, 3856, -1,
          2163, 3857, 3858, -1,
          2163, 2162, 3857, -1,
          2164, 3858, 3859, -1,
          2164, 2163, 3858, -1,
          2165, 2164, 3859, -1,
          2165, 3859, 3860, -1,
          2167, 3861, 3862, -1,
          2167, 2166, 3861, -1,
          2168, 3862, 3863, -1,
          2168, 2167, 3862, -1,
          2180, 3863, 3864, -1,
          2180, 2168, 3863, -1,
          2181, 3864, 3865, -1,
          2181, 2180, 3864, -1,
          2182, 3865, 3866, -1,
          2182, 2181, 3865, -1,
          2183, 3866, 3867, -1,
          2183, 2182, 3866, -1,
          2193, 3867, 3868, -1,
          2193, 2183, 3867, -1,
          2194, 3868, 3869, -1,
          2194, 2193, 3868, -1,
          2197, 2194, 3869, -1,
          2197, 3869, 3870, -1,
          2198, 2197, 3870, -1,
          2198, 3870, 3871, -1,
          3872, 2198, 3871, -1,
          2199, 2198, 3872, -1,
          2077, 2199, 3872, -1,
          2077, 3872, 3873, -1,
          2078, 2077, 3873, -1,
          2078, 3873, 3874, -1,
          2076, 2078, 3874, -1,
          2076, 3874, 3875, -1,
          2098, 2076, 3875, -1,
          2098, 3875, 3876, -1,
          3877, 2098, 3876, -1,
          2200, 2098, 3877, -1,
          2208, 2200, 3877, -1,
          2208, 3877, 3878, -1,
          3879, 2208, 3878, -1,
          2209, 2208, 3879, -1,
          2210, 2209, 3879, -1,
          2210, 3879, 3880, -1,
          2216, 2210, 3880, -1,
          2216, 3880, 3881, -1,
          2146, 2216, 3881, -1,
          2146, 3881, 3882, -1,
          2147, 3882, 3883, -1,
          2147, 2146, 3882, -1,
          2148, 3883, 3884, -1,
          2148, 2147, 3883, -1,
          3885, 2148, 3884, -1,
          2145, 2148, 3885, -1,
          2178, 3885, 3886, -1,
          2178, 2145, 3885, -1,
          3887, 2166, 2165, -1,
          3887, 3860, 3861, -1,
          3887, 2165, 3860, -1,
          3887, 3861, 2166, -1,
          2177, 2178, 3886, -1,
          2177, 3886, 3888, -1,
          2213, 3889, 3890, -1,
          2213, 2212, 3889, -1,
          2214, 3890, 3891, -1,
          2214, 2213, 3890, -1,
          2211, 3891, 3892, -1,
          2211, 2214, 3891, -1,
          2217, 3892, 3893, -1,
          2217, 2211, 3892, -1,
          2221, 3893, 3894, -1,
          2221, 2217, 3893, -1,
          2222, 3894, 3895, -1,
          2222, 2221, 3894, -1,
          2220, 3895, 3896, -1,
          2220, 2222, 3895, -1,
          2224, 3896, 3897, -1,
          2224, 2220, 3896, -1,
          2223, 3897, 3898, -1,
          2223, 2224, 3897, -1,
          2219, 3898, 3899, -1,
          2219, 2223, 3898, -1,
          2218, 3899, 3900, -1,
          2218, 2219, 3899, -1,
          2215, 3900, 3901, -1,
          2215, 2218, 3900, -1,
          2207, 3901, 3902, -1,
          2207, 2215, 3901, -1,
          2196, 2207, 3902, -1,
          2196, 3902, 3903, -1,
          2192, 2196, 3903, -1,
          2192, 3903, 3904, -1,
          3905, 2212, 2177, -1,
          3905, 3888, 3889, -1,
          3905, 2177, 3888, -1,
          3905, 3889, 2212, -1,
          2189, 2192, 3904, -1,
          2189, 3904, 3906, -1,
          2179, 3906, 3907, -1,
          2179, 2189, 3906, -1,
          2153, 3907, 3908, -1,
          2153, 2179, 3907, -1,
          2079, 3908, 3909, -1,
          2079, 2153, 3908, -1,
          2058, 3909, 3910, -1,
          2058, 2079, 3909, -1,
          2049, 3910, 3911, -1,
          2049, 2058, 3910, -1,
          2046, 3911, 3912, -1,
          2046, 2049, 3911, -1,
          2042, 3912, 3913, -1,
          2042, 2046, 3912, -1,
          2035, 2042, 3913, -1,
          2035, 3913, 3914, -1,
          2033, 3914, 3915, -1,
          2033, 2035, 3914, -1,
          2028, 3915, 3916, -1,
          2028, 2033, 3915, -1,
          2025, 3916, 3917, -1,
          2025, 2028, 3916, -1,
          2023, 3917, 3918, -1,
          2023, 2025, 3917, -1,
          2021, 3918, 3919, -1,
          2021, 2023, 3918, -1,
          2022, 3919, 3920, -1,
          2022, 2021, 3919, -1,
          2024, 3920, 3921, -1,
          2024, 2022, 3920, -1,
          2026, 3921, 3922, -1,
          2026, 2024, 3921, -1,
          2030, 3922, 3923, -1,
          2030, 2026, 3922, -1,
          2034, 3923, 3924, -1,
          2034, 2030, 3923, -1,
          2036, 3924, 3925, -1,
          2036, 2034, 3924, -1,
          2038, 3925, 3926, -1,
          2038, 2036, 3925, -1,
          2040, 2038, 3926, -1,
          2040, 3926, 3927, -1,
          2043, 2040, 3927, -1,
          2043, 3927, 3928, -1,
          2047, 2043, 3928, -1,
          2047, 3928, 3929, -1,
          2050, 2047, 3929, -1,
          2050, 3929, 3930, -1,
          2054, 2050, 3930, -1,
          2054, 3930, 3931, -1,
          2056, 2054, 3931, -1,
          2056, 3931, 3932, -1,
          2061, 2056, 3932, -1,
          2061, 3932, 3933, -1,
          2065, 2061, 3933, -1,
          2065, 3933, 3934, -1,
          2101, 2065, 3934, -1,
          2101, 3934, 3935, -1,
          2104, 3935, 3936, -1,
          2104, 2101, 3935, -1,
          2109, 3936, 3937, -1,
          2109, 2104, 3936, -1,
          2113, 3937, 3938, -1,
          2113, 2109, 3937, -1,
          2118, 3938, 3939, -1,
          2118, 2113, 3938, -1,
          2122, 3939, 3940, -1,
          2122, 2118, 3939, -1,
          2134, 3940, 3941, -1,
          2134, 2122, 3940, -1,
          2151, 2134, 3941, -1,
          2151, 3941, 3942, -1,
          2174, 2151, 3942, -1,
          2174, 3942, 3943, -1,
          2184, 2174, 3943, -1,
          2184, 3943, 3944, -1,
          2203, 2184, 3944, -1,
          2203, 3944, 3945, -1,
          2225, 2203, 3945, -1,
          2225, 3945, 3946, -1,
          2236, 2225, 3946, -1,
          2236, 3946, 3947, -1,
          3948, 2236, 3947, -1,
          2241, 2236, 3948, -1,
          2246, 2241, 3948, -1,
          2246, 3948, 3949, -1,
          3950, 2246, 3949, -1,
          2254, 2246, 3950, -1,
          2257, 2254, 3950, -1,
          2257, 3950, 3951, -1,
          2262, 2257, 3951, -1,
          2262, 3951, 3952, -1,
          2267, 2262, 3952, -1,
          2267, 3952, 3953, -1,
          2272, 2267, 3953, -1,
          2272, 3953, 3954, -1,
          2275, 3954, 3955, -1,
          2275, 2272, 3954, -1,
          2280, 3955, 3956, -1,
          2280, 2275, 3955, -1,
          2285, 3956, 3957, -1,
          2285, 2280, 3956, -1,
          2291, 3957, 3958, -1,
          2291, 2285, 3957, -1,
          2294, 3958, 3959, -1,
          2294, 2291, 3958, -1,
          2299, 3959, 3960, -1,
          2299, 2294, 3959, -1,
          2302, 3960, 3961, -1,
          2302, 2299, 3960, -1,
          2306, 3961, 3962, -1,
          2306, 2302, 3961, -1,
          2310, 3962, 3963, -1,
          2310, 2306, 3962, -1,
          2313, 3963, 3964, -1,
          2313, 2310, 3963, -1,
          2427, 3964, 3965, -1,
          2427, 2313, 3964, -1,
          2430, 3965, 3966, -1,
          2430, 2427, 3965, -1,
          2431, 2430, 3966, -1,
          2431, 3966, 3967, -1,
          2435, 2431, 3967, -1,
          2435, 3967, 3968, -1,
          2436, 2435, 3968, -1,
          2436, 3968, 3969, -1,
          2440, 3970, 3971, -1,
          2440, 2439, 3970, -1,
          2444, 3971, 3972, -1,
          2444, 2440, 3971, -1,
          2441, 3972, 3973, -1,
          2441, 2444, 3972, -1,
          2442, 3973, 3974, -1,
          2442, 2441, 3973, -1,
          2443, 2442, 3974, -1,
          2443, 3974, 3975, -1,
          2437, 2443, 3975, -1,
          2437, 3975, 3976, -1,
          2438, 2437, 3976, -1,
          2438, 3976, 3977, -1,
          2432, 2438, 3977, -1,
          2432, 3977, 3978, -1,
          2433, 2432, 3978, -1,
          2433, 3978, 3979, -1,
          2434, 2433, 3979, -1,
          2434, 3979, 3980, -1,
          2428, 2434, 3980, -1,
          2428, 3980, 3981, -1,
          2429, 2428, 3981, -1,
          2429, 3981, 3982, -1,
          2424, 2429, 3982, -1,
          2424, 3982, 3983, -1,
          2425, 2424, 3983, -1,
          2425, 3983, 3984, -1,
          2421, 2425, 3984, -1,
          2421, 3984, 3985, -1,
          2422, 2421, 3985, -1,
          2422, 3985, 3986, -1,
          2417, 2422, 3986, -1,
          2417, 3986, 3987, -1,
          2418, 2417, 3987, -1,
          2418, 3987, 3988, -1,
          2419, 3988, 3989, -1,
          2419, 2418, 3988, -1,
          2415, 3989, 3990, -1,
          2415, 2419, 3989, -1,
          2416, 3990, 3991, -1,
          2416, 2415, 3990, -1,
          2411, 3991, 3992, -1,
          2411, 2416, 3991, -1,
          2412, 3992, 3993, -1,
          2412, 2411, 3992, -1,
          2413, 3993, 3994, -1,
          2413, 2412, 3993, -1,
          2409, 3994, 3995, -1,
          2409, 2413, 3994, -1,
          2395, 3995, 3996, -1,
          2395, 2409, 3995, -1,
          2394, 3996, 3997, -1,
          2394, 2395, 3996, -1,
          2393, 3997, 3998, -1,
          2393, 2394, 3997, -1,
          2392, 3998, 3999, -1,
          2392, 2393, 3998, -1,
          2391, 2392, 3999, -1,
          2391, 3999, 4000, -1,
          4001, 2391, 4000, -1,
          2389, 2391, 4001, -1,
          4002, 2389, 4001, -1,
          2390, 2389, 4002, -1,
          2371, 2390, 4002, -1,
          2371, 4002, 4003, -1,
          4004, 2439, 2436, -1,
          4004, 3969, 3970, -1,
          4004, 2436, 3969, -1,
          4004, 3970, 2439, -1,
          4005, 2319, 2371, -1,
          4005, 2371, 4003, -1,
          2328, 2319, 4005, -1,
          2328, 4005, 4006, -1,
          2329, 4006, 4007, -1,
          2329, 2328, 4006, -1,
          2331, 4007, 4008, -1,
          2331, 2329, 4007, -1,
          2333, 4008, 4009, -1,
          2333, 2331, 4008, -1,
          2335, 4009, 4010, -1,
          2335, 2333, 4009, -1,
          2341, 4010, 4011, -1,
          2341, 2335, 4010, -1,
          2343, 4011, 4012, -1,
          2343, 2341, 4011, -1,
          2345, 4012, 4013, -1,
          2345, 2343, 4012, -1,
          2347, 4013, 4014, -1,
          2347, 2345, 4013, -1,
          2349, 2347, 4014, -1,
          2349, 4014, 4015, -1,
          2348, 2349, 4015, -1,
          2348, 4015, 4016, -1,
          2354, 2348, 4016, -1,
          2354, 4016, 4017, -1,
          2355, 2354, 4017, -1,
          2355, 4017, 4018, -1,
          2350, 2355, 4018, -1,
          2350, 4018, 4019, -1,
          2351, 2350, 4019, -1,
          2351, 4019, 4020, -1,
          2352, 2351, 4020, -1,
          2352, 4020, 4021, -1,
          2353, 2352, 4021, -1,
          2353, 4021, 4022, -1,
          2344, 2353, 4022, -1,
          2344, 4022, 4023, -1,
          2342, 2344, 4023, -1,
          2342, 4023, 4024, -1,
          2336, 2342, 4024, -1,
          2336, 4024, 4025, -1,
          2334, 2336, 4025, -1,
          2334, 4025, 4026, -1,
          2332, 2334, 4026, -1,
          2332, 4026, 4027, -1,
          2330, 4027, 4028, -1,
          2330, 2332, 4027, -1,
          2327, 4028, 4029, -1,
          2327, 2330, 4028, -1,
          2326, 4029, 4030, -1,
          2326, 2327, 4029, -1,
          2318, 4030, 4031, -1,
          2318, 2326, 4030, -1,
          2317, 4031, 4032, -1,
          2317, 2318, 4031, -1,
          2312, 4032, 4033, -1,
          2312, 2317, 4032, -1,
          2308, 4033, 4034, -1,
          2308, 2312, 4033, -1,
          2305, 2308, 4034, -1,
          2305, 4034, 4035, -1,
          2301, 4035, 4036, -1,
          2301, 2305, 4035, -1,
          2296, 4036, 4037, -1,
          2296, 2301, 4036, -1,
          2293, 4037, 4038, -1,
          2293, 2296, 4037, -1,
          2288, 4038, 4039, -1,
          2288, 2293, 4038, -1,
          2283, 4039, 4040, -1,
          2283, 2288, 4039, -1,
          2282, 4040, 4041, -1,
          2282, 2283, 4040, -1,
          2278, 4041, 4042, -1,
          2278, 2282, 4041, -1,
          2277, 4042, 4043, -1,
          2277, 2278, 4042, -1,
          2274, 4043, 4044, -1,
          2274, 2277, 4043, -1,
          2271, 4044, 4045, -1,
          2271, 2274, 4044, -1,
          2266, 2271, 4045, -1,
          2266, 4045, 4046, -1,
          2264, 2266, 4046, -1,
          2264, 4046, 4047, -1,
          2261, 2264, 4047, -1,
          2261, 4047, 4048, -1,
          2256, 2261, 4048, -1,
          2256, 4048, 4049, -1,
          2252, 2256, 4049, -1,
          2252, 4049, 4050, -1,
          2250, 2252, 4050, -1,
          2250, 4050, 4051, -1,
          2251, 2250, 4051, -1,
          2251, 4051, 4052, -1,
          2238, 2251, 4052, -1,
          2238, 4052, 4053, -1,
          2231, 2238, 4053, -1,
          2231, 4053, 4054, -1,
          2232, 2231, 4054, -1,
          2232, 4054, 4055, -1,
          2233, 2232, 4055, -1,
          2233, 4055, 4056, -1,
          2201, 2233, 4056, -1,
          2201, 4056, 4057, -1,
          2186, 4057, 4058, -1,
          2186, 2201, 4057, -1,
          2176, 4058, 4059, -1,
          2176, 2186, 4058, -1,
          2169, 2176, 4059, -1,
          2169, 4059, 4060, -1,
          2170, 4060, 4061, -1,
          2170, 2169, 4060, -1,
          2171, 4061, 4062, -1,
          2171, 2170, 4061, -1,
          2136, 4062, 4063, -1,
          2136, 2171, 4062, -1,
          2131, 4063, 4064, -1,
          2131, 2136, 4063, -1,
          2129, 4064, 4065, -1,
          2129, 2131, 4064, -1,
          2130, 4065, 4066, -1,
          2130, 2129, 4065, -1,
          2125, 4066, 4067, -1,
          2125, 2130, 4066, -1,
          2126, 4067, 4068, -1,
          2126, 2125, 4067, -1,
          2124, 2126, 4068, -1,
          2124, 4068, 4069, -1,
          2127, 4069, 4070, -1,
          2127, 2124, 4069, -1,
          2128, 4070, 4071, -1,
          2128, 2127, 4070, -1,
          2172, 4071, 4072, -1,
          2172, 2128, 4071, -1,
          2202, 4072, 4073, -1,
          2202, 2172, 4072, -1,
          2265, 4073, 4074, -1,
          2265, 2202, 4073, -1,
          2284, 4074, 4075, -1,
          2284, 2265, 4074, -1,
          2297, 4075, 4076, -1,
          2297, 2284, 4075, -1,
          2309, 4076, 4077, -1,
          2309, 2297, 4076, -1,
          2320, 4077, 4078, -1,
          2320, 2309, 4077, -1,
          2321, 4078, 4079, -1,
          2321, 2320, 4078, -1,
          2322, 4079, 4080, -1,
          2322, 2321, 4079, -1,
          2323, 4080, 4081, -1,
          2323, 2322, 4080, -1,
          2324, 4081, 4082, -1,
          2324, 2323, 4081, -1,
          2325, 2324, 4082, -1,
          2325, 4082, 4083, -1,
          2372, 4083, 4084, -1,
          2372, 2325, 4083, -1,
          2373, 4084, 4085, -1,
          2373, 2372, 4084, -1,
          2374, 4085, 4086, -1,
          2374, 2373, 4085, -1,
          2375, 4086, 4087, -1,
          2375, 2374, 4086, -1,
          2376, 4087, 4088, -1,
          2376, 2375, 4087, -1,
          2377, 4088, 4089, -1,
          2377, 2376, 4088, -1,
          2378, 4089, 4090, -1,
          2378, 2377, 4089, -1,
          2379, 4090, 4091, -1,
          2379, 2378, 4090, -1,
          2380, 4091, 4092, -1,
          2380, 2379, 4091, -1,
          2381, 4092, 4093, -1,
          2381, 2380, 4092, -1,
          2382, 4093, 4094, -1,
          2382, 2381, 4093, -1,
          2383, 2382, 4094, -1,
          2383, 4094, 4095, -1,
          2384, 2383, 4095, -1,
          2384, 4095, 4096, -1,
          2385, 2384, 4096, -1,
          2385, 4096, 4097, -1,
          2386, 2385, 4097, -1,
          2386, 4097, 4098, -1,
          2387, 2386, 4098, -1,
          2387, 4098, 4099, -1,
          2365, 2387, 4099, -1,
          2365, 4099, 4100, -1,
          2366, 2365, 4100, -1,
          2366, 4100, 4101, -1,
          2367, 2366, 4101, -1,
          2367, 4101, 4102, -1,
          2368, 2367, 4102, -1,
          2368, 4102, 4103, -1,
          2369, 2368, 4103, -1,
          2369, 4103, 4104, -1,
          2364, 2369, 4104, -1,
          2364, 4104, 4105, -1,
          2253, 2364, 4105, -1,
          2253, 4105, 4106, -1,
          2248, 4106, 4107, -1,
          2248, 2253, 4106, -1,
          2244, 4107, 4108, -1,
          2244, 2248, 4107, -1,
          2239, 4108, 4109, -1,
          2239, 2244, 4108, -1,
          2234, 4109, 4110, -1,
          2234, 2239, 4109, -1,
          2227, 4110, 4111, -1,
          2227, 2234, 4110, -1,
          2205, 2227, 4111, -1,
          2205, 4111, 4112, -1,
          2187, 2205, 4112, -1,
          2187, 4112, 4113, -1,
          2173, 2187, 4113, -1,
          2173, 4113, 4114, -1,
          2149, 2173, 4114, -1,
          2149, 4114, 4115, -1,
          2132, 2149, 4115, -1,
          2132, 4115, 4116, -1,
          2120, 2132, 4116, -1,
          2120, 4116, 4117, -1,
          2115, 2120, 4117, -1,
          2115, 4117, 4118, -1,
          2111, 2115, 4118, -1,
          2111, 4118, 4119, -1,
          2106, 2111, 4119, -1,
          2106, 4119, 4120, -1,
          2099, 2106, 4120, -1,
          2099, 4120, 4121, -1,
          2063, 2099, 4121, -1,
          2063, 4121, 4122, -1,
          2059, 2063, 4122, -1,
          2059, 4122, 4123, -1,
          2052, 2059, 4123, -1,
          2052, 4123, 4124, -1,
          2045, 2052, 4124, -1,
          2045, 4124, 4125, -1,
          2032, 4125, 4126, -1,
          2032, 2045, 4125, -1,
          2020, 4126, 4127, -1,
          2020, 2032, 4126, -1,
          2018, 4127, 4128, -1,
          2018, 2020, 4127, -1,
          2017, 4128, 4129, -1,
          2017, 2018, 4128, -1,
          2016, 4129, 4130, -1,
          2016, 2017, 4129, -1,
          2015, 4130, 4131, -1,
          2015, 2016, 4130, -1,
          2014, 4131, 4132, -1,
          2014, 2015, 4131, -1,
          2013, 4132, 4133, -1,
          2013, 2014, 4132, -1,
          2012, 4133, 4134, -1,
          2012, 2013, 4133, -1,
          2008, 4134, 4135, -1,
          2008, 2012, 4134, -1,
          2007, 4135, 4136, -1,
          2007, 2008, 4135, -1,
          2006, 2007, 4136, -1,
          2006, 4136, 4137, -1,
          2004, 2006, 4137, -1,
          2004, 4137, 4138, -1,
          2001, 2004, 4138, -1,
          2001, 4138, 4139, -1,
          1996, 2001, 4139, -1,
          1996, 4139, 3791, -1,
          3874, 4123, 4122, -1,
          3873, 4123, 3874, -1,
          3873, 4124, 4123, -1,
          3873, 4125, 4124, -1,
          3875, 4122, 4121, -1,
          3875, 3874, 4122, -1,
          3872, 4126, 4125, -1,
          3872, 4125, 3873, -1,
          3876, 4120, 4119, -1,
          3876, 4121, 4120, -1,
          3876, 3875, 4121, -1,
          3871, 4126, 3872, -1,
          3871, 4127, 4126, -1,
          3877, 3876, 4119, -1,
          3877, 4119, 4118, -1,
          3878, 3877, 4118, -1,
          3878, 4118, 4117, -1,
          3870, 4128, 4127, -1,
          3870, 4127, 3871, -1,
          3879, 3878, 4117, -1,
          3879, 4117, 4116, -1,
          3869, 4128, 3870, -1,
          3869, 4129, 4128, -1,
          3868, 4129, 3869, -1,
          3868, 4130, 4129, -1,
          3880, 4115, 4114, -1,
          3880, 4116, 4115, -1,
          3880, 3879, 4116, -1,
          3867, 4130, 3868, -1,
          3867, 4131, 4130, -1,
          3881, 4114, 4113, -1,
          3881, 3880, 4114, -1,
          3882, 4113, 4112, -1,
          3882, 3881, 4113, -1,
          3866, 4131, 3867, -1,
          3866, 4132, 4131, -1,
          3883, 4111, 4110, -1,
          3883, 4112, 4111, -1,
          3883, 3882, 4112, -1,
          3865, 4132, 3866, -1,
          3865, 4133, 4132, -1,
          3884, 3883, 4110, -1,
          3884, 4109, 4108, -1,
          3884, 4110, 4109, -1,
          3864, 4134, 4133, -1,
          3864, 4135, 4134, -1,
          3864, 4133, 3865, -1,
          3885, 4107, 4106, -1,
          3885, 4108, 4107, -1,
          3885, 3884, 4108, -1,
          3863, 4136, 4135, -1,
          3863, 4135, 3864, -1,
          3886, 4106, 4105, -1,
          3886, 3885, 4106, -1,
          3862, 4137, 4136, -1,
          3862, 4138, 4137, -1,
          3862, 4136, 3863, -1,
          3888, 3886, 4105, -1,
          3888, 4104, 4103, -1,
          3888, 4105, 4104, -1,
          3861, 4139, 4138, -1,
          3861, 4138, 3862, -1,
          3889, 3888, 4103, -1,
          3889, 4102, 4101, -1,
          3889, 4103, 4102, -1,
          3860, 3791, 4139, -1,
          3860, 4139, 3861, -1,
          3890, 3889, 4101, -1,
          3890, 4100, 4099, -1,
          3890, 4101, 4100, -1,
          3891, 3890, 4099, -1,
          3891, 4098, 4097, -1,
          3891, 4099, 4098, -1,
          3859, 3792, 3791, -1,
          3859, 3791, 3860, -1,
          3892, 3891, 4097, -1,
          3892, 4096, 4095, -1,
          3892, 4097, 4096, -1,
          3858, 3792, 3859, -1,
          3858, 3793, 3792, -1,
          3893, 4094, 4093, -1,
          3893, 4095, 4094, -1,
          3893, 3892, 4095, -1,
          3857, 3793, 3858, -1,
          3894, 3893, 4093, -1,
          3894, 4092, 4091, -1,
          3894, 4093, 4092, -1,
          3856, 3794, 3793, -1,
          3856, 3793, 3857, -1,
          3895, 3894, 4091, -1,
          3895, 4091, 4090, -1,
          3896, 3895, 4090, -1,
          4089, 3896, 4090, -1,
          3855, 3795, 3794, -1,
          3855, 3794, 3856, -1,
          3897, 3896, 4089, -1,
          3854, 3795, 3855, -1,
          4088, 3897, 4089, -1,
          3898, 3897, 4088, -1,
          3853, 3796, 3795, -1,
          3853, 3795, 3854, -1,
          4087, 3898, 4088, -1,
          3852, 3797, 3796, -1,
          3852, 3796, 3853, -1,
          4086, 3898, 4087, -1,
          4086, 3899, 3898, -1,
          3851, 3798, 3797, -1,
          3851, 3797, 3852, -1,
          4085, 3899, 4086, -1,
          4085, 3900, 3899, -1,
          3850, 3799, 3798, -1,
          3850, 3798, 3851, -1,
          4084, 3900, 4085, -1,
          4084, 3901, 3900, -1,
          3849, 3800, 3799, -1,
          3849, 3799, 3850, -1,
          3848, 3801, 3800, -1,
          3848, 3800, 3849, -1,
          4083, 3902, 3901, -1,
          4083, 3901, 4084, -1,
          3847, 3802, 3801, -1,
          3847, 3803, 3802, -1,
          3847, 3801, 3848, -1,
          3846, 3804, 3803, -1,
          3846, 3803, 3847, -1,
          4082, 3902, 4083, -1,
          4082, 3903, 3902, -1,
          3845, 3804, 3846, -1,
          3845, 3805, 3804, -1,
          3845, 3806, 3805, -1,
          4081, 3903, 4082, -1,
          4081, 3904, 3903, -1,
          3844, 3806, 3845, -1,
          3844, 3807, 3806, -1,
          3843, 3808, 3807, -1,
          3843, 3807, 3844, -1,
          4080, 3904, 4081, -1,
          4080, 3906, 3904, -1,
          4080, 3907, 3906, -1,
          3842, 3808, 3843, -1,
          3842, 3809, 3808, -1,
          3810, 3809, 3842, -1,
          3841, 3810, 3842, -1,
          3811, 3810, 3841, -1,
          4079, 3907, 4080, -1,
          4079, 3908, 3907, -1,
          3812, 3841, 3840, -1,
          3812, 3811, 3841, -1,
          3813, 3840, 3839, -1,
          3813, 3812, 3840, -1,
          3814, 3813, 3839, -1,
          3814, 3839, 3838, -1,
          3815, 3838, 3837, -1,
          3815, 3814, 3838, -1,
          4005, 4002, 4001, -1,
          4005, 4003, 4002, -1,
          3816, 3837, 3836, -1,
          3816, 3815, 3837, -1,
          4006, 4000, 3999, -1,
          4006, 4001, 4000, -1,
          4006, 4005, 4001, -1,
          4078, 3908, 4079, -1,
          3817, 3816, 3836, -1,
          4007, 3998, 3997, -1,
          4007, 3999, 3998, -1,
          4007, 4006, 3999, -1,
          4008, 3997, 3996, -1,
          4008, 4007, 3997, -1,
          3818, 3836, 3835, -1,
          3818, 3817, 3836, -1,
          3909, 3908, 4078, -1,
          4009, 4008, 3996, -1,
          4009, 3995, 3994, -1,
          4009, 3996, 3995, -1,
          3819, 3818, 3835, -1,
          3819, 3835, 3834, -1,
          4010, 4009, 3994, -1,
          4010, 3994, 3993, -1,
          4011, 4010, 3993, -1,
          4011, 3992, 3991, -1,
          4011, 3993, 3992, -1,
          3820, 3834, 3833, -1,
          3820, 3819, 3834, -1,
          4012, 4011, 3991, -1,
          4012, 3991, 3990, -1,
          4013, 4012, 3990, -1,
          4013, 3990, 3989, -1,
          3821, 3820, 3833, -1,
          4077, 3909, 4078, -1,
          4014, 4013, 3989, -1,
          4014, 3989, 3988, -1,
          3822, 3833, 3832, -1,
          3822, 3821, 3833, -1,
          4015, 4014, 3988, -1,
          4015, 3988, 3987, -1,
          3986, 4015, 3987, -1,
          4016, 4015, 3986, -1,
          3823, 3832, 3831, -1,
          3823, 3822, 3832, -1,
          3985, 4016, 3986, -1,
          4017, 4016, 3985, -1,
          4076, 3909, 4077, -1,
          4076, 3910, 3909, -1,
          3824, 3823, 3831, -1,
          3984, 4018, 4017, -1,
          3984, 4017, 3985, -1,
          3825, 3824, 3831, -1,
          3983, 4019, 4018, -1,
          3983, 4018, 3984, -1,
          3826, 3831, 3830, -1,
          3826, 3825, 3831, -1,
          4075, 3910, 4076, -1,
          4075, 3911, 3910, -1,
          3982, 4020, 4019, -1,
          3982, 4019, 3983, -1,
          3827, 3826, 3830, -1,
          3981, 4021, 4020, -1,
          3981, 4020, 3982, -1,
          3828, 3827, 3830, -1,
          4074, 3911, 4075, -1,
          3980, 4022, 4021, -1,
          3980, 4021, 3981, -1,
          4073, 3912, 3911, -1,
          4073, 3913, 3912, -1,
          4073, 3911, 4074, -1,
          3979, 4023, 4022, -1,
          3979, 4022, 3980, -1,
          4072, 3913, 4073, -1,
          3978, 4023, 3979, -1,
          3978, 4024, 4023, -1,
          4071, 3913, 4072, -1,
          4071, 3914, 3913, -1,
          4070, 3914, 4071, -1,
          3977, 4024, 3978, -1,
          3977, 4025, 4024, -1,
          4069, 3914, 4070, -1,
          4069, 3915, 3914, -1,
          4069, 3916, 3915, -1,
          3976, 4025, 3977, -1,
          3976, 4026, 4025, -1,
          4068, 3916, 4069, -1,
          4068, 3917, 3916, -1,
          3918, 3917, 4068, -1,
          4067, 3918, 4068, -1,
          3975, 4026, 3976, -1,
          3919, 3918, 4067, -1,
          3974, 4026, 3975, -1,
          3974, 4027, 4026, -1,
          3920, 4067, 4066, -1,
          3920, 3919, 4067, -1,
          3973, 4027, 3974, -1,
          3973, 4028, 4027, -1,
          3921, 3920, 4066, -1,
          3972, 4028, 3973, -1,
          3972, 4029, 4028, -1,
          3922, 4066, 4065, -1,
          3922, 3921, 4066, -1,
          3923, 3922, 4065, -1,
          3971, 4029, 3972, -1,
          3971, 4030, 4029, -1,
          3924, 4065, 4064, -1,
          3924, 3923, 4065, -1,
          3970, 4030, 3971, -1,
          3970, 4031, 4030, -1,
          3925, 3924, 4064, -1,
          3969, 4031, 3970, -1,
          3969, 4032, 4031, -1,
          3969, 4033, 4032, -1,
          3926, 4064, 4063, -1,
          3926, 3925, 4064, -1,
          3927, 3926, 4063, -1,
          3928, 3927, 4063, -1,
          3928, 4063, 4062, -1,
          3968, 4033, 3969, -1,
          3968, 4035, 4034, -1,
          3968, 4034, 4033, -1,
          3929, 3928, 4062, -1,
          3930, 4062, 4061, -1,
          3930, 3929, 4062, -1,
          3967, 4036, 4035, -1,
          3967, 4035, 3968, -1,
          3931, 3930, 4061, -1,
          3932, 3931, 4061, -1,
          3966, 4037, 4036, -1,
          3966, 4036, 3967, -1,
          3933, 4061, 4060, -1,
          3933, 3932, 4061, -1,
          3965, 4037, 3966, -1,
          3934, 4060, 4059, -1,
          3934, 3933, 4060, -1,
          3964, 4038, 4037, -1,
          3964, 4037, 3965, -1,
          3963, 4039, 4038, -1,
          3963, 4038, 3964, -1,
          3935, 3934, 4059, -1,
          3935, 4059, 4058, -1,
          3962, 4040, 4039, -1,
          3962, 4039, 3963, -1,
          3936, 3935, 4058, -1,
          3961, 4041, 4040, -1,
          3961, 4040, 3962, -1,
          3937, 3936, 4058, -1,
          3960, 4041, 3961, -1,
          3938, 4058, 4057, -1,
          3938, 3937, 4058, -1,
          3959, 4042, 4041, -1,
          3959, 4041, 3960, -1,
          3939, 3938, 4057, -1,
          3958, 4043, 4042, -1,
          3958, 4044, 4043, -1,
          3958, 4042, 3959, -1,
          3940, 4057, 4056, -1,
          3940, 3939, 4057, -1,
          3957, 4045, 4044, -1,
          3957, 4044, 3958, -1,
          3941, 4056, 4055, -1,
          3941, 3940, 4056, -1,
          3942, 4055, 4054, -1,
          3942, 3941, 4055, -1,
          3956, 4045, 3957, -1,
          3943, 3942, 4054, -1,
          3955, 4045, 3956, -1,
          3955, 4046, 4045, -1,
          3944, 3943, 4054, -1,
          3944, 4054, 4053, -1,
          3954, 4047, 4046, -1,
          3954, 4046, 3955, -1,
          3945, 3944, 4053, -1,
          3953, 4048, 4047, -1,
          3953, 4047, 3954, -1,
          3946, 4053, 4052, -1,
          3946, 3945, 4053, -1,
          3952, 4048, 3953, -1,
          3947, 3946, 4052, -1,
          3951, 4048, 3952, -1,
          3951, 4049, 4048, -1,
          3948, 3947, 4052, -1,
          3948, 4052, 4051, -1,
          3950, 4049, 3951, -1,
          3950, 4050, 4049, -1,
          3949, 3948, 4051, -1,
          3949, 4050, 3950, -1,
          3949, 4051, 4050, -1,
          418, 417, 4140, -1,
          418, 4140, 4141, -1,
          412, 4141, 4142, -1,
          412, 418, 4141, -1,
          387, 4142, 4143, -1,
          387, 412, 4142, -1,
          388, 4143, 4144, -1,
          388, 387, 4143, -1,
          389, 4144, 4145, -1,
          389, 388, 4144, -1,
          386, 4145, 4146, -1,
          386, 389, 4145, -1,
          390, 4146, 4147, -1,
          390, 386, 4146, -1,
          394, 4147, 4148, -1,
          394, 390, 4147, -1,
          395, 4148, 4149, -1,
          395, 394, 4148, -1,
          396, 395, 4149, -1,
          396, 4149, 4150, -1,
          393, 396, 4150, -1,
          393, 4150, 4151, -1,
          398, 393, 4151, -1,
          398, 4151, 4152, -1,
          399, 398, 4152, -1,
          399, 4152, 4153, -1,
          404, 399, 4153, -1,
          404, 4153, 4154, -1,
          405, 404, 4154, -1,
          405, 4154, 4155, -1,
          406, 405, 4155, -1,
          406, 4155, 4156, -1,
          4157, 406, 4156, -1,
          407, 406, 4157, -1,
          403, 407, 4157, -1,
          403, 4157, 4158, -1,
          409, 403, 4158, -1,
          409, 4158, 4159, -1,
          411, 409, 4159, -1,
          411, 4159, 4160, -1,
          414, 411, 4160, -1,
          414, 4160, 4161, -1,
          419, 414, 4161, -1,
          419, 4161, 4162, -1,
          416, 4162, 4163, -1,
          416, 419, 4162, -1,
          421, 4163, 4164, -1,
          421, 416, 4163, -1,
          427, 4164, 4165, -1,
          427, 421, 4164, -1,
          455, 4165, 4166, -1,
          455, 427, 4165, -1,
          458, 4166, 4167, -1,
          458, 455, 4166, -1,
          460, 4167, 4168, -1,
          460, 458, 4167, -1,
          469, 4168, 4169, -1,
          469, 460, 4168, -1,
          4169, 545, 469, -1,
          4169, 4170, 545, -1,
          485, 545, 4170, -1,
          485, 4170, 4171, -1,
          478, 4172, 4173, -1,
          478, 480, 4172, -1,
          466, 4173, 4174, -1,
          466, 478, 4173, -1,
          457, 4174, 4175, -1,
          457, 466, 4174, -1,
          431, 4175, 4176, -1,
          431, 457, 4175, -1,
          432, 4176, 4177, -1,
          432, 431, 4176, -1,
          433, 4177, 4178, -1,
          433, 432, 4177, -1,
          434, 433, 4178, -1,
          434, 4178, 4179, -1,
          435, 434, 4179, -1,
          435, 4179, 4180, -1,
          436, 435, 4180, -1,
          436, 4180, 4181, -1,
          437, 436, 4181, -1,
          437, 4181, 4182, -1,
          438, 437, 4182, -1,
          438, 4182, 4183, -1,
          439, 438, 4183, -1,
          439, 4183, 4184, -1,
          440, 439, 4184, -1,
          440, 4184, 4185, -1,
          441, 440, 4185, -1,
          441, 4185, 4186, -1,
          442, 441, 4186, -1,
          442, 4186, 4187, -1,
          443, 442, 4187, -1,
          443, 4187, 4188, -1,
          444, 443, 4188, -1,
          444, 4188, 4189, -1,
          445, 444, 4189, -1,
          445, 4189, 4190, -1,
          446, 445, 4190, -1,
          446, 4190, 4191, -1,
          447, 4191, 4192, -1,
          447, 446, 4191, -1,
          448, 4192, 4193, -1,
          448, 447, 4192, -1,
          449, 4193, 4194, -1,
          449, 448, 4193, -1,
          450, 4194, 4195, -1,
          450, 449, 4194, -1,
          451, 4195, 4196, -1,
          451, 450, 4195, -1,
          452, 4196, 4197, -1,
          452, 451, 4196, -1,
          453, 4197, 4198, -1,
          453, 452, 4197, -1,
          4199, 453, 4198, -1,
          378, 453, 4199, -1,
          374, 4199, 4200, -1,
          374, 378, 4199, -1,
          366, 4200, 4201, -1,
          366, 374, 4200, -1,
          362, 4201, 4202, -1,
          362, 366, 4201, -1,
          4203, 480, 485, -1,
          4203, 4171, 4172, -1,
          4203, 485, 4171, -1,
          4203, 4172, 480, -1,
          344, 362, 4202, -1,
          344, 4202, 4204, -1,
          341, 4204, 4205, -1,
          341, 344, 4204, -1,
          339, 4205, 4206, -1,
          339, 341, 4205, -1,
          336, 4206, 4207, -1,
          336, 339, 4206, -1,
          334, 336, 4207, -1,
          334, 4207, 4208, -1,
          330, 334, 4208, -1,
          330, 4208, 4209, -1,
          328, 330, 4209, -1,
          328, 4209, 4210, -1,
          326, 328, 4210, -1,
          326, 4210, 4211, -1,
          322, 326, 4211, -1,
          322, 4211, 4212, -1,
          319, 322, 4212, -1,
          319, 4212, 4213, -1,
          317, 319, 4213, -1,
          317, 4213, 4214, -1,
          315, 317, 4214, -1,
          315, 4214, 4215, -1,
          312, 315, 4215, -1,
          312, 4215, 4216, -1,
          310, 312, 4216, -1,
          310, 4216, 4217, -1,
          307, 310, 4217, -1,
          307, 4217, 4218, -1,
          304, 307, 4218, -1,
          304, 4218, 4219, -1,
          303, 304, 4219, -1,
          303, 4219, 4220, -1,
          301, 303, 4220, -1,
          301, 4220, 4221, -1,
          306, 301, 4221, -1,
          306, 4221, 4222, -1,
          308, 4222, 4223, -1,
          308, 306, 4222, -1,
          311, 4223, 4224, -1,
          311, 308, 4223, -1,
          314, 4224, 4225, -1,
          314, 311, 4224, -1,
          316, 4225, 4226, -1,
          316, 314, 4225, -1,
          318, 4226, 4227, -1,
          318, 316, 4226, -1,
          320, 4227, 4228, -1,
          320, 318, 4227, -1,
          324, 4228, 4229, -1,
          324, 320, 4228, -1,
          325, 4229, 4230, -1,
          325, 324, 4229, -1,
          327, 4230, 4231, -1,
          327, 325, 4230, -1,
          329, 4231, 4232, -1,
          329, 327, 4231, -1,
          332, 329, 4232, -1,
          332, 4232, 4233, -1,
          4234, 332, 4233, -1,
          335, 332, 4234, -1,
          338, 335, 4234, -1,
          338, 4234, 4235, -1,
          4236, 338, 4235, -1,
          340, 338, 4236, -1,
          342, 340, 4236, -1,
          342, 4236, 4237, -1,
          4238, 342, 4237, -1,
          346, 342, 4238, -1,
          354, 346, 4238, -1,
          354, 4238, 4239, -1,
          4240, 354, 4239, -1,
          365, 354, 4240, -1,
          371, 365, 4240, -1,
          371, 4240, 4241, -1,
          377, 371, 4241, -1,
          377, 4241, 4242, -1,
          381, 377, 4242, -1,
          381, 4242, 4243, -1,
          382, 4243, 4244, -1,
          382, 381, 4243, -1,
          384, 4244, 4245, -1,
          384, 382, 4244, -1,
          385, 4245, 4246, -1,
          385, 384, 4245, -1,
          391, 385, 4246, -1,
          391, 4246, 4247, -1,
          392, 391, 4247, -1,
          392, 4247, 4248, -1,
          397, 392, 4248, -1,
          397, 4248, 4249, -1,
          400, 397, 4249, -1,
          400, 4249, 4250, -1,
          401, 400, 4250, -1,
          401, 4250, 4251, -1,
          402, 401, 4251, -1,
          402, 4251, 4252, -1,
          408, 402, 4252, -1,
          408, 4252, 4253, -1,
          410, 408, 4253, -1,
          410, 4253, 4254, -1,
          413, 410, 4254, -1,
          413, 4254, 4255, -1,
          415, 413, 4255, -1,
          415, 4255, 4256, -1,
          420, 415, 4256, -1,
          420, 4256, 4257, -1,
          423, 420, 4257, -1,
          423, 4257, 4258, -1,
          454, 423, 4258, -1,
          454, 4258, 4259, -1,
          459, 454, 4259, -1,
          459, 4259, 4260, -1,
          467, 459, 4260, -1,
          467, 4260, 4261, -1,
          477, 4261, 4262, -1,
          477, 467, 4261, -1,
          479, 4262, 4263, -1,
          479, 477, 4262, -1,
          481, 4263, 4264, -1,
          481, 479, 4263, -1,
          487, 4264, 4265, -1,
          487, 481, 4264, -1,
          491, 4265, 4266, -1,
          491, 487, 4265, -1,
          493, 4266, 4267, -1,
          493, 491, 4266, -1,
          4268, 493, 4267, -1,
          494, 493, 4268, -1,
          910, 4268, 4269, -1,
          910, 494, 4268, -1,
          911, 4269, 4270, -1,
          911, 910, 4269, -1,
          4271, 911, 4270, -1,
          912, 911, 4271, -1,
          854, 4271, 4272, -1,
          854, 912, 4271, -1,
          4273, 854, 4272, -1,
          855, 854, 4273, -1,
          856, 855, 4273, -1,
          856, 4273, 4274, -1,
          4275, 856, 4274, -1,
          857, 856, 4275, -1,
          4276, 857, 4275, -1,
          858, 857, 4276, -1,
          859, 858, 4276, -1,
          859, 4276, 4277, -1,
          860, 859, 4277, -1,
          860, 4277, 4278, -1,
          4279, 860, 4278, -1,
          861, 860, 4279, -1,
          862, 861, 4279, -1,
          862, 4279, 4280, -1,
          863, 862, 4280, -1,
          863, 4280, 4281, -1,
          864, 863, 4281, -1,
          864, 4281, 4282, -1,
          865, 4282, 4283, -1,
          865, 864, 4282, -1,
          866, 4283, 4284, -1,
          866, 865, 4283, -1,
          867, 4284, 4285, -1,
          867, 866, 4284, -1,
          555, 4285, 4286, -1,
          555, 867, 4285, -1,
          556, 4286, 4287, -1,
          556, 555, 4286, -1,
          557, 4287, 4288, -1,
          557, 556, 4287, -1,
          558, 4288, 4289, -1,
          558, 557, 4288, -1,
          559, 558, 4289, -1,
          559, 4289, 4290, -1,
          560, 559, 4290, -1,
          560, 4290, 4291, -1,
          561, 560, 4291, -1,
          561, 4291, 4292, -1,
          562, 561, 4292, -1,
          562, 4292, 4293, -1,
          563, 562, 4293, -1,
          563, 4293, 4294, -1,
          564, 563, 4294, -1,
          564, 4294, 4295, -1,
          565, 564, 4295, -1,
          565, 4295, 4296, -1,
          566, 565, 4296, -1,
          566, 4296, 4297, -1,
          567, 566, 4297, -1,
          567, 4297, 4298, -1,
          568, 567, 4298, -1,
          568, 4298, 4299, -1,
          569, 568, 4299, -1,
          569, 4299, 4300, -1,
          570, 569, 4300, -1,
          570, 4300, 4301, -1,
          571, 570, 4301, -1,
          571, 4301, 4302, -1,
          572, 4302, 4303, -1,
          572, 571, 4302, -1,
          573, 4303, 4304, -1,
          573, 572, 4303, -1,
          574, 4304, 4305, -1,
          574, 573, 4304, -1,
          575, 4305, 4306, -1,
          575, 574, 4305, -1,
          576, 4306, 4307, -1,
          576, 575, 4306, -1,
          4308, 576, 4307, -1,
          577, 576, 4308, -1,
          578, 4308, 4309, -1,
          578, 577, 4308, -1,
          4310, 578, 4309, -1,
          579, 578, 4310, -1,
          2456, 4310, 4311, -1,
          2456, 579, 4310, -1,
          2455, 4311, 4312, -1,
          2455, 2456, 4311, -1,
          544, 4312, 4313, -1,
          544, 2455, 4312, -1,
          4313, 502, 544, -1,
          4313, 4314, 502, -1,
          514, 502, 4314, -1,
          514, 4314, 4315, -1,
          517, 4315, 4316, -1,
          517, 514, 4315, -1,
          521, 4316, 4317, -1,
          521, 517, 4316, -1,
          523, 4317, 4318, -1,
          523, 521, 4317, -1,
          525, 4318, 4319, -1,
          525, 523, 4318, -1,
          530, 4319, 4320, -1,
          530, 525, 4319, -1,
          533, 4320, 4321, -1,
          533, 530, 4320, -1,
          537, 4321, 4322, -1,
          537, 533, 4321, -1,
          542, 4322, 4323, -1,
          542, 537, 4322, -1,
          543, 4323, 4324, -1,
          543, 542, 4323, -1,
          538, 4324, 4325, -1,
          538, 543, 4324, -1,
          4326, 538, 4325, -1,
          539, 538, 4326, -1,
          540, 539, 4326, -1,
          540, 4326, 4327, -1,
          541, 540, 4327, -1,
          541, 4327, 4328, -1,
          527, 541, 4328, -1,
          527, 4328, 4329, -1,
          528, 527, 4329, -1,
          528, 4329, 4330, -1,
          529, 528, 4330, -1,
          529, 4330, 4331, -1,
          534, 529, 4331, -1,
          534, 4331, 4332, -1,
          535, 534, 4332, -1,
          535, 4332, 4333, -1,
          536, 535, 4333, -1,
          536, 4333, 4334, -1,
          531, 536, 4334, -1,
          531, 4334, 4335, -1,
          4336, 531, 4335, -1,
          532, 531, 4336, -1,
          526, 532, 4336, -1,
          526, 4336, 4337, -1,
          524, 526, 4337, -1,
          524, 4337, 4338, -1,
          522, 4338, 4339, -1,
          522, 524, 4338, -1,
          518, 4339, 4340, -1,
          518, 522, 4339, -1,
          515, 518, 4340, -1,
          515, 4340, 4341, -1,
          516, 4341, 4342, -1,
          516, 515, 4341, -1,
          501, 4342, 4343, -1,
          501, 516, 4342, -1,
          499, 4343, 4344, -1,
          499, 501, 4343, -1,
          498, 4344, 4345, -1,
          498, 499, 4344, -1,
          497, 4345, 4346, -1,
          497, 498, 4345, -1,
          495, 4346, 4347, -1,
          495, 497, 4346, -1,
          496, 495, 4347, -1,
          496, 4347, 4348, -1,
          492, 496, 4348, -1,
          492, 4348, 4349, -1,
          490, 492, 4349, -1,
          490, 4349, 4350, -1,
          486, 490, 4350, -1,
          486, 4350, 4351, -1,
          482, 486, 4351, -1,
          482, 4351, 4352, -1,
          483, 482, 4352, -1,
          483, 4352, 4353, -1,
          484, 483, 4353, -1,
          484, 4353, 4354, -1,
          468, 484, 4354, -1,
          468, 4354, 4355, -1,
          463, 468, 4355, -1,
          463, 4355, 4356, -1,
          464, 463, 4356, -1,
          464, 4356, 4357, -1,
          465, 464, 4357, -1,
          465, 4357, 4358, -1,
          424, 465, 4358, -1,
          424, 4358, 4359, -1,
          425, 424, 4359, -1,
          425, 4359, 4360, -1,
          426, 4360, 4361, -1,
          426, 425, 4360, -1,
          500, 4361, 4362, -1,
          500, 426, 4361, -1,
          503, 4362, 4363, -1,
          503, 500, 4362, -1,
          504, 4363, 4364, -1,
          504, 503, 4363, -1,
          505, 4364, 4365, -1,
          505, 504, 4364, -1,
          506, 4365, 4366, -1,
          506, 505, 4365, -1,
          507, 4366, 4367, -1,
          507, 506, 4366, -1,
          508, 4367, 4368, -1,
          508, 507, 4367, -1,
          509, 4368, 4369, -1,
          509, 508, 4368, -1,
          510, 4369, 4370, -1,
          510, 509, 4369, -1,
          511, 4370, 4371, -1,
          511, 510, 4370, -1,
          512, 4371, 4372, -1,
          512, 511, 4371, -1,
          513, 512, 4372, -1,
          513, 4372, 4373, -1,
          470, 513, 4373, -1,
          470, 4373, 4374, -1,
          471, 470, 4374, -1,
          471, 4374, 4375, -1,
          472, 4375, 4376, -1,
          472, 471, 4375, -1,
          473, 4376, 4377, -1,
          473, 472, 4376, -1,
          474, 4377, 4378, -1,
          474, 473, 4377, -1,
          475, 4378, 4379, -1,
          475, 474, 4378, -1,
          476, 4379, 4380, -1,
          476, 475, 4379, -1,
          461, 476, 4380, -1,
          461, 4380, 4381, -1,
          462, 461, 4381, -1,
          462, 4381, 4382, -1,
          456, 462, 4382, -1,
          456, 4382, 4383, -1,
          428, 456, 4383, -1,
          428, 4383, 4384, -1,
          364, 428, 4384, -1,
          364, 4384, 4385, -1,
          361, 364, 4385, -1,
          361, 4385, 4386, -1,
          360, 361, 4386, -1,
          360, 4386, 4387, -1,
          358, 360, 4387, -1,
          358, 4387, 4388, -1,
          356, 358, 4388, -1,
          356, 4388, 4389, -1,
          347, 356, 4389, -1,
          347, 4389, 4390, -1,
          348, 347, 4390, -1,
          348, 4390, 4391, -1,
          349, 348, 4391, -1,
          349, 4391, 4392, -1,
          4393, 349, 4392, -1,
          357, 349, 4393, -1,
          351, 357, 4393, -1,
          351, 4393, 4394, -1,
          352, 4394, 4395, -1,
          352, 351, 4394, -1,
          353, 4395, 4396, -1,
          353, 352, 4395, -1,
          4397, 353, 4396, -1,
          350, 353, 4397, -1,
          355, 4397, 4398, -1,
          355, 350, 4397, -1,
          4399, 355, 4398, -1,
          359, 355, 4399, -1,
          363, 4399, 4400, -1,
          363, 359, 4399, -1,
          369, 4400, 4401, -1,
          369, 363, 4400, -1,
          370, 4401, 4402, -1,
          370, 369, 4401, -1,
          368, 4402, 4403, -1,
          368, 370, 4402, -1,
          373, 4403, 4404, -1,
          373, 368, 4403, -1,
          4405, 373, 4404, -1,
          376, 373, 4405, -1,
          375, 376, 4405, -1,
          375, 4405, 4406, -1,
          379, 375, 4406, -1,
          379, 4406, 4407, -1,
          380, 379, 4407, -1,
          380, 4407, 4408, -1,
          422, 380, 4408, -1,
          422, 4408, 4409, -1,
          417, 422, 4409, -1,
          417, 4409, 4140, -1,
          4295, 4324, 4296, -1,
          4324, 4323, 4296, -1,
          4296, 4323, 4297, -1,
          4297, 4323, 4298, -1,
          4295, 4325, 4324, -1,
          4294, 4325, 4295, -1,
          4293, 4326, 4294, -1,
          4294, 4326, 4325, -1,
          4298, 4322, 4299, -1,
          4323, 4322, 4298, -1,
          4292, 4327, 4293, -1,
          4293, 4327, 4326, -1,
          4299, 4321, 4300, -1,
          4322, 4321, 4299, -1,
          4291, 4328, 4292, -1,
          4292, 4328, 4327, -1,
          4300, 4320, 4301, -1,
          4301, 4320, 4302, -1,
          4321, 4320, 4300, -1,
          4290, 4329, 4291, -1,
          4291, 4329, 4328, -1,
          4320, 4319, 4302, -1,
          4302, 4319, 4303, -1,
          4289, 4330, 4290, -1,
          4290, 4330, 4329, -1,
          4303, 4318, 4304, -1,
          4304, 4318, 4305, -1,
          4319, 4318, 4303, -1,
          4288, 4331, 4289, -1,
          4289, 4331, 4330, -1,
          4305, 4317, 4306, -1,
          4306, 4317, 4307, -1,
          4318, 4317, 4305, -1,
          4287, 4332, 4288, -1,
          4288, 4332, 4331, -1,
          4307, 4316, 4308, -1,
          4308, 4316, 4309, -1,
          4317, 4316, 4307, -1,
          4286, 4333, 4287, -1,
          4287, 4333, 4332, -1,
          4285, 4334, 4286, -1,
          4286, 4334, 4333, -1,
          4316, 4315, 4309, -1,
          4309, 4315, 4310, -1,
          4310, 4315, 4311, -1,
          4284, 4335, 4285, -1,
          4285, 4335, 4334, -1,
          4283, 4336, 4284, -1,
          4284, 4336, 4335, -1,
          4311, 4314, 4312, -1,
          4312, 4314, 4313, -1,
          4315, 4314, 4311, -1,
          4283, 4337, 4336, -1,
          4282, 4337, 4283, -1,
          4282, 4338, 4337, -1,
          4281, 4339, 4282, -1,
          4282, 4339, 4338, -1,
          4280, 4340, 4281, -1,
          4281, 4340, 4339, -1,
          4279, 4341, 4280, -1,
          4280, 4341, 4340, -1,
          4279, 4342, 4341, -1,
          4277, 4342, 4278, -1,
          4278, 4342, 4279, -1,
          4276, 4343, 4277, -1,
          4277, 4343, 4342, -1,
          4276, 4344, 4343, -1,
          4275, 4344, 4276, -1,
          4274, 4345, 4275, -1,
          4275, 4345, 4344, -1,
          4272, 4346, 4273, -1,
          4273, 4346, 4274, -1,
          4274, 4346, 4345, -1,
          4271, 4347, 4272, -1,
          4272, 4347, 4346, -1,
          4270, 4348, 4271, -1,
          4271, 4348, 4347, -1,
          4270, 4349, 4348, -1,
          4269, 4349, 4270, -1,
          4269, 4350, 4349, -1,
          4268, 4350, 4269, -1,
          4268, 4351, 4350, -1,
          4267, 4351, 4268, -1,
          4267, 4352, 4351, -1,
          4266, 4352, 4267, -1,
          4266, 4353, 4352, -1,
          4264, 4353, 4265, -1,
          4265, 4353, 4266, -1,
          4264, 4354, 4353, -1,
          4263, 4354, 4264, -1,
          4263, 4355, 4354, -1,
          4262, 4355, 4263, -1,
          4262, 4356, 4355, -1,
          4261, 4356, 4262, -1,
          4169, 4168, 4170, -1,
          4170, 4168, 4171, -1,
          4261, 4260, 4356, -1,
          4171, 4167, 4172, -1,
          4168, 4167, 4171, -1,
          4260, 4357, 4356, -1,
          4172, 4166, 4173, -1,
          4167, 4166, 4172, -1,
          4260, 4259, 4357, -1,
          4259, 4358, 4357, -1,
          4173, 4165, 4174, -1,
          4166, 4165, 4173, -1,
          4358, 4258, 4359, -1,
          4259, 4258, 4358, -1,
          4174, 4164, 4175, -1,
          4165, 4164, 4174, -1,
          4359, 4257, 4360, -1,
          4258, 4257, 4359, -1,
          4175, 4163, 4176, -1,
          4164, 4163, 4175, -1,
          4257, 4256, 4360, -1,
          4360, 4256, 4361, -1,
          4176, 4162, 4177, -1,
          4163, 4162, 4176, -1,
          4177, 4161, 4178, -1,
          4162, 4161, 4177, -1,
          4256, 4255, 4361, -1,
          4361, 4255, 4362, -1,
          4178, 4160, 4179, -1,
          4161, 4160, 4178, -1,
          4255, 4254, 4362, -1,
          4362, 4254, 4363, -1,
          4179, 4159, 4180, -1,
          4160, 4159, 4179, -1,
          4254, 4253, 4363, -1,
          4363, 4253, 4364, -1,
          4159, 4158, 4180, -1,
          4180, 4158, 4181, -1,
          4181, 4157, 4182, -1,
          4158, 4157, 4181, -1,
          4253, 4252, 4364, -1,
          4364, 4252, 4365, -1,
          4157, 4183, 4182, -1,
          4157, 4156, 4183, -1,
          4252, 4251, 4365, -1,
          4365, 4251, 4366, -1,
          4156, 4184, 4183, -1,
          4155, 4184, 4156, -1,
          4154, 4185, 4155, -1,
          4155, 4185, 4184, -1,
          4251, 4250, 4366, -1,
          4366, 4250, 4367, -1,
          4153, 4186, 4154, -1,
          4154, 4186, 4185, -1,
          4250, 4249, 4367, -1,
          4153, 4187, 4186, -1,
          4152, 4188, 4153, -1,
          4153, 4188, 4187, -1,
          4249, 4248, 4367, -1,
          4367, 4248, 4368, -1,
          4151, 4189, 4152, -1,
          4152, 4189, 4188, -1,
          4248, 4247, 4368, -1,
          4368, 4247, 4369, -1,
          4150, 4190, 4151, -1,
          4151, 4190, 4189, -1,
          4149, 4191, 4150, -1,
          4150, 4191, 4190, -1,
          4247, 4246, 4369, -1,
          4149, 4192, 4191, -1,
          4149, 4193, 4192, -1,
          4148, 4193, 4149, -1,
          4246, 4245, 4369, -1,
          4369, 4245, 4370, -1,
          4148, 4194, 4193, -1,
          4147, 4194, 4148, -1,
          4371, 4244, 4372, -1,
          4245, 4244, 4370, -1,
          4370, 4244, 4371, -1,
          4147, 4195, 4194, -1,
          4146, 4195, 4147, -1,
          4146, 4196, 4195, -1,
          4145, 4196, 4146, -1,
          4372, 4243, 4373, -1,
          4244, 4243, 4372, -1,
          4145, 4197, 4196, -1,
          4144, 4198, 4145, -1,
          4145, 4198, 4197, -1,
          4143, 4199, 4144, -1,
          4144, 4199, 4198, -1,
          4373, 4242, 4374, -1,
          4243, 4242, 4373, -1,
          4143, 4200, 4199, -1,
          4142, 4200, 4143, -1,
          4374, 4241, 4375, -1,
          4242, 4241, 4374, -1,
          4142, 4201, 4200, -1,
          4141, 4201, 4142, -1,
          4241, 4240, 4375, -1,
          4141, 4202, 4201, -1,
          4140, 4202, 4141, -1,
          4375, 4239, 4376, -1,
          4240, 4239, 4375, -1,
          4376, 4238, 4377, -1,
          4239, 4238, 4376, -1,
          4408, 4204, 4409, -1,
          4409, 4204, 4140, -1,
          4140, 4204, 4202, -1,
          4377, 4237, 4378, -1,
          4238, 4237, 4377, -1,
          4406, 4205, 4407, -1,
          4407, 4205, 4408, -1,
          4408, 4205, 4204, -1,
          4237, 4236, 4378, -1,
          4378, 4236, 4379, -1,
          4406, 4206, 4205, -1,
          4405, 4206, 4406, -1,
          4379, 4235, 4380, -1,
          4236, 4235, 4379, -1,
          4403, 4207, 4404, -1,
          4404, 4207, 4405, -1,
          4405, 4207, 4206, -1,
          4380, 4234, 4381, -1,
          4235, 4234, 4380, -1,
          4402, 4208, 4403, -1,
          4403, 4208, 4207, -1,
          4381, 4233, 4382, -1,
          4234, 4233, 4381, -1,
          4402, 4209, 4208, -1,
          4401, 4209, 4402, -1,
          4382, 4232, 4383, -1,
          4233, 4232, 4382, -1,
          4401, 4210, 4209, -1,
          4400, 4210, 4401, -1,
          4383, 4231, 4384, -1,
          4232, 4231, 4383, -1,
          4400, 4211, 4210, -1,
          4231, 4230, 4384, -1,
          4384, 4230, 4385, -1,
          4230, 4229, 4385, -1,
          4399, 4212, 4400, -1,
          4400, 4212, 4211, -1,
          4385, 4228, 4386, -1,
          4229, 4228, 4385, -1,
          4399, 4213, 4212, -1,
          4398, 4213, 4399, -1,
          4386, 4227, 4387, -1,
          4228, 4227, 4386, -1,
          4397, 4214, 4398, -1,
          4398, 4214, 4213, -1,
          4387, 4226, 4388, -1,
          4227, 4226, 4387, -1,
          4397, 4215, 4214, -1,
          4388, 4225, 4389, -1,
          4226, 4225, 4388, -1,
          4396, 4216, 4397, -1,
          4397, 4216, 4215, -1,
          4225, 4224, 4389, -1,
          4395, 4217, 4396, -1,
          4396, 4217, 4216, -1,
          4389, 4223, 4390, -1,
          4224, 4223, 4389, -1,
          4394, 4218, 4395, -1,
          4395, 4218, 4217, -1,
          4390, 4222, 4391, -1,
          4223, 4222, 4390, -1,
          4393, 4219, 4394, -1,
          4394, 4219, 4218, -1,
          4391, 4221, 4392, -1,
          4222, 4221, 4391, -1,
          4392, 4220, 4393, -1,
          4221, 4220, 4392, -1,
          4393, 4220, 4219, -1,
          4410, 429, 488, -1,
          4410, 488, 4411, -1,
          4412, 554, 429, -1,
          4412, 429, 4410, -1,
          554, 4412, 4413, -1,
          554, 4413, 722, -1,
          4413, 550, 722, -1,
          4413, 4414, 550, -1,
          551, 550, 4414, -1,
          551, 4414, 4415, -1,
          549, 551, 4415, -1,
          549, 4415, 4416, -1,
          4416, 723, 549, -1,
          4416, 4417, 723, -1,
          723, 4417, 4418, -1,
          723, 4418, 611, -1,
          611, 4418, 4419, -1,
          611, 4419, 552, -1,
          4420, 548, 552, -1,
          4420, 552, 4419, -1,
          4421, 2465, 548, -1,
          4421, 548, 4420, -1,
          4421, 546, 2465, -1,
          4421, 4422, 546, -1,
          4423, 519, 546, -1,
          4423, 546, 4422, -1,
          4423, 2466, 519, -1,
          4423, 4424, 2466, -1,
          2466, 4424, 4411, -1,
          2466, 4411, 488, -1,
          4422, 4415, 4423, -1,
          4419, 4418, 4421, -1,
          4418, 4417, 4421, -1,
          4424, 4412, 4410, -1,
          4413, 4412, 4424, -1,
          4414, 4413, 4424, -1,
          4417, 4416, 4421, -1,
          4421, 4420, 4419, -1,
          4422, 4421, 4415, -1,
          4415, 4421, 4416, -1,
          4424, 4423, 4415, -1,
          4424, 4415, 4414, -1,
          4411, 4424, 4410, -1,
          2507, 4425, 4426, -1,
          2507, 4426, 604, -1,
          604, 4426, 4427, -1,
          604, 4427, 591, -1,
          4428, 580, 591, -1,
          4428, 591, 4427, -1,
          582, 580, 4428, -1,
          582, 4428, 4429, -1,
          583, 4429, 4430, -1,
          583, 582, 4429, -1,
          584, 4430, 4431, -1,
          584, 583, 4430, -1,
          585, 4431, 4432, -1,
          585, 584, 4431, -1,
          586, 4432, 4433, -1,
          586, 585, 4432, -1,
          587, 4433, 4434, -1,
          587, 586, 4433, -1,
          588, 4434, 4435, -1,
          588, 587, 4434, -1,
          589, 588, 4435, -1,
          589, 4435, 4436, -1,
          2457, 4437, 4438, -1,
          2457, 590, 4437, -1,
          2458, 4438, 4439, -1,
          2458, 2457, 4438, -1,
          2459, 4439, 4440, -1,
          2459, 2458, 4439, -1,
          2460, 4440, 4441, -1,
          2460, 2459, 4440, -1,
          595, 4441, 4442, -1,
          595, 2460, 4441, -1,
          596, 4442, 4443, -1,
          596, 595, 4442, -1,
          597, 4443, 4444, -1,
          597, 596, 4443, -1,
          598, 4444, 4445, -1,
          598, 597, 4444, -1,
          599, 4445, 4446, -1,
          599, 598, 4445, -1,
          600, 4446, 4447, -1,
          600, 599, 4446, -1,
          601, 4447, 4448, -1,
          601, 600, 4447, -1,
          602, 4448, 4449, -1,
          602, 601, 4448, -1,
          603, 4449, 4450, -1,
          603, 602, 4449, -1,
          609, 4450, 4451, -1,
          609, 603, 4450, -1,
          4452, 590, 589, -1,
          4452, 4436, 4437, -1,
          4452, 589, 4436, -1,
          4452, 4437, 590, -1,
          610, 609, 4451, -1,
          610, 4451, 4453, -1,
          618, 4453, 4454, -1,
          618, 610, 4453, -1,
          639, 4454, 4455, -1,
          639, 618, 4454, -1,
          650, 4455, 4456, -1,
          650, 639, 4455, -1,
          664, 4456, 4457, -1,
          664, 650, 4456, -1,
          669, 4457, 4458, -1,
          669, 664, 4457, -1,
          686, 4458, 4459, -1,
          686, 669, 4458, -1,
          736, 4459, 4460, -1,
          736, 686, 4459, -1,
          740, 4460, 4461, -1,
          740, 736, 4460, -1,
          742, 4461, 4462, -1,
          742, 740, 4461, -1,
          746, 4462, 4463, -1,
          746, 742, 4462, -1,
          748, 4463, 4464, -1,
          748, 746, 4463, -1,
          750, 4464, 4465, -1,
          750, 748, 4464, -1,
          751, 4465, 4466, -1,
          751, 750, 4465, -1,
          777, 4466, 4467, -1,
          777, 751, 4466, -1,
          778, 777, 4467, -1,
          778, 4467, 4468, -1,
          4469, 778, 4468, -1,
          789, 778, 4469, -1,
          753, 789, 4469, -1,
          753, 4469, 4470, -1,
          754, 4470, 4471, -1,
          754, 753, 4470, -1,
          752, 4471, 4472, -1,
          752, 754, 4471, -1,
          757, 4472, 4473, -1,
          757, 752, 4472, -1,
          758, 4473, 4474, -1,
          758, 757, 4473, -1,
          756, 4474, 4475, -1,
          756, 758, 4474, -1,
          771, 4475, 4476, -1,
          771, 756, 4475, -1,
          780, 4476, 4477, -1,
          780, 771, 4476, -1,
          781, 4477, 4478, -1,
          781, 780, 4477, -1,
          779, 4478, 4479, -1,
          779, 781, 4478, -1,
          782, 779, 4479, -1,
          782, 4479, 4480, -1,
          783, 782, 4480, -1,
          783, 4480, 4481, -1,
          787, 783, 4481, -1,
          787, 4481, 4482, -1,
          790, 787, 4482, -1,
          790, 4482, 4483, -1,
          788, 790, 4483, -1,
          788, 4483, 4484, -1,
          785, 788, 4484, -1,
          785, 4484, 4485, -1,
          786, 785, 4485, -1,
          786, 4485, 4486, -1,
          776, 786, 4486, -1,
          776, 4486, 4487, -1,
          775, 776, 4487, -1,
          775, 4487, 4488, -1,
          772, 775, 4488, -1,
          772, 4488, 4489, -1,
          773, 772, 4489, -1,
          773, 4489, 4490, -1,
          774, 773, 4490, -1,
          774, 4490, 4491, -1,
          755, 4491, 4492, -1,
          755, 774, 4491, -1,
          749, 4492, 4493, -1,
          749, 755, 4492, -1,
          4494, 749, 4493, -1,
          747, 749, 4494, -1,
          745, 4494, 4495, -1,
          745, 747, 4494, -1,
          741, 4495, 4496, -1,
          741, 745, 4495, -1,
          739, 4496, 4497, -1,
          739, 741, 4496, -1,
          735, 739, 4497, -1,
          735, 4497, 4498, -1,
          726, 4499, 4500, -1,
          726, 729, 4499, -1,
          719, 4500, 4501, -1,
          719, 726, 4500, -1,
          713, 4501, 4502, -1,
          713, 719, 4501, -1,
          700, 4502, 4503, -1,
          700, 713, 4502, -1,
          693, 4503, 4504, -1,
          693, 700, 4503, -1,
          694, 4504, 4505, -1,
          694, 693, 4504, -1,
          687, 4505, 4506, -1,
          687, 694, 4505, -1,
          683, 687, 4506, -1,
          683, 4506, 4507, -1,
          680, 683, 4507, -1,
          680, 4507, 4508, -1,
          670, 680, 4508, -1,
          670, 4508, 4509, -1,
          671, 670, 4509, -1,
          671, 4509, 4510, -1,
          672, 671, 4510, -1,
          672, 4510, 4511, -1,
          659, 672, 4511, -1,
          659, 4511, 4512, -1,
          651, 659, 4512, -1,
          651, 4512, 4513, -1,
          645, 651, 4513, -1,
          645, 4513, 4514, -1,
          646, 645, 4514, -1,
          646, 4514, 4515, -1,
          647, 646, 4515, -1,
          647, 4515, 4516, -1,
          652, 647, 4516, -1,
          652, 4516, 4517, -1,
          653, 652, 4517, -1,
          653, 4517, 4518, -1,
          660, 653, 4518, -1,
          660, 4518, 4519, -1,
          684, 4519, 4520, -1,
          684, 660, 4519, -1,
          685, 4520, 4521, -1,
          685, 684, 4520, -1,
          695, 4521, 4522, -1,
          695, 685, 4521, -1,
          696, 4522, 4523, -1,
          696, 695, 4522, -1,
          701, 4523, 4524, -1,
          701, 696, 4523, -1,
          4525, 701, 4524, -1,
          720, 701, 4525, -1,
          608, 4525, 4526, -1,
          608, 720, 4525, -1,
          4527, 729, 735, -1,
          4527, 4498, 4499, -1,
          4527, 735, 4498, -1,
          4527, 4499, 729, -1,
          4526, 594, 608, -1,
          4526, 4528, 594, -1,
          2461, 594, 4528, -1,
          2461, 4528, 4529, -1,
          2462, 4529, 4530, -1,
          2462, 2461, 4529, -1,
          2463, 4530, 4531, -1,
          2463, 2462, 4530, -1,
          2464, 4531, 4532, -1,
          2464, 2463, 4531, -1,
          612, 4532, 4533, -1,
          612, 2464, 4532, -1,
          613, 4533, 4534, -1,
          613, 612, 4533, -1,
          614, 4534, 4535, -1,
          614, 613, 4534, -1,
          615, 4535, 4536, -1,
          615, 614, 4535, -1,
          617, 615, 4536, -1,
          617, 4536, 4537, -1,
          619, 617, 4537, -1,
          619, 4537, 4538, -1,
          620, 619, 4538, -1,
          620, 4538, 4539, -1,
          626, 620, 4539, -1,
          626, 4539, 4540, -1,
          636, 626, 4540, -1,
          636, 4540, 4541, -1,
          644, 636, 4541, -1,
          644, 4541, 4542, -1,
          656, 644, 4542, -1,
          656, 4542, 4543, -1,
          662, 656, 4543, -1,
          662, 4543, 4544, -1,
          666, 662, 4544, -1,
          666, 4544, 4545, -1,
          673, 666, 4545, -1,
          673, 4545, 4546, -1,
          682, 673, 4546, -1,
          682, 4546, 4547, -1,
          690, 682, 4547, -1,
          690, 4547, 4548, -1,
          692, 690, 4548, -1,
          692, 4548, 4549, -1,
          699, 4549, 4550, -1,
          699, 692, 4549, -1,
          714, 4550, 4551, -1,
          714, 699, 4550, -1,
          901, 4551, 4552, -1,
          901, 714, 4551, -1,
          902, 4552, 4553, -1,
          902, 901, 4552, -1,
          903, 4553, 4554, -1,
          903, 902, 4553, -1,
          904, 4554, 4555, -1,
          904, 903, 4554, -1,
          905, 4555, 4556, -1,
          905, 904, 4555, -1,
          906, 4556, 4557, -1,
          906, 905, 4556, -1,
          907, 4557, 4558, -1,
          907, 906, 4557, -1,
          908, 4558, 4559, -1,
          908, 907, 4558, -1,
          968, 4559, 4560, -1,
          968, 908, 4559, -1,
          969, 968, 4560, -1,
          969, 4560, 4561, -1,
          971, 4562, 4563, -1,
          971, 970, 4562, -1,
          972, 4563, 4564, -1,
          972, 971, 4563, -1,
          973, 4564, 4565, -1,
          973, 972, 4564, -1,
          974, 4565, 4566, -1,
          974, 973, 4565, -1,
          965, 4566, 4567, -1,
          965, 974, 4566, -1,
          966, 965, 4567, -1,
          966, 4567, 4568, -1,
          967, 966, 4568, -1,
          967, 4568, 4569, -1,
          1023, 967, 4569, -1,
          1023, 4569, 4570, -1,
          945, 1023, 4570, -1,
          945, 4570, 4571, -1,
          946, 945, 4571, -1,
          946, 4571, 4572, -1,
          947, 946, 4572, -1,
          947, 4572, 4573, -1,
          4574, 947, 4573, -1,
          948, 947, 4574, -1,
          949, 948, 4574, -1,
          949, 4574, 4575, -1,
          950, 949, 4575, -1,
          950, 4575, 4576, -1,
          951, 950, 4576, -1,
          951, 4576, 4577, -1,
          952, 951, 4577, -1,
          952, 4577, 4578, -1,
          953, 952, 4578, -1,
          953, 4578, 4579, -1,
          954, 953, 4579, -1,
          954, 4579, 4580, -1,
          955, 954, 4580, -1,
          955, 4580, 4581, -1,
          956, 4581, 4582, -1,
          956, 955, 4581, -1,
          957, 4582, 4583, -1,
          957, 956, 4582, -1,
          958, 4583, 4584, -1,
          958, 957, 4583, -1,
          959, 4584, 4585, -1,
          959, 958, 4584, -1,
          960, 4585, 4586, -1,
          960, 959, 4585, -1,
          961, 4586, 4587, -1,
          961, 960, 4586, -1,
          962, 4587, 4588, -1,
          962, 961, 4587, -1,
          2454, 4588, 4589, -1,
          2454, 962, 4588, -1,
          2453, 4589, 4590, -1,
          2453, 2454, 4589, -1,
          2452, 4590, 4591, -1,
          2452, 2453, 4590, -1,
          4592, 2452, 4591, -1,
          2451, 2452, 4592, -1,
          2450, 4592, 4593, -1,
          2450, 2451, 4592, -1,
          4594, 970, 969, -1,
          4594, 4561, 4562, -1,
          4594, 969, 4561, -1,
          4594, 4562, 970, -1,
          2449, 2450, 4593, -1,
          2449, 4593, 4595, -1,
          792, 4596, 4597, -1,
          792, 2448, 4596, -1,
          784, 4597, 4598, -1,
          784, 792, 4597, -1,
          760, 4598, 4599, -1,
          760, 784, 4598, -1,
          761, 4599, 4600, -1,
          761, 760, 4599, -1,
          762, 4600, 4601, -1,
          762, 761, 4600, -1,
          763, 4601, 4602, -1,
          763, 762, 4601, -1,
          764, 4602, 4603, -1,
          764, 763, 4602, -1,
          765, 4603, 4604, -1,
          765, 764, 4603, -1,
          766, 4604, 4605, -1,
          766, 765, 4604, -1,
          767, 4605, 4606, -1,
          767, 766, 4605, -1,
          768, 4606, 4607, -1,
          768, 767, 4606, -1,
          769, 768, 4607, -1,
          769, 4607, 4608, -1,
          677, 769, 4608, -1,
          677, 4608, 4609, -1,
          678, 677, 4609, -1,
          678, 4609, 4610, -1,
          679, 678, 4610, -1,
          679, 4610, 4611, -1,
          629, 679, 4611, -1,
          629, 4611, 4612, -1,
          616, 629, 4612, -1,
          616, 4612, 4613, -1,
          607, 616, 4613, -1,
          607, 4613, 4614, -1,
          605, 607, 4614, -1,
          605, 4614, 4615, -1,
          4616, 2448, 2449, -1,
          4616, 4595, 4596, -1,
          4616, 2449, 4595, -1,
          4616, 4596, 2448, -1,
          606, 605, 4615, -1,
          606, 4615, 4617, -1,
          2512, 4617, 4618, -1,
          2512, 606, 4617, -1,
          2511, 4618, 4619, -1,
          2511, 2512, 4618, -1,
          2510, 4619, 4620, -1,
          2510, 2511, 4619, -1,
          2509, 4620, 4621, -1,
          2509, 2510, 4620, -1,
          2508, 4621, 4622, -1,
          2508, 2509, 4621, -1,
          2507, 4622, 4425, -1,
          2507, 2508, 4622, -1,
          4425, 4436, 4435, -1,
          4425, 4437, 4436, -1,
          4425, 4438, 4437, -1,
          4425, 4439, 4438, -1,
          4425, 4440, 4439, -1,
          4425, 4441, 4440, -1,
          4425, 4442, 4441, -1,
          4425, 4429, 4428, -1,
          4425, 4430, 4429, -1,
          4425, 4431, 4430, -1,
          4425, 4432, 4431, -1,
          4425, 4433, 4432, -1,
          4425, 4434, 4433, -1,
          4425, 4435, 4434, -1,
          4622, 4442, 4425, -1,
          4622, 4443, 4442, -1,
          4621, 4443, 4622, -1,
          4621, 4444, 4443, -1,
          4445, 4444, 4621, -1,
          4620, 4445, 4621, -1,
          4446, 4445, 4620, -1,
          4619, 4446, 4620, -1,
          4447, 4446, 4619, -1,
          4618, 4447, 4619, -1,
          4448, 4447, 4618, -1,
          4449, 4448, 4618, -1,
          4617, 4449, 4618, -1,
          4450, 4449, 4617, -1,
          4451, 4450, 4617, -1,
          4427, 4425, 4428, -1,
          4615, 4451, 4617, -1,
          4453, 4451, 4615, -1,
          4614, 4453, 4615, -1,
          4525, 4529, 4528, -1,
          4525, 4528, 4526, -1,
          4524, 4530, 4529, -1,
          4524, 4529, 4525, -1,
          4613, 4453, 4614, -1,
          4523, 4531, 4530, -1,
          4523, 4530, 4524, -1,
          4522, 4532, 4531, -1,
          4522, 4531, 4523, -1,
          4521, 4533, 4532, -1,
          4521, 4532, 4522, -1,
          4454, 4453, 4613, -1,
          4520, 4533, 4521, -1,
          4520, 4534, 4533, -1,
          4519, 4534, 4520, -1,
          4519, 4535, 4534, -1,
          4518, 4536, 4535, -1,
          4518, 4535, 4519, -1,
          4517, 4537, 4536, -1,
          4517, 4536, 4518, -1,
          4612, 4454, 4613, -1,
          4516, 4537, 4517, -1,
          4516, 4538, 4537, -1,
          4516, 4539, 4538, -1,
          4455, 4454, 4612, -1,
          4515, 4539, 4516, -1,
          4515, 4540, 4539, -1,
          4611, 4455, 4612, -1,
          4514, 4540, 4515, -1,
          4514, 4541, 4540, -1,
          4514, 4542, 4541, -1,
          4513, 4542, 4514, -1,
          4543, 4542, 4513, -1,
          4610, 4455, 4611, -1,
          4610, 4456, 4455, -1,
          4512, 4543, 4513, -1,
          4544, 4543, 4512, -1,
          4609, 4456, 4610, -1,
          4609, 4457, 4456, -1,
          4545, 4512, 4511, -1,
          4545, 4544, 4512, -1,
          4546, 4511, 4510, -1,
          4546, 4545, 4511, -1,
          4608, 4457, 4609, -1,
          4608, 4458, 4457, -1,
          4547, 4510, 4509, -1,
          4547, 4546, 4510, -1,
          4607, 4458, 4608, -1,
          4607, 4459, 4458, -1,
          4548, 4509, 4508, -1,
          4548, 4547, 4509, -1,
          4549, 4548, 4508, -1,
          4606, 4459, 4607, -1,
          4606, 4460, 4459, -1,
          4550, 4507, 4506, -1,
          4550, 4508, 4507, -1,
          4550, 4549, 4508, -1,
          4605, 4460, 4606, -1,
          4605, 4461, 4460, -1,
          4551, 4506, 4505, -1,
          4551, 4550, 4506, -1,
          4552, 4505, 4504, -1,
          4552, 4551, 4505, -1,
          4604, 4461, 4605, -1,
          4553, 4552, 4504, -1,
          4603, 4462, 4461, -1,
          4603, 4461, 4604, -1,
          4554, 4504, 4503, -1,
          4554, 4553, 4504, -1,
          4602, 4462, 4603, -1,
          4602, 4463, 4462, -1,
          4555, 4503, 4502, -1,
          4555, 4554, 4503, -1,
          4601, 4463, 4602, -1,
          4601, 4464, 4463, -1,
          4556, 4555, 4502, -1,
          4556, 4502, 4501, -1,
          4600, 4464, 4601, -1,
          4600, 4465, 4464, -1,
          4557, 4556, 4501, -1,
          4557, 4500, 4499, -1,
          4557, 4501, 4500, -1,
          4599, 4466, 4465, -1,
          4599, 4465, 4600, -1,
          4558, 4557, 4499, -1,
          4558, 4499, 4498, -1,
          4598, 4466, 4599, -1,
          4598, 4467, 4466, -1,
          4559, 4558, 4498, -1,
          4559, 4498, 4497, -1,
          4597, 4467, 4598, -1,
          4596, 4467, 4597, -1,
          4596, 4468, 4467, -1,
          4560, 4559, 4497, -1,
          4560, 4497, 4496, -1,
          4595, 4468, 4596, -1,
          4595, 4469, 4468, -1,
          4561, 4560, 4496, -1,
          4561, 4496, 4495, -1,
          4593, 4469, 4595, -1,
          4562, 4561, 4495, -1,
          4562, 4495, 4494, -1,
          4592, 4470, 4469, -1,
          4592, 4469, 4593, -1,
          4591, 4470, 4592, -1,
          4563, 4562, 4494, -1,
          4563, 4494, 4493, -1,
          4590, 4470, 4591, -1,
          4590, 4471, 4470, -1,
          4589, 4472, 4471, -1,
          4589, 4471, 4590, -1,
          4564, 4563, 4493, -1,
          4564, 4493, 4492, -1,
          4588, 4473, 4472, -1,
          4588, 4472, 4589, -1,
          4565, 4564, 4492, -1,
          4565, 4492, 4491, -1,
          4587, 4474, 4473, -1,
          4587, 4473, 4588, -1,
          4566, 4565, 4491, -1,
          4566, 4491, 4490, -1,
          4586, 4474, 4587, -1,
          4567, 4566, 4490, -1,
          4567, 4490, 4489, -1,
          4585, 4475, 4474, -1,
          4585, 4474, 4586, -1,
          4568, 4567, 4489, -1,
          4568, 4489, 4488, -1,
          4584, 4476, 4475, -1,
          4584, 4475, 4585, -1,
          4569, 4568, 4488, -1,
          4569, 4488, 4487, -1,
          4583, 4477, 4476, -1,
          4583, 4476, 4584, -1,
          4570, 4569, 4487, -1,
          4570, 4487, 4486, -1,
          4582, 4478, 4477, -1,
          4582, 4477, 4583, -1,
          4571, 4570, 4486, -1,
          4581, 4479, 4478, -1,
          4581, 4478, 4582, -1,
          4572, 4571, 4486, -1,
          4572, 4486, 4485, -1,
          4580, 4479, 4581, -1,
          4573, 4572, 4485, -1,
          4579, 4480, 4479, -1,
          4579, 4479, 4580, -1,
          4574, 4485, 4484, -1,
          4574, 4573, 4485, -1,
          4578, 4481, 4480, -1,
          4578, 4480, 4579, -1,
          4575, 4484, 4483, -1,
          4575, 4574, 4484, -1,
          4577, 4482, 4481, -1,
          4577, 4481, 4578, -1,
          4576, 4483, 4482, -1,
          4576, 4575, 4483, -1,
          4576, 4482, 4577, -1,
          4426, 4425, 4427, -1,
          681, 688, 4623, -1,
          681, 4623, 4624, -1,
          674, 4624, 4625, -1,
          674, 681, 4624, -1,
          663, 4626, 4627, -1,
          663, 667, 4626, -1,
          658, 4627, 4628, -1,
          658, 663, 4627, -1,
          655, 4628, 4629, -1,
          655, 658, 4628, -1,
          649, 4629, 4630, -1,
          649, 655, 4629, -1,
          643, 649, 4630, -1,
          643, 4630, 4631, -1,
          641, 643, 4631, -1,
          641, 4631, 4632, -1,
          638, 641, 4632, -1,
          638, 4632, 4633, -1,
          635, 638, 4633, -1,
          635, 4633, 4634, -1,
          633, 635, 4634, -1,
          633, 4634, 4635, -1,
          630, 633, 4635, -1,
          630, 4635, 4636, -1,
          627, 630, 4636, -1,
          627, 4636, 4637, -1,
          4638, 627, 4637, -1,
          624, 627, 4638, -1,
          621, 624, 4638, -1,
          621, 4638, 4639, -1,
          622, 621, 4639, -1,
          622, 4639, 4640, -1,
          623, 622, 4640, -1,
          623, 4640, 4641, -1,
          625, 623, 4641, -1,
          625, 4641, 4642, -1,
          628, 625, 4642, -1,
          628, 4642, 4643, -1,
          631, 628, 4643, -1,
          631, 4643, 4644, -1,
          632, 4644, 4645, -1,
          632, 631, 4644, -1,
          634, 4645, 4646, -1,
          634, 632, 4645, -1,
          637, 4646, 4647, -1,
          637, 634, 4646, -1,
          640, 4647, 4648, -1,
          640, 637, 4647, -1,
          642, 4648, 4649, -1,
          642, 640, 4648, -1,
          648, 4649, 4650, -1,
          648, 642, 4649, -1,
          654, 4650, 4651, -1,
          654, 648, 4650, -1,
          657, 4651, 4652, -1,
          657, 654, 4651, -1,
          661, 4652, 4653, -1,
          661, 657, 4652, -1,
          665, 4653, 4654, -1,
          665, 661, 4653, -1,
          668, 4654, 4655, -1,
          668, 665, 4654, -1,
          676, 668, 4655, -1,
          676, 4655, 4656, -1,
          4657, 667, 674, -1,
          4657, 4625, 4626, -1,
          4657, 674, 4625, -1,
          4657, 4626, 667, -1,
          4656, 770, 676, -1,
          4656, 4658, 770, -1,
          819, 770, 4658, -1,
          819, 4658, 4659, -1,
          744, 4659, 4660, -1,
          744, 819, 4659, -1,
          738, 4660, 4661, -1,
          738, 744, 4660, -1,
          733, 4661, 4662, -1,
          733, 738, 4661, -1,
          734, 4662, 4663, -1,
          734, 733, 4662, -1,
          731, 4663, 4664, -1,
          731, 734, 4663, -1,
          725, 4664, 4665, -1,
          725, 731, 4664, -1,
          708, 4665, 4666, -1,
          708, 725, 4665, -1,
          709, 4666, 4667, -1,
          709, 708, 4666, -1,
          710, 4667, 4668, -1,
          710, 709, 4667, -1,
          707, 4668, 4669, -1,
          707, 710, 4668, -1,
          703, 707, 4669, -1,
          703, 4669, 4670, -1,
          704, 703, 4670, -1,
          704, 4670, 4671, -1,
          705, 704, 4671, -1,
          705, 4671, 4672, -1,
          702, 705, 4672, -1,
          702, 4672, 4673, -1,
          706, 702, 4673, -1,
          706, 4673, 4674, -1,
          716, 706, 4674, -1,
          716, 4674, 4675, -1,
          717, 716, 4675, -1,
          717, 4675, 4676, -1,
          4677, 717, 4676, -1,
          718, 717, 4677, -1,
          715, 718, 4677, -1,
          715, 4677, 4678, -1,
          724, 715, 4678, -1,
          724, 4678, 4679, -1,
          727, 724, 4679, -1,
          727, 4679, 4680, -1,
          728, 727, 4680, -1,
          728, 4680, 4681, -1,
          730, 4681, 4682, -1,
          730, 728, 4681, -1,
          732, 4682, 4683, -1,
          732, 730, 4682, -1,
          737, 4683, 4684, -1,
          737, 732, 4683, -1,
          743, 737, 4684, -1,
          743, 4684, 4685, -1,
          815, 4685, 4686, -1,
          815, 743, 4685, -1,
          807, 4686, 4687, -1,
          807, 815, 4686, -1,
          808, 4687, 4688, -1,
          808, 807, 4687, -1,
          804, 4688, 4689, -1,
          804, 808, 4688, -1,
          794, 4689, 4690, -1,
          794, 804, 4689, -1,
          795, 4690, 4691, -1,
          795, 794, 4690, -1,
          796, 4691, 4692, -1,
          796, 795, 4691, -1,
          797, 4692, 4693, -1,
          797, 796, 4692, -1,
          793, 797, 4693, -1,
          793, 4693, 4694, -1,
          798, 793, 4694, -1,
          798, 4694, 4695, -1,
          801, 798, 4695, -1,
          801, 4695, 4696, -1,
          802, 801, 4696, -1,
          802, 4696, 4697, -1,
          800, 802, 4697, -1,
          800, 4697, 4698, -1,
          803, 800, 4698, -1,
          803, 4698, 4699, -1,
          806, 803, 4699, -1,
          806, 4699, 4700, -1,
          811, 806, 4700, -1,
          811, 4700, 4701, -1,
          814, 811, 4701, -1,
          814, 4701, 4702, -1,
          816, 814, 4702, -1,
          816, 4702, 4703, -1,
          4704, 816, 4703, -1,
          817, 816, 4704, -1,
          818, 817, 4704, -1,
          818, 4704, 4705, -1,
          820, 818, 4705, -1,
          820, 4705, 4706, -1,
          4707, 820, 4706, -1,
          821, 820, 4707, -1,
          822, 4707, 4708, -1,
          822, 821, 4707, -1,
          827, 4708, 4709, -1,
          827, 822, 4708, -1,
          831, 4709, 4710, -1,
          831, 827, 4709, -1,
          834, 4710, 4711, -1,
          834, 831, 4710, -1,
          835, 4711, 4712, -1,
          835, 834, 4711, -1,
          838, 4712, 4713, -1,
          838, 835, 4712, -1,
          840, 4713, 4714, -1,
          840, 838, 4713, -1,
          842, 840, 4714, -1,
          842, 4714, 4715, -1,
          844, 4715, 4716, -1,
          844, 842, 4715, -1,
          845, 4716, 4717, -1,
          845, 844, 4716, -1,
          846, 4717, 4718, -1,
          846, 845, 4717, -1,
          849, 4718, 4719, -1,
          849, 846, 4718, -1,
          851, 4719, 4720, -1,
          851, 849, 4719, -1,
          868, 4720, 4721, -1,
          868, 851, 4720, -1,
          869, 4721, 4722, -1,
          869, 868, 4721, -1,
          872, 4722, 4723, -1,
          872, 869, 4722, -1,
          871, 872, 4723, -1,
          871, 4723, 4724, -1,
          878, 871, 4724, -1,
          878, 4724, 4725, -1,
          879, 878, 4725, -1,
          879, 4725, 4726, -1,
          881, 879, 4726, -1,
          881, 4726, 4727, -1,
          883, 881, 4727, -1,
          883, 4727, 4728, -1,
          884, 883, 4728, -1,
          884, 4728, 4729, -1,
          4730, 884, 4729, -1,
          885, 884, 4730, -1,
          882, 885, 4730, -1,
          882, 4730, 4731, -1,
          880, 882, 4731, -1,
          880, 4731, 4732, -1,
          873, 880, 4732, -1,
          873, 4732, 4733, -1,
          4734, 873, 4733, -1,
          874, 873, 4734, -1,
          875, 874, 4734, -1,
          875, 4734, 4735, -1,
          876, 875, 4735, -1,
          876, 4735, 4736, -1,
          877, 4736, 4737, -1,
          877, 876, 4736, -1,
          870, 4737, 4738, -1,
          870, 877, 4737, -1,
          852, 4738, 4739, -1,
          852, 870, 4738, -1,
          850, 4739, 4740, -1,
          850, 852, 4739, -1,
          847, 4740, 4741, -1,
          847, 850, 4740, -1,
          848, 4741, 4742, -1,
          848, 847, 4741, -1,
          843, 4742, 4743, -1,
          843, 848, 4742, -1,
          841, 4743, 4744, -1,
          841, 843, 4743, -1,
          839, 841, 4744, -1,
          839, 4744, 4745, -1,
          832, 4746, 4747, -1,
          832, 836, 4746, -1,
          828, 4747, 4748, -1,
          828, 832, 4747, -1,
          823, 4748, 4749, -1,
          823, 828, 4748, -1,
          824, 4749, 4750, -1,
          824, 823, 4749, -1,
          825, 4750, 4751, -1,
          825, 824, 4750, -1,
          826, 4751, 4752, -1,
          826, 825, 4751, -1,
          829, 4752, 4753, -1,
          829, 826, 4752, -1,
          830, 4753, 4754, -1,
          830, 829, 4753, -1,
          833, 4754, 4755, -1,
          833, 830, 4754, -1,
          837, 4755, 4756, -1,
          837, 833, 4755, -1,
          813, 4756, 4757, -1,
          813, 837, 4756, -1,
          812, 4757, 4758, -1,
          812, 813, 4757, -1,
          809, 4758, 4759, -1,
          809, 812, 4758, -1,
          810, 809, 4759, -1,
          810, 4759, 4760, -1,
          805, 810, 4760, -1,
          805, 4760, 4761, -1,
          799, 805, 4761, -1,
          799, 4761, 4762, -1,
          4763, 836, 839, -1,
          4763, 4745, 4746, -1,
          4763, 839, 4745, -1,
          4763, 4746, 836, -1,
          4762, 759, 799, -1,
          4762, 4764, 759, -1,
          4764, 944, 759, -1,
          4764, 4765, 944, -1,
          944, 4765, 4766, -1,
          944, 4766, 1027, -1,
          1027, 4766, 4767, -1,
          1027, 4767, 1001, -1,
          4768, 913, 1001, -1,
          4768, 1001, 4767, -1,
          4768, 914, 913, -1,
          4768, 4769, 914, -1,
          915, 914, 4769, -1,
          915, 4769, 4770, -1,
          916, 4770, 4771, -1,
          916, 915, 4770, -1,
          917, 4771, 4772, -1,
          917, 916, 4771, -1,
          918, 4772, 4773, -1,
          918, 917, 4772, -1,
          919, 4773, 4774, -1,
          919, 918, 4773, -1,
          920, 4774, 4775, -1,
          920, 919, 4774, -1,
          4776, 920, 4775, -1,
          921, 920, 4776, -1,
          922, 4776, 4777, -1,
          922, 921, 4776, -1,
          923, 4777, 4778, -1,
          923, 922, 4777, -1,
          924, 4778, 4779, -1,
          924, 923, 4778, -1,
          925, 4779, 4780, -1,
          925, 924, 4779, -1,
          926, 4780, 4781, -1,
          926, 925, 4780, -1,
          927, 4781, 4782, -1,
          927, 926, 4781, -1,
          928, 4782, 4783, -1,
          928, 927, 4782, -1,
          929, 928, 4783, -1,
          929, 4783, 4784, -1,
          930, 4784, 4785, -1,
          930, 929, 4784, -1,
          931, 4785, 4786, -1,
          931, 930, 4785, -1,
          1002, 4786, 4787, -1,
          1002, 931, 4786, -1,
          1003, 4787, 4788, -1,
          1003, 1002, 4787, -1,
          1004, 4788, 4789, -1,
          1004, 1003, 4788, -1,
          1005, 4789, 4790, -1,
          1005, 1004, 4789, -1,
          1006, 1005, 4790, -1,
          1006, 4790, 4791, -1,
          1007, 1006, 4791, -1,
          1007, 4791, 4792, -1,
          1008, 1007, 4792, -1,
          1008, 4792, 4793, -1,
          1009, 1008, 4793, -1,
          1009, 4793, 4794, -1,
          1010, 1009, 4794, -1,
          1010, 4794, 4795, -1,
          1011, 1010, 4795, -1,
          1011, 4795, 4796, -1,
          1012, 1011, 4796, -1,
          1012, 4796, 4797, -1,
          1013, 1012, 4797, -1,
          1013, 4797, 4798, -1,
          1014, 1013, 4798, -1,
          1014, 4798, 4799, -1,
          1015, 1014, 4799, -1,
          1015, 4799, 4800, -1,
          4801, 1015, 4800, -1,
          1016, 1015, 4801, -1,
          1017, 1016, 4801, -1,
          1017, 4801, 4802, -1,
          1018, 1017, 4802, -1,
          1018, 4802, 4803, -1,
          1019, 4803, 4804, -1,
          1019, 1018, 4803, -1,
          1020, 4804, 4805, -1,
          1020, 1019, 4804, -1,
          1021, 4805, 4806, -1,
          1021, 1020, 4805, -1,
          963, 4806, 4807, -1,
          963, 1021, 4806, -1,
          943, 4807, 4808, -1,
          943, 963, 4807, -1,
          942, 4808, 4809, -1,
          942, 943, 4808, -1,
          939, 4809, 4810, -1,
          939, 942, 4809, -1,
          4811, 939, 4810, -1,
          940, 939, 4811, -1,
          941, 4811, 4812, -1,
          941, 940, 4811, -1,
          933, 4812, 4813, -1,
          933, 941, 4812, -1,
          4814, 933, 4813, -1,
          934, 933, 4814, -1,
          935, 934, 4814, -1,
          935, 4814, 4815, -1,
          936, 4815, 4816, -1,
          936, 935, 4815, -1,
          4817, 936, 4816, -1,
          937, 936, 4817, -1,
          938, 937, 4817, -1,
          938, 4817, 4818, -1,
          887, 4818, 4819, -1,
          887, 938, 4818, -1,
          888, 4819, 4820, -1,
          888, 887, 4819, -1,
          889, 4820, 4821, -1,
          889, 888, 4820, -1,
          890, 4821, 4822, -1,
          890, 889, 4821, -1,
          891, 4822, 4823, -1,
          891, 890, 4822, -1,
          892, 4823, 4824, -1,
          892, 891, 4823, -1,
          893, 4824, 4825, -1,
          893, 892, 4824, -1,
          894, 4825, 4826, -1,
          894, 893, 4825, -1,
          895, 4826, 4827, -1,
          895, 894, 4826, -1,
          896, 4827, 4828, -1,
          896, 895, 4827, -1,
          897, 4828, 4829, -1,
          897, 896, 4828, -1,
          4830, 897, 4829, -1,
          898, 897, 4830, -1,
          899, 4830, 4831, -1,
          899, 898, 4830, -1,
          987, 4831, 4832, -1,
          987, 899, 4831, -1,
          988, 4832, 4833, -1,
          988, 987, 4832, -1,
          990, 988, 4833, -1,
          990, 4833, 4834, -1,
          991, 4834, 4835, -1,
          991, 990, 4834, -1,
          992, 4835, 4836, -1,
          992, 991, 4835, -1,
          993, 4836, 4837, -1,
          993, 992, 4836, -1,
          994, 4837, 4838, -1,
          994, 993, 4837, -1,
          976, 4838, 4839, -1,
          976, 994, 4838, -1,
          977, 4839, 4840, -1,
          977, 976, 4839, -1,
          978, 4840, 4841, -1,
          978, 977, 4840, -1,
          979, 4841, 4842, -1,
          979, 978, 4841, -1,
          980, 4842, 4843, -1,
          980, 979, 4842, -1,
          981, 4843, 4844, -1,
          981, 980, 4843, -1,
          982, 4844, 4845, -1,
          982, 981, 4844, -1,
          4846, 982, 4845, -1,
          983, 982, 4846, -1,
          984, 983, 4846, -1,
          984, 4846, 4847, -1,
          985, 984, 4847, -1,
          985, 4847, 4848, -1,
          986, 985, 4848, -1,
          986, 4848, 4849, -1,
          711, 986, 4849, -1,
          711, 4849, 4850, -1,
          697, 711, 4850, -1,
          697, 4850, 4851, -1,
          691, 697, 4851, -1,
          691, 4851, 4852, -1,
          688, 691, 4852, -1,
          688, 4852, 4623, -1,
          4697, 4837, 4836, -1,
          4698, 4697, 4836, -1,
          4698, 4836, 4835, -1,
          4699, 4835, 4834, -1,
          4699, 4698, 4835, -1,
          4696, 4838, 4837, -1,
          4696, 4837, 4697, -1,
          4695, 4839, 4838, -1,
          4695, 4838, 4696, -1,
          4700, 4834, 4833, -1,
          4700, 4699, 4834, -1,
          4694, 4839, 4695, -1,
          4694, 4840, 4839, -1,
          4701, 4700, 4833, -1,
          4701, 4833, 4832, -1,
          4693, 4841, 4840, -1,
          4693, 4842, 4841, -1,
          4693, 4840, 4694, -1,
          4702, 4701, 4832, -1,
          4702, 4831, 4830, -1,
          4702, 4832, 4831, -1,
          4692, 4843, 4842, -1,
          4692, 4842, 4693, -1,
          4703, 4702, 4830, -1,
          4703, 4830, 4829, -1,
          4691, 4843, 4692, -1,
          4691, 4844, 4843, -1,
          4690, 4844, 4691, -1,
          4690, 4845, 4844, -1,
          4704, 4703, 4829, -1,
          4704, 4828, 4827, -1,
          4704, 4829, 4828, -1,
          4705, 4704, 4827, -1,
          4705, 4827, 4826, -1,
          4689, 4846, 4845, -1,
          4689, 4847, 4846, -1,
          4689, 4845, 4690, -1,
          4706, 4705, 4826, -1,
          4706, 4826, 4825, -1,
          4688, 4847, 4689, -1,
          4688, 4848, 4847, -1,
          4707, 4706, 4825, -1,
          4707, 4825, 4824, -1,
          4687, 4848, 4688, -1,
          4687, 4849, 4848, -1,
          4708, 4707, 4824, -1,
          4708, 4824, 4823, -1,
          4686, 4849, 4687, -1,
          4686, 4850, 4849, -1,
          4686, 4851, 4850, -1,
          4709, 4823, 4822, -1,
          4709, 4708, 4823, -1,
          4685, 4852, 4851, -1,
          4685, 4851, 4686, -1,
          4710, 4822, 4821, -1,
          4710, 4709, 4822, -1,
          4684, 4624, 4623, -1,
          4684, 4852, 4685, -1,
          4684, 4623, 4852, -1,
          4711, 4710, 4821, -1,
          4711, 4821, 4820, -1,
          4712, 4711, 4820, -1,
          4712, 4820, 4819, -1,
          4713, 4712, 4819, -1,
          4713, 4819, 4818, -1,
          4683, 4625, 4624, -1,
          4683, 4624, 4684, -1,
          4682, 4626, 4625, -1,
          4682, 4625, 4683, -1,
          4714, 4817, 4816, -1,
          4714, 4818, 4817, -1,
          4714, 4713, 4818, -1,
          4681, 4627, 4626, -1,
          4681, 4626, 4682, -1,
          4680, 4627, 4681, -1,
          4679, 4628, 4627, -1,
          4679, 4627, 4680, -1,
          4715, 4816, 4815, -1,
          4715, 4714, 4816, -1,
          4678, 4629, 4628, -1,
          4678, 4630, 4629, -1,
          4678, 4628, 4679, -1,
          4716, 4815, 4814, -1,
          4716, 4715, 4815, -1,
          4677, 4631, 4630, -1,
          4677, 4630, 4678, -1,
          4717, 4716, 4814, -1,
          4717, 4813, 4812, -1,
          4717, 4814, 4813, -1,
          4676, 4631, 4677, -1,
          4676, 4632, 4631, -1,
          4718, 4717, 4812, -1,
          4718, 4812, 4811, -1,
          4675, 4633, 4632, -1,
          4675, 4632, 4676, -1,
          4674, 4634, 4633, -1,
          4674, 4633, 4675, -1,
          4719, 4718, 4811, -1,
          4719, 4811, 4810, -1,
          4673, 4634, 4674, -1,
          4673, 4635, 4634, -1,
          4720, 4719, 4810, -1,
          4720, 4810, 4809, -1,
          4672, 4636, 4635, -1,
          4672, 4635, 4673, -1,
          4721, 4720, 4809, -1,
          4721, 4808, 4807, -1,
          4721, 4809, 4808, -1,
          4671, 4637, 4636, -1,
          4671, 4638, 4637, -1,
          4671, 4636, 4672, -1,
          4722, 4721, 4807, -1,
          4722, 4807, 4806, -1,
          4670, 4638, 4671, -1,
          4670, 4639, 4638, -1,
          4723, 4722, 4806, -1,
          4723, 4806, 4805, -1,
          4640, 4670, 4669, -1,
          4640, 4639, 4670, -1,
          4724, 4723, 4805, -1,
          4724, 4805, 4804, -1,
          4725, 4724, 4804, -1,
          4725, 4803, 4802, -1,
          4725, 4804, 4803, -1,
          4641, 4669, 4668, -1,
          4641, 4640, 4669, -1,
          4726, 4725, 4802, -1,
          4726, 4802, 4801, -1,
          4642, 4641, 4668, -1,
          4727, 4726, 4801, -1,
          4728, 4801, 4800, -1,
          4728, 4727, 4801, -1,
          4643, 4668, 4667, -1,
          4643, 4642, 4668, -1,
          4729, 4728, 4800, -1,
          4799, 4729, 4800, -1,
          4730, 4729, 4799, -1,
          4644, 4666, 4665, -1,
          4644, 4667, 4666, -1,
          4644, 4643, 4667, -1,
          4798, 4731, 4730, -1,
          4798, 4730, 4799, -1,
          4645, 4644, 4665, -1,
          4797, 4731, 4798, -1,
          4646, 4665, 4664, -1,
          4646, 4645, 4665, -1,
          4796, 4731, 4797, -1,
          4796, 4732, 4731, -1,
          4647, 4664, 4663, -1,
          4647, 4646, 4664, -1,
          4795, 4732, 4796, -1,
          4795, 4733, 4732, -1,
          4648, 4663, 4662, -1,
          4648, 4647, 4663, -1,
          4794, 4733, 4795, -1,
          4649, 4648, 4662, -1,
          4793, 4733, 4794, -1,
          4793, 4734, 4733, -1,
          4650, 4662, 4661, -1,
          4650, 4649, 4662, -1,
          4792, 4734, 4793, -1,
          4792, 4735, 4734, -1,
          4651, 4661, 4660, -1,
          4651, 4650, 4661, -1,
          4791, 4736, 4735, -1,
          4791, 4735, 4792, -1,
          4652, 4651, 4660, -1,
          4790, 4736, 4791, -1,
          4790, 4737, 4736, -1,
          4653, 4660, 4659, -1,
          4653, 4652, 4660, -1,
          4789, 4738, 4737, -1,
          4789, 4737, 4790, -1,
          4654, 4653, 4659, -1,
          4788, 4738, 4789, -1,
          4655, 4659, 4658, -1,
          4655, 4654, 4659, -1,
          4787, 4739, 4738, -1,
          4787, 4738, 4788, -1,
          4656, 4655, 4658, -1,
          4786, 4739, 4787, -1,
          4785, 4740, 4739, -1,
          4785, 4739, 4786, -1,
          4784, 4740, 4785, -1,
          4784, 4741, 4740, -1,
          4783, 4741, 4784, -1,
          4783, 4742, 4741, -1,
          4782, 4742, 4783, -1,
          4782, 4743, 4742, -1,
          4781, 4743, 4782, -1,
          4780, 4743, 4781, -1,
          4780, 4744, 4743, -1,
          4779, 4744, 4780, -1,
          4778, 4745, 4744, -1,
          4778, 4744, 4779, -1,
          4777, 4745, 4778, -1,
          4776, 4746, 4745, -1,
          4776, 4745, 4777, -1,
          4775, 4746, 4776, -1,
          4774, 4747, 4746, -1,
          4774, 4746, 4775, -1,
          4773, 4748, 4747, -1,
          4773, 4747, 4774, -1,
          4772, 4749, 4748, -1,
          4772, 4748, 4773, -1,
          4771, 4750, 4749, -1,
          4771, 4749, 4772, -1,
          4770, 4751, 4750, -1,
          4770, 4750, 4771, -1,
          4769, 4752, 4751, -1,
          4769, 4753, 4752, -1,
          4769, 4754, 4753, -1,
          4769, 4755, 4754, -1,
          4769, 4756, 4755, -1,
          4769, 4757, 4756, -1,
          4769, 4758, 4757, -1,
          4769, 4759, 4758, -1,
          4769, 4760, 4759, -1,
          4769, 4751, 4770, -1,
          4764, 4761, 4760, -1,
          4764, 4762, 4761, -1,
          4764, 4760, 4769, -1,
          4768, 4767, 4766, -1,
          4765, 4769, 4768, -1,
          4765, 4768, 4766, -1,
          4765, 4764, 4769, -1,
          4853, 975, 996, -1,
          4853, 996, 4854, -1,
          4855, 1000, 975, -1,
          4855, 975, 4853, -1,
          4856, 886, 1000, -1,
          4856, 1000, 4855, -1,
          4857, 932, 886, -1,
          4857, 886, 4856, -1,
          4857, 1036, 932, -1,
          4857, 4858, 1036, -1,
          1036, 4858, 4859, -1,
          1036, 4859, 1091, -1,
          1091, 4859, 4860, -1,
          1091, 4860, 1092, -1,
          1092, 4860, 4861, -1,
          1092, 4861, 1029, -1,
          1029, 4861, 4862, -1,
          1029, 4862, 1024, -1,
          4863, 1025, 1024, -1,
          4863, 1024, 4862, -1,
          1025, 4863, 4854, -1,
          1025, 4854, 996, -1,
          4861, 4860, 4862, -1,
          4862, 4860, 4863, -1,
          4863, 4855, 4854, -1,
          4854, 4855, 4853, -1,
          4860, 4864, 4863, -1,
          4863, 4864, 4855, -1,
          4864, 4865, 4855, -1,
          4865, 4856, 4855, -1,
          4860, 4866, 4864, -1,
          4866, 4857, 4865, -1,
          4865, 4857, 4856, -1,
          4866, 4858, 4857, -1,
          4859, 4858, 4866, -1,
          4860, 4859, 4866, -1,
          4867, 4865, 4864, -1,
          4867, 4864, 4868, -1,
          4866, 4867, 4869, -1,
          4866, 4865, 4867, -1,
          4866, 4869, 4868, -1,
          4866, 4868, 4864, -1,
          4869, 4867, 4868, -1,
          4870, 1028, 1037, -1,
          4870, 1037, 4871, -1,
          4872, 1030, 1028, -1,
          4872, 1028, 4870, -1,
          1030, 4872, 4873, -1,
          1030, 4873, 1113, -1,
          1113, 4873, 4871, -1,
          1113, 4871, 1037, -1,
          4873, 4872, 4871, -1,
          4871, 4872, 4870, -1,
          1045, 1041, 4874, -1,
          1045, 4874, 4875, -1,
          1051, 4875, 4876, -1,
          1051, 1045, 4875, -1,
          1060, 4876, 4877, -1,
          1060, 1051, 4876, -1,
          1066, 4877, 4878, -1,
          1066, 1060, 4877, -1,
          1072, 4878, 4879, -1,
          1072, 1066, 4878, -1,
          1076, 4879, 4880, -1,
          1076, 1072, 4879, -1,
          1080, 4880, 4881, -1,
          1080, 1076, 4880, -1,
          1084, 4881, 4882, -1,
          1084, 1080, 4881, -1,
          1088, 4882, 4883, -1,
          1088, 1084, 4882, -1,
          1095, 4883, 4884, -1,
          1095, 1088, 4883, -1,
          1098, 4884, 4885, -1,
          1098, 1095, 4884, -1,
          1103, 4885, 4886, -1,
          1103, 1098, 4885, -1,
          1108, 4886, 4887, -1,
          1108, 1103, 4886, -1,
          1112, 4887, 4888, -1,
          1112, 1108, 4887, -1,
          1115, 4888, 4889, -1,
          1115, 1112, 4888, -1,
          1119, 1115, 4889, -1,
          1119, 4889, 4890, -1,
          1122, 1119, 4890, -1,
          1122, 4890, 4891, -1,
          1131, 4892, 4893, -1,
          1131, 1127, 4892, -1,
          1135, 4893, 4894, -1,
          1135, 1131, 4893, -1,
          1137, 4894, 4895, -1,
          1137, 1135, 4894, -1,
          1145, 4895, 4896, -1,
          1145, 1137, 4895, -1,
          1148, 4896, 4897, -1,
          1148, 1145, 4896, -1,
          1150, 4897, 4898, -1,
          1150, 1148, 4897, -1,
          1153, 1150, 4898, -1,
          1153, 4898, 4899, -1,
          1155, 1153, 4899, -1,
          1155, 4899, 4900, -1,
          1157, 1155, 4900, -1,
          1157, 4900, 4901, -1,
          1159, 1157, 4901, -1,
          1159, 4901, 4902, -1,
          1188, 1159, 4902, -1,
          1188, 4902, 4903, -1,
          1285, 1188, 4903, -1,
          1285, 4903, 4904, -1,
          1286, 1285, 4904, -1,
          1286, 4904, 4905, -1,
          1287, 1286, 4905, -1,
          1287, 4905, 4906, -1,
          4907, 1287, 4906, -1,
          1288, 1287, 4907, -1,
          4908, 1288, 4907, -1,
          1289, 1288, 4908, -1,
          1290, 1289, 4908, -1,
          1290, 4908, 4909, -1,
          1291, 1290, 4909, -1,
          1291, 4909, 4910, -1,
          1292, 1291, 4910, -1,
          1292, 4910, 4911, -1,
          1421, 1292, 4911, -1,
          1421, 4911, 4912, -1,
          1422, 4912, 4913, -1,
          1422, 1421, 4912, -1,
          1423, 4913, 4914, -1,
          1423, 1422, 4913, -1,
          1424, 4914, 4915, -1,
          1424, 1423, 4914, -1,
          1425, 4915, 4916, -1,
          1425, 1424, 4915, -1,
          1426, 4916, 4917, -1,
          1426, 1425, 4916, -1,
          4918, 1426, 4917, -1,
          1427, 1426, 4918, -1,
          1428, 4918, 4919, -1,
          1428, 1427, 4918, -1,
          1429, 4919, 4920, -1,
          1429, 1428, 4919, -1,
          4921, 1429, 4920, -1,
          1430, 1429, 4921, -1,
          1431, 4921, 4922, -1,
          1431, 1430, 4921, -1,
          1432, 4922, 4923, -1,
          1432, 1431, 4922, -1,
          4924, 1432, 4923, -1,
          1532, 1432, 4924, -1,
          4925, 1127, 1122, -1,
          4925, 1122, 4891, -1,
          4925, 4891, 4892, -1,
          4925, 4892, 1127, -1,
          1533, 1532, 4924, -1,
          1533, 4924, 4926, -1,
          1534, 4926, 4927, -1,
          1534, 1533, 4926, -1,
          1535, 4927, 4928, -1,
          1535, 1534, 4927, -1,
          1536, 4928, 4929, -1,
          1536, 1535, 4928, -1,
          1589, 4929, 4930, -1,
          1589, 1536, 4929, -1,
          1590, 4930, 4931, -1,
          1590, 1589, 4930, -1,
          1591, 4931, 4932, -1,
          1591, 1590, 4931, -1,
          1592, 1591, 4932, -1,
          1592, 4932, 4933, -1,
          1593, 1592, 4933, -1,
          1593, 4933, 4934, -1,
          1594, 1593, 4934, -1,
          1594, 4934, 4935, -1,
          1595, 1594, 4935, -1,
          1595, 4935, 4936, -1,
          1496, 1595, 4936, -1,
          1496, 4936, 4937, -1,
          1497, 1496, 4937, -1,
          1497, 4937, 4938, -1,
          1498, 1497, 4938, -1,
          1498, 4938, 4939, -1,
          1499, 1498, 4939, -1,
          1499, 4939, 4940, -1,
          1500, 1499, 4940, -1,
          1500, 4940, 4941, -1,
          1501, 1500, 4941, -1,
          1501, 4941, 4942, -1,
          1502, 1501, 4942, -1,
          1502, 4942, 4943, -1,
          1503, 1502, 4943, -1,
          1503, 4943, 4944, -1,
          1504, 1503, 4944, -1,
          1504, 4944, 4945, -1,
          1505, 4945, 4946, -1,
          1505, 1504, 4945, -1,
          1506, 4946, 4947, -1,
          1506, 1505, 4946, -1,
          1507, 4947, 4948, -1,
          1507, 1506, 4947, -1,
          1508, 4948, 4949, -1,
          1508, 1507, 4948, -1,
          1509, 4949, 4950, -1,
          1509, 1508, 4949, -1,
          4951, 1509, 4950, -1,
          1510, 1509, 4951, -1,
          2447, 4951, 4952, -1,
          2447, 1510, 4951, -1,
          2446, 4952, 4953, -1,
          2446, 2447, 4952, -1,
          2445, 4953, 4954, -1,
          2445, 2446, 4953, -1,
          1305, 4954, 4955, -1,
          1305, 2445, 4954, -1,
          1300, 4955, 4956, -1,
          1300, 1305, 4955, -1,
          1301, 4956, 4957, -1,
          1301, 1300, 4956, -1,
          1302, 1301, 4957, -1,
          1302, 4957, 4958, -1,
          4959, 1302, 4958, -1,
          1303, 1302, 4959, -1,
          1224, 4960, 4961, -1,
          1224, 1304, 4960, -1,
          1225, 4961, 4962, -1,
          1225, 1224, 4961, -1,
          1226, 4962, 4963, -1,
          1226, 1225, 4962, -1,
          1218, 4963, 4964, -1,
          1218, 1226, 4963, -1,
          1210, 4964, 4965, -1,
          1210, 1218, 4964, -1,
          1202, 4965, 4966, -1,
          1202, 1210, 4965, -1,
          1199, 1202, 4966, -1,
          1199, 4966, 4967, -1,
          1190, 1199, 4967, -1,
          1190, 4967, 4968, -1,
          1186, 1190, 4968, -1,
          1186, 4968, 4969, -1,
          1181, 1186, 4969, -1,
          1181, 4969, 4970, -1,
          1179, 1181, 4970, -1,
          1179, 4970, 4971, -1,
          1174, 1179, 4971, -1,
          1174, 4971, 4972, -1,
          4973, 1174, 4972, -1,
          1170, 1174, 4973, -1,
          1166, 1170, 4973, -1,
          1166, 4973, 4974, -1,
          1161, 1166, 4974, -1,
          1161, 4974, 4975, -1,
          1162, 1161, 4975, -1,
          1162, 4975, 4976, -1,
          4977, 1162, 4976, -1,
          1163, 1162, 4977, -1,
          4978, 1163, 4977, -1,
          1168, 1163, 4978, -1,
          1172, 1168, 4978, -1,
          1172, 4978, 4979, -1,
          1176, 4979, 4980, -1,
          1176, 1172, 4979, -1,
          1177, 4980, 4981, -1,
          1177, 1176, 4980, -1,
          4982, 1177, 4981, -1,
          1183, 1177, 4982, -1,
          1192, 4982, 4983, -1,
          1192, 1183, 4982, -1,
          1195, 4983, 4984, -1,
          1195, 1192, 4983, -1,
          4985, 1195, 4984, -1,
          1196, 1195, 4985, -1,
          1204, 4985, 4986, -1,
          1204, 1196, 4985, -1,
          1207, 4986, 4987, -1,
          1207, 1204, 4986, -1,
          1212, 4987, 4988, -1,
          1212, 1207, 4987, -1,
          1216, 4988, 4989, -1,
          1216, 1212, 4988, -1,
          1109, 4989, 4990, -1,
          1109, 1216, 4989, -1,
          1106, 4990, 4991, -1,
          1106, 1109, 4990, -1,
          1104, 1106, 4991, -1,
          1104, 4991, 4992, -1,
          4993, 1104, 4992, -1,
          1100, 1104, 4993, -1,
          4994, 1304, 1303, -1,
          4994, 1303, 4959, -1,
          4994, 4959, 4960, -1,
          4994, 4960, 1304, -1,
          1096, 1100, 4993, -1,
          1096, 4993, 4995, -1,
          1085, 4996, 4997, -1,
          1085, 1089, 4996, -1,
          1081, 4997, 4998, -1,
          1081, 1085, 4997, -1,
          1077, 4998, 4999, -1,
          1077, 1081, 4998, -1,
          1073, 4999, 5000, -1,
          1073, 1077, 4999, -1,
          1069, 5000, 5001, -1,
          1069, 1073, 5000, -1,
          1065, 5001, 5002, -1,
          1065, 1069, 5001, -1,
          1061, 5002, 5003, -1,
          1061, 1065, 5002, -1,
          1054, 5003, 5004, -1,
          1054, 1061, 5003, -1,
          1046, 5004, 5005, -1,
          1046, 1054, 5004, -1,
          1044, 5005, 5006, -1,
          1044, 1046, 5005, -1,
          1043, 5006, 5007, -1,
          1043, 1044, 5006, -1,
          1042, 5007, 5008, -1,
          1042, 1043, 5007, -1,
          1038, 5008, 5009, -1,
          1038, 1042, 5008, -1,
          1039, 1038, 5009, -1,
          1039, 5009, 5010, -1,
          5011, 1039, 5010, -1,
          1040, 1039, 5011, -1,
          1041, 1040, 5011, -1,
          1041, 5011, 4874, -1,
          5012, 1089, 1096, -1,
          5012, 4995, 4996, -1,
          5012, 1096, 4995, -1,
          5012, 4996, 1089, -1,
          5013, 5009, 5008, -1,
          5013, 5010, 5009, -1,
          5014, 5011, 5010, -1,
          5014, 5010, 5013, -1,
          5015, 5008, 5007, -1,
          5015, 5013, 5008, -1,
          5016, 5011, 5014, -1,
          5016, 4874, 5011, -1,
          5017, 5006, 5005, -1,
          5017, 5007, 5006, -1,
          5017, 5015, 5007, -1,
          5018, 4875, 4874, -1,
          5018, 4874, 5016, -1,
          5019, 4876, 4875, -1,
          5019, 4875, 5018, -1,
          5020, 5005, 5004, -1,
          5020, 5017, 5005, -1,
          5021, 4877, 4876, -1,
          5021, 4876, 5019, -1,
          5022, 5004, 5003, -1,
          5022, 5020, 5004, -1,
          5023, 4877, 5021, -1,
          5024, 5002, 5001, -1,
          5024, 5003, 5002, -1,
          5024, 5022, 5003, -1,
          5025, 4878, 4877, -1,
          5025, 4877, 5023, -1,
          5026, 5001, 5000, -1,
          5026, 5024, 5001, -1,
          5027, 4879, 4878, -1,
          5027, 4878, 5025, -1,
          5028, 5000, 4999, -1,
          5028, 5026, 5000, -1,
          5029, 4880, 4879, -1,
          5029, 4879, 5027, -1,
          5030, 4999, 4998, -1,
          5030, 5028, 4999, -1,
          5031, 4881, 4880, -1,
          5031, 4880, 5029, -1,
          5032, 4998, 4997, -1,
          5032, 5030, 4998, -1,
          5033, 4997, 4996, -1,
          5033, 5032, 4997, -1,
          5034, 4882, 4881, -1,
          5034, 4883, 4882, -1,
          5034, 4881, 5031, -1,
          5035, 4996, 4995, -1,
          5035, 5033, 4996, -1,
          5036, 4995, 4993, -1,
          5036, 5035, 4995, -1,
          5037, 4884, 4883, -1,
          5037, 4883, 5034, -1,
          5038, 5036, 4993, -1,
          5038, 4993, 4992, -1,
          5039, 4885, 4884, -1,
          5039, 4884, 5037, -1,
          5040, 4992, 4991, -1,
          5040, 5038, 4992, -1,
          5041, 4990, 4989, -1,
          5041, 4991, 4990, -1,
          5041, 5040, 4991, -1,
          5042, 4886, 4885, -1,
          5042, 4885, 5039, -1,
          5043, 5041, 4989, -1,
          5043, 4989, 4988, -1,
          5044, 5043, 4988, -1,
          5045, 4988, 4987, -1,
          5045, 5044, 4988, -1,
          5046, 5045, 4987, -1,
          5046, 4986, 4985, -1,
          5046, 4987, 4986, -1,
          5047, 4887, 4886, -1,
          5047, 4888, 4887, -1,
          5047, 4886, 5042, -1,
          5048, 5046, 4985, -1,
          5048, 4985, 4984, -1,
          5049, 5048, 4984, -1,
          5049, 4984, 4983, -1,
          5050, 5049, 4983, -1,
          5050, 4983, 4982, -1,
          5051, 5050, 4982, -1,
          5051, 4982, 4981, -1,
          5052, 4889, 4888, -1,
          5052, 4890, 4889, -1,
          5052, 4888, 5047, -1,
          5053, 5051, 4981, -1,
          5053, 4980, 4979, -1,
          5053, 4981, 4980, -1,
          5054, 4979, 4978, -1,
          5054, 5053, 4979, -1,
          5055, 5054, 4978, -1,
          5055, 4978, 4977, -1,
          4976, 5055, 4977, -1,
          5056, 5055, 4976, -1,
          4975, 5056, 4976, -1,
          5057, 4890, 5052, -1,
          5057, 4891, 4890, -1,
          4974, 5056, 4975, -1,
          4974, 5058, 5056, -1,
          4973, 5058, 4974, -1,
          4973, 5059, 5058, -1,
          5060, 4892, 4891, -1,
          5060, 4891, 5057, -1,
          4972, 5059, 4973, -1,
          4972, 5061, 5059, -1,
          4971, 5061, 4972, -1,
          4971, 5062, 5061, -1,
          4970, 5062, 4971, -1,
          4970, 5063, 5062, -1,
          5064, 4893, 4892, -1,
          5064, 4892, 5060, -1,
          4969, 5065, 5063, -1,
          4969, 5063, 4970, -1,
          4968, 5066, 5065, -1,
          4968, 5065, 4969, -1,
          5067, 4894, 4893, -1,
          5067, 4893, 5064, -1,
          4967, 5068, 5066, -1,
          4967, 5066, 4968, -1,
          5069, 4895, 4894, -1,
          5069, 4894, 5067, -1,
          4966, 5070, 5068, -1,
          4966, 5068, 4967, -1,
          4965, 5071, 5070, -1,
          4965, 5070, 4966, -1,
          5072, 4896, 4895, -1,
          5072, 4895, 5069, -1,
          5073, 4897, 4896, -1,
          5073, 4896, 5072, -1,
          4964, 5074, 5071, -1,
          4964, 5071, 4965, -1,
          5075, 4898, 4897, -1,
          5075, 4897, 5073, -1,
          4963, 5076, 5074, -1,
          4963, 5074, 4964, -1,
          5077, 4899, 4898, -1,
          5077, 4898, 5075, -1,
          5078, 4900, 4899, -1,
          5078, 4899, 5077, -1,
          4962, 5079, 5076, -1,
          4962, 5076, 4963, -1,
          5080, 4901, 4900, -1,
          5080, 4902, 4901, -1,
          5080, 4900, 5078, -1,
          5081, 4903, 4902, -1,
          5081, 4902, 5080, -1,
          4961, 5079, 4962, -1,
          5082, 4904, 4903, -1,
          5082, 4905, 4904, -1,
          5082, 4903, 5081, -1,
          5083, 4905, 5082, -1,
          5083, 4906, 4905, -1,
          5084, 4907, 4906, -1,
          5084, 4906, 5083, -1,
          4908, 4907, 5084, -1,
          5085, 4908, 5084, -1,
          4960, 5086, 5079, -1,
          4960, 5087, 5086, -1,
          4960, 5079, 4961, -1,
          4909, 5085, 5088, -1,
          4909, 4908, 5085, -1,
          4910, 4909, 5088, -1,
          4911, 5088, 5089, -1,
          4911, 4910, 5088, -1,
          4912, 5089, 5090, -1,
          4912, 4911, 5089, -1,
          4959, 5091, 5087, -1,
          4959, 5087, 4960, -1,
          4913, 4912, 5090, -1,
          4914, 4913, 5090, -1,
          4914, 5090, 5092, -1,
          4958, 5093, 5091, -1,
          4958, 5091, 4959, -1,
          4915, 4914, 5092, -1,
          4915, 5092, 5094, -1,
          4916, 4915, 5094, -1,
          4916, 5094, 5095, -1,
          4957, 5093, 4958, -1,
          4917, 4916, 5095, -1,
          4917, 5095, 5096, -1,
          4918, 4917, 5096, -1,
          4918, 5096, 5097, -1,
          4956, 5093, 4957, -1,
          4919, 5097, 5098, -1,
          4919, 4918, 5097, -1,
          4920, 4919, 5098, -1,
          4955, 5093, 4956, -1,
          4955, 5099, 5093, -1,
          4921, 5098, 5100, -1,
          4921, 4920, 5098, -1,
          4922, 5100, 5101, -1,
          4922, 4921, 5100, -1,
          4954, 5102, 5099, -1,
          4954, 5099, 4955, -1,
          4923, 5101, 5103, -1,
          4923, 4922, 5101, -1,
          4953, 5102, 4954, -1,
          4924, 4923, 5103, -1,
          4924, 5103, 5104, -1,
          4952, 5102, 4953, -1,
          4952, 5105, 5102, -1,
          4926, 4924, 5104, -1,
          4926, 5106, 5107, -1,
          4926, 5104, 5106, -1,
          4951, 5108, 5105, -1,
          4951, 5105, 4952, -1,
          4927, 4926, 5107, -1,
          4927, 5107, 5109, -1,
          4928, 4927, 5109, -1,
          4928, 5109, 5110, -1,
          4950, 5111, 5108, -1,
          4950, 5112, 5111, -1,
          4950, 5108, 4951, -1,
          4929, 4928, 5110, -1,
          4929, 5110, 5113, -1,
          4930, 4929, 5113, -1,
          4949, 5112, 4950, -1,
          4949, 5114, 5112, -1,
          4931, 5113, 5115, -1,
          4931, 4930, 5113, -1,
          4932, 4931, 5115, -1,
          4932, 5115, 5116, -1,
          4948, 5114, 4949, -1,
          4948, 5117, 5114, -1,
          4948, 5118, 5117, -1,
          4933, 4932, 5116, -1,
          4933, 5116, 5119, -1,
          4947, 5120, 5118, -1,
          4947, 5121, 5120, -1,
          4947, 5118, 4948, -1,
          4934, 4933, 5119, -1,
          4934, 5119, 5122, -1,
          4946, 5121, 4947, -1,
          4946, 5123, 5121, -1,
          4935, 4934, 5122, -1,
          4935, 5122, 5124, -1,
          4936, 4935, 5124, -1,
          4936, 5124, 5125, -1,
          4945, 5126, 5123, -1,
          4945, 5123, 4946, -1,
          4937, 4936, 5125, -1,
          4944, 5126, 4945, -1,
          4944, 5127, 5126, -1,
          4938, 4937, 5125, -1,
          4938, 5125, 5128, -1,
          4943, 5127, 4944, -1,
          4943, 5129, 5127, -1,
          4939, 4938, 5128, -1,
          4939, 5128, 5130, -1,
          4942, 5129, 4943, -1,
          4940, 4939, 5130, -1,
          4941, 5129, 4942, -1,
          4941, 4940, 5130, -1,
          4941, 5130, 5129, -1,
          5131, 5132, 5082, -1,
          5131, 5082, 5081, -1,
          5133, 5081, 5080, -1,
          5133, 5131, 5081, -1,
          5134, 5080, 5078, -1,
          5134, 5133, 5080, -1,
          5135, 5078, 5077, -1,
          5135, 5134, 5078, -1,
          5136, 5077, 5075, -1,
          5136, 5135, 5077, -1,
          5137, 5075, 5073, -1,
          5137, 5136, 5075, -1,
          5138, 5073, 5072, -1,
          5138, 5137, 5073, -1,
          5139, 5072, 5069, -1,
          5139, 5138, 5072, -1,
          5140, 5069, 5067, -1,
          5140, 5139, 5069, -1,
          5141, 5067, 5064, -1,
          5141, 5140, 5067, -1,
          5142, 5064, 5060, -1,
          5142, 5141, 5064, -1,
          5143, 5060, 5057, -1,
          5143, 5142, 5060, -1,
          5144, 5145, 5103, -1,
          5144, 5103, 5101, -1,
          5146, 5100, 5098, -1,
          5146, 5147, 5100, -1,
          5148, 5098, 5097, -1,
          5148, 5146, 5098, -1,
          5149, 5097, 5096, -1,
          5149, 5148, 5097, -1,
          5150, 5096, 5095, -1,
          5150, 5149, 5096, -1,
          5151, 5095, 5094, -1,
          5151, 5150, 5095, -1,
          5152, 5094, 5092, -1,
          5152, 5151, 5094, -1,
          5153, 5092, 5090, -1,
          5153, 5152, 5092, -1,
          5154, 5090, 5089, -1,
          5154, 5153, 5090, -1,
          5155, 5089, 5088, -1,
          5155, 5154, 5089, -1,
          5156, 5088, 5085, -1,
          5156, 5155, 5088, -1,
          5157, 5085, 5084, -1,
          5157, 5156, 5085, -1,
          5158, 5084, 5083, -1,
          5158, 5157, 5084, -1,
          5132, 5083, 5082, -1,
          5132, 5158, 5083, -1,
          5159, 5147, 5144, -1,
          5159, 5101, 5100, -1,
          5159, 5144, 5101, -1,
          5159, 5100, 5147, -1,
          5160, 5161, 5091, -1,
          5160, 5091, 5093, -1,
          5162, 5093, 5099, -1,
          5162, 5160, 5093, -1,
          5163, 5099, 5102, -1,
          5163, 5162, 5099, -1,
          5164, 5102, 5105, -1,
          5164, 5163, 5102, -1,
          5165, 5105, 5108, -1,
          5165, 5164, 5105, -1,
          5166, 5108, 5111, -1,
          5166, 5165, 5108, -1,
          5167, 5111, 5112, -1,
          5167, 5166, 5111, -1,
          5168, 5112, 5114, -1,
          5168, 5167, 5112, -1,
          5169, 5168, 5114, -1,
          5169, 5114, 5117, -1,
          5170, 5169, 5117, -1,
          5170, 5117, 5118, -1,
          5171, 5170, 5118, -1,
          5171, 5118, 5120, -1,
          5172, 5171, 5120, -1,
          5172, 5120, 5121, -1,
          5173, 5172, 5121, -1,
          5173, 5121, 5123, -1,
          5174, 5173, 5123, -1,
          5174, 5123, 5126, -1,
          5175, 5174, 5126, -1,
          5175, 5126, 5127, -1,
          5176, 5175, 5127, -1,
          5176, 5127, 5129, -1,
          5177, 5176, 5129, -1,
          5177, 5129, 5130, -1,
          5178, 5177, 5130, -1,
          5178, 5130, 5128, -1,
          5125, 5178, 5128, -1,
          5179, 5178, 5125, -1,
          5180, 5179, 5125, -1,
          5180, 5125, 5124, -1,
          5181, 5180, 5124, -1,
          5181, 5124, 5122, -1,
          5182, 5122, 5119, -1,
          5182, 5181, 5122, -1,
          5183, 5119, 5116, -1,
          5183, 5182, 5119, -1,
          5184, 5116, 5115, -1,
          5184, 5183, 5116, -1,
          5113, 5184, 5115, -1,
          5185, 5184, 5113, -1,
          5186, 5113, 5110, -1,
          5186, 5185, 5113, -1,
          5187, 5110, 5109, -1,
          5187, 5186, 5110, -1,
          5188, 5109, 5107, -1,
          5188, 5187, 5109, -1,
          5189, 5107, 5106, -1,
          5189, 5188, 5107, -1,
          5190, 5106, 5104, -1,
          5190, 5189, 5106, -1,
          5145, 5104, 5103, -1,
          5145, 5190, 5104, -1,
          5191, 5192, 5038, -1,
          5191, 5038, 5040, -1,
          5193, 5041, 5043, -1,
          5193, 5194, 5041, -1,
          5195, 5043, 5044, -1,
          5195, 5193, 5043, -1,
          5196, 5044, 5045, -1,
          5196, 5195, 5044, -1,
          5197, 5045, 5046, -1,
          5197, 5196, 5045, -1,
          5198, 5046, 5048, -1,
          5198, 5197, 5046, -1,
          5199, 5048, 5049, -1,
          5199, 5198, 5048, -1,
          5200, 5049, 5050, -1,
          5200, 5199, 5049, -1,
          5201, 5200, 5050, -1,
          5201, 5050, 5051, -1,
          5202, 5201, 5051, -1,
          5202, 5051, 5053, -1,
          5203, 5202, 5053, -1,
          5203, 5053, 5054, -1,
          5204, 5203, 5054, -1,
          5204, 5054, 5055, -1,
          5205, 5204, 5055, -1,
          5205, 5055, 5056, -1,
          5206, 5205, 5056, -1,
          5206, 5056, 5058, -1,
          5207, 5206, 5058, -1,
          5207, 5058, 5059, -1,
          5208, 5207, 5059, -1,
          5208, 5059, 5061, -1,
          5062, 5208, 5061, -1,
          5209, 5208, 5062, -1,
          5210, 5209, 5062, -1,
          5210, 5062, 5063, -1,
          5211, 5210, 5063, -1,
          5211, 5063, 5065, -1,
          5066, 5211, 5065, -1,
          5212, 5211, 5066, -1,
          5213, 5212, 5066, -1,
          5213, 5066, 5068, -1,
          5214, 5068, 5070, -1,
          5214, 5213, 5068, -1,
          5215, 5070, 5071, -1,
          5215, 5214, 5070, -1,
          5216, 5071, 5074, -1,
          5216, 5215, 5071, -1,
          5217, 5074, 5076, -1,
          5217, 5216, 5074, -1,
          5218, 5076, 5079, -1,
          5218, 5217, 5076, -1,
          5219, 5079, 5086, -1,
          5219, 5218, 5079, -1,
          5220, 5086, 5087, -1,
          5220, 5219, 5086, -1,
          5161, 5087, 5091, -1,
          5161, 5220, 5087, -1,
          5221, 5194, 5191, -1,
          5221, 5040, 5041, -1,
          5221, 5191, 5040, -1,
          5221, 5041, 5194, -1,
          5222, 5143, 5057, -1,
          5222, 5057, 5052, -1,
          5223, 5052, 5047, -1,
          5223, 5222, 5052, -1,
          5224, 5047, 5042, -1,
          5224, 5223, 5047, -1,
          5225, 5042, 5039, -1,
          5225, 5224, 5042, -1,
          5226, 5039, 5037, -1,
          5226, 5225, 5039, -1,
          5227, 5037, 5034, -1,
          5227, 5226, 5037, -1,
          5228, 5034, 5031, -1,
          5228, 5227, 5034, -1,
          5229, 5031, 5029, -1,
          5229, 5228, 5031, -1,
          5230, 5029, 5027, -1,
          5230, 5229, 5029, -1,
          5231, 5230, 5027, -1,
          5231, 5027, 5025, -1,
          5232, 5231, 5025, -1,
          5232, 5025, 5023, -1,
          5233, 5232, 5023, -1,
          5233, 5023, 5021, -1,
          5234, 5233, 5021, -1,
          5234, 5021, 5019, -1,
          5235, 5234, 5019, -1,
          5235, 5019, 5018, -1,
          5236, 5235, 5018, -1,
          5236, 5018, 5016, -1,
          5237, 5236, 5016, -1,
          5237, 5016, 5014, -1,
          5238, 5237, 5014, -1,
          5238, 5014, 5013, -1,
          5239, 5238, 5013, -1,
          5239, 5013, 5015, -1,
          5017, 5239, 5015, -1,
          5240, 5239, 5017, -1,
          5241, 5240, 5017, -1,
          5241, 5017, 5020, -1,
          5022, 5241, 5020, -1,
          5242, 5241, 5022, -1,
          5243, 5242, 5022, -1,
          5243, 5022, 5024, -1,
          5244, 5024, 5026, -1,
          5244, 5243, 5024, -1,
          5028, 5244, 5026, -1,
          5245, 5244, 5028, -1,
          5246, 5028, 5030, -1,
          5246, 5245, 5028, -1,
          5247, 5030, 5032, -1,
          5247, 5246, 5030, -1,
          5033, 5247, 5032, -1,
          5248, 5247, 5033, -1,
          5249, 5033, 5035, -1,
          5249, 5248, 5033, -1,
          5250, 5035, 5036, -1,
          5250, 5249, 5035, -1,
          5192, 5036, 5038, -1,
          5192, 5250, 5036, -1,
          5231, 5232, 5233, -1,
          5244, 5241, 5242, -1,
          5244, 5242, 5243, -1,
          5230, 5233, 5234, -1,
          5230, 5234, 5235, -1,
          5230, 5231, 5233, -1,
          5245, 5241, 5244, -1,
          5249, 5245, 5246, -1,
          5249, 5246, 5247, -1,
          5249, 5241, 5245, -1,
          5249, 5247, 5248, -1,
          5250, 5239, 5240, -1,
          5250, 5240, 5241, -1,
          5250, 5241, 5249, -1,
          5191, 5250, 5192, -1,
          5195, 5194, 5193, -1,
          5196, 5191, 5194, -1,
          5196, 5194, 5195, -1,
          5197, 5191, 5196, -1,
          5198, 5191, 5197, -1,
          5199, 5191, 5198, -1,
          5200, 5191, 5199, -1,
          5201, 5191, 5200, -1,
          5202, 5250, 5191, -1,
          5202, 5191, 5201, -1,
          5203, 5250, 5202, -1,
          5203, 5238, 5239, -1,
          5203, 5239, 5250, -1,
          5204, 5238, 5203, -1,
          5204, 5237, 5238, -1,
          5205, 5237, 5204, -1,
          5205, 5236, 5237, -1,
          5206, 5236, 5205, -1,
          5207, 5236, 5206, -1,
          5208, 5236, 5207, -1,
          5208, 5235, 5236, -1,
          5209, 5235, 5208, -1,
          5210, 5230, 5235, -1,
          5210, 5235, 5209, -1,
          5211, 5230, 5210, -1,
          5211, 5229, 5230, -1,
          5212, 5229, 5211, -1,
          5212, 5228, 5229, -1,
          5213, 5228, 5212, -1,
          5213, 5227, 5228, -1,
          5214, 5227, 5213, -1,
          5214, 5226, 5227, -1,
          5215, 5226, 5214, -1,
          5215, 5225, 5226, -1,
          5216, 5224, 5225, -1,
          5216, 5225, 5215, -1,
          5217, 5223, 5224, -1,
          5217, 5224, 5216, -1,
          5218, 5222, 5223, -1,
          5218, 5223, 5217, -1,
          5219, 5222, 5218, -1,
          5220, 5143, 5222, -1,
          5220, 5222, 5219, -1,
          5161, 5142, 5143, -1,
          5161, 5143, 5220, -1,
          5158, 5132, 5131, -1,
          5155, 5156, 5157, -1,
          5154, 5155, 5157, -1,
          5160, 5140, 5141, -1,
          5160, 5141, 5142, -1,
          5160, 5142, 5161, -1,
          5150, 5151, 5152, -1,
          5150, 5152, 5153, -1,
          5149, 5150, 5153, -1,
          5162, 5139, 5140, -1,
          5162, 5140, 5160, -1,
          5148, 5149, 5153, -1,
          5163, 5139, 5162, -1,
          5144, 5147, 5146, -1,
          5144, 5146, 5148, -1,
          5144, 5153, 5154, -1,
          5144, 5154, 5157, -1,
          5144, 5148, 5153, -1,
          5164, 5138, 5139, -1,
          5164, 5139, 5163, -1,
          5145, 5157, 5158, -1,
          5145, 5144, 5157, -1,
          5165, 5138, 5164, -1,
          5165, 5137, 5138, -1,
          5190, 5158, 5131, -1,
          5190, 5145, 5158, -1,
          5166, 5137, 5165, -1,
          5166, 5136, 5137, -1,
          5187, 5188, 5189, -1,
          5167, 5136, 5166, -1,
          5167, 5135, 5136, -1,
          5168, 5135, 5167, -1,
          5169, 5135, 5168, -1,
          5170, 5135, 5169, -1,
          5183, 5184, 5185, -1,
          5183, 5187, 5189, -1,
          5183, 5185, 5186, -1,
          5183, 5186, 5187, -1,
          5171, 5135, 5170, -1,
          5182, 5189, 5190, -1,
          5182, 5183, 5189, -1,
          5172, 5134, 5135, -1,
          5172, 5135, 5171, -1,
          5181, 5182, 5190, -1,
          5173, 5134, 5172, -1,
          5174, 5134, 5173, -1,
          5179, 5180, 5181, -1,
          5175, 5133, 5134, -1,
          5175, 5134, 5174, -1,
          5178, 5181, 5190, -1,
          5178, 5179, 5181, -1,
          5176, 5131, 5133, -1,
          5176, 5133, 5175, -1,
          5177, 5131, 5176, -1,
          5177, 5178, 5190, -1,
          5177, 5190, 5131, -1,
          1227, 1243, 5251, -1,
          1227, 5251, 5252, -1,
          1222, 5252, 5253, -1,
          1222, 1227, 5252, -1,
          1219, 5253, 5254, -1,
          1219, 1222, 5253, -1,
          1215, 5254, 5255, -1,
          1215, 1219, 5254, -1,
          1211, 5255, 5256, -1,
          1211, 1215, 5255, -1,
          1206, 5256, 5257, -1,
          1206, 1211, 5256, -1,
          1203, 5257, 5258, -1,
          1203, 1206, 5257, -1,
          1200, 1203, 5258, -1,
          1200, 5258, 5259, -1,
          1194, 1200, 5259, -1,
          1194, 5259, 5260, -1,
          1191, 1194, 5260, -1,
          1191, 5260, 5261, -1,
          1187, 1191, 5261, -1,
          1187, 5261, 5262, -1,
          1182, 1187, 5262, -1,
          1182, 5262, 5263, -1,
          1175, 1182, 5263, -1,
          1175, 5263, 5264, -1,
          1171, 1175, 5264, -1,
          1171, 5264, 5265, -1,
          1167, 1171, 5265, -1,
          1167, 5265, 5266, -1,
          1164, 1167, 5266, -1,
          1164, 5266, 5267, -1,
          1160, 1164, 5267, -1,
          1160, 5267, 5268, -1,
          1165, 1160, 5268, -1,
          1165, 5268, 5269, -1,
          1169, 1165, 5269, -1,
          1169, 5269, 5270, -1,
          1173, 1169, 5270, -1,
          1173, 5270, 5271, -1,
          1178, 1173, 5271, -1,
          1178, 5271, 5272, -1,
          1180, 5272, 5273, -1,
          1180, 1178, 5272, -1,
          1185, 5273, 5274, -1,
          1185, 1180, 5273, -1,
          1189, 5274, 5275, -1,
          1189, 1185, 5274, -1,
          1193, 5275, 5276, -1,
          1193, 1189, 5275, -1,
          1198, 5276, 5277, -1,
          1198, 1193, 5276, -1,
          1201, 5277, 5278, -1,
          1201, 1198, 5277, -1,
          1205, 5278, 5279, -1,
          1205, 1201, 5278, -1,
          1209, 5279, 5280, -1,
          1209, 1205, 5279, -1,
          1213, 5280, 5281, -1,
          1213, 1209, 5280, -1,
          1217, 5281, 5282, -1,
          1217, 1213, 5281, -1,
          1220, 5282, 5283, -1,
          1220, 1217, 5282, -1,
          1223, 1220, 5283, -1,
          1223, 5283, 5284, -1,
          5284, 1299, 1223, -1,
          5284, 5285, 1299, -1,
          1337, 1299, 5285, -1,
          1337, 5285, 5286, -1,
          1294, 5286, 5287, -1,
          1294, 1337, 5286, -1,
          1282, 5287, 5288, -1,
          1282, 1294, 5287, -1,
          1278, 5288, 5289, -1,
          1278, 1282, 5288, -1,
          1279, 5289, 5290, -1,
          1279, 1278, 5289, -1,
          1276, 5290, 5291, -1,
          1276, 1279, 5290, -1,
          1270, 5291, 5292, -1,
          1270, 1276, 5291, -1,
          1258, 5292, 5293, -1,
          1258, 1270, 5292, -1,
          1259, 5293, 5294, -1,
          1259, 1258, 5293, -1,
          1260, 5294, 5295, -1,
          1260, 1259, 5294, -1,
          1257, 5295, 5296, -1,
          1257, 1260, 5295, -1,
          1253, 1257, 5296, -1,
          1253, 5296, 5297, -1,
          1254, 1253, 5297, -1,
          1254, 5297, 5298, -1,
          1255, 1254, 5298, -1,
          1255, 5298, 5299, -1,
          1252, 1255, 5299, -1,
          1252, 5299, 5300, -1,
          5301, 1252, 5300, -1,
          1256, 1252, 5301, -1,
          1265, 1256, 5301, -1,
          1265, 5301, 5302, -1,
          1266, 1265, 5302, -1,
          1266, 5302, 5303, -1,
          1267, 1266, 5303, -1,
          1267, 5303, 5304, -1,
          1264, 1267, 5304, -1,
          1264, 5304, 5305, -1,
          1269, 1264, 5305, -1,
          1269, 5305, 5306, -1,
          5307, 1269, 5306, -1,
          1271, 1269, 5307, -1,
          1272, 1271, 5307, -1,
          1272, 5307, 5308, -1,
          1275, 5308, 5309, -1,
          1275, 1272, 5308, -1,
          1277, 5309, 5310, -1,
          1277, 1275, 5309, -1,
          5311, 1277, 5310, -1,
          1281, 1277, 5311, -1,
          1293, 1281, 5311, -1,
          1293, 5311, 5312, -1,
          1325, 5313, 5314, -1,
          1325, 1333, 5313, -1,
          1326, 5314, 5315, -1,
          1326, 1325, 5314, -1,
          1322, 5315, 5316, -1,
          1322, 1326, 5315, -1,
          1310, 5316, 5317, -1,
          1310, 1322, 5316, -1,
          1311, 5317, 5318, -1,
          1311, 1310, 5317, -1,
          1312, 5318, 5319, -1,
          1312, 1311, 5318, -1,
          1313, 5319, 5320, -1,
          1313, 1312, 5319, -1,
          1309, 1313, 5320, -1,
          1309, 5320, 5321, -1,
          1315, 1309, 5321, -1,
          1315, 5321, 5322, -1,
          1319, 1315, 5322, -1,
          1319, 5322, 5323, -1,
          1320, 1319, 5323, -1,
          1320, 5323, 5324, -1,
          1318, 1320, 5324, -1,
          1318, 5324, 5325, -1,
          1321, 1318, 5325, -1,
          1321, 5325, 5326, -1,
          1324, 1321, 5326, -1,
          1324, 5326, 5327, -1,
          1329, 1324, 5327, -1,
          1329, 5327, 5328, -1,
          1332, 1329, 5328, -1,
          1332, 5328, 5329, -1,
          1334, 1332, 5329, -1,
          1334, 5329, 5330, -1,
          5331, 1334, 5330, -1,
          1335, 1334, 5331, -1,
          1336, 1335, 5331, -1,
          1336, 5331, 5332, -1,
          1338, 1336, 5332, -1,
          1338, 5332, 5333, -1,
          1339, 5333, 5334, -1,
          1339, 1338, 5333, -1,
          1340, 5334, 5335, -1,
          1340, 1339, 5334, -1,
          1345, 5335, 5336, -1,
          1345, 1340, 5335, -1,
          1349, 5336, 5337, -1,
          1349, 1345, 5336, -1,
          1352, 5337, 5338, -1,
          1352, 1349, 5337, -1,
          1353, 5338, 5339, -1,
          1353, 1352, 5338, -1,
          1356, 5339, 5340, -1,
          1356, 1353, 5339, -1,
          1358, 5340, 5341, -1,
          1358, 1356, 5340, -1,
          5342, 1333, 1293, -1,
          5342, 5312, 5313, -1,
          5342, 1293, 5312, -1,
          5342, 5313, 1333, -1,
          1360, 1358, 5341, -1,
          1360, 5341, 5343, -1,
          1362, 5343, 5344, -1,
          1362, 1360, 5343, -1,
          1363, 5344, 5345, -1,
          1363, 1362, 5344, -1,
          1364, 5345, 5346, -1,
          1364, 1363, 5345, -1,
          1367, 5346, 5347, -1,
          1367, 1364, 5346, -1,
          1369, 5347, 5348, -1,
          1369, 1367, 5347, -1,
          1371, 5348, 5349, -1,
          1371, 1369, 5348, -1,
          1372, 5349, 5350, -1,
          1372, 1371, 5349, -1,
          1375, 5350, 5351, -1,
          1375, 1372, 5350, -1,
          1374, 1375, 5351, -1,
          1374, 5351, 5352, -1,
          1392, 1374, 5352, -1,
          1392, 5352, 5353, -1,
          1395, 1392, 5353, -1,
          1395, 5353, 5354, -1,
          1397, 1395, 5354, -1,
          1397, 5354, 5355, -1,
          1401, 1397, 5355, -1,
          1401, 5355, 5356, -1,
          1402, 1401, 5356, -1,
          1402, 5356, 5357, -1,
          1403, 1402, 5357, -1,
          1403, 5357, 5358, -1,
          1398, 1403, 5358, -1,
          1398, 5358, 5359, -1,
          1396, 1398, 5359, -1,
          1396, 5359, 5360, -1,
          1376, 1396, 5360, -1,
          1376, 5360, 5361, -1,
          1377, 1376, 5361, -1,
          1377, 5361, 5362, -1,
          1378, 1377, 5362, -1,
          1378, 5362, 5363, -1,
          1379, 1378, 5363, -1,
          1379, 5363, 5364, -1,
          1380, 5364, 5365, -1,
          1380, 1379, 5364, -1,
          1373, 5365, 5366, -1,
          1373, 1380, 5365, -1,
          1370, 5366, 5367, -1,
          1370, 1373, 5366, -1,
          1368, 5367, 5368, -1,
          1368, 1370, 5367, -1,
          1365, 5368, 5369, -1,
          1365, 1368, 5368, -1,
          1366, 5369, 5370, -1,
          1366, 1365, 5369, -1,
          1361, 5370, 5371, -1,
          1361, 1366, 5370, -1,
          1359, 5371, 5372, -1,
          1359, 1361, 5371, -1,
          1357, 1359, 5372, -1,
          1357, 5372, 5373, -1,
          1354, 5373, 5374, -1,
          1354, 1357, 5373, -1,
          1350, 5374, 5375, -1,
          1350, 1354, 5374, -1,
          1346, 5375, 5376, -1,
          1346, 1350, 5375, -1,
          1341, 5376, 5377, -1,
          1341, 1346, 5376, -1,
          1342, 5377, 5378, -1,
          1342, 1341, 5377, -1,
          1343, 5378, 5379, -1,
          1343, 1342, 5378, -1,
          1344, 5379, 5380, -1,
          1344, 1343, 5379, -1,
          1347, 5380, 5381, -1,
          1347, 1344, 5380, -1,
          1348, 5381, 5382, -1,
          1348, 1347, 5381, -1,
          1351, 5382, 5383, -1,
          1351, 1348, 5382, -1,
          1355, 5383, 5384, -1,
          1355, 1351, 5383, -1,
          1331, 5384, 5385, -1,
          1331, 1355, 5384, -1,
          1330, 5385, 5386, -1,
          1330, 1331, 5385, -1,
          1327, 5386, 5387, -1,
          1327, 1330, 5386, -1,
          1328, 1327, 5387, -1,
          1328, 5387, 5388, -1,
          1323, 1328, 5388, -1,
          1323, 5388, 5389, -1,
          1317, 1323, 5389, -1,
          1317, 5389, 5390, -1,
          5390, 1298, 1317, -1,
          5390, 5391, 1298, -1,
          5391, 1495, 1298, -1,
          5391, 5392, 1495, -1,
          1495, 5392, 5393, -1,
          1495, 5393, 1657, -1,
          1657, 5393, 5394, -1,
          1657, 5394, 1620, -1,
          5395, 1467, 1620, -1,
          5395, 1620, 5394, -1,
          5395, 1468, 1467, -1,
          5395, 5396, 1468, -1,
          1469, 1468, 5396, -1,
          1469, 5396, 5397, -1,
          1471, 5398, 5399, -1,
          1471, 1470, 5398, -1,
          1472, 5399, 5400, -1,
          1472, 1471, 5399, -1,
          1473, 5400, 5401, -1,
          1473, 1472, 5400, -1,
          1474, 5401, 5402, -1,
          1474, 1473, 5401, -1,
          1475, 5402, 5403, -1,
          1475, 1474, 5402, -1,
          1476, 5403, 5404, -1,
          1476, 1475, 5403, -1,
          1477, 5404, 5405, -1,
          1477, 1476, 5404, -1,
          1478, 5405, 5406, -1,
          1478, 1477, 5405, -1,
          1479, 5406, 5407, -1,
          1479, 1478, 5406, -1,
          1480, 5407, 5408, -1,
          1480, 1479, 5407, -1,
          1481, 5408, 5409, -1,
          1481, 1480, 5408, -1,
          1482, 5409, 5410, -1,
          1482, 1481, 5409, -1,
          5411, 1470, 1469, -1,
          5411, 5397, 5398, -1,
          5411, 1469, 5397, -1,
          5411, 5398, 1470, -1,
          1483, 1482, 5410, -1,
          1483, 5410, 5412, -1,
          1484, 5412, 5413, -1,
          1484, 1483, 5412, -1,
          1485, 5413, 5414, -1,
          1485, 1484, 5413, -1,
          1621, 5414, 5415, -1,
          1621, 1485, 5414, -1,
          1622, 5415, 5416, -1,
          1622, 1621, 5415, -1,
          1623, 5416, 5417, -1,
          1623, 1622, 5416, -1,
          1624, 5417, 5418, -1,
          1624, 1623, 5417, -1,
          1625, 1624, 5418, -1,
          1625, 5418, 5419, -1,
          1626, 1625, 5419, -1,
          1626, 5419, 5420, -1,
          1627, 1626, 5420, -1,
          1627, 5420, 5421, -1,
          1628, 1627, 5421, -1,
          1628, 5421, 5422, -1,
          1629, 1628, 5422, -1,
          1629, 5422, 5423, -1,
          1630, 1629, 5423, -1,
          1630, 5423, 5424, -1,
          1631, 1630, 5424, -1,
          1631, 5424, 5425, -1,
          5426, 1631, 5425, -1,
          1632, 1631, 5426, -1,
          1636, 1632, 5426, -1,
          1636, 5426, 5427, -1,
          1637, 1636, 5427, -1,
          1637, 5427, 5428, -1,
          1613, 1637, 5428, -1,
          1613, 5428, 5429, -1,
          1614, 1613, 5429, -1,
          1614, 5429, 5430, -1,
          1615, 1614, 5430, -1,
          1615, 5430, 5431, -1,
          1603, 5431, 5432, -1,
          1603, 1615, 5431, -1,
          1604, 5432, 5433, -1,
          1604, 1603, 5432, -1,
          1605, 5433, 5434, -1,
          1605, 1604, 5433, -1,
          1547, 5434, 5435, -1,
          1547, 1605, 5434, -1,
          1548, 5435, 5436, -1,
          1548, 1547, 5435, -1,
          1549, 5436, 5437, -1,
          1549, 1548, 5436, -1,
          1550, 5437, 5438, -1,
          1550, 1549, 5437, -1,
          1544, 5438, 5439, -1,
          1544, 1550, 5438, -1,
          1545, 5439, 5440, -1,
          1545, 1544, 5439, -1,
          1541, 5440, 5441, -1,
          1541, 1545, 5440, -1,
          1542, 5441, 5442, -1,
          1542, 1541, 5441, -1,
          1538, 5442, 5443, -1,
          1538, 1542, 5442, -1,
          1539, 1538, 5443, -1,
          1539, 5443, 5444, -1,
          1522, 1539, 5444, -1,
          1522, 5444, 5445, -1,
          1487, 1522, 5445, -1,
          1487, 5445, 5446, -1,
          1488, 5446, 5447, -1,
          1488, 1487, 5446, -1,
          1464, 5447, 5448, -1,
          1464, 1488, 5447, -1,
          1458, 5448, 5449, -1,
          1458, 1464, 5448, -1,
          1459, 5449, 5450, -1,
          1459, 1458, 5449, -1,
          1455, 5450, 5451, -1,
          1455, 1459, 5450, -1,
          1450, 5451, 5452, -1,
          1450, 1455, 5451, -1,
          1446, 5452, 5453, -1,
          1446, 1450, 5452, -1,
          1442, 5453, 5454, -1,
          1442, 1446, 5453, -1,
          1438, 5454, 5455, -1,
          1438, 1442, 5454, -1,
          1434, 5455, 5456, -1,
          1434, 1438, 5455, -1,
          1414, 5456, 5457, -1,
          1414, 1434, 5456, -1,
          1410, 5457, 5458, -1,
          1410, 1414, 5457, -1,
          5459, 1410, 5458, -1,
          1405, 1410, 5459, -1,
          1406, 5459, 5460, -1,
          1406, 1405, 5459, -1,
          1388, 5460, 5461, -1,
          1388, 1406, 5460, -1,
          1389, 1388, 5461, -1,
          1389, 5461, 5462, -1,
          1386, 5462, 5463, -1,
          1386, 1389, 5462, -1,
          1383, 5463, 5464, -1,
          1383, 1386, 5463, -1,
          1384, 5464, 5465, -1,
          1384, 1383, 5464, -1,
          1391, 5465, 5466, -1,
          1391, 1384, 5465, -1,
          1394, 5466, 5467, -1,
          1394, 1391, 5466, -1,
          1400, 5467, 5468, -1,
          1400, 1394, 5467, -1,
          1408, 5468, 5469, -1,
          1408, 1400, 5468, -1,
          1412, 5469, 5470, -1,
          1412, 1408, 5469, -1,
          1416, 5470, 5471, -1,
          1416, 1412, 5470, -1,
          1417, 5471, 5472, -1,
          1417, 1416, 5471, -1,
          1419, 5472, 5473, -1,
          1419, 1417, 5472, -1,
          1436, 5473, 5474, -1,
          1436, 1419, 5473, -1,
          1440, 5474, 5475, -1,
          1440, 1436, 5474, -1,
          1444, 1440, 5475, -1,
          1444, 5475, 5476, -1,
          1448, 1444, 5476, -1,
          1448, 5476, 5477, -1,
          1261, 1448, 5477, -1,
          1261, 5477, 5478, -1,
          1249, 1261, 5478, -1,
          1249, 5478, 5479, -1,
          5480, 1249, 5479, -1,
          1247, 1249, 5480, -1,
          1243, 1247, 5480, -1,
          1243, 5480, 5251, -1,
          5324, 5465, 5464, -1,
          5325, 5324, 5464, -1,
          5325, 5464, 5463, -1,
          5326, 5463, 5462, -1,
          5326, 5325, 5463, -1,
          5323, 5466, 5465, -1,
          5323, 5465, 5324, -1,
          5322, 5467, 5466, -1,
          5322, 5466, 5323, -1,
          5327, 5462, 5461, -1,
          5327, 5326, 5462, -1,
          5321, 5467, 5322, -1,
          5321, 5468, 5467, -1,
          5328, 5327, 5461, -1,
          5328, 5461, 5460, -1,
          5320, 5469, 5468, -1,
          5320, 5470, 5469, -1,
          5320, 5468, 5321, -1,
          5329, 5328, 5460, -1,
          5329, 5459, 5458, -1,
          5329, 5460, 5459, -1,
          5319, 5471, 5470, -1,
          5319, 5470, 5320, -1,
          5330, 5329, 5458, -1,
          5330, 5458, 5457, -1,
          5318, 5471, 5319, -1,
          5318, 5472, 5471, -1,
          5317, 5472, 5318, -1,
          5317, 5473, 5472, -1,
          5331, 5330, 5457, -1,
          5331, 5456, 5455, -1,
          5331, 5457, 5456, -1,
          5332, 5331, 5455, -1,
          5332, 5455, 5454, -1,
          5316, 5474, 5473, -1,
          5316, 5475, 5474, -1,
          5316, 5473, 5317, -1,
          5333, 5332, 5454, -1,
          5333, 5454, 5453, -1,
          5315, 5475, 5316, -1,
          5315, 5476, 5475, -1,
          5334, 5333, 5453, -1,
          5334, 5453, 5452, -1,
          5314, 5476, 5315, -1,
          5314, 5477, 5476, -1,
          5335, 5334, 5452, -1,
          5335, 5452, 5451, -1,
          5313, 5477, 5314, -1,
          5313, 5478, 5477, -1,
          5313, 5479, 5478, -1,
          5336, 5451, 5450, -1,
          5336, 5335, 5451, -1,
          5312, 5480, 5479, -1,
          5312, 5479, 5313, -1,
          5337, 5450, 5449, -1,
          5337, 5336, 5450, -1,
          5311, 5252, 5251, -1,
          5311, 5480, 5312, -1,
          5311, 5251, 5480, -1,
          5338, 5337, 5449, -1,
          5338, 5449, 5448, -1,
          5339, 5338, 5448, -1,
          5339, 5448, 5447, -1,
          5340, 5339, 5447, -1,
          5340, 5447, 5446, -1,
          5310, 5253, 5252, -1,
          5310, 5252, 5311, -1,
          5309, 5254, 5253, -1,
          5309, 5253, 5310, -1,
          5341, 5445, 5444, -1,
          5341, 5446, 5445, -1,
          5341, 5340, 5446, -1,
          5308, 5255, 5254, -1,
          5308, 5254, 5309, -1,
          5307, 5255, 5308, -1,
          5306, 5256, 5255, -1,
          5306, 5255, 5307, -1,
          5343, 5444, 5443, -1,
          5343, 5341, 5444, -1,
          5305, 5257, 5256, -1,
          5305, 5258, 5257, -1,
          5305, 5256, 5306, -1,
          5344, 5443, 5442, -1,
          5344, 5343, 5443, -1,
          5304, 5259, 5258, -1,
          5304, 5258, 5305, -1,
          5345, 5344, 5442, -1,
          5345, 5441, 5440, -1,
          5345, 5442, 5441, -1,
          5303, 5259, 5304, -1,
          5303, 5260, 5259, -1,
          5346, 5345, 5440, -1,
          5346, 5440, 5439, -1,
          5302, 5261, 5260, -1,
          5302, 5260, 5303, -1,
          5301, 5262, 5261, -1,
          5301, 5261, 5302, -1,
          5347, 5346, 5439, -1,
          5347, 5439, 5438, -1,
          5300, 5262, 5301, -1,
          5300, 5263, 5262, -1,
          5348, 5347, 5438, -1,
          5348, 5438, 5437, -1,
          5299, 5264, 5263, -1,
          5299, 5263, 5300, -1,
          5349, 5348, 5437, -1,
          5349, 5436, 5435, -1,
          5349, 5437, 5436, -1,
          5298, 5265, 5264, -1,
          5298, 5266, 5265, -1,
          5298, 5264, 5299, -1,
          5350, 5349, 5435, -1,
          5350, 5435, 5434, -1,
          5297, 5266, 5298, -1,
          5297, 5267, 5266, -1,
          5351, 5350, 5434, -1,
          5351, 5434, 5433, -1,
          5268, 5297, 5296, -1,
          5268, 5267, 5297, -1,
          5352, 5351, 5433, -1,
          5352, 5433, 5432, -1,
          5353, 5352, 5432, -1,
          5353, 5431, 5430, -1,
          5353, 5432, 5431, -1,
          5269, 5296, 5295, -1,
          5269, 5268, 5296, -1,
          5354, 5353, 5430, -1,
          5354, 5430, 5429, -1,
          5270, 5269, 5295, -1,
          5355, 5354, 5429, -1,
          5356, 5429, 5428, -1,
          5356, 5355, 5429, -1,
          5271, 5295, 5294, -1,
          5271, 5270, 5295, -1,
          5357, 5356, 5428, -1,
          5427, 5357, 5428, -1,
          5358, 5357, 5427, -1,
          5272, 5293, 5292, -1,
          5272, 5294, 5293, -1,
          5272, 5271, 5294, -1,
          5426, 5359, 5358, -1,
          5426, 5358, 5427, -1,
          5273, 5272, 5292, -1,
          5425, 5359, 5426, -1,
          5274, 5292, 5291, -1,
          5274, 5273, 5292, -1,
          5424, 5359, 5425, -1,
          5424, 5360, 5359, -1,
          5275, 5291, 5290, -1,
          5275, 5274, 5291, -1,
          5423, 5360, 5424, -1,
          5423, 5361, 5360, -1,
          5276, 5290, 5289, -1,
          5276, 5275, 5290, -1,
          5422, 5361, 5423, -1,
          5277, 5276, 5289, -1,
          5421, 5361, 5422, -1,
          5421, 5362, 5361, -1,
          5278, 5289, 5288, -1,
          5278, 5277, 5289, -1,
          5420, 5362, 5421, -1,
          5420, 5363, 5362, -1,
          5279, 5288, 5287, -1,
          5279, 5278, 5288, -1,
          5419, 5364, 5363, -1,
          5419, 5363, 5420, -1,
          5280, 5279, 5287, -1,
          5418, 5364, 5419, -1,
          5418, 5365, 5364, -1,
          5281, 5287, 5286, -1,
          5281, 5280, 5287, -1,
          5417, 5366, 5365, -1,
          5417, 5365, 5418, -1,
          5282, 5281, 5286, -1,
          5416, 5366, 5417, -1,
          5283, 5286, 5285, -1,
          5283, 5282, 5286, -1,
          5415, 5367, 5366, -1,
          5415, 5366, 5416, -1,
          5284, 5283, 5285, -1,
          5414, 5367, 5415, -1,
          5413, 5368, 5367, -1,
          5413, 5367, 5414, -1,
          5412, 5368, 5413, -1,
          5412, 5369, 5368, -1,
          5410, 5369, 5412, -1,
          5410, 5370, 5369, -1,
          5409, 5370, 5410, -1,
          5409, 5371, 5370, -1,
          5408, 5371, 5409, -1,
          5407, 5371, 5408, -1,
          5407, 5372, 5371, -1,
          5406, 5372, 5407, -1,
          5405, 5373, 5372, -1,
          5405, 5372, 5406, -1,
          5404, 5373, 5405, -1,
          5403, 5374, 5373, -1,
          5403, 5373, 5404, -1,
          5402, 5374, 5403, -1,
          5401, 5375, 5374, -1,
          5401, 5374, 5402, -1,
          5400, 5376, 5375, -1,
          5400, 5375, 5401, -1,
          5399, 5377, 5376, -1,
          5399, 5376, 5400, -1,
          5398, 5378, 5377, -1,
          5398, 5377, 5399, -1,
          5397, 5379, 5378, -1,
          5397, 5378, 5398, -1,
          5396, 5380, 5379, -1,
          5396, 5381, 5380, -1,
          5396, 5382, 5381, -1,
          5396, 5383, 5382, -1,
          5396, 5384, 5383, -1,
          5396, 5385, 5384, -1,
          5396, 5386, 5385, -1,
          5396, 5387, 5386, -1,
          5396, 5388, 5387, -1,
          5396, 5379, 5397, -1,
          5391, 5389, 5388, -1,
          5391, 5390, 5389, -1,
          5391, 5388, 5396, -1,
          5395, 5394, 5393, -1,
          5392, 5396, 5395, -1,
          5392, 5395, 5393, -1,
          5392, 5391, 5396, -1,
          1404, 1387, 5481, -1,
          1404, 5481, 5482, -1,
          1409, 5482, 5483, -1,
          1409, 1404, 5482, -1,
          1413, 5483, 5484, -1,
          1413, 1409, 5483, -1,
          1433, 5484, 5485, -1,
          1433, 1413, 5484, -1,
          1437, 5485, 5486, -1,
          1437, 1433, 5485, -1,
          1441, 5486, 5487, -1,
          1441, 1437, 5486, -1,
          1445, 5487, 5488, -1,
          1445, 1441, 5487, -1,
          1449, 5488, 5489, -1,
          1449, 1445, 5488, -1,
          1454, 5489, 5490, -1,
          1454, 1449, 5489, -1,
          1457, 5490, 5491, -1,
          1457, 1454, 5490, -1,
          1463, 5491, 5492, -1,
          1463, 1457, 5491, -1,
          1486, 5492, 5493, -1,
          1486, 1463, 5492, -1,
          1521, 5493, 5494, -1,
          1521, 1486, 5493, -1,
          1537, 5494, 5495, -1,
          1537, 1521, 5494, -1,
          1540, 5495, 5496, -1,
          1540, 1537, 5495, -1,
          1543, 1540, 5496, -1,
          1543, 5496, 5497, -1,
          1546, 1543, 5497, -1,
          1546, 5497, 5498, -1,
          1612, 5499, 5500, -1,
          1612, 1602, 5499, -1,
          1635, 5500, 5501, -1,
          1635, 1612, 5500, -1,
          1641, 5501, 5502, -1,
          1641, 1635, 5501, -1,
          1647, 5502, 5503, -1,
          1647, 1641, 5502, -1,
          1649, 5503, 5504, -1,
          1649, 1647, 5503, -1,
          1652, 5504, 5505, -1,
          1652, 1649, 5504, -1,
          1653, 1652, 5505, -1,
          1653, 5505, 5506, -1,
          1654, 1653, 5506, -1,
          1654, 5506, 5507, -1,
          1655, 1654, 5507, -1,
          1655, 5507, 5508, -1,
          5509, 1655, 5508, -1,
          1656, 1655, 5509, -1,
          1658, 1656, 5509, -1,
          1658, 5509, 5510, -1,
          1659, 1658, 5510, -1,
          1659, 5510, 5511, -1,
          1660, 1659, 5511, -1,
          1660, 5511, 5512, -1,
          1661, 1660, 5512, -1,
          1661, 5512, 5513, -1,
          5514, 1661, 5513, -1,
          1662, 1661, 5514, -1,
          1674, 1662, 5514, -1,
          1674, 5514, 5515, -1,
          5516, 1674, 5515, -1,
          1675, 1674, 5516, -1,
          1676, 1675, 5516, -1,
          1676, 5516, 5517, -1,
          5518, 1676, 5517, -1,
          1677, 1676, 5518, -1,
          1678, 1677, 5518, -1,
          1678, 5518, 5519, -1,
          1680, 5519, 5520, -1,
          1680, 1678, 5519, -1,
          1685, 5520, 5521, -1,
          1685, 1680, 5520, -1,
          1713, 5521, 5522, -1,
          1713, 1685, 5521, -1,
          1714, 5522, 5523, -1,
          1714, 1713, 5522, -1,
          1715, 5523, 5524, -1,
          1715, 1714, 5523, -1,
          5525, 1715, 5524, -1,
          1762, 1715, 5525, -1,
          1763, 5525, 5526, -1,
          1763, 1762, 5525, -1,
          1764, 5526, 5527, -1,
          1764, 1763, 5526, -1,
          1765, 5527, 5528, -1,
          1765, 1764, 5527, -1,
          1766, 5528, 5529, -1,
          1766, 1765, 5528, -1,
          1767, 5529, 5530, -1,
          1767, 1766, 5529, -1,
          5531, 1767, 5530, -1,
          1768, 1767, 5531, -1,
          5532, 1602, 1546, -1,
          5532, 1546, 5498, -1,
          5532, 5498, 5499, -1,
          5532, 5499, 1602, -1,
          1769, 1768, 5531, -1,
          1769, 5531, 5533, -1,
          1770, 5533, 5534, -1,
          1770, 1769, 5533, -1,
          1771, 5534, 5535, -1,
          1771, 1770, 5534, -1,
          1772, 5535, 5536, -1,
          1772, 1771, 5535, -1,
          1773, 5536, 5537, -1,
          1773, 1772, 5536, -1,
          1774, 5537, 5538, -1,
          1774, 1773, 5537, -1,
          1782, 5538, 5539, -1,
          1782, 1774, 5538, -1,
          1783, 1782, 5539, -1,
          1783, 5539, 5540, -1,
          1784, 1783, 5540, -1,
          1784, 5540, 5541, -1,
          1785, 1784, 5541, -1,
          1785, 5541, 5542, -1,
          1788, 1785, 5542, -1,
          1788, 5542, 5543, -1,
          1789, 1788, 5543, -1,
          1789, 5543, 5544, -1,
          5545, 1789, 5544, -1,
          1790, 1789, 5545, -1,
          1791, 1790, 5545, -1,
          1791, 5545, 5546, -1,
          1792, 1791, 5546, -1,
          1792, 5546, 5547, -1,
          1793, 1792, 5547, -1,
          1793, 5547, 5548, -1,
          1794, 1793, 5548, -1,
          1794, 5548, 5549, -1,
          1798, 1794, 5549, -1,
          1798, 5549, 5550, -1,
          1799, 1798, 5550, -1,
          1799, 5550, 5551, -1,
          1800, 1799, 5551, -1,
          1800, 5551, 5552, -1,
          1801, 5552, 5553, -1,
          1801, 1800, 5552, -1,
          1802, 5553, 5554, -1,
          1802, 1801, 5553, -1,
          1803, 5554, 5555, -1,
          1803, 1802, 5554, -1,
          1804, 5555, 5556, -1,
          1804, 1803, 5555, -1,
          1805, 5556, 5557, -1,
          1805, 1804, 5556, -1,
          1806, 5557, 5558, -1,
          1806, 1805, 5557, -1,
          1807, 5558, 5559, -1,
          1807, 1806, 5558, -1,
          1753, 5559, 5560, -1,
          1753, 1807, 5559, -1,
          1754, 5560, 5561, -1,
          1754, 1753, 5560, -1,
          1711, 5561, 5562, -1,
          1711, 1754, 5561, -1,
          5563, 1711, 5562, -1,
          1688, 1711, 5563, -1,
          1687, 1688, 5563, -1,
          1687, 5563, 5564, -1,
          1686, 5564, 5565, -1,
          1686, 1687, 5564, -1,
          1683, 1686, 5565, -1,
          1683, 5565, 5566, -1,
          1684, 1683, 5566, -1,
          1684, 5566, 5567, -1,
          1669, 5567, 5568, -1,
          1669, 1684, 5567, -1,
          1670, 5568, 5569, -1,
          1670, 1669, 5568, -1,
          1671, 5569, 5570, -1,
          1671, 1670, 5569, -1,
          1672, 5570, 5571, -1,
          1672, 1671, 5570, -1,
          1673, 5571, 5572, -1,
          1673, 1672, 5571, -1,
          1664, 5572, 5573, -1,
          1664, 1673, 5572, -1,
          1665, 1664, 5573, -1,
          1665, 5573, 5574, -1,
          1666, 1665, 5574, -1,
          1666, 5574, 5575, -1,
          1667, 1666, 5575, -1,
          1667, 5575, 5576, -1,
          1668, 1667, 5576, -1,
          1668, 5576, 5577, -1,
          1691, 1668, 5577, -1,
          1691, 5577, 5578, -1,
          1692, 1691, 5578, -1,
          1692, 5578, 5579, -1,
          5580, 1692, 5579, -1,
          1693, 1692, 5580, -1,
          1694, 1693, 5580, -1,
          1694, 5580, 5581, -1,
          1695, 1694, 5581, -1,
          1695, 5581, 5582, -1,
          1696, 1695, 5582, -1,
          1696, 5582, 5583, -1,
          1697, 1696, 5583, -1,
          1697, 5583, 5584, -1,
          1698, 1697, 5584, -1,
          1698, 5584, 5585, -1,
          1699, 1698, 5585, -1,
          1699, 5585, 5586, -1,
          1700, 5586, 5587, -1,
          1700, 1699, 5586, -1,
          1701, 5587, 5588, -1,
          1701, 1700, 5587, -1,
          1702, 5588, 5589, -1,
          1702, 1701, 5588, -1,
          1703, 5589, 5590, -1,
          1703, 1702, 5589, -1,
          1704, 5590, 5591, -1,
          1704, 1703, 5590, -1,
          1705, 5591, 5592, -1,
          1705, 1704, 5591, -1,
          1706, 5592, 5593, -1,
          1706, 1705, 5592, -1,
          1707, 5593, 5594, -1,
          1707, 1706, 5593, -1,
          5595, 1707, 5594, -1,
          1708, 1707, 5595, -1,
          1529, 5595, 5596, -1,
          1529, 1708, 5595, -1,
          1523, 5596, 5597, -1,
          1523, 1529, 5596, -1,
          1511, 5597, 5598, -1,
          1511, 1523, 5597, -1,
          1489, 1511, 5598, -1,
          1489, 5598, 5599, -1,
          1465, 1489, 5599, -1,
          1465, 5599, 5600, -1,
          1460, 1465, 5600, -1,
          1460, 5600, 5601, -1,
          1456, 5601, 5602, -1,
          1456, 1460, 5601, -1,
          1453, 5602, 5603, -1,
          1453, 1456, 5602, -1,
          1447, 5603, 5604, -1,
          1447, 1453, 5603, -1,
          1443, 5604, 5605, -1,
          1443, 1447, 5604, -1,
          1439, 5605, 5606, -1,
          1439, 1443, 5605, -1,
          1435, 5606, 5607, -1,
          1435, 1439, 5606, -1,
          1418, 5607, 5608, -1,
          1418, 1435, 5607, -1,
          1415, 5608, 5609, -1,
          1415, 1418, 5608, -1,
          1411, 5609, 5610, -1,
          1411, 1415, 5609, -1,
          1407, 5610, 5611, -1,
          1407, 1411, 5610, -1,
          1399, 5611, 5612, -1,
          1399, 1407, 5611, -1,
          1393, 5612, 5613, -1,
          1393, 1399, 5612, -1,
          1390, 5613, 5614, -1,
          1390, 1393, 5613, -1,
          1381, 5614, 5615, -1,
          1381, 1390, 5614, -1,
          1382, 1381, 5615, -1,
          1382, 5615, 5616, -1,
          1385, 1382, 5616, -1,
          1385, 5616, 5617, -1,
          1387, 1385, 5617, -1,
          1387, 5617, 5481, -1,
          5618, 5615, 5614, -1,
          5618, 5616, 5615, -1,
          5619, 5617, 5616, -1,
          5619, 5616, 5618, -1,
          5620, 5614, 5613, -1,
          5620, 5618, 5614, -1,
          5621, 5617, 5619, -1,
          5621, 5481, 5617, -1,
          5622, 5612, 5611, -1,
          5622, 5613, 5612, -1,
          5622, 5620, 5613, -1,
          5623, 5482, 5481, -1,
          5623, 5481, 5621, -1,
          5624, 5483, 5482, -1,
          5624, 5482, 5623, -1,
          5625, 5611, 5610, -1,
          5625, 5622, 5611, -1,
          5626, 5484, 5483, -1,
          5626, 5483, 5624, -1,
          5627, 5610, 5609, -1,
          5627, 5625, 5610, -1,
          5628, 5484, 5626, -1,
          5629, 5608, 5607, -1,
          5629, 5609, 5608, -1,
          5629, 5627, 5609, -1,
          5630, 5485, 5484, -1,
          5630, 5484, 5628, -1,
          5631, 5607, 5606, -1,
          5631, 5629, 5607, -1,
          5632, 5486, 5485, -1,
          5632, 5485, 5630, -1,
          5633, 5606, 5605, -1,
          5633, 5631, 5606, -1,
          5634, 5487, 5486, -1,
          5634, 5486, 5632, -1,
          5635, 5605, 5604, -1,
          5635, 5633, 5605, -1,
          5636, 5488, 5487, -1,
          5636, 5487, 5634, -1,
          5637, 5604, 5603, -1,
          5637, 5635, 5604, -1,
          5638, 5603, 5602, -1,
          5638, 5637, 5603, -1,
          5639, 5489, 5488, -1,
          5639, 5490, 5489, -1,
          5639, 5488, 5636, -1,
          5640, 5602, 5601, -1,
          5640, 5638, 5602, -1,
          5641, 5601, 5600, -1,
          5641, 5640, 5601, -1,
          5642, 5491, 5490, -1,
          5642, 5490, 5639, -1,
          5643, 5641, 5600, -1,
          5643, 5600, 5599, -1,
          5644, 5492, 5491, -1,
          5644, 5491, 5642, -1,
          5645, 5599, 5598, -1,
          5645, 5643, 5599, -1,
          5646, 5597, 5596, -1,
          5646, 5598, 5597, -1,
          5646, 5645, 5598, -1,
          5647, 5493, 5492, -1,
          5647, 5492, 5644, -1,
          5648, 5646, 5596, -1,
          5648, 5596, 5595, -1,
          5649, 5648, 5595, -1,
          5650, 5595, 5594, -1,
          5650, 5649, 5595, -1,
          5651, 5650, 5594, -1,
          5651, 5593, 5592, -1,
          5651, 5594, 5593, -1,
          5652, 5494, 5493, -1,
          5652, 5495, 5494, -1,
          5652, 5493, 5647, -1,
          5653, 5651, 5592, -1,
          5653, 5592, 5591, -1,
          5654, 5653, 5591, -1,
          5654, 5591, 5590, -1,
          5655, 5654, 5590, -1,
          5655, 5590, 5589, -1,
          5656, 5655, 5589, -1,
          5656, 5589, 5588, -1,
          5657, 5496, 5495, -1,
          5657, 5497, 5496, -1,
          5657, 5495, 5652, -1,
          5658, 5656, 5588, -1,
          5658, 5587, 5586, -1,
          5658, 5588, 5587, -1,
          5659, 5586, 5585, -1,
          5659, 5658, 5586, -1,
          5660, 5659, 5585, -1,
          5660, 5585, 5584, -1,
          5583, 5660, 5584, -1,
          5661, 5660, 5583, -1,
          5582, 5661, 5583, -1,
          5662, 5497, 5657, -1,
          5662, 5498, 5497, -1,
          5581, 5661, 5582, -1,
          5581, 5663, 5661, -1,
          5580, 5663, 5581, -1,
          5580, 5664, 5663, -1,
          5665, 5499, 5498, -1,
          5665, 5498, 5662, -1,
          5579, 5664, 5580, -1,
          5579, 5666, 5664, -1,
          5578, 5666, 5579, -1,
          5578, 5667, 5666, -1,
          5577, 5667, 5578, -1,
          5577, 5668, 5667, -1,
          5669, 5500, 5499, -1,
          5669, 5499, 5665, -1,
          5576, 5670, 5668, -1,
          5576, 5668, 5577, -1,
          5575, 5671, 5670, -1,
          5575, 5670, 5576, -1,
          5672, 5501, 5500, -1,
          5672, 5500, 5669, -1,
          5574, 5673, 5671, -1,
          5574, 5671, 5575, -1,
          5674, 5502, 5501, -1,
          5674, 5501, 5672, -1,
          5573, 5675, 5673, -1,
          5573, 5673, 5574, -1,
          5572, 5676, 5675, -1,
          5572, 5675, 5573, -1,
          5677, 5503, 5502, -1,
          5677, 5502, 5674, -1,
          5678, 5504, 5503, -1,
          5678, 5503, 5677, -1,
          5571, 5679, 5676, -1,
          5571, 5676, 5572, -1,
          5680, 5505, 5504, -1,
          5680, 5504, 5678, -1,
          5570, 5681, 5679, -1,
          5570, 5679, 5571, -1,
          5682, 5506, 5505, -1,
          5682, 5505, 5680, -1,
          5683, 5507, 5506, -1,
          5683, 5506, 5682, -1,
          5569, 5684, 5681, -1,
          5569, 5681, 5570, -1,
          5685, 5508, 5507, -1,
          5685, 5509, 5508, -1,
          5685, 5507, 5683, -1,
          5686, 5510, 5509, -1,
          5686, 5509, 5685, -1,
          5568, 5684, 5569, -1,
          5687, 5511, 5510, -1,
          5687, 5512, 5511, -1,
          5687, 5510, 5686, -1,
          5688, 5512, 5687, -1,
          5688, 5513, 5512, -1,
          5689, 5514, 5513, -1,
          5689, 5513, 5688, -1,
          5515, 5514, 5689, -1,
          5690, 5515, 5689, -1,
          5567, 5691, 5684, -1,
          5567, 5692, 5691, -1,
          5567, 5684, 5568, -1,
          5516, 5690, 5693, -1,
          5516, 5515, 5690, -1,
          5517, 5516, 5693, -1,
          5518, 5693, 5694, -1,
          5518, 5517, 5693, -1,
          5519, 5694, 5695, -1,
          5519, 5518, 5694, -1,
          5566, 5696, 5692, -1,
          5566, 5692, 5567, -1,
          5520, 5519, 5695, -1,
          5521, 5520, 5695, -1,
          5521, 5695, 5697, -1,
          5565, 5698, 5696, -1,
          5565, 5696, 5566, -1,
          5522, 5521, 5697, -1,
          5522, 5697, 5699, -1,
          5523, 5522, 5699, -1,
          5523, 5699, 5700, -1,
          5564, 5698, 5565, -1,
          5524, 5523, 5700, -1,
          5524, 5700, 5701, -1,
          5525, 5524, 5701, -1,
          5525, 5701, 5702, -1,
          5563, 5698, 5564, -1,
          5526, 5702, 5703, -1,
          5526, 5525, 5702, -1,
          5527, 5526, 5703, -1,
          5562, 5698, 5563, -1,
          5562, 5704, 5698, -1,
          5528, 5703, 5705, -1,
          5528, 5527, 5703, -1,
          5529, 5705, 5706, -1,
          5529, 5528, 5705, -1,
          5561, 5707, 5704, -1,
          5561, 5704, 5562, -1,
          5530, 5706, 5708, -1,
          5530, 5529, 5706, -1,
          5560, 5707, 5561, -1,
          5531, 5530, 5708, -1,
          5531, 5708, 5709, -1,
          5559, 5707, 5560, -1,
          5559, 5710, 5707, -1,
          5533, 5531, 5709, -1,
          5533, 5711, 5712, -1,
          5533, 5709, 5711, -1,
          5558, 5713, 5710, -1,
          5558, 5710, 5559, -1,
          5534, 5533, 5712, -1,
          5534, 5712, 5714, -1,
          5535, 5534, 5714, -1,
          5535, 5714, 5715, -1,
          5557, 5716, 5713, -1,
          5557, 5717, 5716, -1,
          5557, 5713, 5558, -1,
          5536, 5535, 5715, -1,
          5536, 5715, 5718, -1,
          5537, 5536, 5718, -1,
          5556, 5717, 5557, -1,
          5556, 5719, 5717, -1,
          5538, 5718, 5720, -1,
          5538, 5537, 5718, -1,
          5539, 5538, 5720, -1,
          5539, 5720, 5721, -1,
          5555, 5719, 5556, -1,
          5555, 5722, 5719, -1,
          5555, 5723, 5722, -1,
          5540, 5539, 5721, -1,
          5540, 5721, 5724, -1,
          5554, 5725, 5723, -1,
          5554, 5726, 5725, -1,
          5554, 5723, 5555, -1,
          5541, 5540, 5724, -1,
          5541, 5724, 5727, -1,
          5553, 5726, 5554, -1,
          5553, 5728, 5726, -1,
          5542, 5541, 5727, -1,
          5542, 5727, 5729, -1,
          5543, 5542, 5729, -1,
          5543, 5729, 5730, -1,
          5552, 5731, 5728, -1,
          5552, 5728, 5553, -1,
          5544, 5543, 5730, -1,
          5551, 5731, 5552, -1,
          5551, 5732, 5731, -1,
          5545, 5544, 5730, -1,
          5545, 5730, 5733, -1,
          5550, 5732, 5551, -1,
          5550, 5734, 5732, -1,
          5546, 5545, 5733, -1,
          5546, 5733, 5735, -1,
          5549, 5734, 5550, -1,
          5547, 5546, 5735, -1,
          5548, 5734, 5549, -1,
          5548, 5547, 5735, -1,
          5548, 5735, 5734, -1,
          5736, 5737, 5687, -1,
          5736, 5687, 5686, -1,
          5738, 5686, 5685, -1,
          5738, 5736, 5686, -1,
          5739, 5685, 5683, -1,
          5739, 5738, 5685, -1,
          5740, 5683, 5682, -1,
          5740, 5739, 5683, -1,
          5741, 5682, 5680, -1,
          5741, 5740, 5682, -1,
          5742, 5680, 5678, -1,
          5742, 5741, 5680, -1,
          5743, 5678, 5677, -1,
          5743, 5742, 5678, -1,
          5744, 5677, 5674, -1,
          5744, 5743, 5677, -1,
          5745, 5674, 5672, -1,
          5745, 5744, 5674, -1,
          5746, 5672, 5669, -1,
          5746, 5745, 5672, -1,
          5747, 5669, 5665, -1,
          5747, 5746, 5669, -1,
          5748, 5665, 5662, -1,
          5748, 5747, 5665, -1,
          5749, 5750, 5708, -1,
          5749, 5708, 5706, -1,
          5751, 5706, 5705, -1,
          5751, 5749, 5706, -1,
          5752, 5705, 5703, -1,
          5752, 5751, 5705, -1,
          5753, 5703, 5702, -1,
          5753, 5752, 5703, -1,
          5754, 5702, 5701, -1,
          5754, 5753, 5702, -1,
          5755, 5701, 5700, -1,
          5755, 5754, 5701, -1,
          5756, 5700, 5699, -1,
          5756, 5755, 5700, -1,
          5757, 5699, 5697, -1,
          5757, 5756, 5699, -1,
          5758, 5697, 5695, -1,
          5758, 5757, 5697, -1,
          5759, 5695, 5694, -1,
          5759, 5758, 5695, -1,
          5760, 5694, 5693, -1,
          5760, 5759, 5694, -1,
          5761, 5693, 5690, -1,
          5761, 5760, 5693, -1,
          5762, 5690, 5689, -1,
          5762, 5761, 5690, -1,
          5763, 5689, 5688, -1,
          5763, 5762, 5689, -1,
          5737, 5688, 5687, -1,
          5737, 5763, 5688, -1,
          5764, 5765, 5696, -1,
          5764, 5696, 5698, -1,
          5766, 5698, 5704, -1,
          5766, 5764, 5698, -1,
          5767, 5704, 5707, -1,
          5767, 5766, 5704, -1,
          5768, 5707, 5710, -1,
          5768, 5767, 5707, -1,
          5769, 5710, 5713, -1,
          5769, 5768, 5710, -1,
          5770, 5713, 5716, -1,
          5770, 5769, 5713, -1,
          5771, 5716, 5717, -1,
          5771, 5770, 5716, -1,
          5772, 5717, 5719, -1,
          5772, 5771, 5717, -1,
          5722, 5772, 5719, -1,
          5773, 5772, 5722, -1,
          5723, 5773, 5722, -1,
          5774, 5773, 5723, -1,
          5775, 5774, 5723, -1,
          5775, 5723, 5725, -1,
          5776, 5775, 5725, -1,
          5776, 5725, 5726, -1,
          5777, 5776, 5726, -1,
          5777, 5726, 5728, -1,
          5778, 5777, 5728, -1,
          5778, 5728, 5731, -1,
          5779, 5778, 5731, -1,
          5779, 5731, 5732, -1,
          5780, 5779, 5732, -1,
          5780, 5732, 5734, -1,
          5781, 5780, 5734, -1,
          5781, 5734, 5735, -1,
          5782, 5781, 5735, -1,
          5782, 5735, 5733, -1,
          5783, 5782, 5733, -1,
          5783, 5733, 5730, -1,
          5784, 5783, 5730, -1,
          5784, 5730, 5729, -1,
          5785, 5784, 5729, -1,
          5785, 5729, 5727, -1,
          5786, 5727, 5724, -1,
          5786, 5785, 5727, -1,
          5787, 5724, 5721, -1,
          5787, 5786, 5724, -1,
          5720, 5787, 5721, -1,
          5788, 5787, 5720, -1,
          5789, 5720, 5718, -1,
          5789, 5788, 5720, -1,
          5790, 5718, 5715, -1,
          5790, 5789, 5718, -1,
          5791, 5715, 5714, -1,
          5791, 5790, 5715, -1,
          5792, 5714, 5712, -1,
          5792, 5791, 5714, -1,
          5793, 5712, 5711, -1,
          5793, 5792, 5712, -1,
          5794, 5711, 5709, -1,
          5794, 5793, 5711, -1,
          5750, 5709, 5708, -1,
          5750, 5794, 5709, -1,
          5795, 5796, 5643, -1,
          5795, 5643, 5645, -1,
          5797, 5645, 5646, -1,
          5797, 5795, 5645, -1,
          5798, 5646, 5648, -1,
          5798, 5797, 5646, -1,
          5799, 5648, 5649, -1,
          5799, 5798, 5648, -1,
          5800, 5649, 5650, -1,
          5800, 5799, 5649, -1,
          5801, 5650, 5651, -1,
          5801, 5800, 5650, -1,
          5802, 5651, 5653, -1,
          5802, 5801, 5651, -1,
          5803, 5653, 5654, -1,
          5803, 5802, 5653, -1,
          5804, 5654, 5655, -1,
          5804, 5803, 5654, -1,
          5805, 5804, 5655, -1,
          5805, 5655, 5656, -1,
          5806, 5805, 5656, -1,
          5806, 5656, 5658, -1,
          5807, 5806, 5658, -1,
          5807, 5658, 5659, -1,
          5808, 5807, 5659, -1,
          5808, 5659, 5660, -1,
          5809, 5808, 5660, -1,
          5809, 5660, 5661, -1,
          5810, 5809, 5661, -1,
          5810, 5661, 5663, -1,
          5811, 5810, 5663, -1,
          5811, 5663, 5664, -1,
          5812, 5811, 5664, -1,
          5812, 5664, 5666, -1,
          5813, 5812, 5666, -1,
          5813, 5666, 5667, -1,
          5668, 5813, 5667, -1,
          5814, 5813, 5668, -1,
          5815, 5814, 5668, -1,
          5815, 5668, 5670, -1,
          5816, 5815, 5670, -1,
          5816, 5670, 5671, -1,
          5817, 5816, 5671, -1,
          5817, 5671, 5673, -1,
          5818, 5673, 5675, -1,
          5818, 5817, 5673, -1,
          5819, 5675, 5676, -1,
          5819, 5818, 5675, -1,
          5820, 5676, 5679, -1,
          5820, 5819, 5676, -1,
          5821, 5679, 5681, -1,
          5821, 5820, 5679, -1,
          5822, 5681, 5684, -1,
          5822, 5821, 5681, -1,
          5823, 5684, 5691, -1,
          5823, 5822, 5684, -1,
          5824, 5691, 5692, -1,
          5824, 5823, 5691, -1,
          5765, 5692, 5696, -1,
          5765, 5824, 5692, -1,
          5825, 5748, 5662, -1,
          5825, 5662, 5657, -1,
          5826, 5657, 5652, -1,
          5826, 5825, 5657, -1,
          5827, 5652, 5647, -1,
          5827, 5826, 5652, -1,
          5828, 5647, 5644, -1,
          5828, 5827, 5647, -1,
          5829, 5644, 5642, -1,
          5829, 5828, 5644, -1,
          5830, 5642, 5639, -1,
          5830, 5829, 5642, -1,
          5831, 5639, 5636, -1,
          5831, 5830, 5639, -1,
          5832, 5636, 5634, -1,
          5832, 5831, 5636, -1,
          5833, 5634, 5632, -1,
          5833, 5832, 5634, -1,
          5834, 5833, 5632, -1,
          5834, 5632, 5630, -1,
          5835, 5834, 5630, -1,
          5835, 5630, 5628, -1,
          5836, 5835, 5628, -1,
          5836, 5628, 5626, -1,
          5624, 5836, 5626, -1,
          5837, 5836, 5624, -1,
          5838, 5837, 5624, -1,
          5838, 5624, 5623, -1,
          5839, 5838, 5623, -1,
          5839, 5623, 5621, -1,
          5840, 5839, 5621, -1,
          5840, 5621, 5619, -1,
          5841, 5840, 5619, -1,
          5841, 5619, 5618, -1,
          5842, 5841, 5618, -1,
          5842, 5618, 5620, -1,
          5843, 5842, 5620, -1,
          5843, 5620, 5622, -1,
          5844, 5843, 5622, -1,
          5844, 5622, 5625, -1,
          5845, 5844, 5625, -1,
          5845, 5625, 5627, -1,
          5846, 5845, 5627, -1,
          5846, 5627, 5629, -1,
          5631, 5846, 5629, -1,
          5847, 5846, 5631, -1,
          5848, 5631, 5633, -1,
          5848, 5847, 5631, -1,
          5849, 5633, 5635, -1,
          5849, 5848, 5633, -1,
          5850, 5635, 5637, -1,
          5850, 5849, 5635, -1,
          5851, 5637, 5638, -1,
          5851, 5850, 5637, -1,
          5640, 5851, 5638, -1,
          5852, 5851, 5640, -1,
          5853, 5640, 5641, -1,
          5853, 5852, 5640, -1,
          5796, 5641, 5643, -1,
          5796, 5853, 5641, -1,
          5834, 5835, 5836, -1,
          5847, 5844, 5845, -1,
          5847, 5845, 5846, -1,
          5833, 5836, 5837, -1,
          5833, 5837, 5838, -1,
          5833, 5834, 5836, -1,
          5848, 5844, 5847, -1,
          5852, 5848, 5849, -1,
          5852, 5849, 5850, -1,
          5852, 5844, 5848, -1,
          5852, 5850, 5851, -1,
          5853, 5842, 5843, -1,
          5853, 5843, 5844, -1,
          5853, 5844, 5852, -1,
          5795, 5853, 5796, -1,
          5799, 5797, 5798, -1,
          5800, 5795, 5797, -1,
          5800, 5797, 5799, -1,
          5801, 5795, 5800, -1,
          5802, 5795, 5801, -1,
          5803, 5795, 5802, -1,
          5804, 5795, 5803, -1,
          5805, 5795, 5804, -1,
          5806, 5853, 5795, -1,
          5806, 5795, 5805, -1,
          5807, 5853, 5806, -1,
          5807, 5841, 5842, -1,
          5807, 5842, 5853, -1,
          5808, 5841, 5807, -1,
          5808, 5840, 5841, -1,
          5809, 5840, 5808, -1,
          5809, 5839, 5840, -1,
          5810, 5839, 5809, -1,
          5811, 5839, 5810, -1,
          5812, 5839, 5811, -1,
          5812, 5838, 5839, -1,
          5813, 5838, 5812, -1,
          5814, 5833, 5838, -1,
          5814, 5838, 5813, -1,
          5815, 5833, 5814, -1,
          5815, 5832, 5833, -1,
          5816, 5832, 5815, -1,
          5816, 5831, 5832, -1,
          5817, 5831, 5816, -1,
          5817, 5830, 5831, -1,
          5818, 5830, 5817, -1,
          5818, 5829, 5830, -1,
          5819, 5829, 5818, -1,
          5819, 5828, 5829, -1,
          5820, 5827, 5828, -1,
          5820, 5828, 5819, -1,
          5821, 5826, 5827, -1,
          5821, 5827, 5820, -1,
          5822, 5825, 5826, -1,
          5822, 5826, 5821, -1,
          5823, 5825, 5822, -1,
          5824, 5748, 5825, -1,
          5824, 5825, 5823, -1,
          5765, 5747, 5748, -1,
          5765, 5748, 5824, -1,
          5763, 5737, 5736, -1,
          5760, 5761, 5762, -1,
          5759, 5760, 5762, -1,
          5764, 5745, 5746, -1,
          5764, 5746, 5747, -1,
          5764, 5747, 5765, -1,
          5755, 5756, 5757, -1,
          5755, 5757, 5758, -1,
          5754, 5755, 5758, -1,
          5766, 5744, 5745, -1,
          5766, 5745, 5764, -1,
          5753, 5754, 5758, -1,
          5767, 5744, 5766, -1,
          5749, 5751, 5752, -1,
          5749, 5752, 5753, -1,
          5749, 5758, 5759, -1,
          5749, 5759, 5762, -1,
          5749, 5753, 5758, -1,
          5768, 5743, 5744, -1,
          5768, 5744, 5767, -1,
          5750, 5762, 5763, -1,
          5750, 5749, 5762, -1,
          5769, 5743, 5768, -1,
          5769, 5742, 5743, -1,
          5794, 5763, 5736, -1,
          5794, 5750, 5763, -1,
          5770, 5742, 5769, -1,
          5770, 5741, 5742, -1,
          5791, 5792, 5793, -1,
          5771, 5741, 5770, -1,
          5771, 5740, 5741, -1,
          5772, 5740, 5771, -1,
          5773, 5740, 5772, -1,
          5774, 5740, 5773, -1,
          5787, 5788, 5789, -1,
          5787, 5791, 5793, -1,
          5787, 5789, 5790, -1,
          5787, 5790, 5791, -1,
          5775, 5740, 5774, -1,
          5786, 5793, 5794, -1,
          5786, 5787, 5793, -1,
          5776, 5739, 5740, -1,
          5776, 5740, 5775, -1,
          5785, 5786, 5794, -1,
          5777, 5739, 5776, -1,
          5778, 5739, 5777, -1,
          5783, 5784, 5785, -1,
          5779, 5738, 5739, -1,
          5779, 5739, 5778, -1,
          5782, 5785, 5794, -1,
          5782, 5783, 5785, -1,
          5780, 5736, 5738, -1,
          5780, 5738, 5779, -1,
          5781, 5736, 5780, -1,
          5781, 5782, 5794, -1,
          5781, 5794, 5736, -1,
          5854, 1663, 1717, -1,
          5854, 1717, 5855, -1,
          5856, 1682, 1663, -1,
          5856, 1663, 5854, -1,
          1682, 5856, 5857, -1,
          1682, 5857, 1752, -1,
          1752, 5857, 5855, -1,
          1752, 5855, 1717, -1,
          5857, 5856, 5855, -1,
          5855, 5856, 5854, -1,
          5858, 1690, 1716, -1,
          5858, 1716, 5859, -1,
          5860, 1797, 1690, -1,
          5860, 1690, 5858, -1,
          1797, 5860, 5861, -1,
          1797, 5861, 1854, -1,
          5861, 1779, 1854, -1,
          5861, 5862, 1779, -1,
          1780, 1779, 5862, -1,
          1780, 5862, 5863, -1,
          5864, 1778, 1780, -1,
          5864, 1780, 5863, -1,
          5864, 5863, 5865, -1,
          5864, 5865, 1778, -1,
          5865, 1917, 1778, -1,
          5865, 5866, 1917, -1,
          1917, 5866, 5867, -1,
          1917, 5867, 1861, -1,
          1861, 5867, 5868, -1,
          1861, 5868, 1795, -1,
          5869, 1776, 1795, -1,
          5869, 1795, 5868, -1,
          5870, 2525, 1776, -1,
          5870, 1776, 5869, -1,
          5870, 1759, 2525, -1,
          5870, 5871, 1759, -1,
          5872, 1757, 1759, -1,
          5872, 1759, 5871, -1,
          5872, 2526, 1757, -1,
          5872, 5873, 2526, -1,
          2526, 5873, 5859, -1,
          2526, 5859, 1716, -1,
          5871, 5863, 5872, -1,
          5868, 5867, 5870, -1,
          5867, 5866, 5870, -1,
          5873, 5860, 5858, -1,
          5861, 5860, 5873, -1,
          5862, 5861, 5873, -1,
          5866, 5865, 5870, -1,
          5870, 5869, 5868, -1,
          5871, 5870, 5863, -1,
          5863, 5870, 5865, -1,
          5873, 5872, 5863, -1,
          5873, 5863, 5862, -1,
          5859, 5873, 5858, -1,
          1815, 1811, 5874, -1,
          1815, 5874, 5875, -1,
          1817, 5875, 5876, -1,
          1817, 1815, 5875, -1,
          1819, 5876, 5877, -1,
          1819, 1817, 5876, -1,
          1822, 5877, 5878, -1,
          1822, 1819, 5877, -1,
          1825, 5878, 5879, -1,
          1825, 1822, 5878, -1,
          1827, 5879, 5880, -1,
          1827, 1825, 5879, -1,
          1829, 5880, 5881, -1,
          1829, 1827, 5880, -1,
          1832, 5881, 5882, -1,
          1832, 1829, 5881, -1,
          1834, 5882, 5883, -1,
          1834, 1832, 5882, -1,
          1837, 5883, 5884, -1,
          1837, 1834, 5883, -1,
          1839, 5884, 5885, -1,
          1839, 1837, 5884, -1,
          2518, 5885, 5886, -1,
          2518, 1839, 5885, -1,
          2517, 5886, 5887, -1,
          2517, 2518, 5886, -1,
          2516, 5887, 5888, -1,
          2516, 2517, 5887, -1,
          2515, 5888, 5889, -1,
          2515, 2516, 5888, -1,
          2514, 2515, 5889, -1,
          2514, 5889, 5890, -1,
          2513, 2514, 5890, -1,
          2513, 5890, 5891, -1,
          2520, 5892, 5893, -1,
          2520, 2519, 5892, -1,
          2521, 5893, 5894, -1,
          2521, 2520, 5893, -1,
          2522, 5894, 5895, -1,
          2522, 2521, 5894, -1,
          2523, 5895, 5896, -1,
          2523, 2522, 5895, -1,
          2524, 5896, 5897, -1,
          2524, 2523, 5896, -1,
          1862, 5897, 5898, -1,
          1862, 2524, 5897, -1,
          1860, 1862, 5898, -1,
          1860, 5898, 5899, -1,
          1863, 1860, 5899, -1,
          1863, 5899, 5900, -1,
          1864, 1863, 5900, -1,
          1864, 5900, 5901, -1,
          1889, 1864, 5901, -1,
          1889, 5901, 5902, -1,
          5903, 1889, 5902, -1,
          1903, 1889, 5903, -1,
          1911, 1903, 5903, -1,
          1911, 5903, 5904, -1,
          1922, 1911, 5904, -1,
          1922, 5904, 5905, -1,
          1928, 1922, 5905, -1,
          1928, 5905, 5906, -1,
          1934, 1928, 5906, -1,
          1934, 5906, 5907, -1,
          1942, 1934, 5907, -1,
          1942, 5907, 5908, -1,
          1954, 1942, 5908, -1,
          1954, 5908, 5909, -1,
          1958, 1954, 5909, -1,
          1958, 5909, 5910, -1,
          5911, 1958, 5910, -1,
          1993, 1958, 5911, -1,
          1997, 1993, 5911, -1,
          1997, 5911, 5912, -1,
          5913, 1997, 5912, -1,
          2000, 1997, 5913, -1,
          2003, 5913, 5914, -1,
          2003, 2000, 5913, -1,
          2005, 5914, 5915, -1,
          2005, 2003, 5914, -1,
          2053, 5915, 5916, -1,
          2053, 2005, 5915, -1,
          2060, 5916, 5917, -1,
          2060, 2053, 5916, -1,
          2064, 5917, 5918, -1,
          2064, 2060, 5917, -1,
          2100, 5918, 5919, -1,
          2100, 2064, 5918, -1,
          2107, 5919, 5920, -1,
          2107, 2100, 5919, -1,
          2112, 5920, 5921, -1,
          2112, 2107, 5920, -1,
          5922, 2112, 5921, -1,
          2116, 2112, 5922, -1,
          2121, 5922, 5923, -1,
          2121, 2116, 5922, -1,
          2133, 2121, 5923, -1,
          2133, 5923, 5924, -1,
          5925, 2519, 2513, -1,
          5925, 2513, 5891, -1,
          5925, 5891, 5892, -1,
          5925, 5892, 2519, -1,
          2150, 2133, 5924, -1,
          2150, 5924, 5926, -1,
          2188, 5926, 5927, -1,
          2188, 2150, 5926, -1,
          2206, 5927, 5928, -1,
          2206, 2188, 5927, -1,
          2228, 5928, 5929, -1,
          2228, 2206, 5928, -1,
          2235, 5929, 5930, -1,
          2235, 2228, 5929, -1,
          2240, 5930, 5931, -1,
          2240, 2235, 5930, -1,
          2245, 5931, 5932, -1,
          2245, 2240, 5931, -1,
          2249, 2245, 5932, -1,
          2249, 5932, 5933, -1,
          2357, 2249, 5933, -1,
          2357, 5933, 5934, -1,
          2358, 2357, 5934, -1,
          2358, 5934, 5935, -1,
          2359, 2358, 5935, -1,
          2359, 5935, 5936, -1,
          2360, 2359, 5936, -1,
          2360, 5936, 5937, -1,
          2361, 2360, 5937, -1,
          2361, 5937, 5938, -1,
          5939, 2361, 5938, -1,
          2362, 2361, 5939, -1,
          2363, 2362, 5939, -1,
          2363, 5939, 5940, -1,
          2316, 2363, 5940, -1,
          2316, 5940, 5941, -1,
          2290, 2316, 5941, -1,
          2290, 5941, 5942, -1,
          2270, 2290, 5942, -1,
          2270, 5942, 5943, -1,
          2260, 2270, 5943, -1,
          2260, 5943, 5944, -1,
          5945, 2260, 5944, -1,
          2230, 2260, 5945, -1,
          2191, 5945, 5946, -1,
          2191, 2230, 5945, -1,
          2138, 5946, 5947, -1,
          2138, 2191, 5946, -1,
          2139, 5947, 5948, -1,
          2139, 2138, 5947, -1,
          2140, 5948, 5949, -1,
          2140, 2139, 5948, -1,
          2141, 5949, 5950, -1,
          2141, 2140, 5949, -1,
          2142, 5950, 5951, -1,
          2142, 2141, 5950, -1,
          2143, 5951, 5952, -1,
          2143, 2142, 5951, -1,
          2068, 5952, 5953, -1,
          2068, 2143, 5952, -1,
          2069, 5953, 5954, -1,
          2069, 2068, 5953, -1,
          2070, 5954, 5955, -1,
          2070, 2069, 5954, -1,
          2071, 5955, 5956, -1,
          2071, 2070, 5955, -1,
          2072, 5956, 5957, -1,
          2072, 2071, 5956, -1,
          2073, 2072, 5957, -1,
          2073, 5957, 5958, -1,
          2074, 2073, 5958, -1,
          2074, 5958, 5959, -1,
          2075, 2074, 5959, -1,
          2075, 5959, 5960, -1,
          1960, 5960, 5961, -1,
          1960, 2075, 5960, -1,
          1961, 5961, 5962, -1,
          1961, 1960, 5961, -1,
          1962, 5962, 5963, -1,
          1962, 1961, 5962, -1,
          1963, 5963, 5964, -1,
          1963, 1962, 5963, -1,
          1964, 5964, 5965, -1,
          1964, 1963, 5964, -1,
          1965, 5965, 5966, -1,
          1965, 1964, 5965, -1,
          1966, 1965, 5966, -1,
          1966, 5966, 5967, -1,
          1967, 1966, 5967, -1,
          1967, 5967, 5968, -1,
          1968, 1967, 5968, -1,
          1968, 5968, 5969, -1,
          1969, 1968, 5969, -1,
          1969, 5969, 5970, -1,
          1970, 1969, 5970, -1,
          1970, 5970, 5971, -1,
          1971, 1970, 5971, -1,
          1971, 5971, 5972, -1,
          1972, 1971, 5972, -1,
          1972, 5972, 5973, -1,
          1973, 1972, 5973, -1,
          1973, 5973, 5974, -1,
          1974, 1973, 5974, -1,
          1974, 5974, 5975, -1,
          1975, 1974, 5975, -1,
          1975, 5975, 5976, -1,
          1976, 1975, 5976, -1,
          1976, 5976, 5977, -1,
          1977, 1976, 5977, -1,
          1977, 5977, 5978, -1,
          5979, 1977, 5978, -1,
          1978, 1977, 5979, -1,
          5980, 1978, 5979, -1,
          1979, 1978, 5980, -1,
          5981, 1979, 5980, -1,
          1980, 1979, 5981, -1,
          1981, 5981, 5982, -1,
          1981, 1980, 5981, -1,
          5983, 1981, 5982, -1,
          1983, 1981, 5983, -1,
          1985, 5983, 5984, -1,
          1985, 1983, 5983, -1,
          1986, 5984, 5985, -1,
          1986, 1985, 5984, -1,
          1987, 5985, 5986, -1,
          1987, 1986, 5985, -1,
          1988, 5986, 5987, -1,
          1988, 1987, 5986, -1,
          1989, 5987, 5988, -1,
          1989, 1988, 5987, -1,
          1849, 5988, 5989, -1,
          1849, 1989, 5988, -1,
          1847, 5989, 5990, -1,
          1847, 1849, 5989, -1,
          1845, 5990, 5991, -1,
          1845, 1847, 5990, -1,
          1843, 1845, 5991, -1,
          1843, 5991, 5992, -1,
          5993, 1843, 5992, -1,
          1841, 1843, 5993, -1,
          1838, 1841, 5993, -1,
          1838, 5993, 5994, -1,
          1836, 5994, 5995, -1,
          1836, 1838, 5994, -1,
          1833, 5995, 5996, -1,
          1833, 1836, 5995, -1,
          1831, 5996, 5997, -1,
          1831, 1833, 5996, -1,
          1828, 5997, 5998, -1,
          1828, 1831, 5997, -1,
          1826, 5998, 5999, -1,
          1826, 1828, 5998, -1,
          1823, 5999, 6000, -1,
          1823, 1826, 5999, -1,
          1821, 6000, 6001, -1,
          1821, 1823, 6000, -1,
          1820, 6001, 6002, -1,
          1820, 1821, 6001, -1,
          1818, 6002, 6003, -1,
          1818, 1820, 6002, -1,
          1816, 6003, 6004, -1,
          1816, 1818, 6003, -1,
          1814, 6004, 6005, -1,
          1814, 1816, 6004, -1,
          1813, 6005, 6006, -1,
          1813, 1814, 6005, -1,
          1812, 6006, 6007, -1,
          1812, 1813, 6006, -1,
          1808, 6007, 6008, -1,
          1808, 1812, 6007, -1,
          1809, 1808, 6008, -1,
          1809, 6008, 6009, -1,
          1810, 1809, 6009, -1,
          1810, 6009, 6010, -1,
          1811, 1810, 6010, -1,
          1811, 6010, 5874, -1,
          6011, 6008, 6007, -1,
          6011, 6009, 6008, -1,
          6012, 6010, 6009, -1,
          6012, 6009, 6011, -1,
          6013, 6007, 6006, -1,
          6013, 6011, 6007, -1,
          6014, 6010, 6012, -1,
          6014, 5874, 6010, -1,
          6015, 6005, 6004, -1,
          6015, 6006, 6005, -1,
          6015, 6013, 6006, -1,
          6016, 5875, 5874, -1,
          6016, 5874, 6014, -1,
          6017, 5876, 5875, -1,
          6017, 5875, 6016, -1,
          6018, 6004, 6003, -1,
          6018, 6015, 6004, -1,
          6019, 5877, 5876, -1,
          6019, 5876, 6017, -1,
          6020, 6003, 6002, -1,
          6020, 6018, 6003, -1,
          6021, 5877, 6019, -1,
          6022, 6001, 6000, -1,
          6022, 6002, 6001, -1,
          6022, 6020, 6002, -1,
          6023, 5878, 5877, -1,
          6023, 5877, 6021, -1,
          6024, 6000, 5999, -1,
          6024, 6022, 6000, -1,
          6025, 5879, 5878, -1,
          6025, 5878, 6023, -1,
          6026, 5999, 5998, -1,
          6026, 6024, 5999, -1,
          6027, 5880, 5879, -1,
          6027, 5879, 6025, -1,
          6028, 5998, 5997, -1,
          6028, 6026, 5998, -1,
          6029, 5881, 5880, -1,
          6029, 5880, 6027, -1,
          6030, 5997, 5996, -1,
          6030, 6028, 5997, -1,
          6031, 5996, 5995, -1,
          6031, 6030, 5996, -1,
          6032, 5882, 5881, -1,
          6032, 5883, 5882, -1,
          6032, 5881, 6029, -1,
          6033, 5995, 5994, -1,
          6033, 6031, 5995, -1,
          6034, 5994, 5993, -1,
          6034, 6033, 5994, -1,
          6035, 5884, 5883, -1,
          6035, 5883, 6032, -1,
          6036, 6034, 5993, -1,
          6036, 5993, 5992, -1,
          6037, 5885, 5884, -1,
          6037, 5884, 6035, -1,
          6038, 5992, 5991, -1,
          6038, 6036, 5992, -1,
          6039, 5990, 5989, -1,
          6039, 5991, 5990, -1,
          6039, 6038, 5991, -1,
          6040, 5886, 5885, -1,
          6040, 5885, 6037, -1,
          6041, 6039, 5989, -1,
          6041, 5989, 5988, -1,
          6042, 6041, 5988, -1,
          6043, 5988, 5987, -1,
          6043, 6042, 5988, -1,
          6044, 6043, 5987, -1,
          6044, 5986, 5985, -1,
          6044, 5987, 5986, -1,
          6045, 5887, 5886, -1,
          6045, 5888, 5887, -1,
          6045, 5886, 6040, -1,
          6046, 6044, 5985, -1,
          6046, 5985, 5984, -1,
          6047, 6046, 5984, -1,
          6047, 5984, 5983, -1,
          6048, 6047, 5983, -1,
          6048, 5983, 5982, -1,
          6049, 6048, 5982, -1,
          6049, 5982, 5981, -1,
          6050, 5889, 5888, -1,
          6050, 5890, 5889, -1,
          6050, 5888, 6045, -1,
          6051, 6049, 5981, -1,
          6051, 5980, 5979, -1,
          6051, 5981, 5980, -1,
          6052, 5979, 5978, -1,
          6052, 6051, 5979, -1,
          6053, 6052, 5978, -1,
          6053, 5978, 5977, -1,
          5976, 6053, 5977, -1,
          6054, 6053, 5976, -1,
          5975, 6054, 5976, -1,
          6055, 5890, 6050, -1,
          6055, 5891, 5890, -1,
          5974, 6054, 5975, -1,
          5974, 6056, 6054, -1,
          5973, 6056, 5974, -1,
          5973, 6057, 6056, -1,
          6058, 5892, 5891, -1,
          6058, 5891, 6055, -1,
          5972, 6057, 5973, -1,
          5972, 6059, 6057, -1,
          5971, 6059, 5972, -1,
          5971, 6060, 6059, -1,
          5970, 6060, 5971, -1,
          5970, 6061, 6060, -1,
          6062, 5893, 5892, -1,
          6062, 5892, 6058, -1,
          5969, 6063, 6061, -1,
          5969, 6061, 5970, -1,
          5968, 6064, 6063, -1,
          5968, 6063, 5969, -1,
          6065, 5894, 5893, -1,
          6065, 5893, 6062, -1,
          5967, 6066, 6064, -1,
          5967, 6064, 5968, -1,
          6067, 5895, 5894, -1,
          6067, 5894, 6065, -1,
          5966, 6068, 6066, -1,
          5966, 6066, 5967, -1,
          5965, 6069, 6068, -1,
          5965, 6068, 5966, -1,
          6070, 5896, 5895, -1,
          6070, 5895, 6067, -1,
          6071, 5897, 5896, -1,
          6071, 5896, 6070, -1,
          5964, 6072, 6069, -1,
          5964, 6069, 5965, -1,
          6073, 5898, 5897, -1,
          6073, 5897, 6071, -1,
          5963, 6074, 6072, -1,
          5963, 6072, 5964, -1,
          6075, 5899, 5898, -1,
          6075, 5898, 6073, -1,
          6076, 5900, 5899, -1,
          6076, 5899, 6075, -1,
          5962, 6077, 6074, -1,
          5962, 6074, 5963, -1,
          6078, 5901, 5900, -1,
          6078, 5902, 5901, -1,
          6078, 5900, 6076, -1,
          6079, 5903, 5902, -1,
          6079, 5902, 6078, -1,
          5961, 6077, 5962, -1,
          6080, 5904, 5903, -1,
          6080, 5905, 5904, -1,
          6080, 5903, 6079, -1,
          6081, 5905, 6080, -1,
          6081, 5906, 5905, -1,
          6082, 5907, 5906, -1,
          6082, 5906, 6081, -1,
          5908, 5907, 6082, -1,
          6083, 5908, 6082, -1,
          5960, 6084, 6077, -1,
          5960, 6085, 6084, -1,
          5960, 6077, 5961, -1,
          5909, 6083, 6086, -1,
          5909, 5908, 6083, -1,
          5910, 5909, 6086, -1,
          5911, 6086, 6087, -1,
          5911, 5910, 6086, -1,
          5912, 6087, 6088, -1,
          5912, 5911, 6087, -1,
          5959, 6089, 6085, -1,
          5959, 6085, 5960, -1,
          5913, 5912, 6088, -1,
          5914, 5913, 6088, -1,
          5914, 6088, 6090, -1,
          5958, 6091, 6089, -1,
          5958, 6089, 5959, -1,
          5915, 5914, 6090, -1,
          5915, 6090, 6092, -1,
          5916, 5915, 6092, -1,
          5916, 6092, 6093, -1,
          5957, 6091, 5958, -1,
          5917, 5916, 6093, -1,
          5917, 6093, 6094, -1,
          5918, 5917, 6094, -1,
          5918, 6094, 6095, -1,
          5956, 6091, 5957, -1,
          5919, 6095, 6096, -1,
          5919, 5918, 6095, -1,
          5920, 5919, 6096, -1,
          5955, 6091, 5956, -1,
          5955, 6097, 6091, -1,
          5921, 6096, 6098, -1,
          5921, 5920, 6096, -1,
          5922, 6098, 6099, -1,
          5922, 5921, 6098, -1,
          5954, 6100, 6097, -1,
          5954, 6097, 5955, -1,
          5923, 6099, 6101, -1,
          5923, 5922, 6099, -1,
          5953, 6100, 5954, -1,
          5924, 5923, 6101, -1,
          5924, 6101, 6102, -1,
          5952, 6100, 5953, -1,
          5952, 6103, 6100, -1,
          5926, 5924, 6102, -1,
          5926, 6104, 6105, -1,
          5926, 6102, 6104, -1,
          5951, 6106, 6103, -1,
          5951, 6103, 5952, -1,
          5927, 5926, 6105, -1,
          5927, 6105, 6107, -1,
          5928, 5927, 6107, -1,
          5928, 6107, 6108, -1,
          5950, 6109, 6106, -1,
          5950, 6110, 6109, -1,
          5950, 6106, 5951, -1,
          5929, 5928, 6108, -1,
          5929, 6108, 6111, -1,
          5930, 5929, 6111, -1,
          5949, 6110, 5950, -1,
          5949, 6112, 6110, -1,
          5931, 6111, 6113, -1,
          5931, 5930, 6111, -1,
          5932, 5931, 6113, -1,
          5932, 6113, 6114, -1,
          5948, 6112, 5949, -1,
          5948, 6115, 6112, -1,
          5948, 6116, 6115, -1,
          5933, 5932, 6114, -1,
          5933, 6114, 6117, -1,
          5947, 6118, 6116, -1,
          5947, 6119, 6118, -1,
          5947, 6116, 5948, -1,
          5934, 5933, 6117, -1,
          5934, 6117, 6120, -1,
          5946, 6119, 5947, -1,
          5946, 6121, 6119, -1,
          5935, 5934, 6120, -1,
          5935, 6120, 6122, -1,
          5936, 5935, 6122, -1,
          5936, 6122, 6123, -1,
          5945, 6124, 6121, -1,
          5945, 6121, 5946, -1,
          5937, 5936, 6123, -1,
          5944, 6124, 5945, -1,
          5944, 6125, 6124, -1,
          5938, 5937, 6123, -1,
          5938, 6123, 6126, -1,
          5943, 6125, 5944, -1,
          5943, 6127, 6125, -1,
          5939, 5938, 6126, -1,
          5939, 6126, 6128, -1,
          5942, 6127, 5943, -1,
          5940, 5939, 6128, -1,
          5941, 6127, 5942, -1,
          5941, 5940, 6128, -1,
          5941, 6128, 6127, -1,
          6129, 6130, 6080, -1,
          6129, 6080, 6079, -1,
          6131, 6079, 6078, -1,
          6131, 6129, 6079, -1,
          6132, 6078, 6076, -1,
          6132, 6131, 6078, -1,
          6133, 6076, 6075, -1,
          6133, 6132, 6076, -1,
          6134, 6075, 6073, -1,
          6134, 6133, 6075, -1,
          6135, 6073, 6071, -1,
          6135, 6134, 6073, -1,
          6136, 6071, 6070, -1,
          6136, 6135, 6071, -1,
          6137, 6070, 6067, -1,
          6137, 6136, 6070, -1,
          6138, 6067, 6065, -1,
          6138, 6137, 6067, -1,
          6139, 6065, 6062, -1,
          6139, 6138, 6065, -1,
          6140, 6062, 6058, -1,
          6140, 6139, 6062, -1,
          6141, 6058, 6055, -1,
          6141, 6140, 6058, -1,
          6142, 6143, 6101, -1,
          6142, 6101, 6099, -1,
          6144, 6099, 6098, -1,
          6144, 6142, 6099, -1,
          6145, 6098, 6096, -1,
          6145, 6144, 6098, -1,
          6146, 6096, 6095, -1,
          6146, 6145, 6096, -1,
          6147, 6095, 6094, -1,
          6147, 6146, 6095, -1,
          6148, 6094, 6093, -1,
          6148, 6147, 6094, -1,
          6149, 6093, 6092, -1,
          6149, 6148, 6093, -1,
          6150, 6092, 6090, -1,
          6150, 6149, 6092, -1,
          6151, 6090, 6088, -1,
          6151, 6150, 6090, -1,
          6152, 6088, 6087, -1,
          6152, 6151, 6088, -1,
          6153, 6087, 6086, -1,
          6153, 6152, 6087, -1,
          6154, 6086, 6083, -1,
          6154, 6153, 6086, -1,
          6155, 6083, 6082, -1,
          6155, 6154, 6083, -1,
          6156, 6082, 6081, -1,
          6156, 6155, 6082, -1,
          6130, 6081, 6080, -1,
          6130, 6156, 6081, -1,
          6157, 6158, 6089, -1,
          6157, 6089, 6091, -1,
          6159, 6091, 6097, -1,
          6159, 6157, 6091, -1,
          6160, 6097, 6100, -1,
          6160, 6159, 6097, -1,
          6161, 6100, 6103, -1,
          6161, 6160, 6100, -1,
          6162, 6103, 6106, -1,
          6162, 6161, 6103, -1,
          6163, 6106, 6109, -1,
          6163, 6162, 6106, -1,
          6164, 6109, 6110, -1,
          6164, 6163, 6109, -1,
          6165, 6110, 6112, -1,
          6165, 6164, 6110, -1,
          6166, 6165, 6112, -1,
          6166, 6112, 6115, -1,
          6167, 6166, 6115, -1,
          6167, 6115, 6116, -1,
          6168, 6167, 6116, -1,
          6168, 6116, 6118, -1,
          6169, 6168, 6118, -1,
          6169, 6118, 6119, -1,
          6170, 6169, 6119, -1,
          6170, 6119, 6121, -1,
          6124, 6170, 6121, -1,
          6171, 6170, 6124, -1,
          6172, 6171, 6124, -1,
          6172, 6124, 6125, -1,
          6173, 6172, 6125, -1,
          6173, 6125, 6127, -1,
          6174, 6173, 6127, -1,
          6174, 6127, 6128, -1,
          6175, 6174, 6128, -1,
          6175, 6128, 6126, -1,
          6176, 6175, 6126, -1,
          6176, 6126, 6123, -1,
          6177, 6176, 6123, -1,
          6177, 6123, 6122, -1,
          6178, 6177, 6122, -1,
          6178, 6122, 6120, -1,
          6179, 6120, 6117, -1,
          6179, 6178, 6120, -1,
          6114, 6179, 6117, -1,
          6180, 6179, 6114, -1,
          6181, 6114, 6113, -1,
          6181, 6180, 6114, -1,
          6182, 6113, 6111, -1,
          6182, 6181, 6113, -1,
          6183, 6111, 6108, -1,
          6183, 6182, 6111, -1,
          6184, 6108, 6107, -1,
          6184, 6183, 6108, -1,
          6185, 6107, 6105, -1,
          6185, 6184, 6107, -1,
          6186, 6105, 6104, -1,
          6186, 6185, 6105, -1,
          6187, 6104, 6102, -1,
          6187, 6186, 6104, -1,
          6101, 6187, 6102, -1,
          6143, 6187, 6101, -1,
          6188, 6189, 6036, -1,
          6188, 6036, 6038, -1,
          6190, 6039, 6041, -1,
          6190, 6191, 6039, -1,
          6192, 6041, 6042, -1,
          6192, 6190, 6041, -1,
          6193, 6042, 6043, -1,
          6193, 6192, 6042, -1,
          6194, 6043, 6044, -1,
          6194, 6193, 6043, -1,
          6195, 6044, 6046, -1,
          6195, 6194, 6044, -1,
          6196, 6046, 6047, -1,
          6196, 6195, 6046, -1,
          6197, 6047, 6048, -1,
          6197, 6196, 6047, -1,
          6198, 6197, 6048, -1,
          6198, 6048, 6049, -1,
          6199, 6198, 6049, -1,
          6199, 6049, 6051, -1,
          6200, 6199, 6051, -1,
          6200, 6051, 6052, -1,
          6201, 6200, 6052, -1,
          6201, 6052, 6053, -1,
          6202, 6201, 6053, -1,
          6202, 6053, 6054, -1,
          6203, 6202, 6054, -1,
          6203, 6054, 6056, -1,
          6204, 6203, 6056, -1,
          6204, 6056, 6057, -1,
          6205, 6204, 6057, -1,
          6205, 6057, 6059, -1,
          6060, 6205, 6059, -1,
          6206, 6205, 6060, -1,
          6061, 6206, 6060, -1,
          6207, 6206, 6061, -1,
          6208, 6207, 6061, -1,
          6208, 6061, 6063, -1,
          6209, 6208, 6063, -1,
          6209, 6063, 6064, -1,
          6210, 6209, 6064, -1,
          6210, 6064, 6066, -1,
          6211, 6066, 6068, -1,
          6211, 6210, 6066, -1,
          6212, 6068, 6069, -1,
          6212, 6211, 6068, -1,
          6213, 6069, 6072, -1,
          6213, 6212, 6069, -1,
          6214, 6072, 6074, -1,
          6214, 6213, 6072, -1,
          6215, 6074, 6077, -1,
          6215, 6214, 6074, -1,
          6216, 6077, 6084, -1,
          6216, 6215, 6077, -1,
          6217, 6084, 6085, -1,
          6217, 6216, 6084, -1,
          6158, 6085, 6089, -1,
          6158, 6217, 6085, -1,
          6218, 6191, 6188, -1,
          6218, 6038, 6039, -1,
          6218, 6188, 6038, -1,
          6218, 6039, 6191, -1,
          6219, 6141, 6055, -1,
          6219, 6055, 6050, -1,
          6220, 6050, 6045, -1,
          6220, 6219, 6050, -1,
          6221, 6045, 6040, -1,
          6221, 6220, 6045, -1,
          6222, 6040, 6037, -1,
          6222, 6221, 6040, -1,
          6223, 6037, 6035, -1,
          6223, 6222, 6037, -1,
          6224, 6035, 6032, -1,
          6224, 6223, 6035, -1,
          6225, 6032, 6029, -1,
          6225, 6224, 6032, -1,
          6226, 6029, 6027, -1,
          6226, 6225, 6029, -1,
          6227, 6027, 6025, -1,
          6227, 6226, 6027, -1,
          6228, 6227, 6025, -1,
          6228, 6025, 6023, -1,
          6021, 6228, 6023, -1,
          6229, 6228, 6021, -1,
          6019, 6229, 6021, -1,
          6230, 6229, 6019, -1,
          6231, 6230, 6019, -1,
          6231, 6019, 6017, -1,
          6232, 6231, 6017, -1,
          6232, 6017, 6016, -1,
          6233, 6232, 6016, -1,
          6233, 6016, 6014, -1,
          6234, 6233, 6014, -1,
          6234, 6014, 6012, -1,
          6235, 6234, 6012, -1,
          6235, 6012, 6011, -1,
          6236, 6235, 6011, -1,
          6236, 6011, 6013, -1,
          6015, 6236, 6013, -1,
          6237, 6236, 6015, -1,
          6018, 6237, 6015, -1,
          6238, 6237, 6018, -1,
          6239, 6238, 6018, -1,
          6239, 6018, 6020, -1,
          6240, 6239, 6020, -1,
          6240, 6020, 6022, -1,
          6241, 6022, 6024, -1,
          6241, 6240, 6022, -1,
          6242, 6024, 6026, -1,
          6242, 6241, 6024, -1,
          6243, 6026, 6028, -1,
          6243, 6242, 6026, -1,
          6244, 6028, 6030, -1,
          6244, 6243, 6028, -1,
          6245, 6030, 6031, -1,
          6245, 6244, 6030, -1,
          6246, 6031, 6033, -1,
          6246, 6245, 6031, -1,
          6247, 6033, 6034, -1,
          6247, 6246, 6033, -1,
          6189, 6034, 6036, -1,
          6189, 6247, 6034, -1,
          6228, 6229, 6230, -1,
          6241, 6238, 6239, -1,
          6241, 6239, 6240, -1,
          6227, 6230, 6231, -1,
          6227, 6231, 6232, -1,
          6227, 6228, 6230, -1,
          6242, 6238, 6241, -1,
          6246, 6242, 6243, -1,
          6246, 6243, 6244, -1,
          6246, 6238, 6242, -1,
          6246, 6244, 6245, -1,
          6247, 6236, 6237, -1,
          6247, 6237, 6238, -1,
          6247, 6238, 6246, -1,
          6188, 6247, 6189, -1,
          6192, 6191, 6190, -1,
          6193, 6188, 6191, -1,
          6193, 6191, 6192, -1,
          6194, 6188, 6193, -1,
          6195, 6188, 6194, -1,
          6196, 6188, 6195, -1,
          6197, 6188, 6196, -1,
          6198, 6188, 6197, -1,
          6199, 6247, 6188, -1,
          6199, 6188, 6198, -1,
          6200, 6247, 6199, -1,
          6200, 6235, 6236, -1,
          6200, 6236, 6247, -1,
          6201, 6235, 6200, -1,
          6201, 6234, 6235, -1,
          6202, 6234, 6201, -1,
          6202, 6233, 6234, -1,
          6203, 6233, 6202, -1,
          6204, 6233, 6203, -1,
          6205, 6233, 6204, -1,
          6205, 6232, 6233, -1,
          6206, 6232, 6205, -1,
          6207, 6227, 6232, -1,
          6207, 6232, 6206, -1,
          6208, 6227, 6207, -1,
          6208, 6226, 6227, -1,
          6209, 6226, 6208, -1,
          6209, 6225, 6226, -1,
          6210, 6225, 6209, -1,
          6210, 6224, 6225, -1,
          6211, 6224, 6210, -1,
          6211, 6223, 6224, -1,
          6212, 6223, 6211, -1,
          6212, 6222, 6223, -1,
          6213, 6221, 6222, -1,
          6213, 6222, 6212, -1,
          6214, 6220, 6221, -1,
          6214, 6221, 6213, -1,
          6215, 6219, 6220, -1,
          6215, 6220, 6214, -1,
          6216, 6219, 6215, -1,
          6217, 6141, 6219, -1,
          6217, 6219, 6216, -1,
          6158, 6140, 6141, -1,
          6158, 6141, 6217, -1,
          6156, 6130, 6129, -1,
          6153, 6154, 6155, -1,
          6152, 6153, 6155, -1,
          6157, 6138, 6139, -1,
          6157, 6139, 6140, -1,
          6157, 6140, 6158, -1,
          6148, 6149, 6150, -1,
          6148, 6150, 6151, -1,
          6147, 6148, 6151, -1,
          6159, 6137, 6138, -1,
          6159, 6138, 6157, -1,
          6146, 6147, 6151, -1,
          6160, 6137, 6159, -1,
          6142, 6144, 6145, -1,
          6142, 6145, 6146, -1,
          6142, 6151, 6152, -1,
          6142, 6152, 6155, -1,
          6142, 6146, 6151, -1,
          6161, 6136, 6137, -1,
          6161, 6137, 6160, -1,
          6143, 6155, 6156, -1,
          6143, 6142, 6155, -1,
          6162, 6136, 6161, -1,
          6162, 6135, 6136, -1,
          6187, 6156, 6129, -1,
          6187, 6143, 6156, -1,
          6163, 6135, 6162, -1,
          6163, 6134, 6135, -1,
          6184, 6185, 6186, -1,
          6164, 6134, 6163, -1,
          6164, 6133, 6134, -1,
          6165, 6133, 6164, -1,
          6166, 6133, 6165, -1,
          6167, 6133, 6166, -1,
          6180, 6181, 6182, -1,
          6180, 6184, 6186, -1,
          6180, 6182, 6183, -1,
          6180, 6183, 6184, -1,
          6168, 6133, 6167, -1,
          6179, 6186, 6187, -1,
          6179, 6180, 6186, -1,
          6169, 6132, 6133, -1,
          6169, 6133, 6168, -1,
          6178, 6179, 6187, -1,
          6170, 6132, 6169, -1,
          6171, 6132, 6170, -1,
          6176, 6177, 6178, -1,
          6172, 6131, 6132, -1,
          6172, 6132, 6171, -1,
          6175, 6178, 6187, -1,
          6175, 6176, 6178, -1,
          6173, 6129, 6131, -1,
          6173, 6131, 6172, -1,
          6174, 6129, 6173, -1,
          6174, 6175, 6187, -1,
          6174, 6187, 6129, -1,
          2388, 6248, 6249, -1,
          2388, 6249, 2009, -1,
          6250, 1959, 2009, -1,
          6250, 2009, 6249, -1,
          6251, 2527, 1959, -1,
          6251, 1959, 6250, -1,
          2528, 2527, 6251, -1,
          2528, 6251, 6252, -1,
          2529, 6252, 6253, -1,
          2529, 2528, 6252, -1,
          2530, 6253, 6254, -1,
          2530, 2529, 6253, -1,
          2531, 6254, 6255, -1,
          2531, 2530, 6254, -1,
          2532, 6255, 6256, -1,
          2532, 2531, 6255, -1,
          2195, 6256, 6257, -1,
          2195, 2532, 6256, -1,
          2144, 6257, 6258, -1,
          2144, 2195, 6257, -1,
          2117, 6258, 6259, -1,
          2117, 2144, 6258, -1,
          2108, 6259, 6260, -1,
          2108, 2117, 6259, -1,
          2103, 6260, 6261, -1,
          2103, 2108, 6260, -1,
          2067, 6261, 6262, -1,
          2067, 2103, 6261, -1,
          6263, 2137, 2067, -1,
          6263, 2067, 6262, -1,
          2190, 2137, 6263, -1,
          2190, 6263, 6264, -1,
          2229, 6264, 6265, -1,
          2229, 2190, 6264, -1,
          2243, 6265, 6266, -1,
          2243, 2229, 6265, -1,
          2259, 6266, 6267, -1,
          2259, 2243, 6266, -1,
          2269, 6267, 6268, -1,
          2269, 2259, 6267, -1,
          2279, 6268, 6269, -1,
          2279, 2269, 6268, -1,
          2289, 6269, 6270, -1,
          2289, 2279, 6269, -1,
          2298, 6270, 6271, -1,
          2298, 2289, 6270, -1,
          2304, 6271, 6272, -1,
          2304, 2298, 6271, -1,
          2307, 6272, 6273, -1,
          2307, 2304, 6272, -1,
          2315, 6273, 6274, -1,
          2315, 2307, 6273, -1,
          2338, 6274, 6275, -1,
          2338, 2315, 6274, -1,
          2339, 6275, 6276, -1,
          2339, 2338, 6275, -1,
          2340, 6276, 6277, -1,
          2340, 2339, 6276, -1,
          2337, 6277, 6278, -1,
          2337, 2340, 6277, -1,
          2346, 2337, 6278, -1,
          2346, 6278, 6279, -1,
          6280, 2346, 6279, -1,
          2356, 2346, 6280, -1,
          2356, 6280, 6248, -1,
          2356, 6248, 2388, -1,
          6248, 6251, 6249, -1,
          6270, 6251, 6271, -1,
          6272, 6271, 6251, -1,
          6273, 6272, 6251, -1,
          6269, 6252, 6251, -1,
          6269, 6251, 6270, -1,
          6274, 6273, 6251, -1,
          6268, 6253, 6252, -1,
          6268, 6254, 6253, -1,
          6268, 6252, 6269, -1,
          6275, 6251, 6248, -1,
          6275, 6274, 6251, -1,
          6276, 6275, 6248, -1,
          6267, 6255, 6254, -1,
          6267, 6254, 6268, -1,
          6277, 6276, 6248, -1,
          6278, 6277, 6248, -1,
          6279, 6278, 6248, -1,
          6266, 6256, 6255, -1,
          6266, 6257, 6256, -1,
          6266, 6255, 6267, -1,
          6280, 6279, 6248, -1,
          6265, 6258, 6257, -1,
          6265, 6257, 6266, -1,
          6264, 6259, 6258, -1,
          6264, 6258, 6265, -1,
          6263, 6260, 6259, -1,
          6263, 6261, 6260, -1,
          6263, 6262, 6261, -1,
          6263, 6259, 6264, -1,
          6251, 6250, 6249, -1
        ]
      }
    }
}
