#VRML V2.0 utf8
WorldInfo {
  title "Exported triangle mesh to VRML97"
  info ["Created by FreeCAD"
        "<https://www.freecad.org>"]
}

Transform {
  scale 1 1 1
  rotation 0 0 1 0
  scaleOrientation 0 0 1 0
  center 0.000 0.000 0.000
  translation 0.000 0.000 0.000
  children
    Shape { 
      appearance
      Appearance {
        material
        Material {
          diffuseColor 0.8 0.8 0.8
        }
      }
      geometry
      IndexedFaceSet {
        coord
        Coordinate {
          point [
            -17.302 11.500 0.500,
            -17.451 11.500 0.500,
            -17.800 -12.300 0.500,
            -17.277 11.500 0.500,
            -17.800 12.300 0.500,
            -17.451 12.100 0.500,
            -16.821 11.500 0.500,
            -17.159 11.514 0.500,
            -17.178 11.510 0.500,
            -17.199 11.506 0.500,
            -17.221 11.503 0.500,
            -17.252 11.501 0.500,
            -16.984 11.653 0.500,
            -16.990 11.643 0.500,
            -16.995 11.633 0.500,
            -17.005 11.618 0.500,
            -17.016 11.605 0.500,
            -17.025 11.594 0.500,
            -17.033 11.585 0.500,
            -17.047 11.571 0.500,
            -17.063 11.559 0.500,
            -17.079 11.548 0.500,
            -17.097 11.538 0.500,
            -17.110 11.531 0.500,
            -17.125 11.525 0.500,
            -17.142 11.519 0.500,
            -16.976 11.670 0.500,
            -16.971 11.684 0.500,
            -16.964 11.702 0.500,
            -16.745 11.500 0.500,
            -16.959 11.720 0.500,
            -17.303 12.100 0.500,
            -17.264 12.099 0.500,
            -17.233 12.097 0.500,
            -17.204 12.094 0.500,
            -16.373 11.500 0.500,
            -16.536 11.667 0.500,
            -16.583 11.667 0.500,
            -16.297 11.500 0.500,
            -16.821 12.100 0.500,
            -17.185 12.092 0.500,
            -17.166 12.088 0.500,
            -17.148 12.083 0.500,
            -17.136 12.079 0.500,
            -17.118 12.072 0.500,
            -17.107 12.068 0.500,
            -17.098 12.063 0.500,
            -17.078 12.052 0.500,
            -17.062 12.041 0.500,
            -17.051 12.033 0.500,
            -17.043 12.026 0.500,
            -17.029 12.013 0.500,
            -17.016 11.998 0.500,
            -17.005 11.984 0.500,
            -16.996 11.971 0.500,
            -16.988 11.958 0.500,
            -16.980 11.942 0.500,
            -16.975 11.930 0.500,
            -16.130 11.500 0.500,
            -16.712 12.100 0.500,
            -16.403 12.100 0.500,
            -15.758 11.500 0.500,
            -16.297 12.100 0.500,
            -15.674 11.500 0.500,
            -15.758 11.568 0.500,
            -16.130 12.100 0.500,
            -16.054 12.100 0.500,
            -16.054 11.568 0.500,
            -15.519 11.720 0.500,
            -15.598 11.720 0.500,
            -15.598 11.500 0.500,
            -15.495 11.721 0.500,
            -15.484 11.721 0.500,
            -15.472 11.723 0.500,
            -15.452 11.725 0.500,
            -15.439 11.728 0.500,
            -15.158 11.494 0.500,
            -15.424 11.732 0.500,
            -15.142 11.490 0.500,
            -15.126 11.487 0.500,
            -15.110 11.486 0.500,
            -15.086 11.485 0.500,
            -15.158 11.568 0.500,
            -15.364 11.762 0.500,
            -15.375 11.754 0.500,
            -15.386 11.748 0.500,
            -15.396 11.743 0.500,
            -15.406 11.738 0.500,
            -15.074 11.485 0.500,
            -15.354 11.770 0.500,
            -15.674 12.100 0.500,
            -15.172 11.770 0.500,
            -15.339 11.783 0.500,
            -15.163 11.761 0.500,
            -15.180 11.780 0.500,
            -15.328 11.796 0.500,
            -15.148 11.749 0.500,
            -15.187 11.788 0.500,
            -15.193 11.797 0.500,
            -15.317 11.810 0.500,
            -15.132 11.739 0.500,
            -15.201 11.814 0.500,
            -15.308 11.826 0.500,
            -15.116 11.730 0.500,
            -15.154 11.568 0.500,
            -15.207 11.828 0.500,
            -15.304 11.835 0.500,
            -15.099 11.723 0.500,
            -15.137 11.562 0.500,
            -15.211 11.840 0.500,
            -15.299 11.847 0.500,
            -15.088 11.720 0.500,
            -15.125 11.559 0.500,
            -15.108 11.556 0.500,
            -15.213 11.851 0.500,
            -15.294 11.862 0.500,
            -15.075 11.717 0.500,
            -15.091 11.554 0.500,
            -15.074 11.553 0.500,
            -15.216 11.869 0.500,
            -15.290 11.880 0.500,
            -15.059 11.715 0.500,
            -15.057 11.554 0.500,
            -15.045 11.555 0.500,
            -15.218 11.887 0.500,
            -15.287 11.901 0.500,
            -15.289 11.890 0.500,
            -15.041 11.713 0.500,
            -15.034 11.556 0.500,
            -15.022 11.559 0.500,
            -15.012 11.561 0.500,
            -15.219 11.905 0.500,
            -15.287 11.917 0.500,
            -15.021 11.713 0.500,
            -15.002 11.564 0.500,
            -14.992 11.568 0.500,
            -14.975 11.577 0.500,
            -15.218 11.923 0.500,
            -15.288 11.936 0.500,
            -15.003 11.713 0.500,
            -14.960 11.586 0.500,
            -14.948 11.596 0.500,
            -14.937 11.606 0.500,
            -15.217 11.935 0.500,
            -14.986 11.715 0.500,
            -14.928 11.617 0.500,
            -14.921 11.627 0.500,
            -15.215 11.947 0.500,
            -15.289 11.954 0.500,
            -15.213 11.959 0.500,
            -15.293 11.972 0.500,
            -14.968 11.718 0.500,
            -14.914 11.636 0.500,
            -14.909 11.645 0.500,
            -15.210 11.970 0.500,
            -14.958 11.720 0.500,
            -14.901 11.662 0.500,
            -15.207 11.981 0.500,
            -15.296 11.983 0.500,
            -14.946 11.723 0.500,
            -14.895 11.677 0.500,
            -15.203 11.991 0.500,
            -15.301 11.995 0.500,
            -14.931 11.729 0.500,
            -14.891 11.690 0.500,
            -15.199 12.000 0.500,
            -15.308 12.010 0.500,
            -14.886 11.709 0.500,
            -14.915 11.736 0.500,
            -15.190 12.017 0.500,
            -15.319 12.026 0.500,
            -14.883 11.724 0.500,
            -14.898 11.744 0.500,
            -15.180 12.032 0.500,
            -15.326 12.034 0.500,
            -14.664 11.520 0.500,
            -14.843 11.615 0.500,
            -14.850 11.604 0.500,
            -14.856 11.594 0.500,
            -14.865 11.582 0.500,
            -14.879 11.566 0.500,
            -14.888 11.556 0.500,
            -14.902 11.544 0.500,
            -14.915 11.534 0.500,
            -14.927 11.526 0.500,
            -14.939 11.519 0.500,
            -14.950 11.513 0.500,
            -14.880 11.740 0.500,
            -14.652 11.515 0.500,
            -14.961 11.508 0.500,
            -14.643 11.511 0.500,
            -14.971 11.504 0.500,
            -14.633 11.508 0.500,
            -15.169 12.045 0.500,
            -15.334 12.042 0.500,
            -14.879 11.755 0.500,
            -14.620 11.504 0.500,
            -14.989 11.498 0.500,
            -15.159 12.055 0.500,
            -15.343 12.051 0.500,
            -14.602 11.498 0.500,
            -15.005 11.493 0.500,
            -14.580 11.493 0.500,
            -15.023 11.490 0.500,
            -15.149 12.065 0.500,
            -15.358 12.062 0.500,
            -14.561 11.490 0.500,
            -15.042 11.487 0.500,
            -15.139 12.073 0.500,
            -15.374 12.072 0.500,
            -14.664 11.606 0.500,
            -14.804 11.721 0.500,
            -14.809 11.702 0.500,
            -14.813 11.684 0.500,
            -14.819 11.666 0.500,
            -14.826 11.648 0.500,
            -14.831 11.636 0.500,
            -14.836 11.627 0.500,
            -14.539 11.487 0.500,
            -15.061 11.485 0.500,
            -15.130 12.080 0.500,
            -15.121 12.085 0.500,
            -15.390 12.080 0.500,
            -14.520 11.486 0.500,
            -15.104 12.095 0.500,
            -15.408 12.086 0.500,
            -14.494 11.485 0.500,
            -15.089 12.101 0.500,
            -15.419 12.090 0.500,
            -15.077 12.106 0.500,
            -15.432 12.093 0.500,
            -15.066 12.109 0.500,
            -15.448 12.096 0.500,
            -15.048 12.112 0.500,
            -15.486 12.099 0.500,
            -15.467 12.098 0.500,
            -15.029 12.114 0.500,
            -15.514 12.100 0.500,
            -15.010 12.115 0.500,
            -14.641 11.789 0.500,
            -14.659 11.606 0.500,
            -14.795 11.881 0.500,
            -14.794 11.859 0.500,
            -14.793 11.836 0.500,
            -14.794 11.796 0.500,
            -14.796 11.772 0.500,
            -14.800 11.745 0.500,
            -14.605 11.795 0.500,
            -14.642 11.596 0.500,
            -14.631 11.590 0.500,
            -14.585 11.799 0.500,
            -14.612 11.581 0.500,
            -14.569 11.801 0.500,
            -14.596 11.574 0.500,
            -14.379 11.612 0.500,
            -14.444 11.561 0.500,
            -14.426 11.568 0.500,
            -14.410 11.578 0.500,
            -14.396 11.590 0.500,
            -14.386 11.600 0.500,
            -14.372 11.624 0.500,
            -14.551 11.803 0.500,
            -14.579 11.567 0.500,
            -14.368 11.634 0.500,
            -14.537 11.803 0.500,
            -14.561 11.562 0.500,
            -14.550 11.559 0.500,
            -14.517 11.804 0.500,
            -14.533 11.556 0.500,
            -14.364 11.652 0.500,
            -14.455 11.558 0.500,
            -14.505 11.804 0.500,
            -14.515 11.554 0.500,
            -14.361 11.670 0.500,
            -14.493 11.803 0.500,
            -14.497 11.553 0.500,
            -14.473 11.801 0.500,
            -14.482 11.554 0.500,
            -14.468 11.555 0.500,
            -14.455 11.798 0.500,
            -14.360 11.688 0.500,
            -14.442 11.796 0.500,
            -14.361 11.703 0.500,
            -14.428 11.791 0.500,
            -14.414 11.784 0.500,
            -14.400 11.776 0.500,
            -14.362 11.714 0.500,
            -14.365 11.726 0.500,
            -14.369 11.736 0.500,
            -14.377 11.751 0.500,
            -14.387 11.765 0.500,
            -14.089 11.533 0.500,
            -14.333 11.544 0.500,
            -14.348 11.531 0.500,
            -14.096 11.541 0.500,
            -14.081 11.526 0.500,
            -14.103 11.549 0.500,
            -14.321 11.558 0.500,
            -14.073 11.519 0.500,
            -14.358 11.523 0.500,
            -14.109 11.557 0.500,
            -14.310 11.573 0.500,
            -14.065 11.514 0.500,
            -14.368 11.516 0.500,
            -14.115 11.566 0.500,
            -14.056 11.508 0.500,
            -14.378 11.511 0.500,
            -14.387 11.506 0.500,
            -14.120 11.575 0.500,
            -14.300 11.590 0.500,
            -14.046 11.503 0.500,
            -14.641 12.100 0.500,
            -14.993 12.115 0.500,
            -14.981 12.114 0.500,
            -14.970 12.112 0.500,
            -14.951 12.108 0.500,
            -14.935 12.103 0.500,
            -14.922 12.098 0.500,
            -14.911 12.094 0.500,
            -14.895 12.084 0.500,
            -14.879 12.073 0.500,
            -14.865 12.061 0.500,
            -14.852 12.047 0.500,
            -14.845 12.038 0.500,
            -14.835 12.023 0.500,
            -14.827 12.009 0.500,
            -14.821 11.996 0.500,
            -14.815 11.983 0.500,
            -14.811 11.971 0.500,
            -14.808 11.961 0.500,
            -14.803 11.942 0.500,
            -14.036 11.499 0.500,
            -14.404 11.499 0.500,
            -14.129 11.592 0.500,
            -14.295 11.601 0.500,
            -14.565 12.032 0.500,
            -14.498 11.872 0.500,
            -14.471 11.872 0.500,
            -14.452 11.870 0.500,
            -14.433 11.868 0.500,
            -14.565 11.869 0.500,
            -14.543 11.871 0.500,
            -14.521 11.872 0.500,
            -14.026 11.495 0.500,
            -14.418 11.495 0.500,
            -14.136 11.608 0.500,
            -14.290 11.613 0.500,
            -14.014 11.492 0.500,
            -14.431 11.491 0.500,
            -14.141 11.624 0.500,
            -14.285 11.629 0.500,
            -14.002 11.489 0.500,
            -14.441 11.489 0.500,
            -14.146 11.641 0.500,
            -14.280 11.649 0.500,
            -13.990 11.487 0.500,
            -14.454 11.487 0.500,
            -14.468 11.486 0.500,
            -14.150 11.660 0.500,
            -14.277 11.671 0.500,
            -14.279 11.659 0.500,
            -13.976 11.486 0.500,
            -14.479 11.485 0.500,
            -14.155 11.684 0.500,
            -14.277 11.689 0.500,
            -13.954 11.485 0.500,
            -14.158 11.707 0.500,
            -14.277 11.707 0.500,
            -13.935 11.486 0.500,
            -14.161 11.737 0.500,
            -14.283 11.744 0.500,
            -14.279 11.726 0.500,
            -14.162 11.768 0.500,
            -14.286 11.755 0.500,
            -14.163 11.800 0.500,
            -14.297 11.781 0.500,
            -14.290 11.767 0.500,
            -14.162 11.848 0.500,
            -14.321 11.814 0.500,
            -14.313 11.806 0.500,
            -14.307 11.798 0.500,
            -14.159 11.882 0.500,
            -14.330 11.823 0.500,
            -14.284 12.032 0.500,
            -14.418 11.865 0.500,
            -14.405 11.862 0.500,
            -14.394 11.859 0.500,
            -14.377 11.852 0.500,
            -14.360 11.844 0.500,
            -14.345 11.835 0.500,
            -14.156 11.908 0.500,
            -14.152 11.932 0.500,
            -14.147 11.953 0.500,
            -14.142 11.972 0.500,
            -14.136 11.991 0.500,
            -14.128 12.009 0.500,
            -13.608 11.500 0.500,
            -13.760 11.648 0.500,
            -13.766 11.628 0.500,
            -13.771 11.611 0.500,
            -13.779 11.592 0.500,
            -13.787 11.576 0.500,
            -13.796 11.562 0.500,
            -13.805 11.549 0.500,
            -13.814 11.539 0.500,
            -13.823 11.529 0.500,
            -13.832 11.522 0.500,
            -13.841 11.515 0.500,
            -13.858 11.505 0.500,
            -13.873 11.499 0.500,
            -13.886 11.494 0.500,
            -13.897 11.491 0.500,
            -13.916 11.487 0.500,
            -14.120 12.025 0.500,
            -14.284 12.100 0.500,
            -13.756 11.667 0.500,
            -14.111 12.039 0.500,
            -14.102 12.052 0.500,
            -13.532 11.500 0.500,
            -14.093 12.062 0.500,
            -14.084 12.071 0.500,
            -14.075 12.079 0.500,
            -14.066 12.085 0.500,
            -14.049 12.095 0.500,
            -14.034 12.102 0.500,
            -14.022 12.106 0.500,
            -14.011 12.109 0.500,
            -13.992 12.113 0.500,
            -13.973 12.115 0.500,
            -13.954 12.115 0.500,
            -13.206 11.500 0.500,
            -13.407 11.735 0.500,
            -13.532 11.735 0.500,
            -13.115 11.500 0.500,
            -13.608 12.100 0.500,
            -13.932 12.114 0.500,
            -13.918 12.113 0.500,
            -13.906 12.111 0.500,
            -13.895 12.108 0.500,
            -13.883 12.105 0.500,
            -13.872 12.101 0.500,
            -13.862 12.097 0.500,
            -13.853 12.092 0.500,
            -13.844 12.087 0.500,
            -13.835 12.081 0.500,
            -13.827 12.074 0.500,
            -13.819 12.067 0.500,
            -13.812 12.059 0.500,
            -13.806 12.051 0.500,
            -13.799 12.043 0.500,
            -13.793 12.034 0.500,
            -13.788 12.025 0.500,
            -13.780 12.008 0.500,
            -13.773 11.992 0.500,
            -13.767 11.973 0.500,
            -13.761 11.954 0.500,
            -13.757 11.936 0.500,
            -13.753 11.914 0.500,
            -13.750 11.889 0.500,
            -13.273 11.803 0.500,
            -13.283 11.794 0.500,
            -13.261 11.815 0.500,
            -13.250 11.831 0.500,
            -13.244 11.840 0.500,
            -13.239 11.850 0.500,
            -13.234 11.862 0.500,
            -13.229 11.875 0.500,
            -13.443 12.100 0.500,
            -13.226 11.890 0.500,
            -13.223 11.906 0.500,
            -13.222 11.919 0.500,
            -13.221 11.935 0.500,
            -13.222 11.954 0.500,
            -13.224 11.973 0.500,
            17.800 -12.300 0.500,
            17.800 12.300 0.500,
            -13.259 12.042 0.500,
            -13.247 12.027 0.500,
            -13.238 12.014 0.500,
            -13.232 12.001 0.500,
            -13.229 11.991 0.500,
            -13.408 12.099 0.500,
            -13.386 12.098 0.500,
            -13.367 12.095 0.500,
            -13.353 12.093 0.500,
            -13.342 12.090 0.500,
            -13.324 12.085 0.500,
            -13.306 12.077 0.500,
            -13.289 12.067 0.500,
            -13.275 12.057 0.500,
            -13.267 12.050 0.500,
            -16.373 12.017 0.500,
            -16.745 12.017 0.500,
            -16.950 11.799 0.500,
            -16.950 11.815 0.500,
            -16.951 11.831 0.500,
            -16.954 11.852 0.500,
            -16.957 11.872 0.500,
            -16.960 11.886 0.500,
            -16.964 11.903 0.500,
            -16.970 11.920 0.500,
            -16.951 11.777 0.500,
            -16.953 11.757 0.500,
            -16.955 11.739 0.500,
            -16.555 11.767 0.500,
            -14.797 11.905 0.500,
            -14.800 11.925 0.500,
            -13.341 11.759 0.500,
            -13.324 11.767 0.500,
            -13.307 11.776 0.500,
            -13.291 11.787 0.500,
            -13.745 11.800 0.500,
            -13.746 11.829 0.500,
            -13.747 11.858 0.500,
            -13.746 11.752 0.500,
            -13.749 11.718 0.500,
            -13.752 11.689 0.500,
            -18.000 -12.500 0.300,
            -18.000 12.500 0.300,
            -18.000 -12.500 -0.300,
            -18.000 12.500 -0.300,
            18.000 -12.500 -0.300,
            18.000 -12.500 0.300,
            18.000 12.500 0.300,
            18.000 12.500 -0.300,
            -17.800 12.300 -0.500,
            17.800 12.300 -0.500,
            -17.800 -12.300 -0.500,
            17.800 -12.300 -0.500,
            -17.078 12.052 0.499,
            -17.062 12.041 0.499,
            -17.051 12.033 0.499,
            -17.043 12.026 0.499,
            -17.029 12.013 0.499,
            -17.016 11.998 0.499,
            -17.005 11.984 0.499,
            -16.996 11.971 0.499,
            -16.988 11.958 0.499,
            -16.980 11.942 0.499,
            -16.975 11.930 0.499,
            -16.970 11.920 0.499,
            -16.964 11.903 0.499,
            -16.960 11.886 0.499,
            -16.957 11.872 0.499,
            -16.954 11.852 0.499,
            -16.951 11.831 0.499,
            -16.950 11.815 0.499,
            -16.950 11.799 0.499,
            -16.951 11.777 0.499,
            -16.953 11.757 0.499,
            -16.955 11.739 0.499,
            -16.959 11.720 0.499,
            -16.964 11.702 0.499,
            -16.971 11.684 0.499,
            -16.976 11.670 0.499,
            -16.984 11.653 0.499,
            -16.990 11.643 0.499,
            -16.995 11.633 0.499,
            -17.005 11.618 0.499,
            -17.016 11.605 0.499,
            -17.025 11.594 0.499,
            -17.033 11.585 0.499,
            -17.047 11.571 0.499,
            -17.063 11.559 0.499,
            -17.079 11.548 0.499,
            -17.097 11.538 0.499,
            -17.110 11.531 0.499,
            -17.125 11.525 0.499,
            -17.142 11.519 0.499,
            -17.159 11.514 0.499,
            -17.178 11.510 0.499,
            -17.199 11.506 0.499,
            -17.221 11.503 0.499,
            -17.252 11.501 0.499,
            -17.277 11.500 0.499,
            -17.302 11.500 0.499,
            -17.451 11.500 0.499,
            -17.451 12.100 0.499,
            -17.303 12.100 0.499,
            -17.264 12.099 0.499,
            -17.233 12.097 0.499,
            -17.204 12.094 0.499,
            -17.185 12.092 0.499,
            -17.166 12.088 0.499,
            -17.148 12.083 0.499,
            -17.136 12.079 0.499,
            -17.118 12.072 0.499,
            -17.107 12.068 0.499,
            -17.098 12.063 0.499,
            -17.376 12.032 0.499,
            -17.301 12.032 0.499,
            -17.275 12.031 0.499,
            -17.262 12.031 0.499,
            -17.249 12.030 0.499,
            -17.228 12.027 0.499,
            -17.209 12.024 0.499,
            -17.192 12.020 0.499,
            -17.182 12.018 0.499,
            -17.171 12.014 0.499,
            -17.160 12.010 0.499,
            -17.148 12.005 0.499,
            -17.131 11.996 0.499,
            -17.116 11.986 0.499,
            -17.101 11.975 0.499,
            -17.088 11.962 0.499,
            -17.081 11.954 0.499,
            -17.073 11.944 0.499,
            -17.064 11.931 0.499,
            -17.056 11.914 0.499,
            -17.376 11.568 0.499,
            -17.052 11.905 0.499,
            -17.048 11.894 0.499,
            -17.044 11.883 0.499,
            -17.041 11.870 0.499,
            -17.038 11.855 0.499,
            -17.036 11.840 0.499,
            -17.301 11.568 0.499,
            -17.034 11.821 0.499,
            -17.270 11.569 0.499,
            -17.034 11.801 0.499,
            -17.242 11.571 0.499,
            -17.034 11.782 0.499,
            -17.220 11.574 0.499,
            -17.035 11.764 0.499,
            -17.202 11.577 0.499,
            -17.038 11.745 0.499,
            -17.188 11.580 0.499,
            -17.040 11.735 0.499,
            -17.177 11.583 0.499,
            -17.042 11.722 0.499,
            -17.158 11.590 0.499,
            -17.047 11.706 0.499,
            -17.140 11.598 0.499,
            -17.054 11.689 0.499,
            -17.058 11.679 0.499,
            -17.123 11.608 0.499,
            -17.064 11.669 0.499,
            -17.111 11.617 0.499,
            -17.070 11.659 0.499,
            -17.100 11.626 0.499,
            -17.078 11.648 0.499,
            -17.088 11.637 0.499,
            -17.111 11.617 0.500,
            -17.123 11.608 0.500,
            -17.100 11.626 0.500,
            -17.088 11.637 0.500,
            -17.078 11.648 0.500,
            -17.070 11.659 0.500,
            -17.064 11.669 0.500,
            -17.058 11.679 0.500,
            -17.054 11.689 0.500,
            -17.047 11.706 0.500,
            -17.042 11.722 0.500,
            -17.040 11.735 0.500,
            -17.038 11.745 0.500,
            -17.035 11.764 0.500,
            -17.034 11.782 0.500,
            -17.034 11.801 0.500,
            -17.270 11.569 0.500,
            -17.301 11.568 0.500,
            -17.242 11.571 0.500,
            -17.220 11.574 0.500,
            -17.202 11.577 0.500,
            -17.188 11.580 0.500,
            -17.177 11.583 0.500,
            -17.158 11.590 0.500,
            -17.140 11.598 0.500,
            -17.376 11.568 0.500,
            -17.376 12.032 0.500,
            -17.301 12.032 0.500,
            -17.148 12.005 0.500,
            -17.131 11.996 0.500,
            -17.160 12.010 0.500,
            -17.171 12.014 0.500,
            -17.182 12.018 0.500,
            -17.192 12.020 0.500,
            -17.209 12.024 0.500,
            -17.228 12.027 0.500,
            -17.249 12.030 0.500,
            -17.262 12.031 0.500,
            -17.275 12.031 0.500,
            -17.034 11.821 0.500,
            -17.036 11.840 0.500,
            -17.038 11.855 0.500,
            -17.041 11.870 0.500,
            -17.044 11.883 0.500,
            -17.048 11.894 0.500,
            -17.052 11.905 0.500,
            -17.056 11.914 0.500,
            -17.064 11.931 0.500,
            -17.073 11.944 0.500,
            -17.081 11.954 0.500,
            -17.088 11.962 0.500,
            -17.101 11.975 0.500,
            -17.116 11.986 0.500,
            -16.297 12.100 0.499,
            -16.297 11.500 0.499,
            -16.373 11.500 0.499,
            -16.373 12.017 0.499,
            -16.536 11.667 0.499,
            -16.583 11.667 0.499,
            -16.745 12.017 0.499,
            -16.745 11.500 0.499,
            -16.821 11.500 0.499,
            -16.821 12.100 0.499,
            -16.712 12.100 0.499,
            -16.555 11.767 0.499,
            -16.403 12.100 0.499,
            -15.758 11.568 0.499,
            -15.758 11.500 0.499,
            -16.130 11.500 0.499,
            -16.130 12.100 0.499,
            -16.054 12.100 0.499,
            -16.054 11.568 0.499,
            -15.358 12.062 0.499,
            -15.343 12.051 0.499,
            -15.334 12.042 0.499,
            -15.326 12.034 0.499,
            -15.319 12.026 0.499,
            -15.308 12.010 0.499,
            -15.301 11.995 0.499,
            -15.296 11.983 0.499,
            -15.293 11.972 0.499,
            -15.289 11.954 0.499,
            -15.288 11.936 0.499,
            -15.287 11.917 0.499,
            -15.287 11.901 0.499,
            -15.289 11.890 0.499,
            -15.290 11.880 0.499,
            -15.294 11.862 0.499,
            -15.299 11.847 0.499,
            -15.304 11.835 0.499,
            -15.308 11.826 0.499,
            -15.317 11.810 0.499,
            -15.328 11.796 0.499,
            -15.339 11.783 0.499,
            -15.354 11.770 0.499,
            -15.364 11.762 0.499,
            -15.375 11.754 0.499,
            -15.386 11.748 0.499,
            -15.396 11.743 0.499,
            -15.406 11.738 0.499,
            -15.424 11.732 0.499,
            -15.439 11.728 0.499,
            -15.452 11.725 0.499,
            -15.472 11.723 0.499,
            -15.484 11.721 0.499,
            -15.495 11.721 0.499,
            -15.519 11.720 0.499,
            -15.598 11.720 0.499,
            -15.598 11.500 0.499,
            -15.674 11.500 0.499,
            -15.674 12.100 0.499,
            -15.514 12.100 0.499,
            -15.486 12.099 0.499,
            -15.467 12.098 0.499,
            -15.448 12.096 0.499,
            -15.432 12.093 0.499,
            -15.419 12.090 0.499,
            -15.408 12.086 0.499,
            -15.390 12.080 0.499,
            -15.374 12.072 0.499,
            -15.598 11.789 0.499,
            -15.531 11.789 0.499,
            -15.509 11.789 0.499,
            -15.491 11.791 0.499,
            -15.475 11.793 0.499,
            -15.462 11.795 0.499,
            -15.452 11.798 0.499,
            -15.435 11.805 0.499,
            -15.419 11.814 0.499,
            -15.405 11.825 0.499,
            -15.598 12.032 0.499,
            -15.396 11.836 0.499,
            -15.389 11.845 0.499,
            -15.383 11.856 0.499,
            -15.379 11.865 0.499,
            -15.374 11.882 0.499,
            -15.520 12.032 0.499,
            -15.501 12.031 0.499,
            -15.371 11.898 0.499,
            -15.482 12.030 0.499,
            -15.370 11.915 0.499,
            -15.464 12.027 0.499,
            -15.371 11.930 0.499,
            -15.452 12.025 0.499,
            -15.439 12.021 0.499,
            -15.373 11.943 0.499,
            -15.427 12.015 0.499,
            -15.376 11.956 0.499,
            -15.414 12.008 0.499,
            -15.380 11.966 0.499,
            -15.388 11.982 0.499,
            -15.400 11.996 0.499,
            -15.396 11.836 0.500,
            -15.405 11.825 0.500,
            -15.389 11.845 0.500,
            -15.383 11.856 0.500,
            -15.379 11.865 0.500,
            -15.374 11.882 0.500,
            -15.371 11.898 0.500,
            -15.370 11.915 0.500,
            -15.509 11.789 0.500,
            -15.531 11.789 0.500,
            -15.491 11.791 0.500,
            -15.475 11.793 0.500,
            -15.462 11.795 0.500,
            -15.452 11.798 0.500,
            -15.435 11.805 0.500,
            -15.419 11.814 0.500,
            -15.598 11.789 0.500,
            -15.598 12.032 0.500,
            -15.520 12.032 0.500,
            -15.427 12.015 0.500,
            -15.414 12.008 0.500,
            -15.439 12.021 0.500,
            -15.452 12.025 0.500,
            -15.464 12.027 0.500,
            -15.482 12.030 0.500,
            -15.501 12.031 0.500,
            -15.371 11.930 0.500,
            -15.373 11.943 0.500,
            -15.376 11.956 0.500,
            -15.380 11.966 0.500,
            -15.388 11.982 0.500,
            -15.400 11.996 0.500,
            -14.865 12.061 0.499,
            -14.852 12.047 0.499,
            -14.845 12.038 0.499,
            -14.835 12.023 0.499,
            -14.827 12.009 0.499,
            -14.821 11.996 0.499,
            -14.815 11.983 0.499,
            -14.811 11.971 0.499,
            -14.808 11.961 0.499,
            -14.803 11.942 0.499,
            -14.800 11.925 0.499,
            -14.797 11.905 0.499,
            -14.795 11.881 0.499,
            -14.794 11.859 0.499,
            -14.793 11.836 0.499,
            -14.794 11.796 0.499,
            -14.796 11.772 0.499,
            -14.800 11.745 0.499,
            -14.804 11.721 0.499,
            -14.809 11.702 0.499,
            -14.813 11.684 0.499,
            -14.819 11.666 0.499,
            -14.826 11.648 0.499,
            -14.831 11.636 0.499,
            -14.836 11.627 0.499,
            -14.843 11.615 0.499,
            -14.850 11.604 0.499,
            -14.856 11.594 0.499,
            -14.865 11.582 0.499,
            -14.879 11.566 0.499,
            -14.888 11.556 0.499,
            -14.902 11.544 0.499,
            -14.915 11.534 0.499,
            -14.927 11.526 0.499,
            -14.939 11.519 0.499,
            -14.950 11.513 0.499,
            -14.961 11.508 0.499,
            -14.971 11.504 0.499,
            -14.989 11.498 0.499,
            -15.005 11.493 0.499,
            -15.023 11.490 0.499,
            -15.042 11.487 0.499,
            -15.061 11.485 0.499,
            -15.074 11.485 0.499,
            -15.086 11.485 0.499,
            -15.110 11.486 0.499,
            -15.126 11.487 0.499,
            -15.142 11.490 0.499,
            -15.158 11.494 0.499,
            -15.158 11.568 0.499,
            -15.154 11.568 0.499,
            -15.137 11.562 0.499,
            -15.125 11.559 0.499,
            -15.108 11.556 0.499,
            -15.091 11.554 0.499,
            -15.074 11.553 0.499,
            -15.057 11.554 0.499,
            -15.045 11.555 0.499,
            -15.034 11.556 0.499,
            -15.022 11.559 0.499,
            -15.012 11.561 0.499,
            -15.002 11.564 0.499,
            -14.992 11.568 0.499,
            -14.975 11.577 0.499,
            -14.960 11.586 0.499,
            -14.948 11.596 0.499,
            -14.937 11.606 0.499,
            -14.928 11.617 0.499,
            -14.921 11.627 0.499,
            -14.914 11.636 0.499,
            -14.909 11.645 0.499,
            -14.901 11.662 0.499,
            -14.895 11.677 0.499,
            -14.891 11.690 0.499,
            -14.886 11.709 0.499,
            -14.883 11.724 0.499,
            -14.880 11.740 0.499,
            -14.879 11.755 0.499,
            -14.898 11.744 0.499,
            -14.915 11.736 0.499,
            -14.931 11.729 0.499,
            -14.946 11.723 0.499,
            -14.958 11.720 0.499,
            -14.968 11.718 0.499,
            -14.986 11.715 0.499,
            -15.003 11.713 0.499,
            -15.021 11.713 0.499,
            -15.041 11.713 0.499,
            -15.059 11.715 0.499,
            -15.075 11.717 0.499,
            -15.088 11.720 0.499,
            -15.099 11.723 0.499,
            -15.116 11.730 0.499,
            -15.132 11.739 0.499,
            -15.148 11.749 0.499,
            -15.163 11.761 0.499,
            -15.172 11.770 0.499,
            -15.180 11.780 0.499,
            -15.187 11.788 0.499,
            -15.193 11.797 0.499,
            -15.201 11.814 0.499,
            -15.207 11.828 0.499,
            -15.211 11.840 0.499,
            -15.213 11.851 0.499,
            -15.216 11.869 0.499,
            -15.218 11.887 0.499,
            -15.219 11.905 0.499,
            -15.218 11.923 0.499,
            -15.217 11.935 0.499,
            -15.215 11.947 0.499,
            -15.213 11.959 0.499,
            -15.210 11.970 0.499,
            -15.207 11.981 0.499,
            -15.203 11.991 0.499,
            -15.199 12.000 0.499,
            -15.190 12.017 0.499,
            -15.180 12.032 0.499,
            -15.169 12.045 0.499,
            -15.159 12.055 0.499,
            -15.149 12.065 0.499,
            -15.139 12.073 0.499,
            -15.130 12.080 0.499,
            -15.121 12.085 0.499,
            -15.104 12.095 0.499,
            -15.089 12.101 0.499,
            -15.077 12.106 0.499,
            -15.066 12.109 0.499,
            -15.048 12.112 0.499,
            -15.029 12.114 0.499,
            -15.010 12.115 0.499,
            -14.993 12.115 0.499,
            -14.981 12.114 0.499,
            -14.970 12.112 0.499,
            -14.951 12.108 0.499,
            -14.935 12.103 0.499,
            -14.922 12.098 0.499,
            -14.911 12.094 0.499,
            -14.895 12.084 0.499,
            -14.879 12.073 0.499,
            -15.102 11.813 0.499,
            -15.113 11.826 0.499,
            -15.088 11.802 0.499,
            -15.078 11.796 0.499,
            -15.123 11.841 0.499,
            -15.067 11.791 0.499,
            -15.127 11.851 0.499,
            -15.057 11.787 0.499,
            -15.130 11.863 0.499,
            -15.133 11.878 0.499,
            -15.038 11.783 0.499,
            -15.134 11.890 0.499,
            -15.020 11.782 0.499,
            -15.135 11.908 0.499,
            -15.001 11.781 0.499,
            -15.134 11.927 0.499,
            -14.982 11.782 0.499,
            -15.132 11.946 0.499,
            -14.969 11.783 0.499,
            -14.953 11.786 0.499,
            -15.127 11.964 0.499,
            -14.940 11.789 0.499,
            -15.124 11.975 0.499,
            -14.929 11.792 0.499,
            -15.118 11.988 0.499,
            -14.912 11.798 0.499,
            -15.109 12.002 0.499,
            -14.895 11.806 0.499,
            -15.096 12.016 0.499,
            -15.088 12.023 0.499,
            -14.878 11.814 0.499,
            -15.078 12.030 0.499,
            -15.066 12.036 0.499,
            -15.053 12.041 0.499,
            -15.038 12.045 0.499,
            -14.877 11.833 0.499,
            -14.877 11.852 0.499,
            -15.026 12.046 0.499,
            -15.011 12.047 0.499,
            -14.878 11.881 0.499,
            -14.879 11.900 0.499,
            -14.992 12.046 0.499,
            -14.881 11.919 0.499,
            -14.885 11.936 0.499,
            -14.972 12.041 0.499,
            -14.888 11.950 0.499,
            -14.892 11.961 0.499,
            -14.954 12.034 0.499,
            -14.896 11.971 0.499,
            -14.904 11.986 0.499,
            -14.944 12.028 0.499,
            -14.934 12.021 0.499,
            -14.913 12.000 0.499,
            -14.924 12.013 0.499,
            -14.877 11.833 0.500,
            -14.878 11.814 0.500,
            -14.877 11.852 0.500,
            -14.982 11.782 0.500,
            -15.001 11.781 0.500,
            -14.969 11.783 0.500,
            -14.953 11.786 0.500,
            -14.940 11.789 0.500,
            -14.929 11.792 0.500,
            -14.912 11.798 0.500,
            -14.895 11.806 0.500,
            -15.088 11.802 0.500,
            -15.078 11.796 0.500,
            -15.067 11.791 0.500,
            -15.057 11.787 0.500,
            -15.038 11.783 0.500,
            -15.020 11.782 0.500,
            -15.134 11.890 0.500,
            -15.135 11.908 0.500,
            -15.133 11.878 0.500,
            -15.130 11.863 0.500,
            -15.127 11.851 0.500,
            -15.123 11.841 0.500,
            -15.113 11.826 0.500,
            -15.102 11.813 0.500,
            -15.026 12.046 0.500,
            -15.011 12.047 0.500,
            -15.038 12.045 0.500,
            -15.053 12.041 0.500,
            -15.066 12.036 0.500,
            -15.078 12.030 0.500,
            -15.088 12.023 0.500,
            -15.096 12.016 0.500,
            -15.109 12.002 0.500,
            -15.118 11.988 0.500,
            -15.124 11.975 0.500,
            -15.127 11.964 0.500,
            -15.132 11.946 0.500,
            -15.134 11.927 0.500,
            -14.934 12.021 0.500,
            -14.924 12.013 0.500,
            -14.944 12.028 0.500,
            -14.954 12.034 0.500,
            -14.972 12.041 0.500,
            -14.992 12.046 0.500,
            -14.878 11.881 0.500,
            -14.879 11.900 0.500,
            -14.881 11.919 0.500,
            -14.885 11.936 0.500,
            -14.888 11.950 0.500,
            -14.892 11.961 0.500,
            -14.896 11.971 0.500,
            -14.904 11.986 0.500,
            -14.913 12.000 0.500,
            -14.345 11.835 0.499,
            -14.330 11.823 0.499,
            -14.321 11.814 0.499,
            -14.313 11.806 0.499,
            -14.307 11.798 0.499,
            -14.297 11.781 0.499,
            -14.290 11.767 0.499,
            -14.286 11.755 0.499,
            -14.283 11.744 0.499,
            -14.279 11.726 0.499,
            -14.277 11.707 0.499,
            -14.277 11.689 0.499,
            -14.277 11.671 0.499,
            -14.279 11.659 0.499,
            -14.280 11.649 0.499,
            -14.285 11.629 0.499,
            -14.290 11.613 0.499,
            -14.295 11.601 0.499,
            -14.300 11.590 0.499,
            -14.310 11.573 0.499,
            -14.321 11.558 0.499,
            -14.333 11.544 0.499,
            -14.348 11.531 0.499,
            -14.358 11.523 0.499,
            -14.368 11.516 0.499,
            -14.378 11.511 0.499,
            -14.387 11.506 0.499,
            -14.404 11.499 0.499,
            -14.418 11.495 0.499,
            -14.431 11.491 0.499,
            -14.441 11.489 0.499,
            -14.454 11.487 0.499,
            -14.468 11.486 0.499,
            -14.479 11.485 0.499,
            -14.494 11.485 0.499,
            -14.520 11.486 0.499,
            -14.539 11.487 0.499,
            -14.561 11.490 0.499,
            -14.580 11.493 0.499,
            -14.602 11.498 0.499,
            -14.620 11.504 0.499,
            -14.633 11.508 0.499,
            -14.643 11.511 0.499,
            -14.652 11.515 0.499,
            -14.664 11.520 0.499,
            -14.664 11.606 0.499,
            -14.659 11.606 0.499,
            -14.642 11.596 0.499,
            -14.631 11.590 0.499,
            -14.612 11.581 0.499,
            -14.596 11.574 0.499,
            -14.579 11.567 0.499,
            -14.561 11.562 0.499,
            -14.550 11.559 0.499,
            -14.533 11.556 0.499,
            -14.515 11.554 0.499,
            -14.497 11.553 0.499,
            -14.482 11.554 0.499,
            -14.468 11.555 0.499,
            -14.455 11.558 0.499,
            -14.444 11.561 0.499,
            -14.426 11.568 0.499,
            -14.410 11.578 0.499,
            -14.396 11.590 0.499,
            -14.386 11.600 0.499,
            -14.379 11.612 0.499,
            -14.372 11.624 0.499,
            -14.368 11.634 0.499,
            -14.364 11.652 0.499,
            -14.361 11.670 0.499,
            -14.360 11.688 0.499,
            -14.361 11.703 0.499,
            -14.362 11.714 0.499,
            -14.365 11.726 0.499,
            -14.369 11.736 0.499,
            -14.377 11.751 0.499,
            -14.387 11.765 0.499,
            -14.400 11.776 0.499,
            -14.414 11.784 0.499,
            -14.428 11.791 0.499,
            -14.442 11.796 0.499,
            -14.455 11.798 0.499,
            -14.473 11.801 0.499,
            -14.493 11.803 0.499,
            -14.505 11.804 0.499,
            -14.517 11.804 0.499,
            -14.537 11.803 0.499,
            -14.551 11.803 0.499,
            -14.569 11.801 0.499,
            -14.585 11.799 0.499,
            -14.605 11.795 0.499,
            -14.641 11.789 0.499,
            -14.641 12.100 0.499,
            -14.284 12.100 0.499,
            -14.284 12.032 0.499,
            -14.565 12.032 0.499,
            -14.565 11.869 0.499,
            -14.543 11.871 0.499,
            -14.521 11.872 0.499,
            -14.498 11.872 0.499,
            -14.471 11.872 0.499,
            -14.452 11.870 0.499,
            -14.433 11.868 0.499,
            -14.418 11.865 0.499,
            -14.405 11.862 0.499,
            -14.394 11.859 0.499,
            -14.377 11.852 0.499,
            -14.360 11.844 0.499,
            -13.954 12.115 0.499,
            -13.932 12.114 0.499,
            -13.918 12.113 0.499,
            -13.906 12.111 0.499,
            -13.895 12.108 0.499,
            -13.883 12.105 0.499,
            -13.872 12.101 0.499,
            -13.862 12.097 0.499,
            -13.853 12.092 0.499,
            -13.844 12.087 0.499,
            -13.835 12.081 0.499,
            -13.827 12.074 0.499,
            -13.819 12.067 0.499,
            -13.812 12.059 0.499,
            -13.806 12.051 0.499,
            -13.799 12.043 0.499,
            -13.793 12.034 0.499,
            -13.788 12.025 0.499,
            -13.780 12.008 0.499,
            -13.773 11.992 0.499,
            -13.767 11.973 0.499,
            -13.761 11.954 0.499,
            -13.757 11.936 0.499,
            -13.753 11.914 0.499,
            -13.750 11.889 0.499,
            -13.747 11.858 0.499,
            -13.746 11.829 0.499,
            -13.745 11.800 0.499,
            -13.746 11.752 0.499,
            -13.749 11.718 0.499,
            -13.752 11.689 0.499,
            -13.756 11.667 0.499,
            -13.760 11.648 0.499,
            -13.766 11.628 0.499,
            -13.771 11.611 0.499,
            -13.779 11.592 0.499,
            -13.787 11.576 0.499,
            -13.796 11.562 0.499,
            -13.805 11.549 0.499,
            -13.814 11.539 0.499,
            -13.823 11.529 0.499,
            -13.832 11.522 0.499,
            -13.841 11.515 0.499,
            -13.858 11.505 0.499,
            -13.873 11.499 0.499,
            -13.886 11.494 0.499,
            -13.897 11.491 0.499,
            -13.916 11.487 0.499,
            -13.935 11.486 0.499,
            -13.954 11.485 0.499,
            -13.976 11.486 0.499,
            -13.990 11.487 0.499,
            -14.002 11.489 0.499,
            -14.014 11.492 0.499,
            -14.026 11.495 0.499,
            -14.036 11.499 0.499,
            -14.046 11.503 0.499,
            -14.056 11.508 0.499,
            -14.065 11.514 0.499,
            -14.073 11.519 0.499,
            -14.081 11.526 0.499,
            -14.089 11.533 0.499,
            -14.096 11.541 0.499,
            -14.103 11.549 0.499,
            -14.109 11.557 0.499,
            -14.115 11.566 0.499,
            -14.120 11.575 0.499,
            -14.129 11.592 0.499,
            -14.136 11.608 0.499,
            -14.141 11.624 0.499,
            -14.146 11.641 0.499,
            -14.150 11.660 0.499,
            -14.155 11.684 0.499,
            -14.158 11.707 0.499,
            -14.161 11.737 0.499,
            -14.162 11.768 0.499,
            -14.163 11.800 0.499,
            -14.162 11.848 0.499,
            -14.159 11.882 0.499,
            -14.156 11.908 0.499,
            -14.152 11.932 0.499,
            -14.147 11.953 0.499,
            -14.142 11.972 0.499,
            -14.136 11.991 0.499,
            -14.128 12.009 0.499,
            -14.120 12.025 0.499,
            -14.111 12.039 0.499,
            -14.102 12.052 0.499,
            -14.093 12.062 0.499,
            -14.084 12.071 0.499,
            -14.075 12.079 0.499,
            -14.066 12.085 0.499,
            -14.049 12.095 0.499,
            -14.034 12.102 0.499,
            -14.022 12.106 0.499,
            -14.011 12.109 0.499,
            -13.992 12.113 0.499,
            -13.973 12.115 0.499,
            -14.036 12.014 0.499,
            -14.023 12.027 0.499,
            -14.047 11.999 0.499,
            -14.014 12.033 0.499,
            -14.002 12.038 0.499,
            -14.056 11.983 0.499,
            -14.061 11.971 0.499,
            -13.987 12.043 0.499,
            -14.064 11.961 0.499,
            -13.972 12.046 0.499,
            -14.067 11.948 0.499,
            -14.070 11.935 0.499,
            -13.954 12.047 0.499,
            -14.073 11.917 0.499,
            -13.936 12.046 0.499,
            -14.075 11.894 0.499,
            -13.918 12.043 0.499,
            -13.901 12.036 0.499,
            -14.078 11.847 0.499,
            -13.892 12.031 0.499,
            -13.881 12.023 0.499,
            -13.870 12.012 0.499,
            -14.079 11.800 0.499,
            -13.862 12.000 0.499,
            -14.078 11.738 0.499,
            -13.853 11.984 0.499,
            -13.846 11.966 0.499,
            -14.076 11.708 0.499,
            -14.074 11.687 0.499,
            -13.841 11.947 0.499,
            -14.071 11.668 0.499,
            -14.067 11.651 0.499,
            -13.837 11.928 0.499,
            -14.062 11.634 0.499,
            -13.835 11.917 0.499,
            -14.056 11.618 0.499,
            -13.832 11.894 0.499,
            -14.048 11.602 0.499,
            -13.830 11.863 0.499,
            -14.039 11.589 0.499,
            -14.028 11.577 0.499,
            -14.018 11.569 0.499,
            -13.829 11.800 0.499,
            -14.008 11.564 0.499,
            -13.829 11.764 0.499,
            -13.991 11.557 0.499,
            -13.831 11.728 0.499,
            -13.972 11.554 0.499,
            -13.833 11.698 0.499,
            -13.954 11.553 0.499,
            -13.836 11.677 0.499,
            -13.936 11.554 0.499,
            -13.840 11.659 0.499,
            -13.921 11.557 0.499,
            -13.843 11.646 0.499,
            -13.906 11.561 0.499,
            -13.846 11.634 0.499,
            -13.894 11.567 0.499,
            -13.853 11.617 0.499,
            -13.885 11.573 0.499,
            -13.861 11.600 0.499,
            -13.872 11.586 0.499,
            -13.936 11.554 0.500,
            -13.954 11.553 0.500,
            -13.921 11.557 0.500,
            -13.906 11.561 0.500,
            -13.894 11.567 0.500,
            -13.885 11.573 0.500,
            -13.872 11.586 0.500,
            -13.861 11.600 0.500,
            -13.853 11.617 0.500,
            -14.048 11.602 0.500,
            -14.056 11.618 0.500,
            -14.039 11.589 0.500,
            -14.028 11.577 0.500,
            -14.018 11.569 0.500,
            -14.008 11.564 0.500,
            -13.991 11.557 0.500,
            -13.972 11.554 0.500,
            -14.078 11.738 0.500,
            -14.079 11.800 0.500,
            -14.076 11.708 0.500,
            -14.074 11.687 0.500,
            -14.071 11.668 0.500,
            -14.067 11.651 0.500,
            -14.062 11.634 0.500,
            -14.061 11.971 0.500,
            -14.056 11.983 0.500,
            -14.064 11.961 0.500,
            -14.067 11.948 0.500,
            -14.070 11.935 0.500,
            -14.073 11.917 0.500,
            -14.075 11.894 0.500,
            -14.078 11.847 0.500,
            -13.972 12.046 0.500,
            -13.954 12.047 0.500,
            -13.987 12.043 0.500,
            -14.002 12.038 0.500,
            -14.014 12.033 0.500,
            -14.023 12.027 0.500,
            -14.036 12.014 0.500,
            -14.047 11.999 0.500,
            -13.862 12.000 0.500,
            -13.853 11.984 0.500,
            -13.870 12.012 0.500,
            -13.881 12.023 0.500,
            -13.892 12.031 0.500,
            -13.901 12.036 0.500,
            -13.918 12.043 0.500,
            -13.936 12.046 0.500,
            -13.830 11.863 0.500,
            -13.829 11.800 0.500,
            -13.832 11.894 0.500,
            -13.835 11.917 0.500,
            -13.837 11.928 0.500,
            -13.841 11.947 0.500,
            -13.846 11.966 0.500,
            -13.846 11.634 0.500,
            -13.843 11.646 0.500,
            -13.840 11.659 0.500,
            -13.836 11.677 0.500,
            -13.833 11.698 0.500,
            -13.831 11.728 0.500,
            -13.829 11.764 0.500,
            -13.341 11.759 0.499,
            -13.115 11.500 0.499,
            -13.206 11.500 0.499,
            -13.407 11.735 0.499,
            -13.532 11.735 0.499,
            -13.532 11.500 0.499,
            -13.608 11.500 0.499,
            -13.608 12.100 0.499,
            -13.443 12.100 0.499,
            -13.408 12.099 0.499,
            -13.386 12.098 0.499,
            -13.367 12.095 0.499,
            -13.353 12.093 0.499,
            -13.342 12.090 0.499,
            -13.324 12.085 0.499,
            -13.306 12.077 0.499,
            -13.289 12.067 0.499,
            -13.275 12.057 0.499,
            -13.267 12.050 0.499,
            -13.259 12.042 0.499,
            -13.247 12.027 0.499,
            -13.238 12.014 0.499,
            -13.232 12.001 0.499,
            -13.229 11.991 0.499,
            -13.224 11.973 0.499,
            -13.222 11.954 0.499,
            -13.221 11.935 0.499,
            -13.222 11.919 0.499,
            -13.223 11.906 0.499,
            -13.226 11.890 0.499,
            -13.229 11.875 0.499,
            -13.234 11.862 0.499,
            -13.239 11.850 0.499,
            -13.244 11.840 0.499,
            -13.250 11.831 0.499,
            -13.261 11.815 0.499,
            -13.273 11.803 0.499,
            -13.283 11.794 0.499,
            -13.291 11.787 0.499,
            -13.307 11.776 0.499,
            -13.324 11.767 0.499,
            -13.532 11.804 0.499,
            -13.453 11.804 0.499,
            -13.433 11.804 0.499,
            -13.419 11.805 0.499,
            -13.400 11.808 0.499,
            -13.389 11.810 0.499,
            -13.371 11.816 0.499,
            -13.355 11.824 0.499,
            -13.340 11.835 0.499,
            -13.532 12.032 0.499,
            -13.330 11.845 0.499,
            -13.323 11.856 0.499,
            -13.316 11.868 0.499,
            -13.312 11.878 0.499,
            -13.308 11.895 0.499,
            -13.440 12.032 0.499,
            -13.422 12.031 0.499,
            -13.305 11.913 0.499,
            -13.405 12.030 0.499,
            -13.305 11.931 0.499,
            -13.388 12.028 0.499,
            -13.305 11.944 0.499,
            -13.378 12.026 0.499,
            -13.307 11.955 0.499,
            -13.366 12.022 0.499,
            -13.354 12.017 0.499,
            -13.310 11.966 0.499,
            -13.343 12.011 0.499,
            -13.317 11.983 0.499,
            -13.329 11.998 0.499,
            -13.330 11.845 0.500,
            -13.340 11.835 0.500,
            -13.323 11.856 0.500,
            -13.316 11.868 0.500,
            -13.312 11.878 0.500,
            -13.308 11.895 0.500,
            -13.305 11.913 0.500,
            -13.305 11.931 0.500,
            -13.433 11.804 0.500,
            -13.453 11.804 0.500,
            -13.419 11.805 0.500,
            -13.400 11.808 0.500,
            -13.389 11.810 0.500,
            -13.371 11.816 0.500,
            -13.355 11.824 0.500,
            -13.532 11.804 0.500,
            -13.532 12.032 0.500,
            -13.440 12.032 0.500,
            -13.354 12.017 0.500,
            -13.343 12.011 0.500,
            -13.366 12.022 0.500,
            -13.378 12.026 0.500,
            -13.388 12.028 0.500,
            -13.405 12.030 0.500,
            -13.422 12.031 0.500,
            -13.305 11.944 0.500,
            -13.307 11.955 0.500,
            -13.310 11.966 0.500,
            -13.317 11.983 0.500,
            -13.329 11.998 0.500
          ]
        }
        coordIndex [
          0, 1, 2, -1,
          3, 0, 2, -1,
          4, 2, 1, -1,
          5, 4, 1, -1,
          6, 7, 8, -1,
          6, 8, 9, -1,
          6, 9, 10, -1,
          6, 10, 11, -1,
          6, 11, 3, -1,
          6, 3, 2, -1,
          6, 12, 13, -1,
          6, 13, 14, -1,
          6, 14, 15, -1,
          6, 15, 16, -1,
          6, 16, 17, -1,
          6, 17, 18, -1,
          6, 18, 19, -1,
          6, 19, 20, -1,
          6, 20, 21, -1,
          6, 21, 22, -1,
          6, 22, 23, -1,
          6, 23, 24, -1,
          6, 24, 25, -1,
          6, 25, 7, -1,
          26, 12, 6, -1,
          27, 26, 6, -1,
          28, 27, 6, -1,
          29, 6, 2, -1,
          30, 28, 6, -1,
          31, 4, 5, -1,
          32, 4, 31, -1,
          33, 4, 32, -1,
          34, 4, 33, -1,
          35, 29, 2, -1,
          36, 29, 35, -1,
          36, 37, 29, -1,
          38, 35, 2, -1,
          39, 34, 40, -1,
          39, 40, 41, -1,
          39, 41, 42, -1,
          39, 42, 43, -1,
          39, 43, 44, -1,
          39, 44, 45, -1,
          39, 45, 46, -1,
          39, 46, 47, -1,
          39, 47, 48, -1,
          39, 48, 49, -1,
          39, 49, 50, -1,
          39, 50, 51, -1,
          39, 51, 52, -1,
          39, 52, 53, -1,
          39, 53, 54, -1,
          39, 54, 55, -1,
          39, 55, 56, -1,
          39, 56, 57, -1,
          39, 4, 34, -1,
          58, 38, 2, -1,
          59, 4, 39, -1,
          60, 4, 59, -1,
          61, 58, 2, -1,
          62, 4, 60, -1,
          63, 61, 2, -1,
          63, 64, 61, -1,
          65, 4, 62, -1,
          66, 67, 64, -1,
          66, 4, 65, -1,
          68, 69, 70, -1,
          71, 68, 70, -1,
          72, 71, 70, -1,
          73, 72, 70, -1,
          74, 73, 70, -1,
          75, 74, 70, -1,
          76, 75, 70, -1,
          76, 77, 75, -1,
          78, 76, 70, -1,
          79, 78, 70, -1,
          80, 79, 70, -1,
          80, 70, 63, -1,
          80, 63, 2, -1,
          81, 80, 2, -1,
          82, 77, 76, -1,
          82, 83, 84, -1,
          82, 84, 85, -1,
          82, 85, 86, -1,
          82, 86, 87, -1,
          82, 87, 77, -1,
          88, 81, 2, -1,
          89, 83, 82, -1,
          90, 4, 66, -1,
          91, 92, 89, -1,
          93, 89, 82, -1,
          93, 91, 89, -1,
          94, 95, 92, -1,
          94, 92, 91, -1,
          96, 93, 82, -1,
          97, 95, 94, -1,
          98, 99, 95, -1,
          98, 95, 97, -1,
          100, 96, 82, -1,
          101, 102, 99, -1,
          101, 99, 98, -1,
          103, 100, 82, -1,
          103, 82, 104, -1,
          105, 106, 102, -1,
          105, 102, 101, -1,
          107, 103, 104, -1,
          107, 104, 108, -1,
          109, 110, 106, -1,
          109, 106, 105, -1,
          111, 107, 108, -1,
          111, 108, 112, -1,
          111, 112, 113, -1,
          114, 110, 109, -1,
          114, 115, 110, -1,
          116, 111, 113, -1,
          116, 113, 117, -1,
          116, 117, 118, -1,
          119, 120, 115, -1,
          119, 115, 114, -1,
          121, 116, 118, -1,
          121, 118, 122, -1,
          121, 122, 123, -1,
          124, 125, 126, -1,
          124, 126, 120, -1,
          124, 120, 119, -1,
          127, 121, 123, -1,
          127, 123, 128, -1,
          127, 128, 129, -1,
          127, 129, 130, -1,
          131, 132, 125, -1,
          131, 125, 124, -1,
          133, 127, 130, -1,
          133, 130, 134, -1,
          133, 134, 135, -1,
          133, 135, 136, -1,
          137, 138, 132, -1,
          137, 132, 131, -1,
          139, 136, 140, -1,
          139, 140, 141, -1,
          139, 141, 142, -1,
          139, 133, 136, -1,
          143, 138, 137, -1,
          144, 142, 145, -1,
          144, 145, 146, -1,
          144, 139, 142, -1,
          147, 148, 138, -1,
          147, 138, 143, -1,
          149, 150, 148, -1,
          149, 148, 147, -1,
          151, 146, 152, -1,
          151, 152, 153, -1,
          151, 144, 146, -1,
          154, 150, 149, -1,
          155, 153, 156, -1,
          155, 151, 153, -1,
          157, 158, 150, -1,
          157, 150, 154, -1,
          159, 155, 156, -1,
          160, 159, 156, -1,
          161, 162, 158, -1,
          161, 158, 157, -1,
          163, 159, 160, -1,
          164, 163, 160, -1,
          165, 162, 161, -1,
          165, 166, 162, -1,
          167, 168, 163, -1,
          167, 163, 164, -1,
          169, 170, 166, -1,
          169, 166, 165, -1,
          171, 168, 167, -1,
          172, 168, 171, -1,
          173, 174, 170, -1,
          173, 170, 169, -1,
          175, 176, 177, -1,
          175, 177, 178, -1,
          175, 178, 179, -1,
          175, 179, 180, -1,
          175, 180, 181, -1,
          175, 181, 182, -1,
          175, 182, 183, -1,
          175, 183, 184, -1,
          175, 184, 185, -1,
          175, 185, 186, -1,
          187, 172, 171, -1,
          188, 175, 186, -1,
          188, 186, 189, -1,
          190, 188, 189, -1,
          190, 189, 191, -1,
          192, 190, 191, -1,
          193, 194, 174, -1,
          193, 174, 173, -1,
          195, 172, 187, -1,
          196, 192, 191, -1,
          196, 191, 197, -1,
          198, 199, 194, -1,
          198, 194, 193, -1,
          200, 197, 201, -1,
          200, 196, 197, -1,
          202, 200, 201, -1,
          202, 201, 203, -1,
          204, 205, 199, -1,
          204, 199, 198, -1,
          206, 202, 203, -1,
          206, 203, 207, -1,
          208, 209, 205, -1,
          208, 205, 204, -1,
          210, 211, 212, -1,
          210, 212, 213, -1,
          210, 213, 214, -1,
          210, 214, 215, -1,
          210, 215, 216, -1,
          210, 216, 217, -1,
          210, 217, 176, -1,
          210, 176, 175, -1,
          218, 206, 207, -1,
          218, 207, 219, -1,
          220, 209, 208, -1,
          221, 222, 209, -1,
          221, 209, 220, -1,
          223, 218, 219, -1,
          223, 219, 88, -1,
          224, 222, 221, -1,
          224, 225, 222, -1,
          226, 223, 88, -1,
          226, 88, 2, -1,
          227, 228, 225, -1,
          227, 225, 224, -1,
          229, 230, 228, -1,
          229, 228, 227, -1,
          231, 232, 230, -1,
          231, 230, 229, -1,
          233, 234, 235, -1,
          233, 235, 232, -1,
          233, 232, 231, -1,
          236, 237, 234, -1,
          236, 90, 237, -1,
          236, 234, 233, -1,
          236, 4, 90, -1,
          238, 4, 236, -1,
          239, 211, 210, -1,
          239, 210, 240, -1,
          239, 241, 242, -1,
          239, 242, 243, -1,
          239, 243, 244, -1,
          239, 244, 245, -1,
          239, 245, 246, -1,
          239, 246, 211, -1,
          247, 240, 248, -1,
          247, 248, 249, -1,
          247, 239, 240, -1,
          250, 249, 251, -1,
          250, 247, 249, -1,
          252, 251, 253, -1,
          252, 250, 251, -1,
          254, 255, 256, -1,
          254, 256, 257, -1,
          254, 257, 258, -1,
          254, 258, 259, -1,
          260, 255, 254, -1,
          261, 253, 262, -1,
          261, 252, 253, -1,
          263, 255, 260, -1,
          264, 262, 265, -1,
          264, 265, 266, -1,
          264, 261, 262, -1,
          267, 264, 266, -1,
          267, 266, 268, -1,
          269, 270, 255, -1,
          269, 255, 263, -1,
          271, 268, 272, -1,
          271, 267, 268, -1,
          273, 270, 269, -1,
          274, 272, 275, -1,
          274, 271, 272, -1,
          276, 275, 277, -1,
          276, 277, 278, -1,
          276, 278, 270, -1,
          276, 274, 275, -1,
          276, 270, 273, -1,
          279, 276, 273, -1,
          279, 273, 280, -1,
          281, 280, 282, -1,
          281, 279, 280, -1,
          283, 281, 282, -1,
          284, 283, 282, -1,
          285, 284, 282, -1,
          285, 282, 286, -1,
          285, 286, 287, -1,
          285, 287, 288, -1,
          285, 288, 289, -1,
          290, 285, 289, -1,
          291, 292, 293, -1,
          294, 292, 291, -1,
          295, 291, 293, -1,
          296, 292, 294, -1,
          296, 297, 292, -1,
          298, 295, 293, -1,
          298, 293, 299, -1,
          300, 297, 296, -1,
          300, 301, 297, -1,
          302, 298, 299, -1,
          302, 299, 303, -1,
          304, 301, 300, -1,
          305, 302, 303, -1,
          305, 303, 306, -1,
          305, 306, 307, -1,
          308, 301, 304, -1,
          308, 309, 301, -1,
          310, 305, 307, -1,
          311, 312, 313, -1,
          311, 313, 314, -1,
          311, 314, 315, -1,
          311, 315, 316, -1,
          311, 316, 317, -1,
          311, 317, 318, -1,
          311, 318, 319, -1,
          311, 319, 320, -1,
          311, 320, 321, -1,
          311, 321, 322, -1,
          311, 322, 323, -1,
          311, 323, 324, -1,
          311, 324, 325, -1,
          311, 325, 326, -1,
          311, 326, 327, -1,
          311, 327, 328, -1,
          311, 328, 329, -1,
          311, 329, 330, -1,
          331, 307, 332, -1,
          331, 310, 307, -1,
          333, 309, 308, -1,
          333, 334, 309, -1,
          335, 336, 337, -1,
          335, 337, 338, -1,
          335, 338, 339, -1,
          335, 340, 341, -1,
          335, 341, 342, -1,
          335, 342, 336, -1,
          343, 332, 344, -1,
          343, 331, 332, -1,
          345, 334, 333, -1,
          345, 346, 334, -1,
          347, 344, 348, -1,
          347, 343, 344, -1,
          349, 346, 345, -1,
          349, 350, 346, -1,
          351, 348, 352, -1,
          351, 347, 348, -1,
          353, 354, 350, -1,
          353, 350, 349, -1,
          355, 352, 356, -1,
          355, 356, 357, -1,
          355, 351, 352, -1,
          358, 354, 353, -1,
          358, 359, 360, -1,
          358, 360, 354, -1,
          361, 357, 362, -1,
          361, 355, 357, -1,
          363, 359, 358, -1,
          363, 364, 359, -1,
          365, 361, 362, -1,
          365, 362, 226, -1,
          365, 226, 2, -1,
          366, 364, 363, -1,
          366, 367, 364, -1,
          368, 365, 2, -1,
          369, 367, 366, -1,
          369, 370, 371, -1,
          369, 371, 367, -1,
          372, 370, 369, -1,
          372, 373, 370, -1,
          374, 373, 372, -1,
          374, 375, 376, -1,
          374, 376, 373, -1,
          377, 378, 379, -1,
          377, 379, 380, -1,
          377, 380, 375, -1,
          377, 375, 374, -1,
          381, 382, 378, -1,
          381, 378, 377, -1,
          383, 335, 339, -1,
          383, 339, 384, -1,
          383, 384, 385, -1,
          383, 385, 386, -1,
          383, 386, 387, -1,
          383, 387, 388, -1,
          383, 388, 389, -1,
          390, 382, 381, -1,
          390, 383, 389, -1,
          390, 389, 382, -1,
          391, 383, 390, -1,
          392, 383, 391, -1,
          393, 383, 392, -1,
          394, 383, 393, -1,
          395, 383, 394, -1,
          396, 397, 398, -1,
          396, 398, 399, -1,
          396, 399, 400, -1,
          396, 400, 401, -1,
          396, 401, 402, -1,
          396, 402, 403, -1,
          396, 403, 404, -1,
          396, 404, 405, -1,
          396, 405, 406, -1,
          396, 406, 407, -1,
          396, 407, 408, -1,
          396, 408, 409, -1,
          396, 409, 410, -1,
          396, 410, 411, -1,
          396, 411, 412, -1,
          396, 412, 368, -1,
          413, 414, 383, -1,
          413, 383, 395, -1,
          415, 397, 396, -1,
          416, 414, 413, -1,
          417, 414, 416, -1,
          418, 396, 368, -1,
          419, 414, 417, -1,
          420, 414, 419, -1,
          421, 414, 420, -1,
          422, 414, 421, -1,
          423, 414, 422, -1,
          424, 414, 423, -1,
          425, 414, 424, -1,
          426, 414, 425, -1,
          427, 414, 426, -1,
          428, 312, 311, -1,
          428, 414, 427, -1,
          428, 311, 414, -1,
          429, 312, 428, -1,
          429, 238, 312, -1,
          430, 368, 2, -1,
          430, 418, 368, -1,
          431, 418, 430, -1,
          431, 432, 418, -1,
          433, 430, 2, -1,
          434, 435, 436, -1,
          434, 436, 437, -1,
          434, 437, 438, -1,
          434, 438, 439, -1,
          434, 439, 440, -1,
          434, 440, 441, -1,
          434, 441, 442, -1,
          434, 442, 443, -1,
          434, 443, 444, -1,
          434, 444, 445, -1,
          434, 445, 446, -1,
          434, 446, 447, -1,
          434, 447, 448, -1,
          434, 448, 449, -1,
          434, 449, 450, -1,
          434, 450, 451, -1,
          434, 451, 452, -1,
          434, 452, 453, -1,
          434, 453, 454, -1,
          434, 454, 455, -1,
          434, 455, 456, -1,
          434, 456, 457, -1,
          434, 457, 458, -1,
          459, 460, 433, -1,
          461, 459, 433, -1,
          462, 461, 433, -1,
          463, 462, 433, -1,
          464, 463, 433, -1,
          465, 464, 433, -1,
          466, 465, 433, -1,
          467, 435, 434, -1,
          468, 466, 433, -1,
          469, 468, 433, -1,
          470, 469, 433, -1,
          471, 470, 433, -1,
          472, 471, 433, -1,
          473, 472, 433, -1,
          474, 433, 2, -1,
          475, 476, 477, -1,
          475, 477, 478, -1,
          475, 478, 479, -1,
          475, 479, 480, -1,
          475, 480, 473, -1,
          475, 473, 433, -1,
          475, 433, 474, -1,
          475, 4, 238, -1,
          475, 238, 429, -1,
          475, 429, 435, -1,
          475, 435, 467, -1,
          475, 467, 481, -1,
          475, 481, 482, -1,
          475, 482, 483, -1,
          475, 483, 484, -1,
          475, 484, 485, -1,
          475, 485, 486, -1,
          475, 486, 487, -1,
          475, 487, 488, -1,
          475, 488, 489, -1,
          475, 489, 490, -1,
          475, 490, 476, -1,
          63, 90, 64, -1,
          64, 90, 66, -1,
          62, 38, 65, -1,
          35, 491, 36, -1,
          37, 492, 29, -1,
          6, 39, 493, -1,
          493, 39, 494, -1,
          494, 39, 495, -1,
          495, 39, 496, -1,
          496, 39, 497, -1,
          497, 39, 498, -1,
          498, 39, 499, -1,
          499, 39, 500, -1,
          500, 39, 57, -1,
          6, 493, 501, -1,
          6, 501, 502, -1,
          6, 502, 503, -1,
          6, 503, 30, -1,
          59, 504, 60, -1,
          58, 65, 38, -1,
          239, 311, 241, -1,
          241, 311, 505, -1,
          505, 311, 506, -1,
          506, 311, 330, -1,
          507, 433, 508, -1,
          508, 433, 509, -1,
          509, 433, 510, -1,
          510, 433, 460, -1,
          396, 434, 511, -1,
          511, 434, 512, -1,
          512, 434, 513, -1,
          513, 434, 458, -1,
          396, 511, 514, -1,
          396, 514, 515, -1,
          396, 515, 516, -1,
          396, 516, 415, -1,
          517, 518, 519, -1,
          519, 518, 520, -1,
          521, 522, 519, -1,
          519, 522, 517, -1,
          523, 522, 524, -1,
          524, 522, 521, -1,
          523, 524, 518, -1,
          518, 524, 520, -1,
          525, 526, 527, -1,
          527, 526, 528, -1,
          521, 526, 524, -1,
          528, 526, 521, -1,
          524, 525, 520, -1,
          526, 525, 524, -1,
          527, 528, 519, -1,
          519, 528, 521, -1,
          525, 519, 520, -1,
          525, 527, 519, -1,
          522, 523, 475, -1,
          522, 475, 474, -1,
          523, 518, 4, -1,
          523, 4, 475, -1,
          517, 522, 474, -1,
          517, 474, 2, -1,
          518, 517, 2, -1,
          518, 2, 4, -1,
          48, 47, 529, -1,
          48, 529, 530, -1,
          49, 530, 531, -1,
          49, 48, 530, -1,
          50, 531, 532, -1,
          50, 49, 531, -1,
          51, 532, 533, -1,
          51, 50, 532, -1,
          52, 533, 534, -1,
          52, 51, 533, -1,
          53, 534, 535, -1,
          53, 52, 534, -1,
          54, 535, 536, -1,
          54, 53, 535, -1,
          55, 536, 537, -1,
          55, 54, 536, -1,
          56, 537, 538, -1,
          56, 55, 537, -1,
          57, 538, 539, -1,
          57, 56, 538, -1,
          500, 539, 540, -1,
          500, 57, 539, -1,
          499, 540, 541, -1,
          499, 500, 540, -1,
          498, 541, 542, -1,
          498, 499, 541, -1,
          497, 542, 543, -1,
          497, 498, 542, -1,
          496, 543, 544, -1,
          496, 497, 543, -1,
          495, 496, 544, -1,
          495, 544, 545, -1,
          494, 495, 545, -1,
          494, 545, 546, -1,
          547, 494, 546, -1,
          493, 494, 547, -1,
          501, 493, 547, -1,
          501, 547, 548, -1,
          502, 548, 549, -1,
          502, 501, 548, -1,
          503, 549, 550, -1,
          503, 502, 549, -1,
          30, 550, 551, -1,
          30, 503, 550, -1,
          28, 551, 552, -1,
          28, 30, 551, -1,
          27, 552, 553, -1,
          27, 28, 552, -1,
          26, 553, 554, -1,
          26, 27, 553, -1,
          12, 554, 555, -1,
          12, 26, 554, -1,
          13, 555, 556, -1,
          13, 12, 555, -1,
          14, 556, 557, -1,
          14, 13, 556, -1,
          15, 557, 558, -1,
          15, 14, 557, -1,
          16, 558, 559, -1,
          16, 15, 558, -1,
          17, 559, 560, -1,
          17, 16, 559, -1,
          18, 560, 561, -1,
          18, 17, 560, -1,
          19, 561, 562, -1,
          19, 18, 561, -1,
          20, 19, 562, -1,
          20, 562, 563, -1,
          564, 20, 563, -1,
          21, 20, 564, -1,
          22, 21, 564, -1,
          22, 564, 565, -1,
          23, 565, 566, -1,
          23, 22, 565, -1,
          24, 566, 567, -1,
          24, 23, 566, -1,
          25, 567, 568, -1,
          25, 24, 567, -1,
          7, 568, 569, -1,
          7, 25, 568, -1,
          8, 569, 570, -1,
          8, 7, 569, -1,
          9, 570, 571, -1,
          9, 8, 570, -1,
          10, 571, 572, -1,
          10, 9, 571, -1,
          11, 572, 573, -1,
          11, 10, 572, -1,
          3, 573, 574, -1,
          3, 11, 573, -1,
          0, 574, 575, -1,
          0, 3, 574, -1,
          0, 575, 576, -1,
          0, 576, 1, -1,
          577, 5, 1, -1,
          577, 1, 576, -1,
          578, 31, 5, -1,
          578, 5, 577, -1,
          32, 31, 578, -1,
          32, 578, 579, -1,
          33, 579, 580, -1,
          33, 32, 579, -1,
          34, 580, 581, -1,
          34, 33, 580, -1,
          40, 581, 582, -1,
          40, 34, 581, -1,
          41, 582, 583, -1,
          41, 40, 582, -1,
          42, 583, 584, -1,
          42, 41, 583, -1,
          43, 584, 585, -1,
          43, 42, 584, -1,
          44, 585, 586, -1,
          44, 43, 585, -1,
          45, 586, 587, -1,
          45, 44, 586, -1,
          46, 587, 588, -1,
          46, 45, 587, -1,
          47, 588, 529, -1,
          47, 46, 588, -1,
          578, 577, 589, -1,
          590, 578, 589, -1,
          591, 579, 578, -1,
          591, 578, 590, -1,
          592, 579, 591, -1,
          593, 580, 579, -1,
          593, 579, 592, -1,
          594, 581, 580, -1,
          594, 580, 593, -1,
          595, 582, 581, -1,
          595, 581, 594, -1,
          596, 583, 582, -1,
          596, 582, 595, -1,
          597, 584, 583, -1,
          597, 583, 596, -1,
          598, 584, 597, -1,
          599, 585, 584, -1,
          599, 584, 598, -1,
          600, 586, 585, -1,
          600, 587, 586, -1,
          600, 585, 599, -1,
          601, 588, 587, -1,
          601, 529, 588, -1,
          601, 587, 600, -1,
          602, 530, 529, -1,
          602, 529, 601, -1,
          603, 531, 530, -1,
          603, 530, 602, -1,
          532, 531, 603, -1,
          604, 532, 603, -1,
          533, 532, 604, -1,
          605, 533, 604, -1,
          534, 533, 605, -1,
          534, 605, 606, -1,
          535, 534, 606, -1,
          535, 606, 607, -1,
          536, 535, 607, -1,
          537, 607, 608, -1,
          537, 536, 607, -1,
          609, 589, 577, -1,
          609, 577, 576, -1,
          538, 537, 608, -1,
          538, 608, 610, -1,
          539, 538, 610, -1,
          539, 610, 611, -1,
          540, 539, 611, -1,
          540, 611, 612, -1,
          541, 540, 612, -1,
          541, 612, 613, -1,
          542, 541, 613, -1,
          542, 613, 614, -1,
          543, 542, 614, -1,
          544, 543, 614, -1,
          544, 614, 615, -1,
          575, 609, 576, -1,
          575, 616, 609, -1,
          545, 544, 615, -1,
          545, 615, 617, -1,
          574, 616, 575, -1,
          574, 618, 616, -1,
          546, 545, 617, -1,
          546, 617, 619, -1,
          573, 618, 574, -1,
          573, 620, 618, -1,
          547, 619, 621, -1,
          547, 546, 619, -1,
          548, 547, 621, -1,
          572, 622, 620, -1,
          572, 620, 573, -1,
          549, 621, 623, -1,
          549, 548, 621, -1,
          571, 624, 622, -1,
          571, 622, 572, -1,
          550, 623, 625, -1,
          550, 549, 623, -1,
          570, 624, 571, -1,
          570, 626, 624, -1,
          551, 625, 627, -1,
          551, 550, 625, -1,
          569, 628, 626, -1,
          569, 626, 570, -1,
          552, 627, 629, -1,
          552, 551, 627, -1,
          568, 628, 569, -1,
          568, 630, 628, -1,
          553, 629, 631, -1,
          553, 552, 629, -1,
          567, 632, 630, -1,
          567, 630, 568, -1,
          554, 631, 633, -1,
          554, 553, 631, -1,
          566, 632, 567, -1,
          555, 633, 634, -1,
          555, 554, 633, -1,
          565, 635, 632, -1,
          565, 632, 566, -1,
          556, 555, 634, -1,
          557, 634, 636, -1,
          557, 556, 634, -1,
          564, 635, 565, -1,
          564, 637, 635, -1,
          558, 636, 638, -1,
          558, 557, 636, -1,
          563, 637, 564, -1,
          563, 639, 637, -1,
          559, 638, 640, -1,
          559, 558, 638, -1,
          562, 641, 639, -1,
          562, 639, 563, -1,
          560, 640, 641, -1,
          560, 559, 640, -1,
          561, 641, 562, -1,
          561, 560, 641, -1,
          642, 643, 635, -1,
          642, 635, 637, -1,
          644, 637, 639, -1,
          644, 642, 637, -1,
          645, 639, 641, -1,
          645, 644, 639, -1,
          646, 641, 640, -1,
          646, 645, 641, -1,
          647, 640, 638, -1,
          647, 646, 640, -1,
          648, 638, 636, -1,
          648, 647, 638, -1,
          649, 636, 634, -1,
          649, 648, 636, -1,
          650, 634, 633, -1,
          650, 649, 634, -1,
          651, 633, 631, -1,
          651, 650, 633, -1,
          652, 631, 629, -1,
          652, 651, 631, -1,
          653, 629, 627, -1,
          653, 652, 629, -1,
          654, 627, 625, -1,
          654, 653, 627, -1,
          655, 625, 623, -1,
          655, 654, 625, -1,
          656, 623, 621, -1,
          656, 655, 623, -1,
          619, 656, 621, -1,
          657, 656, 619, -1,
          658, 659, 616, -1,
          658, 616, 618, -1,
          660, 618, 620, -1,
          660, 658, 618, -1,
          661, 620, 622, -1,
          661, 660, 620, -1,
          662, 622, 624, -1,
          662, 661, 622, -1,
          663, 624, 626, -1,
          663, 662, 624, -1,
          664, 626, 628, -1,
          664, 663, 626, -1,
          665, 628, 630, -1,
          665, 664, 628, -1,
          666, 630, 632, -1,
          666, 665, 630, -1,
          635, 666, 632, -1,
          643, 666, 635, -1,
          616, 659, 667, -1,
          616, 667, 609, -1,
          668, 589, 609, -1,
          668, 609, 667, -1,
          669, 590, 589, -1,
          669, 589, 668, -1,
          670, 671, 601, -1,
          670, 601, 600, -1,
          672, 600, 599, -1,
          672, 670, 600, -1,
          673, 599, 598, -1,
          673, 672, 599, -1,
          674, 598, 597, -1,
          674, 673, 598, -1,
          675, 597, 596, -1,
          675, 674, 597, -1,
          676, 596, 595, -1,
          676, 675, 596, -1,
          677, 595, 594, -1,
          677, 676, 595, -1,
          678, 594, 593, -1,
          678, 677, 594, -1,
          679, 593, 592, -1,
          679, 678, 593, -1,
          680, 592, 591, -1,
          680, 679, 592, -1,
          669, 591, 590, -1,
          669, 680, 591, -1,
          681, 657, 619, -1,
          681, 619, 617, -1,
          682, 617, 615, -1,
          682, 681, 617, -1,
          683, 615, 614, -1,
          683, 682, 615, -1,
          684, 614, 613, -1,
          684, 683, 614, -1,
          685, 613, 612, -1,
          685, 684, 613, -1,
          686, 612, 611, -1,
          686, 685, 612, -1,
          687, 611, 610, -1,
          687, 686, 611, -1,
          688, 610, 608, -1,
          688, 687, 610, -1,
          689, 608, 607, -1,
          689, 688, 608, -1,
          690, 607, 606, -1,
          690, 689, 607, -1,
          691, 606, 605, -1,
          691, 690, 606, -1,
          692, 605, 604, -1,
          692, 691, 605, -1,
          693, 604, 603, -1,
          693, 692, 604, -1,
          694, 603, 602, -1,
          694, 693, 603, -1,
          601, 694, 602, -1,
          671, 694, 601, -1,
          646, 644, 645, -1,
          648, 646, 647, -1,
          648, 644, 646, -1,
          649, 642, 644, -1,
          649, 644, 648, -1,
          650, 643, 642, -1,
          650, 642, 649, -1,
          651, 666, 643, -1,
          651, 643, 650, -1,
          652, 666, 651, -1,
          653, 664, 665, -1,
          653, 665, 666, -1,
          653, 666, 652, -1,
          654, 662, 663, -1,
          654, 663, 664, -1,
          654, 664, 653, -1,
          655, 661, 662, -1,
          655, 662, 654, -1,
          669, 668, 667, -1,
          669, 667, 659, -1,
          656, 660, 661, -1,
          656, 661, 655, -1,
          680, 659, 658, -1,
          680, 669, 659, -1,
          657, 660, 656, -1,
          679, 680, 658, -1,
          678, 658, 660, -1,
          678, 679, 658, -1,
          678, 660, 657, -1,
          677, 678, 657, -1,
          677, 657, 681, -1,
          676, 677, 681, -1,
          676, 681, 682, -1,
          675, 676, 682, -1,
          674, 675, 682, -1,
          673, 682, 683, -1,
          673, 674, 682, -1,
          672, 683, 684, -1,
          672, 673, 683, -1,
          670, 684, 685, -1,
          670, 685, 686, -1,
          670, 672, 684, -1,
          671, 670, 686, -1,
          671, 686, 687, -1,
          689, 687, 688, -1,
          689, 671, 687, -1,
          693, 689, 690, -1,
          693, 690, 691, -1,
          693, 694, 671, -1,
          693, 671, 689, -1,
          692, 693, 691, -1,
          62, 695, 696, -1,
          62, 696, 38, -1,
          38, 696, 697, -1,
          38, 697, 35, -1,
          698, 491, 35, -1,
          698, 35, 697, -1,
          36, 491, 698, -1,
          36, 698, 699, -1,
          36, 699, 700, -1,
          36, 700, 37, -1,
          492, 37, 700, -1,
          492, 700, 701, -1,
          492, 701, 702, -1,
          492, 702, 29, -1,
          29, 702, 703, -1,
          29, 703, 6, -1,
          704, 39, 6, -1,
          704, 6, 703, -1,
          705, 59, 39, -1,
          705, 39, 704, -1,
          504, 59, 705, -1,
          504, 705, 706, -1,
          60, 504, 706, -1,
          60, 706, 707, -1,
          695, 62, 60, -1,
          695, 60, 707, -1,
          699, 706, 700, -1,
          696, 695, 698, -1,
          695, 707, 698, -1,
          706, 701, 700, -1,
          701, 704, 703, -1,
          705, 704, 701, -1,
          698, 697, 696, -1,
          699, 698, 706, -1,
          702, 701, 703, -1,
          706, 705, 701, -1,
          707, 706, 698, -1,
          64, 708, 709, -1,
          64, 709, 61, -1,
          61, 709, 710, -1,
          61, 710, 58, -1,
          711, 65, 58, -1,
          711, 58, 710, -1,
          712, 66, 65, -1,
          712, 65, 711, -1,
          66, 712, 713, -1,
          66, 713, 67, -1,
          708, 64, 67, -1,
          708, 67, 713, -1,
          708, 713, 709, -1,
          713, 710, 709, -1,
          712, 711, 713, -1,
          713, 711, 710, -1,
          199, 205, 714, -1,
          199, 714, 715, -1,
          194, 715, 716, -1,
          194, 199, 715, -1,
          174, 716, 717, -1,
          174, 194, 716, -1,
          170, 717, 718, -1,
          170, 174, 717, -1,
          166, 718, 719, -1,
          166, 170, 718, -1,
          162, 719, 720, -1,
          162, 166, 719, -1,
          158, 720, 721, -1,
          158, 162, 720, -1,
          150, 721, 722, -1,
          150, 158, 721, -1,
          148, 722, 723, -1,
          148, 150, 722, -1,
          138, 723, 724, -1,
          138, 148, 723, -1,
          132, 724, 725, -1,
          132, 138, 724, -1,
          125, 132, 725, -1,
          125, 725, 726, -1,
          126, 726, 727, -1,
          126, 125, 726, -1,
          120, 727, 728, -1,
          120, 126, 727, -1,
          115, 728, 729, -1,
          115, 120, 728, -1,
          110, 729, 730, -1,
          110, 115, 729, -1,
          106, 730, 731, -1,
          106, 110, 730, -1,
          102, 731, 732, -1,
          102, 106, 731, -1,
          99, 732, 733, -1,
          99, 102, 732, -1,
          95, 733, 734, -1,
          95, 99, 733, -1,
          92, 734, 735, -1,
          92, 95, 734, -1,
          89, 92, 735, -1,
          89, 735, 736, -1,
          83, 736, 737, -1,
          83, 89, 736, -1,
          84, 737, 738, -1,
          84, 83, 737, -1,
          85, 738, 739, -1,
          85, 84, 738, -1,
          86, 739, 740, -1,
          86, 85, 739, -1,
          87, 740, 741, -1,
          87, 86, 740, -1,
          77, 741, 742, -1,
          77, 87, 741, -1,
          75, 742, 743, -1,
          75, 77, 742, -1,
          74, 743, 744, -1,
          74, 75, 743, -1,
          73, 744, 745, -1,
          73, 74, 744, -1,
          72, 745, 746, -1,
          72, 73, 745, -1,
          71, 746, 747, -1,
          71, 72, 746, -1,
          68, 747, 748, -1,
          68, 71, 747, -1,
          68, 748, 749, -1,
          68, 749, 69, -1,
          69, 749, 750, -1,
          69, 750, 70, -1,
          70, 750, 751, -1,
          70, 751, 63, -1,
          752, 90, 63, -1,
          752, 63, 751, -1,
          753, 237, 90, -1,
          753, 90, 752, -1,
          234, 237, 753, -1,
          234, 753, 754, -1,
          235, 754, 755, -1,
          235, 234, 754, -1,
          232, 755, 756, -1,
          232, 235, 755, -1,
          230, 756, 757, -1,
          230, 232, 756, -1,
          228, 757, 758, -1,
          228, 230, 757, -1,
          225, 758, 759, -1,
          225, 228, 758, -1,
          222, 759, 760, -1,
          222, 225, 759, -1,
          209, 760, 761, -1,
          209, 222, 760, -1,
          205, 761, 714, -1,
          205, 209, 761, -1,
          749, 751, 750, -1,
          762, 751, 749, -1,
          763, 749, 748, -1,
          763, 762, 749, -1,
          764, 748, 747, -1,
          764, 763, 748, -1,
          765, 764, 747, -1,
          765, 746, 745, -1,
          765, 747, 746, -1,
          766, 765, 745, -1,
          766, 745, 744, -1,
          767, 766, 744, -1,
          767, 744, 743, -1,
          768, 767, 743, -1,
          768, 743, 742, -1,
          769, 768, 742, -1,
          769, 741, 740, -1,
          769, 742, 741, -1,
          770, 739, 738, -1,
          770, 740, 739, -1,
          770, 769, 740, -1,
          737, 770, 738, -1,
          771, 737, 736, -1,
          771, 770, 737, -1,
          752, 751, 762, -1,
          772, 752, 762, -1,
          735, 771, 736, -1,
          735, 773, 771, -1,
          734, 773, 735, -1,
          734, 774, 773, -1,
          733, 774, 734, -1,
          733, 775, 774, -1,
          732, 776, 775, -1,
          732, 775, 733, -1,
          731, 776, 732, -1,
          730, 776, 731, -1,
          730, 777, 776, -1,
          729, 777, 730, -1,
          753, 752, 772, -1,
          753, 772, 778, -1,
          753, 778, 779, -1,
          728, 777, 729, -1,
          728, 780, 777, -1,
          727, 780, 728, -1,
          754, 779, 781, -1,
          754, 753, 779, -1,
          726, 782, 780, -1,
          726, 780, 727, -1,
          725, 782, 726, -1,
          755, 754, 781, -1,
          755, 781, 783, -1,
          724, 784, 782, -1,
          724, 782, 725, -1,
          756, 755, 783, -1,
          756, 783, 785, -1,
          757, 756, 785, -1,
          757, 785, 786, -1,
          723, 787, 784, -1,
          723, 784, 724, -1,
          758, 757, 786, -1,
          759, 758, 786, -1,
          759, 786, 788, -1,
          722, 787, 723, -1,
          722, 789, 787, -1,
          721, 789, 722, -1,
          760, 759, 788, -1,
          760, 788, 790, -1,
          720, 789, 721, -1,
          720, 791, 789, -1,
          761, 760, 790, -1,
          719, 791, 720, -1,
          719, 792, 791, -1,
          714, 761, 790, -1,
          714, 790, 793, -1,
          718, 792, 719, -1,
          715, 714, 793, -1,
          717, 792, 718, -1,
          716, 715, 793, -1,
          716, 792, 717, -1,
          716, 793, 792, -1,
          794, 795, 771, -1,
          794, 771, 773, -1,
          796, 773, 774, -1,
          796, 794, 773, -1,
          797, 774, 775, -1,
          797, 796, 774, -1,
          798, 775, 776, -1,
          798, 797, 775, -1,
          799, 776, 777, -1,
          799, 798, 776, -1,
          800, 777, 780, -1,
          800, 799, 777, -1,
          801, 780, 782, -1,
          801, 800, 780, -1,
          802, 803, 763, -1,
          802, 763, 764, -1,
          804, 764, 765, -1,
          804, 802, 764, -1,
          805, 765, 766, -1,
          805, 804, 765, -1,
          806, 766, 767, -1,
          806, 805, 766, -1,
          807, 767, 768, -1,
          807, 806, 767, -1,
          808, 768, 769, -1,
          808, 807, 768, -1,
          809, 769, 770, -1,
          809, 808, 769, -1,
          795, 770, 771, -1,
          795, 809, 770, -1,
          763, 803, 810, -1,
          763, 810, 762, -1,
          811, 772, 762, -1,
          811, 762, 810, -1,
          812, 778, 772, -1,
          812, 772, 811, -1,
          813, 814, 790, -1,
          813, 790, 788, -1,
          815, 788, 786, -1,
          815, 813, 788, -1,
          816, 786, 785, -1,
          816, 815, 786, -1,
          817, 785, 783, -1,
          817, 816, 785, -1,
          818, 783, 781, -1,
          818, 817, 783, -1,
          819, 781, 779, -1,
          819, 818, 781, -1,
          812, 779, 778, -1,
          812, 819, 779, -1,
          820, 801, 782, -1,
          820, 782, 784, -1,
          821, 784, 787, -1,
          821, 820, 784, -1,
          822, 787, 789, -1,
          822, 821, 787, -1,
          823, 789, 791, -1,
          823, 822, 789, -1,
          824, 791, 792, -1,
          824, 823, 791, -1,
          825, 792, 793, -1,
          825, 824, 792, -1,
          814, 793, 790, -1,
          814, 825, 793, -1,
          795, 808, 809, -1,
          811, 810, 803, -1,
          794, 807, 808, -1,
          794, 808, 795, -1,
          798, 794, 796, -1,
          798, 796, 797, -1,
          799, 807, 794, -1,
          799, 794, 798, -1,
          812, 803, 802, -1,
          812, 811, 803, -1,
          800, 806, 807, -1,
          800, 807, 799, -1,
          819, 802, 804, -1,
          819, 812, 802, -1,
          818, 804, 805, -1,
          818, 805, 806, -1,
          818, 819, 804, -1,
          818, 806, 800, -1,
          817, 800, 801, -1,
          817, 818, 800, -1,
          816, 801, 820, -1,
          816, 817, 801, -1,
          815, 820, 821, -1,
          815, 816, 820, -1,
          813, 821, 822, -1,
          813, 815, 821, -1,
          814, 822, 823, -1,
          814, 813, 822, -1,
          825, 823, 824, -1,
          825, 814, 823, -1,
          322, 321, 826, -1,
          322, 826, 827, -1,
          323, 827, 828, -1,
          323, 322, 827, -1,
          324, 828, 829, -1,
          324, 323, 828, -1,
          325, 829, 830, -1,
          325, 324, 829, -1,
          326, 830, 831, -1,
          326, 325, 830, -1,
          327, 831, 832, -1,
          327, 326, 831, -1,
          328, 832, 833, -1,
          328, 327, 832, -1,
          329, 833, 834, -1,
          329, 328, 833, -1,
          330, 834, 835, -1,
          330, 329, 834, -1,
          506, 835, 836, -1,
          506, 330, 835, -1,
          505, 836, 837, -1,
          505, 506, 836, -1,
          241, 837, 838, -1,
          241, 505, 837, -1,
          242, 838, 839, -1,
          242, 241, 838, -1,
          243, 839, 840, -1,
          243, 242, 839, -1,
          244, 243, 840, -1,
          244, 840, 841, -1,
          245, 841, 842, -1,
          245, 244, 841, -1,
          246, 842, 843, -1,
          246, 245, 842, -1,
          211, 843, 844, -1,
          211, 246, 843, -1,
          212, 844, 845, -1,
          212, 211, 844, -1,
          213, 845, 846, -1,
          213, 212, 845, -1,
          214, 846, 847, -1,
          214, 213, 846, -1,
          215, 847, 848, -1,
          215, 214, 847, -1,
          216, 848, 849, -1,
          216, 215, 848, -1,
          217, 849, 850, -1,
          217, 216, 849, -1,
          176, 850, 851, -1,
          176, 217, 850, -1,
          177, 851, 852, -1,
          177, 176, 851, -1,
          178, 852, 853, -1,
          178, 177, 852, -1,
          179, 853, 854, -1,
          179, 178, 853, -1,
          180, 179, 854, -1,
          180, 854, 855, -1,
          181, 855, 856, -1,
          181, 180, 855, -1,
          182, 856, 857, -1,
          182, 181, 856, -1,
          183, 857, 858, -1,
          183, 182, 857, -1,
          184, 858, 859, -1,
          184, 183, 858, -1,
          185, 859, 860, -1,
          185, 184, 859, -1,
          186, 860, 861, -1,
          186, 185, 860, -1,
          189, 861, 862, -1,
          189, 186, 861, -1,
          191, 862, 863, -1,
          191, 189, 862, -1,
          197, 863, 864, -1,
          197, 191, 863, -1,
          201, 864, 865, -1,
          201, 197, 864, -1,
          203, 865, 866, -1,
          203, 201, 865, -1,
          207, 866, 867, -1,
          207, 203, 866, -1,
          219, 867, 868, -1,
          219, 207, 867, -1,
          88, 868, 869, -1,
          88, 219, 868, -1,
          81, 869, 870, -1,
          81, 88, 869, -1,
          80, 81, 870, -1,
          80, 870, 871, -1,
          79, 871, 872, -1,
          79, 80, 871, -1,
          78, 872, 873, -1,
          78, 79, 872, -1,
          76, 873, 874, -1,
          76, 78, 873, -1,
          875, 82, 76, -1,
          875, 76, 874, -1,
          876, 104, 82, -1,
          876, 82, 875, -1,
          108, 104, 876, -1,
          108, 876, 877, -1,
          112, 877, 878, -1,
          112, 108, 877, -1,
          113, 878, 879, -1,
          113, 112, 878, -1,
          117, 879, 880, -1,
          117, 113, 879, -1,
          118, 880, 881, -1,
          118, 117, 880, -1,
          122, 118, 881, -1,
          122, 881, 882, -1,
          123, 882, 883, -1,
          123, 122, 882, -1,
          128, 883, 884, -1,
          128, 123, 883, -1,
          129, 884, 885, -1,
          129, 128, 884, -1,
          130, 885, 886, -1,
          130, 129, 885, -1,
          134, 886, 887, -1,
          134, 130, 886, -1,
          135, 887, 888, -1,
          135, 134, 887, -1,
          136, 888, 889, -1,
          136, 135, 888, -1,
          140, 889, 890, -1,
          140, 136, 889, -1,
          141, 890, 891, -1,
          141, 140, 890, -1,
          142, 891, 892, -1,
          142, 141, 891, -1,
          145, 892, 893, -1,
          145, 142, 892, -1,
          146, 893, 894, -1,
          146, 145, 893, -1,
          152, 146, 894, -1,
          152, 894, 895, -1,
          153, 152, 895, -1,
          153, 895, 896, -1,
          156, 153, 896, -1,
          156, 896, 897, -1,
          160, 156, 897, -1,
          160, 897, 898, -1,
          164, 160, 898, -1,
          164, 898, 899, -1,
          167, 164, 899, -1,
          167, 899, 900, -1,
          171, 167, 900, -1,
          171, 900, 901, -1,
          187, 171, 901, -1,
          187, 901, 902, -1,
          903, 187, 902, -1,
          195, 187, 903, -1,
          172, 195, 903, -1,
          172, 903, 904, -1,
          168, 904, 905, -1,
          168, 172, 904, -1,
          163, 905, 906, -1,
          163, 168, 905, -1,
          159, 906, 907, -1,
          159, 163, 906, -1,
          155, 907, 908, -1,
          155, 159, 907, -1,
          151, 908, 909, -1,
          151, 155, 908, -1,
          144, 909, 910, -1,
          144, 151, 909, -1,
          139, 910, 911, -1,
          139, 144, 910, -1,
          133, 911, 912, -1,
          133, 139, 911, -1,
          127, 133, 912, -1,
          127, 912, 913, -1,
          121, 913, 914, -1,
          121, 127, 913, -1,
          116, 914, 915, -1,
          116, 121, 914, -1,
          111, 915, 916, -1,
          111, 116, 915, -1,
          107, 916, 917, -1,
          107, 111, 916, -1,
          103, 917, 918, -1,
          103, 107, 917, -1,
          100, 918, 919, -1,
          100, 103, 918, -1,
          96, 919, 920, -1,
          96, 100, 919, -1,
          93, 96, 920, -1,
          93, 920, 921, -1,
          91, 921, 922, -1,
          91, 93, 921, -1,
          94, 922, 923, -1,
          94, 91, 922, -1,
          97, 923, 924, -1,
          97, 94, 923, -1,
          98, 924, 925, -1,
          98, 97, 924, -1,
          101, 925, 926, -1,
          101, 98, 925, -1,
          105, 926, 927, -1,
          105, 101, 926, -1,
          109, 927, 928, -1,
          109, 105, 927, -1,
          114, 928, 929, -1,
          114, 109, 928, -1,
          119, 929, 930, -1,
          119, 114, 929, -1,
          124, 930, 931, -1,
          124, 119, 930, -1,
          131, 931, 932, -1,
          131, 124, 931, -1,
          137, 131, 932, -1,
          137, 932, 933, -1,
          143, 933, 934, -1,
          143, 137, 933, -1,
          147, 934, 935, -1,
          147, 143, 934, -1,
          149, 935, 936, -1,
          149, 147, 935, -1,
          154, 936, 937, -1,
          154, 149, 936, -1,
          157, 937, 938, -1,
          157, 154, 937, -1,
          161, 938, 939, -1,
          161, 157, 938, -1,
          165, 939, 940, -1,
          165, 161, 939, -1,
          169, 940, 941, -1,
          169, 165, 940, -1,
          173, 941, 942, -1,
          173, 169, 941, -1,
          193, 942, 943, -1,
          193, 173, 942, -1,
          198, 943, 944, -1,
          198, 193, 943, -1,
          204, 198, 944, -1,
          204, 944, 945, -1,
          208, 204, 945, -1,
          208, 945, 946, -1,
          220, 208, 946, -1,
          220, 946, 947, -1,
          221, 220, 947, -1,
          221, 947, 948, -1,
          224, 221, 948, -1,
          224, 948, 949, -1,
          227, 224, 949, -1,
          227, 949, 950, -1,
          229, 227, 950, -1,
          229, 950, 951, -1,
          231, 229, 951, -1,
          231, 951, 952, -1,
          233, 231, 952, -1,
          233, 952, 953, -1,
          236, 233, 953, -1,
          236, 953, 954, -1,
          238, 236, 954, -1,
          238, 954, 955, -1,
          312, 238, 955, -1,
          312, 955, 956, -1,
          313, 956, 957, -1,
          313, 312, 956, -1,
          314, 957, 958, -1,
          314, 313, 957, -1,
          315, 958, 959, -1,
          315, 314, 958, -1,
          316, 959, 960, -1,
          316, 315, 959, -1,
          317, 960, 961, -1,
          317, 316, 960, -1,
          318, 961, 962, -1,
          318, 317, 961, -1,
          319, 962, 963, -1,
          319, 318, 962, -1,
          320, 963, 964, -1,
          320, 319, 963, -1,
          321, 964, 826, -1,
          321, 320, 964, -1,
          877, 876, 875, -1,
          877, 875, 874, -1,
          877, 874, 873, -1,
          878, 877, 873, -1,
          878, 873, 872, -1,
          879, 872, 871, -1,
          879, 878, 872, -1,
          880, 871, 870, -1,
          880, 879, 871, -1,
          881, 880, 870, -1,
          881, 869, 868, -1,
          881, 870, 869, -1,
          882, 868, 867, -1,
          882, 881, 868, -1,
          883, 867, 866, -1,
          883, 882, 867, -1,
          884, 883, 866, -1,
          885, 866, 865, -1,
          885, 884, 866, -1,
          886, 865, 864, -1,
          886, 885, 865, -1,
          887, 864, 863, -1,
          887, 886, 864, -1,
          888, 862, 861, -1,
          888, 863, 862, -1,
          888, 887, 863, -1,
          889, 860, 859, -1,
          889, 861, 860, -1,
          889, 888, 861, -1,
          890, 859, 858, -1,
          890, 889, 859, -1,
          891, 858, 857, -1,
          891, 890, 858, -1,
          856, 891, 857, -1,
          892, 891, 856, -1,
          855, 892, 856, -1,
          893, 892, 855, -1,
          965, 921, 920, -1,
          966, 922, 921, -1,
          966, 923, 922, -1,
          966, 924, 923, -1,
          966, 921, 965, -1,
          967, 919, 918, -1,
          967, 920, 919, -1,
          967, 965, 920, -1,
          854, 893, 855, -1,
          854, 894, 893, -1,
          968, 967, 918, -1,
          968, 918, 917, -1,
          969, 925, 924, -1,
          969, 926, 925, -1,
          969, 924, 966, -1,
          970, 968, 917, -1,
          970, 917, 916, -1,
          971, 927, 926, -1,
          971, 926, 969, -1,
          972, 970, 916, -1,
          972, 915, 914, -1,
          972, 916, 915, -1,
          973, 928, 927, -1,
          973, 929, 928, -1,
          973, 927, 971, -1,
          853, 894, 854, -1,
          853, 895, 894, -1,
          974, 930, 929, -1,
          974, 929, 973, -1,
          975, 972, 914, -1,
          975, 914, 913, -1,
          852, 895, 853, -1,
          852, 896, 895, -1,
          976, 930, 974, -1,
          976, 931, 930, -1,
          976, 932, 931, -1,
          977, 975, 913, -1,
          977, 913, 912, -1,
          977, 912, 911, -1,
          851, 896, 852, -1,
          851, 897, 896, -1,
          978, 933, 932, -1,
          978, 932, 976, -1,
          979, 977, 911, -1,
          979, 911, 910, -1,
          850, 897, 851, -1,
          980, 934, 933, -1,
          980, 935, 934, -1,
          980, 933, 978, -1,
          981, 979, 910, -1,
          981, 910, 909, -1,
          849, 897, 850, -1,
          849, 898, 897, -1,
          982, 936, 935, -1,
          982, 937, 936, -1,
          982, 938, 937, -1,
          982, 935, 980, -1,
          983, 981, 909, -1,
          983, 908, 907, -1,
          983, 909, 908, -1,
          848, 898, 849, -1,
          984, 907, 906, -1,
          984, 983, 907, -1,
          985, 939, 938, -1,
          985, 940, 939, -1,
          985, 938, 982, -1,
          847, 898, 848, -1,
          847, 899, 898, -1,
          986, 984, 906, -1,
          986, 906, 905, -1,
          987, 940, 985, -1,
          987, 941, 940, -1,
          988, 986, 905, -1,
          988, 905, 904, -1,
          989, 941, 987, -1,
          989, 942, 941, -1,
          846, 899, 847, -1,
          846, 900, 899, -1,
          990, 988, 904, -1,
          990, 904, 903, -1,
          991, 942, 989, -1,
          991, 943, 942, -1,
          845, 900, 846, -1,
          845, 901, 900, -1,
          944, 943, 991, -1,
          992, 990, 903, -1,
          844, 901, 845, -1,
          844, 902, 901, -1,
          993, 945, 944, -1,
          993, 944, 991, -1,
          946, 945, 993, -1,
          994, 946, 993, -1,
          995, 992, 903, -1,
          843, 902, 844, -1,
          843, 903, 902, -1,
          947, 946, 994, -1,
          948, 947, 994, -1,
          948, 994, 996, -1,
          842, 995, 903, -1,
          842, 903, 843, -1,
          949, 948, 996, -1,
          949, 996, 997, -1,
          841, 995, 842, -1,
          950, 949, 997, -1,
          950, 997, 998, -1,
          951, 950, 998, -1,
          952, 998, 999, -1,
          952, 951, 998, -1,
          840, 995, 841, -1,
          840, 1000, 995, -1,
          840, 1001, 1000, -1,
          953, 999, 1002, -1,
          953, 952, 999, -1,
          839, 1001, 840, -1,
          954, 1002, 1003, -1,
          954, 953, 1002, -1,
          838, 1004, 1001, -1,
          838, 1001, 839, -1,
          955, 954, 1003, -1,
          837, 1004, 838, -1,
          837, 1005, 1004, -1,
          956, 955, 1003, -1,
          956, 1003, 1006, -1,
          836, 1005, 837, -1,
          836, 1007, 1005, -1,
          957, 956, 1006, -1,
          835, 1007, 836, -1,
          835, 1008, 1007, -1,
          958, 957, 1006, -1,
          958, 1006, 1009, -1,
          834, 1008, 835, -1,
          834, 1010, 1008, -1,
          959, 958, 1009, -1,
          833, 1010, 834, -1,
          832, 1010, 833, -1,
          832, 1011, 1010, -1,
          960, 959, 1009, -1,
          960, 1009, 1012, -1,
          831, 1011, 832, -1,
          831, 1013, 1011, -1,
          961, 960, 1012, -1,
          830, 1013, 831, -1,
          830, 1014, 1013, -1,
          962, 961, 1012, -1,
          962, 1012, 1015, -1,
          829, 1014, 830, -1,
          963, 962, 1015, -1,
          963, 1015, 1016, -1,
          828, 1014, 829, -1,
          828, 1017, 1014, -1,
          964, 963, 1016, -1,
          964, 1016, 1018, -1,
          827, 1017, 828, -1,
          826, 964, 1018, -1,
          826, 1017, 827, -1,
          826, 1018, 1017, -1,
          1019, 1020, 995, -1,
          1019, 995, 1000, -1,
          1021, 1000, 1001, -1,
          1021, 1019, 1000, -1,
          1022, 1023, 979, -1,
          1022, 979, 981, -1,
          1024, 981, 983, -1,
          1024, 1022, 981, -1,
          1025, 983, 984, -1,
          1025, 1024, 983, -1,
          1026, 984, 986, -1,
          1026, 1025, 984, -1,
          1027, 986, 988, -1,
          1027, 1026, 986, -1,
          1028, 988, 990, -1,
          1028, 1027, 988, -1,
          1029, 990, 992, -1,
          1029, 1028, 990, -1,
          1020, 992, 995, -1,
          1020, 1029, 992, -1,
          968, 1030, 967, -1,
          1031, 1030, 968, -1,
          970, 1031, 968, -1,
          1032, 1031, 970, -1,
          972, 1032, 970, -1,
          1033, 1032, 972, -1,
          975, 1033, 972, -1,
          1034, 1033, 975, -1,
          977, 1034, 975, -1,
          1035, 1034, 977, -1,
          979, 1035, 977, -1,
          1023, 1035, 979, -1,
          1036, 1037, 978, -1,
          1036, 978, 976, -1,
          1038, 976, 974, -1,
          1038, 1036, 976, -1,
          1039, 974, 973, -1,
          1039, 1038, 974, -1,
          1040, 973, 971, -1,
          1040, 1039, 973, -1,
          1041, 971, 969, -1,
          1041, 1040, 971, -1,
          1042, 969, 966, -1,
          1042, 1041, 969, -1,
          1043, 966, 965, -1,
          1043, 1042, 966, -1,
          1030, 965, 967, -1,
          1030, 1043, 965, -1,
          1044, 1045, 1003, -1,
          1044, 1003, 1002, -1,
          1046, 1002, 999, -1,
          1046, 1044, 1002, -1,
          1047, 999, 998, -1,
          1047, 1046, 999, -1,
          1048, 998, 997, -1,
          1048, 1047, 998, -1,
          1049, 997, 996, -1,
          1049, 1048, 997, -1,
          1050, 996, 994, -1,
          1050, 1049, 996, -1,
          1051, 994, 993, -1,
          1051, 1050, 994, -1,
          1052, 993, 991, -1,
          1052, 1051, 993, -1,
          1053, 991, 989, -1,
          1053, 1052, 991, -1,
          1054, 989, 987, -1,
          1054, 1053, 989, -1,
          1055, 987, 985, -1,
          1055, 1054, 987, -1,
          1056, 985, 982, -1,
          1056, 1055, 985, -1,
          1057, 982, 980, -1,
          1057, 1056, 982, -1,
          1037, 980, 978, -1,
          1037, 1057, 980, -1,
          1058, 1059, 1018, -1,
          1058, 1018, 1016, -1,
          1060, 1016, 1015, -1,
          1060, 1058, 1016, -1,
          1061, 1015, 1012, -1,
          1061, 1060, 1015, -1,
          1062, 1012, 1009, -1,
          1062, 1061, 1012, -1,
          1063, 1009, 1006, -1,
          1063, 1062, 1009, -1,
          1045, 1006, 1003, -1,
          1045, 1063, 1006, -1,
          1064, 1021, 1001, -1,
          1064, 1001, 1004, -1,
          1065, 1004, 1005, -1,
          1065, 1064, 1004, -1,
          1066, 1005, 1007, -1,
          1066, 1065, 1005, -1,
          1067, 1007, 1008, -1,
          1067, 1066, 1007, -1,
          1068, 1008, 1010, -1,
          1068, 1067, 1008, -1,
          1069, 1010, 1011, -1,
          1069, 1068, 1010, -1,
          1070, 1011, 1013, -1,
          1070, 1069, 1011, -1,
          1071, 1013, 1014, -1,
          1071, 1070, 1013, -1,
          1072, 1014, 1017, -1,
          1072, 1071, 1014, -1,
          1059, 1017, 1018, -1,
          1059, 1072, 1017, -1,
          1032, 1030, 1031, -1,
          1040, 1041, 1042, -1,
          1039, 1042, 1043, -1,
          1039, 1043, 1030, -1,
          1039, 1030, 1032, -1,
          1039, 1040, 1042, -1,
          1038, 1039, 1032, -1,
          1034, 1032, 1033, -1,
          1034, 1038, 1032, -1,
          1036, 1038, 1034, -1,
          1035, 1036, 1034, -1,
          1037, 1036, 1035, -1,
          1051, 1052, 1053, -1,
          1019, 1028, 1029, -1,
          1019, 1029, 1020, -1,
          1048, 1049, 1050, -1,
          1048, 1050, 1051, -1,
          1048, 1051, 1053, -1,
          1021, 1028, 1019, -1,
          1021, 1027, 1028, -1,
          1047, 1048, 1053, -1,
          1064, 1025, 1026, -1,
          1064, 1026, 1027, -1,
          1064, 1027, 1021, -1,
          1046, 1047, 1053, -1,
          1046, 1053, 1054, -1,
          1044, 1054, 1055, -1,
          1044, 1055, 1056, -1,
          1044, 1046, 1054, -1,
          1065, 1022, 1024, -1,
          1065, 1024, 1025, -1,
          1065, 1025, 1064, -1,
          1045, 1044, 1056, -1,
          1066, 1023, 1022, -1,
          1066, 1022, 1065, -1,
          1067, 1023, 1066, -1,
          1067, 1035, 1023, -1,
          1067, 1037, 1035, -1,
          1068, 1057, 1037, -1,
          1068, 1037, 1067, -1,
          1069, 1057, 1068, -1,
          1070, 1056, 1057, -1,
          1070, 1057, 1069, -1,
          1071, 1063, 1045, -1,
          1071, 1045, 1056, -1,
          1071, 1056, 1070, -1,
          1060, 1061, 1062, -1,
          1059, 1071, 1072, -1,
          1059, 1058, 1060, -1,
          1059, 1062, 1063, -1,
          1059, 1063, 1071, -1,
          1059, 1060, 1062, -1,
          382, 389, 1073, -1,
          382, 1073, 1074, -1,
          378, 1074, 1075, -1,
          378, 382, 1074, -1,
          379, 1075, 1076, -1,
          379, 378, 1075, -1,
          380, 1076, 1077, -1,
          380, 379, 1076, -1,
          375, 1077, 1078, -1,
          375, 380, 1077, -1,
          376, 1078, 1079, -1,
          376, 375, 1078, -1,
          373, 1079, 1080, -1,
          373, 376, 1079, -1,
          370, 1080, 1081, -1,
          370, 373, 1080, -1,
          371, 1081, 1082, -1,
          371, 370, 1081, -1,
          367, 1082, 1083, -1,
          367, 371, 1082, -1,
          364, 1083, 1084, -1,
          364, 367, 1083, -1,
          359, 364, 1084, -1,
          359, 1084, 1085, -1,
          360, 1085, 1086, -1,
          360, 359, 1085, -1,
          354, 1086, 1087, -1,
          354, 360, 1086, -1,
          350, 1087, 1088, -1,
          350, 354, 1087, -1,
          346, 1088, 1089, -1,
          346, 350, 1088, -1,
          334, 1089, 1090, -1,
          334, 346, 1089, -1,
          309, 1090, 1091, -1,
          309, 334, 1090, -1,
          301, 1091, 1092, -1,
          301, 309, 1091, -1,
          297, 1092, 1093, -1,
          297, 301, 1092, -1,
          292, 1093, 1094, -1,
          292, 297, 1093, -1,
          293, 292, 1094, -1,
          293, 1094, 1095, -1,
          299, 1095, 1096, -1,
          299, 293, 1095, -1,
          303, 1096, 1097, -1,
          303, 299, 1096, -1,
          306, 1097, 1098, -1,
          306, 303, 1097, -1,
          307, 1098, 1099, -1,
          307, 306, 1098, -1,
          332, 1099, 1100, -1,
          332, 307, 1099, -1,
          344, 1100, 1101, -1,
          344, 332, 1100, -1,
          348, 1101, 1102, -1,
          348, 344, 1101, -1,
          352, 1102, 1103, -1,
          352, 348, 1102, -1,
          356, 1103, 1104, -1,
          356, 352, 1103, -1,
          357, 1104, 1105, -1,
          357, 356, 1104, -1,
          362, 1105, 1106, -1,
          362, 357, 1105, -1,
          226, 1106, 1107, -1,
          226, 362, 1106, -1,
          223, 226, 1107, -1,
          223, 1107, 1108, -1,
          218, 1108, 1109, -1,
          218, 223, 1108, -1,
          206, 1109, 1110, -1,
          206, 218, 1109, -1,
          202, 1110, 1111, -1,
          202, 206, 1110, -1,
          200, 1111, 1112, -1,
          200, 202, 1111, -1,
          196, 1112, 1113, -1,
          196, 200, 1112, -1,
          192, 1113, 1114, -1,
          192, 196, 1113, -1,
          190, 1114, 1115, -1,
          190, 192, 1114, -1,
          188, 1115, 1116, -1,
          188, 190, 1115, -1,
          175, 1116, 1117, -1,
          175, 188, 1116, -1,
          1118, 210, 175, -1,
          1118, 175, 1117, -1,
          1119, 240, 210, -1,
          1119, 210, 1118, -1,
          1120, 240, 1119, -1,
          248, 240, 1120, -1,
          1121, 248, 1120, -1,
          249, 248, 1121, -1,
          1122, 249, 1121, -1,
          251, 249, 1122, -1,
          1123, 251, 1122, -1,
          253, 251, 1123, -1,
          1124, 253, 1123, -1,
          262, 253, 1124, -1,
          1125, 262, 1124, -1,
          265, 262, 1125, -1,
          1126, 265, 1125, -1,
          266, 265, 1126, -1,
          1127, 266, 1126, -1,
          268, 266, 1127, -1,
          1128, 268, 1127, -1,
          272, 268, 1128, -1,
          1129, 272, 1128, -1,
          275, 272, 1129, -1,
          277, 275, 1129, -1,
          277, 1129, 1130, -1,
          278, 1130, 1131, -1,
          278, 277, 1130, -1,
          270, 1131, 1132, -1,
          270, 278, 1131, -1,
          255, 1132, 1133, -1,
          255, 270, 1132, -1,
          256, 1133, 1134, -1,
          256, 255, 1133, -1,
          257, 1134, 1135, -1,
          257, 256, 1134, -1,
          258, 1135, 1136, -1,
          258, 257, 1135, -1,
          1137, 258, 1136, -1,
          259, 258, 1137, -1,
          1138, 259, 1137, -1,
          254, 259, 1138, -1,
          1139, 254, 1138, -1,
          260, 254, 1139, -1,
          1140, 260, 1139, -1,
          263, 260, 1140, -1,
          1141, 263, 1140, -1,
          269, 263, 1141, -1,
          1142, 269, 1141, -1,
          273, 269, 1142, -1,
          1143, 273, 1142, -1,
          280, 273, 1143, -1,
          282, 280, 1143, -1,
          282, 1143, 1144, -1,
          286, 1144, 1145, -1,
          286, 282, 1144, -1,
          287, 1145, 1146, -1,
          287, 286, 1145, -1,
          288, 1146, 1147, -1,
          288, 287, 1146, -1,
          289, 1147, 1148, -1,
          289, 288, 1147, -1,
          290, 1148, 1149, -1,
          290, 289, 1148, -1,
          285, 1149, 1150, -1,
          285, 290, 1149, -1,
          284, 285, 1150, -1,
          284, 1150, 1151, -1,
          283, 1151, 1152, -1,
          283, 284, 1151, -1,
          281, 1152, 1153, -1,
          281, 283, 1152, -1,
          279, 1153, 1154, -1,
          279, 281, 1153, -1,
          276, 1154, 1155, -1,
          276, 279, 1154, -1,
          274, 1155, 1156, -1,
          274, 276, 1155, -1,
          271, 1156, 1157, -1,
          271, 274, 1156, -1,
          267, 1157, 1158, -1,
          267, 271, 1157, -1,
          264, 267, 1158, -1,
          264, 1158, 1159, -1,
          261, 1159, 1160, -1,
          261, 264, 1159, -1,
          252, 1160, 1161, -1,
          252, 261, 1160, -1,
          250, 1161, 1162, -1,
          250, 252, 1161, -1,
          247, 1162, 1163, -1,
          247, 250, 1162, -1,
          239, 1163, 1164, -1,
          239, 247, 1163, -1,
          1165, 311, 239, -1,
          1165, 239, 1164, -1,
          1166, 414, 311, -1,
          1166, 311, 1165, -1,
          414, 1166, 1167, -1,
          414, 1167, 383, -1,
          383, 1167, 1168, -1,
          383, 1168, 335, -1,
          335, 1168, 1169, -1,
          335, 1169, 340, -1,
          341, 340, 1169, -1,
          341, 1169, 1170, -1,
          342, 1170, 1171, -1,
          342, 341, 1170, -1,
          336, 1171, 1172, -1,
          336, 342, 1171, -1,
          337, 336, 1172, -1,
          337, 1172, 1173, -1,
          338, 1173, 1174, -1,
          338, 337, 1173, -1,
          339, 1174, 1175, -1,
          339, 338, 1174, -1,
          384, 1175, 1176, -1,
          384, 339, 1175, -1,
          385, 1176, 1177, -1,
          385, 384, 1176, -1,
          386, 1177, 1178, -1,
          386, 385, 1177, -1,
          387, 1178, 1179, -1,
          387, 386, 1178, -1,
          388, 1179, 1180, -1,
          388, 387, 1179, -1,
          389, 1180, 1073, -1,
          389, 388, 1180, -1,
          1169, 1168, 1165, -1,
          1164, 1169, 1165, -1,
          1163, 1169, 1164, -1,
          1166, 1165, 1168, -1,
          1162, 1169, 1163, -1,
          1161, 1169, 1162, -1,
          1160, 1170, 1169, -1,
          1160, 1169, 1161, -1,
          1159, 1171, 1170, -1,
          1159, 1170, 1160, -1,
          1158, 1171, 1159, -1,
          1167, 1166, 1168, -1,
          1157, 1172, 1171, -1,
          1157, 1171, 1158, -1,
          1156, 1173, 1172, -1,
          1156, 1172, 1157, -1,
          1155, 1174, 1173, -1,
          1155, 1173, 1156, -1,
          1154, 1175, 1174, -1,
          1154, 1174, 1155, -1,
          1120, 1119, 1118, -1,
          1153, 1176, 1175, -1,
          1153, 1175, 1154, -1,
          1152, 1177, 1176, -1,
          1152, 1178, 1177, -1,
          1152, 1176, 1153, -1,
          1151, 1179, 1178, -1,
          1151, 1180, 1179, -1,
          1151, 1178, 1152, -1,
          1117, 1121, 1120, -1,
          1117, 1120, 1118, -1,
          1150, 1073, 1180, -1,
          1150, 1180, 1151, -1,
          1116, 1122, 1121, -1,
          1116, 1121, 1117, -1,
          1115, 1122, 1116, -1,
          1149, 1074, 1073, -1,
          1149, 1073, 1150, -1,
          1114, 1123, 1122, -1,
          1114, 1122, 1115, -1,
          1075, 1074, 1149, -1,
          1148, 1075, 1149, -1,
          1113, 1123, 1114, -1,
          1076, 1075, 1148, -1,
          1077, 1076, 1148, -1,
          1112, 1123, 1113, -1,
          1112, 1124, 1123, -1,
          1078, 1077, 1148, -1,
          1078, 1148, 1147, -1,
          1111, 1124, 1112, -1,
          1111, 1125, 1124, -1,
          1079, 1078, 1147, -1,
          1110, 1125, 1111, -1,
          1110, 1126, 1125, -1,
          1110, 1127, 1126, -1,
          1080, 1079, 1147, -1,
          1080, 1147, 1146, -1,
          1109, 1127, 1110, -1,
          1109, 1128, 1127, -1,
          1081, 1080, 1146, -1,
          1081, 1146, 1145, -1,
          1108, 1128, 1109, -1,
          1108, 1129, 1128, -1,
          1082, 1145, 1144, -1,
          1082, 1081, 1145, -1,
          1083, 1144, 1143, -1,
          1083, 1082, 1144, -1,
          1107, 1130, 1129, -1,
          1107, 1129, 1108, -1,
          1084, 1083, 1143, -1,
          1106, 1130, 1107, -1,
          1105, 1131, 1130, -1,
          1105, 1130, 1106, -1,
          1085, 1143, 1142, -1,
          1085, 1084, 1143, -1,
          1104, 1132, 1131, -1,
          1104, 1131, 1105, -1,
          1086, 1085, 1142, -1,
          1103, 1132, 1104, -1,
          1087, 1086, 1142, -1,
          1087, 1142, 1141, -1,
          1102, 1132, 1103, -1,
          1102, 1133, 1132, -1,
          1088, 1087, 1141, -1,
          1101, 1133, 1102, -1,
          1089, 1088, 1141, -1,
          1089, 1141, 1140, -1,
          1100, 1134, 1133, -1,
          1100, 1133, 1101, -1,
          1090, 1089, 1140, -1,
          1090, 1140, 1139, -1,
          1099, 1135, 1134, -1,
          1099, 1134, 1100, -1,
          1091, 1090, 1139, -1,
          1098, 1135, 1099, -1,
          1097, 1135, 1098, -1,
          1092, 1091, 1139, -1,
          1092, 1139, 1138, -1,
          1096, 1136, 1135, -1,
          1096, 1135, 1097, -1,
          1095, 1136, 1096, -1,
          1093, 1092, 1138, -1,
          1093, 1138, 1137, -1,
          1094, 1136, 1095, -1,
          1094, 1093, 1137, -1,
          1094, 1137, 1136, -1,
          435, 429, 1181, -1,
          435, 1181, 1182, -1,
          436, 1182, 1183, -1,
          436, 435, 1182, -1,
          437, 1183, 1184, -1,
          437, 436, 1183, -1,
          438, 1184, 1185, -1,
          438, 437, 1184, -1,
          439, 1185, 1186, -1,
          439, 438, 1185, -1,
          440, 1186, 1187, -1,
          440, 439, 1186, -1,
          441, 1187, 1188, -1,
          441, 440, 1187, -1,
          442, 1188, 1189, -1,
          442, 441, 1188, -1,
          443, 1189, 1190, -1,
          443, 442, 1189, -1,
          444, 1190, 1191, -1,
          444, 443, 1190, -1,
          445, 444, 1191, -1,
          445, 1191, 1192, -1,
          446, 445, 1192, -1,
          446, 1192, 1193, -1,
          447, 446, 1193, -1,
          447, 1193, 1194, -1,
          448, 447, 1194, -1,
          448, 1194, 1195, -1,
          449, 448, 1195, -1,
          449, 1195, 1196, -1,
          450, 449, 1196, -1,
          450, 1196, 1197, -1,
          451, 450, 1197, -1,
          451, 1197, 1198, -1,
          452, 451, 1198, -1,
          452, 1198, 1199, -1,
          453, 452, 1199, -1,
          453, 1199, 1200, -1,
          454, 453, 1200, -1,
          454, 1200, 1201, -1,
          455, 454, 1201, -1,
          455, 1201, 1202, -1,
          456, 455, 1202, -1,
          456, 1202, 1203, -1,
          457, 456, 1203, -1,
          457, 1203, 1204, -1,
          458, 1204, 1205, -1,
          458, 457, 1204, -1,
          513, 1205, 1206, -1,
          513, 458, 1205, -1,
          512, 1206, 1207, -1,
          512, 513, 1206, -1,
          511, 1207, 1208, -1,
          511, 512, 1207, -1,
          514, 511, 1208, -1,
          514, 1208, 1209, -1,
          515, 1209, 1210, -1,
          515, 514, 1209, -1,
          516, 1210, 1211, -1,
          516, 515, 1210, -1,
          415, 1211, 1212, -1,
          415, 516, 1211, -1,
          397, 1212, 1213, -1,
          397, 415, 1212, -1,
          398, 1213, 1214, -1,
          398, 397, 1213, -1,
          399, 1214, 1215, -1,
          399, 398, 1214, -1,
          400, 1215, 1216, -1,
          400, 399, 1215, -1,
          401, 1216, 1217, -1,
          401, 400, 1216, -1,
          402, 1217, 1218, -1,
          402, 401, 1217, -1,
          403, 1218, 1219, -1,
          403, 402, 1218, -1,
          404, 1219, 1220, -1,
          404, 403, 1219, -1,
          405, 1220, 1221, -1,
          405, 404, 1220, -1,
          406, 405, 1221, -1,
          406, 1221, 1222, -1,
          407, 406, 1222, -1,
          407, 1222, 1223, -1,
          408, 407, 1223, -1,
          408, 1223, 1224, -1,
          409, 408, 1224, -1,
          409, 1224, 1225, -1,
          410, 409, 1225, -1,
          410, 1225, 1226, -1,
          411, 410, 1226, -1,
          411, 1226, 1227, -1,
          412, 411, 1227, -1,
          412, 1227, 1228, -1,
          368, 412, 1228, -1,
          368, 1228, 1229, -1,
          365, 368, 1229, -1,
          365, 1229, 1230, -1,
          361, 365, 1230, -1,
          361, 1230, 1231, -1,
          355, 1231, 1232, -1,
          355, 361, 1231, -1,
          351, 1232, 1233, -1,
          351, 355, 1232, -1,
          347, 1233, 1234, -1,
          347, 351, 1233, -1,
          343, 1234, 1235, -1,
          343, 347, 1234, -1,
          331, 1235, 1236, -1,
          331, 343, 1235, -1,
          310, 1236, 1237, -1,
          310, 331, 1236, -1,
          305, 1237, 1238, -1,
          305, 310, 1237, -1,
          302, 1238, 1239, -1,
          302, 305, 1238, -1,
          298, 1239, 1240, -1,
          298, 302, 1239, -1,
          295, 298, 1240, -1,
          295, 1240, 1241, -1,
          291, 295, 1241, -1,
          291, 1241, 1242, -1,
          294, 291, 1242, -1,
          294, 1242, 1243, -1,
          296, 294, 1243, -1,
          296, 1243, 1244, -1,
          300, 296, 1244, -1,
          300, 1244, 1245, -1,
          304, 300, 1245, -1,
          304, 1245, 1246, -1,
          308, 304, 1246, -1,
          308, 1246, 1247, -1,
          333, 308, 1247, -1,
          333, 1247, 1248, -1,
          345, 333, 1248, -1,
          345, 1248, 1249, -1,
          349, 345, 1249, -1,
          349, 1249, 1250, -1,
          353, 349, 1250, -1,
          353, 1250, 1251, -1,
          358, 353, 1251, -1,
          358, 1251, 1252, -1,
          363, 358, 1252, -1,
          363, 1252, 1253, -1,
          366, 1253, 1254, -1,
          366, 363, 1253, -1,
          369, 1254, 1255, -1,
          369, 366, 1254, -1,
          372, 1255, 1256, -1,
          372, 369, 1255, -1,
          1257, 372, 1256, -1,
          374, 372, 1257, -1,
          377, 374, 1257, -1,
          377, 1257, 1258, -1,
          381, 1258, 1259, -1,
          381, 377, 1258, -1,
          390, 1259, 1260, -1,
          390, 381, 1259, -1,
          391, 1260, 1261, -1,
          391, 390, 1260, -1,
          392, 1261, 1262, -1,
          392, 391, 1261, -1,
          393, 1262, 1263, -1,
          393, 392, 1262, -1,
          394, 1263, 1264, -1,
          394, 393, 1263, -1,
          395, 1264, 1265, -1,
          395, 394, 1264, -1,
          413, 1265, 1266, -1,
          413, 395, 1265, -1,
          416, 1266, 1267, -1,
          416, 413, 1266, -1,
          417, 1267, 1268, -1,
          417, 416, 1267, -1,
          419, 1268, 1269, -1,
          419, 417, 1268, -1,
          420, 1269, 1270, -1,
          420, 419, 1269, -1,
          421, 420, 1270, -1,
          421, 1270, 1271, -1,
          422, 421, 1271, -1,
          422, 1271, 1272, -1,
          423, 422, 1272, -1,
          423, 1272, 1273, -1,
          424, 423, 1273, -1,
          424, 1273, 1274, -1,
          425, 424, 1274, -1,
          425, 1274, 1275, -1,
          426, 425, 1275, -1,
          426, 1275, 1276, -1,
          427, 426, 1276, -1,
          427, 1276, 1277, -1,
          428, 427, 1277, -1,
          428, 1277, 1278, -1,
          429, 428, 1278, -1,
          429, 1278, 1181, -1,
          1279, 1269, 1268, -1,
          1279, 1270, 1269, -1,
          1279, 1271, 1270, -1,
          1280, 1272, 1271, -1,
          1280, 1273, 1272, -1,
          1280, 1271, 1279, -1,
          1281, 1267, 1266, -1,
          1281, 1268, 1267, -1,
          1281, 1279, 1268, -1,
          1282, 1273, 1280, -1,
          1282, 1274, 1273, -1,
          1283, 1275, 1274, -1,
          1283, 1276, 1275, -1,
          1283, 1274, 1282, -1,
          1284, 1266, 1265, -1,
          1284, 1281, 1266, -1,
          1285, 1284, 1265, -1,
          1285, 1265, 1264, -1,
          1286, 1277, 1276, -1,
          1286, 1276, 1283, -1,
          1287, 1285, 1264, -1,
          1287, 1264, 1263, -1,
          1288, 1277, 1286, -1,
          1288, 1278, 1277, -1,
          1289, 1287, 1263, -1,
          1289, 1263, 1262, -1,
          1290, 1262, 1261, -1,
          1290, 1289, 1262, -1,
          1291, 1182, 1181, -1,
          1291, 1278, 1288, -1,
          1291, 1181, 1278, -1,
          1292, 1261, 1260, -1,
          1292, 1290, 1261, -1,
          1293, 1183, 1182, -1,
          1293, 1182, 1291, -1,
          1294, 1292, 1260, -1,
          1294, 1260, 1259, -1,
          1295, 1184, 1183, -1,
          1295, 1185, 1184, -1,
          1295, 1186, 1185, -1,
          1295, 1183, 1293, -1,
          1296, 1187, 1186, -1,
          1296, 1188, 1187, -1,
          1296, 1186, 1295, -1,
          1297, 1259, 1258, -1,
          1297, 1294, 1259, -1,
          1298, 1189, 1188, -1,
          1298, 1190, 1189, -1,
          1298, 1188, 1296, -1,
          1299, 1191, 1190, -1,
          1299, 1190, 1298, -1,
          1192, 1191, 1299, -1,
          1300, 1193, 1192, -1,
          1300, 1192, 1299, -1,
          1301, 1258, 1257, -1,
          1301, 1297, 1258, -1,
          1301, 1257, 1256, -1,
          1194, 1193, 1300, -1,
          1195, 1300, 1302, -1,
          1195, 1194, 1300, -1,
          1196, 1195, 1302, -1,
          1197, 1196, 1302, -1,
          1303, 1255, 1254, -1,
          1303, 1256, 1255, -1,
          1303, 1301, 1256, -1,
          1198, 1302, 1304, -1,
          1198, 1197, 1302, -1,
          1199, 1198, 1304, -1,
          1199, 1304, 1305, -1,
          1306, 1254, 1253, -1,
          1306, 1303, 1254, -1,
          1200, 1199, 1305, -1,
          1307, 1306, 1253, -1,
          1307, 1253, 1252, -1,
          1201, 1200, 1305, -1,
          1201, 1305, 1308, -1,
          1309, 1307, 1252, -1,
          1309, 1252, 1251, -1,
          1310, 1309, 1251, -1,
          1310, 1251, 1250, -1,
          1202, 1201, 1308, -1,
          1202, 1308, 1311, -1,
          1312, 1310, 1250, -1,
          1312, 1249, 1248, -1,
          1312, 1250, 1249, -1,
          1203, 1202, 1311, -1,
          1203, 1311, 1313, -1,
          1314, 1312, 1248, -1,
          1314, 1248, 1247, -1,
          1204, 1313, 1315, -1,
          1204, 1203, 1313, -1,
          1316, 1314, 1247, -1,
          1316, 1245, 1244, -1,
          1316, 1246, 1245, -1,
          1316, 1247, 1246, -1,
          1205, 1204, 1315, -1,
          1205, 1315, 1317, -1,
          1318, 1316, 1244, -1,
          1318, 1244, 1243, -1,
          1242, 1318, 1243, -1,
          1319, 1242, 1241, -1,
          1319, 1318, 1242, -1,
          1206, 1205, 1317, -1,
          1240, 1319, 1241, -1,
          1239, 1320, 1319, -1,
          1239, 1319, 1240, -1,
          1207, 1317, 1321, -1,
          1207, 1206, 1317, -1,
          1238, 1320, 1239, -1,
          1237, 1322, 1320, -1,
          1237, 1320, 1238, -1,
          1208, 1321, 1323, -1,
          1208, 1207, 1321, -1,
          1236, 1322, 1237, -1,
          1235, 1324, 1322, -1,
          1235, 1322, 1236, -1,
          1234, 1324, 1235, -1,
          1209, 1323, 1325, -1,
          1209, 1208, 1323, -1,
          1233, 1324, 1234, -1,
          1232, 1326, 1324, -1,
          1232, 1324, 1233, -1,
          1210, 1325, 1327, -1,
          1210, 1209, 1325, -1,
          1231, 1328, 1326, -1,
          1231, 1326, 1232, -1,
          1211, 1210, 1327, -1,
          1230, 1328, 1231, -1,
          1212, 1211, 1327, -1,
          1212, 1327, 1329, -1,
          1229, 1328, 1230, -1,
          1229, 1330, 1328, -1,
          1213, 1212, 1329, -1,
          1213, 1329, 1331, -1,
          1228, 1330, 1229, -1,
          1228, 1332, 1330, -1,
          1214, 1331, 1333, -1,
          1214, 1213, 1331, -1,
          1227, 1332, 1228, -1,
          1227, 1334, 1332, -1,
          1215, 1333, 1335, -1,
          1215, 1214, 1333, -1,
          1226, 1334, 1227, -1,
          1225, 1334, 1226, -1,
          1225, 1336, 1334, -1,
          1216, 1335, 1337, -1,
          1216, 1215, 1335, -1,
          1224, 1338, 1336, -1,
          1224, 1336, 1225, -1,
          1217, 1216, 1337, -1,
          1217, 1337, 1339, -1,
          1218, 1217, 1339, -1,
          1223, 1338, 1224, -1,
          1219, 1339, 1340, -1,
          1219, 1218, 1339, -1,
          1222, 1340, 1338, -1,
          1222, 1338, 1223, -1,
          1221, 1340, 1222, -1,
          1220, 1219, 1340, -1,
          1220, 1340, 1221, -1,
          1341, 1342, 1328, -1,
          1341, 1328, 1330, -1,
          1343, 1330, 1332, -1,
          1343, 1341, 1330, -1,
          1344, 1332, 1334, -1,
          1344, 1343, 1332, -1,
          1345, 1334, 1336, -1,
          1345, 1344, 1334, -1,
          1346, 1336, 1338, -1,
          1346, 1345, 1336, -1,
          1347, 1338, 1340, -1,
          1347, 1346, 1338, -1,
          1348, 1340, 1339, -1,
          1348, 1347, 1340, -1,
          1349, 1339, 1337, -1,
          1349, 1348, 1339, -1,
          1350, 1351, 1314, -1,
          1350, 1314, 1316, -1,
          1352, 1316, 1318, -1,
          1352, 1350, 1316, -1,
          1353, 1318, 1319, -1,
          1353, 1352, 1318, -1,
          1354, 1319, 1320, -1,
          1354, 1353, 1319, -1,
          1355, 1320, 1322, -1,
          1355, 1354, 1320, -1,
          1356, 1322, 1324, -1,
          1356, 1355, 1322, -1,
          1357, 1324, 1326, -1,
          1357, 1356, 1324, -1,
          1342, 1326, 1328, -1,
          1342, 1357, 1326, -1,
          1358, 1359, 1301, -1,
          1358, 1301, 1303, -1,
          1360, 1303, 1306, -1,
          1360, 1358, 1303, -1,
          1361, 1306, 1307, -1,
          1361, 1360, 1306, -1,
          1362, 1307, 1309, -1,
          1362, 1361, 1307, -1,
          1363, 1309, 1310, -1,
          1363, 1362, 1309, -1,
          1364, 1310, 1312, -1,
          1364, 1363, 1310, -1,
          1351, 1312, 1314, -1,
          1351, 1364, 1312, -1,
          1365, 1366, 1284, -1,
          1365, 1284, 1285, -1,
          1367, 1285, 1287, -1,
          1367, 1365, 1285, -1,
          1368, 1287, 1289, -1,
          1368, 1367, 1287, -1,
          1369, 1289, 1290, -1,
          1369, 1368, 1289, -1,
          1370, 1290, 1292, -1,
          1370, 1369, 1290, -1,
          1371, 1292, 1294, -1,
          1371, 1370, 1292, -1,
          1372, 1294, 1297, -1,
          1372, 1371, 1294, -1,
          1359, 1297, 1301, -1,
          1359, 1372, 1297, -1,
          1373, 1374, 1291, -1,
          1373, 1291, 1288, -1,
          1375, 1288, 1286, -1,
          1375, 1373, 1288, -1,
          1376, 1286, 1283, -1,
          1376, 1375, 1286, -1,
          1377, 1283, 1282, -1,
          1377, 1376, 1283, -1,
          1378, 1282, 1280, -1,
          1378, 1377, 1282, -1,
          1379, 1280, 1279, -1,
          1379, 1378, 1280, -1,
          1380, 1279, 1281, -1,
          1380, 1379, 1279, -1,
          1284, 1380, 1281, -1,
          1366, 1380, 1284, -1,
          1381, 1382, 1304, -1,
          1381, 1304, 1302, -1,
          1383, 1302, 1300, -1,
          1383, 1381, 1302, -1,
          1384, 1300, 1299, -1,
          1384, 1383, 1300, -1,
          1385, 1299, 1298, -1,
          1385, 1384, 1299, -1,
          1386, 1298, 1296, -1,
          1386, 1385, 1298, -1,
          1387, 1296, 1295, -1,
          1387, 1386, 1296, -1,
          1388, 1295, 1293, -1,
          1388, 1387, 1295, -1,
          1374, 1293, 1291, -1,
          1374, 1388, 1293, -1,
          1389, 1390, 1321, -1,
          1389, 1321, 1317, -1,
          1391, 1317, 1315, -1,
          1391, 1389, 1317, -1,
          1392, 1315, 1313, -1,
          1392, 1391, 1315, -1,
          1393, 1313, 1311, -1,
          1393, 1392, 1313, -1,
          1394, 1311, 1308, -1,
          1394, 1393, 1311, -1,
          1395, 1308, 1305, -1,
          1395, 1394, 1308, -1,
          1382, 1305, 1304, -1,
          1382, 1395, 1305, -1,
          1396, 1349, 1337, -1,
          1396, 1337, 1335, -1,
          1397, 1335, 1333, -1,
          1397, 1396, 1335, -1,
          1398, 1333, 1331, -1,
          1398, 1397, 1333, -1,
          1399, 1331, 1329, -1,
          1399, 1398, 1331, -1,
          1400, 1329, 1327, -1,
          1400, 1399, 1329, -1,
          1401, 1327, 1325, -1,
          1401, 1400, 1327, -1,
          1402, 1325, 1323, -1,
          1402, 1401, 1325, -1,
          1390, 1323, 1321, -1,
          1390, 1402, 1323, -1,
          1355, 1353, 1354, -1,
          1356, 1350, 1352, -1,
          1356, 1352, 1353, -1,
          1356, 1353, 1355, -1,
          1357, 1351, 1350, -1,
          1357, 1350, 1356, -1,
          1342, 1351, 1357, -1,
          1347, 1343, 1344, -1,
          1347, 1344, 1345, -1,
          1347, 1345, 1346, -1,
          1348, 1341, 1343, -1,
          1348, 1343, 1347, -1,
          1349, 1341, 1348, -1,
          1349, 1342, 1341, -1,
          1396, 1364, 1351, -1,
          1396, 1351, 1342, -1,
          1396, 1342, 1349, -1,
          1397, 1364, 1396, -1,
          1397, 1363, 1364, -1,
          1398, 1363, 1397, -1,
          1398, 1362, 1363, -1,
          1399, 1362, 1398, -1,
          1399, 1361, 1362, -1,
          1400, 1361, 1399, -1,
          1400, 1360, 1361, -1,
          1401, 1360, 1400, -1,
          1401, 1358, 1360, -1,
          1402, 1358, 1401, -1,
          1402, 1359, 1358, -1,
          1390, 1359, 1402, -1,
          1390, 1372, 1359, -1,
          1377, 1378, 1379, -1,
          1389, 1372, 1390, -1,
          1389, 1371, 1372, -1,
          1376, 1377, 1379, -1,
          1375, 1376, 1379, -1,
          1375, 1379, 1380, -1,
          1391, 1371, 1389, -1,
          1373, 1375, 1380, -1,
          1373, 1380, 1366, -1,
          1392, 1370, 1371, -1,
          1392, 1371, 1391, -1,
          1393, 1370, 1392, -1,
          1393, 1369, 1370, -1,
          1374, 1366, 1365, -1,
          1374, 1373, 1366, -1,
          1394, 1367, 1368, -1,
          1394, 1368, 1369, -1,
          1394, 1369, 1393, -1,
          1395, 1365, 1367, -1,
          1395, 1367, 1394, -1,
          1382, 1388, 1374, -1,
          1382, 1374, 1365, -1,
          1382, 1365, 1395, -1,
          1381, 1387, 1388, -1,
          1381, 1388, 1382, -1,
          1383, 1387, 1381, -1,
          1384, 1385, 1386, -1,
          1384, 1386, 1387, -1,
          1384, 1387, 1383, -1,
          433, 507, 1403, -1,
          433, 1403, 1404, -1,
          433, 1404, 1405, -1,
          433, 1405, 430, -1,
          431, 430, 1405, -1,
          431, 1405, 1406, -1,
          431, 1406, 1407, -1,
          431, 1407, 432, -1,
          432, 1407, 1408, -1,
          432, 1408, 418, -1,
          418, 1408, 1409, -1,
          418, 1409, 396, -1,
          1410, 434, 396, -1,
          1410, 396, 1409, -1,
          1411, 467, 434, -1,
          1411, 434, 1410, -1,
          481, 467, 1411, -1,
          481, 1411, 1412, -1,
          482, 1412, 1413, -1,
          482, 481, 1412, -1,
          483, 1413, 1414, -1,
          483, 482, 1413, -1,
          484, 1414, 1415, -1,
          484, 483, 1414, -1,
          485, 1415, 1416, -1,
          485, 484, 1415, -1,
          486, 1416, 1417, -1,
          486, 485, 1416, -1,
          487, 1417, 1418, -1,
          487, 486, 1417, -1,
          488, 1418, 1419, -1,
          488, 487, 1418, -1,
          489, 488, 1419, -1,
          489, 1419, 1420, -1,
          490, 1420, 1421, -1,
          490, 489, 1420, -1,
          476, 1421, 1422, -1,
          476, 490, 1421, -1,
          477, 1422, 1423, -1,
          477, 476, 1422, -1,
          478, 1423, 1424, -1,
          478, 477, 1423, -1,
          479, 1424, 1425, -1,
          479, 478, 1424, -1,
          480, 1425, 1426, -1,
          480, 479, 1425, -1,
          473, 1426, 1427, -1,
          473, 480, 1426, -1,
          472, 1427, 1428, -1,
          472, 473, 1427, -1,
          471, 1428, 1429, -1,
          471, 472, 1428, -1,
          470, 471, 1429, -1,
          470, 1429, 1430, -1,
          469, 1430, 1431, -1,
          469, 470, 1430, -1,
          468, 1431, 1432, -1,
          468, 469, 1431, -1,
          466, 1432, 1433, -1,
          466, 468, 1432, -1,
          465, 1433, 1434, -1,
          465, 466, 1433, -1,
          464, 1434, 1435, -1,
          464, 465, 1434, -1,
          463, 1435, 1436, -1,
          463, 464, 1435, -1,
          462, 1436, 1437, -1,
          462, 463, 1436, -1,
          461, 1437, 1438, -1,
          461, 462, 1437, -1,
          459, 1438, 1439, -1,
          459, 461, 1438, -1,
          460, 1439, 1440, -1,
          460, 459, 1439, -1,
          510, 1440, 1441, -1,
          510, 460, 1440, -1,
          509, 1441, 1442, -1,
          509, 510, 1441, -1,
          508, 1442, 1443, -1,
          508, 509, 1442, -1,
          507, 1443, 1403, -1,
          507, 508, 1443, -1,
          1407, 1409, 1408, -1,
          1444, 1409, 1407, -1,
          1445, 1407, 1406, -1,
          1445, 1444, 1407, -1,
          1446, 1445, 1406, -1,
          1447, 1446, 1406, -1,
          1448, 1447, 1406, -1,
          1403, 1406, 1405, -1,
          1449, 1448, 1406, -1,
          1449, 1406, 1403, -1,
          1450, 1449, 1403, -1,
          1451, 1443, 1442, -1,
          1451, 1403, 1443, -1,
          1451, 1450, 1403, -1,
          1410, 1409, 1444, -1,
          1452, 1451, 1442, -1,
          1452, 1442, 1441, -1,
          1453, 1410, 1444, -1,
          1454, 1452, 1441, -1,
          1454, 1441, 1440, -1,
          1439, 1454, 1440, -1,
          1455, 1454, 1439, -1,
          1438, 1456, 1455, -1,
          1438, 1455, 1439, -1,
          1437, 1456, 1438, -1,
          1436, 1456, 1437, -1,
          1436, 1457, 1456, -1,
          1435, 1457, 1436, -1,
          1434, 1457, 1435, -1,
          1434, 1458, 1457, -1,
          1433, 1458, 1434, -1,
          1411, 1453, 1459, -1,
          1411, 1459, 1460, -1,
          1411, 1410, 1453, -1,
          1432, 1458, 1433, -1,
          1432, 1461, 1458, -1,
          1431, 1461, 1432, -1,
          1412, 1460, 1462, -1,
          1412, 1411, 1460, -1,
          1430, 1461, 1431, -1,
          1430, 1463, 1461, -1,
          1413, 1462, 1464, -1,
          1413, 1412, 1462, -1,
          1429, 1463, 1430, -1,
          1429, 1465, 1463, -1,
          1414, 1464, 1466, -1,
          1414, 1413, 1464, -1,
          1428, 1467, 1465, -1,
          1428, 1465, 1429, -1,
          1415, 1466, 1468, -1,
          1415, 1414, 1466, -1,
          1416, 1468, 1469, -1,
          1416, 1415, 1468, -1,
          1427, 1470, 1467, -1,
          1427, 1467, 1428, -1,
          1417, 1416, 1469, -1,
          1426, 1470, 1427, -1,
          1425, 1470, 1426, -1,
          1418, 1417, 1469, -1,
          1418, 1469, 1471, -1,
          1424, 1470, 1425, -1,
          1424, 1472, 1470, -1,
          1419, 1418, 1471, -1,
          1419, 1471, 1473, -1,
          1423, 1472, 1424, -1,
          1420, 1419, 1473, -1,
          1422, 1472, 1423, -1,
          1422, 1473, 1472, -1,
          1421, 1420, 1473, -1,
          1421, 1473, 1422, -1,
          1404, 1403, 1405, -1,
          1474, 1475, 1452, -1,
          1474, 1452, 1454, -1,
          1476, 1454, 1455, -1,
          1476, 1474, 1454, -1,
          1477, 1455, 1456, -1,
          1477, 1476, 1455, -1,
          1478, 1456, 1457, -1,
          1478, 1477, 1456, -1,
          1479, 1457, 1458, -1,
          1479, 1478, 1457, -1,
          1480, 1458, 1461, -1,
          1480, 1479, 1458, -1,
          1481, 1461, 1463, -1,
          1481, 1480, 1461, -1,
          1482, 1483, 1445, -1,
          1482, 1445, 1446, -1,
          1484, 1446, 1447, -1,
          1484, 1482, 1446, -1,
          1485, 1447, 1448, -1,
          1485, 1484, 1447, -1,
          1486, 1448, 1449, -1,
          1486, 1485, 1448, -1,
          1487, 1449, 1450, -1,
          1487, 1486, 1449, -1,
          1488, 1450, 1451, -1,
          1488, 1487, 1450, -1,
          1475, 1451, 1452, -1,
          1475, 1488, 1451, -1,
          1445, 1483, 1489, -1,
          1445, 1489, 1444, -1,
          1490, 1453, 1444, -1,
          1490, 1444, 1489, -1,
          1491, 1459, 1453, -1,
          1491, 1453, 1490, -1,
          1492, 1493, 1471, -1,
          1492, 1471, 1469, -1,
          1494, 1469, 1468, -1,
          1494, 1492, 1469, -1,
          1495, 1468, 1466, -1,
          1495, 1494, 1468, -1,
          1496, 1466, 1464, -1,
          1496, 1495, 1466, -1,
          1497, 1464, 1462, -1,
          1497, 1496, 1464, -1,
          1498, 1462, 1460, -1,
          1498, 1497, 1462, -1,
          1491, 1460, 1459, -1,
          1491, 1498, 1460, -1,
          1499, 1481, 1463, -1,
          1499, 1463, 1465, -1,
          1500, 1465, 1467, -1,
          1500, 1499, 1465, -1,
          1501, 1467, 1470, -1,
          1501, 1500, 1467, -1,
          1502, 1470, 1472, -1,
          1502, 1501, 1470, -1,
          1503, 1472, 1473, -1,
          1503, 1502, 1472, -1,
          1493, 1473, 1471, -1,
          1493, 1503, 1473, -1,
          1490, 1489, 1483, -1,
          1474, 1487, 1488, -1,
          1474, 1488, 1475, -1,
          1476, 1487, 1474, -1,
          1478, 1486, 1487, -1,
          1478, 1476, 1477, -1,
          1478, 1487, 1476, -1,
          1479, 1485, 1486, -1,
          1479, 1486, 1478, -1,
          1491, 1483, 1482, -1,
          1491, 1482, 1484, -1,
          1491, 1490, 1483, -1,
          1480, 1485, 1479, -1,
          1498, 1484, 1485, -1,
          1498, 1491, 1484, -1,
          1497, 1498, 1485, -1,
          1497, 1485, 1480, -1,
          1496, 1480, 1481, -1,
          1496, 1497, 1480, -1,
          1495, 1481, 1499, -1,
          1495, 1496, 1481, -1,
          1494, 1495, 1499, -1,
          1492, 1499, 1500, -1,
          1492, 1494, 1499, -1,
          1493, 1500, 1501, -1,
          1493, 1492, 1500, -1,
          1503, 1501, 1502, -1,
          1503, 1493, 1501, -1
        ]
      }
    }
}
